timestamp,x,y
7252542.0,26,57
7252561.0,82,106
7252598.0,29,69
7252673.0,35,91
7252704.0,44,93
7252890.0,21,76
7253011.0,34,92
7253034.0,40,81
7253100.0,42,92
7253178.0,24,84
7253207.0,29,92
7253224.0,25,54
7253252.0,30,69
7253281.0,34,92
7253327.0,23,81
7253332.0,30,92
7253332.0,44,93
7253363.0,21,52
7253406.0,33,76
7253629.0,15,52
7253703.0,42,73
7253892.0,23,78
7253908.0,29,92
7253920.0,21,58
7253980.0,18,50
7254206.0,14,57
7254252.0,12,56
7254271.0,27,60
7254286.0,26,55
7254323.0,22,79
7254383.0,23,80
7254425.0,16,59
7254498.0,32,77
7254567.0,31,70
7254644.0,15,58
7254659.0,60,88
7254688.0,13,57
7254858.0,33,75
7254867.0,46,83
7254875.0,23,54
7254926.0,35,78
7254929.0,16,53
7254957.0,15,52
7254984.0,20,51
7255016.0,22,52
7255036.0,13,56
7255045.0,17,56
7255057.0,31,71
7255099.0,34,79
7255148.0,29,68
7255181.0,23,54
7255182.0,82,103
7255247.0,31,92
7255290.0,27,61
7255315.0,21,55
7255388.0,33,92
7255409.0,32,76
7255419.0,17,52
7255543.0,28,68
7255655.0,25,54
7255666.0,82,108
7255822.0,28,66
7255829.0,13,57
7255830.0,17,54
7255839.0,24,55
7255878.0,21,52
7255883.0,19,50
7255892.0,31,91
7255970.0,21,79
7256030.0,31,92
7256066.0,16,54
7256092.0,17,54
7256093.0,22,67
7256151.0,14,52
7256233.0,31,90
7256282.0,21,79
7256287.0,32,91
7256295.0,15,53
7256500.0,32,90
7256514.0,25,53
7256710.0,15,56
7256714.0,25,86
7256735.0,30,68
7256767.0,23,53
7256897.0,48,88
7256911.0,35,95
7256917.0,14,54
7256971.0,20,51
7256974.0,34,95
7256979.0,35,92
7257030.0,29,68
7257047.0,33,75
7257157.0,35,95
7257169.0,23,54
7257239.0,32,90
7257364.0,41,92
7257411.0,35,92
7257517.0,14,54
7257522.0,26,57
7257670.0,58,78
7257775.0,47,94
7257785.0,39,92
7257871.0,17,49
7257977.0,35,92
7257980.0,23,54
7257993.0,27,60
7258088.0,30,91
7258200.0,29,91
7258206.0,39,78
7258211.0,39,92
7258220.0,18,61
7258239.0,25,52
7258261.0,16,50
7258265.0,33,91
7258285.0,27,58
7258364.0,28,63
7258371.0,26,54
7258394.0,26,55
7258424.0,16,58
7258426.0,15,51
7258428.0,37,92
7258446.0,40,78
7258472.0,18,49
7258557.0,85,91
7258579.0,29,91
7258608.0,33,91
7258707.0,32,74
7258817.0,87,123
7258868.0,15,51
7258887.0,49,89
7258911.0,20,64
7258924.0,27,57
7258982.0,17,59
7258988.0,20,65
7259081.0,16,52
7259201.0,22,53
7259261.0,50,89
7259264.0,21,68
7259265.0,17,53
7259273.0,23,54
7259281.0,24,50
7259338.0,17,59
7259413.0,38,77
7259441.0,34,77
7259464.0,13,55
7259495.0,50,89
7259496.0,28,62
7259539.0,84,116
7259574.0,17,56
7259621.0,17,54
7259680.0,15,57
7259711.0,29,91
7259931.0,18,60
7259932.0,53,93
7259957.0,23,52
7259971.0,20,62
7259975.0,19,50
7260010.0,12,54
7260016.0,33,75
7260019.0,34,91
7260029.0,89,125
7260038.0,22,76
7260097.0,21,75
7260104.0,52,93
7260116.0,49,90
7260160.0,28,66
7260203.0,21,69
7260205.0,15,51
7260234.0,30,68
7260234.0,6,87
7260258.0,19,52
7260296.0,17,59
7260303.0,34,91
7260307.0,6,86
7260309.0,24,54
7260309.0,13,55
7260393.0,23,52
7260454.0,47,104
7260516.0,12,54
7260524.0,22,76
7260584.0,15,51
7260616.0,19,74
7260642.0,26,53
7260646.0,39,76
7260656.0,26,89
7260657.0,29,66
7260660.0,32,91
7260684.0,19,61
7260698.0,16,53
7260702.0,21,67
7260718.0,34,79
7260764.0,21,75
7260766.0,28,90
7260876.0,19,50
7260886.0,53,70
7260917.0,40,92
7260938.0,38,92
7260946.0,15,52
7261032.0,27,89
7261037.0,33,76
7261045.0,49,108
7261052.0,25,51
7261093.0,28,82
7261150.0,11,78
7261204.0,24,49
7261277.0,19,73
7261321.0,53,70
7261357.0,13,55
7261362.0,14,56
7261394.0,24,83
7261418.0,22,76
7261484.0,26,54
7261513.0,28,65
7261528.0,24,55
7261558.0,21,51
7261586.0,19,49
7261624.0,42,92
7261650.0,16,49
7261675.0,18,59
7261685.0,13,55
7261706.0,19,50
7261725.0,27,56
7261820.0,17,58
7261904.0,15,51
7261944.0,35,80
7261955.0,11,78
7262050.0,22,76
7262096.0,5,15
7262120.0,55,74
7262120.0,18,51
7262125.0,92,114
7262155.0,15,49
7262191.0,6,86
7262242.0,15,57
7262247.0,18,50
7262263.0,17,58
7262456.0,23,58
7262472.0,11,78
7262597.0,19,51
7262860.0,48,72
7262887.0,21,65
7262910.0,27,81
7262912.0,23,52
7262922.0,19,51
7262927.0,11,79
7262967.0,11,78
7262991.0,27,61
7263009.0,19,50
7263059.0,15,49
7263069.0,26,53
7263238.0,22,78
7263265.0,21,66
7263297.0,16,51
7263320.0,20,50
7263324.0,22,57
7263339.0,23,82
7263347.0,5,15
7263350.0,36,79
7263362.0,18,52
7263370.0,23,58
7263408.0,17,49
7263416.0,22,79
7263432.0,15,49
7263445.0,31,69
7263508.0,21,65
7263522.0,17,58
7263551.0,36,77
7263553.0,34,91
7263589.0,35,78
7263629.0,23,52
7263640.0,23,81
7263652.0,23,82
7263706.0,21,78
7263715.0,36,92
7263785.0,16,49
7263815.0,15,49
7263842.0,12,54
7263862.0,28,60
7263873.0,31,71
7263915.0,5,86
7263970.0,28,64
7263994.0,31,68
7264047.0,26,52
7264055.0,11,79
7264124.0,22,51
7264129.0,17,65
7264134.0,34,91
7264139.0,19,50
7264163.0,17,49
7264167.0,21,50
7264194.0,20,49
7264197.0,17,52
7264208.0,23,80
7264219.0,37,92
7264266.0,13,55
7264290.0,11,79
7264326.0,21,65
7264349.0,92,109
7264370.0,23,53
7264482.0,12,54
7264485.0,17,52
7264514.0,15,51
7264587.0,36,92
7264611.0,55,116
7264619.0,33,91
7264665.0,27,55
7264758.0,5,86
7264799.0,60,61
7264805.0,16,57
7264826.0,53,91
7264849.0,32,73
7264853.0,24,85
7264856.0,26,53
7264860.0,34,91
7264871.0,6,86
7264906.0,33,74
7264919.0,23,80
7264949.0,27,54
7265031.0,37,92
7265064.0,21,78
7265097.0,17,53
7265141.0,54,115
7265159.0,27,57
7265167.0,18,54
7265179.0,17,65
7265182.0,33,91
7265204.0,28,59
7265226.0,34,91
7265253.0,12,54
7265274.0,22,52
7265351.0,26,52
7265371.0,34,77
7265382.0,14,54
7265432.0,21,52
7265466.0,93,109
7265479.0,15,50
7265517.0,34,78
7265533.0,6,86
7265591.0,32,90
7265614.0,26,87
7265630.0,16,52
7265633.0,54,115
7265649.0,40,92
7265669.0,27,88
7265710.0,18,48
7265719.0,5,86
7265788.0,24,52
7265810.0,63,50
7265815.0,33,75
7265852.0,41,91
7265871.0,31,91
7265987.0,23,50
7266021.0,35,91
7266155.0,33,91
7266177.0,17,80
7266180.0,41,91
7266228.0,48,100
7266236.0,21,51
7266241.0,39,92
7266268.0,32,72
7266333.0,32,90
7266367.0,5,86
7266406.0,16,54
7266458.0,19,50
7266476.0,17,80
7266483.0,28,62
7266534.0,27,58
7266550.0,33,91
7266591.0,17,52
7266594.0,26,66
7266645.0,38,92
7266687.0,15,51
7266740.0,16,81
7266769.0,31,91
7266812.0,39,92
7266843.0,30,67
7266868.0,91,120
7266884.0,26,51
7266936.0,18,59
7266936.0,23,54
7266939.0,16,50
7266943.0,34,91
7266957.0,19,50
7266964.0,37,92
7266971.0,38,92
7266984.0,39,92
7266988.0,92,119
7267012.0,21,77
7267036.0,17,52
7267047.0,23,51
7267066.0,36,92
7267075.0,5,86
7267144.0,14,50
7267173.0,28,58
7267201.0,14,52
7267205.0,84,117
7267205.0,19,48
7267246.0,36,77
7267249.0,23,50
7267255.0,92,117
7267262.0,41,91
7267275.0,19,59
7267282.0,33,74
7267352.0,6,86
7267375.0,29,65
7267435.0,15,53
7267455.0,29,59
7267512.0,20,61
7267529.0,23,51
7267539.0,25,49
7267543.0,23,50
7267555.0,19,59
7267557.0,29,66
7267561.0,24,51
7267595.0,21,62
7267629.0,30,93
7267673.0,29,92
7267711.0,92,116
7267737.0,29,68
7267766.0,28,59
7267777.0,18,50
7267793.0,6,86
7267797.0,22,61
7267847.0,29,59
7268022.0,14,50
7268022.0,24,51
7268038.0,31,91
7268039.0,5,86
7268075.0,28,57
7268081.0,28,60
7268085.0,23,56
7268097.0,27,60
7268128.0,30,93
7268171.0,17,49
7268256.0,36,92
7268296.0,44,72
7268334.0,13,81
7268359.0,22,51
7268413.0,40,91
7268445.0,29,92
7268452.0,13,95
7268467.0,36,91
7268469.0,18,52
7268483.0,17,51
7268518.0,21,62
7268584.0,26,52
7268625.0,22,56
7268625.0,28,67
7268645.0,41,91
7268710.0,40,91
7268732.0,20,51
7268741.0,23,56
7268767.0,15,49
7268808.0,36,91
7268810.0,42,92
7268829.0,30,67
7268873.0,0,73
7268875.0,37,93
7268880.0,18,58
7268899.0,21,93
7268908.0,27,53
7268959.0,21,62
7268974.0,35,91
7268999.0,16,56
7269018.0,14,50
7269031.0,28,61
7269036.0,19,59
7269041.0,23,56
7269064.0,17,51
7269117.0,0,72
7269118.0,29,65
7269139.0,20,49
7269164.0,20,48
7269170.0,41,91
7269180.0,28,65
7269182.0,15,49
7269277.0,21,52
7269290.0,0,73
7269298.0,16,51
7269304.0,21,63
7269307.0,25,48
7269339.0,30,90
7269352.0,25,53
7269372.0,31,68
7269435.0,37,93
7269442.0,14,52
7269476.0,14,54
7269479.0,22,50
7269514.0,20,51
7269519.0,35,91
7269529.0,21,93
7269530.0,22,53
7269647.0,29,92
7269659.0,29,90
7269665.0,27,54
7269709.0,26,50
7269722.0,16,54
7269727.0,36,91
7269749.0,13,81
7269760.0,18,53
7269858.0,41,91
7269858.0,91,109
7269917.0,21,64
7269930.0,40,91
7269932.0,30,90
7269967.0,104,80
7269975.0,21,93
7269976.0,35,91
7270001.0,16,50
7270028.0,36,91
7270085.0,85,120
7270107.0,16,53
7270150.0,41,91
7270208.0,37,93
7270250.0,28,56
7270254.0,35,91
7270274.0,21,61
7270297.0,17,56
7270323.0,26,51
7270362.0,15,55
7270368.0,15,50
7270379.0,46,72
7270385.0,15,52
7270391.0,29,62
7270450.0,39,91
7270490.0,12,82
7270525.0,0,72
7270541.0,22,94
7270548.0,91,107
7270567.0,13,81
7270590.0,17,51
7270591.0,21,61
7270733.0,21,49
7270778.0,47,106
7270785.0,30,90
7270797.0,34,91
7270816.0,28,58
7270985.0,16,50
7271021.0,25,49
7271026.0,20,50
7271027.0,41,77
7271031.0,17,51
7271041.0,16,94
7271049.0,28,90
7271057.0,13,81
7271062.0,26,51
7271077.0,27,53
7271098.0,19,53
7271110.0,19,50
7271120.0,53,92
7271150.0,28,55
7271154.0,17,54
7271185.0,16,95
7271215.0,32,90
7271216.0,0,72
7271222.0,35,91
7271249.0,23,66
7271267.0,17,52
7271449.0,22,66
7271492.0,34,91
7271492.0,82,97
7271528.0,19,54
7271635.0,24,50
7271670.0,27,55
7271717.0,15,49
7271842.0,16,49
7271955.0,38,92
7272028.0,27,52
7272031.0,45,72
7272057.0,37,91
7272071.0,26,50
7272076.0,21,72
7272092.0,31,90
7272102.0,24,50
7272122.0,13,81
7272159.0,16,51
7272235.0,24,52
7272269.0,15,49
7272321.0,22,49
7272347.0,24,49
7272411.0,32,70
7272512.0,21,51
7272541.0,35,91
7272563.0,28,62
7272585.0,27,62
7272640.0,38,92
7272651.0,20,51
7272702.0,21,72
7272725.0,23,52
7272738.0,25,51
7272754.0,21,51
7272895.0,26,49
7272963.0,23,51
7272964.0,15,50
7272976.0,20,64
7272979.0,25,52
7272998.0,29,61
7273075.0,36,91
7273110.0,20,52
7273143.0,18,51
7273179.0,32,71
7273263.0,21,73
7273364.0,55,95
7273373.0,6,61
7273390.0,21,72
7273408.0,25,51
7273411.0,51,105
7273415.0,35,91
7273416.0,19,47
7273427.0,29,63
7273432.0,7,61
7273434.0,28,55
7273435.0,29,64
7273461.0,21,71
7273465.0,34,92
7273510.0,25,52
7273551.0,33,91
7273563.0,21,48
7273577.0,27,91
7273622.0,28,64
7273628.0,34,91
7273631.0,47,79
7273640.0,36,91
7273681.0,22,50
7273719.0,17,56
7273722.0,28,54
7273770.0,21,72
7273778.0,18,52
7273795.0,35,91
7273798.0,92,115
7273812.0,46,71
7273832.0,21,73
7273834.0,21,52
7273879.0,20,47
7273902.0,34,92
7273926.0,27,51
7273938.0,17,50
7274024.0,33,91
7274069.0,16,50
7274100.0,15,52
7274109.0,34,91
7274157.0,28,60
7274165.0,26,51
7274167.0,25,52
7274174.0,17,51
7274225.0,19,47
7274328.0,25,52
7274340.0,17,54
7274372.0,18,51
7274404.0,27,52
7274428.0,25,51
7274437.0,91,120
7274465.0,15,51
7274477.0,19,47
7274650.0,17,50
7274653.0,27,88
7274662.0,28,53
7274673.0,38,77
7274679.0,40,74
7274742.0,15,51
7274742.0,29,62
7274833.0,15,54
7274966.0,23,54
7275065.0,20,60
7275069.0,24,51
7275092.0,22,76
7275111.0,16,80
7275128.0,35,77
7275143.0,22,74
7275158.0,21,73
7275168.0,33,90
7275244.0,18,57
7275311.0,32,72
7275338.0,29,60
7275360.0,33,73
7275367.0,17,50
7275390.0,27,50
7275406.0,16,52
7275420.0,35,91
7275422.0,20,60
7275440.0,19,53
7275472.0,24,50
7275518.0,33,90
7275552.0,26,48
7275571.0,22,63
7275623.0,18,51
7275653.0,36,91
7275657.0,17,50
7275670.0,35,91
7275758.0,23,76
7275760.0,21,62
7275805.0,28,54
7275845.0,16,48
7275915.0,19,58
7275933.0,34,76
7275939.0,15,52
7276118.0,32,90
7276125.0,23,76
7276145.0,29,90
7276145.0,26,52
7276184.0,90,120
7276185.0,18,50
7276186.0,29,63
7276207.0,4,63
7276245.0,33,90
7276247.0,17,53
7276263.0,19,58
7276305.0,31,90
7276322.0,17,49
7276330.0,24,50
7276350.0,20,59
7276387.0,23,80
7276397.0,28,89
7276422.0,23,50
7276507.0,32,90
7276573.0,26,53
7276575.0,36,91
7276618.0,29,57
7276628.0,37,90
7276630.0,21,62
7276691.0,26,52
7276705.0,33,90
7276751.0,24,81
7276802.0,28,53
7276837.0,91,110
7276840.0,29,90
7276869.0,33,91
7276893.0,28,89
7276957.0,15,81
7276968.0,24,82
7276990.0,23,80
7277010.0,44,92
7277023.0,21,50
7277032.0,24,81
7277038.0,16,53
7277060.0,20,50
7277067.0,17,53
7277069.0,34,91
7277080.0,19,57
7277089.0,20,52
7277129.0,80,104
7277138.0,36,91
7277178.0,24,83
7277184.0,27,80
7277215.0,49,114
7277250.0,21,60
7277276.0,14,53
7277291.0,28,52
7277366.0,15,81
7277393.0,45,93
7277399.0,24,82
7277467.0,21,62
7277572.0,91,106
7277627.0,32,90
7277676.0,33,91
7277696.0,34,75
7277720.0,29,55
7277745.0,23,49
7277753.0,15,81
7277763.0,27,51
7277826.0,29,66
7277877.0,24,81
7277888.0,28,56
7277906.0,19,55
7277936.0,19,54
7277991.0,27,49
7278030.0,76,54
7278064.0,34,92
7278097.0,28,63
7278176.0,33,74
7278188.0,22,65
7278259.0,25,49
7278263.0,33,95
7278294.0,37,91
7278309.0,30,65
7278312.0,29,89
7278312.0,33,91
7278321.0,34,90
7278321.0,24,51
7278326.0,34,92
7278337.0,54,115
7278399.0,16,51
7278434.0,52,115
7278525.0,16,52
7278532.0,22,65
7278536.0,15,51
7278600.0,17,50
7278627.0,42,91
7278634.0,33,91
7278669.0,29,56
7278719.0,17,52
7278730.0,21,63
7278735.0,33,93
7278755.0,29,57
7278806.0,25,50
7278834.0,21,47
7278860.0,19,51
7278897.0,37,91
7278900.0,24,52
7278921.0,16,51
7278926.0,20,52
7278973.0,41,92
7278995.0,26,48
7279029.0,33,93
7279049.0,15,53
7279074.0,20,46
7279084.0,20,48
7279125.0,16,49
7279149.0,47,66
7279155.0,30,64
7279180.0,18,53
7279181.0,48,66
7279186.0,18,56
7279198.0,21,63
7279248.0,23,71
7279268.0,15,50
7279273.0,42,91
7279278.0,22,61
7279337.0,26,47
7279357.0,28,52
7279396.0,20,49
7279473.0,38,91
7279503.0,91,107
7279505.0,29,60
7279507.0,20,52
7279521.0,21,49
7279522.0,76,53
7279565.0,20,48
7279578.0,33,102
7279605.0,18,53
7279640.0,21,95
7279645.0,48,66
7279648.0,18,51
7279657.0,27,48
7279659.0,15,50
7279685.0,29,62
7279693.0,17,55
7279729.0,29,58
7279801.0,41,92
7279811.0,30,66
7279811.0,38,91
7279857.0,42,91
7279878.0,35,91
7279879.0,28,51
7279916.0,31,66
7279962.0,33,90
7280029.0,32,67
7280055.0,29,63
7280078.0,37,91
7280079.0,5,90
7280129.0,89,123
7280226.0,19,51
7280252.0,21,50
7280264.0,22,47
7280297.0,35,91
7280300.0,24,50
7280384.0,89,123
7280402.0,23,48
7280405.0,16,54
7280413.0,42,91
7280465.0,29,56
7280494.0,29,64
7280619.0,38,91
7280660.0,34,78
7280798.0,35,77
7280799.0,36,78
7280842.0,19,56
7280856.0,19,52
7280874.0,29,65
7280915.0,21,59
7280928.0,33,102
7280952.0,24,64
7280989.0,22,63
7281002.0,25,64
7281071.0,28,55
7281071.0,20,58
7281108.0,91,108
7281109.0,26,51
7281130.0,21,46
7281137.0,19,50
7281172.0,27,49
7281203.0,9,76
7281243.0,42,73
7281273.0,19,58
7281319.0,17,55
7281377.0,21,63
7281378.0,28,52
7281413.0,21,59
7281420.0,9,76
7281450.0,9,75
7281498.0,20,58
7281529.0,19,58
7281678.0,29,55
7281719.0,20,60
7281895.0,22,62
7281909.0,9,74
7281927.0,39,91
7281936.0,19,57
7281949.0,24,58
7281950.0,17,55
7281981.0,20,53
7281990.0,29,53
7281996.0,28,50
7282001.0,25,51
7282026.0,16,53
7282052.0,18,49
7282068.0,21,63
7282086.0,19,61
7282102.0,18,50
7282161.0,23,79
7282164.0,21,61
7282222.0,39,91
7282235.0,20,57
7282297.0,20,58
7282360.0,28,51
7282371.0,22,47
7282454.0,26,50
7282457.0,33,73
7282468.0,27,48
7282499.0,18,55
7282504.0,27,47
7282508.0,92,107
7282519.0,34,76
7282529.0,18,47
7282538.0,23,79
7282553.0,38,76
7282616.0,18,46
7282659.0,24,51
7282690.0,21,61
7282693.0,18,49
7282710.0,17,49
7282731.0,20,51
7282738.0,17,54
7282741.0,29,90
7282757.0,21,72
7282779.0,9,74
7282786.0,29,54
7282791.0,92,117
7282811.0,23,74
7282857.0,29,57
7282875.0,17,55
7282941.0,20,52
7282968.0,26,49
7283016.0,21,63
7283036.0,35,90
7283062.0,20,58
7283077.0,19,54
7283102.0,92,107
7283104.0,20,60
7283140.0,29,59
7283252.0,17,48
7283256.0,19,51
7283272.0,16,51
7283273.0,23,58
7283297.0,18,48
7283314.0,21,48
7283329.0,33,101
7283332.0,17,55
7283334.0,30,64
7283348.0,16,50
7283353.0,23,63
7283396.0,19,55
7283463.0,21,63
7283498.0,21,72
7283525.0,28,49
7283551.0,33,102
7283614.0,23,63
7283723.0,29,55
7283747.0,29,90
7283853.0,17,83
7283924.0,20,48
7284037.0,42,77
7284038.0,41,76
7284047.0,34,77
7284105.0,14,92
7284137.0,33,101
7284239.0,21,48
7284323.0,41,76
7284439.0,17,51
7284477.0,26,48
7284533.0,25,51
7284543.0,34,90
7284560.0,23,47
7284663.0,22,78
7284726.0,23,79
7284780.0,40,91
7284791.0,22,72
7284797.0,29,89
7284865.0,20,57
7284909.0,26,87
7284929.0,27,47
7284934.0,33,70
7284948.0,25,50
7284951.0,16,52
7284991.0,42,91
7285002.0,41,76
7285131.0,17,47
7285155.0,30,65
7285181.0,26,87
7285183.0,29,89
7285205.0,28,51
7285237.0,19,49
7285314.0,19,50
7285319.0,16,82
7285371.0,41,76
7285373.0,42,91
7285412.0,33,101
7285437.0,23,79
7285460.0,24,49
7285480.0,48,70
7285480.0,21,47
7285561.0,14,69
7285588.0,26,56
7285596.0,14,70
7285597.0,29,56
7285601.0,17,51
7285606.0,24,80
7285612.0,28,89
7285678.0,28,50
7285680.0,32,68
7285686.0,27,87
7285738.0,22,46
7285774.0,16,82
7285796.0,29,52
7285806.0,19,56
7285822.0,27,89
7285927.0,17,48
7285943.0,14,69
7285971.0,24,82
7286025.0,16,48
7286058.0,27,52
7286070.0,44,93
7286091.0,26,56
7286101.0,19,56
7286120.0,29,53
7286169.0,20,51
7286247.0,22,52
7286253.0,20,50
7286262.0,29,89
7286271.0,18,47
7286277.0,27,89
7286321.0,24,80
7286368.0,22,80
7286408.0,31,66
7286437.0,23,64
7286536.0,30,65
7286554.0,23,50
7286576.0,22,73
7286580.0,34,75
7286656.0,24,48
7286663.0,30,64
7286693.0,26,52
7286733.0,44,93
7286738.0,16,49
7286751.0,30,89
7286799.0,26,56
7286816.0,28,48
7286853.0,29,54
7286869.0,18,47
7286871.0,29,51
7286897.0,23,63
7286933.0,23,79
7286955.0,20,56
7286976.0,21,51
7287008.0,26,56
7287033.0,20,50
7287065.0,22,80
7287149.0,23,79
7287195.0,17,53
7287228.0,19,48
7287263.0,21,51
7287268.0,24,63
7287319.0,21,48
7287321.0,28,79
7287327.0,35,91
7287346.0,24,80
7287385.0,19,55
7287396.0,23,50
7287409.0,18,51
7287454.0,35,90
7287482.0,20,49
7287496.0,24,63
7287497.0,18,47
7287507.0,22,48
7287511.0,35,91
7287546.0,30,63
7287564.0,19,56
7287571.0,27,50
7287648.0,22,59
7287664.0,29,88
7287698.0,28,79
7287714.0,21,45
7287777.0,17,53
7287809.0,20,50
7287846.0,17,50
7287852.0,36,90
7287873.0,35,90
7287937.0,19,48
7287963.0,25,52
7288085.0,23,48
7288101.0,20,50
7288108.0,29,61
7288118.0,20,55
7288149.0,25,56
7288189.0,18,49
7288231.0,20,47
7288263.0,27,51
7288304.0,21,57
7288317.0,29,50
7288347.0,25,49
7288467.0,29,51
7288523.0,37,76
7288562.0,91,109
7288579.0,19,48
7288601.0,30,57
7288632.0,30,55
7288684.0,27,79
7288764.0,30,60
7288822.0,21,58
7288835.0,26,86
7288838.0,17,50
7288850.0,19,48
7288864.0,20,55
7288872.0,6,74
7288913.0,92,110
7288932.0,5,55
7288942.0,33,90
7288996.0,24,79
7289008.0,23,78
7289024.0,28,80
7289103.0,21,47
7289122.0,16,51
7289128.0,29,49
7289153.0,32,90
7289170.0,24,47
7289195.0,13,81
7289232.0,21,52
7289259.0,36,76
7289268.0,28,47
7289361.0,22,45
7289379.0,30,62
7289399.0,19,54
7289451.0,18,46
7289454.0,35,90
7289483.0,26,87
7289494.0,38,76
7289536.0,33,90
7289563.0,5,55
7289568.0,43,91
7289710.0,31,89
7289722.0,92,110
7289757.0,13,80
7289759.0,22,60
7289773.0,13,81
7289773.0,25,53
7289789.0,25,57
7289837.0,29,52
7289852.0,19,49
7289862.0,20,53
7289909.0,22,48
7289929.0,19,47
7289934.0,27,49
7289954.0,22,49
7289959.0,20,55
7289993.0,30,54
7290059.0,18,48
7290164.0,21,50
7290269.0,30,61
7290270.0,23,49
7290284.0,30,58
7290309.0,27,50
7290350.0,16,50
7290402.0,18,54
7290428.0,23,48
7290440.0,29,50
7290569.0,13,80
7290648.0,33,71
7290673.0,26,54
7290859.0,20,80
7290918.0,91,110
7290933.0,41,73
7290950.0,30,53
7290964.0,17,53
7290971.0,20,48
7290972.0,17,47
7290991.0,23,48
7291003.0,16,48
7291042.0,31,65
7291095.0,28,46
7291104.0,33,90
7291154.0,29,49
7291166.0,22,47
7291189.0,18,47
7291215.0,13,80
7291288.0,42,91
7291288.0,30,55
7291342.0,33,69
7291366.0,26,54
7291367.0,30,59
7291405.0,80,97
7291438.0,30,52
7291449.0,21,51
7291500.0,26,50
7291518.0,17,50
7291536.0,22,51
7291546.0,28,48
7291566.0,12,94
7291586.0,23,49
7291587.0,27,55
7291612.0,17,53
7291661.0,17,49
7291683.0,23,48
7291701.0,29,48
7291839.0,82,108
7291858.0,91,111
7291886.0,25,48
7291895.0,30,57
7291901.0,30,54
7291916.0,26,51
7291972.0,17,52
7291978.0,19,46
7291997.0,26,55
7292058.0,19,54
7292072.0,31,96
7292084.0,22,47
7292085.0,81,108
7292125.0,19,51
7292160.0,91,111
7292209.0,80,108
7292273.0,17,52
7292275.0,33,68
7292280.0,33,106
7292311.0,31,95
7292343.0,26,54
7292344.0,22,58
7292382.0,23,48
7292382.0,21,46
7292396.0,24,48
7292428.0,30,56
7292441.0,34,73
7292483.0,19,51
7292490.0,18,53
7292496.0,23,73
7292575.0,32,67
7292600.0,27,48
7292601.0,30,51
7292603.0,33,72
7292641.0,23,72
7292664.0,19,54
7292687.0,23,74
7292793.0,32,105
7292820.0,31,67
7292852.0,56,98
7292921.0,23,48
7292946.0,27,47
7292954.0,30,53
7292960.0,32,89
7292993.0,34,90
7293017.0,22,48
7293052.0,26,54
7293105.0,30,52
7293178.0,27,48
7293238.0,35,89
7293260.0,24,73
7293348.0,17,51
7293381.0,25,47
7293400.0,29,49
7293415.0,16,50
7293462.0,33,106
7293516.0,23,59
7293573.0,30,56
7293595.0,29,89
7293602.0,26,49
7293631.0,23,48
7293644.0,29,48
7293723.0,34,106
7293748.0,23,59
7293775.0,30,58
7293794.0,16,51
7293821.0,21,49
7293823.0,21,50
7293835.0,20,47
7293852.0,23,60
7293864.0,18,49
7293916.0,22,46
7293920.0,29,89
7293943.0,17,48
7293945.0,29,49
7293948.0,29,50
7293967.0,23,45
7293971.0,17,49
7294005.0,17,51
7294006.0,20,47
7294014.0,35,89
7294054.0,27,48
7294054.0,22,58
7294058.0,33,106
7294095.0,24,49
7294101.0,21,49
7294119.0,31,89
7294190.0,20,49
7294191.0,35,89
7294273.0,30,51
7294368.0,19,54
7294380.0,25,50
7294394.0,29,47
7294463.0,19,46
7294552.0,27,50
7294593.0,16,51
7294618.0,28,51
7294621.0,17,51
7294679.0,23,44
7294681.0,33,106
7294708.0,31,89
7294742.0,24,60
7294759.0,4,77
7294760.0,22,46
7294816.0,29,50
7294948.0,29,49
7294951.0,22,47
7294991.0,30,61
7295001.0,17,51
7295049.0,28,51
7295054.0,20,55
7295072.0,23,61
7295125.0,21,55
7295126.0,20,54
7295166.0,36,76
7295186.0,23,75
7295204.0,30,89
7295228.0,22,51
7295240.0,29,46
7295243.0,22,58
7295261.0,49,109
7295304.0,21,59
7295338.0,31,64
7295373.0,28,46
7295389.0,20,47
7295395.0,31,63
7295429.0,23,47
7295456.0,22,50
7295479.0,33,106
7295488.0,21,51
7295491.0,31,89
7295551.0,32,65
7295553.0,15,51
7295556.0,17,50
7295585.0,21,48
7295615.0,24,45
7295654.0,58,104
7295748.0,23,47
7295749.0,32,104
7295750.0,23,58
7295801.0,21,59
7295855.0,35,90
7295855.0,28,48
7295869.0,25,47
7295872.0,30,50
7295922.0,40,91
7295966.0,30,89
7295983.0,15,51
7296014.0,21,55
7296022.0,4,77
7296037.0,49,109
7296144.0,33,104
7296166.0,17,51
7296179.0,21,48
7296272.0,1,68
7296317.0,29,47
7296362.0,37,77
7296387.0,36,90
7296389.0,40,91
7296434.0,24,74
7296449.0,35,90
7296488.0,28,51
7296544.0,33,67
7296653.0,30,51
7296686.0,22,46
7296741.0,36,90
7296743.0,18,52
7296750.0,32,104
7296766.0,17,51
7296778.0,24,48
7296799.0,27,51
7296823.0,46,81
7296859.0,26,53
7296908.0,33,69
7296912.0,30,49
7296973.0,24,74
7296975.0,21,48
7296998.0,20,46
7297030.0,29,46
7297044.0,26,48
7297070.0,30,55
7297087.0,33,104
7297104.0,19,47
7297117.0,31,62
7297142.0,26,47
7297155.0,18,47
7297229.0,33,70
7297297.0,46,81
7297334.0,20,44
7297353.0,20,59
7297357.0,33,66
7297357.0,19,53
7297431.0,23,48
7297438.0,22,49
7297454.0,22,50
7297467.0,40,90
7297492.0,30,48
7297512.0,21,48
7297517.0,21,56
7297547.0,22,51
7297557.0,28,50
7297628.0,37,90
7297661.0,20,46
7297664.0,19,52
7297665.0,21,49
7297668.0,22,57
7297672.0,30,63
7297687.0,24,49
7297701.0,17,51
7297730.0,21,44
7297752.0,29,88
7297756.0,19,53
7297787.0,21,56
7297800.0,22,49
7297809.0,18,48
7297855.0,30,52
7297944.0,22,56
7297981.0,18,51
7297998.0,18,49
7298003.0,31,53
7298024.0,28,47
7298029.0,24,75
7298058.0,32,104
7298062.0,22,57
7298171.0,20,48
7298177.0,24,74
7298248.0,17,47
7298254.0,31,52
7298305.0,16,52
7298319.0,37,90
7298425.0,35,90
7298432.0,24,74
7298444.0,17,51
7298482.0,26,47
7298487.0,18,46
7298489.0,23,76
7298498.0,28,49
7298511.0,21,48
7298524.0,20,46
7298529.0,19,49
7298567.0,22,56
7298575.0,15,52
7298599.0,21,47
7298634.0,30,89
7298652.0,32,66
7298680.0,31,61
7298712.0,24,47
7298728.0,30,50
7298815.0,49,103
7298834.0,31,56
7298869.0,25,46
7298872.0,28,49
7298977.0,17,47
7298980.0,16,52
7298982.0,27,48
7298991.0,31,65
7299004.0,25,45
7299010.0,31,54
7299033.0,22,48
7299067.0,31,55
7299076.0,19,49
7299083.0,24,44
7299095.0,31,63
7299100.0,24,73
7299103.0,21,48
7299106.0,30,53
7299113.0,21,51
7299117.0,21,47
7299122.0,45,80
7299181.0,20,46
7299195.0,31,51
7299313.0,23,61
7299319.0,23,49
7299331.0,20,53
7299351.0,21,51
7299395.0,23,45
7299412.0,31,64
7299420.0,21,52
7299423.0,19,46
7299440.0,26,46
7299445.0,21,54
7299461.0,21,46
7299513.0,17,52
7299528.0,28,51
7299594.0,24,63
7299610.0,15,52
7299614.0,24,47
7299673.0,17,47
7299703.0,22,57
7299759.0,31,53
7299889.0,19,52
7299891.0,17,52
7299918.0,31,60
7299964.0,20,45
7299977.0,30,49
7299980.0,23,65
7299989.0,30,48
7300054.0,17,50
7300082.0,31,61
7300083.0,16,52
7300126.0,38,75
7300154.0,28,48
7300181.0,21,47
7300223.0,30,89
7300230.0,17,47
7300251.0,19,53
7300265.0,30,47
7300268.0,19,52
7300322.0,28,52
7300398.0,22,50
7300405.0,23,49
7300429.0,20,47
7300516.0,3,75
7300655.0,28,48
7300680.0,28,52
7300712.0,22,56
7300808.0,16,52
7300849.0,38,91
7300878.0,24,48
7300878.0,23,57
7301001.0,49,86
7301021.0,21,47
7301057.0,19,48
7301124.0,3,75
7301137.0,26,87
7301151.0,27,49
7301179.0,35,77
7301191.0,18,47
7301210.0,30,46
7301220.0,26,86
7301251.0,36,77
7301286.0,19,48
7301303.0,27,50
7301317.0,50,85
7301342.0,24,84
7301346.0,23,67
7301413.0,21,48
7301419.0,31,59
7301498.0,31,50
7301502.0,41,90
7301538.0,24,58
7301573.0,31,62
7301607.0,23,47
7301622.0,19,51
7301715.0,23,60
7301740.0,27,48
7301758.0,35,75
7301793.0,24,84
7301872.0,26,49
7301901.0,19,46
7301949.0,36,77
7301951.0,22,47
7301965.0,7,58
7301966.0,18,48
7302009.0,25,45
7302016.0,21,49
7302060.0,22,49
7302074.0,24,58
7302104.0,28,48
7302119.0,40,91
7302150.0,29,46
7302161.0,7,93
7302179.0,30,88
7302189.0,31,52
7302222.0,21,68
7302249.0,25,48
7302279.0,42,91
7302317.0,25,62
7302328.0,24,43
7302397.0,27,52
7302399.0,22,55
7302400.0,50,112
7302423.0,13,80
7302449.0,7,58
7302483.0,27,47
7302497.0,25,48
7302509.0,31,57
7302527.0,18,47
7302557.0,31,55
7302563.0,30,47
7302563.0,36,77
7302623.0,23,46
7302653.0,29,88
7302687.0,29,46
7302703.0,24,47
7302706.0,30,88
7302715.0,31,58
7302716.0,19,46
7302781.0,20,49
7302824.0,27,48
7302865.0,31,49
7302867.0,21,46
7302879.0,18,50
7302910.0,13,80
7302964.0,30,46
7303030.0,26,45
7303094.0,17,50
7303150.0,18,46
7303157.0,31,50
7303172.0,21,46
7303175.0,19,51
7303209.0,50,112
7303209.0,26,51
7303243.0,23,49
7303263.0,20,46
7303270.0,25,62
7303275.0,33,66
7303293.0,21,45
7303309.0,21,56
7303314.0,31,53
7303340.0,30,45
7303342.0,29,47
7303361.0,18,47
7303381.0,29,48
7303606.0,19,46
7303686.0,39,74
7303714.0,34,71
7303745.0,22,44
7303812.0,19,51
7303815.0,20,44
7303875.0,19,45
7303878.0,22,46
7303983.0,22,43
7304002.0,21,47
7304018.0,23,49
7304022.0,25,71
7304033.0,23,72
7304092.0,29,49
7304094.0,31,48
7304155.0,28,49
7304159.0,25,44
7304229.0,33,71
7304234.0,49,87
7304299.0,31,51
7304300.0,20,56
7304471.0,18,47
7304486.0,25,47
7304492.0,46,72
7304508.0,26,52
7304551.0,18,49
7304557.0,23,48
7304625.0,21,55
7304639.0,27,47
7304736.0,23,50
7304740.0,22,71
7304742.0,34,68
7304849.0,21,72
7305022.0,19,46
7305050.0,31,49
7305138.0,33,71
7305182.0,33,65
7305195.0,28,48
7305197.0,19,47
7305250.0,30,88
7305257.0,19,50
7305316.0,29,46
7305370.0,26,44
7305389.0,21,55
7305473.0,25,43
7305483.0,22,47
7305498.0,21,44
7305525.0,22,48
7305529.0,33,71
7305538.0,25,46
7305634.0,23,57
7305667.0,19,51
7305672.0,27,46
7305675.0,21,45
7305712.0,22,71
7305719.0,20,48
7305771.0,20,52
7305777.0,29,46
7305812.0,22,47
7305879.0,23,47
7305933.0,25,74
7305970.0,23,56
7305988.0,25,43
7306028.0,20,45
7306046.0,25,48
7306127.0,20,52
7306130.0,20,51
7306215.0,32,51
7306297.0,25,46
7306310.0,21,43
7306350.0,31,59
7306359.0,31,63
7306391.0,29,48
7306408.0,22,46
7306413.0,23,56
7306510.0,26,45
7306538.0,32,52
7306571.0,21,49
7306573.0,21,43
7306580.0,22,73
7306588.0,27,49
7306591.0,19,48
7306604.0,25,75
7306606.0,32,54
7306664.0,21,72
7306666.0,21,70
7306754.0,21,52
7306771.0,38,75
7306794.0,31,46
7306816.0,31,47
7306826.0,19,46
7306830.0,47,95
7306839.0,32,55
7306863.0,34,70
7306951.0,25,76
7306960.0,33,79
7307008.0,27,45
7307009.0,25,46
7307011.0,20,52
7307023.0,20,49
7307043.0,22,46
7307128.0,21,52
7307134.0,31,61
7307174.0,20,48
7307180.0,21,49
7307259.0,21,46
7307283.0,25,43
7307317.0,23,43
7307398.0,25,75
7307417.0,31,48
7307453.0,25,46
7307466.0,32,53
7307470.0,26,44
7307486.0,47,95
7307502.0,41,75
7307524.0,22,45
7307526.0,32,51
7307538.0,13,80
7307541.0,23,58
7307548.0,24,49
7307621.0,34,68
7307627.0,30,95
7307647.0,22,47
7307658.0,30,45
7307688.0,82,111
7307752.0,24,64
7307772.0,21,43
7307773.0,26,43
7307831.0,26,48
7307883.0,23,46
7307894.0,28,50
7307904.0,23,47
7307978.0,30,95
7307983.0,22,44
7308046.0,31,45
7308081.0,24,79
7308101.0,23,55
7308125.0,25,42
7308153.0,32,59
7308159.0,19,47
7308161.0,18,48
7308167.0,23,56
7308231.0,21,52
7308238.0,23,48
7308246.0,30,45
7308372.0,28,48
7308387.0,25,79
7308408.0,25,47
7308463.0,31,95
7308476.0,25,45
7308520.0,21,52
7308549.0,20,45
7308579.0,19,49
7308581.0,22,54
7308582.0,22,42
7308590.0,32,54
7308598.0,28,47
7308649.0,22,47
7308659.0,24,60
7308660.0,23,63
7308706.0,30,62
7308717.0,29,47
7308768.0,32,49
7308778.0,24,61
7308797.0,32,62
7308804.0,30,48
7308824.0,13,80
7308829.0,24,58
7308910.0,24,43
7308939.0,32,64
7308940.0,24,45
7308945.0,21,48
7308951.0,32,58
7308964.0,30,47
7308984.0,25,59
7308985.0,23,49
7308986.0,21,80
7308989.0,29,47
7308990.0,23,56
7309043.0,27,51
7309052.0,32,48
7309052.0,19,49
7309136.0,34,71
7309149.0,24,48
7309156.0,34,73
7309204.0,22,53
7309244.0,32,53
7309257.0,27,44
7309297.0,24,57
7309303.0,30,48
7309307.0,25,45
7309335.0,34,67
7309422.0,28,54
7309441.0,21,45
7309471.0,24,60
7309493.0,32,61
7309495.0,19,45
7309497.0,25,44
7309537.0,21,80
7309576.0,23,49
7309582.0,32,50
7309619.0,20,80
7309627.0,24,57
7309660.0,90,121
7309665.0,21,48
7309672.0,82,124
7309676.0,29,49
7309684.0,24,43
7309689.0,21,46
7309775.0,25,85
7309827.0,19,48
7309837.0,24,62
7309844.0,30,46
7309851.0,32,60
7309860.0,19,49
7309876.0,23,49
7309882.0,28,46
7309901.0,22,46
7309905.0,23,63
7309907.0,25,61
7309946.0,31,95
7309951.0,33,72
7309953.0,31,45
7309959.0,29,48
7310024.0,28,54
7310028.0,83,124
7310038.0,23,48
7310051.0,29,54
7310051.0,21,79
7310107.0,20,80
7310112.0,30,49
7310120.0,19,48
7310128.0,30,48
7310135.0,26,48
7310150.0,30,50
7310156.0,47,72
7310173.0,81,127
7310246.0,23,56
7310265.0,32,49
7310317.0,19,45
7310338.0,32,55
7310359.0,29,54
7310376.0,23,55
7310380.0,23,46
7310386.0,21,48
7310406.0,32,63
7310428.0,30,48
7310440.0,28,45
7310441.0,20,51
7310447.0,23,54
7310482.0,83,122
7310487.0,30,45
7310510.0,22,70
7310546.0,21,51
7310582.0,32,48
7310643.0,25,46
7310671.0,25,85
7310705.0,34,70
7310708.0,20,46
7310728.0,23,56
7310729.0,19,49
7310766.0,23,55
7310858.0,21,51
7310871.0,21,45
7310900.0,23,44
7310934.0,23,45
7310940.0,21,80
7310943.0,26,83
7310973.0,32,52
7311034.0,20,51
7311048.0,32,57
7311123.0,23,46
7311124.0,32,56
7311139.0,23,71
7311142.0,35,74
7311185.0,32,47
7311212.0,53,75
7311269.0,24,49
7311313.0,37,75
7311341.0,19,45
7311346.0,32,61
7311347.0,28,46
7311367.0,22,46
7311411.0,32,58
7311437.0,20,80
7311443.0,20,50
7311512.0,27,44
7311514.0,24,57
7311636.0,23,47
7311662.0,41,76
7311696.0,8,71
7311722.0,27,55
7311890.0,20,80
7311893.0,53,75
7311921.0,32,54
7311925.0,20,46
7311929.0,35,75
7311944.0,22,43
7311949.0,24,47
7311993.0,15,81
7312038.0,21,79
7312070.0,21,44
7312162.0,32,49
7312170.0,25,45
7312182.0,33,89
7312184.0,23,55
7312199.0,28,45
7312224.0,23,46
7312245.0,19,48
7312261.0,21,51
7312270.0,32,62
7312285.0,29,48
7312326.0,24,70
7312336.0,20,47
7312355.0,42,72
7312381.0,32,47
7312381.0,20,49
7312388.0,27,43
7312394.0,24,47
7312412.0,24,48
7312450.0,22,52
7312452.0,22,43
7312464.0,23,42
7312467.0,33,51
7312470.0,22,45
7312484.0,21,46
7312501.0,15,81
7312505.0,20,45
7312537.0,23,46
7312562.0,21,51
7312569.0,30,48
7312599.0,19,48
7312628.0,31,88
7312663.0,22,52
7312704.0,27,54
7312725.0,24,43
7312810.0,22,42
7312875.0,33,89
7312923.0,16,81
7312934.0,42,90
7312942.0,22,54
7312950.0,32,46
7312996.0,48,113
7313038.0,22,46
7313045.0,91,113
7313048.0,22,48
7313079.0,26,45
7313086.0,21,47
7313165.0,24,70
7313171.0,25,43
7313180.0,29,47
7313243.0,23,53
7313247.0,32,45
7313250.0,20,80
7313256.0,47,113
7313257.0,23,51
7313310.0,38,75
7313370.0,24,56
7313468.0,24,47
7313479.0,32,51
7313529.0,25,43
7313535.0,32,59
7313540.0,25,83
7313580.0,15,81
7313585.0,27,47
7313603.0,21,47
7313644.0,21,50
7313646.0,26,44
7313662.0,25,44
7313713.0,56,56
7313717.0,28,44
7313723.0,33,50
7313760.0,22,43
7313779.0,36,75
7313804.0,15,81
7313825.0,30,47
7313848.0,24,47
7313862.0,23,54
7313874.0,23,43
7313894.0,24,49
7313897.0,25,83
7313935.0,31,48
7313939.0,16,81
7313948.0,37,95
7313979.0,36,96
7313981.0,20,80
7313990.0,33,52
7314018.0,49,80
7314060.0,24,46
7314078.0,23,69
7314083.0,33,53
7314148.0,33,51
7314210.0,23,43
7314260.0,27,47
7314267.0,25,81
7314289.0,24,80
7314293.0,23,41
7314346.0,23,46
7314371.0,37,81
7314376.0,35,76
7314377.0,28,62
7314424.0,32,60
7314516.0,25,60
7314564.0,21,52
7314568.0,37,95
7314612.0,83,117
7314654.0,31,45
7314673.0,26,86
7314770.0,25,48
7314794.0,29,46
7314876.0,24,45
7314898.0,35,75
7314923.0,31,45
7314927.0,24,55
7314989.0,30,48
7315068.0,25,48
7315076.0,23,49
7315084.0,34,68
7315093.0,22,52
7315149.0,28,45
7315155.0,51,88
7315161.0,39,74
7315161.0,23,52
7315271.0,15,81
7315347.0,22,52
7315357.0,40,73
7315393.0,22,45
7315406.0,46,106
7315444.0,21,45
7315455.0,28,43
7315481.0,33,49
7315497.0,24,41
7315524.0,33,54
7315552.0,83,117
7315562.0,23,43
7315611.0,24,48
7315678.0,24,54
7315726.0,23,53
7315778.0,22,48
7315796.0,27,86
7315845.0,26,59
7315846.0,33,51
7315876.0,32,64
7315878.0,20,48
7315898.0,27,42
7315905.0,34,65
7315932.0,29,45
7315965.0,22,44
7316056.0,24,47
7316122.0,26,41
7316245.0,33,47
7316347.0,23,49
7316362.0,25,47
7316379.0,22,47
7316383.0,33,50
7316411.0,42,76
7316447.0,28,87
7316451.0,24,50
7316455.0,33,48
7316477.0,34,69
7316596.0,33,55
7316596.0,22,47
7316707.0,23,45
7316751.0,43,77
7316760.0,46,108
7316804.0,27,45
7316827.0,20,47
7316846.0,32,63
7316870.0,47,95
7316883.0,23,52
7316908.0,29,87
7316913.0,19,47
7316924.0,23,44
7316951.0,27,86
7317002.0,34,89
7317009.0,24,44
7317012.0,25,47
7317056.0,23,43
7317056.0,29,46
7317063.0,31,49
7317185.0,20,79
7317189.0,33,52
7317246.0,23,44
7317248.0,21,49
7317257.0,29,44
7317262.0,34,66
7317305.0,23,42
7317372.0,84,114
7317400.0,31,50
7317420.0,33,49
7317420.0,19,47
7317439.0,25,49
7317449.0,30,47
7317452.0,33,48
7317464.0,33,46
7317476.0,21,50
7317564.0,35,89
7317572.0,22,43
7317584.0,22,50
7317631.0,33,50
7317661.0,33,47
7317675.0,27,41
7317683.0,25,46
7317703.0,22,51
7317752.0,21,49
7317752.0,28,42
7317774.0,33,58
7317778.0,24,43
7317826.0,20,79
7317847.0,21,46
7317848.0,35,72
7317870.0,30,51
7317872.0,32,62
7317937.0,33,45
7317983.0,24,50
7318045.0,30,49
7318072.0,31,49
7318079.0,23,48
7318086.0,24,77
7318093.0,33,54
7318121.0,33,56
7318198.0,33,57
7318210.0,25,47
7318216.0,25,48
7318269.0,30,51
7318328.0,35,74
7318402.0,25,57
7318405.0,31,48
7318413.0,32,61
7318421.0,26,63
7318505.0,20,79
7318526.0,31,47
7318528.0,25,79
7318594.0,24,49
7318619.0,25,47
7318648.0,24,46
7318694.0,28,47
7318711.0,22,46
7318718.0,15,80
7318719.0,33,53
7318727.0,24,77
7318728.0,31,46
7318764.0,26,45
7318778.0,28,42
7318885.0,25,56
7318906.0,25,45
7318907.0,34,51
7318986.0,21,49
7319046.0,26,44
7319067.0,29,49
7319093.0,22,46
7319146.0,24,65
7319188.0,25,61
7319307.0,21,50
7319342.0,31,45
7319350.0,29,43
7319365.0,24,82
7319388.0,31,48
7319447.0,28,50
7319517.0,30,47
7319570.0,25,61
7319599.0,21,49
7319621.0,25,63
7319623.0,23,65
7319637.0,33,46
7319650.0,25,56
7319682.0,91,104
7319716.0,24,54
7319764.0,35,51
7319784.0,27,41
7319786.0,33,45
7319793.0,28,41
7319803.0,55,124
7319843.0,91,103
7319870.0,29,50
7319883.0,21,50
7319885.0,23,77
7319892.0,25,63
7319898.0,31,45
7319941.0,31,81
7319998.0,27,45
7320002.0,33,55
7320013.0,21,48
7320169.0,25,58
7320215.0,22,45
7320221.0,33,56
7320269.0,91,104
7320322.0,31,45
7320326.0,26,48
7320337.0,30,46
7320462.0,22,50
7320490.0,24,45
7320504.0,91,103
7320573.0,26,47
7320632.0,23,51
7320634.0,13,47
7320636.0,35,51
7320709.0,22,49
7320739.0,33,57
7320769.0,25,62
7320919.0,33,59
7320946.0,91,104
7320961.0,26,58
7320962.0,30,45
7321063.0,28,45
7321098.0,34,52
7321109.0,25,55
7321118.0,91,103
7321187.0,22,49
7321189.0,34,50
7321221.0,25,44
7321244.0,35,51
7321268.0,31,45
7321277.0,24,42
7321282.0,33,58
7321286.0,26,43
7321316.0,34,49
7321363.0,25,47
7321491.0,25,60
7321539.0,21,47
7321545.0,34,48
7321546.0,24,53
7321590.0,91,103
7321596.0,33,48
7321619.0,30,44
7321639.0,34,47
7321676.0,34,51
7321678.0,29,42
7321748.0,28,41
7321752.0,23,43
7321762.0,41,92
7321764.0,88,126
7321767.0,36,75
7321819.0,33,60
7321827.0,23,44
7321864.0,27,47
7321881.0,27,46
7321893.0,32,56
7321908.0,22,68
7321934.0,25,41
7322006.0,25,47
7322009.0,33,64
7322039.0,24,41
7322089.0,91,103
7322184.0,16,79
7322190.0,41,91
7322285.0,27,41
7322376.0,35,72
7322394.0,25,46
7322449.0,16,79
7322522.0,41,91
7322550.0,25,47
7322562.0,33,59
7322600.0,20,79
7322609.0,24,55
7322612.0,33,61
7322666.0,26,48
7322672.0,34,50
7322721.0,25,49
7322754.0,35,51
7322774.0,25,43
7322873.0,24,48
7322883.0,33,57
7322908.0,24,52
7322915.0,25,59
7322930.0,25,60
7322981.0,40,91
7323035.0,32,47
7323043.0,23,50
7323048.0,34,64
7323079.0,32,49
7323105.0,26,45
7323108.0,22,48
7323119.0,34,52
7323122.0,21,46
7323134.0,40,90
7323136.0,32,48
7323153.0,34,71
7323161.0,34,47
7323162.0,30,44
7323172.0,35,51
7323239.0,25,60
7323255.0,27,43
7323263.0,26,40
7323276.0,25,47
7323289.0,26,50
7323301.0,28,47
7323302.0,33,62
7323316.0,24,73
7323351.0,22,46
7323373.0,24,48
7323384.0,34,46
7323392.0,34,45
7323400.0,25,49
7323444.0,32,45
7323462.0,32,48
7323535.0,32,46
7323536.0,34,66
7323552.0,26,42
7323558.0,25,73
7323577.0,31,47
7323588.0,25,47
7323619.0,28,44
7323634.0,24,44
7323720.0,30,43
7323722.0,22,45
7323738.0,21,46
7323756.0,25,59
7323769.0,26,41
7323890.0,31,46
7323891.0,28,44
7323897.0,25,42
7323910.0,33,101
7323974.0,34,49
7324015.0,23,48
7324051.0,23,43
7324067.0,22,44
7324080.0,19,79
7324092.0,34,53
7324132.0,34,50
7324135.0,32,45
7324159.0,25,45
7324186.0,34,48
7324222.0,33,101
7324226.0,26,48
7324232.0,25,58
7324239.0,34,51
7324247.0,40,91
7324255.0,25,42
7324301.0,24,51
7324362.0,34,70
7324373.0,25,49
7324375.0,26,46
7324377.0,32,101
7324406.0,25,61
7324426.0,21,55
7324496.0,35,71
7324514.0,29,41
7324540.0,34,44
7324558.0,31,45
7324577.0,30,46
7324586.0,23,47
7324590.0,31,48
7324617.0,34,54
7324706.0,32,62
7324708.0,33,63
7324802.0,25,49
7324819.0,21,46
7324825.0,24,43
7324939.0,28,45
7324945.0,34,45
7325018.0,25,58
7325054.0,34,68
7325071.0,33,61
7325074.0,41,90
7325160.0,26,47
7325161.0,23,44
7325173.0,24,47
7325178.0,21,46
7325181.0,31,47
7325189.0,34,46
7325214.0,25,45
7325258.0,26,56
7325335.0,27,47
7325335.0,33,56
7325456.0,29,46
7325602.0,41,90
7325639.0,33,60
7325680.0,34,64
7325687.0,23,42
7325714.0,33,53
7325750.0,5,70
7325831.0,29,46
7325850.0,23,49
7325858.0,25,41
7325973.0,26,42
7325975.0,36,87
7326000.0,37,88
7326007.0,27,41
7326007.0,31,46
7326023.0,30,42
7326048.0,22,43
7326051.0,26,43
7326073.0,32,60
7326090.0,26,44
7326096.0,25,54
7326191.0,28,44
7326200.0,24,70
7326203.0,26,46
7326238.0,7,63
7326262.0,90,97
7326276.0,47,102
7326307.0,31,44
7326307.0,25,54
7326314.0,34,56
7326322.0,34,55
7326351.0,34,53
7326431.0,24,70
7326432.0,26,40
7326440.0,47,101
7326529.0,28,55
7326581.0,23,48
7326622.0,22,47
7326628.0,27,46
7326653.0,24,47
7326711.0,31,45
7326733.0,23,43
7326761.0,26,44
7326798.0,24,46
7326817.0,25,44
7326829.0,24,42
7326868.0,22,47
7326973.0,33,45
7327000.0,40,89
7327057.0,29,45
7327080.0,24,76
7327167.0,25,56
7327171.0,29,44
7327173.0,35,47
7327204.0,21,46
7327212.0,24,50
7327213.0,24,46
7327229.0,27,86
7327302.0,31,45
7327304.0,22,68
7327310.0,40,89
7327314.0,28,41
7327319.0,23,49
7327405.0,35,48
7327444.0,23,43
7327517.0,26,46
7327602.0,6,63
7327615.0,33,63
7327641.0,29,45
7327668.0,28,43
7327705.0,22,46
7327711.0,31,45
7327743.0,35,49
7327764.0,27,60
7327809.0,33,62
7327869.0,24,76
7327907.0,27,86
7327912.0,29,44
7328009.0,25,43
7328024.0,27,40
7328047.0,23,42
7328077.0,23,43
7328087.0,25,53
7328103.0,28,42
7328213.0,25,54
7328223.0,91,119
7328239.0,31,44
7328345.0,25,47
7328374.0,25,42
7328376.0,31,43
7328393.0,34,55
7328415.0,23,42
7328429.0,23,43
7328432.0,35,47
7328445.0,25,43
7328552.0,23,48
7328651.0,35,52
7328666.0,27,45
7328675.0,35,46
7328681.0,26,43
7328694.0,26,42
7328711.0,25,52
7328744.0,25,43
7328775.0,25,42
7328864.0,30,41
7328904.0,26,48
7328915.0,35,68
7328953.0,24,45
7328979.0,26,55
7329008.0,27,47
7329018.0,30,42
7329097.0,23,47
7329133.0,35,48
7329145.0,33,48
7329234.0,35,50
7329250.0,34,54
7329299.0,29,43
7329320.0,33,59
7329338.0,52,99
7329389.0,26,60
7329390.0,33,46
7329420.0,32,47
7329458.0,26,41
7329467.0,26,43
7329486.0,31,51
7329513.0,26,45
7329522.0,25,54
7329526.0,32,46
7329554.0,23,42
7329562.0,35,49
7329600.0,27,43
7329611.0,35,69
7329670.0,24,82
7329679.0,34,59
7329688.0,26,84
7329695.0,33,46
7329822.0,26,41
7329848.0,89,125
7329908.0,27,44
7329927.0,26,40
7329949.0,34,56
7329958.0,25,54
7329966.0,28,86
7330013.0,33,61
7330073.0,24,49
7330088.0,29,43
7330090.0,34,58
7330092.0,28,75
7330127.0,35,46
7330182.0,21,76
7330190.0,23,59
7330236.0,27,86
7330308.0,25,42
7330396.0,26,44
7330437.0,35,53
7330449.0,44,72
7330457.0,25,51
7330484.0,28,75
7330551.0,24,70
7330574.0,29,44
7330588.0,26,59
7330651.0,35,45
7330662.0,25,50
7330665.0,36,89
7330688.0,23,71
7330702.0,29,45
7330709.0,34,57
7330719.0,31,42
7330735.0,35,51
7330750.0,33,49
7330764.0,25,51
7330798.0,62,49
7330809.0,23,59
7330834.0,30,87
7330846.0,26,54
7330893.0,28,47
7330902.0,24,44
7330946.0,26,57
7330998.0,28,41
7331041.0,33,46
7331068.0,25,59
7331076.0,33,88
7331094.0,24,45
7331146.0,25,50
7331155.0,35,71
7331170.0,27,86
7331264.0,27,47
7331264.0,35,50
7331365.0,32,45
7331432.0,27,46
7331457.0,26,41
7331466.0,24,48
7331532.0,32,48
7331559.0,35,44
7331595.0,27,86
7331680.0,31,41
7331722.0,25,47
7331786.0,24,44
7331793.0,26,53
7331794.0,27,76
7331809.0,32,44
7331897.0,24,50
7331929.0,32,43
7331957.0,31,43
7331992.0,27,39
7332020.0,25,45
7332046.0,38,74
7332076.0,91,114
7332091.0,31,50
7332155.0,21,50
7332169.0,26,41
7332218.0,21,49
7332228.0,35,52
7332258.0,6,57
7332305.0,27,42
7332316.0,28,40
7332429.0,24,43
7332444.0,24,50
7332494.0,34,45
7332502.0,91,114
7332525.0,34,49
7332559.0,29,43
7332563.0,21,50
7332581.0,32,46
7332596.0,30,52
7332644.0,25,50
7332733.0,28,46
7332794.0,27,41
7332811.0,34,45
7332908.0,26,43
7332985.0,26,42
7333042.0,34,46
7333050.0,34,49
7333087.0,32,47
7333100.0,30,40
7333122.0,35,44
7333126.0,35,70
7333139.0,27,43
7333147.0,25,83
7333152.0,32,43
7333168.0,28,46
7333258.0,35,66
7333291.0,27,45
7333305.0,23,45
7333306.0,10,93
7333323.0,25,76
7333339.0,35,49
7333358.0,25,51
7333366.0,24,76
7333387.0,35,64
7333396.0,25,83
7333407.0,34,55
7333426.0,21,49
7333470.0,28,44
7333505.0,23,46
7333532.0,35,44
7333553.0,28,45
7333625.0,24,42
7333691.0,31,40
7333734.0,21,49
7333795.0,23,47
7333876.0,23,46
7333882.0,35,55
7333915.0,13,80
7333944.0,33,46
7333951.0,36,48
7333963.0,25,52
7334039.0,36,49
7334061.0,30,42
7334078.0,34,52
7334081.0,28,43
7334084.0,23,68
7334096.0,29,42
7334102.0,26,52
7334151.0,28,44
7334163.0,25,41
7334165.0,27,44
7334185.0,29,41
7334232.0,27,40
7334409.0,26,46
7334428.0,47,100
7334440.0,36,46
7334448.0,37,74
7334453.0,32,42
7334465.0,35,68
7334469.0,25,52
7334478.0,26,42
7334494.0,24,69
7334516.0,13,81
7334517.0,36,50
7334530.0,24,44
7334553.0,23,47
7334593.0,28,47
7334644.0,24,47
7334657.0,13,80
7334670.0,36,45
7334690.0,35,53
7334714.0,34,98
7334732.0,35,73
7334818.0,35,99
7334869.0,34,47
7334906.0,35,44
7334954.0,28,44
7334966.0,34,59
7334980.0,25,49
7334990.0,24,48
7335005.0,34,48
7335024.0,33,48
7335024.0,30,45
7335103.0,34,61
7335161.0,33,47
7335164.0,34,60
7335175.0,34,47
7335194.0,25,44
7335199.0,25,52
7335207.0,28,39
7335251.0,26,41
7335266.0,33,45
7335269.0,32,41
7335289.0,13,81
7335317.0,25,45
7335317.0,13,80
7335341.0,28,42
7335353.0,23,47
7335359.0,25,46
7335384.0,30,46
7335391.0,38,74
7335412.0,32,44
7335449.0,28,44
7335465.0,35,44
7335517.0,23,44
7335527.0,25,52
7335555.0,36,47
7335559.0,33,43
7335566.0,47,98
7335586.0,30,47
7335599.0,25,43
7335603.0,23,68
7335611.0,36,49
7335612.0,25,44
7335635.0,26,54
7335695.0,34,46
7335749.0,29,39
7335787.0,13,80
7335844.0,13,81
7335847.0,27,43
7335882.0,35,54
7335942.0,36,46
7336020.0,23,43
7336023.0,23,47
7336048.0,26,54
7336066.0,34,49
7336152.0,35,69
7336165.0,31,45
7336186.0,28,46
7336204.0,35,55
7336244.0,43,72
7336276.0,24,43
7336283.0,25,42
7336327.0,34,58
7336397.0,28,47
7336415.0,28,41
7336442.0,13,80
7336452.0,36,50
7336472.0,5,89
7336478.0,29,40
7336516.0,23,43
7336543.0,34,47
7336554.0,26,50
7336559.0,31,43
7336562.0,7,75
7336574.0,27,55
7336578.0,27,44
7336585.0,23,47
7336608.0,31,44
7336649.0,33,46
7336659.0,28,40
7336667.0,34,49
7336732.0,27,47
7336752.0,72,55
7336783.0,34,47
7336784.0,33,44
7336797.0,35,45
7336801.0,36,48
7336841.0,36,51
7336887.0,34,59
7336912.0,26,53
7336941.0,26,51
7336945.0,24,67
7336948.0,30,43
7336954.0,25,48
7336955.0,23,55
7337007.0,28,86
7337014.0,35,44
7337092.0,34,50
7337143.0,31,43
7337163.0,33,43
7337212.0,26,45
7337241.0,29,45
7337247.0,17,76
7337280.0,27,47
7337284.0,34,45
7337287.0,30,42
7337300.0,28,43
7337333.0,27,42
7337366.0,27,43
7337366.0,36,52
7337408.0,28,45
7337428.0,13,80
7337451.0,25,71
7337452.0,24,45
7337511.0,17,76
7337524.0,29,43
7337531.0,28,43
7337550.0,35,44
7337590.0,24,46
7337634.0,32,53
7337663.0,28,42
7337676.0,23,43
7337704.0,26,52
7337823.0,26,46
7337845.0,30,43
7337879.0,35,89
7337897.0,29,43
7337908.0,27,39
7337939.0,26,44
7337977.0,24,47
7337982.0,23,43
7337995.0,29,75
7338014.0,29,46
7338054.0,36,53
7338112.0,28,44
7338127.0,25,71
7338140.0,34,89
7338153.0,35,57
7338173.0,29,44
7338195.0,34,45
7338205.0,31,43
7338247.0,25,41
7338257.0,35,89
7338277.0,27,39
7338308.0,24,46
7338315.0,35,56
7338342.0,25,49
7338358.0,32,40
7338438.0,29,75
7338440.0,33,42
7338477.0,73,55
7338563.0,25,43
7338565.0,30,42
7338574.0,33,43
7338619.0,24,47
7338701.0,29,43
7338760.0,27,41
7338853.0,27,42
7338945.0,24,44
7339013.0,31,43
7339039.0,34,62
7339042.0,29,43
7339042.0,41,89
7339089.0,34,57
7339090.0,35,65
7339146.0,25,47
7339168.0,34,60
7339173.0,26,43
7339267.0,29,46
7339294.0,41,89
7339312.0,28,39
7339370.0,28,44
7339399.0,25,44
7339437.0,26,42
7339451.0,34,46
7339453.0,25,47
7339501.0,29,41
7339516.0,31,44
7339570.0,33,47
7339605.0,27,39
7339693.0,32,39
7339737.0,31,45
7339778.0,37,46
7339831.0,37,44
7339862.0,26,45
7339869.0,33,41
7339872.0,37,47
7339949.0,29,42
7339974.0,27,53
7340004.0,25,46
7340080.0,26,49
7340084.0,28,43
7340091.0,35,89
7340112.0,33,45
7340170.0,36,74
7340230.0,31,45
7340260.0,28,60
7340375.0,35,45
7340407.0,35,46
7340492.0,30,40
7340541.0,37,45
7340605.0,28,40
7340605.0,34,45
7340622.0,35,56
7340649.0,35,46
7340686.0,34,56
7340759.0,37,48
7340771.0,33,40
7340797.0,25,48
7340804.0,33,45
7340813.0,35,49
7340852.0,36,52
7340892.0,26,50
7340941.0,42,90
7340944.0,36,54
7340952.0,26,44
7340983.0,89,122
7341003.0,40,90
7341005.0,26,48
7341017.0,25,48
7341026.0,10,81
7341145.0,21,46
7341151.0,28,47
7341159.0,80,102
7341192.0,29,40
7341197.0,35,70
7341201.0,33,48
7341228.0,81,101
7341233.0,25,47
7341237.0,37,49
7341245.0,25,41
7341280.0,28,56
7341285.0,37,48
7341338.0,29,43
7341354.0,33,45
7341393.0,35,57
7341437.0,34,44
7341507.0,27,45
7341525.0,82,101
7341552.0,37,51
7341666.0,34,43
7341712.0,11,80
7341773.0,39,90
7341783.0,34,47
7341816.0,35,66
7341819.0,10,81
7341820.0,27,44
7341824.0,26,41
7341829.0,34,46
7341846.0,34,63
7341858.0,29,43
7341889.0,28,55
7341910.0,35,47
7341911.0,29,45
7341924.0,27,51
7341925.0,29,41
7341942.0,25,46
7341955.0,37,46
7341966.0,28,41
7341989.0,27,57
7342048.0,27,45
7342067.0,27,60
7342077.0,39,90
7342121.0,35,58
7342128.0,35,47
7342170.0,32,44
7342241.0,28,42
7342248.0,29,47
7342294.0,37,47
7342319.0,26,43
7342328.0,27,59
7342383.0,30,53
7342404.0,26,47
7342521.0,32,49
7342537.0,25,47
7342537.0,29,41
7342561.0,37,48
7342566.0,25,45
7342698.0,37,50
7342720.0,27,43
7342737.0,28,61
7342790.0,25,44
7342839.0,29,39
7342840.0,27,60
7342933.0,35,59
7342970.0,34,42
7342983.0,30,45
7342996.0,37,52
7343007.0,35,67
7343013.0,26,49
7343031.0,33,49
7343048.0,13,81
7343063.0,34,63
7343076.0,36,53
7343089.0,11,80
7343185.0,34,60
7343191.0,32,43
7343203.0,27,42
7343232.0,29,44
7343241.0,36,55
7343262.0,26,44
7343281.0,28,53
7343372.0,38,74
7343375.0,28,40
7343398.0,32,44
7343454.0,13,81
7343484.0,34,48
7343496.0,36,47
7343581.0,28,53
7343603.0,32,41
7343678.0,29,39
7343688.0,32,43
7343690.0,34,45
7343700.0,36,51
7343750.0,34,44
7343777.0,29,41
7343822.0,36,45
7343846.0,38,45
7343865.0,28,62
7343890.0,30,46
7343931.0,82,109
7343936.0,28,41
7344102.0,31,40
7344114.0,35,45
7344115.0,27,41
7344133.0,34,62
7344172.0,25,43
7344201.0,29,43
7344217.0,32,40
7344241.0,30,43
7344301.0,37,51
7344323.0,33,41
7344346.0,36,46
7344365.0,27,39
7344377.0,29,41
7344440.0,27,41
7344484.0,34,43
7344509.0,26,46
7344528.0,33,45
7344551.0,37,49
7344553.0,29,39
7344588.0,27,45
7344627.0,34,40
7344661.0,30,46
7344664.0,37,52
7344681.0,32,40
7344700.0,34,41
7344862.0,35,52
7344887.0,54,96
7344889.0,27,49
7344940.0,33,40
7344951.0,29,39
7344951.0,34,61
7345042.0,29,47
7345108.0,30,41
7345142.0,27,85
7345193.0,27,86
7345204.0,30,44
7345219.0,32,41
7345393.0,30,42
7345397.0,38,46
7345400.0,56,95
7345432.0,28,40
7345467.0,35,44
7345510.0,37,53
7345548.0,35,58
7345555.0,27,52
7345592.0,38,47
7345634.0,38,45
7345739.0,27,41
7345746.0,35,45
7345765.0,27,44
7345772.0,28,55
7345784.0,29,47
7345787.0,35,43
7345829.0,91,116
7345881.0,24,43
7345913.0,27,50
7345971.0,84,116
7346006.0,29,41
7346026.0,36,89
7346031.0,30,39
7346049.0,34,51
7346053.0,28,45
7346100.0,37,52
7346108.0,24,72
7346155.0,33,44
7346166.0,27,86
7346169.0,35,56
7346186.0,37,50
7346201.0,30,44
7346209.0,37,51
7346214.0,30,42
7346231.0,26,48
7346234.0,33,43
7346267.0,30,40
7346273.0,34,51
7346290.0,25,73
7346338.0,27,43
7346342.0,35,46
7346387.0,28,44
7346388.0,35,55
7346432.0,27,86
7346476.0,34,74
7346493.0,28,48
7346554.0,30,45
7346581.0,30,40
7346582.0,26,45
7346589.0,83,104
7346687.0,29,47
7346688.0,33,43
7346728.0,35,60
7346744.0,37,45
7346765.0,27,41
7346787.0,28,53
7346800.0,35,42
7346804.0,34,47
7346819.0,29,40
7346847.0,26,47
7346858.0,27,50
7346902.0,34,39
7346904.0,38,49
7346952.0,37,50
7346973.0,36,47
7346989.0,36,66
7347056.0,29,47
7347132.0,35,47
7347150.0,15,92
7347175.0,30,42
7347194.0,38,50
7347232.0,32,52
7347235.0,35,43
7347245.0,28,47
7347260.0,31,38
7347399.0,26,44
7347411.0,37,53
7347415.0,29,59
7347415.0,37,50
7347435.0,33,43
7347485.0,36,47
7347501.0,28,42
7347550.0,27,48
7347561.0,27,49
7347661.0,28,43
7347686.0,36,54
7347708.0,30,43
7347727.0,33,43
7347744.0,27,51
7347781.0,34,40
7347894.0,27,41
7347908.0,31,45
7347938.0,33,42
7347969.0,27,50
7348019.0,37,54
7348027.0,35,41
7348042.0,28,42
7348088.0,28,45
7348195.0,28,43
7348195.0,35,61
7348197.0,28,41
7348204.0,27,41
7348235.0,33,40
7348241.0,30,42
7348270.0,30,44
7348350.0,27,59
7348432.0,23,43
7348486.0,33,43
7348500.0,28,40
7348623.0,26,43
7348641.0,32,39
7348676.0,30,43
7348742.0,33,40
7348754.0,27,42
7348755.0,29,40
7348792.0,35,40
7348840.0,28,42
7348843.0,38,50
7348885.0,36,58
7348905.0,28,43
7348937.0,29,46
7348949.0,36,50
7348965.0,38,51
7348989.0,31,43
7348995.0,39,74
7348999.0,31,41
7349004.0,67,51
7349047.0,31,44
7349053.0,51,93
7349092.0,37,46
7349108.0,28,43
7349140.0,37,47
7349208.0,27,46
7349214.0,29,46
7349215.0,30,41
7349228.0,38,49
7349236.0,38,46
7349329.0,39,90
7349363.0,26,46
7349373.0,36,68
7349399.0,31,42
7349424.0,36,49
7349439.0,31,41
7349479.0,28,42
7349627.0,27,47
7349713.0,33,44
7349732.0,38,74
7349754.0,26,44
7349775.0,31,43
7349798.0,37,74
7349799.0,30,42
7349857.0,33,41
7349871.0,36,57
7349929.0,35,62
7349942.0,28,62
7349966.0,36,66
7349984.0,36,49
7350028.0,39,45
7350048.0,35,39
7350056.0,36,45
7350116.0,27,47
7350193.0,39,47
7350196.0,31,40
7350268.0,33,42
7350291.0,28,44
7350303.0,35,44
7350518.0,38,46
7350566.0,42,74
7350572.0,29,45
7350575.0,34,43
7350628.0,35,65
7350655.0,37,49
7350658.0,35,46
7350714.0,38,52
7350735.0,34,44
7350758.0,27,45
7350759.0,39,46
7350766.0,36,49
7350772.0,31,45
7350818.0,31,40
7350863.0,27,61
7350961.0,36,49
7350978.0,35,52
7351012.0,36,44
7351032.0,29,55
7351076.0,27,44
7351097.0,29,45
7351098.0,24,67
7351101.0,34,40
7351114.0,29,44
7351131.0,38,48
7351140.0,39,48
7351157.0,29,40
7351181.0,36,67
7351187.0,34,44
7351205.0,36,42
7351208.0,28,51
7351233.0,35,69
7351237.0,30,41
7351239.0,35,45
7351242.0,37,52
7351247.0,36,51
7351310.0,33,38
7351323.0,28,43
7351356.0,35,52
7351409.0,36,41
7351419.0,28,42
7351535.0,34,40
7351566.0,31,44
7351576.0,39,45
7351581.0,38,51
7351582.0,31,39
7351590.0,35,40
7351607.0,29,40
7351637.0,30,40
7351667.0,35,63
7351676.0,28,40
7351712.0,35,61
7351754.0,36,64
7351758.0,33,45
7351797.0,36,51
7351850.0,36,43
7351855.0,61,63
7351866.0,28,48
7351883.0,36,47
7351898.0,37,46
7351903.0,39,47
7351905.0,31,41
7351922.0,39,46
7351935.0,28,47
7351995.0,28,50
7352005.0,36,45
7352031.0,26,62
7352064.0,43,75
7352074.0,81,119
7352109.0,31,40
7352130.0,38,50
7352138.0,29,41
7352178.0,27,47
7352184.0,38,53
7352186.0,27,43
7352209.0,31,43
7352242.0,34,40
7352250.0,36,42
7352268.0,28,40
7352309.0,28,47
7352319.0,36,40
7352325.0,26,42
7352388.0,31,40
7352458.0,29,40
7352472.0,35,47
7352478.0,31,41
7352586.0,37,53
7352621.0,27,47
7352631.0,27,42
7352635.0,37,55
7352732.0,26,42
7352874.0,29,43
7352878.0,29,40
7352924.0,34,40
7353005.0,27,62
7353062.0,27,46
7353108.0,35,62
7353168.0,35,60
7353176.0,36,56
7353210.0,36,41
7353213.0,32,43
7353241.0,36,72
7353243.0,29,43
7353274.0,36,59
7353306.0,32,40
7353348.0,28,46
7353483.0,31,42
7353485.0,52,96
7353494.0,27,62
7353549.0,36,40
7353555.0,39,49
7353589.0,38,45
7353626.0,30,46
7353645.0,28,46
7353699.0,28,47
7353719.0,29,45
7353733.0,32,46
7353803.0,36,58
7353853.0,29,44
7353856.0,39,48
7353939.0,29,46
7354043.0,38,52
7354045.0,32,39
7354047.0,28,58
7354052.0,32,41
7354076.0,28,59
7354079.0,29,40
7354082.0,37,54
7354100.0,36,46
7354101.0,35,63
7354140.0,28,56
7354250.0,28,57
7354289.0,31,38
7354301.0,39,50
7354370.0,36,39
7354407.0,32,46
7354451.0,31,41
7354482.0,26,46
7354516.0,39,49
7354521.0,30,46
7354719.0,30,43
7354741.0,37,50
7354777.0,31,44
7354785.0,48,69
7354801.0,37,65
7354840.0,38,53
7354868.0,30,44
7354879.0,28,46
7354981.0,39,51
7355000.0,32,42
7355048.0,40,46
7355091.0,35,44
7355094.0,37,48
7355100.0,31,87
7355206.0,37,44
7355269.0,29,44
7355292.0,30,45
7355316.0,37,43
7355384.0,31,40
7355428.0,39,48
7355464.0,28,78
7355488.0,35,41
7355522.0,28,48
7355537.0,38,46
7355670.0,35,45
7355673.0,35,40
7355717.0,37,46
7355717.0,30,45
7355733.0,37,45
7355738.0,34,40
7355746.0,38,90
7355791.0,37,42
7355800.0,35,43
7355819.0,39,52
7355900.0,28,45
7355911.0,32,43
7355949.0,34,38
7355999.0,37,51
7356021.0,30,59
7356047.0,38,46
7356060.0,30,40
7356130.0,39,45
7356131.0,36,64
7356134.0,29,49
7356147.0,38,90
7356163.0,28,43
7356166.0,25,68
7356223.0,25,67
7356310.0,38,53
7356337.0,39,51
7356340.0,37,40
7356359.0,57,114
7356371.0,38,54
7356433.0,37,51
7356457.0,40,47
7356463.0,39,48
7356506.0,31,46
7356524.0,29,42
7356581.0,30,46
7356600.0,32,42
7356657.0,58,114
7356694.0,88,125
7356782.0,28,53
7356817.0,29,49
7356818.0,30,41
7356860.0,37,56
7356863.0,33,41
7356870.0,38,46
7356903.0,31,46
7356962.0,39,48
7356964.0,28,42
7357010.0,33,43
7357027.0,33,40
7357037.0,31,39
7357087.0,40,46
7357091.0,36,60
7357127.0,40,48
7357132.0,32,38
7357212.0,29,53
7357257.0,41,71
7357262.0,37,41
7357289.0,33,42
7357320.0,35,41
7357328.0,38,46
7357342.0,39,49
7357362.0,36,67
7357367.0,30,42
7357381.0,32,39
7357424.0,36,59
7357437.0,48,93
7357466.0,33,38
7357470.0,28,57
7357487.0,35,40
7357502.0,32,40
7357505.0,32,82
7357552.0,32,46
7357561.0,28,44
7357564.0,33,44
7357584.0,40,47
7357633.0,36,47
7357702.0,29,57
7357735.0,39,50
7357764.0,29,47
7357779.0,30,86
7357884.0,36,58
7357888.0,30,57
7357902.0,90,38
7357951.0,33,38
7358018.0,37,39
7358020.0,31,46
7358026.0,28,44
7358041.0,28,85
7358057.0,40,48
7358058.0,38,47
7358097.0,29,57
7358198.0,33,83
7358260.0,29,46
7358288.0,36,66
7358305.0,36,65
7358365.0,29,54
7358462.0,29,47
7358472.0,38,47
7358483.0,29,46
7358485.0,35,64
7358502.0,30,55
7358512.0,35,39
7358517.0,24,65
7358640.0,39,45
7358658.0,30,86
7358718.0,32,41
7358748.0,32,45
7358756.0,29,41
7358794.0,31,44
7358798.0,35,38
7358816.0,32,43
7358817.0,30,52
7358818.0,29,58
7358852.0,36,63
7358873.0,39,51
7358978.0,31,58
7358985.0,32,42
7359014.0,41,45
7359044.0,36,73
7359052.0,35,73
7359070.0,29,57
7359097.0,40,49
7359108.0,29,50
7359128.0,21,93
7359146.0,37,47
7359154.0,31,51
7359160.0,56,57
7359161.0,30,42
7359168.0,29,46
7359323.0,34,88
7359327.0,29,47
7359430.0,28,43
7359431.0,29,57
7359435.0,58,51
7359450.0,37,46
7359478.0,29,46
7359482.0,35,44
7359513.0,41,46
7359522.0,38,43
7359608.0,38,42
7359628.0,31,40
7359639.0,29,50
7359648.0,30,43
7359677.0,37,57
7359683.0,34,40
7359684.0,33,88
7359687.0,33,39
7359728.0,38,44
7359731.0,38,47
7359788.0,27,86
7359810.0,57,51
7359890.0,31,41
7359895.0,29,44
7359908.0,29,48
7359917.0,36,39
7359940.0,38,41
7360028.0,35,71
7360056.0,33,88
7360071.0,39,46
7360096.0,29,47
7360107.0,8,75
7360134.0,38,50
7360199.0,33,39
7360201.0,31,45
7360207.0,32,39
7360230.0,29,48
7360245.0,36,71
7360268.0,29,45
7360298.0,57,51
7360372.0,29,46
7360386.0,38,40
7360398.0,29,52
7360399.0,36,69
7360404.0,36,42
7360424.0,39,46
7360425.0,31,41
7360463.0,38,50
7360489.0,30,42
7360492.0,38,45
7360530.0,31,42
7360556.0,34,39
7360632.0,29,46
7360649.0,29,45
7360658.0,38,53
7360682.0,31,43
7360699.0,30,44
7360709.0,34,41
7360713.0,38,42
7360716.0,38,47
7360747.0,39,52
7360762.0,35,40
7360766.0,33,44
7360791.0,41,46
7360792.0,40,50
7360815.0,29,42
7360817.0,39,48
7360849.0,29,48
7360897.0,90,107
7360914.0,38,43
7360967.0,38,55
7360996.0,33,43
7361044.0,31,50
7361058.0,39,53
7361076.0,31,46
7361077.0,14,55
7361101.0,34,51
7361116.0,30,41
7361119.0,57,51
7361126.0,37,45
7361135.0,38,41
7361142.0,33,41
7361146.0,40,49
7361155.0,32,46
7361186.0,41,72
7361227.0,41,45
7361227.0,36,60
7361286.0,33,46
7361353.0,9,75
7361403.0,39,46
7361420.0,29,51
7361551.0,29,45
7361556.0,33,42
7361556.0,33,101
7361568.0,34,42
7361586.0,37,58
7361607.0,13,54
7361627.0,38,46
7361651.0,30,53
7361661.0,40,45
7361673.0,36,39
7361714.0,29,47
7361743.0,26,69
7361886.0,36,38
7361931.0,29,43
7361941.0,38,39
7361947.0,29,46
7361954.0,31,43
7362004.0,38,54
7362023.0,33,40
7362035.0,37,57
7362070.0,14,55
7362119.0,29,51
7362122.0,34,43
7362167.0,39,46
7362231.0,41,47
7362244.0,34,38
7362257.0,36,43
7362298.0,29,46
7362313.0,40,50
7362333.0,33,45
7362334.0,33,38
7362340.0,33,101
7362354.0,37,56
7362508.0,40,51
7362516.0,90,110
7362547.0,38,49
7362630.0,28,70
7362714.0,38,55
7362735.0,31,45
7362740.0,34,44
7362762.0,39,53
7362791.0,17,74
7362812.0,29,44
7362832.0,38,40
7362835.0,36,39
7362850.0,33,38
7362852.0,41,46
7362862.0,38,44
7362865.0,30,49
7362866.0,28,70
7362892.0,31,44
7362910.0,29,53
7362938.0,36,42
7362980.0,33,39
7363007.0,36,38
7363010.0,32,52
7363044.0,32,51
7363055.0,39,47
7363058.0,38,39
7363211.0,29,46
7363247.0,39,52
7363284.0,14,55
7363289.0,25,71
7363419.0,35,40
7363429.0,40,52
7363475.0,41,47
7363511.0,41,48
7363514.0,39,46
7363537.0,33,43
7363586.0,29,46
7363605.0,39,43
7363611.0,36,62
7363622.0,31,43
7363664.0,32,45
7363670.0,37,41
7363671.0,32,42
7363676.0,32,40
7363709.0,34,48
7363744.0,39,42
7363814.0,40,46
7363825.0,29,49
7363858.0,39,45
7363917.0,32,41
7363929.0,32,45
7363946.0,37,52
7363960.0,38,45
7363973.0,42,46
7364029.0,39,41
7364078.0,39,44
7364087.0,36,52
7364113.0,32,39
7364134.0,29,49
7364181.0,81,94
7364235.0,38,47
7364261.0,30,52
7364315.0,40,51
7364384.0,31,42
7364427.0,41,49
7364527.0,37,43
7364533.0,37,44
7364540.0,29,51
7364564.0,39,46
7364593.0,33,38
7364610.0,37,39
7364680.0,30,51
7364737.0,28,51
7364744.0,37,52
7364754.0,30,46
7364823.0,35,38
7364838.0,39,43
7364867.0,37,51
7364877.0,32,43
7364887.0,32,45
7364891.0,30,44
7364898.0,39,45
7364906.0,30,48
7364931.0,25,72
7364988.0,35,39
7365039.0,28,59
7365096.0,33,38
7365113.0,37,58
7365122.0,37,44
7365124.0,39,42
7365126.0,30,54
7365142.0,36,61
7365147.0,29,51
7365156.0,34,43
7365182.0,36,44
7365193.0,28,51
7365195.0,36,52
7365235.0,30,42
7365239.0,30,53
7365298.0,41,45
7365333.0,28,46
7365338.0,32,44
7365421.0,32,45
7365435.0,37,45
7365487.0,33,48
7365499.0,42,46
7365508.0,40,52
7365512.0,25,71
7365530.0,37,73
7365540.0,30,50
7365555.0,39,40
7365561.0,39,44
7365611.0,39,41
7365632.0,31,41
7365636.0,35,39
7365686.0,34,44
7365801.0,41,48
7365942.0,30,47
7365996.0,30,41
7366005.0,41,46
7366138.0,37,43
7366159.0,34,39
7366219.0,39,39
7366238.0,41,49
7366242.0,34,42
7366248.0,30,45
7366249.0,37,57
7366262.0,42,71
7366272.0,30,49
7366365.0,39,46
7366368.0,35,39
7366373.0,41,46
7366395.0,32,46
7366407.0,35,41
7366436.0,34,40
7366473.0,33,39
7366527.0,83,96
7366571.0,35,44
7366668.0,30,43
7366714.0,38,39
7366728.0,25,71
7366740.0,37,59
7366758.0,35,39
7366865.0,27,45
7366867.0,35,43
7366982.0,34,43
7367067.0,30,49
7367073.0,40,47
7367121.0,33,46
7367176.0,35,44
7367222.0,27,45
7367233.0,40,46
7367281.0,37,38
7367296.0,37,46
7367310.0,38,73
7367430.0,37,40
7367471.0,39,53
7367552.0,39,45
7367593.0,35,42
7367603.0,30,46
7367651.0,35,43
7367658.0,40,53
7367664.0,41,50
7367701.0,33,40
7367701.0,33,43
7367704.0,41,46
7367707.0,39,54
7367769.0,42,47
7367794.0,32,41
7367796.0,32,42
7367816.0,40,40
7367821.0,38,42
7367839.0,29,73
7367845.0,38,41
7367845.0,40,51
7367853.0,80,125
7367855.0,33,45
7367915.0,33,41
7368007.0,35,44
7368014.0,33,42
7368015.0,28,59
7368015.0,25,64
7368026.0,38,56
7368033.0,29,60
7368037.0,9,0
7368127.0,38,40
7368174.0,32,43
7368188.0,38,43
7368195.0,33,43
7368270.0,30,44
7368344.0,40,41
7368349.0,42,48
7368409.0,38,41
7368524.0,31,51
7368525.0,9,1
7368562.0,39,47
7368611.0,36,63
7368645.0,80,126
7368667.0,33,41
7368698.0,40,52
7368729.0,35,44
7368900.0,38,40
7368915.0,40,40
7368963.0,39,55
7368972.0,36,39
7368989.0,35,63
7369128.0,40,42
7369137.0,40,44
7369174.0,39,54
7369187.0,33,44
7369188.0,36,42
7369225.0,41,51
7369254.0,37,65
7369261.0,35,44
7369294.0,32,59
7369340.0,40,47
7369378.0,33,43
7369381.0,36,40
7369417.0,35,41
7369430.0,40,53
7369470.0,42,47
7369471.0,33,41
7369473.0,39,50
7369518.0,33,44
7369526.0,35,44
7369535.0,27,58
7369570.0,27,72
7369578.0,32,41
7369641.0,41,50
7369647.0,36,42
7369649.0,31,41
7369670.0,24,63
7369704.0,42,48
7369738.0,33,40
7369744.0,35,39
7369754.0,43,46
7369764.0,36,62
7369803.0,40,40
7369841.0,37,58
7369869.0,40,41
7369903.0,64,61
7369920.0,36,41
7369925.0,40,45
7369933.0,35,42
7369940.0,40,39
7369949.0,31,50
7369966.0,45,94
7370002.0,27,58
7370023.0,33,43
7370028.0,38,39
7370042.0,30,56
7370054.0,38,44
7370144.0,85,91
7370145.0,31,43
7370168.0,33,41
7370210.0,29,55
7370214.0,33,40
7370234.0,36,41
7370240.0,42,49
7370288.0,40,47
7370317.0,36,42
7370435.0,46,94
7370475.0,31,44
7370510.0,40,46
7370515.0,31,49
7370523.0,40,48
7370584.0,31,47
7370622.0,40,53
7370674.0,36,38
7370689.0,31,45
7370692.0,32,43
7370703.0,31,46
7370783.0,34,39
7370863.0,33,43
7370920.0,37,66
7370927.0,40,43
7370935.0,38,38
7370963.0,35,43
7371034.0,62,45
7371046.0,45,94
7371058.0,37,45
7371148.0,33,43
7371169.0,36,74
7371189.0,35,44
7371209.0,36,61
7371244.0,61,44
7371262.0,39,41
7371272.0,37,38
7371340.0,40,39
7371436.0,31,42
7371439.0,40,44
7371462.0,43,47
7371483.0,34,40
7371580.0,36,44
7371586.0,46,94
7371714.0,42,48
7371717.0,26,66
7371808.0,40,42
7371825.0,25,66
7371847.0,41,52
7371918.0,41,46
7371931.0,45,94
7371955.0,37,60
7372046.0,26,66
7372072.0,31,42
7372109.0,34,41
7372120.0,39,39
7372199.0,25,82
7372231.0,61,82
7372236.0,61,44
7372261.0,41,41
7372276.0,36,43
7372368.0,41,40
7372390.0,33,43
7372441.0,34,43
7372481.0,34,42
7372483.0,45,94
7372552.0,40,46
7372575.0,40,54
7372583.0,41,51
7372653.0,34,46
7372673.0,43,47
7372675.0,38,44
7372702.0,61,44
7372705.0,42,46
7372706.0,42,50
7372728.0,41,42
7372750.0,38,49
7372769.0,43,46
7372782.0,36,40
7372791.0,41,43
7372811.0,39,42
7372830.0,39,39
7372879.0,37,41
7372892.0,33,44
7372987.0,41,47
7372998.0,92,116
7373000.0,61,44
7373010.0,41,44
7373037.0,41,52
7373045.0,42,49
7373059.0,37,59
7373066.0,33,42
7373067.0,35,62
7373098.0,33,41
7373113.0,37,60
7373120.0,40,47
7373130.0,44,94
7373216.0,37,39
7373257.0,41,48
7373264.0,30,47
7373429.0,41,47
7373459.0,54,103
7373529.0,30,50
7373548.0,31,49
7373570.0,36,41
7373592.0,31,54
7373602.0,95,103
7373609.0,25,66
7373637.0,37,67
7373644.0,39,55
7373650.0,40,48
7373679.0,31,50
7373727.0,25,73
7373751.0,36,42
7373754.0,37,50
7373781.0,30,49
7373819.0,39,44
7373838.0,38,55
7373870.0,41,41
7373880.0,41,43
7373896.0,36,39
7373898.0,82,117
7374037.0,37,49
7374062.0,37,43
7374069.0,41,45
7374074.0,31,49
7374085.0,32,48
7374168.0,31,50
7374172.0,62,45
7374204.0,37,60
7374260.0,41,42
7374300.0,39,55
7374314.0,35,39
7374367.0,40,39
7374372.0,31,51
7374387.0,29,58
7374394.0,30,49
7374394.0,39,47
7374436.0,43,48
7374446.0,41,53
7374459.0,28,67
7374462.0,39,44
7374526.0,39,43
7374527.0,41,47
7374591.0,33,43
7374636.0,41,44
7374667.0,31,52
7374730.0,31,48
7374762.0,41,46
7374825.0,37,42
7374843.0,40,54
7374865.0,39,55
7374884.0,34,44
7374916.0,43,49
7374965.0,31,58
7374973.0,32,43
7375008.0,41,47
7375083.0,31,49
7375160.0,39,43
7375220.0,41,40
7375242.0,38,58
7375279.0,39,44
7375292.0,39,48
7375320.0,34,45
7375345.0,55,106
7375351.0,32,43
7375411.0,32,47
7375482.0,32,46
7375507.0,39,44
7375512.0,30,57
7375544.0,42,47
7375545.0,39,55
7375586.0,42,41
7375597.0,40,41
7375648.0,39,38
7375745.0,41,47
7375784.0,43,46
7375788.0,40,40
7375801.0,42,50
7375831.0,41,45
7375860.0,42,51
7375870.0,37,42
7375911.0,32,50
7375930.0,31,47
7375944.0,32,44
7375960.0,33,61
7375976.0,38,89
7375979.0,40,42
7375980.0,40,41
7375997.0,41,39
7376001.0,42,42
7376010.0,30,49
7376031.0,41,46
7376034.0,32,43
7376051.0,43,49
7376076.0,41,52
7376114.0,44,47
7376118.0,51,91
7376161.0,33,61
7376171.0,42,40
7376178.0,39,55
7376219.0,34,40
7376243.0,35,40
7376267.0,35,43
7376271.0,35,41
7376277.0,32,45
7376290.0,31,50
7376323.0,35,42
7376325.0,38,39
7376341.0,37,40
7376386.0,41,53
7376433.0,38,40
7376489.0,37,39
7376549.0,40,43
7376561.0,40,40
7376573.0,41,47
7376618.0,34,42
7376664.0,26,80
7376679.0,32,42
7376684.0,43,48
7376711.0,34,40
7376721.0,34,41
7376730.0,42,41
7376742.0,23,62
7376772.0,39,55
7376805.0,39,56
7376810.0,29,61
7376814.0,42,43
7376819.0,43,46
7376839.0,33,51
7376864.0,39,45
7376876.0,37,64
7376888.0,40,54
7376900.0,40,39
7376955.0,39,46
7377013.0,32,49
7377094.0,31,47
7377111.0,40,47
7377114.0,23,62
7377129.0,42,51
7377164.0,21,77
7377236.0,29,57
7377257.0,43,46
7377277.0,39,46
7377278.0,35,41
7377358.0,42,47
7377472.0,32,51
7377500.0,38,41
7377509.0,34,44
7377610.0,44,47
7377614.0,21,77
7377656.0,40,44
7377657.0,43,46
7377666.0,42,44
7377692.0,39,55
7377816.0,40,51
7377843.0,37,41
7377855.0,32,48
7377899.0,43,46
7377925.0,43,49
7378042.0,40,39
7378120.0,42,48
7378141.0,37,52
7378149.0,42,40
7378227.0,38,41
7378239.0,39,55
7378241.0,42,47
7378247.0,41,47
7378256.0,34,43
7378290.0,34,46
7378301.0,40,55
7378348.0,37,45
7378393.0,31,49
7378404.0,42,42
7378435.0,42,52
7378473.0,36,44
7378588.0,31,53
7378642.0,39,55
7378644.0,39,56
7378673.0,35,41
7378722.0,42,45
7378728.0,39,45
7378894.0,38,41
7378928.0,1,47
7378959.0,35,44
7379099.0,41,41
7379110.0,31,49
7379119.0,42,43
7379124.0,26,85
7379135.0,27,84
7379138.0,37,52
7379140.0,1,46
7379143.0,38,58
7379176.0,32,47
7379202.0,42,44
7379215.0,41,40
7379238.0,112,59
7379374.0,33,42
7379378.0,44,48
7379414.0,36,41
7379498.0,28,84
7379545.0,37,42
7379562.0,36,62
7379587.0,42,47
7379598.0,32,52
7379654.0,39,57
7379666.0,43,47
7379689.0,31,54
7379709.0,33,42
7379740.0,35,41
7379754.0,32,47
7379766.0,36,40
7379844.0,37,60
7379849.0,32,46
7379904.0,35,46
7379974.0,37,67
7379992.0,37,43
7380006.0,1,46
7380025.0,38,40
7380038.0,43,47
7380069.0,43,41
7380069.0,33,43
7380137.0,41,42
7380150.0,43,42
7380193.0,28,60
7380223.0,29,59
7380334.0,30,43
7380416.0,40,55
7380433.0,42,46
7380451.0,38,41
7380466.0,41,43
7380472.0,33,44
7380482.0,37,51
7380519.0,28,60
7380542.0,32,49
7380657.0,26,85
7380731.0,35,45
7380776.0,41,54
7380816.0,43,40
7380823.0,37,52
7380843.0,30,43
7380851.0,39,39
7380882.0,33,42
7380889.0,32,50
7380897.0,42,47
7380951.0,39,40
7380960.0,37,39
7380971.0,32,47
7380973.0,31,49
7381040.0,33,41
7381051.0,43,51
7381096.0,40,89
7381102.0,37,62
7381105.0,42,45
7381109.0,36,42
7381136.0,33,42
7381151.0,42,40
7381154.0,35,42
7381159.0,1,47
7381173.0,43,47
7381189.0,29,59
7381203.0,26,67
7381215.0,33,45
7381344.0,32,55
7381379.0,41,40
7381395.0,39,40
7381417.0,33,40
7381450.0,39,39
7381491.0,41,39
7381530.0,43,43
7381558.0,42,49
7381560.0,38,44
7381583.0,39,41
7381631.0,33,47
7381642.0,33,46
7381667.0,1,47
7381683.0,31,45
7381685.0,44,49
7381695.0,43,44
7381732.0,33,55
7381758.0,32,47
7381765.0,42,46
7381769.0,32,54
7381772.0,41,53
7381773.0,82,103
7381790.0,26,67
7381811.0,43,47
7381819.0,42,53
7381843.0,30,74
7381851.0,35,44
7381970.0,43,42
7382042.0,43,41
7382045.0,43,48
7382089.0,33,40
7382107.0,37,63
7382125.0,31,49
7382147.0,42,48
7382160.0,29,59
7382193.0,41,41
7382197.0,33,49
7382235.0,37,40
7382330.0,16,55
7382348.0,43,48
7382377.0,41,50
7382382.0,36,43
7382400.0,39,39
7382421.0,39,41
7382515.0,43,43
7382523.0,33,49
7382571.0,32,53
7382576.0,43,40
7382585.0,33,48
7382593.0,39,39
7382613.0,41,40
7382618.0,31,56
7382634.0,42,48
7382641.0,44,47
7382675.0,43,44
7382791.0,42,47
7382804.0,43,45
7382814.0,43,47
7382824.0,41,39
7382858.0,30,56
7382864.0,37,65
7382866.0,41,44
7382913.0,39,42
7382958.0,37,61
7382986.0,30,60
7383000.0,16,55
7383038.0,32,53
7383048.0,31,56
7383049.0,34,41
7383055.0,45,48
7383099.0,44,49
7383102.0,43,42
7383113.0,43,47
7383122.0,39,41
7383152.0,41,42
7383204.0,42,52
7383276.0,36,44
7383312.0,32,56
7383352.0,37,41
7383498.0,39,41
7383516.0,41,54
7383538.0,40,39
7383548.0,35,45
7383569.0,33,49
7383632.0,31,56
7383656.0,38,38
7383659.0,42,53
7383676.0,43,48
7383722.0,30,60
7383772.0,26,65
7383894.0,32,56
7383919.0,39,57
7383966.0,35,46
7383985.0,38,60
7384009.0,31,55
7384041.0,45,47
7384069.0,41,48
7384073.0,42,42
7384077.0,42,40
7384110.0,39,43
7384130.0,35,43
7384174.0,30,56
7384178.0,42,41
7384207.0,43,45
7384216.0,33,47
7384222.0,43,51
7384272.0,40,55
7384336.0,31,55
7384369.0,32,52
7384390.0,44,42
7384401.0,43,46
7384413.0,36,45
7384435.0,26,65
7384479.0,44,41
7384518.0,31,56
7384542.0,42,41
7384571.0,34,42
7384609.0,32,56
7384616.0,30,85
7384630.0,30,56
7384644.0,43,52
7384688.0,37,42
7384760.0,44,50
7384889.0,15,56
7384911.0,36,46
7384955.0,38,59
7385011.0,38,44
7385032.0,42,40
7385049.0,39,40
7385155.0,44,43
7385167.0,32,56
7385173.0,33,46
7385193.0,40,40
7385213.0,42,43
7385232.0,36,46
7385250.0,31,56
7385300.0,42,48
7385392.0,33,47
7385422.0,26,66
7385499.0,33,48
7385500.0,39,41
7385517.0,44,41
7385520.0,38,44
7385520.0,41,47
7385630.0,30,71
7385646.0,31,56
7385650.0,31,55
7385684.0,43,46
7385702.0,26,67
7385734.0,40,40
7385776.0,43,40
7385782.0,36,41
7385790.0,38,44
7385876.0,41,44
7385928.0,32,53
7385977.0,44,42
7385990.0,79,101
7386003.0,33,48
7386013.0,44,50
7386024.0,40,41
7386026.0,34,44
7386042.0,33,51
7386089.0,36,46
7386108.0,44,47
7386181.0,29,85
7386195.0,45,49
7386247.0,39,42
7386300.0,44,44
7386344.0,37,43
7386411.0,43,42
7386467.0,45,48
7386470.0,39,43
7386486.0,34,43
7386494.0,34,48
7386568.0,39,58
7386593.0,27,63
7386613.0,43,41
7386678.0,17,78
7386680.0,36,42
7386702.0,38,40
7386710.0,9,76
7386763.0,44,51
7386791.0,44,43
7386823.0,41,49
7386841.0,41,55
7387209.0,9,76
7387322.0,33,47
7387360.0,41,45
7387385.0,40,42
7387395.0,45,49
7387404.0,34,45
7387441.0,43,49
7387445.0,42,45
7387448.0,34,46
7387524.0,41,40
7387564.0,31,52
7387576.0,43,47
7387618.0,41,39
7387662.0,39,57
7387717.0,34,47
7387751.0,40,39
7387778.0,43,49
7387800.0,36,44
7387847.0,33,42
7387855.0,43,48
7387870.0,9,76
7387876.0,44,45
7387934.0,44,44
7387972.0,55,108
7388108.0,33,49
7388111.0,30,56
7388135.0,42,49
7388270.0,36,43
7388342.0,42,44
7388342.0,46,48
7388353.0,45,42
7388355.0,43,52
7388404.0,37,67
7388422.0,44,46
7388454.0,33,42
7388653.0,33,49
7388663.0,37,44
7388728.0,43,48
7388861.0,45,41
7388879.0,37,45
7388886.0,42,42
7388892.0,45,43
7388938.0,44,48
7389003.0,43,47
7389004.0,36,45
7389024.0,43,49
7389035.0,42,44
7389051.0,43,43
7389108.0,45,50
7389130.0,42,43
7389169.0,41,41
7389258.0,39,40
7389341.0,37,89
7389374.0,43,42
7389411.0,43,53
7389425.0,40,41
7389446.0,41,40
7389456.0,45,42
7389463.0,33,49
7389599.0,44,45
7389672.0,46,49
7389810.0,41,41
7389837.0,30,73
7389858.0,44,51
7389889.0,35,43
7389915.0,44,41
7390083.0,45,43
7390095.0,35,42
7390114.0,38,42
7390126.0,30,73
7390134.0,36,46
7390147.0,44,46
7390162.0,37,41
7390196.0,43,42
7390219.0,43,41
7390237.0,31,43
7390323.0,35,41
7390447.0,30,74
7390497.0,45,50
7390509.0,42,53
7390609.0,32,53
7390616.0,41,42
7390647.0,40,42
7390722.0,35,42
7390760.0,41,41
7390788.0,44,52
7390863.0,30,70
7390924.0,32,53
7390935.0,37,46
7390976.0,45,48
7390987.0,43,48
7391007.0,43,42
7391051.0,42,47
7391103.0,43,43
7391155.0,34,46
7391162.0,44,47
7391186.0,33,45
7391192.0,37,46
7391212.0,39,40
7391232.0,30,74
7391267.0,39,58
7391285.0,40,56
7391324.0,46,49
7391342.0,45,44
7391361.0,42,46
7391366.0,41,40
7391370.0,41,41
7391381.0,34,47
7391441.0,37,41
7391472.0,30,74
7391479.0,43,53
7391547.0,30,70
7391616.0,41,47
7391658.0,44,42
7391661.0,43,40
7391687.0,43,50
7391692.0,33,45
7391773.0,45,44
7391773.0,37,42
7391805.0,39,41
7391823.0,35,47
7391847.0,41,47
7391902.0,45,51
7391933.0,44,52
7391955.0,35,42
7391956.0,34,46
7391972.0,44,46
7392051.0,43,43
7392053.0,35,47
7392060.0,45,45
7392079.0,41,41
7392085.0,44,49
7392091.0,42,54
7392117.0,46,70
7392184.0,43,49
7392214.0,43,54
7392267.0,45,44
7392319.0,35,42
7392333.0,33,45
7392335.0,39,41
7392393.0,43,44
7392402.0,43,45
7392423.0,41,41
7392462.0,36,41
7392528.0,46,43
7392536.0,42,40
7392570.0,8,76
7392590.0,12,44
7392591.0,35,47
7392606.0,35,45
7392618.0,9,76
7392643.0,33,45
7392710.0,46,50
7392872.0,32,44
7392899.0,46,42
7392982.0,38,39
7392995.0,41,40
7393028.0,43,45
7393054.0,42,55
7393086.0,45,46
7393168.0,34,46
7393174.0,34,49
7393225.0,39,59
7393226.0,33,48
7393243.0,38,44
7393253.0,26,65
7393334.0,44,43
7393341.0,30,82
7393354.0,32,44
7393438.0,35,47
7393513.0,38,43
7393552.0,45,51
7393579.0,36,72
7393635.0,44,47
7393725.0,34,48
7393783.0,12,44
7393805.0,33,50
7393885.0,42,48
7393900.0,45,41
7393906.0,42,47
7393909.0,30,82
7393914.0,43,44
7393954.0,35,47
7393969.0,36,67
7393983.0,46,44
7393990.0,42,41
7394011.0,40,41
7394053.0,43,45
7394072.0,44,48
7394088.0,42,45
7394138.0,44,50
7394174.0,45,41
7394176.0,43,40
7394190.0,34,46
7394203.0,46,43
7394230.0,46,50
7394262.0,35,46
7394274.0,44,52
7394327.0,37,45
7394346.0,39,41
7394360.0,33,52
7394362.0,39,42
7394388.0,44,44
7394403.0,43,45
7394423.0,35,47
7394456.0,40,40
7394462.0,45,46
7394477.0,43,40
7394538.0,41,42
7394578.0,41,56
7394607.0,42,55
7394610.0,39,58
7394675.0,31,58
7394692.0,43,54
7394797.0,37,43
7394847.0,36,42
7394847.0,33,54
7394872.0,38,45
7394949.0,44,42
7394966.0,32,54
7394982.0,38,42
7395097.0,44,41
7395171.0,45,48
7395179.0,38,41
7395278.0,45,42
7395283.0,46,44
7395305.0,45,52
7395317.0,36,52
7395335.0,39,41
7395336.0,35,47
7395353.0,38,59
7395362.0,37,44
7395498.0,35,47
7395545.0,39,59
7395556.0,39,75
7395566.0,44,49
7395575.0,42,42
7395593.0,42,49
7395614.0,44,53
7395617.0,32,54
7395671.0,39,41
7395802.0,41,44
7395832.0,40,44
7395848.0,46,45
7395867.0,42,55
7395898.0,34,47
7395938.0,45,49
7395950.0,44,48
7395957.0,43,51
7395980.0,42,40
7395993.0,42,46
7396025.0,39,58
7396093.0,43,50
7396111.0,45,41
7396114.0,43,54
7396146.0,42,41
7396154.0,45,47
7396162.0,42,52
7396177.0,44,49
7396191.0,43,46
7396249.0,83,119
7396269.0,39,43
7396323.0,37,41
7396324.0,43,40
7396375.0,34,87
7396407.0,37,46
7396456.0,42,40
7396482.0,37,63
7396556.0,12,76
7396561.0,23,77
7396581.0,43,49
7396602.0,53,100
7396647.0,47,50
7396648.0,17,74
7396666.0,45,41
7396676.0,44,45
7396705.0,32,54
7396717.0,41,43
7396731.0,39,43
7396746.0,47,43
7396757.0,34,47
7396862.0,45,52
7396896.0,41,50
7396917.0,12,76
7396953.0,43,46
7397106.0,35,46
7397109.0,43,45
7397318.0,23,76
7397326.0,46,46
7397346.0,36,43
7397390.0,42,41
7397393.0,35,46
7397418.0,34,58
7397542.0,35,48
7397618.0,46,45
7397649.0,40,41
7397722.0,29,84
7397760.0,44,50
7397855.0,46,49
7397884.0,45,44
7397901.0,45,43
7397977.0,42,43
7397996.0,33,86
7398027.0,43,46
7398068.0,44,49
7398079.0,46,51
7398084.0,41,40
7398164.0,45,48
7398166.0,38,43
7398176.0,40,42
7398230.0,46,42
7398252.0,45,52
7398262.0,38,46
7398334.0,43,46
7398334.0,25,82
7398342.0,47,50
7398362.0,45,43
7398381.0,47,44
7398428.0,35,47
7398489.0,46,46
7398584.0,41,44
7398601.0,44,46
7398604.0,44,42
7398889.0,32,79
7399052.0,47,43
7399077.0,36,45
7399079.0,39,44
7399103.0,45,49
7399251.0,44,45
7399393.0,39,44
7399407.0,37,42
7399461.0,45,44
7399485.0,34,51
7399501.0,47,45
7399602.0,43,41
7399672.0,44,44
7399705.0,39,41
7399706.0,45,43
7399748.0,44,51
7399811.0,44,45
7399832.0,46,47
7399836.0,41,41
7399875.0,45,42
7399934.0,46,43
7399949.0,36,46
7399976.0,44,54
7400012.0,42,42
7400061.0,43,47
7400072.0,38,44
7400113.0,39,44
7400235.0,44,53
7400240.0,43,55
7400275.0,46,51
7400304.0,47,44
7400321.0,39,44
7400323.0,39,59
7400361.0,38,60
7400400.0,43,47
7400641.0,33,85
7400648.0,42,47
7400682.0,45,43
7400722.0,43,42
7400749.0,39,45
7400908.0,35,49
7400951.0,19,76
7400979.0,40,43
7401003.0,36,47
7401007.0,46,52
7401041.0,44,54
7401152.0,33,86
7401196.0,39,42
7401239.0,43,41
7401247.0,47,51
7401260.0,37,43
7401273.0,35,49
7401328.0,23,76
7401355.0,45,43
7401357.0,45,45
7401389.0,38,46
7401406.0,43,46
7401477.0,33,86
7401535.0,46,44
7401544.0,45,43
7401604.0,44,46
7401629.0,36,46
7401650.0,43,42
7401675.0,42,56
7401684.0,45,50
7401685.0,45,49
7401695.0,40,57
7401801.0,23,76
7401851.0,46,43
7401863.0,41,43
7401877.0,44,49
7401964.0,41,42
7402060.0,44,41
7402127.0,44,52
7402140.0,35,48
7402150.0,45,43
7402153.0,46,48
7402161.0,46,43
7402163.0,44,50
7402164.0,44,45
7402191.0,45,42
7402280.0,48,44
7402282.0,38,45
7402387.0,36,45
7402391.0,45,48
7402414.0,41,57
7402424.0,43,52
7402438.0,47,45
7402439.0,36,46
7402455.0,45,41
7402460.0,45,53
7402555.0,47,43
7402666.0,44,52
7402695.0,42,43
7402728.0,46,52
7402742.0,42,45
7402760.0,43,52
7402842.0,38,46
7402871.0,39,45
7402883.0,18,76
7402887.0,42,56
7402898.0,40,44
7402946.0,41,42
7403016.0,36,46
7403073.0,36,45
7403132.0,39,46
7403156.0,46,47
7403202.0,45,53
7403211.0,44,50
7403213.0,47,51
7403245.0,39,45
7403270.0,48,44
7403281.0,34,53
7403307.0,44,47
7403371.0,46,44
7403374.0,36,46
7403434.0,45,53
7403530.0,42,53
7403532.0,44,46
7403566.0,39,41
7403590.0,37,71
7403623.0,35,49
7403650.0,39,43
7403694.0,42,41
7403703.0,48,45
7403733.0,45,44
7403744.0,45,49
7403749.0,43,48
7403807.0,47,46
7403886.0,41,42
7403968.0,39,45
7404006.0,46,50
7404134.0,43,43
7404142.0,44,54
7404189.0,44,42
7404211.0,41,42
7404282.0,33,53
7404284.0,43,48
7404288.0,47,43
7404455.0,47,47
7404533.0,46,53
7404554.0,33,53
7404570.0,46,48
7404617.0,46,50
7404645.0,43,47
7404689.0,40,47
7404719.0,43,55
7404720.0,45,46
7404773.0,43,43
7404850.0,36,47
7404910.0,37,44
7404931.0,47,47
7404973.0,43,44
7405000.0,39,47
7405052.0,46,42
7405054.0,41,57
7405081.0,47,44
7405101.0,47,50
7405101.0,37,72
7405110.0,43,48
7405122.0,39,43
7405138.0,27,47
7405180.0,38,41
7405194.0,45,44
7405371.0,46,45
7405391.0,42,56
7405415.0,40,41
7405565.0,43,44
7405611.0,38,48
7405616.0,47,47
7405626.0,45,41
7405649.0,27,47
7405679.0,41,43
7405750.0,44,55
7405803.0,48,46
7405825.0,35,54
7405849.0,45,41
7405971.0,48,45
7406024.0,48,51
7406069.0,47,52
7406074.0,45,45
7406188.0,37,45
7406214.0,43,56
7406220.0,46,50
7406227.0,45,52
7406299.0,43,48
7406313.0,38,72
7406327.0,35,54
7406343.0,46,49
7406361.0,32,54
7406449.0,46,50
7406477.0,33,52
7406523.0,35,55
7406534.0,45,50
7406553.0,44,52
7406626.0,39,44
7406684.0,46,43
7406703.0,36,43
7406723.0,45,54
7406767.0,35,54
7406798.0,38,49
7406829.0,47,48
7406836.0,34,52
7406897.0,45,41
7406904.0,47,50
7407045.0,46,42
7407078.0,44,52
7407080.0,48,46
7407191.0,47,50
7407272.0,47,52
7407414.0,45,51
7407456.0,46,46
7407472.0,47,48
7407500.0,42,42
7407513.0,38,42
7407543.0,46,42
7407560.0,40,45
7407706.0,44,55
7407784.0,44,48
7407785.0,39,41
7407834.0,49,45
7407890.0,37,46
7407912.0,46,42
7407915.0,35,54
7407923.0,44,46
7407960.0,39,44
7407994.0,48,47
7408003.0,48,44
7408095.0,46,51
7408187.0,44,42
7408333.0,47,48
7408337.0,47,45
7408438.0,35,54
7408440.0,47,50
7408465.0,46,50
7408472.0,47,93
7408477.0,48,52
7408492.0,26,82
7408572.0,42,45
7408631.0,47,44
7408634.0,32,57
7408644.0,43,56
7408646.0,44,47
7408663.0,36,49
7408680.0,33,56
7408693.0,45,54
7408731.0,48,47
7408731.0,46,50
7408734.0,39,45
7408759.0,38,66
7408884.0,45,50
7408941.0,46,44
7408982.0,46,53
7409247.0,41,57
7409292.0,32,66
7409307.0,37,66
7409311.0,45,47
7409330.0,47,44
7409377.0,40,41
7409426.0,43,41
7409460.0,46,43
7409546.0,46,92
7409585.0,41,44
7409657.0,36,50
7409703.0,45,46
7409708.0,46,49
7409737.0,45,47
7409738.0,39,41
7409796.0,49,46
7409809.0,40,59
7409898.0,39,46
7409955.0,40,43
7409963.0,47,44
7409974.0,40,46
7410000.0,49,45
7410017.0,46,54
7410024.0,41,45
7410211.0,31,86
7410242.0,47,43
7410291.0,46,51
7410314.0,9,87
7410449.0,45,42
7410502.0,47,49
7410527.0,35,51
7410540.0,46,93
7410630.0,41,45
7410638.0,34,54
7410797.0,47,44
7410887.0,32,87
7410945.0,39,60
7410966.0,31,86
7410969.0,37,63
7411026.0,46,44
7411087.0,35,88
7411172.0,47,51
7411184.0,32,87
7411203.0,45,47
7411218.0,42,46
7411309.0,40,47
7411331.0,48,44
7411370.0,40,89
7411370.0,45,55
7411398.0,48,48
7411449.0,38,44
7411458.0,46,54
7411515.0,45,43
7411516.0,49,46
7411526.0,47,53
7411535.0,46,47
7411579.0,42,43
7411588.0,48,51
7411634.0,46,42
7411641.0,46,46
7411682.0,47,44
7411711.0,46,50
7411751.0,45,47
7411781.0,38,43
7411853.0,45,43
7411892.0,45,51
7411895.0,37,45
7411964.0,44,43
7412007.0,47,46
7412070.0,33,54
7412072.0,44,44
7412087.0,41,43
7412137.0,39,42
7412238.0,47,44
7412266.0,44,44
7412306.0,46,46
7412354.0,49,47
7412399.0,44,55
7412429.0,37,46
7412459.0,47,93
7412482.0,43,46
7412509.0,41,43
7412566.0,47,49
7412704.0,37,45
7412713.0,47,46
7412720.0,45,46
7412760.0,41,57
7412844.0,46,45
7412863.0,40,44
7412932.0,48,45
7412986.0,47,51
7413073.0,35,62
7413088.0,37,46
7413131.0,48,48
7413142.0,24,45
7413225.0,43,42
7413239.0,36,49
7413252.0,46,46
7413352.0,45,42
7413411.0,39,47
7413419.0,45,55
7413462.0,35,49
7413545.0,47,46
7413562.0,46,46
7413619.0,37,45
7413661.0,37,46
7413716.0,43,42
7413755.0,36,46
7413806.0,45,52
7413844.0,44,48
7413863.0,38,72
7413897.0,35,46
7413916.0,37,46
7413959.0,37,45
7414179.0,47,47
7414181.0,48,49
7414227.0,35,46
7414252.0,46,54
7414293.0,44,45
7414443.0,48,53
7414535.0,43,46
7414648.0,45,44
7414659.0,35,49
7414785.0,41,42
7414861.0,44,50
7414919.0,46,50
7415007.0,47,50
7415209.0,49,45
7415392.0,49,47
7415514.0,45,48
7415648.0,38,45
7415676.0,43,46
7415732.0,46,48
7415831.0,46,42
7415859.0,48,46
7415875.0,42,44
7415887.0,44,44
7415904.0,43,46
7415920.0,46,52
7415930.0,45,53
7415977.0,47,54
7416013.0,45,48
7416035.0,46,48
7416049.0,43,51
7416069.0,45,51
7416099.0,48,53
7416213.0,49,48
7416221.0,45,53
7416233.0,47,44
7416241.0,46,52
7416316.0,45,47
7416455.0,48,49
7416523.0,42,57
7416571.0,38,46
7416586.0,36,48
7416724.0,46,43
7416755.0,47,50
7416799.0,46,55
7416879.0,50,46
7416923.0,43,57
7416970.0,34,52
7417154.0,45,53
7417158.0,46,48
7417209.0,46,52
7417323.0,39,43
7417357.0,34,52
7417420.0,45,53
7417478.0,34,53
7417517.0,44,56
7417550.0,47,54
7417558.0,36,52
7417577.0,50,47
7417618.0,39,42
7417689.0,38,62
7417730.0,49,48
7417862.0,43,43
7417921.0,45,50
7417921.0,47,52
7417928.0,15,76
7418071.0,46,49
7418073.0,47,45
7418079.0,49,88
7418122.0,34,53
7418125.0,15,77
7418129.0,44,46
7418180.0,36,52
7418222.0,36,50
7418231.0,39,60
7418283.0,45,55
7418317.0,45,49
7418430.0,35,52
7418447.0,49,88
7418498.0,44,42
7418534.0,45,53
7418553.0,48,52
7418647.0,45,52
7418666.0,46,55
7418708.0,49,53
7418736.0,43,42
7418801.0,43,57
7418981.0,40,41
7419240.0,45,56
7419358.0,45,53
7419487.0,48,53
7419587.0,48,44
7419794.0,40,44
7419812.0,39,61
7419891.0,38,59
7419956.0,46,44
7420004.0,49,53
7420118.0,48,53
7420455.0,48,43
7420583.0,46,51
7420664.0,42,53
7420803.0,41,46
7420846.0,44,57
7420914.0,46,53
7421054.0,39,44
7421107.0,38,44
7421244.0,50,47
7421267.0,48,46
7421273.0,47,48
7421424.0,45,53
7421461.0,48,44
7421472.0,39,44
7421483.0,41,44
7421496.0,46,47
7421510.0,49,49
7421590.0,45,94
7421702.0,38,44
7421720.0,37,43
7421800.0,93,45
7421869.0,17,77
7421924.0,45,43
7421985.0,47,51
7422017.0,48,54
7422021.0,45,56
7422059.0,49,45
7422091.0,45,48
7422196.0,47,55
7422262.0,17,77
7422264.0,46,94
7422272.0,45,53
7422275.0,48,46
7422294.0,93,45
7422356.0,45,94
7422372.0,48,43
7422601.0,45,53
7422641.0,49,48
7422736.0,37,48
7422787.0,48,47
7422849.0,37,49
7422987.0,51,95
7423002.0,50,48
7423111.0,46,48
7423199.0,47,52
7423259.0,46,42
7423355.0,48,50
7423395.0,37,48
7423400.0,46,48
7423429.0,47,43
7423544.0,49,54
7423577.0,45,94
7423595.0,51,94
7423619.0,44,92
7423723.0,47,46
7423752.0,48,54
7423818.0,38,72
7423839.0,38,54
7423885.0,46,43
7423947.0,44,91
7424000.0,44,57
7424071.0,40,42
7424104.0,37,48
7424326.0,42,42
7424328.0,38,48
7424349.0,37,48
7424394.0,39,43
7424483.0,43,57
7424650.0,39,49
7424751.0,49,49
7424973.0,48,45
7425302.0,46,95
7425343.0,39,95
7425396.0,40,46
7425445.0,39,44
7425481.0,45,44
7425490.0,47,55
7425613.0,45,45
7425676.0,39,44
7425852.0,42,45
7425952.0,49,46
7425959.0,38,44
7426148.0,40,47
7426271.0,39,45
7426337.0,41,44
7426382.0,42,58
7426400.0,38,44
7426442.0,45,44
7426456.0,45,46
7426523.0,41,47
7426764.0,43,44
7426819.0,44,43
7427107.0,45,44
7427147.0,38,44
7427369.0,36,50
7427397.0,48,48
7427471.0,42,44
7427578.0,38,44
7427890.0,46,49
7427951.0,47,96
7427983.0,29,70
7428053.0,11,68
7428054.0,42,41
7428097.0,45,44
7428109.0,40,43
7428148.0,42,43
7428181.0,37,49
7428268.0,39,44
7428303.0,48,43
7428324.0,41,41
7428338.0,47,53
7428483.0,46,49
7428493.0,45,44
7428552.0,39,44
7428575.0,40,43
7428727.0,41,41
7428744.0,37,49
7428987.0,48,43
7428988.0,46,52
7429031.0,46,54
7429127.0,41,59
7429257.0,48,53
7429331.0,37,49
7429464.0,49,54
7429597.0,49,44
7429603.0,45,53
7429633.0,45,49
7429912.0,42,58
7429968.0,39,61
7430073.0,49,55
7430284.0,33,71
7430338.0,46,45
7430403.0,40,43
7430600.0,48,55
7430644.0,45,45
7430727.0,38,47
7430765.0,47,56
7430927.0,46,45
7431182.0,46,53
7431190.0,45,54
7431284.0,38,47
7431378.0,49,47
7431558.0,46,44
7431566.0,38,46
7431571.0,47,53
7431597.0,40,44
7431629.0,49,47
7432020.0,47,47
7432278.0,46,53
7432399.0,40,44
7432432.0,45,94
7432520.0,38,47
7432729.0,38,46
7432816.0,48,47
7432997.0,41,46
7433159.0,46,48
7433162.0,42,46
7433208.0,46,53
7433226.0,48,53
7433235.0,41,45
7433277.0,46,52
7433442.0,47,43
7433456.0,52,83
7433472.0,47,42
7433526.0,44,57
7433543.0,38,46
7433597.0,34,55
7433647.0,48,47
7433768.0,42,46
7433895.0,49,44
7433895.0,38,46
7434018.0,46,49
7434073.0,46,97
7434094.0,35,88
7434109.0,9,67
7434187.0,43,45
7434377.0,34,55
7434655.0,43,45
7434666.0,20,74
7434704.0,41,59
7434820.0,51,87
7434891.0,41,42
7434895.0,46,53
7434904.0,39,42
7434995.0,49,55
7435073.0,34,55
7435143.0,45,56
7435159.0,46,96
7435183.0,46,42
7435202.0,39,42
7435276.0,41,41
7435485.0,41,41
7435570.0,41,42
7435742.0,42,44
7435761.0,46,42
7435880.0,42,42
7436193.0,35,52
7436249.0,45,43
7436337.0,41,42
7436418.0,39,41
7436650.0,46,42
7436785.0,45,43
7436786.0,35,52
7437061.0,43,45
7437226.0,35,53
7437286.0,41,42
7437835.0,35,53
7437883.0,44,44
7438118.0,48,53
7438189.0,45,43
7438401.0,28,61
7438403.0,42,46
7438424.0,45,49
7438434.0,45,43
7438522.0,46,95
7438706.0,47,97
7438752.0,49,45
7439060.0,43,50
7439274.0,49,47
7439356.0,45,94
7439374.0,44,94
7439504.0,44,93
7439848.0,45,54
7439959.0,41,46
7440853.0,45,95
7440876.0,48,102
7441094.0,6,77
7441098.0,47,69
7441205.0,55,105
7441636.0,46,54
7441664.0,48,102
7441835.0,42,47
7442300.0,50,93
7442522.0,47,98
7442554.0,38,49
7442667.0,50,94
7442927.0,51,94
7443347.0,51,94
7443468.0,50,94
7445245.0,31,65
7445302.0,35,59
7445356.0,34,59
7445513.0,35,59
7445925.0,43,41
7446587.0,45,96
7446735.0,45,95
7446843.0,54,108
7446955.0,47,47
7447542.0,17,73
7447562.0,47,99
7447594.0,45,96
7447837.0,11,73
7447920.0,45,96
7448759.0,16,76
7449136.0,16,76
7449357.0,46,97
7450307.0,28,79
7453633.0,26,69
7453736.0,12,76
7453993.0,26,71
7454190.0,27,70
7454351.0,26,71
7454470.0,45,97
7454982.0,11,76
7455103.0,45,95
7456043.0,46,98
7456838.0,48,46
7457034.0,44,95
7457053.0,52,96
7457090.0,43,45
7457106.0,44,45
7457288.0,80,106
7457754.0,42,46
7457831.0,47,47
7458315.0,48,55
7458351.0,47,50
7458515.0,49,55
7458626.0,48,43
7458783.0,49,46
7459230.0,46,99
7460010.0,62,80
7460192.0,46,44
7461204.0,46,48
7461436.0,45,49
7461557.0,50,48
7462489.0,49,44
7462718.0,46,53
7462738.0,48,53
7462831.0,48,54
7462910.0,47,53
7462962.0,48,55
7463225.0,47,51
7463307.0,48,50
7463372.0,47,48
7463484.0,42,58
7463543.0,46,45
7463556.0,50,46
7464331.0,49,49
7464411.0,42,41
7464813.0,50,48
7465021.0,46,48
7465070.0,39,47
7465799.0,48,50
7466152.0,43,45
7466421.0,43,46
7466537.0,45,98
7466799.0,43,44
7466867.0,51,46
7466896.0,49,54
7467061.0,45,42
7467113.0,46,43
7467132.0,47,53
7467184.0,42,47
7467240.0,49,42
7467249.0,45,53
7467308.0,51,46
7467577.0,41,46
7467585.0,48,53
7467747.0,41,46
7467875.0,46,52
7468425.0,49,43
7468670.0,43,47
7468742.0,47,49
7468778.0,49,43
7468895.0,39,61
7468935.0,42,45
7468939.0,46,48
7468946.0,40,60
7469068.0,50,47
7469207.0,41,45
7469435.0,51,46
7469461.0,38,47
7469602.0,49,45
7469715.0,41,42
7469773.0,47,102
7469794.0,49,46
7469806.0,51,46
7469811.0,39,55
7469815.0,48,101
7469842.0,46,100
7469981.0,47,50
7470188.0,48,54
7470477.0,48,54
7470557.0,46,99
7470559.0,40,60
7470645.0,43,46
7470723.0,42,42
7470776.0,46,56
7470806.0,90,106
7471160.0,38,49
7471194.0,48,47
7471223.0,47,47
7471301.0,45,53
7471355.0,41,41
7471421.0,46,56
7471435.0,44,45
7471477.0,51,47
7471481.0,49,48
7471512.0,40,71
7471572.0,46,41
7471578.0,39,59
7471583.0,90,107
7471621.0,47,42
7471654.0,45,53
7471663.0,42,45
7471784.0,45,44
7471873.0,90,110
7471889.0,47,55
7471936.0,41,44
7471956.0,45,56
7472067.0,36,51
7472101.0,43,44
7472127.0,46,47
7472151.0,48,54
7472196.0,46,53
7472272.0,46,52
7472303.0,36,52
7472347.0,47,43
7472393.0,46,48
7472539.0,48,54
7472564.0,45,44
7472604.0,40,59
7472645.0,46,47
7472842.0,48,49
7472926.0,41,58
7473039.0,48,44
7473061.0,45,49
7473124.0,45,48
7473137.0,44,57
7473286.0,49,48
7473378.0,42,57
7473524.0,48,50
7473526.0,46,51
7473557.0,45,48
7473637.0,44,57
7473676.0,42,57
7474000.0,49,48
7474539.0,47,50
7474553.0,42,43
7474570.0,48,50
7474634.0,45,48
7474741.0,49,45
7474741.0,49,48
7474936.0,47,55
7474961.0,44,42
7475017.0,39,43
7475019.0,39,45
7475025.0,12,55
7475119.0,47,47
7475207.0,51,46
7475235.0,48,48
7475288.0,43,57
7475412.0,46,47
7475454.0,49,48
7475487.0,44,57
7475501.0,43,57
7475620.0,38,67
7475719.0,42,57
7475732.0,49,53
7475777.0,43,43
7475801.0,90,119
7475851.0,50,47
7475855.0,64,90
7475861.0,46,47
7475899.0,45,56
7475954.0,47,45
7476029.0,47,52
7476060.0,12,55
7476105.0,40,46
7476145.0,42,58
7476220.0,33,44
7476323.0,45,43
7476323.0,50,44
7476387.0,41,47
7476446.0,46,42
7476471.0,33,44
7476763.0,48,49
7476781.0,43,57
7476830.0,45,43
7476864.0,42,44
7476981.0,41,44
7477016.0,41,41
7477046.0,46,52
7477095.0,43,57
7477107.0,46,43
7477114.0,49,47
7477172.0,39,52
7477382.0,41,40
7477528.0,50,46
7477672.0,40,42
7477711.0,45,52
7477846.0,46,46
7477881.0,41,46
7477966.0,45,47
7477972.0,15,74
7477980.0,37,48
7478089.0,49,44
7478154.0,45,98
7478227.0,47,98
7478232.0,46,46
7478285.0,39,54
7478430.0,47,55
7478491.0,39,41
7478507.0,40,41
7478614.0,47,102
7478614.0,45,52
7478910.0,47,46
7478958.0,46,46
7478978.0,48,53
7479027.0,46,54
7479041.0,45,53
7479050.0,47,53
7479077.0,41,42
7479100.0,38,47
7479119.0,46,52
7479178.0,48,43
7479232.0,35,53
7479254.0,47,44
7479276.0,45,53
7479303.0,38,54
7479357.0,37,49
7479366.0,39,41
7479372.0,39,43
7479496.0,48,53
7479569.0,47,49
7479729.0,36,50
7479748.0,37,50
7479757.0,46,50
7479769.0,39,60
7479862.0,46,47
7479906.0,41,58
7479947.0,45,52
7479950.0,37,47
7479958.0,42,57
7479987.0,46,41
7480032.0,47,53
7480076.0,42,41
7480093.0,47,41
7480093.0,46,46
7480307.0,39,41
7480371.0,41,57
7480396.0,48,53
7480439.0,49,47
7480526.0,42,57
7480539.0,46,41
7480547.0,42,43
7480594.0,45,48
7480612.0,43,43
7480677.0,49,47
7480797.0,48,53
7480850.0,34,53
7480855.0,41,57
7480919.0,48,48
7480981.0,45,55
7480983.0,46,42
7481078.0,35,57
7481129.0,48,46
7481221.0,39,44
7481241.0,41,45
7481357.0,48,42
7481361.0,44,44
7481426.0,44,41
7481455.0,47,46
7481537.0,45,44
7481629.0,46,52
7481717.0,38,45
7481800.0,35,57
7481825.0,40,59
7481884.0,42,45
7481907.0,44,42
7481925.0,48,53
7481973.0,46,45
7482055.0,46,41
7482085.0,35,49
7482085.0,41,57
7482327.0,40,45
7482336.0,44,46
7482343.0,35,57
7482355.0,47,49
7482364.0,41,57
7482377.0,35,49
7482435.0,46,50
7482507.0,35,50
7482565.0,44,44
7482565.0,45,51
7482569.0,43,42
7482584.0,39,42
7482658.0,36,48
7482664.0,40,44
7482713.0,43,57
7482740.0,46,50
7482773.0,47,44
7482894.0,47,52
7482951.0,48,53
7483054.0,36,51
7483055.0,40,41
7483085.0,48,44
7483124.0,47,54
7483181.0,46,53
7483203.0,40,44
7483203.0,41,41
7483205.0,43,57
7483224.0,41,42
7483272.0,47,44
7483285.0,41,44
7483350.0,47,54
7483355.0,39,52
7483439.0,48,45
7483453.0,35,52
7483479.0,45,42
7483488.0,39,60
7483499.0,44,56
7483709.0,40,40
7483739.0,47,40
7483748.0,45,40
7483791.0,49,43
7483883.0,40,44
7483891.0,43,57
7483934.0,44,43
7483959.0,47,51
7483979.0,47,44
7484051.0,42,43
7484126.0,38,61
7484242.0,47,43
7484301.0,47,45
7484307.0,46,54
7484408.0,46,50
7484437.0,41,43
7484469.0,47,44
7484503.0,43,57
7484516.0,49,46
7484521.0,48,52
7484554.0,50,45
7484559.0,44,52
7484561.0,48,47
7484613.0,90,109
7484616.0,45,55
7484673.0,47,54
7484708.0,44,55
7484733.0,46,50
7484756.0,41,42
7484801.0,33,84
7484809.0,46,55
7484885.0,49,46
7484915.0,46,46
7484988.0,47,54
7484989.0,38,45
7485001.0,50,44
7485027.0,48,42
7485043.0,45,55
7485092.0,38,44
7485106.0,27,45
7485355.0,45,52
7485360.0,45,46
7485456.0,43,57
7485479.0,48,51
7485583.0,42,56
7485608.0,41,42
7485740.0,49,46
7485763.0,43,57
7485768.0,47,44
7485776.0,45,55
7485821.0,50,44
7485838.0,46,55
7485900.0,45,50
7485903.0,48,47
7485931.0,43,56
7485996.0,44,45
7486035.0,44,44
7486093.0,45,46
7486206.0,48,43
7486234.0,45,47
7486242.0,41,41
7486246.0,41,42
7486321.0,42,57
7486336.0,44,52
7486372.0,47,48
7486400.0,47,54
7486428.0,61,58
7486472.0,47,109
7486546.0,47,44
7486550.0,42,42
7486553.0,41,41
7486631.0,43,44
7486649.0,49,45
7486677.0,41,42
7486686.0,43,41
7486709.0,49,46
7486734.0,48,52
7486836.0,44,42
7486874.0,45,46
7486877.0,47,54
7486906.0,37,46
7486956.0,48,52
7486958.0,45,51
7487010.0,48,41
7487018.0,47,40
7487065.0,47,45
7487107.0,39,59
7487121.0,82,122
7487143.0,47,51
7487217.0,37,47
7487225.0,42,57
7487230.0,46,44
7487241.0,47,103
7487322.0,46,51
7487332.0,36,50
7487343.0,46,54
7487344.0,45,46
7487350.0,44,48
7487352.0,33,113
7487387.0,92,104
7487405.0,45,43
7487414.0,44,43
7487438.0,37,71
7487440.0,39,60
7487539.0,41,43
7487580.0,48,43
7487678.0,41,45
7487817.0,39,42
7487842.0,46,40
7487879.0,39,58
7487921.0,39,40
7487925.0,40,43
7487932.0,41,41
7487939.0,41,40
7487956.0,38,43
7488009.0,39,60
7488038.0,47,45
7488073.0,47,42
7488077.0,45,50
7488118.0,41,57
7488124.0,26,71
7488274.0,34,54
7488286.0,46,49
7488339.0,42,45
7488365.0,47,45
7488396.0,32,56
7488455.0,39,41
7488525.0,44,47
7488593.0,40,40
7488605.0,36,48
7488631.0,26,71
7488663.0,42,56
7488689.0,38,44
7488726.0,33,55
7488768.0,48,46
7488828.0,39,60
7488846.0,46,46
7489008.0,47,44
7489082.0,46,49
7489167.0,38,44
7489265.0,47,48
7489352.0,40,42
7489376.0,42,42
7489494.0,49,44
7489509.0,46,45
7489572.0,45,40
7489714.0,47,53
7489718.0,60,50
7489802.0,45,45
7489871.0,40,39
7489876.0,38,66
7490111.0,59,51
7490163.0,44,39
7490219.0,45,54
7490222.0,39,45
7490299.0,40,45
7490335.0,47,53
7490456.0,38,44
7490507.0,47,47
7490536.0,43,43
7490549.0,44,55
7490571.0,46,49
7490703.0,47,50
7490720.0,46,53
7490808.0,38,43
7490827.0,44,46
7490835.0,43,55
7490875.0,45,49
7490945.0,44,47
7491048.0,48,42
7491096.0,48,51
7491134.0,41,43
7491145.0,47,53
7491247.0,46,53
7491308.0,42,41
7491325.0,43,40
7491336.0,38,65
7491404.0,43,41
7491418.0,46,40
7491456.0,44,55
7491563.0,48,51
7491745.0,34,52
7491847.0,37,45
7491905.0,34,51
7491949.0,47,53
7491953.0,43,44
7491982.0,45,44
7492002.0,39,44
7492032.0,40,44
7492055.0,50,44
7492064.0,48,51
7492072.0,45,46
7492073.0,48,45
7492077.0,48,44
7492179.0,44,55
7492320.0,49,44
7492358.0,19,51
7492431.0,39,44
7492492.0,48,52
7492521.0,43,39
7492532.0,46,39
7492535.0,83,118
7492541.0,46,53
7492558.0,47,52
7492583.0,49,43
7492585.0,45,44
7492590.0,39,40
7492631.0,47,40
7492700.0,48,51
7492772.0,40,52
7492902.0,49,45
7492935.0,47,43
7493067.0,40,41
7493163.0,38,64
7493170.0,46,50
7493222.0,50,44
7493231.0,19,51
7493265.0,42,41
7493272.0,46,48
7493283.0,40,44
7493319.0,45,44
7493390.0,39,45
7493415.0,49,45
7493430.0,43,42
7493488.0,46,51
7493551.0,46,42
7493622.0,38,41
7493626.0,46,48
7493676.0,44,51
7493738.0,39,44
7493761.0,45,44
7493765.0,39,45
7493794.0,47,51
7493797.0,46,44
7493834.0,41,42
7493837.0,45,51
7493841.0,40,40
7493922.0,50,44
7493954.0,45,54
7493959.0,48,51
7493984.0,44,39
7494013.0,34,57
7494026.0,48,46
7494028.0,44,50
7494031.0,43,55
7494075.0,41,51
7494095.0,44,55
7494111.0,45,42
7494242.0,49,45
7494247.0,39,44
7494252.0,39,51
7494269.0,48,51
7494273.0,44,45
7494275.0,43,51
7494279.0,46,42
7494321.0,35,50
7494337.0,48,46
7494342.0,6,77
7494362.0,41,51
7494369.0,63,49
7494382.0,36,46
7494389.0,44,42
7494444.0,50,44
7494445.0,46,48
7494465.0,38,42
7494528.0,85,88
7494536.0,44,51
7494542.0,43,55
7494582.0,47,42
7494638.0,40,45
7494653.0,45,42
7494666.0,7,77
7494685.0,45,45
7494701.0,64,50
7494710.0,47,46
7494716.0,6,77
7494742.0,44,54
7494746.0,48,42
7494771.0,39,43
7494806.0,41,45
7494833.0,48,44
7494918.0,49,45
7494926.0,39,44
7494939.0,46,42
7495046.0,31,58
7495060.0,45,42
7495104.0,37,42
7495111.0,18,51
7495138.0,39,44
7495153.0,32,55
7495168.0,42,45
7495174.0,45,39
7495218.0,42,40
7495225.0,39,42
7495282.0,43,55
7495283.0,63,49
7495295.0,46,44
7495353.0,43,39
7495394.0,47,47
7495447.0,34,51
7495478.0,39,59
7495554.0,37,43
7495563.0,46,42
7495592.0,47,50
7495650.0,41,56
7495664.0,46,47
7495673.0,39,59
7495676.0,47,51
7495766.0,36,49
7495804.0,47,47
7495808.0,35,51
7495875.0,27,65
7495928.0,46,41
7496010.0,43,55
7496074.0,38,61
7496095.0,41,56
7496098.0,45,52
7496173.0,43,41
7496178.0,44,46
7496194.0,45,43
7496209.0,41,41
7496272.0,46,42
7496292.0,44,43
7496353.0,44,47
7496363.0,37,44
7496369.0,49,45
7496397.0,43,46
7496427.0,38,60
7496458.0,60,78
7496503.0,54,91
7496504.0,41,42
7496537.0,39,58
7496546.0,42,51
7496672.0,47,47
7496677.0,40,43
7496739.0,46,42
7496749.0,37,45
7496779.0,46,50
7496798.0,38,41
7496831.0,73,54
7496842.0,43,46
7496892.0,45,50
7496914.0,42,51
7496940.0,39,39
7496990.0,42,55
7497027.0,43,55
7497128.0,46,43
7497181.0,35,48
7497188.0,45,53
7497207.0,43,43
7497221.0,47,42
7497247.0,45,42
7497256.0,47,45
7497277.0,36,46
7497282.0,46,42
7497321.0,47,49
7497342.0,48,43
7497585.0,44,50
7497670.0,46,52
7497714.0,45,40
7497750.0,48,43
7497768.0,46,42
7497803.0,44,44
7497808.0,39,41
7497847.0,45,53
7498000.0,43,42
7498001.0,43,46
7498018.0,44,39
7498025.0,36,45
7498149.0,35,49
7498338.0,35,48
7498367.0,72,93
7498613.0,43,39
7498617.0,46,49
7498832.0,41,41
7498964.0,44,49
7498966.0,48,42
7498994.0,42,39
7499071.0,45,53
7499117.0,47,49
7499152.0,48,43
7499215.0,45,44
7499324.0,42,42
7499362.0,45,53
7499412.0,46,40
7499491.0,44,45
7499619.0,47,45
7499620.0,40,56
7499666.0,34,88
7499684.0,44,53
7499700.0,44,54
7499717.0,48,43
7499727.0,43,46
7499856.0,42,56
7499873.0,33,87
7499926.0,42,55
7499966.0,34,87
7499967.0,43,55
7499981.0,47,45
7499985.0,43,38
7499998.0,43,54
7500005.0,47,41
7500107.0,38,40
7500168.0,39,39
7500175.0,40,56
7500204.0,39,40
7500224.0,45,48
7500229.0,44,53
7500239.0,39,44
7500279.0,38,59
7500282.0,47,44
7500287.0,35,47
7500378.0,37,41
7500399.0,44,54
7500460.0,41,44
7500479.0,46,47
7500485.0,43,55
7500533.0,40,42
7500534.0,44,48
7500548.0,37,42
7500646.0,44,43
7500666.0,39,39
7500758.0,43,45
7500780.0,41,40
7500817.0,38,60
7500905.0,46,47
7500923.0,39,41
7500979.0,48,43
7501021.0,90,107
7501072.0,47,50
7501077.0,45,52
7501094.0,38,44
7501126.0,44,53
7501144.0,46,49
7501164.0,41,55
7501165.0,45,43
7501246.0,36,44
7501254.0,44,39
7501300.0,46,41
7501342.0,43,39
7501383.0,40,45
7501385.0,39,39
7501447.0,46,52
7501455.0,46,42
7501465.0,38,60
7501467.0,45,49
7501505.0,39,58
7501584.0,47,50
7501646.0,45,38
7501683.0,34,50
7501684.0,45,42
7501735.0,39,39
7501736.0,42,38
7501739.0,48,42
7501746.0,45,47
7501771.0,38,39
7501795.0,37,43
7501857.0,40,45
7501871.0,40,41
7501877.0,43,54
7501886.0,35,46
7501967.0,41,50
7501988.0,46,52
7502026.0,45,50
7502041.0,41,45
7502073.0,43,54
7502099.0,38,42
7502102.0,39,58
7502113.0,39,43
7502143.0,44,38
7502155.0,46,43
7502162.0,38,38
7502277.0,45,41
7502319.0,37,54
7502322.0,43,50
7502327.0,40,56
7502378.0,40,57
7502502.0,42,39
7502563.0,44,50
7502624.0,39,39
7502625.0,45,42
7502637.0,41,40
7502675.0,39,40
7502709.0,46,52
7502844.0,45,40
7502974.0,41,39
7503013.0,43,54
7503015.0,46,51
7503068.0,37,40
7503124.0,41,44
7503167.0,45,49
7503182.0,36,44
7503183.0,45,42
7503184.0,39,40
7503206.0,45,40
7503208.0,42,42
7503218.0,36,43
7503219.0,44,40
7503237.0,43,42
7503242.0,33,56
7503248.0,45,43
7503251.0,47,50
7503256.0,40,42
7503265.0,47,44
7503353.0,42,54
7503405.0,35,47
7503446.0,33,53
7503452.0,43,54
7503458.0,38,64
7503553.0,32,56
7503560.0,44,44
7503564.0,46,50
7503781.0,39,39
7503801.0,46,41
7503811.0,34,55
7503826.0,45,52
7503878.0,33,54
7503889.0,42,41
7503914.0,47,50
7503922.0,45,42
7503972.0,41,55
7503976.0,47,42
7503987.0,44,48
7504004.0,41,42
7504013.0,45,45
7504022.0,42,40
7504058.0,35,46
7504060.0,44,42
7504078.0,42,45
7504089.0,47,44
7504230.0,43,45
7504258.0,40,41
7504282.0,46,48
7504411.0,39,39
7504470.0,41,42
7504523.0,43,54
7504606.0,39,39
7504615.0,36,42
7504668.0,43,44
7504670.0,45,40
7504713.0,46,40
7504807.0,47,50
7504826.0,72,52
7504886.0,47,49
7504986.0,43,44
7505016.0,46,46
7505023.0,43,54
7505023.0,28,61
7505026.0,46,44
7505143.0,45,40
7505181.0,41,39
7505211.0,47,43
7505276.0,43,49
7505310.0,33,57
7505317.0,31,56
7505359.0,45,46
7505399.0,47,49
7505434.0,35,49
7505513.0,43,49
7505545.0,42,38
7505558.0,41,38
7505561.0,42,54
7505591.0,47,44
7505597.0,41,42
7505655.0,45,39
7505699.0,44,47
7505785.0,43,44
7505792.0,38,40
7505811.0,44,39
7505837.0,39,42
7505850.0,47,50
7505889.0,45,39
7505892.0,45,42
7505898.0,38,66
7505902.0,43,46
7505906.0,41,42
7505913.0,34,49
7505934.0,38,41
7505942.0,43,53
7505953.0,45,49
7505954.0,47,46
7505966.0,33,51
7505967.0,40,55
7505975.0,44,44
7506013.0,47,44
7506032.0,39,57
7506037.0,47,49
7506061.0,30,57
7506087.0,42,41
7506130.0,45,41
7506161.0,30,59
7506165.0,55,77
7506193.0,43,44
7506195.0,43,54
7506212.0,47,41
7506215.0,45,46
7506239.0,44,47
7506279.0,46,48
7506327.0,39,43
7506351.0,47,50
7506390.0,45,40
7506421.0,44,41
7506433.0,42,49
7506589.0,43,39
7506591.0,91,118
7506629.0,44,50
7506638.0,43,43
7506664.0,47,50
7506678.0,31,59
7506678.0,46,40
7506680.0,47,44
7506748.0,44,51
7506750.0,43,54
7506756.0,47,42
7506758.0,44,47
7506778.0,45,48
7506825.0,43,49
7506834.0,44,52
7506845.0,42,49
7506848.0,47,46
7506915.0,45,40
7506928.0,33,52
7506931.0,38,39
7506963.0,46,43
7507017.0,45,46
7507048.0,38,43
7507056.0,44,43
7507090.0,41,38
7507115.0,46,44
7507172.0,43,45
7507183.0,46,49
7507186.0,43,51
7507199.0,32,58
7507204.0,43,49
7507206.0,44,47
7507221.0,39,41
7507253.0,45,39
7507255.0,43,54
7507264.0,44,40
7507280.0,41,41
7507287.0,34,51
7507353.0,45,38
7507363.0,38,40
7507432.0,37,44
7507441.0,45,45
7507452.0,37,43
7507468.0,41,54
7507484.0,46,44
7507536.0,42,39
7507567.0,47,44
7507585.0,43,38
7507610.0,43,54
7507618.0,33,49
7507654.0,36,54
7507685.0,45,46
7507724.0,38,44
7507908.0,37,44
7507951.0,35,48
7507987.0,35,45
7508039.0,43,48
7508096.0,36,54
7508163.0,45,48
7508274.0,36,40
7508318.0,47,44
7508336.0,46,50
7508340.0,43,49
7508382.0,44,47
7508432.0,43,42
7508466.0,42,38
7508535.0,46,49
7508564.0,43,49
7508583.0,44,42
7508739.0,44,49
7508748.0,37,44
7508779.0,37,42
7508789.0,43,53
7508794.0,46,50
7508890.0,47,44
7508895.0,33,50
7508999.0,42,44
7509039.0,35,44
7509068.0,45,41
7509098.0,44,52
7509138.0,46,44
7509144.0,43,44
7509148.0,37,44
7509150.0,41,40
7509165.0,47,44
7509173.0,40,39
7509200.0,46,43
7509291.0,42,40
7509412.0,46,42
7509512.0,35,55
7509583.0,38,44
7509592.0,45,51
7509612.0,46,43
7509645.0,37,60
7509654.0,30,68
7509676.0,40,42
7509728.0,44,40
7509745.0,46,49
7509753.0,39,40
7509757.0,45,50
7509787.0,44,48
7509809.0,40,55
7509859.0,43,47
7509995.0,32,52
7510000.0,44,39
7510012.0,8,78
7510061.0,38,43
7510116.0,44,51
7510127.0,45,40
7510134.0,43,52
7510144.0,45,51
7510222.0,38,39
7510223.0,46,42
7510224.0,41,54
7510245.0,37,44
7510279.0,44,43
7510311.0,42,39
7510318.0,47,41
7510381.0,35,43
7510381.0,38,59
7510402.0,45,47
7510435.0,43,48
7510451.0,7,78
7510456.0,46,39
7510518.0,41,54
7510558.0,41,45
7510574.0,31,67
7510590.0,43,41
7510655.0,40,38
7510658.0,45,45
7510660.0,44,42
7510671.0,42,45
7510672.0,44,40
7510677.0,46,49
7510710.0,33,51
7510754.0,46,42
7510765.0,45,44
7510772.0,39,56
7510807.0,37,43
7510822.0,46,50
7510846.0,41,43
7510853.0,47,41
7510857.0,42,51
7510969.0,41,42
7510972.0,37,67
7510975.0,8,78
7510976.0,43,48
7511007.0,46,42
7511048.0,44,46
7511063.0,35,47
7511109.0,85,90
7511145.0,41,41
7511234.0,33,49
7511264.0,46,48
7511280.0,46,47
7511286.0,45,51
7511334.0,44,41
7511348.0,44,51
7511375.0,38,65
7511422.0,45,49
7511467.0,33,48
7511511.0,46,41
7511542.0,40,43
7511568.0,42,43
7511626.0,46,49
7511653.0,47,41
7511662.0,45,39
7511737.0,40,54
7511741.0,44,38
7511745.0,35,47
7511787.0,34,46
7511808.0,43,47
7511824.0,37,44
7511850.0,38,50
7511930.0,34,47
7511952.0,35,47
7512017.0,45,47
7512022.0,41,39
7512068.0,43,43
7512071.0,42,44
7512120.0,38,42
7512143.0,46,40
7512166.0,41,54
7512245.0,37,40
7512259.0,38,41
7512347.0,43,37
7512379.0,41,40
7512440.0,39,40
7512538.0,34,47
7512579.0,35,40
7512661.0,40,38
7512728.0,45,43
7512759.0,35,47
7512807.0,37,68
7512871.0,29,66
7512884.0,35,42
7512895.0,40,41
7512911.0,40,37
7512949.0,46,42
7512969.0,34,45
7512969.0,34,47
7512988.0,36,46
7513020.0,44,47
7513093.0,39,43
7513161.0,43,40
7513178.0,44,48
7513217.0,36,40
7513312.0,39,39
7513348.0,43,46
7513360.0,42,37
7513366.0,35,47
7513370.0,40,41
7513386.0,33,46
7513547.0,40,40
7513579.0,44,41
7513633.0,46,42
7513642.0,37,43
7513666.0,44,40
7513709.0,34,47
7513735.0,44,49
7513763.0,42,42
7513772.0,35,47
7513844.0,43,46
7513929.0,33,47
7513964.0,33,48
7513971.0,42,53
7513981.0,35,47
7514026.0,34,47
7514071.0,30,57
7514092.0,42,38
7514167.0,38,87
7514218.0,43,49
7514282.0,45,42
7514295.0,44,45
7514307.0,43,42
7514387.0,42,48
7514429.0,45,50
7514496.0,37,39
7514524.0,35,41
7514602.0,40,42
7514624.0,43,39
7514653.0,44,47
7514748.0,44,50
7514770.0,41,38
7514792.0,41,49
7514805.0,45,39
7514858.0,46,41
7515022.0,37,61
7515060.0,43,46
7515140.0,44,39
7515177.0,39,38
7515181.0,39,57
7515193.0,45,49
7515200.0,43,52
7515210.0,43,51
7515345.0,46,48
7515347.0,39,58
7515365.0,43,48
7515369.0,44,44
7515384.0,34,44
7515401.0,41,53
7515425.0,39,37
7515460.0,43,41
7515461.0,41,38
7515526.0,46,48
7515537.0,45,50
7515570.0,42,43
7515596.0,41,39
7515622.0,46,47
7515633.0,35,45
7515693.0,38,39
7515702.0,42,39
7515734.0,42,52
7515763.0,40,39
7515799.0,45,48
7515802.0,45,41
7515826.0,45,47
7515858.0,44,44
7515914.0,40,37
7516011.0,45,48
7516014.0,43,50
7516017.0,39,57
7516115.0,36,42
7516121.0,41,45
7516137.0,43,38
7516139.0,41,43
7516159.0,35,45
7516164.0,43,42
7516169.0,42,52
7516172.0,40,39
7516181.0,35,40
7516302.0,12,61
7516353.0,36,44
7516357.0,37,42
7516360.0,47,53
7516439.0,42,41
7516446.0,42,37
7516457.0,34,45
7516480.0,35,87
7516489.0,35,45
7516503.0,41,37
7516507.0,46,47
7516517.0,33,50
7516531.0,39,56
7516556.0,36,51
7516603.0,34,46
7516604.0,39,57
7516637.0,44,47
7516644.0,45,43
7516645.0,37,62
7516680.0,36,41
7516687.0,36,43
7516756.0,37,86
7516769.0,44,40
7516803.0,41,51
7516866.0,44,43
7516883.0,35,43
7516886.0,35,39
7516908.0,45,50
7517019.0,45,43
7517019.0,44,44
7517028.0,32,50
7517036.0,37,41
7517057.0,34,86
7517067.0,39,45
7517068.0,39,43
7517099.0,39,57
7517122.0,43,40
7517148.0,39,56
7517163.0,42,47
7517180.0,39,42
7517207.0,36,40
7517218.0,42,40
7517252.0,42,52
7517301.0,26,65
7517312.0,48,53
7517327.0,45,41
7517364.0,39,41
7517365.0,34,43
7517397.0,39,42
7517409.0,35,87
7517479.0,42,52
7517486.0,45,40
7517488.0,44,50
7517534.0,39,57
7517649.0,37,64
7517654.0,36,40
7517655.0,33,47
7517671.0,38,49
7517676.0,38,57
7517693.0,33,46
7517722.0,34,42
7517724.0,45,41
7517749.0,39,41
7517759.0,32,51
7517816.0,38,55
7517830.0,44,39
7517865.0,45,48
7517963.0,39,49
7518056.0,45,46
7518099.0,37,85
7518137.0,43,47
7518164.0,34,41
7518180.0,38,57
7518206.0,39,40
7518220.0,46,52
7518221.0,37,43
7518233.0,41,37
7518308.0,42,48
7518333.0,41,47
7518337.0,41,53
7518344.0,46,50
7518349.0,38,49
7518363.0,31,58
7518372.0,32,49
7518388.0,45,47
7518390.0,33,49
7518399.0,44,42
7518487.0,43,51
7518508.0,42,36
7518528.0,31,56
7518582.0,46,42
7518599.0,46,47
7518628.0,43,45
7518635.0,45,39
7518687.0,39,57
7518690.0,37,41
7518722.0,45,46
7518744.0,40,53
7518788.0,42,42
7518803.0,32,52
7518863.0,44,46
7518867.0,43,51
7518875.0,43,50
7518881.0,42,39
7518946.0,34,43
7518948.0,46,42
7518980.0,41,47
7518996.0,34,44
7519001.0,31,58
7519011.0,43,41
7519014.0,36,40
7519040.0,42,46
7519050.0,43,42
7519113.0,38,57
7519167.0,44,43
7519236.0,40,44
7519271.0,31,53
7519271.0,42,44
7519363.0,46,47
7519364.0,43,37
7519385.0,39,41
7519392.0,39,57
7519393.0,36,40
7519403.0,40,38
7519540.0,42,38
7519596.0,41,43
7519597.0,43,51
7519605.0,46,40
7519607.0,33,84
7519611.0,43,39
7519625.0,40,39
7519650.0,42,41
7519651.0,42,52
7519654.0,41,50
7519679.0,38,44
7519694.0,40,37
7519711.0,32,56
7519717.0,43,40
7519730.0,39,57
7519741.0,43,44
7519766.0,64,90
7519784.0,43,47
7519796.0,39,41
7519802.0,38,38
7519829.0,42,43
7519841.0,36,57
7519879.0,40,38
7519883.0,44,41
7519897.0,45,46
7519924.0,41,38
7519982.0,37,40
7520014.0,40,40
7520078.0,41,52
7520113.0,46,40
7520141.0,39,39
7520156.0,36,39
7520180.0,36,43
7520251.0,44,49
7520325.0,42,51
7520329.0,39,39
7520332.0,40,37
7520368.0,42,37
7520497.0,31,48
7520503.0,45,41
7520525.0,41,48
7520560.0,43,51
7520566.0,44,46
7520682.0,36,42
7520683.0,37,59
7520692.0,33,43
7520704.0,41,41
7520715.0,40,41
7520718.0,38,42
7520742.0,44,48
7520783.0,41,47
7520836.0,36,50
7520891.0,45,41
7520892.0,45,47
7520913.0,43,48
7521029.0,37,51
7521054.0,35,43
7521099.0,43,50
7521121.0,43,38
7521174.0,36,50
7521175.0,38,41
7521178.0,47,54
7521221.0,37,45
7521233.0,40,53
7521319.0,42,48
7521366.0,41,41
7521391.0,40,43
7521455.0,47,54
7521478.0,39,55
7521482.0,39,54
7521703.0,48,53
7521705.0,38,41
7521855.0,35,41
7521905.0,42,41
7521906.0,42,51
7521948.0,44,40
7522189.0,36,43
7522209.0,45,41
7522230.0,41,40
7522251.0,42,46
7522254.0,41,52
7522318.0,42,40
7522355.0,43,44
7522368.0,45,40
7522368.0,40,44
7522384.0,39,52
7522479.0,44,40
7522532.0,43,46
7522535.0,41,42
7522535.0,39,38
7522550.0,37,58
7522559.0,38,52
7522562.0,39,54
7522577.0,43,43
7522593.0,34,39
7522617.0,44,47
7522625.0,41,52
7522631.0,32,47
7522636.0,45,46
7522696.0,47,54
7522704.0,33,43
7522721.0,42,46
7522746.0,15,120
7522747.0,35,51
7522762.0,38,56
7522785.0,41,40
7522798.0,36,42
7522813.0,39,54
7522820.0,45,40
7522843.0,33,45
7522876.0,43,43
7522878.0,35,42
7522983.0,44,39
7522998.0,33,48
7523023.0,43,39
7523033.0,36,40
7523041.0,45,42
7523048.0,32,49
7523107.0,44,47
7523138.0,41,39
7523146.0,15,121
7523168.0,42,47
7523181.0,37,40
7523208.0,35,40
7523212.0,35,43
7523226.0,44,45
7523271.0,45,46
7523276.0,37,61
7523289.0,43,42
7523297.0,38,42
7523309.0,36,41
7523346.0,43,44
7523352.0,44,40
7523365.0,36,40
7523389.0,39,40
7523436.0,41,46
7523470.0,39,39
7523537.0,45,42
7523544.0,47,54
7523628.0,40,48
7523637.0,44,42
7523649.0,41,47
7523692.0,40,42
7523700.0,37,43
7523772.0,41,40
7523794.0,44,48
7523929.0,44,47
7523944.0,37,44
7523948.0,32,46
7523955.0,43,44
7523966.0,36,44
7523970.0,41,38
7524020.0,43,42
7524051.0,45,40
7524088.0,41,40
7524105.0,34,38
7524109.0,33,42
7524126.0,42,39
7524136.0,28,63
7524176.0,37,61
7524190.0,31,50
7524212.0,38,37
7524231.0,43,43
7524243.0,32,51
7524253.0,37,38
7524318.0,35,41
7524335.0,40,48
7524338.0,40,36
7524373.0,36,50
7524391.0,40,41
7524484.0,43,41
7524494.0,45,42
7524498.0,42,44
7524503.0,45,46
7524538.0,38,54
7524543.0,43,49
7524567.0,41,41
7524622.0,43,44
7524626.0,38,41
7524650.0,39,53
7524702.0,40,43
7524719.0,41,42
7524737.0,44,49
7524756.0,33,41
7524848.0,45,40
7524864.0,45,42
7524880.0,43,49
7524883.0,45,46
7524896.0,31,52
7524922.0,41,38
7524933.0,39,38
7525108.0,43,46
7525135.0,44,45
7525148.0,41,49
7525155.0,27,64
7525204.0,42,45
7525214.0,40,52
7525248.0,41,37
7525249.0,44,49
7525290.0,36,43
7525293.0,33,40
7525311.0,40,37
7525385.0,43,45
7525386.0,42,38
7525512.0,30,53
7525572.0,41,46
7525587.0,43,46
7525605.0,41,45
7525609.0,43,40
7525630.0,40,52
7525651.0,43,42
7525698.0,57,49
7525732.0,42,40
7525734.0,44,46
7525762.0,42,46
7525773.0,28,59
7525776.0,35,39
7525839.0,38,55
7525856.0,41,36
7525860.0,43,46
7525928.0,42,45
7526063.0,42,36
7526085.0,43,39
7526091.0,41,46
7526136.0,41,40
7526185.0,28,60
7526243.0,43,48
7526271.0,42,43
7526432.0,39,43
7526448.0,40,40
7526459.0,43,49
7526473.0,57,49
7526478.0,41,36
7526515.0,39,36
7526570.0,38,56
7526578.0,37,65
7526600.0,43,48
7526825.0,42,50
7526904.0,33,39
7526916.0,41,38
7527029.0,38,65
7527031.0,37,55
7527050.0,42,49
7527051.0,37,64
7527094.0,41,51
7527098.0,35,42
7527113.0,40,52
7527116.0,35,43
7527153.0,37,42
7527178.0,36,40
7527205.0,38,56
7527216.0,36,39
7527224.0,32,48
7527230.0,39,65
7527243.0,36,43
7527288.0,33,40
7527319.0,41,51
7527342.0,40,42
7527368.0,37,65
7527390.0,40,39
7527427.0,38,65
7527476.0,31,55
7527513.0,75,53
7527519.0,42,46
7527530.0,40,52
7527541.0,43,45
7527546.0,43,40
7527557.0,41,38
7527558.0,37,43
7527563.0,75,52
7527601.0,40,46
7527610.0,43,38
7527691.0,38,87
7527703.0,44,46
7527772.0,37,42
7527791.0,30,55
7527817.0,41,39
7527893.0,43,48
7527916.0,33,44
7527946.0,32,45
7528006.0,41,40
7528059.0,41,36
7528067.0,39,38
7528093.0,31,54
7528104.0,41,48
7528119.0,37,87
7528142.0,33,41
7528145.0,38,87
7528177.0,34,43
7528202.0,33,38
7528216.0,32,47
7528258.0,43,48
7528268.0,35,43
7528277.0,37,37
7528397.0,41,51
7528493.0,43,61
7528495.0,37,52
7528529.0,43,60
7528563.0,36,38
7528626.0,39,38
7528628.0,42,42
7528634.0,41,39
7528637.0,35,42
7528703.0,40,49
7528754.0,31,49
7528765.0,39,35
7528768.0,40,38
7528791.0,42,44
7528808.0,35,41
7528826.0,39,37
7528835.0,42,47
7528836.0,41,38
7528900.0,40,52
7528913.0,31,50
7528936.0,32,52
7528954.0,43,47
7528994.0,39,42
7529005.0,41,45
7529040.0,43,39
7529058.0,44,45
7529107.0,32,44
7529120.0,37,40
7529136.0,33,41
7529184.0,43,41
7529188.0,41,50
7529189.0,36,58
7529216.0,42,41
7529222.0,42,49
7529251.0,39,43
7529262.0,31,53
7529362.0,36,61
7529370.0,38,53
7529381.0,42,40
7529416.0,31,69
7529460.0,40,41
7529469.0,43,45
7529489.0,40,37
7529525.0,43,41
7529564.0,37,57
7529568.0,43,48
7529575.0,36,37
7529590.0,32,42
7529611.0,37,58
7529614.0,36,87
7529630.0,40,51
7529636.0,39,42
7529648.0,36,60
7529750.0,42,37
7529781.0,39,52
7529806.0,41,44
7529810.0,33,41
7529837.0,45,96
7529854.0,43,44
7529863.0,43,48
7529949.0,39,41
7529973.0,30,52
7530001.0,34,42
7530022.0,40,40
7530027.0,39,52
7530030.0,39,38
7530048.0,43,61
7530059.0,34,41
7530072.0,32,43
7530091.0,40,37
7530103.0,30,54
7530134.0,43,46
7530135.0,32,50
7530209.0,35,40
7530222.0,63,50
7530242.0,43,41
7530261.0,33,41
7530263.0,64,50
7530263.0,42,45
7530293.0,38,36
7530322.0,32,41
7530359.0,43,46
7530466.0,39,41
7530570.0,43,41
7530574.0,41,46
7530618.0,64,57
7530685.0,34,39
7530688.0,27,62
7530712.0,35,39
7530727.0,41,47
7530747.0,63,50
7530751.0,41,37
7530800.0,33,41
7530916.0,37,58
7530935.0,30,53
7530938.0,26,62
7530983.0,39,52
7530998.0,38,39
7531065.0,43,44
7531114.0,41,43
7531119.0,32,48
7531173.0,31,46
7531186.0,44,41
7531192.0,32,46
7531194.0,34,39
7531221.0,42,40
7531232.0,26,60
7531238.0,39,41
7531251.0,39,35
7531298.0,41,45
7531322.0,39,52
7531360.0,39,40
7531441.0,41,50
7531489.0,40,36
7531553.0,33,41
7531559.0,40,42
7531559.0,39,41
7531572.0,39,42
7531606.0,32,40
7531679.0,31,48
7531749.0,38,35
7531751.0,36,36
7531755.0,40,39
7531762.0,44,41
7531808.0,42,48
7531813.0,40,40
7531815.0,40,36
7531849.0,39,39
7531885.0,27,60
7531909.0,40,45
7531909.0,42,38
7531912.0,40,51
7531941.0,43,46
7531954.0,34,42
7531992.0,41,49
7532041.0,38,36
7532046.0,42,39
7532063.0,39,39
7532093.0,34,43
7532115.0,63,50
7532144.0,43,45
7532158.0,40,46
7532202.0,41,52
7532205.0,34,40
7532222.0,41,42
7532229.0,35,38
7532232.0,36,59
7532351.0,45,42
7532438.0,43,42
7532439.0,32,39
7532440.0,39,38
7532446.0,39,53
7532459.0,40,38
7532462.0,37,56
7532513.0,38,43
7532520.0,43,46
7532530.0,37,38
7532651.0,39,52
7532720.0,37,56
7532723.0,45,42
7532745.0,34,41
7532761.0,31,45
7532781.0,43,42
7532792.0,25,77
7532809.0,39,53
7532819.0,41,38
7532839.0,41,42
7532902.0,35,39
7532972.0,40,46
7532998.0,41,52
7533019.0,37,55
7533053.0,39,52
7533132.0,40,39
7533134.0,35,49
7533250.0,42,37
7533258.0,38,35
7533260.0,59,52
7533415.0,39,39
7533439.0,38,42
7533537.0,41,45
7533746.0,41,43
7533759.0,39,37
7533914.0,33,40
7533960.0,43,45
7533969.0,35,37
7534085.0,41,42
7534090.0,41,41
7534128.0,43,46
7534129.0,37,42
7534131.0,38,38
7534213.0,41,46
7534225.0,37,56
7534250.0,41,45
7534285.0,33,42
7534288.0,34,51
7534290.0,39,39
7534320.0,39,41
7534321.0,36,40
7534328.0,39,40
7534352.0,35,50
7534392.0,42,44
7534453.0,39,51
7534475.0,34,42
7534482.0,41,42
7534522.0,39,37
7534524.0,33,41
7534586.0,29,56
7534626.0,38,53
7534646.0,38,52
7534652.0,37,56
7534689.0,37,38
7534701.0,41,38
7534713.0,40,38
7534721.0,40,48
7534725.0,38,43
7534732.0,43,45
7534737.0,36,40
7534766.0,35,41
7534796.0,41,45
7534845.0,39,52
7534876.0,33,41
7534880.0,40,44
7534883.0,33,43
7534890.0,33,39
7534909.0,41,40
7534913.0,37,53
7534934.0,39,51
7535108.0,39,36
7535154.0,32,44
7535166.0,31,45
7535168.0,31,44
7535179.0,36,39
7535288.0,31,42
7535291.0,39,48
7535298.0,35,41
7535322.0,40,37
7535347.0,43,44
7535382.0,40,44
7535422.0,37,42
7535510.0,39,51
7535537.0,33,39
7535543.0,39,35
7535546.0,40,43
7535651.0,31,41
7535656.0,38,42
7535674.0,42,46
7535698.0,42,47
7535731.0,43,45
7535743.0,41,39
7535768.0,33,43
7535784.0,43,44
7535836.0,40,50
7535844.0,35,41
7535879.0,34,41
7535899.0,42,47
7535902.0,34,40
7535927.0,38,41
7535956.0,60,46
7536004.0,59,45
7536048.0,40,43
7536053.0,38,39
7536057.0,30,49
7536068.0,31,43
7536086.0,33,39
7536098.0,42,43
7536150.0,31,49
7536159.0,39,40
7536178.0,43,45
7536239.0,41,41
7536242.0,46,100
7536246.0,40,49
7536281.0,40,44
7536343.0,43,47
7536402.0,33,43
7536416.0,38,41
7536418.0,36,57
7536424.0,31,48
7536425.0,39,37
7536454.0,36,37
7536528.0,39,45
7536535.0,31,46
7536544.0,38,38
7536559.0,33,39
7536591.0,41,37
7536593.0,43,44
7536596.0,40,42
7536599.0,41,38
7536622.0,37,40
7536640.0,43,47
7536673.0,42,45
7536674.0,39,39
7536678.0,33,38
7536689.0,41,49
7536693.0,37,37
7536694.0,40,47
7536706.0,38,54
7536734.0,39,37
7536770.0,32,56
7536807.0,39,40
7536883.0,41,44
7536886.0,59,45
7536895.0,41,38
7536946.0,43,44
7537028.0,36,37
7537073.0,37,36
7537108.0,38,40
7537128.0,34,39
7537129.0,31,45
7537185.0,36,58
7537209.0,39,38
7537230.0,35,42
7537272.0,39,40
7537319.0,41,49
7537391.0,39,49
7537401.0,34,55
7537422.0,33,38
7537462.0,37,55
7537470.0,31,40
7537491.0,42,38
7537492.0,40,36
7537497.0,59,45
7537520.0,32,56
7537548.0,33,42
7537561.0,38,47
7537631.0,38,56
7537632.0,41,48
7537659.0,33,39
7537716.0,30,48
7537743.0,36,39
7537745.0,30,50
7537837.0,37,55
7537896.0,38,47
7537902.0,28,58
7537908.0,40,45
7537955.0,41,39
7537955.0,26,65
7537998.0,41,49
7538064.0,40,43
7538067.0,36,47
7538184.0,38,40
7538208.0,36,48
7538236.0,33,39
7538246.0,41,49
7538252.0,37,39
7538278.0,42,43
7538314.0,37,35
7538353.0,35,41
7538358.0,39,39
7538359.0,42,46
7538407.0,30,49
7538418.0,53,80
7538424.0,40,43
7538463.0,42,47
7538482.0,38,36
7538508.0,40,49
7538520.0,41,38
7538527.0,30,47
7538585.0,35,81
7538620.0,37,56
7538643.0,39,37
7538692.0,30,45
7538710.0,34,37
7538763.0,40,39
7538775.0,41,47
7538777.0,30,51
7538792.0,40,44
7538799.0,38,47
7538804.0,34,38
7538829.0,35,41
7538908.0,38,37
7538908.0,29,56
7538922.0,35,81
7538929.0,32,40
7538935.0,41,37
7538966.0,37,40
7538992.0,37,56
7538997.0,40,41
7539001.0,30,46
7539004.0,39,45
7539022.0,41,43
7539094.0,40,40
7539182.0,32,43
7539212.0,33,40
7539231.0,27,59
7539252.0,35,54
7539302.0,27,58
7539337.0,41,47
7539403.0,40,43
7539432.0,41,37
7539447.0,37,54
7539473.0,35,40
7539477.0,33,41
7539490.0,39,44
7539525.0,38,38
7539603.0,40,46
7539645.0,38,35
7539725.0,40,43
7539755.0,42,44
7539758.0,35,42
7539807.0,39,44
7539840.0,41,47
7539910.0,32,42
7539924.0,29,55
7539944.0,42,45
7539985.0,35,39
7540051.0,41,37
7540056.0,38,38
7540059.0,31,44
7540091.0,39,36
7540167.0,36,38
7540188.0,41,47
7540200.0,37,41
7540218.0,35,40
7540224.0,35,39
7540242.0,36,37
7540256.0,34,36
7540284.0,30,52
7540290.0,43,44
7540293.0,45,82
7540300.0,31,65
7540340.0,40,42
7540386.0,28,57
7540389.0,37,39
7540440.0,31,68
7540442.0,40,48
7540480.0,31,41
7540489.0,37,41
7540527.0,41,46
7540528.0,32,39
7540605.0,30,43
7540613.0,30,42
7540645.0,33,43
7540688.0,40,48
7540708.0,41,46
7540712.0,31,42
7540731.0,38,41
7540765.0,40,38
7540790.0,37,55
7540801.0,30,41
7540809.0,40,39
7540817.0,38,51
7540831.0,31,39
7540852.0,33,41
7540875.0,45,80
7540885.0,32,39
7540898.0,41,43
7540929.0,40,44
7540965.0,30,47
7541006.0,35,47
7541007.0,40,37
7541011.0,30,45
7541089.0,30,56
7541121.0,43,44
7541260.0,37,37
7541276.0,35,47
7541336.0,40,39
7541403.0,37,55
7541431.0,40,37
7541453.0,40,42
7541485.0,40,48
7541488.0,41,37
7541558.0,38,37
7541576.0,32,45
7541620.0,45,98
7541634.0,37,37
7541647.0,38,38
7541653.0,35,48
7541693.0,85,90
7541733.0,40,48
7541889.0,30,67
7541903.0,30,46
7541977.0,30,48
7542033.0,85,90
7542073.0,55,98
7542135.0,25,79
7542147.0,38,39
7542180.0,34,49
7542236.0,41,37
7542290.0,39,43
7542296.0,39,42
7542309.0,37,37
7542313.0,37,38
7542326.0,33,39
7542327.0,42,43
7542335.0,34,42
7542358.0,39,49
7542409.0,25,79
7542443.0,40,36
7542513.0,37,45
7542520.0,55,98
7542534.0,37,36
7542548.0,43,44
7542564.0,33,42
7542584.0,40,37
7542637.0,30,44
7542648.0,37,52
7542792.0,37,37
7542796.0,41,45
7542838.0,41,37
7542840.0,40,40
7542873.0,34,49
7542913.0,42,43
7542931.0,29,53
7542934.0,38,40
7542974.0,38,45
7542977.0,41,46
7542980.0,40,37
7543021.0,39,43
7543088.0,34,40
7543096.0,41,37
7543205.0,32,42
7543211.0,39,40
7543260.0,29,54
7543336.0,39,41
7543343.0,38,36
7543346.0,30,45
7543347.0,30,39
7543375.0,38,45
7543393.0,39,45
7543485.0,38,44
7543506.0,40,40
7543509.0,31,41
7543522.0,39,39
7543537.0,40,43
7543643.0,59,54
7543674.0,30,50
7543693.0,33,50
7543710.0,34,43
7543740.0,39,39
7543776.0,43,44
7543836.0,33,38
7543842.0,60,54
7543916.0,29,48
7544021.0,75,50
7544022.0,37,54
7544060.0,33,50
7544074.0,37,35
7544119.0,34,49
7544138.0,43,44
7544174.0,30,43
7544192.0,32,43
7544270.0,34,39
7544292.0,40,47
7544321.0,31,39
7544355.0,31,42
7544384.0,31,40
7544498.0,39,36
7544556.0,40,40
7544563.0,33,49
7544594.0,42,43
7544633.0,30,41
7544653.0,34,48
7544690.0,37,40
7544731.0,37,53
7544739.0,40,47
7544813.0,33,40
7544866.0,31,42
7544929.0,40,87
7544939.0,39,39
7545012.0,39,38
7545023.0,41,44
7545090.0,30,44
7545094.0,33,49
7545110.0,36,50
7545119.0,36,56
7545120.0,39,40
7545126.0,39,39
7545137.0,39,37
7545269.0,35,39
7545316.0,34,42
7545354.0,36,39
7545402.0,37,41
7545413.0,41,44
7545421.0,39,37
7545449.0,37,53
7545450.0,41,43
7545463.0,38,50
7545483.0,31,51
7545490.0,37,39
7545493.0,29,51
7545504.0,29,47
7545524.0,27,60
7545534.0,29,50
7545540.0,40,46
7545552.0,41,47
7545581.0,39,40
7545591.0,39,45
7545649.0,38,37
7545675.0,35,37
7545715.0,40,47
7545716.0,25,60
7545754.0,45,95
7545760.0,36,37
7545798.0,37,37
7545974.0,40,42
7545989.0,34,47
7546014.0,29,42
7546104.0,33,49
7546126.0,32,42
7546156.0,37,36
7546215.0,34,40
7546245.0,29,46
7546278.0,29,43
7546278.0,38,44
7546284.0,35,47
7546324.0,31,43
7546336.0,33,42
7546395.0,27,60
7546447.0,39,37
7546456.0,33,49
7546483.0,38,42
7546529.0,34,47
7546546.0,40,47
7546569.0,39,87
7546581.0,39,40
7546596.0,29,41
7546617.0,31,42
7546648.0,36,38
7546744.0,33,41
7546793.0,37,48
7546808.0,39,44
7546829.0,31,43
7546834.0,29,40
7546853.0,38,44
7546866.0,41,43
7546882.0,33,42
7546893.0,38,42
7546897.0,36,55
7546927.0,36,38
7546949.0,34,39
7546961.0,39,48
7546969.0,39,84
7546979.0,35,47
7546985.0,29,47
7546998.0,34,47
7547011.0,38,47
7547013.0,32,41
7547025.0,45,96
7547032.0,39,40
7547053.0,36,42
7547054.0,39,37
7547162.0,39,39
7547185.0,40,42
7547185.0,37,51
7547273.0,42,89
7547317.0,29,39
7547332.0,29,48
7547347.0,41,43
7547429.0,37,38
7547430.0,38,43
7547476.0,31,42
7547485.0,40,47
7547494.0,34,47
7547500.0,38,42
7547501.0,29,42
7547520.0,40,37
7547539.0,39,37
7547550.0,35,46
7547627.0,39,48
7547638.0,41,44
7547642.0,35,47
7547668.0,31,43
7547680.0,32,40
7547698.0,33,40
7547731.0,42,44
7547732.0,39,39
7547749.0,28,56
7547769.0,39,37
7547791.0,32,37
7547792.0,39,49
7547802.0,35,47
7547824.0,38,40
7547874.0,35,42
7547892.0,41,88
7547898.0,36,35
7547913.0,70,70
7547937.0,36,66
7547987.0,40,47
7548003.0,39,43
7548015.0,25,65
7548017.0,41,36
7548039.0,91,113
7548071.0,30,57
7548082.0,37,46
7548104.0,32,36
7548134.0,29,49
7548135.0,33,42
7548151.0,35,42
7548154.0,36,36
7548168.0,29,44
7548183.0,28,55
7548234.0,39,39
7548236.0,31,43
7548271.0,38,37
7548277.0,37,36
7548286.0,26,66
7548287.0,29,43
7548289.0,41,36
7548297.0,29,45
7548337.0,35,46
7548363.0,42,44
7548429.0,36,36
7548430.0,37,46
7548433.0,31,56
7548466.0,39,48
7548551.0,45,79
7548583.0,38,38
7548591.0,38,39
7548678.0,38,36
7548679.0,39,49
7548705.0,38,41
7548711.0,33,39
7548737.0,36,45
7548760.0,39,47
7548819.0,40,48
7548836.0,30,41
7548861.0,31,41
7548893.0,38,49
7548899.0,30,39
7548948.0,33,36
7548968.0,29,44
7548988.0,37,37
7548994.0,46,78
7549012.0,39,40
7549013.0,35,51
7549023.0,33,39
7549043.0,34,35
7549073.0,39,42
7549079.0,38,36
7549139.0,33,38
7549196.0,25,64
7549260.0,42,44
7549270.0,38,49
7549276.0,36,39
7549289.0,40,45
7549334.0,61,77
7549342.0,29,44
7549360.0,37,44
7549370.0,40,48
7549378.0,38,41
7549505.0,31,40
7549530.0,39,40
7549607.0,40,88
7549682.0,40,43
7549688.0,30,40
7549702.0,33,49
7549704.0,45,93
7549735.0,39,39
7549756.0,31,42
7549769.0,61,77
7549770.0,35,58
7549811.0,33,39
7549836.0,32,36
7549854.0,36,37
7549917.0,40,44
7549963.0,44,93
7549969.0,35,41
7550075.0,32,50
7550167.0,45,93
7550174.0,41,43
7550239.0,38,41
7550240.0,38,43
7550255.0,34,36
7550263.0,33,39
7550276.0,40,88
7550306.0,35,40
7550321.0,35,41
7550409.0,35,39
7550418.0,30,42
7550445.0,41,45
7550466.0,29,51
7550499.0,38,40
7550502.0,40,46
7550507.0,37,50
7550521.0,39,42
7550522.0,37,43
7550528.0,35,35
7550541.0,41,43
7550542.0,35,37
7550560.0,39,46
7550565.0,39,39
7550611.0,29,45
7550713.0,36,38
7550737.0,44,93
7550770.0,38,41
7550773.0,39,39
7550781.0,38,37
7550785.0,29,46
7550788.0,36,37
7550793.0,42,44
7550815.0,36,52
7550834.0,29,52
7550838.0,31,38
7550849.0,37,50
7550867.0,40,44
7550922.0,35,40
7550980.0,35,48
7551036.0,41,45
7551095.0,33,42
7551109.0,35,57
7551139.0,37,64
7551181.0,45,93
7551203.0,37,51
7551236.0,33,36
7551296.0,38,36
7551412.0,28,42
7551421.0,37,64
7551433.0,44,93
7551455.0,40,42
7551490.0,37,50
7551497.0,35,38
7551499.0,35,36
7551621.0,45,93
7551666.0,30,43
7551727.0,32,42
7551731.0,33,38
7551769.0,36,48
7551821.0,38,36
7551855.0,26,68
7551922.0,38,49
7551948.0,41,45
7551965.0,37,37
7552002.0,35,36
7552003.0,31,39
7552011.0,38,44
7552030.0,37,51
7552052.0,35,49
7552072.0,28,48
7552101.0,37,42
7552128.0,28,40
7552137.0,36,62
7552175.0,31,37
7552196.0,37,41
7552220.0,37,36
7552297.0,44,93
7552314.0,33,35
7552333.0,36,36
7552354.0,40,46
7552521.0,41,45
7552528.0,28,39
7552554.0,38,45
7552572.0,36,65
7552627.0,32,39
7552636.0,28,55
7552670.0,29,55
7552673.0,37,36
7552684.0,31,36
7552748.0,28,49
7552761.0,27,55
7552837.0,39,41
7552844.0,33,40
7552876.0,28,41
7552876.0,32,39
7552911.0,32,41
7552920.0,36,47
7552941.0,32,40
7552952.0,39,45
7552956.0,29,58
7552967.0,30,49
7552980.0,27,58
7552995.0,28,47
7553066.0,33,36
7553128.0,28,43
7553377.0,36,55
7553405.0,37,51
7553422.0,38,36
7553456.0,28,57
7553504.0,38,42
7553547.0,37,38
7553587.0,35,38
7553588.0,36,51
7553601.0,37,36
7553644.0,32,39
7553776.0,40,42
7553859.0,32,36
7553868.0,38,43
7553884.0,37,39
7553982.0,36,51
7553987.0,29,66
7554083.0,33,37
7554097.0,27,55
7554099.0,28,44
7554128.0,32,39
7554218.0,32,36
7554237.0,28,42
7554240.0,33,84
7554244.0,37,36
7554248.0,37,37
7554252.0,38,36
7554307.0,35,37
7554349.0,40,42
7554383.0,34,41
7554432.0,28,48
7554460.0,37,40
7554535.0,85,123
7554556.0,34,87
7554663.0,36,52
7554666.0,30,41
7554725.0,33,35
7554791.0,29,40
7554826.0,37,52
7554861.0,29,39
7554879.0,33,86
7554893.0,34,36
7554993.0,44,70
7555007.0,28,46
7555008.0,30,39
7555010.0,39,83
7555014.0,29,49
7555144.0,39,43
7555158.0,28,49
7555187.0,40,42
7555205.0,86,123
7555230.0,37,36
7555256.0,36,51
7555269.0,34,35
7555324.0,40,89
7555330.0,35,56
7555416.0,28,50
7555446.0,29,41
7555451.0,29,39
7555461.0,37,40
7555508.0,45,46
7555605.0,39,42
7555642.0,34,40
7555725.0,29,42
7555738.0,36,51
7555744.0,38,46
7555770.0,33,86
7555774.0,33,39
7555794.0,30,42
7555821.0,34,39
7555865.0,32,40
7555869.0,39,44
7555892.0,32,83
7555943.0,30,38
7555975.0,34,38
7556054.0,30,43
7556061.0,34,40
7556064.0,38,48
7556087.0,35,40
7556132.0,45,46
7556152.0,36,50
7556266.0,32,41
7556269.0,35,45
7556339.0,38,83
7556350.0,30,37
7556388.0,35,36
7556496.0,30,40
7556498.0,33,38
7556556.0,36,50
7556601.0,37,43
7556608.0,37,49
7556623.0,37,44
7556651.0,35,55
7556748.0,36,36
7556826.0,35,52
7556867.0,28,43
7556931.0,36,42
7556968.0,36,53
7557070.0,38,41
7557076.0,32,38
7557095.0,36,43
7557195.0,35,57
7557202.0,36,42
7557203.0,36,50
7557225.0,34,41
7557242.0,32,85
7557292.0,27,42
7557295.0,34,39
7557350.0,36,41
7557357.0,36,37
7557401.0,36,38
7557410.0,25,63
7557459.0,44,92
7557496.0,25,61
7557547.0,66,98
7557667.0,32,36
7557705.0,27,39
7557707.0,27,41
7557759.0,31,39
7557779.0,36,40
7557857.0,34,42
7557891.0,29,43
7558099.0,37,48
7558136.0,38,45
7558186.0,36,39
7558190.0,36,42
7558241.0,33,39
7558330.0,27,39
7558401.0,34,60
7558407.0,71,55
7558439.0,32,36
7558457.0,36,42
7558500.0,39,41
7558543.0,33,39
7558592.0,35,58
7558655.0,33,36
7558686.0,35,54
7558692.0,34,42
7558780.0,33,37
7558781.0,32,36
7558822.0,27,39
7558824.0,34,38
7558855.0,37,47
7558889.0,29,41
7558893.0,39,42
7558912.0,34,36
7558932.0,39,41
7559001.0,39,43
7559011.0,42,42
7559031.0,29,52
7559106.0,36,51
7559142.0,33,35
7559144.0,33,36
7559180.0,33,79
7559245.0,27,43
7559253.0,34,35
7559289.0,28,39
7559314.0,27,39
7559339.0,35,51
7559348.0,28,44
7559376.0,31,35
7559445.0,32,39
7559485.0,34,37
7559603.0,27,56
7559619.0,35,59
7559640.0,31,39
7559653.0,33,36
7559678.0,28,41
7559711.0,27,39
7559744.0,36,49
7559782.0,28,39
7559784.0,41,42
7559795.0,33,36
7559799.0,42,42
7559841.0,35,59
7559861.0,29,42
7559886.0,37,42
7559915.0,27,44
7559939.0,60,66
7559965.0,27,48
7559985.0,35,48
7560027.0,39,41
7560033.0,38,43
7560034.0,33,38
7560111.0,37,48
7560153.0,33,39
7560168.0,38,44
7560208.0,42,41
7560227.0,33,40
7560302.0,41,42
7560322.0,33,47
7560332.0,40,43
7560386.0,38,42
7560401.0,36,43
7560406.0,35,55
7560410.0,33,39
7560427.0,29,40
7560428.0,29,38
7560452.0,27,44
7560469.0,57,53
7560492.0,35,43
7560515.0,28,40
7560516.0,33,41
7560608.0,34,59
7560614.0,38,43
7560620.0,29,39
7560639.0,35,47
7560671.0,29,43
7560688.0,38,44
7560712.0,26,60
7560735.0,27,55
7560772.0,28,42
7560773.0,35,43
7560802.0,28,54
7560846.0,35,44
7560857.0,39,41
7560878.0,33,40
7560924.0,27,44
7561021.0,27,47
7561053.0,38,47
7561085.0,43,90
7561110.0,27,45
7561116.0,33,41
7561202.0,40,43
7561276.0,28,48
7561288.0,28,46
7561382.0,37,48
7561487.0,29,54
7561548.0,29,37
7561586.0,37,43
7561612.0,34,39
7561616.0,37,41
7561636.0,38,47
7561648.0,36,45
7561650.0,37,47
7561666.0,37,46
7561743.0,41,42
7561794.0,27,48
7561794.0,57,52
7561794.0,35,43
7561807.0,27,42
7561862.0,41,89
7561864.0,27,43
7561866.0,26,42
7561866.0,31,37
7561929.0,33,41
7561938.0,34,48
7561976.0,27,39
7561977.0,36,43
7561989.0,38,43
7562056.0,41,87
7562095.0,26,40
7562101.0,38,41
7562112.0,26,41
7562133.0,33,41
7562137.0,31,35
7562152.0,27,54
7562169.0,35,37
7562171.0,34,50
7562199.0,33,38
7562208.0,35,40
7562231.0,35,36
7562266.0,27,49
7562310.0,27,50
7562330.0,28,43
7562364.0,33,49
7562426.0,32,36
7562431.0,39,41
7562447.0,35,38
7562474.0,38,43
7562482.0,35,42
7562526.0,28,49
7562737.0,38,41
7562743.0,32,35
7562883.0,31,39
7562890.0,31,38
7562894.0,33,35
7562926.0,26,39
7562949.0,33,49
7562991.0,33,39
7563108.0,30,39
7563114.0,35,50
7563119.0,40,43
7563139.0,34,58
7563189.0,35,59
7563202.0,75,57
7563203.0,30,42
7563220.0,35,36
7563265.0,37,45
7563284.0,39,41
7563300.0,30,40
7563382.0,30,35
7563383.0,40,88
7563384.0,28,50
7563390.0,35,39
7563437.0,28,40
7563441.0,26,81
7563452.0,38,47
7563475.0,34,57
7563479.0,37,40
7563488.0,75,58
7563498.0,38,41
7563514.0,34,58
7563539.0,75,57
7563544.0,36,65
7563614.0,29,50
7563719.0,36,41
7563740.0,28,41
7563757.0,35,36
7563762.0,26,42
7563783.0,39,41
7563794.0,33,38
7563926.0,35,51
7563938.0,35,45
7563980.0,33,37
7563994.0,40,88
7564062.0,38,41
7564104.0,26,81
7564138.0,39,41
7564165.0,32,39
7564214.0,28,82
7564256.0,27,41
7564289.0,32,38
7564293.0,36,58
7564372.0,26,43
7564372.0,28,39
7564377.0,30,36
7564489.0,27,40
7564640.0,26,44
7564649.0,32,37
7564654.0,28,42
7564705.0,27,42
7564705.0,30,37
7564753.0,28,53
7564829.0,31,81
7564840.0,36,42
7564936.0,34,56
7564943.0,35,55
7565054.0,37,44
7565061.0,36,57
7565122.0,27,55
7565167.0,27,51
7565170.0,27,50
7565180.0,34,36
7565183.0,30,84
7565275.0,41,88
7565373.0,27,49
7565391.0,35,65
7565391.0,37,43
7565402.0,28,36
7565412.0,29,53
7565480.0,35,49
7565510.0,34,37
7565578.0,28,40
7565627.0,35,55
7565671.0,26,39
7565757.0,32,37
7565803.0,34,35
7565939.0,37,42
7565946.0,26,41
7566075.0,34,49
7566091.0,38,44
7566100.0,35,53
7566156.0,26,43
7566160.0,33,45
7566192.0,38,43
7566198.0,32,45
7566209.0,34,37
7566243.0,34,57
7566247.0,34,58
7566251.0,36,50
7566261.0,26,39
7566265.0,36,45
7566270.0,38,41
7566284.0,30,39
7566301.0,36,47
7566304.0,26,63
7566322.0,39,45
7566324.0,37,41
7566340.0,33,44
7566349.0,27,47
7566386.0,25,40
7566513.0,28,37
7566525.0,28,38
7566552.0,36,37
7566598.0,30,52
7566602.0,36,49
7566638.0,25,41
7566641.0,54,98
7566654.0,37,41
7566655.0,34,38
7566666.0,43,90
7566691.0,29,37
7566705.0,28,52
7566719.0,31,37
7566816.0,30,38
7566823.0,32,86
7566825.0,36,50
7566849.0,27,51
7566858.0,34,55
7566939.0,35,50
7566953.0,27,48
7566959.0,29,37
7566962.0,38,44
7567027.0,34,37
7567163.0,31,36
7567208.0,37,51
7567234.0,32,35
7567313.0,35,43
7567321.0,36,41
7567368.0,36,40
7567383.0,27,53
7567461.0,31,37
7567517.0,32,38
7567557.0,35,46
7567566.0,31,35
7567597.0,34,43
7567617.0,34,40
7567637.0,29,39
7567638.0,35,50
7567652.0,33,48
7567662.0,34,41
7567682.0,34,42
7567697.0,42,89
7567706.0,37,40
7567765.0,26,46
7567777.0,26,45
7567816.0,27,54
7567818.0,43,91
7567829.0,36,46
7567944.0,31,39
7567948.0,27,43
7567957.0,29,40
7568151.0,33,40
7568180.0,37,40
7568241.0,35,50
7568262.0,35,48
7568268.0,31,35
7568270.0,43,91
7568371.0,31,38
7568384.0,31,37
7568396.0,54,90
7568408.0,26,40
7568433.0,29,39
7568436.0,27,53
7568504.0,33,35
7568544.0,37,41
7568548.0,29,40
7568564.0,26,48
7568566.0,35,55
7568604.0,33,37
7568645.0,27,38
7568663.0,35,49
7568717.0,29,36
7568789.0,31,37
7568812.0,35,61
7568815.0,26,44
7568833.0,34,54
7568859.0,35,44
7568931.0,26,55
7568969.0,54,113
7568997.0,35,55
7569018.0,30,49
7569076.0,27,39
7569082.0,26,41
7569117.0,26,40
7569132.0,33,35
7569136.0,31,38
7569157.0,26,47
7569227.0,27,40
7569292.0,33,36
7569330.0,27,53
7569336.0,35,41
7569365.0,33,37
7569371.0,31,40
7569391.0,35,50
7569407.0,38,56
7569477.0,31,47
7569486.0,25,41
7569520.0,26,41
7569540.0,31,37
7569557.0,32,37
7569569.0,29,37
7569611.0,31,36
7569618.0,26,49
7569627.0,25,42
7569635.0,35,47
7569682.0,36,41
7569719.0,29,35
7569752.0,35,42
7569783.0,34,53
7569816.0,28,37
7569861.0,46,97
7569889.0,31,37
7569896.0,35,50
7569933.0,39,55
7569943.0,33,37
7570160.0,26,41
7570238.0,34,55
7570242.0,36,45
7570348.0,33,50
7570348.0,31,35
7570423.0,34,51
7570426.0,35,40
7570454.0,36,44
7570543.0,32,35
7570557.0,27,42
7570564.0,31,35
7570801.0,35,50
7570802.0,34,45
7570840.0,26,42
7570850.0,33,38
7570856.0,39,55
7570859.0,28,39
7570972.0,34,56
7571015.0,50,84
7571039.0,34,50
7571073.0,36,44
7571148.0,49,85
7571152.0,33,39
7571208.0,35,53
7571321.0,34,46
7571348.0,33,37
7571359.0,33,38
7571369.0,25,78
7571390.0,34,59
7571400.0,30,69
7571417.0,34,58
7571430.0,27,41
7571494.0,33,40
7571495.0,28,38
7571563.0,35,43
7571594.0,28,51
7571598.0,33,39
7571657.0,27,43
7571671.0,34,43
7571694.0,33,85
7571695.0,36,42
7571699.0,31,38
7571702.0,35,53
7571727.0,37,40
7571750.0,32,48
7571797.0,31,64
7571848.0,30,37
7571879.0,28,40
7571963.0,7,80
7572002.0,33,41
7572010.0,29,72
7572022.0,27,39
7572153.0,28,38
7572154.0,33,37
7572159.0,49,85
7572168.0,31,38
7572237.0,46,83
7572282.0,34,52
7572337.0,31,39
7572345.0,37,40
7572365.0,30,38
7572367.0,34,49
7572369.0,24,41
7572460.0,24,43
7572482.0,7,80
7572538.0,33,37
7572569.0,25,45
7572594.0,31,41
7572641.0,6,81
7572647.0,36,41
7572685.0,25,40
7572697.0,34,52
7572750.0,26,49
7572839.0,26,57
7572863.0,36,43
7572883.0,26,38
7572973.0,33,39
7572984.0,36,40
7573003.0,28,37
7573038.0,26,43
7573109.0,30,63
7573142.0,35,46
7573146.0,30,39
7573171.0,26,50
7573232.0,36,43
7573260.0,26,47
7573272.0,33,39
7573374.0,36,44
7573385.0,35,63
7573406.0,30,39
7573426.0,25,40
7573486.0,36,41
7573497.0,29,39
7573565.0,51,87
7573698.0,26,40
7573699.0,26,41
7573739.0,24,41
7573806.0,24,42
7573819.0,37,40
7573879.0,29,35
7573922.0,39,87
7573949.0,28,39
7573967.0,34,41
7573994.0,50,86
7574015.0,33,42
7574025.0,32,37
7574046.0,35,48
7574058.0,31,55
7574101.0,25,40
7574118.0,36,41
7574147.0,26,42
7574163.0,32,55
7574194.0,34,86
7574214.0,35,87
7574246.0,6,81
7574269.0,33,45
7574298.0,33,43
7574298.0,35,48
7574333.0,46,95
7574352.0,62,55
7574371.0,24,43
7574396.0,29,39
7574410.0,36,41
7574438.0,31,38
7574442.0,33,58
7574453.0,37,40
7574464.0,30,41
7574468.0,35,44
7574492.0,34,42
7574501.0,35,47
7574566.0,29,37
7574586.0,34,53
7574597.0,25,47
7574599.0,25,40
7574611.0,26,39
7574622.0,33,42
7574673.0,32,36
7574686.0,46,95
7574690.0,32,38
7574727.0,34,54
7574753.0,29,36
7574773.0,30,40
7574817.0,25,46
7574840.0,27,38
7574853.0,70,71
7574860.0,33,53
7574911.0,27,39
7574927.0,29,37
7574938.0,29,36
7575042.0,30,38
7575056.0,34,43
7575088.0,28,40
7575110.0,33,43
7575138.0,35,45
7575163.0,7,94
7575176.0,31,38
7575182.0,35,47
7575184.0,34,48
7575212.0,33,53
7575236.0,32,41
7575237.0,28,36
7575238.0,26,41
7575240.0,30,40
7575303.0,35,62
7575359.0,35,48
7575385.0,37,40
7575394.0,33,43
7575424.0,27,38
7575453.0,32,46
7575524.0,25,41
7575534.0,34,54
7575536.0,31,38
7575571.0,33,47
7575574.0,34,41
7575597.0,46,95
7575636.0,34,52
7575650.0,35,47
7575671.0,35,48
7575760.0,36,86
7575879.0,34,40
7575898.0,25,45
7575923.0,27,35
7576062.0,27,36
7576221.0,29,49
7576252.0,44,90
7576265.0,43,90
7576284.0,31,35
7576296.0,35,47
7576307.0,37,40
7576342.0,25,42
7576352.0,26,42
7576366.0,23,42
7576375.0,32,40
7576446.0,25,41
7576451.0,24,44
7576475.0,24,40
7576561.0,45,94
7576566.0,31,35
7576573.0,29,37
7576592.0,33,47
7576649.0,30,41
7576686.0,35,47
7576699.0,35,42
7576781.0,35,44
7576801.0,54,89
7576804.0,26,43
7576832.0,27,35
7576947.0,35,46
7576961.0,32,42
7576993.0,25,48
7577032.0,24,40
7577048.0,35,47
7577082.0,31,45
7577096.0,31,36
7577161.0,43,90
7577173.0,35,45
7577182.0,27,40
7577184.0,26,55
7577208.0,35,41
7577248.0,45,94
7577259.0,35,40
7577325.0,35,42
7577338.0,29,38
7577361.0,27,41
7577365.0,28,38
7577418.0,24,41
7577422.0,35,44
7577422.0,33,47
7577506.0,32,44
7577509.0,32,41
7577517.0,27,35
7577538.0,31,37
7577554.0,31,38
7577570.0,34,49
7577572.0,30,48
7577598.0,31,45
7577699.0,88,125
7577702.0,33,46
7577739.0,32,39
7577777.0,24,41
7577786.0,24,45
7577795.0,29,38
7577837.0,73,57
7577855.0,32,57
7577856.0,32,42
7577863.0,28,35
7577864.0,26,50
7577864.0,27,38
7577865.0,33,51
7577874.0,33,54
7577885.0,30,37
7577906.0,27,39
7577910.0,43,90
7577955.0,23,41
7577990.0,24,40
7578000.0,26,54
7578003.0,32,44
7578048.0,27,40
7578149.0,26,52
7578217.0,35,44
7578231.0,35,43
7578263.0,27,41
7578268.0,33,43
7578306.0,25,40
7578364.0,35,47
7578367.0,34,48
7578374.0,26,44
7578379.0,33,50
7578388.0,29,37
7578398.0,25,39
7578439.0,27,52
7578461.0,31,45
7578498.0,29,39
7578509.0,35,43
7578544.0,34,54
7578596.0,35,42
7578614.0,24,41
7578756.0,33,50
7578834.0,32,42
7578871.0,31,48
7578884.0,34,48
7578934.0,25,41
7578957.0,33,58
7578981.0,29,39
7578991.0,34,39
7579051.0,33,41
7579131.0,35,42
7579170.0,25,49
7579194.0,25,43
7579214.0,24,63
7579260.0,32,48
7579277.0,26,36
7579364.0,29,40
7579369.0,32,42
7579370.0,33,50
7579393.0,27,37
7579461.0,33,42
7579477.0,33,58
7579487.0,34,54
7579507.0,68,50
7579514.0,34,48
7579609.0,33,53
7579619.0,35,43
7579650.0,31,45
7579683.0,24,42
7579695.0,28,36
7579714.0,33,50
7579733.0,35,42
7579743.0,33,52
7579760.0,25,46
7579768.0,25,42
7579805.0,33,57
7579818.0,68,50
7579864.0,29,40
7579878.0,31,38
7579882.0,25,43
7579903.0,33,55
7579914.0,35,43
7579969.0,35,52
7579972.0,35,42
7579984.0,29,36
7580002.0,27,35
7580079.0,43,89
7580084.0,34,46
7580094.0,28,36
7580130.0,28,38
7580132.0,72,52
7580150.0,25,67
7580153.0,26,39
7580195.0,48,83
7580306.0,26,35
7580429.0,35,63
7580453.0,30,36
7580604.0,26,43
7580613.0,28,37
7580644.0,34,47
7580792.0,25,44
7580795.0,6,48
7580825.0,23,42
7580832.0,25,42
7580847.0,28,37
7580851.0,24,46
7580953.0,34,76
7581088.0,23,44
7581165.0,34,47
7581255.0,31,47
7581295.0,31,41
7581355.0,22,41
7581359.0,24,39
7581397.0,31,39
7581533.0,24,47
7581628.0,27,42
7581710.0,27,39
7581751.0,28,39
7581757.0,34,41
7581782.0,26,40
7581833.0,25,44
7581951.0,24,45
7581965.0,26,39
7581965.0,44,92
7581976.0,32,102
7581981.0,28,39
7581998.0,27,40
7582122.0,32,41
7582215.0,31,42
7582249.0,26,41
7582278.0,6,48
7582308.0,33,53
7582353.0,34,43
7582364.0,34,39
7582387.0,24,40
7582396.0,22,42
7582419.0,30,37
7582436.0,34,44
7582466.0,33,50
7582485.0,33,47
7582489.0,31,43
7582501.0,29,36
7582506.0,23,60
7582556.0,26,41
7582586.0,34,40
7582654.0,25,44
7582676.0,23,41
7582683.0,24,43
7582688.0,35,39
7582689.0,27,41
7582729.0,27,55
7582814.0,34,47
7582820.0,33,47
7582960.0,24,41
7582969.0,34,44
7582976.0,34,45
7582986.0,25,44
7583091.0,34,39
7583165.0,22,43
7583177.0,34,46
7583296.0,25,61
7583310.0,23,41
7583337.0,24,61
7583379.0,28,38
7583389.0,33,45
7583445.0,27,37
7583456.0,27,36
7583476.0,45,93
7583477.0,25,36
7583522.0,31,44
7583550.0,34,42
7583592.0,25,49
7583652.0,26,37
7583665.0,33,52
7583679.0,34,47
7583695.0,33,59
7583731.0,26,38
7583767.0,30,38
7583824.0,46,99
7583831.0,31,43
7583866.0,30,64
7583912.0,30,45
7583933.0,34,44
7583948.0,25,43
7584005.0,26,40
7584066.0,31,40
7584108.0,33,55
7584118.0,33,39
7584224.0,31,44
7584255.0,26,42
7584267.0,24,48
7584293.0,27,37
7584367.0,34,39
7584420.0,36,64
7584452.0,22,42
7584476.0,25,44
7584480.0,34,86
7584490.0,32,42
7584521.0,25,57
7584527.0,43,91
7584565.0,25,50
7584566.0,34,47
7584569.0,26,42
7584572.0,25,37
7584740.0,28,57
7584753.0,25,39
7584757.0,34,44
7584808.0,32,40
7584873.0,33,58
7584981.0,24,42
7584992.0,25,56
7584995.0,29,46
7585008.0,27,38
7585062.0,15,76
7585071.0,25,36
7585108.0,25,51
7585136.0,43,91
7585153.0,37,64
7585166.0,27,36
7585313.0,22,43
7585315.0,33,46
7585317.0,33,58
7585331.0,30,39
7585340.0,26,56
7585357.0,29,39
7585411.0,29,46
7585477.0,34,47
7585588.0,25,40
7585652.0,29,45
7585681.0,44,91
7585743.0,45,91
7585773.0,27,39
7585835.0,30,43
7585864.0,26,43
7585871.0,25,59
7585878.0,30,40
7585935.0,27,39
7585943.0,33,47
7585961.0,15,76
7586041.0,43,91
7586043.0,26,36
7586077.0,23,42
7586088.0,25,40
7586098.0,23,40
7586107.0,45,91
7586136.0,25,39
7586168.0,23,46
7586211.0,24,44
7586244.0,32,41
7586248.0,28,36
7586249.0,22,44
7586261.0,26,36
7586266.0,29,37
7586271.0,27,41
7586274.0,29,45
7586279.0,15,76
7586298.0,21,42
7586307.0,35,86
7586366.0,24,43
7586444.0,33,40
7586478.0,23,38
7586484.0,24,40
7586491.0,61,77
7586493.0,33,48
7586556.0,33,44
7586615.0,27,40
7586641.0,32,43
7586657.0,24,36
7586665.0,33,57
7586676.0,75,57
7586704.0,23,42
7586738.0,23,44
7586740.0,24,38
7586787.0,30,42
7586798.0,27,57
7586804.0,34,58
7586820.0,45,92
7586842.0,33,44
7586844.0,25,40
7586851.0,25,39
7586854.0,30,41
7586866.0,34,39
7586873.0,26,41
7586963.0,21,42
7586968.0,25,41
7587113.0,29,36
7587127.0,22,41
7587145.0,23,42
7587179.0,21,42
7587191.0,75,57
7587200.0,27,58
7587287.0,25,54
7587296.0,30,42
7587337.0,33,45
7587376.0,26,52
7587383.0,33,42
7587389.0,43,91
7587394.0,23,42
7587466.0,28,40
7587490.0,33,41
7587493.0,33,43
7587510.0,26,37
7587513.0,29,38
7587531.0,33,57
7587587.0,33,39
7587590.0,32,45
7587595.0,31,53
7587635.0,23,44
7587674.0,32,57
7587708.0,32,39
7587765.0,24,37
7587824.0,21,43
7587847.0,25,41
7587874.0,33,42
7587898.0,30,43
7587922.0,29,39
7587970.0,27,38
7587981.0,33,44
7588015.0,26,37
7588017.0,22,42
7588042.0,23,41
7588092.0,23,43
7588253.0,30,42
7588265.0,33,51
7588375.0,24,43
7588382.0,30,43
7588474.0,33,42
7588482.0,25,50
7588672.0,24,64
7588756.0,23,43
7588868.0,27,41
7588874.0,33,42
7588963.0,25,40
7588997.0,24,38
7589015.0,33,46
7589050.0,28,46
7589131.0,32,50
7589152.0,23,42
7589161.0,24,36
7589195.0,25,63
7589200.0,24,50
7589299.0,32,56
7589313.0,31,43
7589325.0,23,43
7589343.0,33,51
7589397.0,33,49
7589508.0,22,44
7589526.0,37,88
7589532.0,31,56
7589570.0,25,36
7589690.0,25,43
7589826.0,33,52
7589845.0,24,48
7589926.0,23,48
7589930.0,23,43
7589939.0,25,43
7589989.0,37,88
7589990.0,24,40
7590035.0,33,62
7590114.0,33,45
7590140.0,28,48
7590157.0,42,89
7590178.0,25,41
7590230.0,33,47
7590291.0,23,38
7590296.0,22,39
7590301.0,24,38
7590398.0,22,38
7590428.0,36,87
7590482.0,29,40
7590550.0,25,55
7590571.0,63,82
7590632.0,25,51
7590653.0,33,62
7590813.0,33,52
7590813.0,29,39
7590887.0,32,52
7590898.0,29,40
7590997.0,22,43
7591017.0,43,90
7591020.0,21,44
7591094.0,35,62
7591139.0,31,42
7591149.0,23,38
7591181.0,22,40
7591190.0,32,55
7591218.0,28,39
7591222.0,29,39
7591224.0,61,62
7591229.0,31,39
7591314.0,31,41
7591317.0,30,43
7591361.0,23,37
7591414.0,54,102
7591458.0,33,62
7591476.0,22,41
7591560.0,43,90
7591711.0,24,41
7591738.0,27,41
7591746.0,61,62
7591821.0,32,48
7591831.0,33,62
7591848.0,26,44
7591858.0,30,43
7591868.0,32,40
7591923.0,28,38
7591957.0,22,45
7591961.0,29,40
7592039.0,22,40
7592052.0,29,41
7592081.0,24,41
7592083.0,43,90
7592104.0,23,64
7592161.0,32,39
7592249.0,32,53
7592254.0,24,40
7592498.0,24,44
7592504.0,24,36
7592504.0,45,94
7592573.0,23,39
7592762.0,32,41
7592803.0,32,53
7592808.0,33,52
7592835.0,28,37
7592950.0,31,52
7592967.0,23,39
7592973.0,29,44
7593008.0,32,49
7593015.0,32,59
7593040.0,36,65
7593055.0,32,43
7593099.0,33,54
7593100.0,24,36
7593113.0,21,45
7593159.0,29,45
7593241.0,23,47
7593277.0,32,39
7593279.0,32,52
7593293.0,28,37
7593308.0,26,41
7593319.0,33,52
7593350.0,25,43
7593365.0,20,43
7593401.0,36,65
7593417.0,32,51
7593423.0,29,45
7593439.0,32,58
7593478.0,32,54
7593599.0,27,37
7593713.0,29,42
7593728.0,23,37
7593869.0,32,84
7593902.0,27,53
7593983.0,29,60
7594017.0,44,90
7594065.0,32,58
7594115.0,27,40
7594174.0,27,37
7594202.0,29,43
7594245.0,28,40
7594273.0,32,53
7594311.0,22,42
7594336.0,33,43
7594390.0,32,52
7594401.0,25,56
7594415.0,22,44
7594453.0,24,39
7594462.0,28,37
7594470.0,23,49
7594485.0,21,40
7594504.0,32,53
7594635.0,24,43
7594671.0,27,38
7594677.0,32,42
7594685.0,29,43
7594689.0,23,42
7594733.0,23,41
7594822.0,22,41
7594834.0,41,87
7594858.0,32,44
7594874.0,32,45
7594887.0,30,42
7594909.0,23,44
7594922.0,23,45
7594975.0,21,42
7595041.0,22,46
7595044.0,23,40
7595088.0,24,43
7595149.0,33,43
7595157.0,23,48
7595171.0,23,42
7595186.0,32,44
7595361.0,33,45
7595385.0,26,41
7595422.0,21,43
7595425.0,21,45
7595426.0,32,47
7595457.0,24,49
7595583.0,23,38
7595610.0,32,46
7595660.0,30,41
7595688.0,24,51
7595711.0,22,37
7595727.0,23,45
7595761.0,29,43
7595775.0,22,43
7595838.0,21,46
7595885.0,21,43
7595914.0,28,39
7595925.0,33,43
7595956.0,23,43
7595964.0,30,39
7596124.0,21,42
7596217.0,21,41
7596370.0,22,48
7596437.0,24,43
7596444.0,33,48
7596510.0,22,39
7596609.0,32,43
7596652.0,33,43
7596703.0,25,77
7596757.0,26,68
7596870.0,24,43
7596929.0,52,89
7596951.0,22,38
7596956.0,29,39
7596958.0,31,40
7596967.0,22,39
7596981.0,27,39
7597021.0,24,38
7597052.0,23,46
7597056.0,32,39
7597072.0,24,46
7597097.0,23,42
7597158.0,31,39
7597175.0,31,41
7597181.0,23,40
7597201.0,30,40
7597276.0,20,45
7597344.0,27,39
7597402.0,25,38
7597432.0,26,37
7597486.0,31,40
7597500.0,32,45
7597539.0,23,50
7597550.0,32,43
7597552.0,32,39
7597621.0,29,39
7597657.0,32,44
7597774.0,42,88
7597803.0,22,47
7597816.0,31,45
7597821.0,31,56
7597892.0,23,37
7597929.0,24,54
7597961.0,20,44
7597981.0,22,40
7598031.0,19,43
7598129.0,27,40
7598131.0,30,39
7598141.0,23,39
7598181.0,32,43
7598229.0,24,39
7598265.0,24,58
7598320.0,30,42
7598384.0,29,39
7598402.0,22,43
7598496.0,22,40
7598511.0,27,39
7598540.0,30,43
7598563.0,31,50
7598649.0,44,89
7598667.0,43,89
7598714.0,29,39
7598749.0,30,39
7598803.0,43,88
7598824.0,23,41
7598844.0,24,54
7598844.0,32,52
7598979.0,28,42
7599011.0,26,38
7599017.0,32,43
7599076.0,29,43
7599110.0,45,88
7599116.0,33,52
7599120.0,22,45
7599141.0,21,46
7599190.0,30,39
7599196.0,32,55
7599206.0,28,44
7599244.0,29,49
7599248.0,31,51
7599306.0,22,39
7599307.0,23,38
7599309.0,29,40
7599380.0,21,44
7599383.0,25,37
7599398.0,24,55
7599401.0,31,43
7599430.0,31,52
7599434.0,32,57
7599486.0,45,88
7599550.0,27,39
7599558.0,28,42
7599573.0,22,48
7599597.0,24,38
7599688.0,31,42
7599692.0,31,49
7599701.0,23,43
7599776.0,20,43
7599808.0,51,86
7599815.0,29,41
7599866.0,45,90
7599969.0,31,43
7599982.0,21,43
7600140.0,26,36
7600173.0,27,37
7600175.0,22,41
7600175.0,31,51
7600225.0,21,38
7600240.0,31,40
7600296.0,31,41
7600316.0,26,36
7600327.0,23,41
7600341.0,31,54
7600376.0,25,40
7600423.0,22,49
7600438.0,31,55
7600531.0,31,51
7600571.0,24,40
7600598.0,28,41
7600688.0,26,35
7600707.0,31,43
7600710.0,31,40
7600751.0,19,44
7600767.0,31,53
7600768.0,25,38
7600780.0,27,45
7600820.0,22,37
7600856.0,28,48
7600865.0,31,41
7600890.0,21,40
7600915.0,24,40
7600933.0,22,41
7600936.0,28,43
7600973.0,27,47
7600994.0,28,41
7601071.0,24,37
7601084.0,31,55
7601089.0,38,87
7601102.0,37,88
7601125.0,28,43
7601125.0,20,41
7601178.0,30,39
7601195.0,27,40
7601210.0,24,39
7601271.0,25,55
7601292.0,29,40
7601366.0,26,58
7601368.0,21,44
7601380.0,30,44
7601394.0,23,39
7601398.0,27,41
7601429.0,23,50
7601471.0,27,48
7601507.0,23,44
7601515.0,21,40
7601576.0,19,45
7601621.0,27,40
7601626.0,26,39
7601628.0,25,41
7601658.0,28,42
7601680.0,30,39
7601695.0,30,40
7601757.0,22,40
7601784.0,28,44
7601835.0,31,41
7601837.0,23,44
7601844.0,31,55
7601924.0,28,41
7601948.0,29,42
7602007.0,31,45
7602066.0,28,42
7602100.0,27,41
7602236.0,31,50
7602272.0,31,41
7602302.0,24,51
7602336.0,23,43
7602360.0,20,46
7602375.0,28,49
7602423.0,22,47
7602433.0,18,43
7602464.0,28,41
7602480.0,22,45
7602672.0,21,45
7602675.0,22,43
7602728.0,31,40
7602770.0,27,41
7602923.0,21,41
7602926.0,21,48
7602939.0,27,40
7602969.0,22,42
7602977.0,29,39
7603011.0,30,45
7603067.0,31,44
7603106.0,18,44
7603121.0,31,41
7603133.0,23,43
7603140.0,25,38
7603186.0,27,41
7603218.0,20,44
7603249.0,19,45
7603303.0,21,45
7603396.0,23,51
7603411.0,19,43
7603463.0,21,41
7603510.0,21,39
7603530.0,24,52
7603534.0,31,40
7603534.0,29,41
7603697.0,31,51
7603749.0,23,44
7603768.0,45,93
7603775.0,23,43
7603794.0,31,52
7603842.0,22,44
7603850.0,44,91
7603995.0,23,44
7604002.0,44,92
7604069.0,31,47
7604085.0,22,42
7604112.0,31,46
7604193.0,20,42
7604222.0,21,41
7604245.0,26,40
7604253.0,23,43
7604297.0,30,41
7604362.0,22,38
7604377.0,20,38
7604515.0,20,43
7604516.0,21,41
7604536.0,35,66
7604536.0,44,91
7604597.0,22,38
7604597.0,19,46
7604615.0,31,40
7604627.0,27,41
7604696.0,21,44
7604711.0,18,44
7604758.0,31,45
7604789.0,35,66
7604791.0,23,39
7604795.0,31,58
7604818.0,45,93
7604821.0,19,45
7604901.0,23,40
7604908.0,31,53
7604948.0,55,104
7604970.0,25,39
7604986.0,2,93
7604997.0,31,54
7605016.0,22,45
7605219.0,31,45
7605236.0,27,42
7605288.0,23,43
7605311.0,45,107
7605323.0,23,42
7605334.0,21,45
7605339.0,31,40
7605356.0,2,93
7605395.0,24,57
7605485.0,21,41
7605494.0,30,39
7605627.0,20,40
7605640.0,29,43
7605663.0,31,53
7605713.0,30,42
7605717.0,20,39
7605747.0,24,38
7605763.0,19,45
7605821.0,31,57
7605823.0,30,43
7605826.0,31,45
7605838.0,29,45
7605867.0,31,54
7605890.0,22,49
7605917.0,29,44
7605940.0,19,42
7605950.0,31,56
7605953.0,20,40
7605982.0,21,42
7606120.0,18,45
7606133.0,23,43
7606201.0,29,44
7606231.0,26,48
7606321.0,46,93
7606325.0,31,40
7606388.0,23,41
7606414.0,31,56
7606486.0,32,53
7606538.0,26,41
7606593.0,20,47
7606599.0,23,43
7606739.0,21,46
7606749.0,21,49
7606757.0,45,93
7606947.0,31,40
7606953.0,39,87
7606974.0,24,56
7607001.0,40,86
7607005.0,20,44
7607023.0,21,46
7607042.0,26,41
7607053.0,18,43
7607110.0,20,41
7607113.0,21,40
7607161.0,22,50
7607162.0,21,38
7607222.0,25,40
7607357.0,44,93
7607382.0,18,43
7607439.0,22,44
7607567.0,27,43
7607573.0,21,38
7607582.0,31,56
7607608.0,23,43
7607635.0,19,43
7607651.0,45,93
7607660.0,44,93
7607692.0,21,41
7607708.0,28,40
7607795.0,25,40
7607808.0,22,44
7607873.0,18,41
7607880.0,26,67
7607886.0,28,43
7607887.0,28,42
7607966.0,22,40
7607971.0,26,41
7608017.0,24,43
7608019.0,27,43
7608033.0,19,44
7608074.0,29,40
7608096.0,45,93
7608231.0,24,43
7608282.0,29,39
7608283.0,17,44
7608374.0,21,42
7608384.0,31,54
7608422.0,31,53
7608451.0,24,39
7608471.0,25,60
7608494.0,22,40
7608510.0,26,41
7608513.0,21,43
7608535.0,45,89
7608600.0,19,44
7608625.0,28,43
7608724.0,44,89
7608788.0,28,43
7608806.0,26,42
7608819.0,20,42
7608900.0,23,42
7608967.0,25,40
7608973.0,28,41
7609012.0,26,41
7609065.0,22,61
7609105.0,27,41
7609131.0,43,88
7609174.0,45,89
7609292.0,29,41
7609349.0,20,41
7609360.0,19,44
7609380.0,17,45
7609485.0,29,40
7609493.0,26,41
7609622.0,27,43
7609710.0,28,44
7609730.0,30,45
7609977.0,19,43
7609989.0,29,40
7610132.0,34,85
7610190.0,18,46
7610294.0,18,44
7610589.0,27,40
7610745.0,19,46
7610748.0,18,44
7610786.0,20,40
7610819.0,22,38
7610820.0,27,44
7610839.0,19,40
7610851.0,25,41
7610910.0,18,42
7610924.0,21,42
7611007.0,19,41
7611017.0,29,40
7611070.0,30,44
7611195.0,33,61
7611210.0,17,45
7611311.0,27,44
7611333.0,22,41
7611345.0,46,86
7611382.0,20,45
7611458.0,21,40
7611459.0,33,61
7611489.0,23,52
7611516.0,20,48
7611579.0,26,48
7611615.0,19,41
7611626.0,27,43
7611703.0,41,87
7611719.0,30,48
7611740.0,20,41
7611782.0,22,40
7611783.0,19,45
7611840.0,23,51
7611856.0,19,44
7611899.0,21,44
7611900.0,23,42
7611911.0,36,88
7611945.0,22,50
7611974.0,21,50
7611994.0,28,42
7612019.0,27,44
7612098.0,21,42
7612169.0,18,44
7612185.0,20,46
7612190.0,27,42
7612257.0,38,87
7612307.0,26,44
7612320.0,22,41
7612428.0,23,39
7612465.0,21,43
7612483.0,37,86
7612495.0,17,42
7612517.0,24,40
7612548.0,30,51
7612592.0,27,44
7612614.0,30,47
7612622.0,21,49
7612784.0,20,46
7612825.0,29,43
7612927.0,30,47
7612994.0,20,42
7612997.0,42,87
7613035.0,30,43
7613087.0,24,40
7613090.0,37,87
7613102.0,18,43
7613121.0,56,78
7613126.0,28,40
7613127.0,29,43
7613141.0,30,42
7613149.0,30,49
7613174.0,20,39
7613243.0,31,49
7613306.0,24,55
7613469.0,25,110
7613484.0,31,55
7613616.0,18,47
7613622.0,31,56
7613642.0,56,78
7613731.0,24,65
7613770.0,30,55
7613901.0,19,45
7613921.0,19,42
7613936.0,30,53
7613968.0,29,53
7613980.0,27,40
7613988.0,16,45
7614018.0,27,43
7614048.0,37,87
7614070.0,27,41
7614077.0,30,42
7614093.0,43,87
7614203.0,19,47
7614241.0,28,52
7614265.0,31,49
7614279.0,30,47
7614339.0,31,55
7614357.0,25,56
7614377.0,31,57
7614438.0,21,41
7614516.0,26,43
7614625.0,19,46
7614653.0,31,58
7614669.0,19,48
7614686.0,20,38
7614745.0,20,49
7614805.0,22,41
7614881.0,59,77
7614989.0,28,41
7615045.0,30,52
7615093.0,18,45
7615127.0,29,43
7615128.0,19,46
7615128.0,33,62
7615147.0,26,111
7615191.0,19,41
7615234.0,23,55
7615324.0,18,44
7615327.0,59,77
7615366.0,24,41
7615471.0,29,44
7615496.0,19,43
7615511.0,19,45
7615522.0,18,45
7615581.0,30,45
7615703.0,31,55
7615771.0,33,62
7615779.0,24,52
7615922.0,18,42
7615978.0,20,46
7616077.0,39,88
7616090.0,20,42
7616209.0,33,61
7616237.0,29,43
7616334.0,21,45
7616352.0,39,88
7616389.0,33,61
7616457.0,18,42
7616474.0,40,87
7616595.0,46,92
7616753.0,21,45
7616910.0,17,43
7616940.0,21,39
7617238.0,20,47
7617250.0,20,44
7617298.0,29,43
7617535.0,45,91
7617604.0,20,47
7617617.0,23,40
7617696.0,19,42
7617767.0,22,40
7617792.0,21,41
7617842.0,40,87
7617947.0,29,44
7618018.0,28,42
7618043.0,21,42
7618105.0,45,91
7618199.0,31,59
7618238.0,22,40
7618339.0,21,51
7618413.0,20,49
7618447.0,30,53
7618457.0,18,42
7618460.0,21,40
7618588.0,22,52
7618591.0,20,41
7618655.0,18,42
7618866.0,18,48
7618884.0,22,51
7618932.0,26,42
7619018.0,45,89
7619027.0,18,41
7619071.0,16,46
7619080.0,30,49
7619165.0,20,41
7619267.0,20,50
7619299.0,23,41
7619305.0,29,45
7619400.0,30,54
7619414.0,24,42
7619435.0,27,42
7619546.0,19,46
7619555.0,25,43
7619571.0,18,45
7619672.0,23,57
7619677.0,29,45
7619680.0,18,46
7619703.0,23,41
7619770.0,17,42
7619809.0,28,46
7619874.0,24,68
7619941.0,18,43
7619981.0,16,46
7620032.0,26,40
7620067.0,23,52
7620109.0,19,44
7620269.0,25,43
7620278.0,16,46
7620290.0,20,45
7620316.0,46,91
7620320.0,29,45
7620326.0,19,43
7620372.0,20,46
7620385.0,18,43
7620408.0,18,46
7620428.0,17,42
7620499.0,23,56
7620532.0,17,44
7620539.0,45,90
7620567.0,17,41
7620581.0,16,41
7620638.0,23,57
7620664.0,19,41
7620756.0,26,43
7620860.0,29,46
7620864.0,21,42
7620926.0,46,91
7620949.0,27,40
7621017.0,23,55
7621089.0,23,57
7621217.0,22,41
7621341.0,20,42
7621352.0,22,40
7621363.0,19,40
7621393.0,37,86
7621396.0,25,43
7621458.0,44,89
7621524.0,21,43
7621638.0,22,41
7621652.0,18,43
7621738.0,36,86
7621789.0,27,48
7621809.0,27,41
7621838.0,29,47
7621859.0,23,57
7621877.0,25,43
7621897.0,18,40
7621932.0,28,41
7621933.0,16,44
7621961.0,27,44
7621983.0,45,105
7622007.0,30,56
7622154.0,19,47
7622194.0,18,48
7622206.0,46,78
7622288.0,20,46
7622380.0,23,57
7622412.0,26,41
7622465.0,29,41
7622486.0,28,41
7622737.0,21,45
7622762.0,20,44
7622765.0,15,46
7622980.0,18,42
7623000.0,17,43
7623008.0,19,49
7623258.0,17,48
7623272.0,16,45
7623276.0,27,46
7623286.0,21,40
7623314.0,25,44
7623383.0,29,46
7623424.0,17,46
7623447.0,44,88
7623464.0,32,46
7623470.0,17,40
7623470.0,20,50
7623485.0,33,45
7623513.0,16,45
7623533.0,18,45
7623566.0,25,43
7623580.0,36,85
7623621.0,22,41
7623641.0,29,49
7623722.0,20,40
7623742.0,19,44
7623781.0,29,46
7623802.0,18,44
7623983.0,19,45
7624037.0,27,41
7624242.0,17,46
7624328.0,33,45
7624335.0,23,42
7624410.0,17,42
7624460.0,29,48
7624594.0,21,52
7624704.0,29,45
7624849.0,16,41
7624900.0,28,42
7624990.0,27,47
7625060.0,17,45
7625158.0,26,42
7625158.0,21,52
7625203.0,29,45
7625361.0,29,52
7625534.0,21,52
7625623.0,30,57
7625673.0,45,92
7625759.0,16,45
7625792.0,25,43
7625797.0,29,51
7625862.0,15,44
7625886.0,17,44
7625888.0,18,41
7625968.0,29,52
7626071.0,29,47
7626185.0,63,80
7626207.0,21,52
7626235.0,44,92
7626319.0,16,43
7626332.0,19,50
7626387.0,19,42
7626529.0,16,46
7626667.0,63,80
7626737.0,29,51
7626739.0,18,43
7626770.0,20,42
7626806.0,17,44
7626839.0,19,41
7626901.0,28,44
7626938.0,27,42
7627034.0,63,81
7627141.0,28,44
7627162.0,28,81
7627163.0,17,43
7627217.0,44,92
7627298.0,20,51
7627322.0,23,53
7627356.0,29,45
7627455.0,18,44
7627530.0,27,81
7627594.0,17,44
7627728.0,54,84
7627951.0,33,63
7627956.0,28,81
7628053.0,18,45
7628128.0,31,59
7628188.0,33,58
7628245.0,25,43
7628281.0,32,58
7628338.0,15,47
7628409.0,39,87
7628470.0,18,46
7628518.0,15,45
7628533.0,18,45
7628549.0,29,50
7628610.0,17,44
7628641.0,28,46
7628669.0,28,41
7628674.0,23,43
7628678.0,39,87
7628680.0,18,41
7628730.0,18,47
7628761.0,33,58
7628844.0,16,42
7628862.0,17,49
7628862.0,15,42
7628931.0,28,41
7628944.0,29,50
7629116.0,30,58
7629126.0,28,46
7629203.0,21,50
7629360.0,26,52
7629400.0,25,40
7629452.0,17,44
7629562.0,20,40
7629634.0,29,50
7629639.0,16,41
7629663.0,29,48
7629670.0,18,45
7629689.0,25,42
7629816.0,30,45
7629939.0,28,45
7629960.0,20,41
7629971.0,15,46
7630141.0,21,41
7630178.0,19,40
7630198.0,22,42
7630202.0,19,45
7630233.0,19,46
7630300.0,15,46
7630415.0,25,42
7630514.0,20,40
7630570.0,16,46
7630596.0,17,44
7630641.0,29,46
7630678.0,29,53
7630781.0,18,49
7630800.0,28,45
7630819.0,20,45
7630853.0,29,46
7630915.0,16,43
7631017.0,26,41
7631049.0,25,45
7631125.0,18,44
7631149.0,17,44
7631201.0,27,43
7631245.0,19,46
7631256.0,19,40
7631279.0,24,40
7631366.0,26,41
7631370.0,18,45
7631376.0,15,45
7631400.0,20,40
7631405.0,20,44
7631532.0,16,48
7631589.0,24,42
7631593.0,19,43
7631822.0,17,44
7631845.0,17,46
7631857.0,28,46
7632004.0,25,45
7632144.0,21,41
7632289.0,30,57
7632355.0,19,40
7632356.0,34,64
7632379.0,19,46
7632409.0,88,125
7632472.0,17,45
7632477.0,19,41
7632543.0,21,41
7632596.0,29,52
7632600.0,17,44
7632681.0,25,42
7632743.0,19,41
7632749.0,28,45
7632832.0,15,44
7632847.0,30,51
7632864.0,19,42
7632964.0,14,45
7632981.0,17,45
7633035.0,17,44
7633056.0,20,50
7633103.0,24,45
7633297.0,17,42
7633353.0,19,50
7633407.0,26,41
7633485.0,15,44
7633489.0,19,40
7633546.0,17,41
7633615.0,19,41
7633778.0,26,40
7633843.0,17,44
7634006.0,17,42
7634065.0,17,45
7634292.0,15,43
7634343.0,18,46
7634366.0,18,50
7634409.0,17,45
7634486.0,23,59
7634840.0,36,86
7634843.0,19,46
7634915.0,17,41
7635030.0,15,44
7635103.0,14,48
7635166.0,49,77
7635209.0,18,45
7635310.0,36,86
7635446.0,15,44
7635501.0,51,114
7635596.0,19,51
7635689.0,21,42
7635725.0,50,114
7635761.0,18,43
7635879.0,47,88
7635965.0,23,44
7636004.0,16,45
7636085.0,15,44
7636129.0,16,43
7636190.0,16,42
7636286.0,19,44
7636476.0,15,44
7636502.0,16,42
7636575.0,19,44
7636635.0,18,41
7636698.0,15,45
7636723.0,20,44
7636826.0,20,42
7636903.0,16,45
7636910.0,15,45
7636918.0,61,102
7637284.0,27,72
7637347.0,23,41
7637396.0,26,44
7637490.0,16,44
7637490.0,18,50
7637528.0,25,64
7637616.0,21,53
7637657.0,18,43
7637802.0,14,46
7637802.0,29,53
7637893.0,16,45
7637986.0,20,45
7638018.0,32,64
7638022.0,24,42
7638188.0,15,45
7638215.0,29,54
7638240.0,36,85
7638243.0,16,45
7638609.0,15,45
7638820.0,26,47
7638820.0,24,43
7638862.0,16,49
7638944.0,30,54
7638997.0,15,46
7638997.0,15,47
7639106.0,29,54
7639309.0,25,48
7639618.0,17,50
7639721.0,17,46
7639750.0,33,63
7639819.0,38,86
7639824.0,38,51
7639838.0,39,86
7639928.0,28,49
7639930.0,17,45
7639963.0,45,106
7640017.0,28,48
7640604.0,28,48
7640792.0,16,48
7641123.0,28,50
7641234.0,72,47
7641240.0,19,42
7641364.0,14,45
7641411.0,15,44
7641554.0,18,44
7641801.0,29,49
7642232.0,19,42
7642299.0,24,43
7642301.0,28,51
7642441.0,73,48
7642764.0,16,47
7642831.0,15,45
7642838.0,22,57
7643465.0,25,41
7643504.0,27,45
7643547.0,16,46
7643655.0,27,44
7643923.0,16,45
7643954.0,28,47
7643994.0,18,42
7644076.0,24,41
7644110.0,19,48
7644184.0,46,90
7644275.0,25,43
7644535.0,28,48
7644563.0,15,45
7644747.0,29,46
7644827.0,19,45
7644838.0,19,52
7644993.0,18,46
7645046.0,29,46
7645152.0,33,63
7645279.0,17,48
7645283.0,15,45
7645327.0,21,51
7645372.0,33,63
7645599.0,26,43
7645604.0,26,44
7645671.0,15,49
7645921.0,16,50
7645974.0,18,51
7646055.0,15,50
7646274.0,27,42
7646594.0,15,46
7646677.0,13,49
7646687.0,13,46
7646798.0,21,52
7647029.0,39,86
7647119.0,16,48
7647257.0,17,46
7647276.0,29,55
7647647.0,18,44
7647878.0,20,53
7648048.0,33,63
7648064.0,21,55
7648268.0,22,67
7648387.0,14,47
7648519.0,20,43
7648996.0,21,55
7649046.0,17,44
7649340.0,21,55
7649563.0,17,44
7649590.0,29,56
7650355.0,13,44
7650363.0,19,43
7650590.0,44,88
7650631.0,46,93
7650870.0,45,95
7651003.0,12,44
7651099.0,14,46
7651281.0,83,120
7651351.0,12,44
7651502.0,18,45
7651654.0,13,46
7651891.0,29,51
7652085.0,13,47
7652330.0,16,43
7652358.0,17,44
7653044.0,15,43
7653046.0,32,61
7653432.0,27,47
7653521.0,29,57
7653677.0,17,51
7654079.0,18,52
7654765.0,29,54
7654849.0,16,47
7655027.0,16,46
7655344.0,29,54
7655587.0,24,49
7655910.0,22,57
7655926.0,29,55
7656339.0,29,54
7656487.0,46,92
7656559.0,46,91
7656629.0,23,62
7656963.0,29,54
7657149.0,23,42
7657489.0,27,50
7657646.0,25,43
7658078.0,46,90
7658328.0,46,89
7658919.0,45,88
7659491.0,28,53
7659721.0,28,53
7659905.0,15,50
7659961.0,27,47
7660120.0,17,42
7660129.0,27,48
7660403.0,16,42
7660497.0,16,51
7660680.0,22,45
7660712.0,27,46
7661244.0,13,48
7661444.0,17,42
7661690.0,13,49
7661824.0,13,50
7661902.0,27,46
7662092.0,12,47
7662163.0,14,50
7662381.0,46,95
7662582.0,29,58
7662724.0,41,87
7662770.0,29,57
7662968.0,30,57
7663229.0,41,87
7663234.0,41,88
7663659.0,20,54
7663812.0,23,43
7663979.0,41,88
7664425.0,24,41
7664503.0,23,44
7666168.0,26,45
7668073.0,46,86
7669354.0,20,44
7670256.0,35,68
7670738.0,35,68
7671029.0,3,112
7671119.0,69,50
7671878.0,17,48
7671942.0,36,71
7672196.0,27,48
7672275.0,27,49
7673311.0,32,83
7673466.0,38,72
7675098.0,46,93
7675116.0,47,93
7675269.0,31,61
7675949.0,46,93
7676500.0,45,92
7676927.0,47,92
7677157.0,45,92
7677950.0,30,100
7677965.0,27,111
7680808.0,46,88
7681250.0,39,55
7681870.0,39,55
7682150.0,39,55
7683146.0,24,46
7683449.0,12,47
7683506.0,13,46
7683767.0,14,45
7684182.0,15,45
7685641.0,28,99
7686036.0,28,99
7687187.0,88,123
7687570.0,88,123
7688596.0,40,73
7689211.0,38,86
7689246.0,13,44
7689505.0,13,44
7689903.0,23,42
7690425.0,41,72
7690927.0,14,49
7691149.0,24,70
7691635.0,25,70
7691776.0,13,47
7692127.0,13,48
7692340.0,15,51
7692599.0,15,49
7692714.0,16,46
7692844.0,42,86
7693025.0,12,49
7693227.0,16,46
7693402.0,12,49
7693593.0,18,45
7693763.0,19,45
7693805.0,26,45
7693936.0,35,70
7693958.0,14,50
7694044.0,34,85
7694122.0,15,45
7694304.0,19,45
7694481.0,15,45
7694525.0,47,93
7694666.0,17,47
7695083.0,19,45
7695108.0,16,46
7695470.0,15,45
7695736.0,13,49
7695826.0,29,54
7695855.0,15,45
7695872.0,48,89
7696067.0,18,47
7696070.0,39,86
7696334.0,29,83
7696389.0,40,85
7697055.0,15,45
7697174.0,15,46
7697192.0,14,44
7697207.0,23,44
7697228.0,36,72
7697235.0,24,45
7697437.0,16,49
7697577.0,13,44
7697584.0,29,84
7697673.0,15,45
7697706.0,14,47
7697707.0,19,46
7697846.0,40,73
7697877.0,13,47
7697921.0,23,44
7698060.0,14,47
7698528.0,13,47
7698935.0,14,47
7699198.0,13,47
7699309.0,27,46
7699373.0,13,47
7700157.0,35,85
7700242.0,49,87
7700245.0,13,46
7700259.0,34,85
7700388.0,15,50
7700494.0,44,93
7700535.0,49,87
7700541.0,21,50
7700573.0,16,46
7700699.0,13,46
7700760.0,16,45
7700765.0,45,93
7700912.0,15,45
7701157.0,15,45
7701206.0,44,93
7701672.0,24,43
7701709.0,17,46
7701903.0,21,44
7701928.0,24,44
7701987.0,24,43
7702057.0,14,48
7702267.0,17,46
7702329.0,25,78
7702489.0,25,43
7702795.0,21,56
7702972.0,34,85
7703007.0,22,55
7703351.0,16,46
7703371.0,32,84
7703594.0,17,46
7703684.0,14,45
7703798.0,13,46
7703912.0,17,46
7704268.0,15,44
7704304.0,26,44
7704533.0,13,46
7704617.0,18,46
7704762.0,27,46
7704836.0,18,47
7706025.0,19,47
7706031.0,26,43
7706093.0,14,48
7706188.0,23,45
7706192.0,38,86
7706362.0,36,73
7706395.0,28,50
7706412.0,46,100
7706468.0,22,61
7706567.0,15,45
7706679.0,24,43
7706740.0,17,45
7706750.0,26,45
7706825.0,16,45
7706977.0,15,47
7706994.0,29,84
7707002.0,36,73
7707040.0,25,46
7707399.0,33,57
7707537.0,15,48
7707881.0,22,44
7707890.0,28,51
7707906.0,33,57
7708083.0,15,50
7708520.0,18,46
7708744.0,29,56
7708946.0,30,83
7709084.0,28,52
7709267.0,41,87
7709371.0,28,53
7709506.0,37,86
7709689.0,26,43
7709803.0,32,85
7710031.0,42,70
7710167.0,15,43
7710379.0,15,43
7710405.0,25,43
7710546.0,27,44
7710715.0,27,45
7710903.0,28,49
7711133.0,26,42
7711202.0,20,53
7711259.0,17,45
7711398.0,41,70
7711485.0,27,45
7711531.0,17,46
7711546.0,28,47
7711702.0,45,87
7711784.0,17,45
7711986.0,14,48
7711987.0,15,46
7712057.0,27,45
7712127.0,17,46
7712263.0,35,71
7712324.0,14,46
7712343.0,17,46
7712450.0,36,73
7712480.0,29,56
7712613.0,19,46
7712614.0,13,48
7712676.0,41,71
7712765.0,16,45
7713019.0,13,48
7713167.0,15,49
7713308.0,27,81
7713321.0,16,47
7713390.0,19,46
7713607.0,19,47
7713626.0,15,47
7713869.0,18,45
7713878.0,13,46
7713896.0,18,46
7713906.0,15,49
7713938.0,25,47
7714171.0,19,46
7714182.0,18,43
7714220.0,24,47
7714289.0,26,80
7714329.0,24,46
7714336.0,25,45
7714339.0,25,47
7714477.0,15,46
7714620.0,40,87
7714705.0,28,52
7714783.0,16,43
7714797.0,18,51
7714840.0,17,44
7714840.0,15,43
7714865.0,15,46
7714938.0,25,44
7715050.0,19,51
7715231.0,20,42
7715265.0,35,86
7715364.0,19,51
7715539.0,26,41
7715563.0,42,86
7715726.0,21,42
7715747.0,25,41
7715892.0,19,46
7715960.0,17,50
7715978.0,28,47
7716063.0,18,49
7716211.0,24,45
7716221.0,16,48
7716225.0,25,42
7716610.0,21,42
7716753.0,19,51
7716773.0,17,48
7716859.0,29,80
7716885.0,18,48
7716936.0,30,80
7717134.0,20,47
7717162.0,27,43
7717214.0,22,43
7717240.0,43,88
7717419.0,25,42
7717772.0,25,48
7717865.0,45,88
7717970.0,28,46
7718023.0,25,48
7718035.0,16,49
7718099.0,26,47
7718116.0,21,42
7718120.0,21,47
7718194.0,18,46
7718223.0,26,49
7718243.0,24,49
7718361.0,21,47
7718607.0,16,49
7718638.0,15,48
7718841.0,24,49
7718869.0,18,45
7718914.0,17,47
7718991.0,28,45
7719069.0,29,50
7719114.0,28,50
7719446.0,29,49
7719598.0,13,90
7719633.0,16,49
7719655.0,19,48
7719734.0,18,45
7719781.0,16,44
7719831.0,38,87
7719836.0,23,44
7719855.0,25,50
7719961.0,16,49
7719961.0,35,85
7720077.0,15,45
7720214.0,15,45
7720263.0,12,91
7720358.0,35,86
7720451.0,17,43
7720544.0,18,44
7720686.0,25,50
7721139.0,16,46
7721356.0,26,50
7721471.0,16,46
7721687.0,19,45
7721740.0,23,43
7721945.0,27,42
7721948.0,19,46
7722012.0,26,41
7722030.0,22,42
7722049.0,29,50
7722058.0,16,42
7722111.0,25,43
7722143.0,31,61
7722157.0,25,50
7722225.0,16,47
7722372.0,16,77
7722541.0,22,58
7722570.0,28,83
7722689.0,41,87
7722942.0,31,61
7722947.0,20,46
7723203.0,29,51
7723221.0,29,48
7723408.0,25,46
7723471.0,43,88
7723529.0,20,46
7723567.0,24,44
7723790.0,37,73
7723911.0,16,46
7723966.0,29,82
7724104.0,29,47
7724182.0,47,97
7724312.0,19,90
7724514.0,17,46
7724561.0,25,45
7724575.0,19,51
7724751.0,26,44
7724972.0,26,43
7725093.0,28,47
7725282.0,20,53
7725384.0,30,56
7725451.0,44,88
7725492.0,24,47
7725622.0,25,48
7725674.0,29,48
7725810.0,29,53
7725883.0,43,87
7725912.0,37,87
7725925.0,25,48
7726004.0,19,44
7726032.0,44,87
7726058.0,26,44
7726109.0,18,47
7726112.0,29,50
7726305.0,26,44
7726344.0,17,49
7726374.0,45,88
7726429.0,16,46
7726461.0,17,47
7726496.0,15,47
7726579.0,21,54
7726667.0,34,65
7726851.0,29,46
7726879.0,20,47
7726885.0,17,42
7726905.0,29,47
7726937.0,33,65
7727069.0,16,45
7727162.0,18,47
7727165.0,29,55
7727194.0,27,50
7727198.0,21,46
7727312.0,27,45
7727350.0,23,56
7727394.0,23,55
7727396.0,17,42
7727502.0,27,50
7727566.0,22,56
7727656.0,27,49
7727704.0,42,88
7727768.0,16,48
7727790.0,29,52
7727906.0,19,45
7727948.0,20,42
7727954.0,21,46
7727967.0,28,43
7728008.0,30,56
7728078.0,20,48
7728149.0,16,48
7728168.0,23,59
7728235.0,21,46
7728302.0,19,48
7728339.0,23,60
7728584.0,26,46
7728662.0,34,86
7728718.0,20,46
7728754.0,39,89
7728907.0,19,41
7728925.0,20,51
7728998.0,18,42
7729194.0,24,43
7729266.0,30,57
7729322.0,20,45
7729474.0,18,42
7729616.0,25,44
7729838.0,28,42
7729846.0,18,49
7729958.0,19,43
7729979.0,27,46
7730067.0,26,44
7730136.0,22,54
7730147.0,26,47
7730154.0,27,42
7730280.0,27,41
7730281.0,15,90
7730401.0,19,47
7730438.0,18,42
7730447.0,19,43
7730448.0,26,44
7730460.0,29,46
7730485.0,20,52
7730502.0,17,90
7730569.0,27,46
7730583.0,29,69
7730588.0,29,44
7730591.0,28,41
7730621.0,24,44
7730622.0,15,90
7730791.0,18,42
7731166.0,40,88
7731197.0,26,47
7731316.0,33,86
7731335.0,17,45
7731471.0,27,47
7731495.0,19,45
7731602.0,17,43
7731845.0,17,45
7731897.0,21,52
7731907.0,27,46
7731910.0,18,44
7731989.0,29,47
7732100.0,20,52
7732131.0,27,44
7732183.0,20,44
7732193.0,19,50
7732262.0,18,47
7732271.0,17,48
7732277.0,54,105
7732306.0,17,46
7732354.0,27,45
7732401.0,26,44
7732407.0,20,45
7732427.0,19,43
7732443.0,28,47
7732497.0,34,86
7732508.0,29,45
7732542.0,18,49
7732632.0,17,45
7732715.0,21,52
7732731.0,29,47
7732767.0,27,44
7732782.0,20,52
7732783.0,30,57
7732784.0,19,44
7732797.0,26,50
7732853.0,27,45
7732963.0,39,88
7733007.0,22,42
7733016.0,23,44
7733050.0,30,47
7733093.0,30,51
7733104.0,30,52
7733110.0,71,51
7733137.0,29,47
7733138.0,37,87
7733196.0,21,52
7733206.0,26,50
7733241.0,26,44
7733243.0,29,43
7733247.0,25,50
7733268.0,13,91
7733302.0,17,45
7733346.0,25,43
7733365.0,17,44
7733386.0,30,48
7733398.0,20,52
7733398.0,29,58
7733437.0,20,48
7733658.0,14,91
7733881.0,27,45
7733898.0,21,45
7733924.0,18,45
7733953.0,27,44
7733998.0,17,44
7734056.0,30,49
7734071.0,17,45
7734079.0,24,42
7734088.0,21,46
7734197.0,27,45
7734244.0,21,45
7734251.0,26,45
7734254.0,13,91
7734288.0,17,45
7734450.0,42,87
7734488.0,20,51
7734568.0,36,87
7734585.0,18,45
7734592.0,30,53
7734603.0,20,45
7734714.0,27,43
7734750.0,22,53
7734933.0,21,51
7735004.0,29,42
7735058.0,14,91
7735163.0,20,50
7735239.0,19,42
7735289.0,19,46
7735295.0,23,41
7735359.0,20,43
7735499.0,19,40
7735565.0,22,46
7735589.0,23,57
7735601.0,13,91
7735636.0,30,54
7735766.0,27,45
7735767.0,19,46
7735772.0,43,87
7735814.0,30,52
7735833.0,17,44
7735848.0,22,52
7735900.0,18,43
7735988.0,17,47
7736081.0,42,86
7736166.0,29,41
7736169.0,23,57
7736181.0,46,89
7736209.0,29,52
7736308.0,18,46
7736316.0,17,44
7736317.0,21,52
7736353.0,22,52
7736460.0,30,48
7736531.0,51,91
7736705.0,16,46
7736799.0,22,40
7736909.0,21,44
7736942.0,19,47
7737058.0,19,49
7737076.0,17,44
7737140.0,20,40
7737157.0,19,46
7737160.0,17,43
7737166.0,19,43
7737180.0,30,46
7737256.0,44,87
7737264.0,45,88
7737308.0,28,44
7737321.0,28,41
7737511.0,25,44
7737554.0,29,44
7737583.0,20,44
7737591.0,17,44
7737626.0,18,48
7737695.0,25,42
7737701.0,26,44
7737720.0,39,88
7737790.0,17,45
7737927.0,29,42
7738019.0,28,42
7738046.0,30,44
7738178.0,29,43
7738433.0,38,88
7738696.0,39,87
7738802.0,31,60
7738842.0,18,44
7739030.0,21,45
7739038.0,30,45
7739142.0,20,42
7739147.0,27,45
7739160.0,19,45
7739191.0,19,43
7739206.0,28,45
7739208.0,17,46
7739249.0,19,41
7739490.0,18,44
7739542.0,30,59
7739709.0,22,45
7739740.0,22,46
7740017.0,20,46
7740111.0,19,46
7740316.0,30,52
7740446.0,31,56
7740665.0,22,46
7740716.0,30,44
7740753.0,48,80
7740909.0,21,42
7741045.0,27,42
7741058.0,28,43
7741073.0,21,43
7741147.0,19,45
7741259.0,18,44
7741401.0,30,43
7741405.0,25,42
7741437.0,30,42
7741494.0,21,42
7741563.0,30,51
7741615.0,43,87
7741686.0,21,42
7741772.0,22,63
7741806.0,31,50
7741852.0,18,47
7741963.0,19,45
7741988.0,18,43
7742004.0,61,85
7742031.0,19,48
7742151.0,23,46
7742152.0,30,44
7742186.0,31,57
7742239.0,18,44
7742277.0,31,58
7742308.0,24,54
7742337.0,20,49
7742346.0,23,58
7742354.0,17,44
7742361.0,30,45
7742361.0,28,43
7742411.0,31,51
7742498.0,25,58
7742551.0,38,88
7742556.0,30,46
7742579.0,24,41
7742590.0,21,47
7742648.0,21,50
7742650.0,23,58
7742686.0,30,56
7742706.0,19,46
7742843.0,24,54
7742916.0,30,43
7742969.0,22,44
7743094.0,29,44
7743114.0,21,44
7743160.0,30,42
7743171.0,22,45
7743192.0,18,44
7743214.0,25,41
7743357.0,19,44
7743385.0,22,59
7743387.0,30,44
7743512.0,19,42
7743522.0,25,54
7743541.0,29,42
7743546.0,27,44
7743655.0,22,59
7743795.0,19,44
7743858.0,22,52
7743955.0,34,68
7744068.0,31,47
7744073.0,31,48
7744143.0,24,40
7744225.0,22,52
7744246.0,26,44
7744301.0,31,49
7744394.0,32,86
7744397.0,18,44
7744425.0,24,58
7744482.0,26,42
7744753.0,20,43
7744785.0,19,44
7744871.0,21,44
7744927.0,31,52
7745007.0,26,80
7745060.0,31,56
7745061.0,21,42
7745224.0,23,53
7745228.0,34,63
7745264.0,31,50
7745297.0,19,44
7745303.0,31,85
7745466.0,20,45
7745537.0,20,41
7745621.0,20,40
7745631.0,31,54
7745642.0,31,53
7745658.0,21,42
7745700.0,19,45
7745767.0,31,46
7745873.0,34,63
7745880.0,23,53
7745938.0,22,43
7745968.0,45,89
7746006.0,8,89
7746073.0,19,44
7746100.0,34,87
7746109.0,21,42
7746121.0,18,46
7746163.0,31,59
7746292.0,23,46
7746300.0,22,45
7746322.0,9,89
7746416.0,8,89
7746470.0,18,46
7746631.0,31,45
7746672.0,23,54
7746677.0,19,43
7746679.0,19,44
7746715.0,30,85
7746750.0,23,45
7746759.0,25,55
7746778.0,46,80
7746794.0,19,47
7746833.0,39,73
7746844.0,24,54
7746892.0,38,88
7746921.0,31,58
7746951.0,31,57
7747020.0,31,44
7747082.0,23,54
7747181.0,26,41
7747213.0,24,54
7747226.0,44,88
7747231.0,29,46
7747237.0,19,43
7747282.0,23,53
7747293.0,19,47
7747312.0,21,43
7747338.0,35,88
7747376.0,29,44
7747412.0,9,89
7747446.0,37,88
7747477.0,29,46
7747546.0,40,73
7747568.0,22,47
7747631.0,21,49
7747728.0,37,73
7747753.0,29,47
7747764.0,19,44
7747809.0,21,46
7747889.0,30,54
7747970.0,23,56
7747975.0,37,88
7748127.0,21,50
7748157.0,32,52
7748181.0,22,44
7748276.0,29,47
7748294.0,29,45
7748304.0,35,87
7748316.0,20,42
7748342.0,9,89
7748385.0,40,73
7748392.0,45,89
7748456.0,19,44
7748468.0,26,42
7748494.0,49,69
7748638.0,31,43
7748786.0,21,46
7748856.0,21,50
7748975.0,19,46
7749058.0,23,44
7749064.0,22,42
7749084.0,27,42
7749099.0,29,46
7749112.0,26,41
7749215.0,23,46
7749247.0,24,54
7749314.0,25,40
7749371.0,46,111
7749525.0,31,45
7749589.0,23,45
7749637.0,29,46
7749715.0,24,57
7749761.0,32,49
7749793.0,18,45
7749795.0,30,44
7749936.0,21,41
7749976.0,45,87
7750014.0,22,50
7750063.0,27,43
7750088.0,21,49
7750091.0,24,62
7750118.0,41,89
7750159.0,21,45
7750304.0,28,45
7750318.0,29,43
7750329.0,31,43
7750339.0,31,54
7750370.0,30,44
7750384.0,31,50
7750402.0,34,65
7750441.0,23,63
7750614.0,32,47
7750647.0,20,48
7750689.0,20,47
7750695.0,18,45
7750725.0,21,42
7750729.0,32,50
7750740.0,21,64
7750825.0,27,42
7750860.0,52,112
7750873.0,22,47
7750878.0,22,51
7750941.0,21,41
7751066.0,20,44
7751078.0,19,98
7751079.0,73,50
7751094.0,30,44
7751126.0,31,44
7751281.0,30,42
7751340.0,32,48
7751354.0,21,42
7751406.0,26,44
7751410.0,28,43
7751506.0,20,43
7751510.0,31,56
7751598.0,19,42
7751619.0,21,41
7751627.0,23,52
7751646.0,23,51
7751649.0,28,44
7751653.0,22,43
7751718.0,34,87
7751753.0,21,42
7751783.0,42,89
7751820.0,30,44
7751868.0,32,46
7751903.0,19,47
7751929.0,35,87
7752021.0,21,46
7752025.0,21,40
7752097.0,19,42
7752098.0,20,45
7752124.0,22,46
7752125.0,23,47
7752198.0,47,86
7752274.0,23,59
7752282.0,23,51
7752338.0,23,40
7752394.0,22,41
7752397.0,19,45
7752414.0,21,41
7752431.0,25,57
7752456.0,32,49
7752539.0,23,42
7752575.0,32,47
7752658.0,21,44
7752694.0,28,43
7752736.0,32,51
7752750.0,22,41
7752755.0,19,45
7752891.0,23,43
7752920.0,32,45
7752933.0,32,44
7752993.0,44,89
7753021.0,22,50
7753039.0,23,44
7753067.0,29,45
7753099.0,41,89
7753166.0,23,39
7753203.0,43,89
7753255.0,18,44
7753268.0,32,56
7753306.0,26,56
7753347.0,30,43
7753365.0,25,55
7753415.0,27,44
7753459.0,18,44
7753543.0,30,45
7753560.0,40,89
7753716.0,31,53
7753740.0,32,48
7753742.0,32,53
7753746.0,32,46
7753746.0,43,88
7753917.0,19,45
7753950.0,41,87
7753972.0,32,58
7754024.0,22,43
7754066.0,24,44
7754281.0,22,49
7754317.0,36,88
7754332.0,24,58
7754476.0,32,59
7754515.0,19,45
7754519.0,21,48
7754587.0,32,60
7754624.0,32,44
7754656.0,22,45
7754773.0,32,55
7754811.0,32,49
7755005.0,32,86
7755008.0,32,57
7755011.0,21,45
7755145.0,42,86
7755156.0,31,107
7755160.0,26,44
7755200.0,22,42
7755341.0,32,43
7755359.0,24,43
7755393.0,32,50
7755405.0,20,44
7755459.0,19,45
7755545.0,26,39
7755552.0,21,43
7755569.0,28,43
7755697.0,26,60
7755772.0,56,116
7755793.0,20,42
7755821.0,27,61
7755945.0,31,42
7755948.0,32,51
7756000.0,32,45
7756002.0,32,54
7756039.0,25,39
7756071.0,27,41
7756140.0,31,107
7756164.0,32,42
7756258.0,29,44
7756343.0,23,42
7756412.0,23,41
7756475.0,26,55
7756507.0,23,43
7756625.0,31,42
7756643.0,19,44
7756711.0,23,42
7756751.0,23,44
7756764.0,32,54
7756868.0,32,52
7756918.0,23,52
7756930.0,27,44
7756941.0,32,58
7756945.0,32,53
7756946.0,30,44
7756957.0,31,79
7757023.0,73,55
7757093.0,22,40
7757157.0,40,89
7757170.0,27,40
7757257.0,20,46
7757271.0,23,46
7757300.0,22,46
7757314.0,73,55
7757333.0,25,59
7757364.0,32,43
7757386.0,19,44
7757421.0,25,52
7757447.0,27,41
7757477.0,47,90
7757479.0,22,40
7757631.0,23,46
7757674.0,31,79
7757843.0,31,44
7757896.0,31,57
7757921.0,20,46
7757929.0,24,43
7757938.0,31,79
7758008.0,29,45
7758025.0,21,47
7758042.0,23,40
7758044.0,23,52
7758054.0,32,56
7758077.0,73,55
7758138.0,29,44
7758174.0,33,49
7758234.0,31,43
7758240.0,25,56
7758245.0,31,45
7758258.0,21,47
7758264.0,46,90
7758281.0,11,90
7758296.0,24,67
7758330.0,32,55
7758380.0,24,45
7758489.0,32,59
7758491.0,23,46
7758562.0,29,43
7758773.0,25,81
7758807.0,33,46
7758891.0,29,44
7758906.0,32,57
7758911.0,25,58
7758952.0,22,48
7758988.0,31,43
7759009.0,22,68
7759078.0,28,41
7759084.0,22,40
7759089.0,20,45
7759115.0,24,39
7759132.0,23,46
7759185.0,25,59
7759194.0,29,44
7759207.0,35,68
7759265.0,29,85
7759267.0,24,42
7759271.0,33,47
7759289.0,74,58
7759297.0,43,88
7759382.0,22,68
7759383.0,22,40
7759409.0,21,44
7759447.0,31,42
7759463.0,30,84
7759491.0,23,51
7759552.0,25,44
7759559.0,53,81
7759581.0,32,60
7759589.0,22,43
7759621.0,20,47
7759636.0,23,50
7759639.0,29,52
7759640.0,10,90
7759646.0,25,61
7759678.0,33,42
7759713.0,34,68
7759721.0,22,39
7759727.0,32,54
7759734.0,24,42
7759736.0,31,43
7759741.0,29,51
7759762.0,33,45
7759764.0,28,85
7759779.0,21,42
7759836.0,25,44
7759863.0,33,48
7759882.0,53,81
7759890.0,24,47
7759899.0,24,64
7759966.0,32,42
7760045.0,24,52
7760064.0,29,52
7760071.0,23,51
7760111.0,45,90
7760113.0,37,73
7760187.0,21,46
7760189.0,20,47
7760313.0,25,61
7760408.0,29,51
7760524.0,42,87
7760574.0,41,87
7760584.0,33,44
7760642.0,35,72
7760645.0,33,52
7760667.0,24,47
7760674.0,41,88
7760695.0,31,43
7760731.0,44,88
7760770.0,25,39
7760805.0,21,46
7760852.0,28,52
7760914.0,39,89
7760917.0,23,45
7760951.0,24,43
7760964.0,32,53
7760999.0,33,45
7761022.0,24,44
7761150.0,25,44
7761162.0,35,88
7761176.0,24,41
7761201.0,29,51
7761242.0,30,45
7761274.0,45,89
7761346.0,20,47
7761414.0,33,46
7761415.0,33,49
7761421.0,33,43
7761452.0,22,45
7761473.0,33,51
7761514.0,25,43
7761559.0,29,51
7761575.0,33,50
7761594.0,28,50
7761612.0,31,43
7761724.0,24,53
7761813.0,38,89
7761849.0,21,46
7761874.0,71,72
7762069.0,28,51
7762076.0,25,44
7762085.0,22,44
7762087.0,20,47
7762200.0,29,46
7762221.0,38,73
7762263.0,54,97
7762295.0,25,62
7762404.0,33,47
7762415.0,23,41
7762501.0,35,71
7762516.0,28,40
7762605.0,29,42
7762677.0,82,97
7762685.0,57,111
7762742.0,27,39
7762808.0,33,48
7762810.0,33,44
7762819.0,30,51
7762820.0,33,53
7762830.0,24,47
7762857.0,31,44
7762931.0,26,61
7762933.0,34,44
7763040.0,47,84
7763043.0,20,47
7763045.0,25,61
7763047.0,31,45
7763057.0,25,45
7763059.0,22,42
7763071.0,35,70
7763123.0,30,52
7763171.0,30,51
7763259.0,25,42
7763469.0,26,45
7763511.0,20,47
7763532.0,33,52
7763549.0,32,56
7763575.0,75,56
7763584.0,19,46
7763589.0,32,43
7763607.0,23,51
7763663.0,24,60
7763730.0,30,43
7763748.0,24,43
7763804.0,21,45
7763813.0,31,45
7763982.0,23,44
7763987.0,23,51
7763987.0,29,54
7764035.0,30,51
7764042.0,32,45
7764055.0,24,46
7764088.0,28,39
7764131.0,32,58
7764245.0,30,44
7764304.0,19,46
7764395.0,23,49
7764486.0,24,60
7764495.0,33,59
7764501.0,23,66
7764566.0,23,44
7764725.0,26,56
7764726.0,33,53
7764746.0,23,66
7764842.0,33,54
7764949.0,20,44
7765011.0,70,75
7765069.0,24,45
7765078.0,21,45
7765186.0,19,46
7765247.0,33,57
7765266.0,46,83
7765364.0,22,66
7765588.0,34,57
7765702.0,23,66
7765725.0,23,44
7765747.0,33,55
7765751.0,33,58
7765773.0,26,50
7765774.0,23,45
7765843.0,34,51
7765868.0,44,89
7765876.0,46,83
7765886.0,26,39
7765905.0,30,42
7765955.0,22,66
7765957.0,34,47
7765990.0,23,44
7766072.0,23,66
7766097.0,21,44
7766099.0,25,41
7766132.0,33,60
7766135.0,26,55
7766208.0,34,49
7766259.0,26,54
7766305.0,23,48
7766343.0,30,43
7766389.0,34,45
7766398.0,19,45
7766456.0,23,43
7766463.0,29,40
7766464.0,22,43
7766544.0,23,39
7766572.0,25,54
7766657.0,28,39
7766741.0,25,49
7766787.0,25,47
7766808.0,24,39
7766862.0,25,54
7766863.0,25,40
7766868.0,33,42
7766869.0,33,56
7766890.0,26,45
7766922.0,33,54
7766922.0,34,43
7766931.0,24,50
7766932.0,35,66
7766966.0,23,43
7766969.0,34,50
7766989.0,36,89
7767021.0,22,46
7767069.0,30,49
7767125.0,23,39
7767330.0,38,89
7767351.0,25,47
7767397.0,28,44
7767401.0,33,57
7767462.0,25,43
7767477.0,31,44
7767506.0,24,41
7767512.0,24,44
7767536.0,34,46
7767559.0,33,59
7767577.0,35,68
7767585.0,24,45
7767638.0,24,39
7767688.0,42,88
7767695.0,27,39
7767768.0,31,45
7767780.0,35,67
7767881.0,35,88
7767920.0,23,39
7767947.0,30,45
7767954.0,28,41
7767973.0,33,61
7768013.0,27,41
7768100.0,25,39
7768126.0,24,46
7768233.0,23,39
7768278.0,25,56
7768280.0,26,43
7768318.0,33,51
7768374.0,27,39
7768374.0,34,47
7768378.0,34,44
7768394.0,23,47
7768431.0,24,41
7768436.0,24,49
7768443.0,22,45
7768486.0,32,85
7768616.0,34,50
7768650.0,34,51
7768678.0,34,45
7768707.0,31,45
7768747.0,34,48
7768764.0,34,49
7768795.0,31,49
7768830.0,25,39
7768855.0,25,56
7768935.0,26,38
7769171.0,30,42
7769226.0,25,42
7769442.0,32,62
7769472.0,24,51
7769478.0,31,46
7769488.0,29,44
7769582.0,31,43
7769609.0,24,43
7769637.0,28,58
7769694.0,34,53
7769697.0,22,47
7769722.0,25,46
7769722.0,33,60
7769740.0,33,53
7769849.0,33,54
7769863.0,22,40
7769960.0,34,52
7770032.0,28,58
7770043.0,24,45
7770045.0,46,89
7770049.0,32,43
7770074.0,33,44
7770229.0,24,52
7770380.0,24,51
7770399.0,46,91
7770446.0,28,80
7770459.0,26,59
7770499.0,31,50
7770504.0,23,41
7770533.0,22,40
7770544.0,26,42
7770632.0,34,50
7770636.0,25,42
7770649.0,25,41
7770668.0,31,44
7770685.0,26,43
7770736.0,21,41
7770785.0,63,51
7770857.0,26,42
7770872.0,61,53
7770879.0,22,44
7770928.0,30,107
7770933.0,26,41
7770953.0,27,44
7771043.0,23,41
7771076.0,31,42
7771083.0,34,51
7771084.0,89,107
7771261.0,26,40
7771277.0,25,51
7771295.0,32,59
7771325.0,52,89
7771330.0,33,59
7771419.0,31,43
7771458.0,26,40
7771467.0,33,45
7771510.0,31,107
7771513.0,29,81
7771651.0,34,53
7771666.0,30,40
7771671.0,35,44
7771788.0,26,53
7771806.0,27,44
7771862.0,28,49
7771919.0,35,43
7771940.0,26,44
7772144.0,26,53
7772245.0,35,46
7772343.0,34,42
7772362.0,39,89
7772371.0,35,49
7772385.0,23,67
7772388.0,29,49
7772554.0,25,53
7772563.0,35,69
7772611.0,35,67
7772612.0,35,66
7772621.0,39,90
7772623.0,23,67
7772639.0,23,68
7772649.0,24,42
7772678.0,33,56
7772694.0,25,71
7772780.0,26,53
7772784.0,27,43
7772795.0,25,52
7772848.0,23,66
7772878.0,30,49
7772880.0,33,48
7772921.0,25,53
7772956.0,24,68
7773009.0,26,43
7773029.0,25,52
7773047.0,27,44
7773056.0,25,45
7773100.0,23,68
7773103.0,26,53
7773118.0,34,54
7773133.0,25,50
7773147.0,33,43
7773159.0,27,41
7773254.0,30,39
7773262.0,35,47
7773274.0,33,60
7773318.0,26,40
7773342.0,35,50
7773417.0,27,43
7773419.0,25,46
7773435.0,28,40
7773486.0,26,39
7773500.0,44,90
7773567.0,31,41
7773607.0,23,66
7773657.0,32,55
7773684.0,35,46
7773806.0,24,47
7773808.0,33,43
7773865.0,24,41
7773869.0,25,38
7773916.0,32,43
7774032.0,23,68
7774071.0,26,38
7774103.0,26,46
7774127.0,23,46
7774260.0,24,47
7774323.0,27,43
7774336.0,34,62
7774352.0,35,65
7774365.0,32,46
7774398.0,33,62
7774444.0,35,45
7774447.0,24,43
7774504.0,23,46
7774556.0,26,42
7774601.0,19,42
7774602.0,25,43
7774709.0,27,43
7774766.0,77,52
7774819.0,25,43
7774875.0,24,65
7774883.0,25,44
7774899.0,24,44
7774937.0,27,42
7774941.0,24,67
7774950.0,33,43
7775021.0,33,44
7775110.0,35,47
7775115.0,34,53
7775138.0,23,66
7775208.0,32,44
7775233.0,25,44
7775274.0,33,46
7775286.0,35,51
7775289.0,33,44
7775368.0,32,43
7775379.0,33,43
7775382.0,43,89
7775466.0,35,48
7775511.0,34,43
7775522.0,77,52
7775541.0,36,64
7775543.0,31,40
7775565.0,25,42
7775571.0,24,46
7775572.0,28,44
7775577.0,25,43
7775641.0,28,45
7775655.0,34,54
7775675.0,34,52
7775829.0,28,44
7775886.0,36,43
7775924.0,23,66
7776011.0,33,46
7776024.0,34,55
7776044.0,24,47
7776051.0,23,44
7776068.0,76,54
7776081.0,26,41
7776106.0,27,54
7776150.0,26,40
7776200.0,26,56
7776219.0,33,63
7776282.0,23,45
7776324.0,25,56
7776353.0,25,64
7776388.0,23,44
7776427.0,25,52
7776438.0,34,54
7776467.0,26,59
7776472.0,27,55
7776476.0,34,44
7776481.0,32,71
7776581.0,35,52
7776745.0,50,82
7776749.0,27,54
7776758.0,25,56
7776762.0,28,44
7776764.0,34,45
7776786.0,26,52
7776893.0,32,43
7776966.0,33,57
7776980.0,28,44
7776980.0,27,45
7777049.0,30,39
7777057.0,41,90
7777115.0,34,56
7777174.0,36,44
7777209.0,32,42
7777229.0,31,39
7777242.0,27,43
7777272.0,27,41
7777319.0,34,54
7777415.0,26,53
7777441.0,23,45
7777485.0,11,91
7777499.0,27,56
7777508.0,25,51
7777510.0,35,49
7777513.0,26,45
7777537.0,35,43
7777555.0,25,41
7777568.0,36,49
7777594.0,57,54
7777608.0,27,42
7777635.0,39,90
7777670.0,47,91
7777694.0,34,58
7777747.0,28,43
7777771.0,25,56
7777835.0,26,51
7777887.0,34,57
7777897.0,23,43
7777967.0,36,46
7778058.0,35,43
7778070.0,28,43
7778076.0,27,41
7778098.0,27,54
7778099.0,27,44
7778112.0,38,90
7778225.0,28,45
7778225.0,50,90
7778286.0,27,38
7778336.0,36,47
7778368.0,26,52
7778371.0,24,42
7778372.0,27,40
7778433.0,26,46
7778514.0,25,41
7778550.0,26,38
7778580.0,25,43
7778583.0,35,88
7778620.0,35,51
7778656.0,27,38
7778669.0,23,43
7778678.0,36,43
7778689.0,57,54
7778704.0,29,40
7778758.0,37,89
7778773.0,35,43
7778829.0,44,90
7779015.0,33,88
7779025.0,29,39
7779163.0,36,44
7779182.0,32,41
7779198.0,24,45
7779271.0,28,42
7779278.0,26,50
7779289.0,65,83
7779308.0,41,89
7779327.0,26,49
7779363.0,36,46
7779371.0,35,44
7779474.0,27,40
7779475.0,36,48
7779502.0,36,45
7779515.0,38,89
7779538.0,41,89
7779542.0,26,44
7779602.0,28,42
7779618.0,36,49
7779628.0,29,38
7779647.0,23,46
7779674.0,27,46
7779682.0,35,52
7779693.0,34,59
7779733.0,35,53
7779792.0,26,61
7779819.0,25,48
7779853.0,25,41
7779912.0,31,53
7779985.0,34,47
7779999.0,36,47
7780003.0,32,44
7780013.0,26,44
7780093.0,36,50
7780116.0,28,40
7780145.0,27,53
7780146.0,36,71
7780150.0,29,45
7780151.0,34,56
7780179.0,34,61
7780181.0,33,43
7780192.0,25,47
7780205.0,26,61
7780210.0,33,45
7780287.0,25,58
7780301.0,34,47
7780323.0,23,46
7780341.0,26,43
7780346.0,25,41
7780368.0,27,45
7780497.0,29,45
7780497.0,34,57
7780549.0,24,43
7780563.0,45,90
7780594.0,31,43
7780596.0,31,53
7780600.0,25,50
7780608.0,25,47
7780618.0,27,40
7780650.0,27,42
7780671.0,46,90
7780708.0,39,90
7780710.0,25,46
7780776.0,32,40
7780874.0,42,89
7780935.0,26,45
7780998.0,25,40
7781022.0,24,44
7781028.0,29,45
7781101.0,42,90
7781106.0,28,42
7781164.0,33,50
7781170.0,23,46
7781190.0,30,52
7781247.0,34,48
7781266.0,35,45
7781304.0,27,40
7781337.0,23,42
7781403.0,28,56
7781421.0,29,45
7781436.0,34,47
7781444.0,27,39
7781447.0,34,60
7781451.0,33,50
7781484.0,34,45
7781490.0,31,53
7781552.0,28,58
7781595.0,28,42
7781644.0,31,49
7781653.0,28,41
7781664.0,25,47
7781666.0,26,50
7781668.0,33,42
7781692.0,23,42
7781705.0,37,43
7781746.0,27,39
7781754.0,28,44
7781842.0,33,46
7781859.0,29,44
7781908.0,34,62
7781915.0,25,47
7781923.0,23,43
7781935.0,28,58
7781942.0,28,55
7781945.0,26,42
7782016.0,43,90
7782017.0,36,51
7782029.0,33,43
7782039.0,36,50
7782053.0,31,53
7782151.0,29,44
7782157.0,36,43
7782212.0,26,58
7782220.0,29,63
7782227.0,28,39
7782284.0,24,39
7782344.0,26,48
7782392.0,34,58
7782425.0,40,90
7782434.0,25,40
7782462.0,34,45
7782493.0,27,46
7782499.0,31,48
7782509.0,44,90
7782533.0,26,51
7782535.0,25,51
7782543.0,50,86
7782596.0,25,39
7782624.0,34,63
7782624.0,36,89
7782661.0,36,52
7782686.0,23,43
7782688.0,29,63
7782715.0,22,88
7782716.0,35,46
7782725.0,28,40
7782777.0,57,85
7782854.0,36,47
7782877.0,26,41
7782890.0,25,46
7782920.0,34,46
7782968.0,32,53
7783040.0,24,39
7783061.0,25,40
7783066.0,35,53
7783098.0,31,50
7783129.0,35,46
7783147.0,33,41
7783156.0,26,41
7783187.0,76,52
7783232.0,25,39
7783313.0,37,46
7783345.0,25,63
7783393.0,31,53
7783398.0,25,51
7783427.0,37,44
7783470.0,28,40
7783478.0,28,43
7783497.0,23,43
7783547.0,29,63
7783551.0,29,43
7783577.0,27,59
7783592.0,28,45
7783598.0,33,47
7783665.0,35,45
7783694.0,28,38
7783718.0,27,44
7783765.0,35,54
7783782.0,29,42
7783783.0,34,59
7783806.0,31,53
7783841.0,27,59
7783887.0,33,87
7783911.0,25,51
7783931.0,36,51
7783948.0,35,44
7783952.0,28,59
7783973.0,24,42
7783996.0,37,45
7784002.0,29,43
7784025.0,31,86
7784037.0,35,46
7784059.0,34,64
7784081.0,23,44
7784085.0,25,40
7784231.0,37,47
7784262.0,34,47
7784315.0,37,90
7784346.0,36,67
7784412.0,35,55
7784471.0,26,43
7784507.0,37,51
7784516.0,25,72
7784539.0,30,50
7784563.0,23,44
7784565.0,36,52
7784582.0,26,44
7784623.0,35,47
7784642.0,29,45
7784647.0,29,43
7784758.0,29,40
7784763.0,25,45
7784765.0,24,73
7784781.0,37,48
7784790.0,29,62
7784817.0,26,40
7784862.0,36,53
7784885.0,27,58
7784939.0,53,95
7784976.0,36,43
7784978.0,25,40
7784981.0,26,41
7784998.0,29,61
7785018.0,26,48
7785071.0,35,44
7785075.0,29,41
7785093.0,29,64
7785102.0,34,44
7785107.0,28,42
7785121.0,29,44
7785126.0,27,50
7785136.0,26,42
7785170.0,33,50
7785196.0,27,59
7785198.0,37,51
7785203.0,26,62
7785212.0,26,41
7785227.0,27,58
7785235.0,25,40
7785266.0,29,65
7785297.0,24,73
7785310.0,25,44
7785315.0,37,50
7785336.0,25,39
7785340.0,34,60
7785342.0,36,50
7785373.0,36,52
7785380.0,27,39
7785385.0,27,50
7785398.0,28,41
7785421.0,23,44
7785513.0,37,49
7785550.0,29,43
7785571.0,34,43
7785592.0,25,44
7785598.0,27,42
7785622.0,34,45
7785634.0,37,47
7785648.0,29,39
7785668.0,36,52
7785669.0,23,44
7785686.0,27,43
7785705.0,27,39
7785719.0,36,44
7785720.0,38,44
7785780.0,27,65
7785836.0,35,56
7785866.0,26,47
7785917.0,36,66
7786000.0,54,94
7786016.0,33,49
7786064.0,32,43
7786076.0,34,47
7786098.0,39,90
7786119.0,27,43
7786150.0,29,65
7786156.0,28,40
7786187.0,37,43
7786199.0,35,48
7786233.0,29,43
7786342.0,27,57
7786346.0,28,56
7786350.0,37,46
7786356.0,35,69
7786395.0,25,43
7786413.0,29,43
7786506.0,36,46
7786519.0,35,57
7786542.0,27,50
7786571.0,35,56
7786579.0,31,38
7786584.0,28,56
7786591.0,33,40
7786592.0,26,46
7786624.0,30,44
7786632.0,33,49
7786713.0,30,45
7786747.0,31,43
7786747.0,52,91
7786908.0,27,40
7786923.0,30,38
7787033.0,35,55
7787055.0,28,45
7787057.0,25,52
7787067.0,33,48
7787074.0,36,53
7787135.0,30,45
7787154.0,59,60
7787211.0,25,43
7787331.0,25,70
7787359.0,33,39
7787360.0,35,56
7787430.0,36,54
7787439.0,36,68
7787442.0,34,58
7787458.0,32,43
7787498.0,38,90
7787515.0,27,53
7787516.0,29,42
7787568.0,34,42
7787630.0,31,43
7787765.0,32,43
7787783.0,27,52
7787814.0,27,49
7787831.0,38,47
7787865.0,38,44
7787952.0,27,51
7787995.0,28,54
7787996.0,28,60
7788017.0,29,41
7788055.0,31,43
7788071.0,29,56
7788084.0,24,69
7788091.0,35,49
7788092.0,27,41
7788108.0,34,50
7788114.0,27,52
7788155.0,27,53
7788165.0,34,62
7788174.0,34,43
7788176.0,28,44
7788202.0,24,68
7788239.0,41,89
7788244.0,67,59
7788314.0,27,39
7788323.0,27,58
7788408.0,58,103
7788431.0,36,45
7788434.0,34,41
7788445.0,35,58
7788511.0,60,61
7788549.0,35,46
7788584.0,24,69
7788609.0,36,67
7788616.0,35,54
7788698.0,40,89
7788771.0,34,63
7788781.0,38,45
7788821.0,33,63
7788835.0,34,46
7788844.0,30,43
7788892.0,27,53
7788895.0,29,46
7788958.0,37,48
7788970.0,27,44
7788980.0,36,54
7789025.0,31,43
7789066.0,22,52
7789066.0,35,59
7789107.0,27,43
7789184.0,23,52
7789204.0,30,42
7789214.0,38,46
7789258.0,34,49
7789292.0,26,45
7789297.0,33,51
7789300.0,64,98
7789311.0,22,52
7789320.0,34,44
7789331.0,28,55
7789363.0,28,53
7789365.0,37,52
7789375.0,37,50
7789377.0,31,42
7789428.0,28,43
7789440.0,39,46
7789488.0,31,43
7789495.0,35,45
7789533.0,30,40
7789630.0,24,69
7789651.0,26,44
7789655.0,29,40
7789728.0,36,47
7789790.0,35,57
7789815.0,31,39
7789825.0,27,42
7789861.0,28,53
7789890.0,30,39
7789895.0,28,57
7789895.0,28,55
7789950.0,39,46
7789964.0,36,70
7789969.0,36,55
7789990.0,24,69
7790026.0,29,58
7790033.0,23,57
7790073.0,35,46
7790146.0,38,47
7790241.0,37,44
7790359.0,27,58
7790472.0,28,57
7790521.0,39,44
7790533.0,31,43
7790554.0,35,64
7790557.0,35,60
7790587.0,27,48
7790694.0,37,52
7790721.0,27,49
7790788.0,13,48
7790845.0,35,43
7790864.0,35,58
7790909.0,28,46
7790930.0,37,53
7790933.0,31,43
7790948.0,38,46
7791001.0,33,43
7791063.0,38,45
7791140.0,27,48
7791162.0,31,38
7791205.0,30,41
7791289.0,28,42
7791306.0,29,46
7791353.0,44,90
7791395.0,35,59
7791396.0,34,40
7791412.0,26,57
7791431.0,27,47
7791436.0,29,41
7791535.0,35,60
7791538.0,30,43
7791554.0,28,49
7791617.0,38,50
7791635.0,45,91
7791667.0,27,58
7791686.0,30,42
7791761.0,55,101
7791767.0,35,42
7791770.0,35,47
7791878.0,27,59
7791884.0,28,40
7791929.0,34,89
7791930.0,30,38
7791932.0,27,50
7791947.0,35,63
7791974.0,39,44
7791988.0,26,57
7791989.0,27,47
7792011.0,37,51
7792079.0,35,44
7792105.0,38,47
7792129.0,39,45
7792145.0,31,44
7792173.0,58,59
7792240.0,27,49
7792246.0,28,41
7792265.0,36,48
7792301.0,31,42
7792330.0,37,44
7792360.0,33,41
7792490.0,35,61
7792506.0,54,82
7792515.0,27,46
7792533.0,36,50
7792563.0,30,44
7792575.0,37,45
7792604.0,38,44
7792656.0,35,47
7792660.0,32,52
7792673.0,37,52
7792690.0,27,50
7792701.0,29,56
7792780.0,27,59
7792789.0,36,65
7792813.0,27,47
7792815.0,30,39
7792826.0,28,52
7792836.0,31,45
7792850.0,34,39
7792856.0,37,44
7792861.0,33,52
7792864.0,35,41
7792900.0,56,81
7792933.0,31,43
7792943.0,36,73
7792954.0,27,48
7792969.0,37,46
7793077.0,35,47
7793082.0,35,45
7793100.0,31,45
7793125.0,28,52
7793198.0,28,53
7793215.0,27,47
7793243.0,55,115
7793260.0,36,50
7793265.0,33,52
7793277.0,38,50
7793348.0,35,47
7793449.0,37,54
7793462.0,58,59
7793497.0,30,41
7793505.0,29,45
7793515.0,30,45
7793558.0,27,59
7793584.0,37,53
7793623.0,38,51
7793642.0,29,57
7793663.0,30,39
7793707.0,30,42
7793759.0,27,52
7793772.0,25,44
7793786.0,28,61
7793855.0,37,47
7793885.0,50,76
7793939.0,31,40
7793993.0,31,41
7793999.0,28,58
7794027.0,28,52
7794035.0,28,53
7794111.0,29,44
7794143.0,27,59
7794221.0,39,45
7794224.0,37,53
7794236.0,38,48
7794243.0,35,48
7794245.0,27,54
7794275.0,39,46
7794276.0,35,40
7794377.0,27,43
7794391.0,27,52
7794424.0,28,43
7794438.0,34,48
7794475.0,27,45
7794584.0,27,61
7794587.0,28,48
7794619.0,28,59
7794679.0,38,48
7794681.0,27,44
7794689.0,29,54
7794705.0,37,54
7794715.0,30,40
7794790.0,28,57
7794905.0,36,54
7794941.0,38,52
7794966.0,26,42
7795087.0,28,57
7795103.0,46,87
7795114.0,28,51
7795122.0,27,61
7795190.0,36,56
7795191.0,38,49
7795195.0,29,55
7795239.0,39,48
7795254.0,38,50
7795256.0,38,90
7795293.0,28,59
7795340.0,27,57
7795342.0,27,63
7795439.0,31,39
7795442.0,28,42
7795555.0,35,39
7795687.0,39,46
7795729.0,36,57
7795759.0,28,50
7795782.0,27,59
7795795.0,35,62
7795818.0,35,60
7795935.0,31,44
7795998.0,36,43
7796011.0,31,43
7796015.0,27,42
7796045.0,39,49
7796054.0,37,46
7796060.0,29,42
7796077.0,36,67
7796106.0,27,59
7796259.0,39,47
7796260.0,34,43
7796293.0,36,58
7796360.0,28,42
7796366.0,36,69
7796388.0,36,44
7796460.0,16,91
7796483.0,28,47
7796511.0,40,45
7796614.0,36,46
7796653.0,37,46
7796657.0,31,38
7796671.0,27,42
7796683.0,28,42
7796752.0,26,64
7796797.0,36,47
7796844.0,38,46
7796846.0,36,56
7796862.0,37,47
7796866.0,38,45
7796901.0,28,46
7796935.0,29,41
7796958.0,28,49
7796965.0,35,67
7796967.0,29,45
7797042.0,30,46
7797062.0,29,40
7797098.0,26,64
7797148.0,39,44
7797178.0,45,91
7797254.0,17,92
7797295.0,37,53
7797383.0,29,44
7797439.0,38,46
7797448.0,29,40
7797462.0,36,72
7797466.0,28,53
7797484.0,38,52
7797561.0,30,45
7797595.0,28,59
7797633.0,69,44
7797635.0,27,52
7797758.0,31,42
7797772.0,32,45
7797825.0,37,54
7797829.0,36,65
7797848.0,39,48
7797899.0,47,92
7797958.0,31,41
7797972.0,31,40
7798022.0,38,46
7798068.0,36,42
7798087.0,39,50
7798144.0,38,53
7798218.0,32,44
7798295.0,40,46
7798369.0,27,52
7798376.0,37,48
7798402.0,38,46
7798442.0,30,44
7798457.0,32,44
7798485.0,27,42
7798505.0,32,45
7798538.0,29,49
7798548.0,33,50
7798560.0,32,42
7798600.0,36,40
7798626.0,32,43
7798628.0,27,64
7798644.0,38,47
7798830.0,38,52
7798853.0,32,40
7798865.0,39,51
7798865.0,39,49
7798878.0,34,53
7798921.0,27,43
7798925.0,29,42
7798929.0,37,48
7798930.0,29,51
7798947.0,40,45
7798957.0,27,42
7798990.0,35,53
7799048.0,31,43
7799063.0,30,46
7799089.0,27,52
7799093.0,31,39
7799111.0,28,42
7799156.0,32,38
7799160.0,29,53
7799169.0,32,41
7799190.0,30,42
7799236.0,39,45
7799242.0,34,51
7799247.0,40,44
7799251.0,28,60
7799266.0,32,43
7799269.0,36,58
7799292.0,28,46
7799311.0,28,44
7799352.0,29,46
7799375.0,28,61
7799473.0,29,61
7799490.0,40,47
7799499.0,33,51
7799531.0,38,48
7799531.0,28,47
7799551.0,28,48
7799627.0,35,54
7799633.0,29,46
7799634.0,37,49
7799695.0,35,53
7799707.0,37,90
7799763.0,29,54
7799773.0,30,62
7799792.0,29,61
7799805.0,40,46
7799816.0,35,54
7799830.0,28,44
7799851.0,38,53
7799893.0,36,57
7799935.0,32,39
7800025.0,28,48
7800040.0,28,43
7800071.0,29,54
7800116.0,37,48
7800135.0,56,115
7800177.0,28,61
7800192.0,30,40
7800234.0,40,48
7800263.0,28,43
7800287.0,29,46
7800288.0,29,50
7800295.0,37,49
7800295.0,39,50
7800296.0,29,43
7800333.0,18,107
7800389.0,19,46
7800408.0,30,41
7800428.0,36,39
7800464.0,71,70
7800485.0,28,59
7800492.0,39,51
7800510.0,36,60
7800552.0,40,44
7800567.0,37,47
7800583.0,37,44
7800596.0,39,52
7800695.0,29,46
7800792.0,40,47
7800850.0,37,46
7800851.0,36,59
7800912.0,20,46
7800925.0,38,54
7800927.0,70,69
7800970.0,37,43
7800983.0,28,45
7801024.0,37,49
7801106.0,18,107
7801112.0,28,47
7801128.0,36,47
7801181.0,38,46
7801198.0,37,49
7801208.0,30,43
7801208.0,29,46
7801226.0,28,44
7801228.0,41,45
7801229.0,40,44
7801255.0,20,46
7801259.0,13,47
7801291.0,19,46
7801431.0,38,89
7801436.0,29,46
7801439.0,28,43
7801490.0,28,44
7801500.0,39,45
7801515.0,38,46
7801568.0,40,48
7801576.0,39,52
7801668.0,13,47
7801670.0,27,61
7801788.0,37,48
7801802.0,39,46
7801810.0,37,56
7801830.0,29,55
7801845.0,37,41
7801864.0,33,41
7801881.0,28,58
7801907.0,32,43
7801920.0,33,44
7801959.0,37,44
7802007.0,27,61
7802071.0,33,43
7802075.0,35,63
7802098.0,35,47
7802132.0,28,61
7802145.0,32,42
7802176.0,26,70
7802200.0,33,42
7802216.0,39,46
7802248.0,30,43
7802248.0,39,88
7802322.0,39,52
7802341.0,37,47
7802360.0,35,47
7802400.0,34,51
7802410.0,29,47
7802419.0,37,43
7802439.0,33,43
7802444.0,28,55
7802468.0,27,70
7802475.0,40,49
7802496.0,32,40
7802554.0,29,48
7802566.0,34,50
7802611.0,40,45
7802646.0,33,44
7802681.0,28,61
7802754.0,29,59
7802791.0,38,47
7802814.0,33,40
7802874.0,29,49
7802897.0,41,46
7802905.0,35,61
7802924.0,30,59
7802941.0,38,55
7803092.0,38,50
7803134.0,36,48
7803143.0,32,53
7803150.0,32,41
7803153.0,39,53
7803158.0,37,40
7803178.0,33,44
7803183.0,33,40
7803234.0,28,55
7803252.0,29,44
7803285.0,36,60
7803289.0,38,47
7803297.0,33,43
7803301.0,37,42
7803317.0,37,41
7803346.0,38,48
7803389.0,37,57
7803393.0,30,55
7803400.0,67,119
7803406.0,29,55
7803515.0,32,39
7803560.0,33,52
7803582.0,29,43
7803637.0,31,45
7803644.0,30,60
7803654.0,33,39
7803656.0,29,49
7803660.0,35,60
7803664.0,69,74
7803673.0,28,42
7803700.0,39,49
7803706.0,31,39
7803709.0,39,50
7803748.0,33,43
7803751.0,38,54
7803788.0,62,93
7803814.0,29,60
7803821.0,40,50
7803828.0,28,62
7803845.0,35,64
7803845.0,1,94
7803853.0,37,39
7803901.0,29,55
7803918.0,38,55
7803981.0,32,50
7804009.0,31,43
7804093.0,40,49
7804099.0,31,40
7804199.0,34,52
7804210.0,36,62
7804266.0,31,42
7804279.0,29,49
7804303.0,39,51
7804320.0,30,48
7804329.0,41,47
7804340.0,40,48
7804364.0,33,38
7804420.0,37,49
7804425.0,30,43
7804431.0,29,40
7804472.0,30,56
7804476.0,29,48
7804478.0,29,45
7804479.0,38,43
7804497.0,39,52
7804506.0,30,42
7804603.0,36,64
7804635.0,1,94
7804675.0,33,39
7804686.0,29,46
7804723.0,30,52
7804759.0,18,92
7804800.0,41,46
7804828.0,31,46
7804853.0,29,45
7804889.0,59,54
7804897.0,39,46
7804948.0,40,51
7804984.0,30,48
7805045.0,37,39
7805065.0,37,56
7805122.0,43,91
7805204.0,19,93
7805207.0,29,46
7805257.0,29,50
7805294.0,39,47
7805298.0,36,61
7805311.0,40,50
7805374.0,18,92
7805387.0,38,46
7805407.0,40,45
7805410.0,33,39
7805445.0,37,57
7805484.0,41,48
7805521.0,38,44
7805524.0,38,50
7805587.0,42,46
7805621.0,37,46
7805641.0,40,46
7805656.0,29,45
7805673.0,38,42
7805685.0,40,89
7805738.0,29,46
7805749.0,29,50
7805814.0,40,52
7805892.0,46,91
7805931.0,33,39
7805931.0,29,46
7805954.0,30,48
7805996.0,39,53
7806023.0,29,54
7806025.0,29,57
7806040.0,29,42
7806069.0,38,45
7806096.0,38,56
7806114.0,41,45
7806179.0,38,43
7806220.0,34,39
7806235.0,30,48
7806302.0,37,58
7806306.0,39,54
7806361.0,29,53
7806373.0,41,90
7806373.0,40,51
7806474.0,29,52
7806485.0,29,54
7806533.0,33,42
7806634.0,28,54
7806684.0,37,87
7806685.0,40,50
7806735.0,38,41
7806836.0,28,41
7806917.0,34,41
7806970.0,29,43
7806981.0,38,46
7806995.0,39,48
7807004.0,39,54
7807027.0,41,47
7807030.0,38,40
7807038.0,41,49
7807043.0,29,53
7807049.0,35,38
7807094.0,42,46
7807098.0,40,52
7807113.0,33,40
7807121.0,38,55
7807158.0,28,54
7807223.0,29,58
7807241.0,29,54
7807296.0,28,61
7807407.0,49,101
7807425.0,67,58
7807488.0,34,38
7807525.0,39,54
7807584.0,39,53
7807594.0,28,41
7807685.0,38,42
7807721.0,30,50
7807769.0,30,53
7807873.0,37,69
7807890.0,29,44
7807946.0,28,61
7807947.0,32,46
7807965.0,29,50
7807966.0,36,64
7808002.0,38,41
7808006.0,34,40
7808015.0,41,46
7808018.0,38,88
7808098.0,40,46
7808102.0,67,58
7808139.0,32,40
7808140.0,34,43
7808194.0,34,39
7808276.0,30,49
7808276.0,34,42
7808295.0,30,43
7808300.0,71,49
7808309.0,29,59
7808318.0,29,44
7808329.0,29,54
7808371.0,38,47
7808375.0,38,48
7808377.0,31,42
7808387.0,42,47
7808391.0,40,46
7808398.0,30,48
7808407.0,41,46
7808468.0,39,48
7808597.0,29,50
7808607.0,38,39
7808618.0,30,52
7808631.0,30,48
7808639.0,39,54
7808652.0,41,49
7808667.0,32,46
7808668.0,27,42
7808685.0,30,42
7808688.0,40,48
7808702.0,71,49
7808718.0,36,54
7808718.0,38,40
7808737.0,40,52
7808740.0,40,53
7808776.0,34,43
7808792.0,30,57
7808842.0,37,53
7808871.0,34,46
7808910.0,30,47
7808927.0,41,50
7808934.0,41,46
7808961.0,30,46
7808980.0,31,64
7808989.0,36,60
7809028.0,40,47
7809035.0,40,48
7809055.0,37,67
7809068.0,32,42
7809075.0,34,42
7809082.0,32,41
7809125.0,37,53
7809153.0,28,64
7809196.0,41,46
7809216.0,34,46
7809243.0,32,43
7809250.0,39,43
7809301.0,36,62
7809318.0,39,49
7809320.0,39,55
7809345.0,30,51
7809372.0,40,46
7809424.0,39,50
7809465.0,27,73
7809490.0,32,44
7809492.0,39,45
7809523.0,27,42
7809554.0,29,62
7809659.0,37,42
7809743.0,41,50
7809763.0,27,62
7809776.0,34,51
7809782.0,38,56
7809800.0,39,46
7809883.0,41,51
7809918.0,37,59
7809983.0,29,60
7809986.0,40,46
7809994.0,39,40
7810023.0,30,55
7810024.0,39,44
7810054.0,32,44
7810091.0,33,41
7810104.0,35,81
7810132.0,39,41
7810182.0,29,60
7810306.0,40,53
7810344.0,28,41
7810423.0,30,45
7810442.0,29,50
7810456.0,34,40
7810466.0,27,62
7810477.0,29,54
7810513.0,42,48
7810605.0,37,43
7810645.0,39,45
7810687.0,31,50
7810708.0,34,43
7810716.0,39,43
7810726.0,30,49
7810756.0,42,47
7810796.0,43,46
7810860.0,29,54
7810882.0,41,50
7810913.0,31,48
7810967.0,36,63
7810998.0,43,90
7811079.0,40,48
7811145.0,39,55
7811171.0,41,51
7811177.0,39,47
7811201.0,34,41
7811202.0,36,39
7811209.0,37,44
7811247.0,42,49
7811251.0,39,46
7811268.0,33,41
7811276.0,39,54
7811335.0,26,41
7811413.0,30,48
7811423.0,39,48
7811440.0,30,54
7811454.0,29,50
7811467.0,39,42
7811509.0,37,70
7811529.0,34,42
7811566.0,40,54
7811576.0,36,90
7811604.0,31,57
7811663.0,35,40
7811675.0,39,44
7811678.0,34,39
7811690.0,37,44
7811691.0,40,53
7811733.0,41,46
7811762.0,37,68
7811818.0,39,50
7811855.0,39,40
7811856.0,35,42
7811884.0,44,91
7811891.0,43,47
7811943.0,33,40
7811961.0,45,90
7811979.0,32,39
7812000.0,32,57
7812000.0,39,42
7812005.0,42,91
7812031.0,29,54
7812042.0,30,48
7812132.0,39,41
7812191.0,31,56
7812211.0,39,42
7812247.0,29,44
7812264.0,35,40
7812279.0,28,63
7812301.0,37,61
7812324.0,26,68
7812351.0,43,90
7812363.0,32,42
7812379.0,35,42
7812384.0,41,52
7812384.0,29,54
7812384.0,35,38
7812388.0,57,56
7812406.0,39,51
7812429.0,35,39
7812468.0,33,40
7812469.0,31,55
7812485.0,35,44
7812500.0,40,47
7812541.0,37,59
7812573.0,35,41
7812598.0,37,38
7812644.0,31,57
7812663.0,39,46
7812671.0,41,54
7812682.0,57,55
7812689.0,31,56
7812799.0,39,41
7812859.0,35,41
7812947.0,29,44
7812954.0,30,47
7812966.0,42,46
7813006.0,39,43
7813016.0,31,41
7813022.0,33,46
7813055.0,39,56
7813057.0,34,53
7813117.0,37,60
7813121.0,42,50
7813152.0,35,38
7813153.0,57,56
7813164.0,40,54
7813211.0,43,47
7813231.0,40,47
7813284.0,37,71
7813285.0,33,40
7813297.0,31,53
7813305.0,31,56
7813306.0,31,42
7813330.0,30,47
7813342.0,31,54
7813392.0,38,57
7813419.0,25,77
7813449.0,28,53
7813475.0,35,44
7813500.0,31,44
7813549.0,31,56
7813588.0,41,47
7813636.0,24,76
7813649.0,33,45
7813655.0,29,61
7813661.0,41,52
7813675.0,29,54
7813725.0,32,52
7813732.0,35,52
7813799.0,31,49
7813840.0,35,38
7813848.0,40,43
7813855.0,31,47
7813862.0,57,56
7813866.0,31,57
7813866.0,28,44
7813881.0,31,43
7813896.0,29,60
7813935.0,39,43
7813944.0,40,47
7813945.0,31,46
7814020.0,25,77
7814064.0,33,42
7814077.0,45,92
7814078.0,40,50
7814111.0,41,47
7814148.0,36,38
7814207.0,29,62
7814223.0,41,51
7814243.0,41,53
7814264.0,39,47
7814274.0,29,54
7814288.0,42,47
7814294.0,33,43
7814386.0,57,56
7814399.0,29,60
7814415.0,29,61
7814460.0,28,44
7814480.0,40,45
7814509.0,37,51
7814538.0,39,43
7814545.0,31,51
7814550.0,42,50
7814575.0,29,62
7814592.0,39,56
7814633.0,31,57
7814745.0,43,48
7814809.0,57,93
7814819.0,40,44
7814856.0,30,60
7814873.0,40,40
7814882.0,40,47
7814885.0,29,54
7814890.0,39,41
7814894.0,42,47
7814988.0,39,50
7815034.0,35,53
7815049.0,33,43
7815057.0,41,47
7815064.0,40,41
7815086.0,30,58
7815102.0,37,61
7815110.0,31,52
7815127.0,31,48
7815129.0,32,44
7815156.0,41,52
7815184.0,34,52
7815208.0,40,42
7815209.0,37,68
7815216.0,43,46
7815251.0,29,54
7815259.0,29,47
7815273.0,36,45
7815289.0,31,50
7815325.0,37,62
7815330.0,41,48
7815385.0,30,61
7815456.0,31,57
7815483.0,40,46
7815496.0,57,55
7815534.0,37,63
7815556.0,43,46
7815562.0,29,61
7815565.0,42,47
7815617.0,31,42
7815678.0,39,48
7815687.0,43,48
7815688.0,57,93
7815691.0,31,45
7815734.0,37,58
7815737.0,36,41
7815799.0,31,50
7815853.0,44,47
7815865.0,30,61
7815868.0,29,62
7815926.0,40,55
7815931.0,29,57
7815936.0,33,41
7815976.0,33,42
7815980.0,57,56
7815981.0,36,39
7816042.0,40,43
7816083.0,36,42
7816166.0,29,57
7816232.0,36,40
7816252.0,40,45
7816262.0,40,41
7816269.0,33,41
7816273.0,40,40
7816287.0,37,46
7816316.0,45,105
7816349.0,57,55
7816355.0,31,46
7816410.0,40,54
7816425.0,38,46
7816460.0,36,65
7816471.0,39,56
7816517.0,36,44
7816521.0,41,53
7816539.0,57,56
7816575.0,25,68
7816595.0,38,59
7816596.0,39,55
7816623.0,40,47
7816651.0,43,46
7816657.0,40,44
7816666.0,43,49
7816685.0,35,42
7816706.0,35,40
7816797.0,42,50
7816798.0,36,40
7816819.0,40,42
7816828.0,32,56
7816846.0,57,56
7816892.0,43,46
7817014.0,36,41
7817058.0,54,70
7817061.0,35,41
7817078.0,31,46
7817109.0,31,49
7817121.0,34,49
7817178.0,53,81
7817191.0,34,42
7817229.0,33,45
7817244.0,39,57
7817320.0,44,47
7817403.0,57,55
7817408.0,40,48
7817424.0,29,61
7817452.0,42,51
7817457.0,35,42
7817477.0,37,62
7817585.0,53,81
7817610.0,31,50
7817639.0,30,59
7817656.0,40,46
7817664.0,31,63
7817706.0,41,49
7817721.0,25,68
7817828.0,37,66
7817899.0,36,45
7817906.0,41,48
7817930.0,38,38
7817972.0,41,54
7818000.0,31,50
7818062.0,40,47
7818127.0,42,52
7818200.0,43,50
7818239.0,57,55
7818259.0,44,48
7818263.0,41,44
7818280.0,41,43
7818305.0,39,49
7818326.0,34,41
7818339.0,37,40
7818342.0,32,42
7818344.0,26,66
7818349.0,37,60
7818417.0,32,44
7818423.0,43,49
7818427.0,33,43
7818446.0,31,51
7818521.0,32,50
7818561.0,34,44
7818623.0,39,43
7818666.0,38,59
7818690.0,31,58
7818706.0,41,42
7818708.0,40,55
7818745.0,31,51
7818757.0,35,44
7818760.0,41,41
7818772.0,42,52
7818773.0,34,40
7818779.0,32,43
7818787.0,34,45
7818840.0,39,44
7818844.0,32,45
7818853.0,31,50
7818863.0,41,46
7818926.0,31,55
7818926.0,34,41
7818950.0,31,52
7818995.0,41,40
7819019.0,34,43
7819024.0,41,48
7819081.0,38,52
7819084.0,31,53
7819100.0,35,41
7819209.0,30,63
7819246.0,38,60
7819269.0,36,42
7819275.0,42,52
7819281.0,37,42
7819342.0,42,47
7819350.0,32,46
7819376.0,31,55
7819407.0,39,39
7819410.0,32,43
7819427.0,37,41
7819491.0,34,40
7819498.0,41,44
7819507.0,31,62
7819545.0,40,48
7819562.0,43,47
7819563.0,44,48
7819593.0,32,47
7819593.0,40,49
7819599.0,34,43
7819600.0,32,48
7819624.0,31,57
7819627.0,46,94
7819663.0,41,45
7819682.0,37,50
7819692.0,41,53
7819724.0,31,53
7819775.0,37,41
7819809.0,32,51
7819842.0,35,46
7819851.0,41,48
7819960.0,42,48
7819975.0,41,46
7819993.0,41,43
7820026.0,43,50
7820114.0,36,41
7820115.0,41,55
7820141.0,31,55
7820187.0,38,45
7820192.0,41,50
7820230.0,42,47
7820234.0,32,55
7820235.0,63,55
7820290.0,41,42
7820311.0,41,41
7820312.0,41,48
7820350.0,40,56
7820363.0,38,46
7820368.0,42,53
7820370.0,36,44
7820379.0,34,44
7820413.0,32,43
7820441.0,32,49
7820458.0,35,40
7820508.0,43,51
7820543.0,44,49
7820576.0,32,59
7820607.0,34,42
7820631.0,37,41
7820688.0,41,40
7820703.0,39,40
7820718.0,40,51
7820740.0,37,43
7820774.0,31,56
7820791.0,39,46
7820807.0,35,40
7820895.0,41,54
7820903.0,32,48
7820922.0,37,63
7820943.0,41,47
7820968.0,37,71
7821088.0,37,61
7821106.0,38,60
7821153.0,36,64
7821227.0,36,45
7821265.0,31,55
7821270.0,42,47
7821369.0,39,57
7821390.0,36,50
7821397.0,75,58
7821417.0,34,47
7821422.0,39,46
7821445.0,38,40
7821501.0,37,38
7821516.0,34,40
7821523.0,42,47
7821536.0,35,40
7821564.0,33,58
7821570.0,37,41
7821592.0,41,47
7821667.0,40,41
7821718.0,35,41
7821823.0,43,47
7821845.0,37,43
7821879.0,34,40
7821929.0,42,53
7821936.0,40,41
7821940.0,41,55
7821946.0,45,48
7821956.0,41,47
7821957.0,75,58
7821975.0,38,40
7821991.0,31,56
7822014.0,34,45
7822024.0,40,42
7822036.0,37,44
7822039.0,24,69
7822040.0,33,43
7822045.0,32,53
7822092.0,44,49
7822104.0,37,42
7822130.0,42,49
7822138.0,43,47
7822202.0,47,92
7822244.0,42,41
7822247.0,44,50
7822261.0,39,46
7822284.0,40,56
7822286.0,42,50
7822291.0,35,42
7822338.0,39,52
7822373.0,37,64
7822454.0,39,44
7822468.0,45,92
7822489.0,33,43
7822514.0,40,39
7822525.0,36,43
7822577.0,41,48
7822577.0,33,42
7822604.0,35,42
7822639.0,31,56
7822641.0,34,40
7822695.0,37,42
7822703.0,43,49
7822791.0,31,42
7822802.0,37,44
7822826.0,38,61
7822836.0,40,41
7822851.0,38,40
7822858.0,32,58
7822860.0,37,45
7822863.0,34,40
7822904.0,45,48
7822907.0,42,44
7822951.0,40,57
7822999.0,40,43
7823022.0,28,71
7823033.0,33,49
7823051.0,31,56
7823052.0,35,43
7823073.0,34,44
7823091.0,38,74
7823109.0,40,44
7823116.0,41,46
7823134.0,42,45
7823189.0,0,26
7823204.0,32,51
7823224.0,37,40
7823232.0,42,42
7823235.0,38,41
7823244.0,41,45
7823252.0,44,50
7823257.0,42,41
7823268.0,43,52
7823336.0,43,48
7823348.0,42,54
7823354.0,33,43
7823370.0,35,44
7823452.0,40,41
7823452.0,33,45
7823555.0,43,51
7823567.0,29,60
7823570.0,40,44
7823575.0,31,51
7823593.0,1,26
7823608.0,37,45
7823625.0,32,54
7823630.0,37,44
7823632.0,35,43
7823644.0,35,44
7823673.0,33,43
7823680.0,35,45
7823710.0,33,44
7823715.0,41,52
7823735.0,38,42
7823779.0,42,40
7823826.0,40,45
7823853.0,39,45
7823880.0,37,43
7823907.0,41,51
7823931.0,42,44
7823952.0,39,58
7823983.0,42,52
7823999.0,0,26
7824060.0,41,52
7824075.0,32,46
7824115.0,31,51
7824133.0,33,47
7824136.0,38,57
7824138.0,41,49
7824240.0,32,49
7824335.0,42,45
7824359.0,41,55
7824367.0,43,52
7824403.0,33,46
7824430.0,1,26
7824453.0,41,40
7824512.0,37,44
7824540.0,41,56
7824601.0,36,41
7824627.0,37,41
7824630.0,45,49
7824631.0,40,42
7824634.0,44,50
7824707.0,32,55
7824758.0,32,57
7824820.0,42,49
7824904.0,44,51
7824934.0,43,53
7824961.0,42,41
7824980.0,42,43
7825000.0,33,43
7825099.0,40,43
7825162.0,42,47
7825163.0,32,55
7825165.0,40,57
7825195.0,31,51
7825249.0,38,39
7825290.0,35,42
7825370.0,39,40
7825423.0,33,43
7825453.0,39,58
7825470.0,33,48
7825471.0,38,43
7825526.0,36,41
7825568.0,29,64
7825633.0,43,42
7825638.0,38,60
7825663.0,42,46
7825721.0,37,73
7825815.0,46,95
7825824.0,38,38
7825853.0,39,39
7825867.0,32,52
7825879.0,54,100
7825990.0,41,41
7826035.0,38,43
7826061.0,38,40
7826100.0,36,43
7826113.0,42,55
7826118.0,33,52
7826127.0,43,39
7826195.0,53,100
7826209.0,34,42
7826219.0,33,41
7826222.0,44,51
7826240.0,44,48
7826294.0,36,41
7826297.0,41,56
7826346.0,41,42
7826356.0,33,53
7826384.0,44,50
7826405.0,38,45
7826422.0,38,41
7826441.0,31,51
7826455.0,43,52
7826487.0,41,41
7826556.0,42,50
7826560.0,39,41
7826577.0,36,41
7826585.0,45,49
7826595.0,41,43
7826599.0,33,47
7826617.0,43,50
7826705.0,50,84
7826706.0,72,59
7826741.0,37,71
7826769.0,42,47
7826779.0,37,59
7826784.0,43,41
7826798.0,43,53
7826820.0,31,51
7826824.0,36,42
7826826.0,43,43
7826835.0,33,41
7826870.0,41,42
7826882.0,43,44
7826904.0,34,42
7826920.0,41,48
7826959.0,43,54
7826960.0,33,49
7827005.0,40,47
7827009.0,45,50
7827014.0,39,58
7827067.0,37,53
7827080.0,41,40
7827084.0,41,39
7827111.0,43,49
7827128.0,38,44
7827144.0,36,40
7827144.0,42,48
7827181.0,30,58
7827200.0,38,62
7827211.0,32,56
7827231.0,42,54
7827286.0,42,44
7827290.0,54,99
7827315.0,43,45
7827333.0,39,41
7827354.0,44,52
7827388.0,39,40
7827449.0,50,84
7827453.0,36,42
7827479.0,46,94
7827489.0,43,42
7827492.0,28,51
7827527.0,37,40
7827557.0,34,42
7827560.0,42,55
7827595.0,43,49
7827617.0,32,53
7827645.0,41,45
7827657.0,54,99
7827661.0,43,48
7827715.0,46,49
7827720.0,41,50
7827732.0,35,43
7827743.0,41,56
7827758.0,37,41
7827760.0,64,61
7827771.0,40,46
7827808.0,45,48
7827812.0,34,44
7827845.0,39,42
7827855.0,38,46
7827889.0,38,52
7827901.0,40,50
7828005.0,33,41
7828050.0,37,41
7828054.0,42,49
7828064.0,43,43
7828109.0,39,41
7828112.0,33,50
7828141.0,36,45
7828173.0,43,44
7828199.0,38,41
7828209.0,39,50
7828239.0,32,54
7828246.0,32,53
7828261.0,43,54
7828324.0,34,43
7828325.0,38,46
7828343.0,43,41
7828345.0,43,49
7828363.0,36,44
7828379.0,33,48
7828398.0,33,41
7828415.0,43,46
7828430.0,45,50
7828437.0,42,48
7828446.0,43,51
7828485.0,46,98
7828498.0,43,45
7828526.0,33,50
7828557.0,39,43
7828587.0,43,49
7828595.0,35,47
7828663.0,40,45
7828665.0,33,53
7828696.0,38,42
7828739.0,44,51
7828741.0,39,41
7828794.0,37,63
7828898.0,46,49
7828914.0,42,50
7828944.0,44,52
7829055.0,41,43
7829077.0,33,51
7829084.0,39,43
7829115.0,44,50
7829160.0,42,41
7829161.0,34,45
7829184.0,41,41
7829211.0,40,39
7829244.0,32,51
7829268.0,34,49
7829288.0,42,49
7829417.0,43,54
7829428.0,45,51
7829490.0,33,49
7829821.0,41,51
7829865.0,43,46
7829909.0,31,61
7829912.0,46,93
7829931.0,38,43
7829971.0,38,44
7829972.0,44,49
7829983.0,36,44
7829986.0,34,46
7829991.0,36,42
7830004.0,45,48
7830035.0,43,47
7830042.0,41,46
7830081.0,31,60
7830109.0,39,40
7830115.0,40,47
7830121.0,79,80
7830133.0,37,41
7830136.0,41,49
7830137.0,33,50
7830145.0,44,42
7830146.0,33,49
7830208.0,42,51
7830224.0,36,43
7830277.0,40,40
7830278.0,38,69
7830299.0,41,46
7830303.0,39,45
7830359.0,43,48
7830392.0,39,44
7830419.0,43,45
7830478.0,42,55
7830514.0,35,42
7830519.0,39,41
7830531.0,33,46
7830533.0,46,50
7830538.0,37,41
7830558.0,44,53
7830576.0,45,51
7830579.0,38,44
7830605.0,64,50
7830610.0,40,46
7830652.0,43,54
7830665.0,45,49
7830677.0,44,43
7830729.0,37,43
7830732.0,45,48
7830775.0,42,40
7830827.0,39,43
7830842.0,42,43
7830916.0,38,63
7830919.0,44,44
7830944.0,40,58
7830985.0,27,66
7830999.0,38,62
7831011.0,37,42
7831017.0,27,73
7831042.0,42,50
7831066.0,33,52
7831069.0,43,47
7831122.0,43,49
7831150.0,61,71
7831161.0,39,43
7831165.0,40,41
7831174.0,35,43
7831233.0,43,55
7831241.0,44,42
7831255.0,36,45
7831267.0,34,48
7831329.0,33,49
7831335.0,41,57
7831394.0,37,41
7831445.0,40,41
7831487.0,44,41
7831500.0,38,44
7831519.0,43,48
7831522.0,40,42
7831547.0,34,47
7831586.0,42,51
7831631.0,34,48
7831666.0,27,73
7831690.0,42,41
7831725.0,43,49
7831740.0,42,52
7831742.0,38,45
7831782.0,46,50
7831835.0,34,47
7831871.0,42,44
7831883.0,43,47
7831906.0,44,45
7831909.0,26,70
7831967.0,72,49
7831972.0,43,50
7831999.0,42,56
7832038.0,37,41
7832038.0,37,44
7832108.0,38,41
7832119.0,33,49
7832128.0,43,41
7832141.0,27,70
7832178.0,44,44
7832207.0,44,46
7832225.0,39,61
7832235.0,47,49
7832239.0,44,53
7832256.0,46,96
7832303.0,71,50
7832326.0,43,49
7832332.0,43,48
7832356.0,44,43
7832369.0,36,48
7832421.0,42,44
7832430.0,34,49
7832446.0,39,43
7832513.0,37,44
7832536.0,26,70
7832546.0,38,61
7832563.0,33,53
7832576.0,39,42
7832593.0,41,45
7832608.0,43,51
7832610.0,42,43
7832636.0,33,56
7832640.0,58,51
7832641.0,43,49
7832645.0,43,55
7832690.0,34,48
7832694.0,72,49
7832703.0,44,45
7832719.0,33,54
7832720.0,36,48
7832732.0,35,44
7832747.0,45,49
7832748.0,71,50
7832778.0,33,49
7832925.0,41,41
7832942.0,33,57
7832952.0,39,54
7832961.0,43,51
7832970.0,38,40
7832972.0,34,48
7832973.0,37,72
7832983.0,38,63
7833036.0,47,50
7833084.0,39,59
7833108.0,44,50
7833120.0,38,42
7833131.0,42,42
7833167.0,26,70
7833190.0,39,44
7833210.0,44,44
7833246.0,45,48
7833283.0,34,47
7833297.0,40,43
7833387.0,41,40
7833425.0,72,49
7833453.0,44,50
7833468.0,43,51
7833648.0,43,40
7833659.0,34,47
7833663.0,35,45
7833679.0,45,52
7833691.0,46,51
7833734.0,40,43
7833761.0,33,49
7833815.0,40,44
7833835.0,44,46
7833837.0,33,47
7833897.0,35,46
7833949.0,37,47
7833965.0,43,51
7833981.0,45,48
7833989.0,46,49
7833999.0,44,47
7834048.0,41,39
7834055.0,34,51
7834075.0,34,52
7834080.0,43,49
7834100.0,44,50
7834120.0,33,51
7834137.0,37,42
7834144.0,47,50
7834212.0,35,47
7834228.0,37,64
7834237.0,34,50
7834281.0,44,51
7834327.0,33,47
7834345.0,71,51
7834348.0,46,49
7834350.0,45,43
7834351.0,35,46
7834351.0,45,52
7834371.0,45,42
7834400.0,40,47
7834433.0,40,43
7834451.0,41,48
7834549.0,43,43
7834573.0,58,56
7834577.0,43,50
7834578.0,43,52
7834583.0,44,50
7834584.0,42,53
7834623.0,39,45
7834648.0,38,69
7834651.0,41,41
7834671.0,34,50
7834723.0,40,43
7834742.0,41,57
7834764.0,45,52
7834765.0,33,58
7834774.0,43,48
7834808.0,40,40
7834823.0,33,49
7834836.0,45,53
7834880.0,44,49
7834970.0,46,49
7834980.0,43,41
7834987.0,43,52
7835030.0,43,49
7835039.0,37,43
7835050.0,39,40
7835069.0,37,44
7835079.0,40,45
7835111.0,36,43
7835120.0,35,46
7835125.0,44,47
7835134.0,35,50
7835154.0,36,42
7835193.0,44,50
7835200.0,34,49
7835212.0,46,49
7835264.0,33,49
7835363.0,42,46
7835391.0,47,50
7835495.0,35,46
7835500.0,43,40
7835506.0,45,43
7835507.0,41,41
7835508.0,36,42
7835567.0,43,56
7835626.0,40,42
7835646.0,40,45
7835698.0,46,51
7835713.0,45,44
7835742.0,41,42
7835781.0,60,84
7835903.0,22,84
7835919.0,29,85
7835949.0,31,60
7836000.0,35,51
7836092.0,31,59
7836096.0,38,44
7836111.0,35,48
7836130.0,42,57
7836136.0,45,44
7836139.0,43,50
7836144.0,40,41
7836155.0,42,52
7836164.0,41,41
7836240.0,44,48
7836267.0,34,49
7836319.0,45,45
7836355.0,43,44
7836356.0,43,43
7836383.0,39,41
7836440.0,41,46
7836484.0,31,59
7836486.0,46,52
7836505.0,45,44
7836537.0,22,84
7836563.0,39,42
7836564.0,40,43
7836566.0,41,58
7836600.0,40,45
7836620.0,38,43
7836625.0,40,42
7836721.0,42,47
7836726.0,45,53
7836799.0,40,46
7836811.0,43,56
7836861.0,43,45
7836866.0,39,46
7836883.0,36,56
7836886.0,44,55
7836893.0,40,45
7836895.0,43,44
7836955.0,36,42
7836965.0,41,41
7836979.0,27,71
7836985.0,41,43
7837006.0,39,47
7837111.0,42,46
7837117.0,34,49
7837128.0,40,44
7837168.0,43,51
7837185.0,47,51
7837239.0,34,62
7837248.0,26,71
7837253.0,34,50
7837253.0,45,53
7837267.0,42,56
7837273.0,44,49
7837364.0,38,45
7837374.0,45,50
7837408.0,46,49
7837436.0,43,45
7837441.0,33,53
7837461.0,45,47
7837471.0,45,46
7837580.0,42,41
7837599.0,43,41
7837607.0,34,49
7837657.0,38,64
7837709.0,43,50
7837757.0,44,48
7837790.0,45,53
7837835.0,35,49
7837835.0,44,42
7837860.0,27,71
7837878.0,39,62
7837882.0,42,57
7837893.0,42,42
7837896.0,44,54
7837907.0,38,43
7837926.0,24,74
7838033.0,42,48
7838046.0,47,49
7838070.0,42,40
7838145.0,38,42
7838155.0,33,53
7838210.0,35,46
7838217.0,40,60
7838223.0,45,54
7838262.0,44,51
7838265.0,35,49
7838305.0,45,47
7838324.0,34,49
7838331.0,44,42
7838336.0,47,51
7838337.0,44,49
7838341.0,44,54
7838344.0,46,50
7838359.0,39,59
7838369.0,44,43
7838370.0,41,58
7838417.0,34,51
7838459.0,43,46
7838460.0,45,45
7838461.0,44,44
7838514.0,47,49
7838521.0,80,79
7838536.0,46,52
7838545.0,33,54
7838557.0,44,40
7838562.0,46,43
7838567.0,38,46
7838642.0,40,47
7838715.0,45,46
7838715.0,42,40
7838723.0,41,42
7838726.0,42,51
7838758.0,46,44
7838758.0,39,70
7838820.0,58,81
7838877.0,41,91
7838885.0,34,49
7838898.0,43,46
7838912.0,43,56
7838971.0,44,54
7838980.0,74,124
7839050.0,39,42
7839064.0,44,41
7839087.0,26,74
7839096.0,43,41
7839098.0,41,44
7839101.0,33,57
7839221.0,35,49
7839230.0,37,42
7839251.0,36,45
7839258.0,38,62
7839266.0,40,45
7839271.0,40,44
7839305.0,46,96
7839362.0,33,54
7839366.0,46,42
7839416.0,44,54
7839424.0,43,40
7839430.0,46,53
7839449.0,44,49
7839487.0,41,45
7839599.0,41,48
7839608.0,38,65
7839631.0,41,44
7839632.0,45,54
7839654.0,47,50
7839658.0,35,49
7839674.0,36,48
7839709.0,42,40
7839725.0,39,41
7839750.0,34,52
7839831.0,46,45
7839835.0,33,57
7839841.0,43,43
7839852.0,36,46
7839909.0,39,43
7839918.0,44,50
7839939.0,35,47
7839959.0,35,50
7840071.0,46,44
7840139.0,46,43
7840192.0,37,43
7840195.0,71,50
7840204.0,43,47
7840205.0,40,41
7840247.0,46,50
7840277.0,43,57
7840281.0,48,51
7840286.0,30,64
7840288.0,40,46
7840322.0,44,54
7840324.0,44,43
7840327.0,35,47
7840344.0,41,52
7840385.0,71,50
7840398.0,45,47
7840404.0,44,55
7840455.0,37,65
7840465.0,46,50
7840483.0,41,43
7840536.0,18,90
7840557.0,35,50
7840607.0,42,47
7840618.0,38,64
7840628.0,43,47
7840635.0,43,40
7840655.0,35,45
7840658.0,45,48
7840667.0,46,53
7840697.0,29,65
7840757.0,41,46
7840758.0,46,46
7840803.0,35,49
7840846.0,34,54
7840861.0,40,42
7840868.0,45,51
7840938.0,46,45
7840939.0,41,42
7840957.0,38,65
7840999.0,45,54
7840999.0,42,53
7841006.0,38,50
7841035.0,33,55
7841043.0,47,50
7841044.0,38,44
7841077.0,44,50
7841087.0,33,61
7841109.0,47,52
7841191.0,35,45
7841316.0,45,52
7841337.0,35,50
7841410.0,44,42
7841418.0,43,45
7841446.0,39,45
7841454.0,45,55
7841484.0,35,49
7841563.0,45,41
7841563.0,45,52
7841580.0,48,51
7841582.0,45,53
7841591.0,46,46
7841619.0,33,55
7841688.0,38,69
7841713.0,39,45
7841734.0,39,44
7841801.0,38,46
7841825.0,42,43
7841848.0,33,53
7841893.0,40,47
7841957.0,44,56
7841961.0,42,48
7841968.0,49,50
7842001.0,43,42
7842003.0,36,47
7842037.0,41,44
7842039.0,44,45
7842044.0,47,50
7842047.0,44,46
7842059.0,43,50
7842060.0,47,52
7842063.0,34,55
7842080.0,46,45
7842085.0,35,49
7842095.0,44,51
7842122.0,43,45
7842136.0,27,68
7842152.0,37,44
7842170.0,46,47
7842173.0,45,43
7842178.0,43,41
7842187.0,34,61
7842205.0,38,66
7842259.0,45,49
7842273.0,33,53
7842278.0,27,67
7842351.0,39,44
7842354.0,32,60
7842399.0,43,46
7842445.0,44,46
7842454.0,43,45
7842465.0,46,46
7842475.0,44,43
7842491.0,34,53
7842504.0,39,42
7842521.0,39,43
7842532.0,46,53
7842541.0,35,49
7842548.0,38,42
7842549.0,42,58
7842551.0,38,71
7842563.0,33,54
7842573.0,46,42
7842577.0,46,51
7842589.0,43,48
7842599.0,39,45
7842695.0,45,51
7842956.0,47,44
7842996.0,39,46
7842997.0,40,48
7843014.0,35,49
7843015.0,45,45
7843016.0,41,44
7843040.0,45,41
7843108.0,45,52
7843132.0,44,56
7843154.0,27,69
7843172.0,47,50
7843175.0,45,55
7843197.0,46,54
7843215.0,41,45
7843221.0,35,52
7843226.0,40,48
7843235.0,43,51
7843334.0,44,44
7843346.0,38,47
7843403.0,44,51
7843408.0,42,44
7843412.0,27,69
7843413.0,33,54
7843416.0,35,51
7843420.0,37,41
7843551.0,43,43
7843559.0,38,70
7843566.0,32,59
7843641.0,47,43
7843702.0,27,73
7843705.0,47,50
7843759.0,55,102
7843790.0,42,43
7843800.0,43,57
7843819.0,44,45
7843848.0,40,43
7843850.0,40,42
7843854.0,41,41
7843919.0,42,42
7843961.0,46,50
7843980.0,45,44
7843997.0,42,45
7844027.0,47,53
7844051.0,46,47
7844089.0,42,44
7844115.0,41,42
7844135.0,35,48
7844139.0,44,50
7844147.0,47,45
7844159.0,40,44
7844208.0,37,41
7844209.0,45,42
7844222.0,45,55
7844228.0,41,47
7844294.0,46,48
7844352.0,33,54
7844367.0,35,48
7844392.0,47,50
7844407.0,42,58
7844413.0,32,47
7844417.0,34,54
7844437.0,45,50
7844482.0,45,48
7844483.0,45,43
7844498.0,35,54
7844566.0,35,49
7844593.0,46,54
7844601.0,36,49
7844635.0,44,57
7844638.0,41,47
7844649.0,45,44
7844685.0,35,54
7844779.0,34,56
7844812.0,48,52
7844911.0,41,46
7844920.0,45,93
7844947.0,46,43
7844979.0,44,47
7844980.0,33,54
7845043.0,44,52
7845078.0,13,51
7845100.0,46,51
7845147.0,32,47
7845149.0,35,49
7845165.0,45,91
7845213.0,45,52
7845255.0,36,48
7845266.0,36,49
7845289.0,47,51
7845348.0,41,59
7845359.0,38,43
7845360.0,44,47
7845360.0,42,43
7845374.0,44,41
7845408.0,47,50
7845423.0,28,68
7845490.0,43,43
7845558.0,38,42
7845573.0,41,48
7845577.0,45,52
7845580.0,36,50
7845587.0,45,43
7845625.0,33,54
7845631.0,47,53
7845639.0,37,43
7845649.0,34,56
7845681.0,36,48
7845771.0,43,48
7845772.0,45,50
7845807.0,38,73
7845809.0,41,47
7845826.0,46,48
7845833.0,38,43
7845840.0,47,46
7845844.0,43,49
7845857.0,44,42
7845874.0,47,45
7845877.0,35,49
7845899.0,44,41
7845921.0,43,41
7845933.0,46,41
7845938.0,45,46
7845943.0,40,47
7845951.0,41,46
7845954.0,43,43
7845957.0,47,50
7846014.0,32,83
7846039.0,44,43
7846074.0,39,44
7846078.0,37,46
7846087.0,40,43
7846091.0,36,49
7846097.0,34,47
7846104.0,43,47
7846145.0,46,49
7846175.0,35,49
7846182.0,43,42
7846211.0,38,44
7846220.0,41,47
7846241.0,46,42
7846274.0,36,50
7846342.0,41,42
7846367.0,43,44
7846371.0,41,43
7846387.0,46,44
7846467.0,44,43
7846476.0,42,44
7846580.0,39,48
7846713.0,33,83
7846743.0,36,48
7846786.0,43,58
7846795.0,47,47
7846848.0,37,47
7846868.0,44,48
7846953.0,45,52
7846957.0,36,49
7846964.0,39,45
7846976.0,48,45
7847007.0,48,44
7847009.0,43,45
7847029.0,34,48
7847051.0,47,54
7847063.0,38,43
7847080.0,44,41
7847081.0,33,83
7847197.0,48,51
7847203.0,42,45
7847296.0,42,41
7847304.0,44,43
7847327.0,44,52
7847342.0,46,45
7847345.0,47,51
7847348.0,45,52
7847354.0,44,51
7847371.0,46,41
7847416.0,40,45
7847420.0,49,52
7847480.0,43,57
7847533.0,40,43
7847615.0,46,52
7847703.0,42,46
7847718.0,28,73
7847741.0,45,51
7847760.0,42,47
7847773.0,44,43
7847790.0,46,49
7847792.0,45,56
7847801.0,43,52
7847808.0,47,50
7847830.0,45,53
7847907.0,46,43
7847916.0,34,48
7847921.0,35,54
7847946.0,48,52
7847949.0,47,48
7847989.0,47,47
7847998.0,35,50
7848032.0,34,47
7848060.0,47,43
7848081.0,42,46
7848082.0,42,47
7848154.0,48,45
7848160.0,48,53
7848168.0,45,45
7848180.0,36,49
7848186.0,43,43
7848207.0,47,54
7848254.0,45,47
7848273.0,48,43
7848286.0,45,52
7848305.0,35,54
7848345.0,72,48
7848354.0,40,44
7848363.0,42,52
7848376.0,46,50
7848409.0,49,52
7848412.0,39,46
7848419.0,43,58
7848430.0,42,49
7848455.0,46,42
7848507.0,33,47
7848523.0,34,47
7848549.0,37,48
7848557.0,47,47
7848604.0,35,50
7848630.0,32,53
7848637.0,38,45
7848643.0,42,42
7848672.0,41,43
7848682.0,34,48
7848696.0,41,44
7848746.0,45,47
7848790.0,35,48
7848806.0,34,47
7848807.0,46,45
7848810.0,39,43
7848816.0,40,46
7848850.0,72,56
7848895.0,44,56
7848897.0,46,55
7848902.0,40,42
7848922.0,26,70
7848949.0,42,45
7849005.0,45,51
7849029.0,47,47
7849102.0,47,48
7849113.0,48,46
7849147.0,48,53
7849233.0,45,52
7849279.0,45,44
7849315.0,35,48
7849318.0,41,43
7849320.0,35,54
7849355.0,39,42
7849363.0,44,43
7849394.0,44,54
7849399.0,36,50
7849438.0,40,46
7849443.0,45,54
7849454.0,45,42
7849471.0,43,48
7849489.0,45,46
7849497.0,44,44
7849536.0,33,47
7849557.0,43,44
7849564.0,38,72
7849586.0,46,50
7849594.0,35,54
7849601.0,47,47
7849618.0,43,49
7849682.0,47,42
7849689.0,45,42
7849701.0,46,45
7849709.0,44,57
7849768.0,44,43
7849802.0,35,51
7849826.0,47,54
7849851.0,46,44
7849921.0,42,59
7850021.0,34,55
7850140.0,46,46
7850176.0,42,43
7850193.0,46,52
7850209.0,47,52
7850224.0,41,46
7850252.0,44,49
7850272.0,48,47
7850336.0,34,48
7850354.0,49,53
7850404.0,44,42
7850406.0,46,53
7850413.0,48,46
7850422.0,42,46
7850446.0,45,42
7850468.0,48,51
7850473.0,40,47
7850506.0,45,56
7850548.0,47,44
7850551.0,45,41
7850569.0,43,46
7850603.0,41,46
7850655.0,46,50
7850673.0,48,53
7850689.0,38,64
7850697.0,39,44
7850773.0,45,43
7850780.0,36,51
7850783.0,48,52
7850797.0,47,49
7850806.0,46,41
7850836.0,39,43
7850886.0,45,52
7850894.0,36,53
7850900.0,41,48
7850923.0,43,58
7850997.0,33,47
7851006.0,40,45
7851023.0,49,45
7851026.0,45,95
7851026.0,48,51
7851081.0,37,66
7851087.0,47,45
7851087.0,39,62
7851097.0,48,43
7851153.0,41,45
7851163.0,43,46
7851183.0,39,43
7851188.0,45,48
7851202.0,46,45
7851213.0,41,43
7851357.0,35,47
7851399.0,48,43
7851427.0,45,48
7851427.0,48,47
7851456.0,43,45
7851465.0,46,56
7851470.0,44,48
7851523.0,33,47
7851540.0,49,44
7851560.0,36,51
7851622.0,46,51
7851731.0,49,53
7851792.0,48,54
7851830.0,35,47
7851893.0,47,43
7851908.0,38,47
7851915.0,37,49
7851934.0,45,47
7851974.0,47,47
7852024.0,43,42
7852138.0,44,58
7852141.0,43,41
7852144.0,38,46
7852173.0,47,55
7852173.0,43,47
7852193.0,49,45
7852201.0,44,40
7852235.0,46,47
7852257.0,43,44
7852273.0,40,43
7852304.0,47,49
7852394.0,48,51
7852411.0,41,60
7852474.0,44,45
7852497.0,46,55
7852505.0,48,48
7852506.0,38,46
7852512.0,46,42
7852522.0,49,46
7852575.0,43,47
7852593.0,45,44
7852627.0,46,47
7852654.0,37,40
7852675.0,44,43
7852693.0,42,44
7852698.0,48,51
7852757.0,36,52
7852811.0,45,52
7852817.0,41,46
7852844.0,40,60
7852862.0,44,45
7852870.0,36,51
7852936.0,47,44
7852936.0,48,54
7852939.0,49,52
7852983.0,44,40
7853056.0,42,47
7853057.0,39,45
7853141.0,47,52
7853243.0,49,52
7853282.0,48,47
7853295.0,38,46
7853349.0,35,54
7853365.0,49,46
7853386.0,44,44
7853426.0,48,48
7853501.0,74,122
7853520.0,46,46
7853554.0,46,56
7853577.0,46,47
7853683.0,38,46
7853711.0,46,51
7853723.0,73,122
7853745.0,40,61
7853774.0,47,52
7853788.0,47,46
7853795.0,49,53
7853795.0,47,50
7853827.0,43,46
7853862.0,37,50
7853863.0,46,47
7853923.0,45,42
7853931.0,35,56
7853943.0,32,59
7853947.0,45,57
7853996.0,42,43
7854050.0,48,54
7854079.0,48,49
7854098.0,40,46
7854144.0,48,44
7854224.0,47,46
7854266.0,41,44
7854343.0,45,53
7854352.0,44,49
7854379.0,70,72
7854434.0,41,46
7854448.0,43,43
7854500.0,48,43
7854511.0,74,122
7854554.0,49,47
7854576.0,48,52
7854597.0,45,44
7854614.0,46,45
7854682.0,46,48
7854688.0,47,52
7854691.0,44,46
7854749.0,48,42
7854803.0,49,52
7854842.0,45,107
7854845.0,48,52
7854858.0,45,44
7854880.0,43,48
7854893.0,46,53
7854896.0,43,59
7854925.0,38,46
7854951.0,46,48
7854958.0,42,45
7854971.0,39,46
7854986.0,50,45
7855007.0,47,45
7855026.0,44,58
7855074.0,40,47
7855077.0,49,52
7855093.0,74,122
7855140.0,42,43
7855141.0,35,53
7855167.0,42,49
7855170.0,49,46
7855175.0,49,47
7855177.0,50,53
7855193.0,45,43
7855254.0,44,54
7855270.0,91,107
7855275.0,40,43
7855414.0,49,54
7855422.0,37,46
7855455.0,45,48
7855562.0,47,44
7855583.0,46,53
7855589.0,45,107
7855598.0,46,43
7855604.0,41,45
7855725.0,48,49
7855742.0,40,43
7855765.0,47,52
7855845.0,37,46
7855882.0,46,52
7855883.0,38,47
7855917.0,47,55
7855976.0,44,55
7856104.0,36,90
7856141.0,43,44
7856156.0,46,47
7856161.0,45,45
7856169.0,44,42
7856209.0,39,45
7856225.0,47,42
7856268.0,46,48
7856271.0,48,45
7856278.0,44,45
7856286.0,40,44
7856291.0,41,47
7856336.0,42,58
7856346.0,48,52
7856399.0,49,44
7856472.0,47,47
7856485.0,48,46
7856521.0,50,45
7856557.0,46,42
7856568.0,45,58
7856580.0,47,56
7856609.0,50,46
7856614.0,47,51
7856643.0,43,44
7856671.0,47,53
7856712.0,48,52
7856773.0,49,48
7856784.0,47,46
7856799.0,49,54
7856810.0,40,48
7856812.0,48,46
7856835.0,48,50
7856857.0,41,47
7856973.0,42,45
7856979.0,46,54
7856981.0,41,46
7857006.0,49,52
7857017.0,48,53
7857019.0,43,58
7857023.0,48,44
7857042.0,47,53
7857222.0,47,47
7857254.0,43,44
7857271.0,44,43
7857271.0,39,64
7857298.0,47,50
7857319.0,46,54
7857328.0,44,46
7857337.0,46,52
7857355.0,42,46
7857356.0,46,44
7857367.0,33,57
7857376.0,42,48
7857380.0,45,53
7857421.0,45,44
7857422.0,46,57
7857423.0,48,55
7857431.0,48,43
7857449.0,41,47
7857454.0,43,44
7857484.0,45,96
7857495.0,41,48
7857534.0,44,47
7857580.0,46,56
7857601.0,50,47
7857642.0,48,53
7857671.0,49,52
7857716.0,37,54
7857730.0,41,47
7857763.0,39,47
7857851.0,46,48
7857906.0,47,53
7857908.0,36,54
7857910.0,48,46
7857926.0,37,54
7857940.0,49,43
7857940.0,65,85
7857944.0,39,53
7857952.0,43,59
7857955.0,42,43
7857996.0,50,46
7858031.0,48,50
7858088.0,45,100
7858092.0,45,53
7858115.0,41,46
7858159.0,36,55
7858163.0,47,47
7858180.0,46,43
7858215.0,49,53
7858258.0,48,53
7858289.0,33,54
7858296.0,46,49
7858307.0,43,49
7858337.0,50,54
7858402.0,49,48
7858404.0,45,53
7858419.0,32,52
7858425.0,43,48
7858439.0,47,47
7858442.0,46,54
7858469.0,45,49
7858494.0,40,62
7858495.0,50,47
7858504.0,48,45
7858566.0,36,53
7858621.0,37,51
7858630.0,49,49
7858666.0,49,45
7858668.0,45,50
7858681.0,45,46
7858713.0,41,43
7858751.0,37,54
7858763.0,47,56
7858763.0,44,46
7858768.0,33,54
7858840.0,39,46
7858854.0,43,49
7858871.0,42,45
7858879.0,36,52
7858888.0,31,53
7858888.0,46,45
7858944.0,42,44
7858960.0,47,51
7858962.0,38,50
7859038.0,57,54
7859056.0,48,47
7859126.0,46,53
7859133.0,37,54
7859137.0,43,45
7859153.0,45,58
7859170.0,37,50
7859173.0,57,53
7859177.0,44,43
7859185.0,32,52
7859192.0,36,52
7859323.0,46,57
7859347.0,32,61
7859380.0,50,54
7859411.0,38,49
7859424.0,47,56
7859432.0,45,42
7859437.0,49,52
7859458.0,45,57
7859488.0,47,43
7859572.0,43,49
7859602.0,44,43
7859620.0,40,45
7859648.0,48,50
7859660.0,36,53
7859691.0,48,45
7859749.0,48,49
7859755.0,42,46
7859760.0,47,56
7859789.0,47,48
7859834.0,43,45
7859844.0,49,49
7859846.0,49,52
7859877.0,42,47
7859940.0,44,59
7859976.0,50,47
7859997.0,32,52
7860004.0,40,45
7860006.0,49,46
7860008.0,28,74
7860022.0,37,50
7860044.0,57,54
7860050.0,46,48
7860064.0,47,48
7860084.0,47,44
7860087.0,44,47
7860089.0,45,42
7860114.0,44,45
7860153.0,27,65
7860265.0,30,65
7860288.0,49,44
7860296.0,34,57
7860297.0,27,65
7860305.0,45,94
7860306.0,31,53
7860306.0,64,91
7860331.0,48,55
7860335.0,43,49
7860353.0,45,55
7860357.0,36,53
7860365.0,44,48
7860375.0,40,46
7860396.0,42,47
7860402.0,47,52
7860411.0,49,46
7860416.0,51,46
7860416.0,41,47
7860420.0,44,58
7860424.0,48,46
7860440.0,48,47
7860460.0,57,53
7860492.0,47,44
7860517.0,42,46
7860521.0,49,45
7860523.0,41,44
7860567.0,48,42
7860641.0,49,53
7860650.0,40,43
7860685.0,50,48
7860690.0,31,53
7860745.0,49,55
7860746.0,36,53
7860769.0,50,54
7860785.0,35,56
7860790.0,46,53
7860792.0,45,58
7860834.0,48,53
7860837.0,37,50
7860881.0,43,49
7860934.0,42,45
7860979.0,48,56
7860986.0,49,46
7860987.0,41,61
7860993.0,47,47
7860994.0,44,44
7861009.0,49,49
7861017.0,45,42
7861023.0,39,43
7861030.0,47,44
7861071.0,46,45
7861080.0,48,43
7861087.0,49,45
7861119.0,48,47
7861122.0,43,45
7861140.0,57,54
7861148.0,40,45
7861150.0,43,49
7861152.0,46,44
7861153.0,49,50
7861163.0,37,50
7861195.0,39,47
7861203.0,32,62
7861208.0,32,52
7861223.0,42,47
7861246.0,47,54
7861287.0,47,48
7861311.0,57,53
7861327.0,49,43
7861330.0,39,48
7861344.0,48,43
7861358.0,47,42
7861374.0,33,62
7861382.0,35,55
7861430.0,49,46
7861538.0,46,57
7861540.0,44,59
7861551.0,47,52
7861568.0,47,48
7861595.0,46,45
7861629.0,34,62
7861638.0,57,54
7861746.0,42,43
7861797.0,44,47
7861829.0,45,45
7861838.0,48,47
7861860.0,51,46
7861894.0,45,46
7861910.0,45,43
7861915.0,45,42
7861978.0,72,47
7861985.0,37,52
7862012.0,51,47
7862013.0,57,53
7862028.0,48,47
7862043.0,48,51
7862057.0,44,56
7862149.0,48,56
7862240.0,48,43
7862282.0,49,55
7862284.0,49,46
7862318.0,43,44
7862322.0,50,48
7862332.0,31,63
7862368.0,57,53
7862392.0,36,52
7862409.0,46,49
7862428.0,57,55
7862448.0,49,50
7862527.0,35,49
7862553.0,30,63
7862573.0,47,49
7862579.0,39,68
7862605.0,46,41
7862608.0,43,46
7862610.0,31,63
7862627.0,58,53
7862643.0,48,43
7862664.0,50,45
7862669.0,42,60
7862674.0,49,46
7862710.0,35,55
7862727.0,45,47
7862744.0,38,49
7862820.0,46,46
7862840.0,48,46
7862941.0,36,52
7862953.0,35,54
7862965.0,43,46
7862983.0,35,49
7863004.0,49,45
7863040.0,50,45
7863063.0,42,42
7863074.0,40,47
7863080.0,50,49
7863089.0,45,47
7863102.0,44,48
7863110.0,45,54
7863114.0,41,48
7863131.0,46,50
7863224.0,47,48
7863316.0,51,47
7863399.0,48,48
7863400.0,44,45
7863439.0,35,54
7863444.0,44,43
7863447.0,42,46
7863466.0,57,55
7863471.0,43,44
7863493.0,49,46
7863494.0,49,45
7863645.0,39,69
7863711.0,42,48
7863721.0,49,46
7863722.0,45,59
7863723.0,48,47
7863772.0,47,43
7863776.0,47,44
7863782.0,41,45
7863834.0,46,54
7863896.0,44,43
7863900.0,50,44
7863930.0,49,45
7863945.0,47,57
7863959.0,43,49
7863970.0,46,55
7863993.0,43,46
7864028.0,50,49
7864141.0,48,56
7864144.0,45,101
7864145.0,47,45
7864153.0,50,55
7864182.0,48,43
7864199.0,45,97
7864252.0,46,45
7864259.0,42,46
7864295.0,49,55
7864296.0,48,44
7864307.0,45,99
7864308.0,41,45
7864337.0,28,65
7864340.0,51,48
7864352.0,45,44
7864404.0,45,98
7864512.0,45,93
7864563.0,46,55
7864566.0,43,46
7864649.0,47,54
7864652.0,49,47
7864699.0,50,46
7864703.0,41,44
7864743.0,49,50
7864777.0,45,48
7864903.0,40,46
7864931.0,45,98
7864934.0,50,46
7864945.0,45,46
7864953.0,49,46
7864997.0,51,47
7865001.0,49,43
7865013.0,40,63
7865050.0,39,48
7865060.0,28,65
7865148.0,43,45
7865151.0,48,52
7865153.0,42,44
7865161.0,36,53
7865176.0,47,54
7865207.0,45,47
7865210.0,41,44
7865240.0,43,46
7865272.0,58,54
7865380.0,50,49
7865432.0,57,55
7865434.0,43,46
7865482.0,40,55
7865493.0,47,53
7865497.0,46,103
7865513.0,36,53
7865514.0,39,49
7865532.0,37,53
7865537.0,46,55
7865542.0,35,54
7865552.0,59,72
7865572.0,50,44
7865582.0,43,92
7865627.0,48,54
7865684.0,38,56
7865728.0,46,52
7865774.0,36,52
7865782.0,50,55
7865790.0,49,51
7865832.0,60,71
7865834.0,39,64
7865834.0,51,48
7865986.0,49,48
7865995.0,48,49
7866108.0,39,65
7866123.0,46,54
7866147.0,50,50
7866171.0,45,50
7866188.0,47,54
7866204.0,50,46
7866206.0,50,54
7866226.0,38,50
7866310.0,54,99
7866335.0,41,61
7866374.0,42,47
7866421.0,40,47
7866437.0,43,45
7866483.0,46,46
7866572.0,47,50
7866576.0,44,45
7866617.0,50,46
7866641.0,36,52
7866674.0,46,47
7866698.0,52,47
7866715.0,60,71
7866751.0,38,49
7866768.0,50,47
7866788.0,44,44
7866789.0,50,54
7866802.0,46,58
7866836.0,50,45
7866842.0,30,63
7866904.0,44,45
7866922.0,42,47
7866948.0,46,51
7866969.0,49,56
7866975.0,49,51
7867055.0,46,43
7867063.0,45,44
7867069.0,48,45
7867072.0,39,49
7867083.0,37,51
7867093.0,47,49
7867109.0,41,43
7867167.0,60,71
7867223.0,43,47
7867271.0,47,54
7867297.0,44,46
7867300.0,48,48
7867301.0,45,59
7867316.0,49,46
7867320.0,48,52
7867333.0,42,49
7867345.0,51,49
7867350.0,47,46
7867373.0,44,48
7867382.0,47,45
7867383.0,42,43
7867386.0,37,51
7867452.0,41,43
7867453.0,42,47
7867458.0,49,53
7867465.0,48,57
7867469.0,49,47
7867518.0,36,52
7867547.0,52,47
7867565.0,51,46
7867639.0,47,55
7867644.0,43,47
7867647.0,45,45
7867649.0,50,54
7867668.0,43,46
7867692.0,50,50
7867757.0,46,43
7867775.0,55,87
7867784.0,47,53
7867796.0,42,43
7867844.0,37,52
7867905.0,49,54
7867924.0,36,52
7867929.0,45,47
7867947.0,49,53
7868080.0,42,44
7868194.0,48,49
7868218.0,36,54
7868265.0,49,56
7868337.0,46,44
7868374.0,42,47
7868430.0,45,55
7868457.0,51,49
7868481.0,41,46
7868532.0,45,44
7868559.0,42,44
7868590.0,48,44
7868643.0,38,51
7868696.0,48,51
7868778.0,44,44
7868917.0,52,48
7868929.0,45,48
7868952.0,46,50
7869006.0,37,52
7869070.0,43,44
7869093.0,51,46
7869142.0,48,57
7869172.0,45,57
7869232.0,49,53
7869263.0,49,48
7869279.0,49,47
7869284.0,75,57
7869289.0,50,46
7869298.0,50,51
7869302.0,49,44
7869315.0,49,52
7869317.0,48,54
7869335.0,36,55
7869351.0,39,50
7869493.0,43,44
7869500.0,52,47
7869562.0,41,49
7869568.0,51,45
7869589.0,75,57
7869603.0,45,57
7869757.0,47,43
7869782.0,49,48
7869801.0,48,53
7869803.0,48,48
7869832.0,42,48
7869836.0,53,78
7869861.0,46,48
7869862.0,52,48
7869887.0,50,47
7869967.0,49,53
7869978.0,45,44
7869983.0,71,91
7870091.0,43,46
7870106.0,48,49
7870111.0,46,47
7870119.0,42,45
7870135.0,50,48
7870137.0,51,44
7870153.0,46,46
7870155.0,51,50
7870180.0,49,49
7870190.0,43,44
7870205.0,46,55
7870225.0,43,43
7870286.0,40,44
7870346.0,46,48
7870356.0,49,45
7870360.0,37,52
7870498.0,47,54
7870532.0,48,46
7870565.0,49,54
7870567.0,44,45
7870589.0,45,44
7870624.0,47,47
7870670.0,43,43
7870679.0,43,46
7870701.0,39,44
7870707.0,49,52
7870740.0,46,53
7870779.0,49,53
7870792.0,50,51
7870792.0,49,45
7870816.0,48,50
7870821.0,51,47
7870836.0,43,46
7870840.0,50,54
7870876.0,49,48
7870910.0,46,48
7870923.0,47,50
7871092.0,51,45
7871097.0,47,45
7871138.0,50,44
7871155.0,43,48
7871197.0,50,53
7871271.0,44,47
7871284.0,45,44
7871366.0,48,45
7871429.0,50,56
7871459.0,49,53
7871528.0,48,53
7871563.0,46,48
7871583.0,36,53
7871609.0,44,60
7871631.0,52,49
7871635.0,49,56
7871642.0,49,49
7871708.0,43,49
7871712.0,49,45
7871734.0,45,46
7871739.0,45,48
7871774.0,50,53
7871841.0,44,46
7871842.0,47,44
7871867.0,46,59
7871916.0,47,51
7871962.0,48,49
7871975.0,43,49
7872060.0,46,45
7872064.0,35,57
7872127.0,50,47
7872157.0,49,45
7872178.0,43,60
7872225.0,35,58
7872252.0,38,51
7872263.0,51,50
7872283.0,47,58
7872303.0,42,49
7872442.0,46,47
7872450.0,50,48
7872463.0,44,45
7872477.0,47,46
7872504.0,49,52
7872525.0,44,46
7872543.0,48,57
7872593.0,46,51
7872599.0,47,52
7872606.0,49,57
7872660.0,49,48
7872715.0,43,47
7872721.0,45,44
7872728.0,50,48
7872764.0,47,58
7872771.0,43,49
7872783.0,45,50
7872839.0,41,47
7872948.0,43,44
7872963.0,47,54
7873026.0,52,49
7873076.0,40,48
7873137.0,35,58
7873234.0,43,49
7873462.0,50,51
7873531.0,50,44
7873687.0,53,48
7873716.0,39,51
7873743.0,48,53
7873783.0,51,46
7873840.0,38,51
7873869.0,47,48
7873884.0,33,59
7873901.0,46,59
7873905.0,50,56
7873976.0,50,44
7874009.0,45,46
7874014.0,50,47
7874017.0,39,51
7874063.0,43,49
7874169.0,50,49
7874253.0,35,49
7874263.0,46,48
7874330.0,49,46
7874480.0,50,52
7874488.0,27,64
7874498.0,39,50
7874509.0,49,50
7874527.0,51,47
7874559.0,40,49
7874700.0,38,52
7874747.0,42,46
7874754.0,33,59
7874773.0,28,64
7874775.0,44,46
7874789.0,51,48
7874820.0,33,87
7874826.0,49,53
7874843.0,39,50
7874863.0,53,48
7874905.0,43,45
7874919.0,44,50
7874930.0,35,49
7874933.0,51,47
7874955.0,47,47
7874968.0,52,47
7875093.0,51,51
7875099.0,33,60
7875118.0,33,87
7875135.0,51,55
7875144.0,49,57
7875228.0,47,45
7875230.0,44,44
7875237.0,49,44
7875257.0,43,49
7875286.0,38,53
7875310.0,49,49
7875327.0,46,49
7875466.0,52,45
7875519.0,44,95
7875530.0,43,49
7875553.0,45,47
7875558.0,44,48
7875577.0,50,48
7875596.0,43,43
7875727.0,48,47
7875775.0,50,45
7875779.0,41,46
7875802.0,38,53
7875806.0,52,50
7875827.0,50,44
7875867.0,41,48
7875926.0,49,43
7875953.0,28,65
7875959.0,51,56
7875969.0,50,56
7875977.0,48,51
7875978.0,49,55
7875982.0,50,52
7875988.0,49,46
7876009.0,47,55
7876038.0,41,46
7876051.0,46,46
7876091.0,41,62
7876212.0,47,56
7876256.0,46,55
7876278.0,43,48
7876308.0,46,56
7876334.0,49,50
7876394.0,45,49
7876411.0,48,47
7876462.0,49,46
7876479.0,49,53
7876496.0,38,53
7876506.0,43,43
7876534.0,53,48
7876645.0,42,49
7876662.0,50,48
7876675.0,47,47
7876723.0,45,44
7876727.0,43,49
7876752.0,49,50
7876858.0,51,44
7876870.0,41,47
7876891.0,53,49
7876940.0,45,45
7877006.0,48,50
7877038.0,48,46
7877038.0,51,51
7877046.0,51,47
7877056.0,52,46
7877075.0,47,52
7877204.0,46,49
7877222.0,48,47
7877258.0,52,50
7877286.0,48,44
7877312.0,49,50
7877334.0,39,51
7877477.0,51,48
7877485.0,39,50
7877506.0,52,47
7877532.0,29,66
7877578.0,48,47
7877696.0,41,47
7877807.0,40,50
7877817.0,40,48
7877843.0,39,51
7877845.0,44,48
7877902.0,46,48
7877917.0,48,54
7877967.0,52,45
7878152.0,40,50
7878236.0,40,48
7878339.0,31,62
7878366.0,53,49
7878409.0,42,47
7878455.0,43,47
7878460.0,48,51
7878524.0,46,51
7878538.0,41,47
7878622.0,47,51
7878629.0,46,48
7878659.0,48,51
7878683.0,49,45
7878740.0,43,49
7878818.0,45,47
7878885.0,46,48
7878957.0,41,47
7878971.0,31,62
7879009.0,52,46
7879092.0,44,47
7879118.0,46,51
7879246.0,46,46
7879262.0,51,52
7879286.0,49,49
7879328.0,39,50
7879368.0,39,51
7879380.0,46,51
7879412.0,47,55
7879432.0,42,71
7879443.0,41,48
7879455.0,51,49
7879605.0,39,52
7879637.0,48,48
7879641.0,43,50
7879753.0,50,46
7879935.0,44,96
7879945.0,39,50
7879992.0,49,47
7880008.0,47,52
7880047.0,39,52
7880074.0,47,45
7880090.0,47,59
7880130.0,50,46
7880183.0,59,91
7880197.0,51,45
7880218.0,49,50
7880274.0,49,47
7880350.0,49,53
7880484.0,47,52
7880539.0,45,46
7880556.0,43,46
7880578.0,47,48
7880758.0,40,50
7880830.0,21,57
7880868.0,49,85
7880922.0,48,47
7881039.0,51,48
7881045.0,50,46
7881054.0,50,85
7881056.0,49,46
7881070.0,47,48
7881081.0,47,52
7881084.0,39,50
7881110.0,44,60
7881157.0,38,52
7881257.0,49,47
7881299.0,52,48
7881326.0,47,48
7881331.0,21,57
7881403.0,44,95
7881443.0,48,58
7881597.0,41,62
7881605.0,52,47
7881668.0,46,49
7881695.0,50,46
7881714.0,39,50
7881840.0,22,57
7881901.0,51,55
7881944.0,52,51
7882019.0,50,50
7882067.0,37,55
7882201.0,47,49
7882204.0,45,60
7882248.0,44,45
7882253.0,45,44
7882257.0,21,57
7882419.0,50,45
7882491.0,47,55
7882607.0,38,56
7882630.0,44,45
7882690.0,21,57
7882711.0,47,59
7882717.0,51,56
7882721.0,46,60
7882797.0,46,45
7882809.0,50,49
7882922.0,36,55
7882927.0,53,50
7882933.0,50,53
7882992.0,47,53
7883004.0,52,47
7883061.0,49,44
7883080.0,37,54
7883092.0,46,47
7883140.0,50,55
7883195.0,44,48
7883218.0,49,50
7883247.0,43,49
7883265.0,50,46
7883411.0,49,54
7883519.0,47,46
7883549.0,21,57
7883600.0,48,45
7883674.0,50,46
7883750.0,45,48
7883793.0,44,49
7883828.0,54,49
7883832.0,21,57
7883952.0,51,45
7883971.0,51,48
7883995.0,47,46
7884105.0,49,51
7884181.0,51,46
7884210.0,52,45
7884315.0,50,57
7884567.0,47,46
7884685.0,48,51
7884779.0,53,46
7884914.0,30,84
7885009.0,43,46
7885309.0,48,52
7885348.0,72,62
7885405.0,50,47
7885526.0,51,52
7885577.0,45,100
7885701.0,53,48
7885964.0,30,85
7886097.0,28,85
7886157.0,52,49
7886552.0,49,48
7886562.0,54,49
7886861.0,48,47
7886888.0,44,97
7886934.0,35,58
7886935.0,52,52
7886969.0,53,51
7887003.0,43,47
7887240.0,42,48
7887306.0,44,44
7887318.0,51,50
7887320.0,49,54
7887544.0,45,47
7887547.0,48,54
7887548.0,36,58
7887620.0,43,47
7887657.0,36,57
7887685.0,35,58
7887704.0,46,48
7887711.0,48,58
7887838.0,37,89
7887857.0,46,45
7887973.0,49,47
7888067.0,51,50
7888077.0,46,47
7888146.0,53,48
7888273.0,43,47
7888526.0,50,51
7888581.0,44,98
7888615.0,44,47
7888674.0,43,47
7888723.0,48,55
7888795.0,46,47
7888797.0,51,50
7888909.0,47,59
7888951.0,54,50
7889176.0,39,69
7889232.0,51,50
7889420.0,46,50
7889424.0,53,47
7889475.0,39,51
7889571.0,48,49
7889640.0,52,49
7889647.0,51,50
7889713.0,50,50
7889739.0,47,50
7889748.0,42,46
7889756.0,42,61
7889759.0,53,51
7889801.0,48,48
7889860.0,46,46
7889907.0,52,48
7889987.0,45,105
7889988.0,47,49
7889994.0,52,49
7889999.0,39,51
7890129.0,51,50
7890189.0,43,50
7890281.0,45,45
7890342.0,39,50
7890562.0,51,49
7890576.0,72,62
7890671.0,40,51
7890690.0,47,50
7890723.0,52,52
7890735.0,39,50
7890756.0,41,50
7890766.0,45,104
7890803.0,52,51
7890975.0,44,50
7890989.0,36,89
7891010.0,51,53
7891145.0,47,50
7891216.0,48,46
7891216.0,41,49
7891300.0,50,46
7891582.0,44,101
7891680.0,44,50
7891750.0,45,101
7891765.0,45,49
7891859.0,44,46
7891880.0,56,105
7891976.0,43,47
7892016.0,52,49
7892084.0,51,50
7892115.0,44,48
7892148.0,58,107
7892182.0,57,104
7892262.0,43,47
7892268.0,44,50
7892324.0,45,49
7892457.0,51,50
7892493.0,44,50
7892528.0,47,47
7892601.0,56,105
7892662.0,39,51
7892741.0,52,49
7892783.0,45,49
7892812.0,47,45
7892870.0,46,47
7893414.0,52,49
7893778.0,56,102
7893961.0,52,49
7894031.0,51,50
7894226.0,49,51
7894357.0,44,49
7894516.0,42,48
7894657.0,45,47
7894868.0,40,56
7894927.0,40,57
7895038.0,50,51
7895063.0,46,51
7896369.0,43,47
7897228.0,61,98
7897395.0,23,56
7897926.0,22,56
7899071.0,45,105
7899943.0,49,52
7900541.0,39,65
7901101.0,52,49
7901474.0,37,57
7901573.0,52,49
7902252.0,39,64
7902255.0,52,94
7902396.0,39,66
7902439.0,26,82
7903020.0,26,83
7903298.0,45,107
7903788.0,44,101
7904705.0,53,99
7905671.0,16,51
7905752.0,17,51
7906404.0,52,55
7906858.0,35,62
7907552.0,44,103
7907974.0,44,104
7908551.0,46,51
7908621.0,53,49
7908777.0,54,48
7908835.0,58,105
7909068.0,37,88
7909637.0,37,88
7910001.0,53,45
7910066.0,38,89
7911284.0,44,44
7911532.0,34,85
7911899.0,45,108
7912137.0,33,86
7912307.0,34,86
7912548.0,48,49
7912979.0,49,48
7913045.0,47,47
7913172.0,52,48
7913456.0,53,47
7913659.0,50,51
7913971.0,50,54
7913982.0,51,49
7914118.0,48,46
7914472.0,51,53
7914545.0,54,48
7915056.0,49,46
7915081.0,51,53
7915288.0,50,50
7915477.0,53,51
7915573.0,51,50
7915582.0,52,50
7915719.0,53,48
7915812.0,45,49
7916426.0,49,45
7916521.0,52,49
7916947.0,50,51
7917012.0,53,47
7917032.0,51,48
7917354.0,45,60
7917695.0,49,47
7917708.0,32,73
7918035.0,56,100
7918259.0,50,46
7918818.0,50,46
7918892.0,49,55
7919074.0,50,47
7919373.0,51,46
7919397.0,46,46
7919429.0,52,49
7919680.0,50,46
7919682.0,48,48
7919857.0,48,49
7919913.0,46,46
7919945.0,45,45
7920078.0,49,51
7920127.0,51,46
7920199.0,33,59
7920242.0,54,49
7920322.0,59,105
7920372.0,50,46
7920431.0,49,50
7920583.0,51,46
7920800.0,49,50
7920806.0,44,49
7920864.0,48,55
7920897.0,50,57
7920954.0,43,47
7921049.0,46,46
7921208.0,51,46
7921285.0,44,60
7921349.0,52,47
7921355.0,53,46
7921408.0,46,46
7921541.0,51,48
7921551.0,47,59
7921593.0,51,50
7921621.0,53,50
7921763.0,46,44
7921850.0,47,45
7921894.0,49,54
7922002.0,49,45
7922065.0,48,45
7922084.0,42,49
7922129.0,51,46
7922149.0,51,50
7922172.0,50,50
7922232.0,50,53
7922292.0,53,50
7922310.0,51,50
7922462.0,54,49
7922464.0,49,51
7922540.0,47,45
7922606.0,50,46
7922623.0,51,46
7922749.0,46,46
7922832.0,49,50
7922842.0,49,46
7922849.0,51,46
7922869.0,45,47
7923101.0,46,47
7923161.0,46,46
7923327.0,50,46
7923375.0,49,46
7923642.0,50,49
7923693.0,47,52
7923802.0,53,50
7923892.0,51,54
7923933.0,41,49
7924034.0,45,48
7924043.0,51,52
7924066.0,54,50
7924090.0,47,50
7924139.0,49,46
7924185.0,46,46
7924216.0,52,47
7924322.0,50,53
7924363.0,52,48
7924432.0,46,48
7924550.0,51,48
7924558.0,32,53
7924563.0,53,47
7924592.0,51,52
7924647.0,43,46
7924661.0,46,46
7924850.0,47,46
7924926.0,44,48
7924979.0,50,55
7925067.0,52,55
7925145.0,52,47
7925189.0,39,51
7925217.0,50,54
7925219.0,71,117
7925291.0,50,44
7925357.0,41,62
7925427.0,45,45
7925440.0,52,44
7925468.0,51,56
7925493.0,50,50
7925603.0,48,58
7925626.0,51,52
7925669.0,51,45
7925699.0,52,51
7925708.0,49,47
7925724.0,42,48
7925749.0,51,49
7925785.0,48,48
7925786.0,52,47
7925824.0,49,58
7925936.0,54,48
7925976.0,51,56
7926024.0,47,59
7926169.0,53,50
7926184.0,51,52
7926250.0,47,57
7926262.0,46,47
7926266.0,46,57
7926270.0,52,47
7926345.0,43,47
7926377.0,52,54
7926452.0,48,54
7926476.0,49,57
7926561.0,40,50
7926626.0,49,50
7926647.0,49,55
7926761.0,51,56
7926812.0,47,48
7926975.0,49,56
7927013.0,46,59
7927016.0,39,51
7927268.0,45,60
7927316.0,47,49
7927414.0,45,44
7927479.0,50,51
7927518.0,41,50
7927565.0,43,60
7927659.0,44,46
7927758.0,50,49
7927790.0,50,56
7927856.0,51,54
7927868.0,46,110
7927885.0,51,56
7927891.0,41,49
7927923.0,50,54
7927995.0,52,46
7928106.0,43,49
7928218.0,43,61
7928229.0,49,53
7928238.0,50,49
7928305.0,51,56
7928446.0,48,47
7928543.0,46,45
7928667.0,51,52
7928752.0,51,44
7928782.0,46,44
7928873.0,43,61
7928901.0,45,109
7928945.0,46,45
7928967.0,49,50
7928979.0,53,47
7928982.0,49,52
7929026.0,43,46
7929152.0,44,45
7929153.0,54,48
7929293.0,45,48
7929325.0,44,110
7929467.0,50,46
7929507.0,42,47
7929642.0,46,45
7930064.0,51,45
7930075.0,44,110
7930139.0,49,54
7930213.0,52,43
7930347.0,48,58
7930371.0,53,49
7930473.0,48,51
7930497.0,49,43
7930537.0,52,47
7930563.0,48,54
7930582.0,46,46
7930645.0,49,49
7930693.0,50,44
7930694.0,54,49
7930696.0,49,50
7930724.0,46,49
7930765.0,44,110
7930844.0,49,45
7930871.0,45,46
7930914.0,52,46
7930932.0,49,57
7931011.0,53,49
7931069.0,52,44
7931130.0,42,48
7931138.0,49,53
7931168.0,50,57
7931346.0,49,51
7931391.0,51,47
7931447.0,50,48
7931476.0,53,49
7931535.0,51,48
7931555.0,48,50
7931601.0,46,44
7931633.0,49,57
7931773.0,52,50
7931868.0,50,45
7931902.0,49,57
7931944.0,44,47
7931968.0,50,57
7932002.0,52,43
7932031.0,47,45
7932082.0,48,55
7932124.0,48,52
7932187.0,51,51
7932213.0,53,49
7932266.0,52,47
7932281.0,48,44
7932317.0,46,59
7932404.0,51,51
7932514.0,39,51
7932571.0,48,52
7932683.0,50,49
7932745.0,45,44
7932787.0,50,57
7932841.0,51,49
7932926.0,48,52
7932938.0,39,65
7932992.0,41,48
7933115.0,51,44
7933172.0,50,56
7933211.0,45,47
7933288.0,38,52
7933322.0,43,46
7933352.0,35,50
7933413.0,48,48
7933444.0,35,61
7933482.0,42,47
7933551.0,49,47
7933575.0,26,75
7933604.0,50,57
7933648.0,46,46
7933677.0,53,49
7933688.0,50,50
7933693.0,50,52
7933711.0,48,46
7933753.0,46,48
7933781.0,48,56
7933788.0,45,59
7933843.0,47,47
7933856.0,51,53
7933903.0,52,45
7933907.0,26,75
7934042.0,46,49
7934045.0,40,50
7934070.0,42,46
7934117.0,50,57
7934118.0,52,48
7934148.0,51,48
7934188.0,49,53
7934204.0,45,43
7934210.0,48,53
7934377.0,53,49
7934539.0,50,53
7934558.0,43,45
7934576.0,44,45
7934588.0,38,65
7934653.0,50,57
7934680.0,42,60
7934709.0,44,44
7934734.0,41,59
7934823.0,39,50
7934889.0,49,45
7934902.0,50,45
7934963.0,51,55
7935086.0,48,57
7935108.0,47,48
7935208.0,45,45
7935313.0,53,45
7935337.0,50,55
7935339.0,53,48
7935342.0,48,44
7935387.0,45,49
7935524.0,49,52
7935624.0,52,54
7935642.0,51,50
7935653.0,49,50
7935776.0,51,46
7935793.0,41,61
7935813.0,49,45
7935825.0,51,53
7935842.0,47,44
7935956.0,49,46
7936022.0,52,49
7936122.0,40,49
7936126.0,46,44
7936185.0,50,44
7936221.0,47,56
7936292.0,38,53
7936322.0,53,49
7936331.0,41,61
7936397.0,49,54
7936420.0,36,55
7936425.0,51,51
7936467.0,48,47
7936506.0,43,45
7936535.0,43,49
7936541.0,50,53
7936562.0,44,48
7936595.0,51,43
7936668.0,45,43
7936831.0,52,46
7936841.0,48,50
7936842.0,48,43
7936934.0,51,47
7936984.0,40,61
7937003.0,50,51
7937059.0,44,46
7937097.0,48,57
7937164.0,45,59
7937173.0,53,46
7937209.0,44,44
7937224.0,75,55
7937358.0,52,44
7937430.0,43,48
7937519.0,48,53
7937531.0,39,61
7937581.0,46,58
7937591.0,42,46
7937768.0,46,45
7937775.0,47,44
7937838.0,49,48
7937845.0,45,59
7937848.0,48,49
7937859.0,45,46
7937932.0,47,50
7937963.0,43,48
7937976.0,48,43
7938092.0,39,53
7938263.0,51,50
7938272.0,49,53
7938304.0,50,47
7938316.0,41,62
7938667.0,53,95
7938675.0,50,47
7938741.0,38,89
7938768.0,48,45
7938846.0,50,48
7938860.0,53,47
7938891.0,51,50
7938945.0,51,48
7939044.0,48,51
7939086.0,49,45
7939156.0,51,45
7939161.0,41,47
7939186.0,50,55
7939286.0,45,45
7939287.0,39,90
7939300.0,51,53
7939382.0,48,46
7939466.0,49,44
7939609.0,48,54
7939614.0,44,46
7939651.0,48,50
7939656.0,49,52
7939678.0,37,54
7939687.0,44,59
7939722.0,50,47
7939734.0,50,53
7939831.0,52,49
7939831.0,47,55
7939855.0,50,51
7939905.0,47,46
7940047.0,41,48
7940089.0,49,49
7940108.0,52,48
7940201.0,39,52
7940206.0,45,47
7940306.0,53,47
7940375.0,52,49
7940414.0,53,48
7940433.0,50,51
7940463.0,51,50
7940482.0,39,50
7940482.0,44,47
7940510.0,50,47
7940521.0,38,52
7940580.0,44,43
7940582.0,37,53
7940603.0,49,53
7940670.0,50,43
7940730.0,43,48
7940932.0,43,59
7940995.0,51,50
7941038.0,50,44
7941050.0,46,47
7941117.0,42,47
7941187.0,53,48
7941270.0,45,44
7941299.0,45,48
7941313.0,46,44
7941329.0,51,50
7941364.0,50,51
7941402.0,48,55
7941435.0,51,49
7941485.0,46,45
7941490.0,52,46
7941500.0,45,49
7941509.0,47,43
7941514.0,42,60
7941536.0,51,46
7941669.0,42,45
7941760.0,40,48
7941787.0,50,46
7941957.0,48,52
7941994.0,45,45
7942072.0,52,48
7942077.0,43,47
7942101.0,53,46
7942147.0,50,46
7942210.0,49,47
7942266.0,49,43
7942288.0,51,50
7942406.0,49,44
7942468.0,41,47
7942513.0,49,47
7942541.0,44,43
7942590.0,49,43
7942625.0,51,47
7942629.0,48,44
7942631.0,49,51
7942709.0,47,53
7942774.0,50,46
7942822.0,50,52
7942865.0,43,44
7942872.0,18,60
7942972.0,49,48
7943113.0,49,47
7943160.0,51,49
7943168.0,44,46
7943199.0,44,45
7943251.0,48,48
7943275.0,45,58
7943284.0,37,52
7943289.0,47,57
7943310.0,50,47
7943327.0,49,47
7943349.0,48,56
7943389.0,49,56
7943403.0,48,49
7943436.0,50,50
7943565.0,47,50
7943573.0,51,49
7943608.0,51,53
7943609.0,41,49
7943616.0,40,49
7943685.0,39,49
7943729.0,49,57
7943747.0,46,44
7943754.0,46,53
7943852.0,51,52
7943949.0,42,45
7944082.0,47,49
7944167.0,51,54
7944172.0,43,59
7944290.0,46,53
7944322.0,43,43
7944341.0,46,48
7944348.0,50,54
7944356.0,48,45
7944360.0,33,62
7944364.0,49,51
7944389.0,40,62
7944402.0,36,53
7944421.0,45,43
7944446.0,39,54
7944482.0,51,49
7944580.0,42,59
7944581.0,39,64
7944691.0,52,49
7944753.0,45,46
7944828.0,47,45
7944870.0,52,48
7944922.0,51,49
7945006.0,45,43
7945055.0,46,47
7945113.0,31,62
7945134.0,52,55
7945139.0,41,46
7945183.0,49,55
7945215.0,47,47
7945236.0,43,46
7945260.0,36,53
7945304.0,47,45
7945312.0,48,56
7945334.0,42,59
7945337.0,48,53
7945353.0,47,46
7945354.0,49,48
7945374.0,52,48
7945381.0,48,52
7945388.0,40,48
7945443.0,46,46
7945452.0,43,46
7945459.0,42,48
7945468.0,51,53
7945472.0,52,49
7945485.0,50,46
7945548.0,43,48
7945555.0,51,46
7945584.0,51,49
7945704.0,50,52
7945726.0,51,48
7945727.0,42,59
7945732.0,44,46
7945770.0,51,53
7945828.0,50,50
7945897.0,39,49
7945934.0,47,53
7945952.0,51,49
7945977.0,48,56
7946077.0,43,47
7946234.0,47,57
7946255.0,51,44
7946378.0,36,56
7946380.0,49,53
7946395.0,43,46
7946409.0,42,46
7946414.0,44,47
7946446.0,44,58
7946451.0,50,42
7946526.0,38,50
7946683.0,50,47
7946687.0,49,46
7946754.0,43,46
7946779.0,40,47
7946860.0,49,43
7946945.0,39,51
7946946.0,49,44
7946961.0,52,46
7947032.0,48,56
7947061.0,49,55
7947104.0,51,45
7947116.0,49,52
7947131.0,45,45
7947164.0,51,53
7947197.0,47,52
7947218.0,49,51
7947236.0,48,46
7947249.0,52,47
7947263.0,48,56
7947265.0,36,55
7947274.0,41,46
7947284.0,51,43
7947350.0,41,59
7947405.0,46,57
7947433.0,42,45
7947513.0,51,48
7947521.0,44,59
7947530.0,48,43
7947737.0,46,43
7947761.0,45,47
7947815.0,52,49
7947840.0,44,44
7947910.0,42,59
7947932.0,50,46
7947955.0,47,56
7947980.0,42,44
7947997.0,48,47
7948014.0,45,44
7948028.0,42,47
7948046.0,35,57
7948191.0,44,44
7948199.0,45,47
7948213.0,42,59
7948225.0,48,47
7948253.0,40,60
7948262.0,49,47
7948324.0,47,56
7948333.0,53,99
7948383.0,47,44
7948457.0,44,45
7948457.0,39,60
7948487.0,50,49
7948526.0,50,44
7948601.0,46,45
7948607.0,43,47
7948624.0,47,44
7948676.0,49,42
7948738.0,43,45
7948758.0,40,50
7948876.0,48,51
7948912.0,45,58
7948923.0,44,44
7948940.0,50,52
7948965.0,43,58
7948984.0,49,46
7949060.0,50,53
7949087.0,47,48
7949108.0,47,42
7949109.0,44,48
7949138.0,49,52
7949170.0,48,51
7949174.0,50,42
7949191.0,52,46
7949213.0,48,55
7949238.0,44,44
7949255.0,43,58
7949255.0,42,48
7949262.0,41,61
7949410.0,49,50
7949433.0,46,49
7949468.0,36,54
7949502.0,41,45
7949540.0,48,55
7949545.0,44,48
7949636.0,47,49
7949687.0,39,50
7949720.0,48,47
7949824.0,46,57
7949902.0,48,44
7949914.0,40,47
7949998.0,49,43
7950014.0,49,46
7950046.0,44,58
7950073.0,46,49
7950080.0,48,51
7950093.0,51,54
7950135.0,48,48
7950187.0,48,52
7950191.0,50,55
7950204.0,48,55
7950225.0,52,45
7950279.0,44,48
7950401.0,34,58
7950404.0,48,54
7950421.0,48,51
7950464.0,51,54
7950480.0,48,46
7950532.0,44,48
7950533.0,47,54
7950560.0,42,59
7950634.0,48,53
7950650.0,49,46
7950695.0,44,45
7950703.0,44,43
7950713.0,50,45
7950731.0,50,49
7950742.0,47,52
7950745.0,43,46
7950775.0,50,51
7950808.0,45,54
7950810.0,49,45
7950821.0,50,46
7950875.0,49,46
7950909.0,51,44
7950954.0,27,84
7951031.0,40,48
7951054.0,39,49
7951121.0,46,49
7951169.0,41,60
7951180.0,50,49
7951194.0,37,53
7951261.0,48,43
7951357.0,48,49
7951370.0,37,52
7951408.0,51,52
7951443.0,47,45
7951488.0,45,46
7951602.0,50,53
7951613.0,46,46
7951624.0,45,48
7951629.0,38,51
7951657.0,51,47
7951702.0,40,46
7951755.0,45,57
7951782.0,42,46
7951791.0,48,47
7951795.0,49,46
7951839.0,50,48
7951865.0,46,55
7951872.0,49,54
7951945.0,50,43
7951954.0,46,49
7951983.0,48,43
7951997.0,43,58
7952028.0,46,52
7952051.0,46,47
7952154.0,45,43
7952159.0,27,84
7952164.0,49,42
7952167.0,48,51
7952169.0,45,83
7952170.0,48,43
7952174.0,51,47
7952253.0,47,56
7952346.0,43,59
7952388.0,43,58
7952427.0,50,49
7952439.0,47,53
7952471.0,40,59
7952499.0,39,48
7952613.0,38,50
7952621.0,42,61
7952638.0,46,50
7952711.0,50,51
7952712.0,48,55
7952719.0,49,51
7952734.0,39,59
7952751.0,75,55
7952789.0,48,52
7952793.0,44,47
7952819.0,51,46
7952841.0,49,47
7952845.0,48,51
7952852.0,41,44
7952862.0,37,51
7952900.0,40,61
7952902.0,43,59
7952917.0,50,42
7952946.0,51,47
7953016.0,48,47
7953042.0,43,44
7953047.0,47,47
7953104.0,48,46
7953122.0,49,49
7953149.0,42,43
7953152.0,39,59
7953167.0,51,46
7953175.0,75,55
7953248.0,48,50
7953325.0,38,49
7953331.0,44,47
7953463.0,42,42
7953543.0,50,49
7953580.0,48,42
7953629.0,49,44
7953640.0,45,47
7953670.0,46,48
7953686.0,44,44
7953794.0,51,47
7953842.0,47,48
7953949.0,49,51
7953987.0,46,57
7954021.0,51,46
7954042.0,49,54
7954061.0,49,46
7954162.0,42,45
7954203.0,39,64
7954278.0,50,44
7954431.0,50,52
7954440.0,47,42
7954478.0,49,53
7954563.0,47,51
7954586.0,51,46
7954625.0,39,65
7954631.0,50,48
7954641.0,46,42
7954688.0,46,49
7954712.0,50,45
7954721.0,40,45
7954736.0,50,47
7954855.0,41,45
7954908.0,41,60
7955040.0,40,63
7955101.0,49,45
7955118.0,43,45
7955148.0,47,44
7955192.0,41,44
7955196.0,50,48
7955223.0,40,47
7955291.0,48,50
7955326.0,46,56
7955355.0,42,58
7955542.0,51,46
7955680.0,45,45
7955840.0,46,45
7955883.0,49,43
7955896.0,48,42
7955939.0,51,45
7956042.0,49,51
7956045.0,45,43
7956047.0,46,52
7956055.0,45,45
7956070.0,29,85
7956083.0,46,53
7956153.0,46,41
7956171.0,48,45
7956237.0,48,51
7956241.0,39,47
7956251.0,49,41
7956344.0,36,54
7956398.0,47,55
7956473.0,51,45
7956493.0,46,45
7956498.0,41,47
7956553.0,48,54
7956606.0,45,53
7956618.0,37,55
7956635.0,43,43
7956642.0,44,57
7956646.0,49,53
7956695.0,49,49
7956701.0,51,46
7956737.0,50,47
7956788.0,26,83
7956794.0,48,41
7956795.0,45,45
7956797.0,48,46
7956807.0,50,52
7956937.0,46,45
7956945.0,49,48
7956949.0,48,52
7956950.0,47,55
7956992.0,45,46
7957009.0,26,83
7957021.0,42,46
7957051.0,43,45
7957099.0,50,46
7957099.0,40,45
7957114.0,39,46
7957131.0,37,51
7957157.0,39,54
7957188.0,51,46
7957195.0,47,52
7957255.0,46,56
7957258.0,45,53
7957297.0,48,49
7957380.0,43,44
7957392.0,41,53
7957404.0,37,50
7957409.0,47,55
7957439.0,39,54
7957442.0,41,43
7957449.0,45,42
7957462.0,45,57
7957497.0,40,44
7957524.0,46,43
7957524.0,46,44
7957783.0,47,55
7957830.0,66,83
7957834.0,42,44
7957903.0,51,46
7957907.0,49,42
7957928.0,46,42
7958065.0,44,43
7958095.0,46,47
7958098.0,48,50
7958131.0,47,50
7958131.0,43,43
7958139.0,47,46
7958161.0,50,54
7958244.0,46,48
7958268.0,51,45
7958280.0,43,42
7958287.0,40,62
7958306.0,48,46
7958394.0,51,46
7958402.0,38,48
7958533.0,50,54
7958556.0,49,44
7958621.0,47,46
7958636.0,41,54
7958637.0,51,46
7958721.0,46,54
7958722.0,45,45
7958774.0,43,43
7958779.0,47,56
7958796.0,47,51
7958816.0,45,53
7958990.0,44,46
7959018.0,47,55
7959043.0,46,51
7959053.0,42,42
7959061.0,48,51
7959072.0,45,44
7959078.0,47,43
7959079.0,47,56
7959126.0,49,48
7959203.0,47,47
7959244.0,41,43
7959247.0,51,44
7959306.0,36,51
7959325.0,47,46
7959341.0,44,46
7959387.0,49,52
7959590.0,50,46
7959638.0,49,47
7959645.0,47,42
7959646.0,43,44
7959693.0,43,47
7959697.0,45,41
7959718.0,36,52
7959725.0,48,54
7959727.0,49,45
7959741.0,46,55
7959780.0,47,50
7959793.0,44,44
7959812.0,47,47
7959814.0,47,53
7959827.0,49,50
7959887.0,47,41
7959891.0,48,49
7959979.0,44,42
7960119.0,40,61
7960171.0,45,48
7960173.0,39,48
7960200.0,48,45
7960203.0,18,47
7960244.0,41,42
7960288.0,40,44
7960327.0,42,47
7960333.0,47,47
7960380.0,41,46
7960419.0,48,48
7960514.0,48,50
7960534.0,37,50
7960573.0,47,51
7960589.0,50,45
7960614.0,45,56
7960792.0,17,46
7960836.0,46,43
7960844.0,47,54
7960854.0,37,49
7960949.0,41,45
7960960.0,47,45
7961096.0,45,54
7961150.0,46,52
7961172.0,48,53
7961220.0,46,44
7961286.0,42,43
7961315.0,48,43
7961321.0,18,47
7961352.0,41,46
7961361.0,39,47
7961448.0,43,57
7961454.0,45,41
7961562.0,47,46
7961580.0,44,45
7961592.0,44,46
7961601.0,41,46
7961671.0,48,41
7961687.0,32,59
7961694.0,46,46
7961713.0,41,47
7961734.0,44,42
7961812.0,42,45
7961814.0,46,50
7961821.0,43,43
7961822.0,39,45
7961894.0,46,55
7961926.0,17,46
7961940.0,49,43
7961993.0,49,47
7962001.0,46,51
7962016.0,47,41
7962074.0,34,55
7962115.0,48,43
7962210.0,49,44
7962236.0,45,47
7962245.0,45,44
7962274.0,47,44
7962275.0,32,60
7962354.0,34,60
7962400.0,49,50
7962426.0,41,42
7962476.0,45,43
7962485.0,39,46
7962514.0,44,44
7962568.0,40,58
7962601.0,49,52
7962638.0,46,48
7962748.0,40,43
7962793.0,18,47
7962841.0,48,43
7962885.0,43,44
7962971.0,38,47
7963014.0,48,48
7963044.0,49,46
7963059.0,50,42
7963125.0,48,50
7963128.0,48,53
7963131.0,50,45
7963173.0,35,54
7963175.0,40,47
7963224.0,47,50
7963229.0,48,42
7963250.0,49,52
7963251.0,48,51
7963259.0,33,58
7963287.0,49,46
7963313.0,48,44
7963315.0,45,43
7963319.0,33,57
7963353.0,42,42
7963382.0,48,43
7963438.0,43,47
7963508.0,18,47
7963521.0,49,51
7963549.0,35,53
7963596.0,46,47
7963693.0,48,53
7963750.0,45,48
7963832.0,39,62
7963871.0,50,44
7963880.0,42,46
7963888.0,70,71
7963902.0,44,53
7963916.0,43,57
7963955.0,50,48
7963995.0,39,44
7964020.0,39,45
7964029.0,48,41
7964047.0,47,54
7964196.0,45,43
7964239.0,39,62
7964285.0,42,47
7964328.0,41,44
7964347.0,47,50
7964397.0,49,46
7964450.0,47,46
7964483.0,42,44
7964544.0,49,52
7964552.0,49,56
7964556.0,47,45
7964562.0,43,43
7964599.0,47,49
7964603.0,70,71
7964604.0,46,43
7964608.0,49,45
7964626.0,54,86
7964652.0,41,44
7964674.0,40,46
7964686.0,49,46
7964708.0,47,52
7964717.0,45,43
7964791.0,34,56
7964829.0,48,45
7964832.0,47,54
7964842.0,46,50
7964920.0,46,55
7964994.0,49,43
7965024.0,47,44
7965087.0,47,50
7965097.0,46,50
7965120.0,43,42
7965147.0,42,47
7965184.0,48,53
7965261.0,45,42
7965265.0,45,56
7965318.0,48,50
7965327.0,48,52
7965348.0,40,43
7965363.0,34,57
7965363.0,49,45
7965376.0,46,54
7965423.0,47,44
7965471.0,47,40
7965480.0,47,50
7965653.0,37,51
7965655.0,49,46
7965691.0,48,52
7965714.0,48,47
7965779.0,37,48
7965897.0,45,56
7965958.0,47,41
7965969.0,40,42
7965972.0,47,43
7965978.0,49,52
7966017.0,42,44
7966023.0,46,53
7966127.0,47,53
7966180.0,45,46
7966183.0,49,45
7966188.0,45,41
7966202.0,37,49
7966219.0,30,62
7966251.0,44,56
7966273.0,48,43
7966331.0,48,41
7966357.0,35,52
7966360.0,37,51
7966362.0,46,41
7966372.0,43,42
7966388.0,38,46
7966409.0,45,51
7966428.0,36,50
7966436.0,44,52
7966446.0,44,43
7966456.0,49,51
7966458.0,43,45
7966467.0,49,45
7966554.0,47,52
7966607.0,47,48
7966614.0,48,52
7966640.0,44,52
7966662.0,41,43
7966668.0,37,51
7966673.0,45,41
7966697.0,36,53
7966776.0,42,43
7966822.0,47,54
7966831.0,46,46
7966849.0,49,49
7966952.0,46,51
7967016.0,48,41
7967044.0,46,52
7967066.0,49,51
7967071.0,41,45
7967091.0,46,54
7967176.0,48,49
7967248.0,36,49
7967255.0,29,63
7967395.0,45,44
7967575.0,46,44
7967600.0,45,41
7967615.0,43,41
7967682.0,49,50
7967701.0,47,54
7967767.0,48,46
7967849.0,38,45
7967913.0,49,45
7967924.0,49,49
7967952.0,45,41
7967959.0,47,42
7967967.0,44,41
7968030.0,45,50
7968035.0,47,53
7968047.0,36,50
7968095.0,45,42
7968134.0,40,45
7968214.0,42,46
7968236.0,41,46
7968237.0,44,40
7968240.0,43,52
7968255.0,46,49
7968263.0,49,44
7968290.0,45,55
7968471.0,28,67
7968488.0,40,42
7968504.0,46,50
7968574.0,43,52
7968676.0,45,41
7968707.0,39,43
7968722.0,29,65
7968732.0,47,50
7968752.0,46,40
7968756.0,47,48
7968784.0,40,58
7968873.0,43,71
7968874.0,48,51
7968878.0,47,41
7968920.0,49,43
7968930.0,39,45
7968993.0,28,65
7969043.0,44,53
7969044.0,48,51
7969070.0,45,41
7969084.0,47,54
7969179.0,47,44
7969227.0,48,44
7969272.0,47,52
7969281.0,47,47
7969371.0,35,54
7969432.0,46,50
7969511.0,38,54
7969529.0,41,44
7969536.0,44,52
7969637.0,44,44
7969660.0,41,59
7969663.0,42,43
7969669.0,41,42
7969694.0,40,60
7969707.0,46,44
7969718.0,46,53
7969737.0,42,57
7969745.0,39,62
7969770.0,43,45
7969773.0,40,57
7969841.0,48,46
7969861.0,42,42
7969878.0,47,54
7969884.0,48,42
7969929.0,17,46
7969937.0,32,60
7969944.0,38,44
7969961.0,39,44
7970002.0,44,42
7970016.0,40,44
7970025.0,40,60
7970027.0,41,42
7970043.0,47,43
7970045.0,43,41
7970097.0,46,44
7970103.0,41,57
7970183.0,38,45
7970198.0,40,89
7970209.0,46,43
7970250.0,48,49
7970269.0,41,59
7970273.0,39,89
7970347.0,48,51
7970412.0,44,43
7970415.0,46,42
7970422.0,39,43
7970427.0,49,50
7970485.0,42,51
7970588.0,41,58
7970672.0,48,51
7970675.0,44,55
7970689.0,35,52
7970726.0,38,46
7970762.0,48,50
7970769.0,47,49
7970780.0,40,89
7970800.0,49,50
7970839.0,47,52
7970851.0,36,52
7970856.0,38,63
7970870.0,45,50
7970891.0,48,45
7970903.0,37,47
7970935.0,46,49
7970940.0,43,40
7970949.0,46,48
7970949.0,47,47
7970967.0,43,44
7970991.0,40,41
7971017.0,44,42
7971028.0,31,60
7971038.0,48,47
7971042.0,43,56
7971058.0,40,60
7971066.0,45,45
7971075.0,36,51
7971112.0,36,50
7971135.0,39,42
7971140.0,46,45
7971158.0,41,42
7971236.0,45,54
7971292.0,48,44
7971321.0,41,59
7971325.0,40,59
7971355.0,47,47
7971364.0,48,47
7971374.0,42,52
7971386.0,43,43
7971492.0,43,56
7971496.0,47,41
7971536.0,43,44
7971555.0,46,42
7971568.0,43,52
7971571.0,46,49
7971584.0,45,46
7971623.0,41,42
7971691.0,40,60
7971758.0,33,61
7971770.0,44,46
7971780.0,36,49
7971815.0,46,51
7971832.0,45,41
7971849.0,47,47
7971853.0,39,61
7971899.0,47,51
7971924.0,36,48
7971944.0,45,44
7971954.0,42,52
7971984.0,13,48
7972021.0,39,58
7972055.0,44,41
7972071.0,37,46
7972119.0,40,45
7972132.0,35,51
7972168.0,41,59
7972169.0,38,44
7972184.0,46,44
7972209.0,43,44
7972216.0,39,61
7972245.0,13,48
7972273.0,45,52
7972293.0,44,56
7972340.0,42,45
7972383.0,46,53
7972437.0,37,48
7972442.0,44,52
7972450.0,41,43
7972470.0,43,56
7972471.0,45,41
7972551.0,47,42
7972575.0,47,43
7972576.0,42,52
7972580.0,45,40
7972583.0,42,56
7972616.0,44,56
7972629.0,40,60
7972634.0,47,46
7972639.0,46,48
7972662.0,44,41
7972750.0,35,59
7972829.0,48,52
7972842.0,46,54
7972862.0,44,40
7972866.0,45,41
7972919.0,47,52
7973002.0,45,49
7973005.0,43,40
7973035.0,39,46
7973052.0,43,56
7973097.0,46,54
7973126.0,47,49
7973148.0,35,50
7973241.0,42,41
7973242.0,43,44
7973398.0,48,52
7973424.0,45,45
7973448.0,47,40
7973472.0,43,42
7973497.0,39,41
7973500.0,48,50
7973510.0,40,44
7973536.0,45,51
7973545.0,46,50
7973563.0,45,44
7973601.0,48,51
7973620.0,39,46
7973628.0,40,43
7973633.0,47,51
7973712.0,40,42
7973781.0,44,42
7973793.0,49,49
7973810.0,46,42
7973851.0,48,51
7973933.0,49,50
7973952.0,48,44
7973954.0,40,43
7973966.0,45,44
7974188.0,38,43
7974238.0,49,49
7974265.0,47,48
7974278.0,44,55
7974314.0,49,43
7974321.0,39,61
7974332.0,48,50
7974337.0,45,47
7974338.0,42,46
7974360.0,39,45
7974365.0,45,55
7974372.0,38,45
7974399.0,39,46
7974456.0,46,42
7974522.0,48,43
7974589.0,42,44
7974601.0,37,46
7974632.0,42,41
7974665.0,46,49
7974667.0,49,50
7974805.0,40,43
7974812.0,48,48
7974852.0,44,50
7974876.0,42,44
7974920.0,48,49
7975041.0,43,55
7975097.0,46,41
7975123.0,49,50
7975145.0,47,45
7975192.0,44,45
7975205.0,46,43
7975239.0,49,43
7975258.0,41,42
7975291.0,39,41
7975305.0,43,43
7975430.0,46,52
7975488.0,42,45
7975496.0,34,54
7975512.0,47,45
7975519.0,45,43
7975567.0,48,42
7975736.0,43,51
7975748.0,41,46
7975780.0,42,40
7975803.0,47,41
7975836.0,49,43
7975863.0,33,56
7975883.0,45,43
7975903.0,40,43
7975912.0,43,41
7975985.0,37,45
7975991.0,38,42
7975998.0,45,53
7976027.0,45,48
7976095.0,42,45
7976179.0,40,41
7976189.0,42,56
7976236.0,40,42
7976243.0,34,56
7976318.0,34,52
7976382.0,45,50
7976409.0,39,44
7976409.0,43,42
7976448.0,44,40
7976470.0,43,56
7976550.0,46,52
7976577.0,44,41
7976625.0,45,54
7976635.0,42,45
7976727.0,39,44
7976742.0,45,53
7976779.0,35,52
7976819.0,44,46
7976862.0,40,59
7976882.0,47,44
7976885.0,41,41
7976908.0,44,54
7976910.0,42,43
7976972.0,47,51
7977015.0,40,44
7977171.0,47,44
7977198.0,38,53
7977234.0,43,41
7977241.0,40,43
7977242.0,35,51
7977246.0,40,45
7977269.0,33,55
7977271.0,43,20
7977300.0,45,53
7977318.0,45,42
7977366.0,37,44
7977379.0,44,42
7977401.0,47,50
7977468.0,46,40
7977503.0,45,53
7977521.0,46,48
7977524.0,43,41
7977528.0,46,46
7977530.0,45,45
7977551.0,43,42
7977571.0,48,49
7977597.0,45,41
7977602.0,45,44
7977623.0,48,50
7977695.0,44,49
7977702.0,44,44
7977777.0,43,46
7977861.0,39,91
7977873.0,46,49
7977883.0,46,47
7977886.0,39,43
7977964.0,39,46
7977987.0,36,47
7978039.0,47,43
7978048.0,45,39
7978132.0,46,42
7978140.0,35,49
7978175.0,43,55
7978220.0,48,50
7978273.0,46,47
7978289.0,48,48
7978306.0,45,48
7978396.0,43,40
7978405.0,39,90
7978456.0,40,58
7978462.0,44,39
7978467.0,43,46
7978474.0,41,56
7978520.0,47,43
7978529.0,47,49
7978534.0,43,55
7978560.0,37,43
7978580.0,38,42
7978653.0,45,43
7978710.0,40,42
7978718.0,38,63
7978732.0,49,49
7978846.0,46,41
7978847.0,41,46
7978938.0,44,45
7978995.0,38,72
7979002.0,36,49
7979012.0,45,39
7979014.0,39,91
7979041.0,45,48
7979048.0,47,43
7979069.0,43,40
7979084.0,42,42
7979165.0,39,45
7979266.0,43,46
7979289.0,43,91
7979298.0,39,61
7979312.0,48,50
7979329.0,42,55
7979332.0,47,47
7979406.0,47,44
7979423.0,39,91
7979488.0,38,46
7979518.0,49,49
7979542.0,46,46
7979554.0,45,47
7979572.0,40,43
7979612.0,47,50
7979629.0,36,50
7979678.0,46,45
7979684.0,42,43
7979690.0,40,89
7979704.0,44,48
7979758.0,35,56
7979796.0,44,43
7979808.0,45,43
7979838.0,43,46
7979876.0,45,52
7979894.0,46,51
7979897.0,46,47
7979919.0,47,44
7979941.0,43,45
7979945.0,46,46
7980002.0,45,47
7980034.0,45,49
7980039.0,45,53
7980043.0,46,48
7980071.0,42,91
7980103.0,43,92
7980105.0,43,41
7980118.0,43,50
7980164.0,32,58
7980167.0,39,44
7980178.0,39,42
7980198.0,47,49
7980226.0,48,43
7980238.0,45,41
7980245.0,44,54
7980247.0,37,45
7980310.0,48,50
7980398.0,42,46
7980419.0,40,46
7980448.0,36,46
7980498.0,38,41
7980560.0,34,54
7980563.0,45,41
7980578.0,39,41
7980639.0,47,50
7980652.0,44,50
7980668.0,48,43
7980670.0,42,53
7980678.0,47,44
7980702.0,42,41
7980731.0,44,44
7980783.0,43,54
7980791.0,42,91
7980797.0,42,44
7980820.0,43,45
7980868.0,45,53
7980879.0,41,90
7980886.0,46,47
7980905.0,41,56
7980981.0,41,41
7981016.0,34,52
7981017.0,47,42
7981095.0,36,45
7981127.0,44,42
7981129.0,32,57
7981139.0,40,42
7981181.0,45,47
7981186.0,40,51
7981189.0,49,42
7981218.0,45,53
7981236.0,44,49
7981244.0,47,44
7981250.0,47,47
7981293.0,45,42
7981295.0,38,62
7981415.0,38,45
7981435.0,47,42
7981526.0,39,62
7981539.0,45,52
7981592.0,33,57
7981654.0,42,42
7981707.0,44,53
7981718.0,47,50
7981753.0,42,91
7981802.0,47,48
7981805.0,46,45
7981870.0,38,62
7981933.0,40,41
7981954.0,41,53
7981984.0,46,44
7982006.0,35,89
7982026.0,37,42
7982053.0,42,55
7982281.0,34,51
7982351.0,43,55
7982384.0,40,45
7982415.0,39,62
7982421.0,34,53
7982494.0,41,43
7982564.0,42,91
7982576.0,46,47
7982587.0,44,51
7982591.0,37,88
7982595.0,40,56
7982623.0,42,55
7982661.0,41,56
7982696.0,44,48
7982785.0,43,51
7982841.0,42,41
7982876.0,38,62
7982882.0,46,45
7982910.0,39,60
7982980.0,36,47
7983039.0,44,42
7983042.0,33,56
7983045.0,45,46
7983052.0,46,51
7983057.0,39,43
7983078.0,44,47
7983085.0,43,48
7983137.0,37,47
7983153.0,43,49
7983191.0,25,81
7983193.0,43,40
7983213.0,45,48
7983252.0,37,88
7983288.0,32,56
7983304.0,35,50
7983319.0,45,50
7983341.0,48,47
7983352.0,40,58
7983382.0,35,48
7983410.0,44,43
7983472.0,38,46
7983520.0,45,45
7983521.0,46,43
7983559.0,39,62
7983564.0,39,42
7983573.0,41,56
7983601.0,44,41
7983640.0,42,40
7983643.0,46,50
7983722.0,37,88
7983730.0,41,42
7983770.0,36,45
7983791.0,37,87
7983800.0,46,45
7983804.0,45,49
7983811.0,39,56
7983838.0,39,44
7983929.0,44,49
7983957.0,44,44
7983966.0,47,42
7983974.0,43,45
7983991.0,35,47
7984000.0,46,42
7984012.0,41,42
7984085.0,42,55
7984098.0,41,41
7984106.0,40,46
7984117.0,42,41
7984264.0,45,42
7984274.0,46,47
7984303.0,47,42
7984304.0,33,59
7984343.0,40,40
7984373.0,36,43
7984392.0,43,54
7984547.0,41,55
7984559.0,45,51
7984616.0,42,40
7984662.0,44,53
7984669.0,41,41
7984672.0,46,49
7984788.0,42,45
7984791.0,34,50
7984870.0,47,47
7984883.0,47,41
7984986.0,38,45
7985017.0,40,43
7985026.0,45,45
7985035.0,44,42
7985052.0,35,49
7985079.0,40,41
7985104.0,45,47
7985131.0,38,42
7985136.0,41,41
7985139.0,36,45
7985158.0,37,41
7985210.0,44,47
7985220.0,43,39
7985335.0,47,48
7985342.0,42,43
7985362.0,38,63
7985363.0,46,44
7985384.0,38,43
7985416.0,40,39
7985420.0,47,47
7985560.0,43,44
7985707.0,46,41
7985763.0,39,42
7985765.0,44,52
7985803.0,30,86
7985850.0,46,44
7985855.0,44,48
7985890.0,43,42
7985909.0,36,42
7986086.0,38,41
7986210.0,43,53
7986271.0,37,45
7986300.0,44,40
7986395.0,44,50
7986434.0,39,41
7986440.0,42,54
7986531.0,34,51
7986569.0,46,48
7986591.0,47,47
7986596.0,34,49
7986644.0,42,40
7986704.0,43,48
7986722.0,45,47
7986770.0,41,52
7986792.0,35,46
7986817.0,41,43
7986833.0,41,42
7986857.0,45,44
7986890.0,44,40
7986896.0,43,38
7986924.0,42,39
7986944.0,44,49
7987008.0,34,50
7987038.0,44,41
7987050.0,38,43
7987088.0,44,39
7987100.0,45,48
7987101.0,44,43
7987122.0,44,42
7987145.0,46,49
7987154.0,34,48
7987170.0,43,41
7987185.0,43,48
7987193.0,43,44
7987208.0,33,52
7987230.0,44,46
7987305.0,45,51
7987362.0,38,44
7987373.0,41,55
7987420.0,42,44
7987427.0,41,39
7987431.0,40,56
7987466.0,40,57
7987478.0,34,49
7987499.0,42,49
7987598.0,41,41
7987652.0,46,42
7987678.0,35,47
7987688.0,41,56
7987689.0,39,57
7987842.0,44,52
7987880.0,40,42
7987899.0,45,51
7987900.0,46,49
7987902.0,43,40
7987929.0,45,50
7987932.0,40,53
7987935.0,35,46
7988210.0,45,43
7988257.0,42,42
7988258.0,33,53
7988286.0,38,58
7988325.0,43,48
7988352.0,39,58
7988388.0,37,43
7988405.0,44,51
7988421.0,45,42
7988445.0,33,51
7988463.0,38,72
7988528.0,43,53
7988534.0,42,43
7988550.0,36,43
7988590.0,45,47
7988688.0,39,41
7988712.0,40,57
7988765.0,34,49
7988792.0,45,43
7988807.0,43,48
7988957.0,44,96
7988972.0,39,59
7988981.0,37,42
7989047.0,39,44
7989069.0,44,48
7989091.0,46,46
7989109.0,35,45
7989134.0,46,47
7989195.0,41,46
7989209.0,43,42
7989274.0,39,40
7989275.0,36,61
7989278.0,36,42
7989284.0,38,62
7989312.0,40,41
7989326.0,42,53
7989359.0,44,47
7989373.0,44,49
7989385.0,46,47
7989435.0,45,46
7989474.0,43,47
7989482.0,42,45
7989516.0,39,59
7989541.0,38,42
7989576.0,30,63
7989625.0,36,41
7989715.0,34,48
7989720.0,44,46
7989765.0,43,47
7989857.0,41,46
7989941.0,45,50
7990024.0,35,44
7990056.0,39,40
7990151.0,44,45
7990228.0,42,44
7990233.0,43,51
7990258.0,33,82
7990316.0,45,42
7990326.0,34,47
7990344.0,39,39
7990423.0,38,89
7990504.0,39,40
7990545.0,40,89
7990590.0,33,52
7990599.0,44,51
7990631.0,42,54
7990636.0,42,51
7990637.0,45,42
7990754.0,46,47
7990773.0,44,44
7990781.0,43,41
7990853.0,42,38
7990870.0,34,47
7990876.0,35,61
7990919.0,45,43
7990997.0,32,56
7991043.0,43,51
7991055.0,42,42
7991067.0,44,46
7991088.0,44,40
7991114.0,45,49
7991124.0,43,47
7991167.0,45,41
7991184.0,43,52
7991215.0,35,43
7991236.0,38,41
7991241.0,32,52
7991258.0,43,46
7991295.0,43,51
7991348.0,43,47
7991364.0,40,89
7991372.0,38,60
7991495.0,42,48
7991529.0,42,42
7991549.0,29,84
7991558.0,38,87
7991601.0,45,41
7991623.0,43,50
7991626.0,45,43
7991642.0,46,46
7991652.0,44,43
7991734.0,33,53
7991745.0,37,41
7991750.0,41,54
7991768.0,43,43
7991782.0,44,47
7992081.0,41,38
7992130.0,33,50
7992145.0,43,50
7992262.0,44,50
7992281.0,42,53
7992292.0,41,49
7992301.0,43,49
7992332.0,38,71
7992372.0,40,41
7992393.0,43,50
7992412.0,45,43
7992462.0,39,39
7992466.0,45,41
7992498.0,44,44
7992515.0,40,39
7992532.0,41,41
7992596.0,43,51
7992607.0,45,42
7992653.0,41,40
7992657.0,42,41
7992659.0,41,49
7992670.0,38,42
7992676.0,45,43
7992691.0,45,47
7992696.0,34,46
7992707.0,45,49
7992770.0,42,44
7992794.0,44,44
7992795.0,39,42
7992828.0,43,48
7992868.0,40,49
7992883.0,45,41
7992915.0,41,39
7992920.0,43,46
7992963.0,40,55
7992986.0,36,45
7992990.0,45,51
7993050.0,38,40
7993075.0,44,46
7993156.0,39,43
7993165.0,45,48
7993197.0,41,43
7993237.0,43,46
7993331.0,44,43
7993339.0,39,56
7993375.0,34,45
7993377.0,29,83
7993406.0,44,42
7993419.0,39,41
7993444.0,39,44
7993453.0,36,45
7993484.0,38,56
7993536.0,43,41
7993583.0,43,45
7993611.0,42,43
7993633.0,52,90
7993663.0,34,50
7993679.0,39,43
7993693.0,42,40
7993765.0,39,41
7993795.0,39,50
7993905.0,38,56
7993920.0,39,40
7993924.0,33,48
7993998.0,52,90
7994047.0,44,50
7994068.0,28,66
7994077.0,37,44
7994148.0,33,54
7994233.0,34,88
7994243.0,43,40
7994263.0,39,40
7994292.0,41,38
7994331.0,40,43
7994397.0,42,38
7994495.0,40,39
7994514.0,34,44
7994525.0,42,48
7994535.0,33,49
7994539.0,45,41
7994592.0,42,47
7994765.0,43,44
7994785.0,41,55
7994820.0,35,42
7994820.0,38,61
7994853.0,44,41
7994856.0,42,48
7994904.0,41,48
7994915.0,45,47
7994975.0,43,47
7994987.0,44,40
7995000.0,44,49
7995048.0,43,46
7995053.0,34,45
7995062.0,42,39
7995064.0,44,46
7995068.0,45,41
7995072.0,43,44
7995076.0,33,88
7995083.0,27,66
7995095.0,39,55
7995145.0,40,41
7995149.0,34,55
7995165.0,42,41
7995233.0,40,42
7995235.0,36,41
7995244.0,39,57
7995262.0,37,42
7995264.0,45,48
7995321.0,43,48
7995324.0,43,46
7995337.0,38,40
7995382.0,42,47
7995437.0,42,53
7995457.0,35,42
7995484.0,34,46
7995520.0,37,41
7995612.0,42,46
7995616.0,39,41
7995643.0,43,51
7995656.0,35,42
7995665.0,36,43
7995692.0,42,42
7995716.0,40,51
7995716.0,40,89
7995725.0,45,46
7995812.0,38,44
7995822.0,46,49
7995842.0,41,42
7995910.0,45,48
7995924.0,42,53
7995940.0,36,43
7995967.0,43,38
7995984.0,38,60
7996029.0,36,41
7996068.0,38,39
7996076.0,43,51
7996154.0,39,41
7996206.0,43,43
7996210.0,39,38
7996213.0,42,39
7996232.0,42,47
7996234.0,40,38
7996265.0,42,52
7996320.0,43,44
7996358.0,40,39
7996366.0,44,45
7996367.0,39,40
7996501.0,36,42
7996517.0,42,40
7996569.0,44,49
7996590.0,41,41
7996595.0,48,45
7996651.0,37,41
7996693.0,39,42
7996711.0,43,44
7996718.0,34,43
7996745.0,36,42
7996760.0,43,45
7996772.0,40,40
7996773.0,42,49
7996791.0,39,39
7996844.0,42,50
7996857.0,43,38
7996901.0,37,64
7996920.0,46,100
7996954.0,43,47
7996976.0,41,54
7997013.0,42,53
7997017.0,37,40
7997025.0,72,55
7997066.0,42,48
7997133.0,38,42
7997144.0,39,53
7997233.0,39,38
7997258.0,41,53
7997267.0,43,45
7997361.0,34,44
7997388.0,38,59
7997426.0,41,40
7997462.0,36,41
7997542.0,34,52
7997544.0,36,44
7997553.0,44,45
7997663.0,42,53
7997670.0,43,44
7997705.0,34,53
7997750.0,43,43
7997788.0,43,41
7997793.0,40,43
7997804.0,43,46
7997832.0,35,41
7997850.0,44,42
7997859.0,43,52
7997869.0,34,42
7997901.0,41,53
7997977.0,36,41
7997989.0,43,50
7997997.0,43,51
7998029.0,41,40
7998088.0,42,52
7998110.0,31,58
7998115.0,41,43
7998149.0,42,41
7998157.0,38,58
7998178.0,43,41
7998202.0,43,42
7998210.0,41,42
7998295.0,40,38
7998309.0,43,52
7998401.0,39,58
7998479.0,33,47
7998503.0,42,52
7998534.0,44,46
7998556.0,43,51
7998591.0,39,40
7998606.0,35,41
7998617.0,39,57
7998638.0,42,47
7998656.0,42,91
7998727.0,34,41
7998752.0,39,41
7998790.0,43,40
7998802.0,44,48
7998827.0,43,41
7998839.0,44,42
7998901.0,42,45
7998939.0,41,38
7998941.0,44,47
7998952.0,40,54
7998962.0,41,53
7998974.0,71,69
7999011.0,36,45
7999063.0,44,48
7999075.0,34,43
7999104.0,39,38
7999106.0,42,46
7999115.0,31,59
7999123.0,41,38
7999149.0,37,45
7999189.0,40,54
7999460.0,43,51
7999478.0,33,45
7999525.0,39,39
7999548.0,32,52
7999565.0,43,45
7999584.0,38,42
7999641.0,42,51
7999653.0,41,39
7999672.0,41,53
7999686.0,32,53
7999724.0,38,59
7999766.0,35,41
7999779.0,43,51
7999786.0,43,46
7999876.0,37,45
7999936.0,37,40
8000046.0,32,54
8000056.0,41,41
8000091.0,43,49
8000095.0,38,59
8000197.0,39,55
8000250.0,37,39
8000260.0,40,41
8000279.0,35,45
8000325.0,33,47
8000397.0,42,47
8000444.0,40,42
8000448.0,38,40
8000464.0,39,87
8000500.0,33,44
8000501.0,42,52
8000507.0,34,42
8000516.0,43,50
8000546.0,41,53
8000560.0,35,41
8000576.0,39,55
8000610.0,46,52
8000635.0,32,49
8000691.0,37,40
8000731.0,37,62
8000737.0,42,44
8000772.0,32,60
8000798.0,35,43
8000818.0,45,53
8000868.0,44,46
8000874.0,41,52
8000884.0,37,45
8000898.0,41,38
8000965.0,36,40
8000985.0,45,53
8001050.0,42,43
8001065.0,37,44
8001084.0,39,40
8001102.0,35,43
8001133.0,39,38
8001196.0,37,45
8001238.0,32,51
8001252.0,43,52
8001263.0,40,53
8001298.0,38,40
8001306.0,44,48
8001371.0,39,42
8001388.0,37,88
8001437.0,39,49
8001499.0,33,45
8001523.0,37,40
8001540.0,35,42
8001586.0,44,45
8001600.0,33,49
8001607.0,33,46
8001621.0,32,50
8001665.0,37,88
8001675.0,43,43
8001677.0,36,42
8001683.0,39,52
8001760.0,40,40
8001829.0,46,52
8001870.0,35,42
8001885.0,43,45
8001891.0,42,46
8001936.0,38,42
8001943.0,52,95
8002077.0,41,47
8002081.0,44,47
8002137.0,33,44
8002148.0,43,44
8002151.0,42,51
8002236.0,43,49
8002271.0,41,39
8002276.0,42,42
8002277.0,68,48
8002396.0,34,47
8002402.0,44,47
8002424.0,68,49
8002486.0,34,41
8002487.0,43,51
8002502.0,38,58
8002503.0,40,54
8002552.0,36,41
8002598.0,33,48
8002655.0,37,42
8002706.0,38,59
8002708.0,40,48
8002720.0,43,48
8002755.0,33,43
8002759.0,34,48
8002841.0,41,47
8002852.0,40,43
8002909.0,42,51
8002912.0,43,42
8002952.0,46,52
8002976.0,45,48
8002998.0,38,67
8003062.0,42,41
8003072.0,39,54
8003133.0,50,86
8003143.0,39,48
8003164.0,31,57
8003221.0,32,48
8003246.0,36,41
8003274.0,37,64
8003293.0,42,40
8003334.0,45,48
8003353.0,33,42
8003360.0,40,42
8003396.0,51,86
8003419.0,37,41
8003493.0,45,51
8003493.0,33,55
8003494.0,37,42
8003513.0,42,50
8003515.0,41,46
8003528.0,40,53
8003539.0,36,41
8003552.0,40,39
8003553.0,36,40
8003565.0,38,41
8003580.0,37,40
8003621.0,38,88
8003659.0,42,51
8003669.0,40,38
8003674.0,32,47
8003677.0,41,52
8003697.0,41,46
8003777.0,42,43
8003891.0,33,53
8003943.0,43,42
8003980.0,38,55
8003981.0,42,45
8004028.0,30,60
8004032.0,38,59
8004041.0,38,69
8004079.0,42,42
8004128.0,37,60
8004161.0,40,53
8004178.0,43,46
8004212.0,42,51
8004214.0,39,42
8004239.0,31,55
8004280.0,41,42
8004284.0,32,55
8004286.0,42,39
8004298.0,38,55
8004340.0,37,42
8004388.0,33,51
8004412.0,41,52
8004438.0,32,51
8004446.0,39,55
8004469.0,36,39
8004544.0,41,45
8004568.0,34,42
8004605.0,41,40
8004656.0,43,44
8004656.0,51,85
8004699.0,38,53
8004714.0,74,51
8004715.0,35,43
8004723.0,29,62
8004760.0,32,52
8004773.0,32,49
8004775.0,42,47
8004785.0,33,41
8004828.0,35,42
8004853.0,37,57
8004921.0,37,42
8004942.0,41,49
8004949.0,35,41
8004978.0,38,57
8005020.0,40,53
8005111.0,40,40
8005127.0,34,42
8005152.0,43,48
8005179.0,40,39
8005182.0,39,55
8005236.0,41,41
8005252.0,33,41
8005377.0,38,40
8005390.0,40,53
8005416.0,43,44
8005419.0,43,47
8005491.0,41,51
8005501.0,37,39
8005524.0,39,41
8005578.0,38,55
8005648.0,43,45
8005666.0,42,51
8005670.0,43,44
8005679.0,32,45
8005700.0,41,44
8005702.0,30,58
8005733.0,36,45
8005735.0,33,41
8005793.0,31,58
8005821.0,41,41
8005895.0,39,55
8005898.0,39,54
8005970.0,34,43
8006092.0,27,67
8006134.0,37,41
8006134.0,38,39
8006155.0,36,45
8006178.0,38,38
8006182.0,37,39
8006206.0,32,46
8006235.0,39,40
8006238.0,38,55
8006238.0,42,40
8006289.0,42,46
8006291.0,34,42
8006334.0,42,51
8006417.0,34,41
8006619.0,35,40
8006659.0,38,37
8006664.0,41,48
8006705.0,41,47
8006776.0,37,37
8006777.0,41,42
8006781.0,43,48
8006789.0,42,49
8006813.0,37,39
8006865.0,41,43
8006907.0,37,49
8006912.0,40,47
8006921.0,40,50
8006938.0,42,50
8006987.0,42,44
8007003.0,40,52
8007021.0,32,47
8007026.0,35,44
8007039.0,39,55
8007041.0,41,40
8007065.0,43,48
8007102.0,43,41
8007117.0,39,39
8007126.0,37,39
8007130.0,32,43
8007189.0,32,44
8007235.0,41,39
8007245.0,36,52
8007341.0,42,40
8007363.0,35,51
8007367.0,39,38
8007402.0,38,55
8007413.0,43,46
8007564.0,44,44
8007580.0,40,46
8007600.0,36,41
8007603.0,43,45
8007618.0,41,51
8007663.0,43,44
8007746.0,39,55
8007780.0,39,53
8007787.0,38,55
8007790.0,44,45
8007911.0,41,52
8007913.0,43,45
8007955.0,39,55
8007964.0,41,51
8007988.0,43,46
8008181.0,36,42
8008182.0,43,44
8008197.0,36,62
8008203.0,39,39
8008204.0,42,48
8008225.0,37,42
8008274.0,37,52
8008333.0,39,53
8008363.0,38,46
8008397.0,41,52
8008402.0,43,47
8008406.0,44,44
8008413.0,40,48
8008432.0,32,45
8008562.0,37,62
8008581.0,44,45
8008612.0,37,40
8008624.0,41,41
8008642.0,36,43
8008738.0,43,47
8008745.0,34,43
8008839.0,41,46
8008907.0,34,61
8008939.0,36,40
8008947.0,41,42
8008950.0,41,45
8008959.0,43,40
8009038.0,28,61
8009085.0,43,46
8009245.0,41,40
8009276.0,40,39
8009302.0,42,40
8009332.0,41,50
8009362.0,36,40
8009377.0,38,56
8009473.0,36,43
8009473.0,43,40
8009494.0,42,47
8009504.0,43,46
8009541.0,41,89
8009552.0,31,51
8009599.0,30,83
8009600.0,39,40
8009637.0,42,40
8009641.0,40,89
8009676.0,37,59
8009698.0,39,46
8009731.0,38,58
8009781.0,39,47
8009794.0,35,39
8009803.0,41,45
8009830.0,43,47
8009869.0,37,60
8009872.0,39,89
8009887.0,41,42
8009893.0,39,59
8009932.0,40,49
8009938.0,39,50
8009954.0,42,49
8010040.0,43,47
8010045.0,40,89
8010046.0,40,45
8010127.0,64,58
8010130.0,32,41
8010136.0,32,46
8010170.0,41,45
8010183.0,43,46
8010208.0,39,59
8010253.0,37,39
8010312.0,38,39
8010408.0,40,52
8010411.0,42,49
8010415.0,32,50
8010508.0,31,48
8010518.0,40,39
8010545.0,39,46
8010570.0,41,42
8010602.0,42,91
8010605.0,43,46
8010659.0,40,44
8010707.0,37,38
8010728.0,40,39
8010834.0,36,42
8010880.0,38,41
8010964.0,35,44
8010986.0,38,38
8010988.0,41,44
8011071.0,42,46
8011136.0,36,39
8011168.0,38,41
8011191.0,31,52
8011192.0,39,42
8011197.0,39,53
8011226.0,31,49
8011235.0,38,38
8011238.0,42,47
8011252.0,39,52
8011256.0,33,44
8011257.0,32,49
8011258.0,42,45
8011260.0,37,38
8011282.0,31,50
8011297.0,33,41
8011321.0,40,44
8011355.0,64,58
8011507.0,39,46
8011563.0,33,45
8011616.0,34,39
8011624.0,33,44
8011636.0,33,43
8011712.0,41,49
8011733.0,38,40
8011806.0,41,50
8011835.0,40,43
8011881.0,39,49
8011934.0,39,39
8011989.0,40,51
8011996.0,42,44
8012023.0,37,41
8012041.0,31,47
8012043.0,33,43
8012055.0,40,42
8012069.0,39,53
8012076.0,40,40
8012099.0,37,38
8012194.0,34,42
8012195.0,31,54
8012200.0,34,40
8012217.0,42,47
8012244.0,42,48
8012330.0,40,39
8012369.0,38,54
8012377.0,40,44
8012414.0,36,38
8012414.0,38,47
8012521.0,32,44
8012526.0,39,46
8012528.0,31,53
8012676.0,31,44
8012690.0,40,39
8012719.0,31,49
8012779.0,38,70
8012781.0,37,55
8012911.0,40,41
8012975.0,34,43
8013012.0,31,45
8013054.0,42,41
8013076.0,40,46
8013089.0,31,46
8013130.0,36,39
8013220.0,38,42
8013224.0,39,53
8013264.0,39,46
8013298.0,41,48
8013337.0,35,41
8013523.0,41,43
8013526.0,38,40
8013703.0,35,43
8013716.0,39,46
8013751.0,37,58
8013767.0,44,92
8013771.0,42,46
8013803.0,38,37
8013877.0,39,52
8013880.0,39,53
8013928.0,37,48
8013946.0,44,93
8013952.0,35,40
8014049.0,37,71
8014116.0,36,41
8014117.0,32,86
8014130.0,41,44
8014135.0,41,49
8014142.0,38,56
8014149.0,27,67
8014152.0,35,43
8014154.0,35,41
8014167.0,40,47
8014204.0,37,48
8014250.0,28,66
8014268.0,35,42
8014292.0,40,45
8014313.0,40,44
8014353.0,37,41
8014385.0,34,44
8014397.0,34,39
8014468.0,31,44
8014547.0,38,38
8014614.0,40,42
8014632.0,31,43
8014648.0,33,43
8014729.0,38,37
8014752.0,38,68
8014789.0,40,50
8014836.0,40,48
8014895.0,37,38
8014939.0,40,45
8014942.0,39,53
8014975.0,31,41
8015060.0,40,51
8015084.0,35,42
8015135.0,39,53
8015197.0,38,39
8015207.0,39,44
8015214.0,39,45
8015220.0,39,39
8015247.0,38,53
8015256.0,31,48
8015419.0,34,88
8015460.0,31,44
8015498.0,39,42
8015521.0,35,40
8015523.0,37,59
8015541.0,38,38
8015545.0,33,40
8015635.0,33,41
8015661.0,37,40
8015689.0,39,40
8015714.0,42,47
8015816.0,41,47
8015977.0,37,57
8015987.0,39,39
8016003.0,37,39
8016005.0,32,42
8016022.0,40,44
8016039.0,39,51
8016048.0,41,48
8016103.0,25,77
8016137.0,40,45
8016200.0,31,44
8016256.0,39,49
8016293.0,39,51
8016349.0,28,62
8016360.0,35,49
8016430.0,37,40
8016525.0,32,44
8016545.0,41,44
8016576.0,38,38
8016644.0,30,49
8016750.0,37,37
8016780.0,34,44
8016794.0,30,48
8016801.0,39,41
8016811.0,39,39
8016819.0,36,40
8016852.0,30,50
8016950.0,31,55
8017021.0,39,43
8017038.0,30,59
8017068.0,41,45
8017146.0,39,41
8017149.0,29,62
8017232.0,39,39
8017256.0,33,40
8017333.0,41,46
8017374.0,36,48
8017444.0,33,39
8017482.0,38,46
8017501.0,32,45
8017548.0,40,49
8017551.0,40,43
8017627.0,43,48
8017636.0,30,46
8017664.0,35,41
8017811.0,39,48
8017816.0,31,45
8017822.0,34,43
8017850.0,38,46
8017864.0,36,48
8017881.0,32,45
8017884.0,35,40
8017891.0,31,47
8017945.0,34,42
8017986.0,39,42
8018065.0,38,89
8018124.0,30,44
8018177.0,41,89
8018274.0,41,47
8018293.0,33,44
8018304.0,35,41
8018323.0,30,47
8018349.0,36,89
8018359.0,31,51
8018393.0,37,49
8018405.0,34,41
8018415.0,39,40
8018436.0,35,88
8018489.0,31,53
8018542.0,30,51
8018583.0,39,41
8018595.0,35,41
8018659.0,38,89
8018708.0,37,39
8018735.0,34,39
8018740.0,40,48
8018825.0,33,42
8018835.0,41,43
8018865.0,30,45
8018892.0,41,44
8018895.0,40,50
8018950.0,40,88
8018953.0,37,49
8019081.0,39,45
8019118.0,40,39
8019146.0,37,50
8019237.0,38,46
8019238.0,40,49
8019325.0,52,80
8019347.0,39,41
8019399.0,34,39
8019452.0,37,49
8019464.0,41,89
8019467.0,37,61
8019478.0,40,42
8019510.0,26,79
8019644.0,39,46
8019690.0,25,80
8019691.0,30,43
8019692.0,30,46
8019697.0,36,37
8019739.0,40,39
8019797.0,39,51
8019799.0,40,47
8019843.0,32,42
8019864.0,38,39
8019881.0,35,39
8019905.0,36,40
8019907.0,38,53
8020006.0,40,88
8020049.0,37,40
8020074.0,36,39
8020107.0,28,84
8020108.0,36,37
8020118.0,39,47
8020146.0,36,42
8020157.0,38,54
8020160.0,37,57
8020165.0,38,55
8020172.0,34,41
8020214.0,37,41
8020227.0,36,51
8020317.0,34,43
8020352.0,30,50
8020388.0,38,52
8020450.0,39,88
8020454.0,38,45
8020560.0,39,50
8020582.0,39,39
8020591.0,52,79
8020610.0,36,60
8020612.0,36,41
8020652.0,39,44
8020835.0,39,39
8020985.0,31,52
8021038.0,36,62
8021053.0,30,47
8021067.0,52,78
8021081.0,41,89
8021081.0,58,54
8021087.0,34,44
8021108.0,39,43
8021209.0,38,55
8021286.0,36,41
8021302.0,36,54
8021306.0,30,56
8021355.0,31,54
8021359.0,27,84
8021380.0,38,44
8021477.0,25,80
8021506.0,35,88
8021515.0,31,41
8021529.0,42,89
8021563.0,37,65
8021566.0,30,48
8021567.0,32,39
8021572.0,31,44
8021591.0,38,42
8021611.0,31,43
8021764.0,58,54
8021805.0,29,58
8021835.0,41,89
8021879.0,26,65
8021879.0,32,43
8021946.0,36,59
8021951.0,38,48
8021952.0,38,55
8021960.0,40,48
8021965.0,38,41
8021982.0,33,42
8021992.0,37,56
8022018.0,34,44
8022021.0,31,45
8022032.0,35,88
8022046.0,33,44
8022049.0,31,61
8022051.0,42,89
8022076.0,31,44
8022120.0,36,63
8022144.0,31,42
8022160.0,31,41
8022265.0,38,40
8022269.0,34,42
8022291.0,33,41
8022339.0,33,42
8022364.0,36,40
8022389.0,39,49
8022403.0,34,37
8022422.0,25,81
8022510.0,41,89
8022539.0,33,86
8022562.0,40,44
8022567.0,36,42
8022577.0,40,46
8022608.0,31,43
8022610.0,39,42
8022651.0,35,88
8022662.0,38,43
8022667.0,34,50
8022671.0,31,44
8022750.0,40,43
8022760.0,42,89
8022777.0,41,89
8022796.0,36,39
8022891.0,37,53
8022912.0,41,45
8022934.0,30,53
8022956.0,40,47
8022972.0,30,45
8022978.0,27,66
8023066.0,30,46
8023070.0,25,81
8023191.0,29,44
8023201.0,37,58
8023270.0,37,53
8023322.0,38,45
8023343.0,42,89
8023376.0,41,46
8023529.0,40,45
8023597.0,42,90
8023698.0,31,44
8023741.0,39,44
8023741.0,39,50
8023761.0,38,47
8023772.0,37,39
8023780.0,29,45
8023798.0,39,51
8023815.0,37,54
8023842.0,33,43
8023910.0,34,38
8023935.0,35,41
8023941.0,33,42
8023956.0,31,42
8023986.0,35,42
8024005.0,36,48
8024012.0,39,52
8024016.0,33,40
8024031.0,29,43
8024045.0,41,46
8024144.0,33,43
8024186.0,29,42
8024190.0,31,45
8024204.0,34,40
8024205.0,35,48
8024278.0,39,51
8024307.0,35,40
8024323.0,35,38
8024326.0,33,42
8024535.0,26,81
8024546.0,39,43
8024571.0,37,53
8024587.0,37,40
8024660.0,35,43
8024673.0,35,40
8024743.0,34,48
8024767.0,37,45
8024767.0,31,45
8024796.0,38,51
8024871.0,33,41
8024936.0,40,43
8024948.0,29,46
8025010.0,72,55
8025020.0,39,49
8025039.0,37,40
8025088.0,33,42
8025096.0,37,38
8025132.0,35,39
8025158.0,37,41
8025160.0,33,51
8025225.0,39,48
8025251.0,40,44
8025400.0,36,38
8025423.0,39,45
8025499.0,33,38
8025542.0,29,44
8025568.0,33,51
8025601.0,38,38
8025601.0,29,47
8025614.0,41,88
8025673.0,40,44
8025691.0,36,59
8025694.0,36,50
8025716.0,38,52
8025785.0,26,82
8025879.0,35,50
8025947.0,39,42
8025960.0,37,41
8026011.0,59,72
8026022.0,40,45
8026070.0,26,82
8026072.0,33,42
8026160.0,37,38
8026163.0,38,43
8026237.0,37,40
8026261.0,29,43
8026303.0,38,52
8026365.0,33,87
8026374.0,38,46
8026394.0,29,49
8026442.0,59,55
8026447.0,38,44
8026511.0,33,40
8026515.0,38,50
8026522.0,29,55
8026539.0,35,41
8026601.0,59,55
8026609.0,33,43
8026616.0,40,45
8026652.0,30,43
8026753.0,37,41
8026786.0,32,40
8026834.0,38,38
8026918.0,37,42
8026953.0,39,47
8027060.0,35,42
8027168.0,32,43
8027194.0,36,58
8027200.0,39,43
8027243.0,32,87
8027362.0,37,43
8027455.0,33,87
8027485.0,40,45
8027537.0,32,43
8027540.0,31,39
8027554.0,37,38
8027571.0,29,48
8027612.0,29,50
8027631.0,32,40
8027684.0,32,86
8027746.0,29,47
8027773.0,33,41
8027801.0,38,45
8027801.0,35,43
8027826.0,32,39
8027834.0,30,47
8027877.0,37,44
8027922.0,32,87
8027982.0,35,47
8028067.0,31,44
8028082.0,38,42
8028156.0,36,47
8028169.0,28,61
8028170.0,31,43
8028217.0,39,48
8028239.0,32,87
8028267.0,29,46
8028279.0,28,62
8028295.0,39,44
8028306.0,32,39
8028321.0,35,47
8028370.0,39,42
8028387.0,29,51
8028419.0,30,45
8028458.0,39,44
8028461.0,52,87
8028479.0,37,44
8028508.0,39,46
8028543.0,40,46
8028577.0,35,48
8028626.0,39,42
8028675.0,28,42
8028690.0,37,52
8028699.0,30,84
8028711.0,34,47
8028730.0,29,84
8028776.0,38,51
8028800.0,36,46
8028836.0,35,47
8028901.0,36,47
8028939.0,34,40
8028960.0,39,46
8028961.0,50,86
8029022.0,40,46
8029066.0,47,80
8029118.0,29,51
8029125.0,40,87
8029132.0,39,45
8029221.0,38,51
8029359.0,31,39
8029439.0,34,42
8029446.0,40,49
8029447.0,30,84
8029455.0,33,88
8029460.0,35,47
8029471.0,36,39
8029488.0,34,40
8029493.0,28,43
8029523.0,29,51
8029543.0,30,40
8029574.0,39,46
8029592.0,31,45
8029610.0,39,44
8029700.0,37,51
8029706.0,34,87
8029757.0,39,42
8029763.0,52,88
8029845.0,40,49
8029983.0,46,80
8029993.0,39,87
8029994.0,34,87
8030009.0,39,47
8030053.0,30,84
8030164.0,31,45
8030217.0,37,45
8030251.0,33,50
8030292.0,46,81
8030343.0,37,43
8030360.0,29,52
8030450.0,28,71
8030467.0,39,87
8030490.0,43,45
8030494.0,30,50
8030632.0,30,84
8030712.0,30,41
8030903.0,28,45
8030983.0,32,38
8030984.0,39,43
8031059.0,43,90
8031079.0,38,50
8031090.0,35,62
8031187.0,30,53
8031390.0,29,43
8031589.0,36,58
8031624.0,36,54
8031633.0,31,40
8031661.0,35,61
8031708.0,36,59
8031745.0,39,43
8031762.0,29,43
8031778.0,45,83
8031872.0,56,83
8031872.0,36,43
8031919.0,30,44
8031923.0,37,52
8031941.0,36,44
8031956.0,30,52
8031969.0,31,40
8031973.0,36,42
8032008.0,36,45
8032093.0,44,44
8032100.0,27,71
8032190.0,36,56
8032201.0,29,42
8032240.0,28,46
8032274.0,29,44
8032293.0,37,52
8032319.0,36,44
8032362.0,26,80
8032382.0,44,44
8032389.0,37,42
8032512.0,29,55
8032555.0,27,81
8032567.0,31,43
8032584.0,30,55
8032665.0,31,41
8032669.0,37,55
8032818.0,72,60
8032838.0,37,53
8032899.0,29,42
8032899.0,28,47
8032914.0,31,38
8032952.0,43,89
8032980.0,37,47
8032985.0,37,45
8033052.0,32,41
8033184.0,27,81
8033230.0,31,43
8033238.0,32,40
8033262.0,28,48
8033302.0,37,43
8033335.0,34,38
8033385.0,35,87
8033456.0,29,53
8033497.0,31,41
8033510.0,38,52
8033533.0,31,42
8033730.0,38,48
8033772.0,34,87
8033831.0,26,66
8033850.0,33,38
8033880.0,36,52
8033918.0,38,43
8033921.0,31,43
8033962.0,38,46
8033997.0,36,64
8034140.0,37,51
8034161.0,34,87
8034179.0,40,46
8034214.0,38,42
8034292.0,27,46
8034353.0,33,41
8034359.0,37,52
8034363.0,28,49
8034467.0,38,89
8034497.0,38,46
8034539.0,29,48
8034570.0,31,44
8034611.0,35,46
8034628.0,38,47
8034754.0,27,46
8034772.0,31,43
8034902.0,35,46
8034912.0,33,48
8034918.0,30,45
8034921.0,27,82
8034952.0,37,51
8035061.0,29,41
8035106.0,31,44
8035132.0,32,48
8035326.0,36,53
8035330.0,35,60
8035337.0,31,42
8035467.0,27,83
8035496.0,27,44
8035559.0,35,41
8035572.0,37,44
8035615.0,38,45
8035681.0,31,44
8035719.0,37,51
8035727.0,26,82
8035750.0,36,45
8035876.0,35,54
8035877.0,29,44
8036017.0,27,45
8036036.0,28,45
8036095.0,43,45
8036098.0,37,41
8036105.0,28,47
8036105.0,35,54
8036113.0,27,83
8036145.0,38,46
8036276.0,35,46
8036293.0,31,44
8036449.0,32,38
8036459.0,37,50
8036482.0,31,39
8036484.0,38,65
8036499.0,38,46
8036544.0,28,43
8036584.0,37,49
8036627.0,36,43
8036635.0,27,43
8036649.0,30,41
8036677.0,37,53
8036771.0,35,46
8036804.0,34,39
8036822.0,41,43
8036910.0,28,43
8036950.0,43,45
8036990.0,31,43
8036993.0,29,42
8037002.0,37,51
8037093.0,39,43
8037109.0,36,46
8037110.0,35,49
8037173.0,35,54
8037272.0,36,88
8037338.0,36,42
8037372.0,35,42
8037384.0,36,56
8037396.0,36,45
8037569.0,35,45
8037620.0,38,44
8037777.0,29,59
8037830.0,41,43
8037942.0,36,52
8038031.0,35,45
8038333.0,28,41
8038362.0,39,43
8038454.0,35,42
8038473.0,30,41
8038481.0,34,40
8038547.0,28,51
8038552.0,42,89
8038648.0,28,52
8038735.0,28,40
8038836.0,31,40
8038839.0,34,55
8038893.0,29,70
8039052.0,35,45
8039170.0,30,84
8039255.0,36,43
8039260.0,30,39
8039286.0,51,84
8039311.0,30,38
8039414.0,35,42
8039443.0,28,59
8039476.0,35,44
8039533.0,28,49
8039564.0,51,84
8039583.0,43,90
8039624.0,30,84
8039683.0,35,45
8039686.0,37,42
8039698.0,29,53
8039724.0,40,44
8039754.0,35,42
8039772.0,30,54
8039800.0,31,84
8039820.0,43,44
8039840.0,36,44
8039858.0,36,42
8039902.0,28,45
8039917.0,30,44
8040009.0,40,44
8040015.0,26,45
8040016.0,26,43
8040200.0,43,45
8040224.0,39,43
8040224.0,30,45
8040281.0,43,44
8040297.0,27,47
8040313.0,26,75
8040322.0,31,84
8040343.0,37,49
8040349.0,27,48
8040359.0,39,54
8040426.0,43,90
8040437.0,28,48
8040459.0,35,44
8040537.0,29,47
8040660.0,37,43
8040730.0,28,58
8040746.0,36,41
8040852.0,37,44
8040855.0,34,41
8040926.0,37,45
8040956.0,26,44
8040956.0,29,39
8040986.0,29,84
8041031.0,27,49
8041066.0,37,49
8041114.0,34,59
8041218.0,45,91
8041231.0,35,44
8041255.0,31,39
8041351.0,37,47
8041407.0,37,46
8041452.0,43,44
8041469.0,29,41
8041491.0,28,41
8041533.0,37,67
8041614.0,28,43
8041749.0,34,42
8041810.0,28,44
8041872.0,44,91
8041879.0,27,43
8041900.0,28,57
8041902.0,37,47
8042036.0,37,46
8042108.0,38,88
8042152.0,42,44
8042157.0,26,46
8042191.0,29,56
8042193.0,34,43
8042244.0,33,40
8042245.0,29,38
8042320.0,35,58
8042417.0,43,44
8042607.0,33,46
8042663.0,35,44
8042710.0,42,44
8042763.0,37,45
8042892.0,37,44
8042904.0,35,44
8042934.0,31,38
8042934.0,37,47
8042950.0,27,48
8042984.0,29,55
8043126.0,32,48
8043150.0,43,44
8043157.0,34,47
8043177.0,30,38
8043241.0,26,45
8043358.0,34,44
8043399.0,27,44
8043431.0,34,46
8043482.0,43,44
8043495.0,29,42
8043501.0,29,41
8043505.0,27,42
8043540.0,36,46
8043552.0,28,45
8043556.0,27,47
8043602.0,48,85
8043638.0,37,47
8043721.0,27,41
8043741.0,49,84
8043744.0,35,43
8043779.0,27,44
8043823.0,26,47
8043840.0,33,41
8043936.0,50,79
8044046.0,31,43
8044081.0,29,39
8044083.0,34,47
8044099.0,36,41
8044183.0,35,42
8044242.0,32,39
8044358.0,27,42
8044363.0,29,40
8044372.0,29,54
8044383.0,27,43
8044411.0,31,43
8044424.0,36,42
8044429.0,30,43
8044457.0,35,41
8044493.0,32,39
8044502.0,43,89
8044513.0,37,47
8044535.0,35,48
8044609.0,41,87
8044730.0,30,45
8044798.0,36,87
8044826.0,41,87
8044830.0,43,89
8044919.0,34,47
8044924.0,35,43
8044981.0,27,42
8044986.0,27,48
8045007.0,27,49
8045039.0,35,47
8045069.0,36,87
8045097.0,29,44
8045206.0,28,41
8045299.0,31,39
8045455.0,27,50
8045478.0,26,46
8045486.0,34,87
8045557.0,16,50
8045612.0,36,49
8045615.0,36,48
8045638.0,27,48
8045687.0,43,90
8045692.0,33,87
8045718.0,31,43
8045744.0,26,43
8045745.0,34,47
8045839.0,36,87
8045892.0,34,87
8045919.0,27,48
8045971.0,33,86
8045972.0,44,90
8045982.0,28,39
8046089.0,45,89
8046114.0,25,44
8046188.0,30,53
8046205.0,43,90
8046208.0,28,51
8046224.0,31,43
8046271.0,35,44
8046426.0,36,43
8046433.0,29,43
8046601.0,31,44
8046667.0,28,42
8046690.0,35,55
8046717.0,36,46
8046726.0,29,45
8046732.0,35,46
8046762.0,35,53
8046805.0,36,50
8046997.0,35,58
8047083.0,29,45
8047113.0,27,51
8047114.0,25,45
8047177.0,28,42
8047304.0,15,49
8047428.0,31,49
8047431.0,26,48
8047459.0,36,45
8047467.0,37,88
8047507.0,37,46
8047543.0,43,89
8047584.0,36,58
8047688.0,33,47
8047726.0,28,43
8047794.0,31,39
8047871.0,28,41
8047967.0,43,90
8047982.0,27,51
8048022.0,29,44
8048052.0,26,47
8048105.0,32,41
8048140.0,25,46
8048140.0,27,64
8048164.0,27,46
8048176.0,32,55
8048211.0,34,44
8048214.0,43,89
8048303.0,36,47
8048358.0,26,42
8048445.0,26,44
8048461.0,33,44
8048464.0,29,39
8048475.0,29,42
8048538.0,32,85
8048572.0,29,44
8048659.0,34,46
8048671.0,27,44
8048686.0,56,102
8048690.0,35,57
8048783.0,34,47
8048818.0,26,44
8048820.0,34,43
8048889.0,29,44
8048903.0,27,52
8048967.0,36,48
8048980.0,32,45
8049035.0,36,47
8049154.0,58,54
8049210.0,35,45
8049231.0,33,48
8049254.0,26,43
8049380.0,32,40
8049384.0,27,41
8049403.0,26,48
8049434.0,28,53
8049446.0,36,44
8049450.0,34,42
8049552.0,33,86
8049689.0,28,42
8049712.0,26,49
8049720.0,33,45
8049723.0,74,52
8049731.0,30,43
8049731.0,28,44
8049747.0,35,41
8049756.0,25,43
8049774.0,34,41
8049829.0,31,40
8049877.0,25,46
8049905.0,27,41
8049988.0,28,44
8050019.0,34,48
8050111.0,32,49
8050218.0,27,42
8050245.0,26,45
8050285.0,36,46
8050310.0,33,86
8050317.0,35,41
8050344.0,34,86
8050408.0,28,43
8050599.0,28,41
8050604.0,31,44
8050619.0,33,86
8050715.0,28,57
8050814.0,27,41
8051073.0,36,47
8051234.0,25,47
8051275.0,28,58
8051360.0,41,87
8051366.0,27,41
8051469.0,30,44
8051570.0,27,40
8051660.0,35,42
8051676.0,27,39
8051816.0,35,49
8051881.0,32,43
8051925.0,35,42
8052099.0,27,45
8052118.0,29,57
8052174.0,44,97
8052192.0,28,58
8052240.0,41,87
8052351.0,27,41
8052380.0,35,43
8052392.0,34,43
8052482.0,35,50
8052497.0,24,45
8052593.0,26,45
8052617.0,39,41
8052656.0,37,68
8052685.0,28,45
8052685.0,45,97
8052713.0,25,41
8052741.0,27,41
8052818.0,25,44
8052851.0,26,43
8052932.0,28,39
8052985.0,27,50
8052989.0,35,55
8052991.0,27,43
8053073.0,39,41
8053201.0,28,39
8053287.0,26,44
8053314.0,25,44
8053420.0,45,96
8053432.0,28,45
8053438.0,36,42
8053499.0,35,45
8053510.0,30,39
8053518.0,35,41
8053558.0,31,47
8053582.0,26,49
8053583.0,32,44
8053614.0,35,57
8053693.0,26,41
8053717.0,27,42
8053797.0,25,43
8053811.0,33,42
8053843.0,35,52
8053844.0,27,61
8053869.0,27,44
8053922.0,31,41
8053944.0,35,62
8054118.0,27,43
8054125.0,34,59
8054127.0,28,43
8054154.0,35,44
8054214.0,29,43
8054235.0,35,48
8054319.0,35,46
8054461.0,26,63
8054478.0,25,42
8054544.0,33,85
8054553.0,35,43
8054680.0,27,62
8054832.0,27,43
8054873.0,33,43
8054883.0,27,80
8054955.0,35,46
8054986.0,27,39
8054992.0,34,61
8055073.0,42,88
8055090.0,26,40
8055127.0,44,89
8055312.0,28,45
8055314.0,25,42
8055318.0,35,51
8055328.0,28,58
8055476.0,26,42
8055498.0,31,84
8055533.0,41,89
8055566.0,27,80
8055626.0,26,41
8055627.0,32,84
8055650.0,34,52
8055661.0,30,44
8055719.0,35,51
8055754.0,25,45
8055774.0,25,42
8055824.0,67,58
8055885.0,26,79
8055899.0,34,60
8056002.0,26,42
8056008.0,33,44
8056068.0,41,89
8056167.0,31,42
8056268.0,39,88
8056334.0,33,86
8056345.0,35,45
8056373.0,33,45
8056444.0,36,87
8056459.0,37,87
8056560.0,32,86
8056573.0,35,86
8056576.0,41,88
8056602.0,27,45
8056636.0,45,87
8056660.0,33,86
8056680.0,25,42
8056697.0,39,88
8056734.0,31,43
8056806.0,31,85
8056834.0,36,87
8056850.0,24,42
8056894.0,27,53
8056911.0,25,42
8057049.0,45,87
8057149.0,36,67
8057188.0,31,43
8057286.0,32,45
8057313.0,32,86
8057317.0,24,47
8057330.0,45,90
8057351.0,27,56
8057368.0,25,41
8057417.0,61,50
8057471.0,29,44
8057493.0,27,57
8057519.0,27,44
8057559.0,34,53
8057563.0,26,78
8057582.0,25,47
8057614.0,30,41
8057701.0,45,87
8057710.0,29,40
8057729.0,26,43
8057794.0,25,41
8057855.0,41,89
8057868.0,34,42
8057874.0,36,87
8057991.0,23,45
8058015.0,27,52
8058039.0,24,44
8058163.0,31,43
8058170.0,35,48
8058312.0,31,45
8058313.0,28,54
8058374.0,26,44
8058440.0,25,49
8058453.0,29,40
8058538.0,26,72
8058624.0,43,87
8058642.0,25,45
8058802.0,25,77
8058810.0,23,46
8058877.0,31,45
8058922.0,26,50
8059003.0,38,49
8059125.0,25,40
8059126.0,31,44
8059186.0,34,51
8059186.0,24,44
8059229.0,36,65
8059236.0,26,77
8059246.0,34,43
8059494.0,35,51
8059507.0,34,58
8059549.0,24,43
8059580.0,31,46
8059632.0,31,43
8059731.0,38,48
8059732.0,31,45
8059832.0,35,47
8059848.0,26,77
8059926.0,26,43
8059986.0,28,43
8059995.0,35,47
8059997.0,33,43
8060154.0,34,52
8060168.0,25,42
8060202.0,31,45
8060203.0,31,43
8060287.0,29,48
8060304.0,35,51
8060429.0,38,48
8060446.0,25,42
8060590.0,32,42
8060601.0,29,48
8060623.0,24,45
8060785.0,25,50
8060831.0,52,93
8060879.0,34,52
8060897.0,35,42
8060997.0,33,44
8061216.0,30,48
8061271.0,30,42
8061273.0,35,51
8061277.0,34,48
8061280.0,31,45
8061402.0,25,47
8061408.0,25,44
8061438.0,29,48
8061636.0,35,51
8061638.0,24,45
8061666.0,35,46
8061707.0,30,47
8061736.0,25,47
8061770.0,30,48
8061875.0,25,43
8061991.0,30,42
8062003.0,32,43
8062013.0,29,43
8062073.0,34,52
8062094.0,39,88
8062220.0,34,43
8062270.0,39,89
8062352.0,32,45
8062365.0,29,41
8062373.0,25,43
8062383.0,25,41
8062405.0,36,45
8062498.0,32,44
8062568.0,28,44
8062589.0,28,40
8062592.0,54,102
8062603.0,34,45
8062616.0,23,47
8062621.0,34,49
8062631.0,55,100
8062758.0,54,101
8062814.0,23,44
8062854.0,22,46
8062872.0,28,44
8062900.0,34,44
8062925.0,30,43
8062937.0,26,51
8062949.0,25,43
8062983.0,22,45
8063044.0,26,45
8063045.0,21,54
8063143.0,31,44
8063158.0,36,45
8063198.0,35,46
8063247.0,33,46
8063326.0,35,60
8063472.0,23,44
8063486.0,26,44
8063499.0,34,50
8063584.0,60,54
8063683.0,24,42
8063702.0,35,86
8063707.0,30,42
8063712.0,34,47
8063773.0,31,44
8063829.0,33,42
8063845.0,34,58
8063846.0,35,46
8063851.0,34,59
8063872.0,60,54
8063884.0,34,46
8063962.0,25,42
8063989.0,34,56
8064019.0,31,45
8064058.0,27,45
8064093.0,32,41
8064096.0,28,43
8064107.0,23,46
8064145.0,23,42
8064194.0,25,46
8064199.0,33,53
8064222.0,43,89
8064242.0,33,41
8064243.0,34,58
8064390.0,23,45
8064398.0,45,95
8064483.0,25,44
8064594.0,24,44
8064643.0,31,45
8064683.0,59,53
8064694.0,26,45
8064752.0,23,42
8064854.0,69,73
8064856.0,24,41
8064879.0,33,41
8064884.0,25,44
8064912.0,35,46
8064970.0,34,58
8064985.0,23,46
8064991.0,65,88
8065027.0,43,89
8065070.0,23,45
8065081.0,24,45
8065212.0,59,53
8065255.0,26,46
8065264.0,29,52
8065275.0,29,42
8065288.0,32,42
8065289.0,28,43
8065327.0,23,42
8065357.0,44,95
8065385.0,35,46
8065522.0,24,40
8065622.0,24,48
8065700.0,27,55
8065715.0,26,40
8065909.0,34,55
8066008.0,48,113
8066067.0,33,43
8066192.0,24,43
8066248.0,28,41
8066309.0,25,44
8066318.0,25,48
8066352.0,26,40
8066439.0,28,44
8066512.0,22,46
8066523.0,23,42
8066558.0,24,42
8066697.0,22,47
8066710.0,44,95
8066754.0,25,48
8066816.0,37,87
8067090.0,27,58
8067109.0,31,42
8067443.0,27,82
8067537.0,23,42
8067602.0,25,40
8067608.0,45,95
8067649.0,44,96
8067719.0,24,40
8067809.0,28,82
8067815.0,33,44
8067901.0,25,47
8067933.0,25,40
8067950.0,32,41
8068137.0,29,43
8068176.0,31,41
8068248.0,24,40
8068275.0,26,76
8068310.0,36,86
8068318.0,24,43
8068327.0,23,42
8068567.0,32,43
8068582.0,27,82
8068626.0,24,50
8068771.0,28,42
8068864.0,21,46
8068967.0,32,50
8068988.0,44,96
8069059.0,22,45
8069070.0,25,44
8069092.0,24,49
8069203.0,33,43
8069392.0,35,49
8069511.0,45,93
8069591.0,31,43
8069619.0,21,45
8069667.0,33,43
8069681.0,40,76
8069723.0,45,91
8069753.0,33,49
8069755.0,34,54
8069800.0,22,45
8069816.0,43,88
8069840.0,23,42
8069878.0,24,44
8069959.0,31,42
8069969.0,66,58
8069976.0,27,41
8069995.0,42,86
8070000.0,25,46
8070154.0,32,42
8070366.0,33,51
8070374.0,34,54
8070396.0,33,49
8070417.0,33,52
8070432.0,29,44
8070542.0,32,85
8070543.0,27,41
8070561.0,23,49
8070569.0,22,44
8070757.0,33,53
8070845.0,33,44
8070873.0,33,51
8070894.0,33,45
8070896.0,24,46
8071024.0,23,41
8071068.0,34,49
8071157.0,26,46
8071203.0,33,49
8071280.0,23,46
8071310.0,35,49
8071350.0,33,43
8071358.0,34,49
8071512.0,25,46
8071564.0,22,48
8071564.0,44,96
8071668.0,28,43
8071683.0,33,43
8071903.0,65,58
8071938.0,26,46
8071979.0,35,62
8072026.0,24,51
8072032.0,45,96
8072111.0,21,47
8072116.0,23,45
8072120.0,25,46
8072224.0,24,50
8072390.0,34,50
8072397.0,44,96
8072431.0,24,42
8072522.0,35,63
8072533.0,33,51
8072652.0,34,50
8072701.0,25,65
8072730.0,26,46
8072763.0,64,63
8072791.0,24,45
8072792.0,45,90
8072796.0,35,63
8072839.0,23,45
8072855.0,39,88
8072933.0,26,44
8072977.0,23,42
8073004.0,33,50
8073125.0,24,44
8073150.0,23,44
8073245.0,45,96
8073270.0,34,61
8073298.0,39,88
8073302.0,23,43
8073418.0,23,45
8073430.0,44,89
8073445.0,24,45
8073582.0,23,44
8073780.0,44,89
8073837.0,21,44
8073841.0,22,42
8073887.0,38,88
8073929.0,22,45
8073972.0,20,46
8074199.0,24,45
8074395.0,40,88
8074468.0,32,43
8074607.0,23,41
8074652.0,28,43
8074709.0,39,88
8074721.0,24,43
8074733.0,24,45
8074739.0,28,42
8074750.0,40,88
8074810.0,32,43
8074871.0,27,42
8074918.0,34,59
8074921.0,30,43
8074965.0,32,49
8074993.0,37,87
8075024.0,25,41
8075047.0,41,88
8075084.0,33,59
8075100.0,28,43
8075182.0,34,55
8075266.0,25,40
8075275.0,29,40
8075286.0,31,46
8075328.0,27,54
8075334.0,31,43
8075370.0,39,88
8075371.0,33,49
8075387.0,30,41
8075403.0,33,43
8075426.0,57,56
8075433.0,33,47
8075493.0,29,83
8075606.0,33,55
8075654.0,37,87
8075674.0,27,42
8075679.0,34,54
8075712.0,25,40
8075718.0,32,43
8075734.0,33,43
8075816.0,33,57
8075821.0,26,55
8075846.0,34,55
8075950.0,28,43
8075981.0,38,87
8075985.0,32,43
8076015.0,27,60
8076105.0,28,56
8076126.0,28,43
8076140.0,39,87
8076293.0,29,83
8076330.0,34,54
8076483.0,57,56
8076504.0,30,42
8076616.0,30,44
8076765.0,28,44
8076775.0,40,89
8076832.0,57,56
8076903.0,50,96
8077062.0,20,47
8077200.0,43,89
8077245.0,23,45
8077265.0,31,41
8077370.0,22,49
8077488.0,22,47
8077506.0,44,89
8077560.0,21,48
8077598.0,35,56
8077673.0,23,45
8077701.0,43,89
8077708.0,31,41
8077821.0,28,48
8077824.0,34,85
8077836.0,21,46
8077985.0,29,45
8078042.0,24,51
8078059.0,22,44
8078215.0,21,48
8078303.0,22,47
8078370.0,21,46
8078496.0,39,88
8078540.0,23,44
8078587.0,35,50
8078593.0,29,45
8078840.0,31,42
8078910.0,29,44
8078970.0,21,48
8079119.0,40,88
8079133.0,20,44
8079141.0,35,50
8079219.0,27,45
8079303.0,57,102
8079360.0,27,46
8079419.0,28,81
8079438.0,44,89
8079503.0,29,45
8079644.0,24,45
8079663.0,27,43
8079769.0,27,45
8079878.0,25,64
8079911.0,26,55
8079937.0,22,42
8079943.0,39,87
8080082.0,29,45
8080341.0,44,88
8080359.0,27,46
8080383.0,27,45
8080418.0,44,108
8080469.0,43,87
8080472.0,25,46
8080966.0,33,55
8080976.0,27,46
8081181.0,22,43
8081244.0,26,42
8081311.0,27,46
8081525.0,22,44
8081594.0,33,45
8081708.0,21,43
8081715.0,25,42
8081862.0,32,52
8081941.0,25,53
8081953.0,33,52
8082013.0,20,45
8082025.0,20,46
8082029.0,20,48
8082041.0,22,42
8082057.0,24,46
8082542.0,33,52
8082585.0,32,53
8082613.0,19,47
8082721.0,46,93
8082855.0,74,56
8083205.0,30,41
8083221.0,31,41
8083269.0,21,44
8083292.0,74,56
8083299.0,33,58
8083337.0,51,79
8083352.0,25,52
8083463.0,32,46
8083480.0,23,46
8083606.0,36,86
8083708.0,20,44
8083814.0,21,44
8083836.0,23,46
8083987.0,34,56
8084117.0,33,58
8084178.0,32,49
8084200.0,44,74
8084250.0,50,79
8084270.0,22,50
8084275.0,30,41
8084321.0,74,56
8084433.0,29,42
8084645.0,34,56
8084808.0,33,58
8084927.0,33,59
8085181.0,33,58
8085184.0,22,47
8085330.0,27,44
8085356.0,28,44
8085362.0,33,55
8085367.0,57,59
8085456.0,44,97
8085526.0,31,44
8085548.0,28,44
8085613.0,31,43
8085616.0,29,44
8085659.0,33,59
8085864.0,29,43
8085924.0,21,49
8086119.0,20,49
8086152.0,57,59
8086217.0,33,52
8086223.0,30,41
8086288.0,45,97
8086359.0,26,43
8086399.0,30,42
8086443.0,19,48
8086604.0,37,87
8086734.0,37,86
8086914.0,44,97
8086977.0,33,59
8087289.0,21,43
8087386.0,70,58
8087397.0,41,88
8087408.0,59,67
8087482.0,32,48
8087513.0,20,46
8087519.0,33,53
8087624.0,30,48
8087638.0,21,45
8087889.0,45,97
8087903.0,26,79
8088064.0,32,52
8088163.0,20,43
8088165.0,57,49
8088185.0,23,49
8088301.0,26,79
8088303.0,33,60
8088306.0,44,97
8088372.0,21,44
8088552.0,45,97
8088582.0,24,45
8088668.0,32,52
8088810.0,23,44
8088868.0,41,89
8089011.0,71,46
8089044.0,22,46
8089053.0,19,46
8089227.0,29,45
8089370.0,32,54
8089628.0,45,97
8089797.0,26,53
8090024.0,45,97
8090220.0,32,49
8090407.0,26,44
8090642.0,20,45
8090696.0,21,50
8090880.0,27,45
8091629.0,27,45
8091699.0,27,56
8092011.0,21,45
8092035.0,25,67
8092038.0,20,44
8092117.0,31,44
8092177.0,22,46
8092341.0,46,89
8092343.0,27,45
8092576.0,21,43
8092577.0,20,45
8092624.0,30,44
8092683.0,45,89
8092871.0,40,88
8092986.0,32,43
8093038.0,19,45
8093124.0,21,43
8093150.0,46,89
8093178.0,32,43
8093241.0,41,89
8093247.0,19,43
8093346.0,20,45
8093392.0,33,57
8093459.0,19,45
8093541.0,55,84
8093730.0,41,89
8093763.0,21,46
8093863.0,19,44
8094010.0,22,44
8094092.0,18,48
8094095.0,27,44
8094103.0,27,45
8094144.0,21,46
8094212.0,55,85
8094261.0,18,46
8094479.0,26,44
8094488.0,21,43
8094506.0,27,44
8094557.0,22,44
8094566.0,27,45
8094583.0,45,83
8094609.0,19,45
8094684.0,21,43
8094734.0,21,47
8094747.0,19,44
8094886.0,27,47
8094940.0,24,40
8094976.0,27,45
8094997.0,22,47
8095003.0,26,44
8095008.0,23,51
8095096.0,32,57
8095134.0,20,50
8095148.0,27,48
8095176.0,24,51
8095237.0,19,45
8095276.0,28,42
8095326.0,21,48
8095358.0,27,45
8095410.0,19,44
8095461.0,22,47
8095648.0,26,44
8095728.0,20,43
8095865.0,20,45
8095941.0,19,45
8095949.0,52,86
8096102.0,32,54
8096149.0,76,52
8096153.0,28,41
8096194.0,27,47
8096225.0,28,44
8096247.0,26,44
8096249.0,28,46
8096383.0,22,51
8096483.0,75,52
8096863.0,30,44
8096875.0,19,45
8096924.0,28,46
8097125.0,22,46
8097173.0,31,47
8097256.0,32,53
8097449.0,27,79
8097811.0,75,52
8098204.0,23,52
8098307.0,25,58
8098519.0,28,45
8098573.0,57,56
8098582.0,26,60
8099036.0,62,63
8099089.0,31,49
8099208.0,57,56
8099290.0,31,50
8099716.0,20,49
8100121.0,25,59
8100257.0,45,89
8100325.0,27,45
8100371.0,31,52
8100565.0,22,45
8100675.0,44,89
8100691.0,26,59
8100709.0,19,47
8101105.0,45,89
8101203.0,32,84
8101228.0,44,89
8101281.0,22,45
8101593.0,22,43
8101595.0,45,88
8101599.0,19,47
8101851.0,22,52
8101965.0,19,47
8102171.0,46,90
8102275.0,45,89
8102498.0,30,44
8102568.0,17,46
8102602.0,36,86
8102668.0,46,90
8102678.0,18,45
8102700.0,45,89
8102726.0,31,46
8102776.0,23,46
8102777.0,35,62
8102809.0,30,51
8102868.0,21,44
8103042.0,19,46
8103526.0,31,48
8103612.0,19,48
8103693.0,20,48
8103775.0,27,46
8103955.0,27,45
8103972.0,20,44
8104015.0,27,46
8104125.0,28,43
8104199.0,27,43
8104495.0,26,45
8104516.0,17,48
8104744.0,18,46
8104872.0,17,49
8105010.0,21,43
8105517.0,21,43
8105634.0,25,60
8105654.0,29,43
8105819.0,46,87
8106107.0,42,88
8106591.0,19,46
8106870.0,45,93
8106892.0,43,87
8107044.0,46,92
8107188.0,46,93
8107389.0,18,46
8107526.0,28,41
8107586.0,27,41
8107762.0,46,90
8107875.0,45,90
8108415.0,31,50
8108442.0,20,44
8108456.0,45,99
8108653.0,31,54
8108665.0,22,44
8108751.0,32,50
8108784.0,19,44
8108959.0,21,43
8109285.0,19,44
8109837.0,19,44
8109964.0,31,49
8110866.0,23,45
8111218.0,25,58
8111366.0,43,86
8111367.0,45,88
8111525.0,18,44
8111767.0,18,45
8111807.0,17,46
8111841.0,17,49
8112054.0,45,88
8112119.0,20,51
8112126.0,17,45
8112192.0,21,46
8112220.0,43,86
8112373.0,17,46
8112394.0,23,46
8112731.0,28,45
8112820.0,18,46
8112830.0,27,46
8113213.0,19,47
8116653.0,46,89
8117178.0,52,88
8117363.0,45,88
8117386.0,46,106
8117772.0,45,106
8117910.0,45,88
8117955.0,30,47
8117978.0,44,89
8118115.0,20,45
8118138.0,85,89
8118264.0,26,46
8118582.0,27,46
8118625.0,45,106
8120666.0,46,86
8120907.0,16,49
8121488.0,25,53
8122015.0,25,53
8122465.0,46,95
8123645.0,47,82
8123854.0,21,52
8124280.0,45,83
8124899.0,25,54
8125238.0,48,81
8125350.0,26,56
8127257.0,28,43
8127502.0,28,43
8127680.0,35,64
8128167.0,32,59
8128685.0,32,59
8129587.0,56,60
8130206.0,53,90
8130539.0,46,95
8133228.0,73,126
8133406.0,45,87
8133729.0,45,87
8133940.0,45,86
8133997.0,45,71
8140359.0,51,107
8141259.0,18,44
8143484.0,34,46
8143579.0,33,47
8144026.0,34,46
8144269.0,35,46
8144389.0,36,71
8144465.0,19,46
8144750.0,35,46
8145326.0,58,117
8145771.0,35,47
8146501.0,59,117
8147015.0,45,97
8148176.0,16,46
8148189.0,26,46
8148268.0,17,47
8149369.0,29,45
8149475.0,17,45
8149534.0,45,99
8149895.0,30,47
8150382.0,8,127
8150470.0,39,97
8150471.0,62,82
8150739.0,40,97
8150987.0,39,97
8151102.0,18,45
8151266.0,20,45
8151536.0,16,48
8152327.0,17,46
8152526.0,18,47
8152950.0,27,43
8154275.0,17,48
8154535.0,31,84
8154953.0,21,48
8155020.0,31,51
8155061.0,31,50
8155103.0,18,48
8155283.0,19,45
8155335.0,21,45
8155558.0,18,45
8155613.0,19,50
8155684.0,17,47
8155704.0,18,46
8155750.0,16,49
8155949.0,16,49
8156286.0,29,43
8156417.0,20,46
8156658.0,26,45
8156841.0,31,49
8156876.0,21,44
8157119.0,20,46
8157418.0,17,44
8157574.0,27,46
8159950.0,31,52
8160409.0,19,48
8160465.0,31,50
8160478.0,22,47
8160625.0,31,49
8160650.0,28,45
8160816.0,19,48
8161174.0,19,46
8161295.0,31,48
8161380.0,19,45
8161810.0,27,45
8161839.0,22,52
8161858.0,21,51
8162202.0,19,45
8162685.0,30,44
8162898.0,28,44
8163070.0,31,47
8163178.0,21,46
8163515.0,27,43
8163898.0,20,50
8164023.0,32,84
8164044.0,18,45
8164062.0,22,44
8164088.0,20,45
8164109.0,27,43
8164199.0,17,46
8164248.0,19,44
8164277.0,31,48
8164384.0,17,45
8164447.0,19,45
8164683.0,20,50
8164702.0,18,44
8164736.0,20,43
8164798.0,20,46
8164869.0,32,57
8164875.0,27,43
8164888.0,32,60
8164972.0,19,44
8165061.0,32,55
8165067.0,20,45
8165434.0,19,44
8165680.0,19,44
8165989.0,20,45
8166506.0,37,86
8166701.0,20,45
8166720.0,28,41
8167172.0,30,43
8167403.0,19,44
8167407.0,18,47
8167708.0,28,44
8167756.0,22,44
8167951.0,19,44
8168002.0,19,45
8168050.0,25,59
8168102.0,28,44
8168233.0,24,45
8168405.0,29,45
8168480.0,19,44
8168699.0,26,44
8168724.0,28,44
8168849.0,29,42
8168999.0,28,44
8169075.0,18,46
8169123.0,19,44
8169140.0,46,111
8169476.0,17,48
8169717.0,25,43
8169775.0,23,44
8169834.0,29,41
8169917.0,28,42
8169920.0,17,48
8169931.0,18,46
8170072.0,22,46
8170086.0,29,44
8170105.0,23,44
8170251.0,28,44
8170332.0,27,45
8170340.0,30,43
8170376.0,29,44
8170504.0,21,44
8170575.0,32,54
8170639.0,21,45
8170646.0,25,44
8170903.0,18,44
8171321.0,24,43
8171322.0,30,42
8171382.0,17,45
8171478.0,31,51
8171488.0,32,55
8171550.0,18,43
8171565.0,19,49
8171581.0,20,45
8171653.0,32,58
8171859.0,32,57
8171919.0,21,50
8172062.0,20,48
8172271.0,21,50
8172276.0,20,47
8172307.0,17,45
8172415.0,19,46
8172810.0,19,47
8172930.0,22,51
8172975.0,26,95
8173066.0,18,48
8173370.0,23,53
8173451.0,32,50
8173496.0,31,45
8173673.0,45,98
8173850.0,46,97
8173897.0,17,48
8174057.0,27,95
8174067.0,32,48
8174084.0,19,43
8174089.0,22,46
8174093.0,32,49
8174203.0,29,44
8174249.0,24,44
8174251.0,23,53
8174307.0,32,52
8174357.0,29,45
8174482.0,23,52
8174603.0,31,46
8174613.0,18,43
8174641.0,19,43
8174708.0,23,52
8174733.0,30,41
8174778.0,22,48
8174938.0,29,43
8174959.0,36,86
8174970.0,27,95
8175000.0,19,45
8175021.0,23,43
8175081.0,18,45
8175109.0,23,44
8175197.0,25,43
8175252.0,20,42
8175321.0,19,46
8175401.0,29,43
8175448.0,32,51
8175544.0,22,45
8175706.0,21,45
8175716.0,32,46
8175767.0,18,45
8175778.0,18,46
8175813.0,20,49
8175909.0,29,41
8175919.0,31,52
8175946.0,23,43
8176003.0,21,50
8176020.0,22,50
8176058.0,29,43
8176204.0,19,46
8176262.0,21,44
8176506.0,31,43
8176675.0,23,43
8176733.0,18,45
8176765.0,32,47
8176802.0,32,53
8176846.0,37,86
8176860.0,19,43
8176864.0,32,50
8176963.0,19,45
8177320.0,18,45
8177455.0,29,42
8177588.0,22,46
8177661.0,19,45
8177873.0,34,63
8178041.0,21,45
8178142.0,32,48
8178169.0,19,45
8178240.0,28,45
8178312.0,29,46
8178372.0,44,103
8178397.0,24,44
8178439.0,18,45
8178478.0,19,44
8178552.0,29,44
8178592.0,25,56
8178616.0,31,48
8178630.0,22,48
8178644.0,23,43
8178749.0,32,52
8178777.0,26,56
8178889.0,32,48
8179144.0,19,42
8179176.0,29,44
8179352.0,20,46
8179353.0,28,44
8179405.0,26,56
8179474.0,22,50
8179516.0,32,48
8179566.0,32,49
8179629.0,27,43
8179691.0,21,44
8179781.0,20,43
8179836.0,21,50
8179838.0,29,44
8180010.0,23,51
8180073.0,24,43
8180199.0,29,44
8180216.0,20,44
8180284.0,21,44
8180308.0,19,46
8180368.0,32,51
8180415.0,24,50
8180420.0,21,43
8180547.0,21,50
8180643.0,24,43
8180661.0,26,43
8180674.0,21,43
8180917.0,22,42
8181048.0,21,41
8181114.0,26,54
8181114.0,21,49
8181138.0,18,47
8181159.0,29,43
8181245.0,30,43
8181338.0,22,45
8181348.0,46,87
8181450.0,21,43
8181457.0,29,43
8181487.0,26,54
8181507.0,32,55
8181513.0,23,52
8181633.0,26,42
8181647.0,25,44
8181677.0,27,43
8181693.0,26,44
8181719.0,24,52
8181795.0,26,60
8181824.0,21,43
8181906.0,33,57
8181977.0,19,48
8182251.0,31,42
8182278.0,24,43
8182510.0,19,48
8182535.0,23,52
8182550.0,33,53
8182586.0,33,55
8182587.0,21,44
8182627.0,22,44
8182667.0,28,44
8182706.0,20,48
8183102.0,32,44
8183293.0,19,47
8183339.0,21,47
8183398.0,33,53
8183427.0,19,48
8183479.0,25,53
8183627.0,23,48
8183662.0,20,42
8183671.0,33,60
8183707.0,23,45
8183765.0,33,53
8183843.0,21,46
8183909.0,21,43
8184003.0,28,43
8184004.0,23,46
8184036.0,20,43
8184040.0,32,45
8184114.0,19,47
8184115.0,23,51
8184224.0,30,46
8184240.0,33,43
8184253.0,21,43
8184338.0,23,52
8184421.0,21,46
8184422.0,19,48
8184561.0,26,54
8184589.0,25,54
8184619.0,23,52
8184724.0,33,54
8184727.0,33,43
8184757.0,31,41
8184774.0,32,52
8184849.0,25,54
8184884.0,30,45
8184885.0,30,46
8184891.0,19,44
8185081.0,29,45
8185240.0,33,49
8185293.0,25,44
8185416.0,32,43
8185543.0,41,88
8185590.0,32,44
8185847.0,19,47
8185900.0,27,55
8186272.0,30,44
8186340.0,33,50
8186391.0,39,87
8186399.0,19,48
8186574.0,19,47
8186609.0,22,44
8186643.0,33,46
8186699.0,26,44
8186711.0,23,44
8186716.0,33,48
8186775.0,36,65
8186875.0,33,57
8186876.0,23,45
8186932.0,32,43
8186992.0,19,48
8187154.0,23,50
8187198.0,20,46
8187238.0,29,44
8187247.0,33,51
8187403.0,21,48
8187466.0,29,42
8187560.0,33,47
8187623.0,22,41
8187624.0,19,47
8187738.0,34,62
8187747.0,19,46
8187995.0,33,52
8188139.0,29,41
8188172.0,26,57
8188176.0,27,42
8188177.0,25,53
8188228.0,22,41
8188232.0,21,42
8188287.0,24,43
8188311.0,28,43
8188326.0,30,42
8188525.0,22,43
8188543.0,23,41
8188579.0,22,41
8188651.0,33,53
8188678.0,21,42
8188698.0,30,42
8188800.0,23,44
8188900.0,19,45
8188961.0,29,51
8189016.0,18,45
8189071.0,33,51
8189104.0,43,88
8189105.0,26,41
8189243.0,30,43
8189254.0,20,47
8189402.0,24,45
8189444.0,19,45
8189533.0,21,45
8189647.0,33,54
8189705.0,20,47
8189711.0,23,44
8189806.0,24,45
8189836.0,21,45
8189846.0,21,41
8189887.0,81,109
8189914.0,33,48
8189953.0,19,45
8190006.0,32,41
8190167.0,31,46
8190309.0,25,41
8190357.0,25,43
8190434.0,25,52
8190454.0,33,53
8190475.0,39,87
8190510.0,33,52
8190522.0,42,88
8190566.0,26,63
8190607.0,20,44
8190805.0,27,43
8190967.0,26,41
8191038.0,41,88
8191046.0,23,43
8191095.0,27,48
8191195.0,22,42
8191222.0,33,44
8191237.0,33,57
8191248.0,25,41
8191462.0,23,44
8191482.0,23,43
8191505.0,33,56
8191512.0,21,43
8191535.0,22,40
8191544.0,18,46
8191560.0,28,49
8191686.0,22,43
8191765.0,21,41
8191810.0,20,46
8191817.0,27,41
8191912.0,31,48
8191920.0,23,40
8192037.0,30,50
8192205.0,22,48
8192237.0,20,47
8192306.0,21,48
8192343.0,40,88
8192416.0,33,43
8192479.0,21,47
8192526.0,24,47
8192584.0,23,43
8192626.0,28,43
8192750.0,24,44
8192790.0,20,47
8192859.0,21,41
8192887.0,28,42
8192918.0,33,44
8192929.0,31,44
8192987.0,33,45
8193032.0,31,42
8193348.0,22,41
8193419.0,24,50
8193443.0,27,44
8193445.0,21,42
8193453.0,31,41
8193480.0,30,45
8193485.0,20,46
8193572.0,21,44
8193632.0,19,46
8193666.0,25,46
8193731.0,21,41
8193782.0,18,46
8193830.0,23,43
8193846.0,24,43
8193897.0,31,41
8193908.0,22,49
8193921.0,29,44
8194049.0,23,46
8194203.0,27,41
8194278.0,31,43
8194364.0,21,41
8194368.0,23,46
8194693.0,22,45
8194755.0,31,43
8194761.0,22,46
8194850.0,31,41
8194898.0,23,49
8195120.0,26,61
8195159.0,21,44
8195373.0,45,87
8195501.0,29,43
8195525.0,33,58
8195597.0,26,40
8195597.0,30,44
8195684.0,33,42
8195846.0,22,42
8195946.0,23,42
8196104.0,34,47
8196119.0,31,43
8196212.0,20,47
8196220.0,24,49
8196282.0,21,43
8196311.0,24,50
8196344.0,35,49
8196408.0,22,45
8196475.0,23,43
8196475.0,27,60
8196541.0,20,47
8196613.0,33,60
8196652.0,34,50
8196705.0,20,45
8196851.0,24,43
8196875.0,21,43
8196886.0,34,49
8196915.0,33,41
8196950.0,27,54
8197020.0,25,42
8197031.0,25,44
8197037.0,23,41
8197062.0,25,41
8197088.0,21,45
8197093.0,24,40
8197210.0,27,56
8197224.0,27,43
8197240.0,22,41
8197404.0,34,48
8197509.0,22,42
8197602.0,21,44
8197670.0,28,57
8197688.0,27,40
8197759.0,33,52
8197790.0,29,42
8197824.0,26,45
8197970.0,28,57
8198048.0,34,60
8198068.0,26,42
8198080.0,25,45
8198113.0,27,59
8198138.0,34,51
8198195.0,33,42
8198222.0,34,46
8198296.0,54,114
8198330.0,26,44
8198408.0,21,42
8198478.0,24,43
8198679.0,21,46
8198693.0,20,47
8198695.0,24,42
8198715.0,24,46
8198775.0,25,47
8198778.0,34,59
8198788.0,21,43
8198831.0,23,45
8198924.0,34,47
8198984.0,22,41
8199038.0,21,46
8199062.0,25,47
8199069.0,28,42
8199100.0,34,44
8199168.0,27,44
8199212.0,34,43
8199314.0,34,57
8199315.0,26,59
8199379.0,27,61
8199528.0,20,47
8199654.0,34,50
8199788.0,37,87
8199811.0,21,43
8200005.0,27,43
8200170.0,33,57
8200215.0,30,43
8200411.0,33,55
8200500.0,34,52
8200513.0,34,61
8200759.0,57,51
8200792.0,24,43
8200915.0,33,51
8200933.0,32,44
8201047.0,25,43
8201070.0,34,43
8201123.0,34,49
8201141.0,34,51
8201169.0,34,54
8201220.0,23,42
8201240.0,26,44
8201245.0,32,43
8201370.0,28,43
8201381.0,57,51
8201492.0,32,42
8201518.0,35,63
8201559.0,32,41
8201591.0,32,44
8201601.0,26,52
8201604.0,31,44
8201703.0,28,43
8201754.0,39,88
8201781.0,36,64
8201929.0,40,88
8201955.0,34,58
8201959.0,42,88
8201966.0,35,64
8201966.0,34,53
8201989.0,43,87
8201994.0,24,41
8201996.0,32,41
8202109.0,40,88
8202114.0,22,47
8202151.0,34,44
8202166.0,23,44
8202260.0,35,48
8202278.0,38,87
8202479.0,34,45
8202485.0,23,45
8202501.0,32,44
8202565.0,34,42
8202676.0,23,44
8202818.0,25,42
8202851.0,27,42
8202874.0,52,95
8202893.0,25,44
8203053.0,22,42
8203058.0,35,49
8203102.0,34,55
8203140.0,31,45
8203145.0,25,42
8203321.0,32,44
8203332.0,22,46
8203342.0,34,54
8203399.0,34,43
8203403.0,34,41
8203462.0,32,43
8203469.0,21,45
8203531.0,26,45
8203690.0,25,43
8203708.0,33,45
8203742.0,24,45
8203803.0,33,54
8203897.0,24,46
8203940.0,35,46
8204000.0,35,86
8204031.0,37,87
8204050.0,30,42
8204063.0,25,50
8204067.0,24,48
8204087.0,35,47
8204133.0,33,42
8204211.0,23,41
8204248.0,25,42
8204262.0,28,40
8204317.0,24,40
8204355.0,24,45
8204417.0,23,47
8204442.0,33,42
8204621.0,29,42
8204641.0,24,42
8204682.0,21,46
8204744.0,27,39
8204917.0,25,46
8204995.0,47,112
8205001.0,35,47
8205003.0,23,40
8205179.0,28,42
8205211.0,35,45
8205230.0,23,47
8205236.0,25,47
8205244.0,36,87
8205343.0,25,41
8205573.0,26,52
8205633.0,31,43
8205663.0,23,40
8205699.0,26,43
8205739.0,25,65
8205788.0,35,47
8205812.0,35,46
8205825.0,34,53
8205915.0,25,47
8205993.0,23,43
8206030.0,29,44
8206084.0,25,43
8206087.0,26,44
8206090.0,35,48
8206101.0,35,44
8206107.0,30,43
8206216.0,28,54
8206236.0,35,47
8206253.0,33,41
8206357.0,35,50
8206413.0,25,47
8206456.0,35,51
8206492.0,35,47
8206500.0,36,67
8206560.0,36,66
8206622.0,23,43
8206709.0,37,68
8206745.0,28,39
8206946.0,35,58
8206958.0,35,63
8207028.0,25,46
8207037.0,33,42
8207074.0,34,60
8207094.0,35,43
8207123.0,28,53
8207201.0,25,42
8207250.0,24,42
8207371.0,30,41
8207418.0,46,89
8207435.0,30,50
8207469.0,48,81
8207490.0,25,47
8207516.0,34,42
8207627.0,22,40
8207640.0,28,53
8207680.0,27,44
8207721.0,29,55
8207802.0,25,47
8207823.0,37,69
8207863.0,31,44
8207893.0,24,42
8207913.0,26,42
8207916.0,33,43
8207924.0,35,42
8208000.0,24,44
8208008.0,26,50
8208045.0,25,40
8208105.0,23,46
8208173.0,29,55
8208202.0,24,42
8208209.0,35,51
8208278.0,25,45
8208306.0,25,40
8208338.0,23,47
8208355.0,33,44
8208363.0,23,46
8208403.0,24,41
8208417.0,25,64
8208446.0,33,45
8208534.0,34,57
8208619.0,32,41
8208644.0,23,42
8208788.0,24,47
8208807.0,22,45
8209034.0,35,41
8209053.0,31,42
8209066.0,33,44
8209098.0,33,45
8209125.0,23,47
8209130.0,26,43
8209135.0,35,42
8209139.0,24,47
8209143.0,32,43
8209184.0,25,64
8209308.0,26,51
8209351.0,23,47
8209370.0,22,45
8209442.0,33,44
8209492.0,23,42
8209494.0,35,44
8209514.0,24,43
8209523.0,22,44
8209529.0,33,43
8209700.0,23,46
8209740.0,32,41
8209809.0,24,43
8209923.0,24,44
8209942.0,22,43
8210037.0,23,46
8210075.0,23,41
8210177.0,25,40
8210184.0,28,58
8210239.0,32,44
8210297.0,28,42
8210297.0,35,60
8210344.0,31,41
8210356.0,30,45
8210360.0,33,43
8210388.0,23,41
8210513.0,32,45
8210545.0,32,43
8210583.0,27,44
8210639.0,26,41
8210674.0,23,42
8210698.0,27,43
8210717.0,30,40
8210822.0,40,88
8210836.0,26,63
8210840.0,28,59
8210847.0,27,45
8210898.0,35,54
8210953.0,26,41
8210969.0,35,43
8211003.0,35,53
8211007.0,24,43
8211042.0,27,62
8211060.0,27,42
8211072.0,34,42
8211110.0,25,48
8211139.0,35,55
8211148.0,35,52
8211166.0,27,43
8211188.0,25,44
8211201.0,24,47
8211225.0,25,39
8211243.0,26,43
8211276.0,27,39
8211303.0,24,43
8211516.0,27,45
8211544.0,27,63
8211586.0,25,41
8211603.0,27,52
8211616.0,27,57
8211669.0,27,56
8211681.0,29,55
8211702.0,36,46
8211706.0,35,56
8211818.0,23,45
8211854.0,31,46
8211870.0,35,52
8211888.0,36,48
8211905.0,23,46
8211991.0,26,42
8212020.0,35,57
8212027.0,34,41
8212047.0,27,62
8212059.0,29,55
8212067.0,29,57
8212076.0,27,59
8212079.0,35,52
8212083.0,27,57
8212130.0,27,52
8212177.0,28,56
8212179.0,36,44
8212190.0,25,42
8212282.0,28,44
8212305.0,23,46
8212352.0,29,57
8212382.0,27,44
8212415.0,26,49
8212432.0,27,59
8212439.0,28,57
8212469.0,46,83
8212510.0,26,41
8212523.0,25,45
8212529.0,24,42
8212535.0,26,40
8212577.0,31,40
8212587.0,27,60
8212594.0,28,41
8212662.0,36,50
8212717.0,29,42
8212783.0,29,54
8212794.0,34,61
8212859.0,35,60
8212885.0,27,55
8212909.0,27,60
8212932.0,34,58
8212976.0,26,38
8213012.0,36,49
8213016.0,49,103
8213052.0,27,63
8213068.0,29,54
8213082.0,36,45
8213154.0,30,43
8213187.0,26,40
8213283.0,26,41
8213293.0,27,62
8213296.0,27,42
8213314.0,22,45
8213338.0,28,53
8213418.0,35,58
8213579.0,22,45
8213671.0,25,43
8213717.0,23,44
8213735.0,29,55
8213774.0,36,41
8213776.0,26,42
8213825.0,35,49
8213891.0,27,62
8213972.0,25,40
8213984.0,27,43
8214079.0,47,82
8214159.0,28,60
8214207.0,31,41
8214230.0,27,38
8214321.0,24,43
8214348.0,31,40
8214398.0,24,46
8214402.0,35,59
8214485.0,35,62
8214515.0,25,47
8214553.0,34,44
8214563.0,28,40
8214565.0,36,48
8214749.0,24,46
8214771.0,33,44
8214814.0,36,43
8214837.0,45,88
8214841.0,29,59
8214859.0,27,41
8214862.0,36,42
8214949.0,36,44
8214957.0,36,87
8215001.0,25,40
8215028.0,32,42
8215028.0,28,44
8215052.0,34,44
8215098.0,30,60
8215109.0,24,41
8215172.0,25,47
8215246.0,25,40
8215488.0,36,41
8215513.0,36,50
8215570.0,26,66
8215617.0,26,48
8215624.0,26,41
8215729.0,44,88
8215742.0,35,41
8215814.0,26,44
8215831.0,25,42
8215833.0,28,43
8215855.0,35,61
8215856.0,30,39
8215939.0,36,51
8216025.0,34,45
8216074.0,36,49
8216076.0,28,44
8216082.0,33,45
8216085.0,25,44
8216103.0,26,44
8216121.0,26,66
8216124.0,28,43
8216197.0,27,51
8216279.0,31,39
8216319.0,27,42
8216471.0,35,43
8216539.0,34,42
8216573.0,35,53
8216604.0,26,49
8216624.0,25,47
8216630.0,28,42
8216835.0,35,43
8216836.0,32,41
8216854.0,25,47
8216946.0,36,49
8217011.0,33,43
8217075.0,34,44
8217096.0,23,41
8217099.0,35,60
8217151.0,37,47
8217215.0,33,48
8217235.0,29,38
8217425.0,26,44
8217450.0,35,44
8217516.0,30,38
8217543.0,24,45
8217556.0,36,46
8217602.0,25,43
8217603.0,28,52
8217693.0,28,38
8217831.0,28,52
8217879.0,26,39
8217930.0,36,52
8217958.0,34,44
8218002.0,37,46
8218006.0,27,40
8218076.0,35,42
8218078.0,29,55
8218191.0,25,46
8218199.0,24,64
8218207.0,32,40
8218213.0,29,53
8218297.0,35,59
8218311.0,27,39
8218321.0,25,40
8218356.0,29,56
8218390.0,37,45
8218443.0,33,42
8218506.0,24,64
8218541.0,26,39
8218553.0,32,44
8218555.0,27,40
8218610.0,32,43
8218610.0,25,64
8218715.0,35,42
8218729.0,29,38
8218743.0,28,41
8218808.0,37,49
8218845.0,35,41
8218902.0,25,40
8218907.0,26,43
8218916.0,26,64
8218918.0,29,54
8218938.0,27,42
8218988.0,35,61
8219042.0,33,42
8219103.0,26,40
8219128.0,29,54
8219151.0,29,38
8219153.0,35,43
8219257.0,25,41
8219341.0,33,42
8219384.0,37,42
8219466.0,37,43
8219485.0,27,40
8219509.0,37,44
8219606.0,25,68
8219623.0,25,67
8219630.0,27,45
8219636.0,35,43
8219652.0,27,41
8219749.0,37,47
8219756.0,30,57
8219800.0,28,43
8219846.0,25,40
8219862.0,26,68
8219877.0,24,46
8219913.0,25,41
8219968.0,53,74
8220145.0,27,40
8220218.0,25,40
8220268.0,32,48
8220400.0,52,84
8220412.0,27,45
8220446.0,34,45
8220475.0,26,68
8220561.0,26,47
8220630.0,35,42
8220662.0,24,69
8220674.0,50,96
8220722.0,27,44
8220776.0,27,49
8220777.0,35,43
8220796.0,35,45
8220804.0,28,40
8220848.0,36,41
8220851.0,26,44
8220857.0,25,45
8220883.0,33,44
8220894.0,37,42
8220906.0,35,42
8220943.0,33,41
8220996.0,24,46
8221039.0,24,43
8221042.0,34,44
8221050.0,33,43
8221063.0,25,41
8221111.0,35,55
8221128.0,35,46
8221131.0,27,40
8221184.0,27,45
8221288.0,29,43
8221289.0,28,61
8221302.0,37,46
8221310.0,28,40
8221333.0,35,43
8221353.0,37,50
8221359.0,28,42
8221394.0,42,89
8221441.0,36,53
8221447.0,37,45
8221460.0,28,46
8221537.0,37,43
8221557.0,29,43
8221563.0,31,39
8221624.0,34,47
8221646.0,32,39
8221686.0,37,48
8221688.0,25,41
8221828.0,27,62
8221833.0,23,43
8221843.0,26,42
8221894.0,35,57
8221898.0,37,47
8222023.0,27,40
8222078.0,27,47
8222108.0,35,46
8222111.0,35,44
8222142.0,23,43
8222178.0,36,55
8222279.0,25,40
8222290.0,29,44
8222344.0,37,51
8222366.0,45,85
8222378.0,27,47
8222395.0,26,42
8222446.0,27,45
8222457.0,36,56
8222462.0,25,44
8222512.0,25,42
8222513.0,29,42
8222522.0,28,40
8222543.0,36,54
8222562.0,25,40
8222672.0,27,40
8222710.0,37,47
8222722.0,47,84
8222779.0,25,44
8222784.0,26,43
8222874.0,36,57
8222913.0,33,40
8222976.0,35,43
8222978.0,30,41
8223020.0,47,84
8223114.0,28,53
8223146.0,35,58
8223165.0,29,58
8223201.0,27,48
8223311.0,34,43
8223409.0,27,40
8223440.0,29,54
8223518.0,25,40
8223551.0,29,52
8223562.0,43,87
8223584.0,28,56
8223635.0,29,41
8223664.0,30,44
8223680.0,27,43
8223688.0,29,53
8223712.0,26,40
8223722.0,25,40
8223753.0,29,54
8223820.0,29,56
8223829.0,28,59
8223862.0,26,46
8223877.0,27,39
8223883.0,37,69
8223898.0,45,89
8224087.0,34,42
8224168.0,28,56
8224171.0,36,44
8224212.0,36,58
8224221.0,27,67
8224254.0,29,56
8224290.0,28,59
8224325.0,28,42
8224344.0,38,47
8224350.0,26,41
8224355.0,27,42
8224522.0,33,39
8224575.0,25,43
8224594.0,33,41
8224613.0,25,44
8224624.0,30,56
8224654.0,36,42
8224675.0,28,49
8224693.0,28,51
8224708.0,35,44
8224750.0,29,52
8224774.0,30,54
8224786.0,30,38
8224827.0,27,44
8224860.0,28,41
8224903.0,38,42
8224910.0,41,89
8224912.0,25,43
8224930.0,38,46
8224947.0,42,89
8224948.0,37,50
8224949.0,28,56
8225037.0,28,38
8225045.0,36,43
8225062.0,36,50
8225157.0,29,43
8225236.0,27,47
8225243.0,38,45
8225299.0,26,41
8225309.0,29,56
8225317.0,31,43
8225326.0,36,62
8225338.0,36,57
8225353.0,28,57
8225424.0,37,52
8225430.0,38,43
8225697.0,30,43
8225801.0,30,55
8225860.0,28,56
8225875.0,26,45
8225882.0,36,53
8225889.0,28,40
8225889.0,34,49
8225893.0,29,52
8225901.0,28,39
8225905.0,29,39
8225949.0,34,41
8225958.0,29,42
8225983.0,28,57
8225994.0,31,57
8226022.0,27,47
8226071.0,29,40
8226120.0,37,52
8226122.0,27,62
8226145.0,33,46
8226200.0,36,60
8226241.0,28,71
8226286.0,36,63
8226294.0,28,39
8226301.0,38,45
8226302.0,29,39
8226316.0,38,46
8226317.0,29,57
8226329.0,36,47
8226330.0,36,45
8226358.0,34,45
8226408.0,28,63
8226427.0,29,51
8226446.0,29,52
8226468.0,25,43
8226474.0,36,56
8226548.0,28,62
8226558.0,25,42
8226566.0,31,57
8226572.0,27,48
8226603.0,37,52
8226668.0,28,56
8226743.0,37,41
8226753.0,37,42
8226775.0,26,41
8226783.0,27,47
8226790.0,38,47
8226844.0,25,42
8226994.0,29,51
8227040.0,38,43
8227047.0,29,57
8227054.0,30,44
8227080.0,27,41
8227097.0,35,60
8227097.0,37,70
8227098.0,35,47
8227101.0,27,62
8227164.0,36,61
8227182.0,30,42
8227222.0,28,62
8227237.0,35,45
8227258.0,26,42
8227276.0,27,43
8227276.0,36,54
8227303.0,38,44
8227320.0,36,59
8227327.0,27,47
8227346.0,32,84
8227385.0,34,86
8227451.0,30,42
8227479.0,32,38
8227488.0,28,56
8227517.0,30,53
8227624.0,35,47
8227650.0,34,40
8227737.0,28,50
8227740.0,39,88
8227773.0,36,58
8227794.0,33,86
8227822.0,29,57
8227829.0,27,40
8227849.0,34,42
8227854.0,37,88
8227925.0,35,43
8227952.0,38,88
8228067.0,38,42
8228094.0,37,43
8228314.0,26,44
8228346.0,30,43
8228360.0,36,85
8228375.0,29,41
8228394.0,31,85
8228435.0,21,52
8228510.0,38,45
8228636.0,27,62
8228764.0,32,40
8228799.0,21,52
8228828.0,30,42
8228864.0,29,57
8229039.0,30,41
8229050.0,33,38
8229078.0,35,44
8229104.0,27,46
8229130.0,28,42
8229204.0,38,50
8229225.0,28,49
8229282.0,31,44
8229289.0,28,43
8229301.0,33,41
8229386.0,35,42
8229440.0,33,42
8229481.0,27,49
8229488.0,28,49
8229504.0,28,43
8229543.0,37,45
8229608.0,38,49
8229665.0,34,39
8229689.0,31,43
8229744.0,37,53
8229758.0,34,85
8229759.0,38,51
8229833.0,33,43
8229882.0,38,67
8229914.0,39,42
8229916.0,31,55
8229928.0,38,49
8229930.0,29,40
8229930.0,26,71
8230001.0,30,42
8230022.0,29,44
8230023.0,31,43
8230028.0,37,51
8230032.0,33,42
8230046.0,39,44
8230098.0,44,89
8230121.0,35,61
8230158.0,33,43
8230197.0,27,49
8230237.0,36,61
8230278.0,39,45
8230407.0,39,43
8230408.0,26,71
8230440.0,32,43
8230469.0,35,41
8230492.0,39,41
8230496.0,20,43
8230518.0,30,43
8230536.0,29,44
8230542.0,36,59
8230574.0,31,54
8230604.0,27,45
8230620.0,36,45
8230696.0,39,42
8230705.0,27,71
8230710.0,28,41
8230734.0,27,42
8230740.0,30,44
8230804.0,39,48
8230830.0,33,42
8230847.0,29,45
8230882.0,26,42
8230964.0,29,38
8230974.0,35,58
8231095.0,37,44
8231144.0,38,50
8231150.0,31,43
8231169.0,39,44
8231172.0,29,58
8231194.0,28,42
8231194.0,39,45
8231195.0,30,39
8231271.0,31,44
8231300.0,29,59
8231324.0,33,42
8231381.0,37,55
8231402.0,30,42
8231404.0,38,52
8231455.0,28,59
8231477.0,36,58
8231486.0,31,43
8231512.0,29,51
8231524.0,39,43
8231545.0,20,43
8231613.0,33,85
8231626.0,29,44
8231639.0,31,54
8231661.0,39,47
8231677.0,32,85
8231697.0,29,57
8231848.0,32,55
8231877.0,28,42
8231880.0,36,62
8232014.0,38,41
8232031.0,37,54
8232050.0,37,42
8232059.0,39,46
8232134.0,30,40
8232216.0,37,57
8232273.0,29,39
8232329.0,30,54
8232333.0,29,44
8232366.0,27,41
8232387.0,26,73
8232404.0,33,43
8232424.0,48,84
8232448.0,28,48
8232490.0,34,38
8232509.0,37,43
8232524.0,37,46
8232541.0,39,49
8232569.0,27,44
8232609.0,38,41
8232620.0,31,42
8232662.0,28,49
8232671.0,38,42
8232724.0,30,45
8232732.0,36,45
8232746.0,30,37
8232749.0,29,57
8232760.0,35,40
8232832.0,37,46
8232837.0,39,48
8232856.0,38,51
8232931.0,30,40
8232989.0,29,50
8232996.0,29,43
8232998.0,30,41
8233081.0,29,52
8233134.0,37,42
8233196.0,28,46
8233222.0,37,45
8233273.0,28,48
8233285.0,37,56
8233321.0,31,41
8233350.0,40,42
8233359.0,30,52
8233437.0,29,44
8233542.0,47,84
8233547.0,36,42
8233591.0,36,44
8233593.0,39,46
8233618.0,37,43
8233689.0,29,44
8233697.0,29,60
8233717.0,37,42
8233719.0,49,85
8233742.0,29,49
8233748.0,29,55
8233768.0,31,41
8233862.0,28,39
8233877.0,39,49
8233898.0,29,60
8233927.0,37,46
8233940.0,33,39
8233976.0,31,37
8233981.0,37,45
8234018.0,35,46
8234037.0,30,53
8234047.0,31,43
8234068.0,29,48
8234112.0,27,43
8234115.0,38,44
8234173.0,31,55
8234183.0,31,39
8234185.0,36,46
8234194.0,28,40
8234218.0,36,55
8234234.0,29,55
8234265.0,37,55
8234285.0,35,39
8234286.0,32,37
8234329.0,37,43
8234340.0,29,49
8234358.0,28,48
8234359.0,31,37
8234380.0,32,44
8234405.0,26,66
8234405.0,36,43
8234483.0,28,65
8234528.0,31,42
8234557.0,40,49
8234576.0,27,66
8234605.0,35,49
8234621.0,33,39
8234641.0,29,51
8234664.0,37,42
8234693.0,38,68
8234716.0,30,58
8234734.0,39,49
8234834.0,31,41
8234854.0,29,49
8234965.0,39,50
8234988.0,28,42
8235006.0,37,56
8235014.0,28,43
8235049.0,36,50
8235050.0,38,72
8235067.0,56,111
8235077.0,40,43
8235113.0,40,42
8235171.0,40,45
8235237.0,37,42
8235285.0,29,62
8235292.0,33,50
8235300.0,30,38
8235362.0,46,90
8235412.0,31,41
8235519.0,37,43
8235564.0,32,43
8235577.0,39,41
8235598.0,36,41
8235769.0,30,39
8235779.0,29,42
8235786.0,29,48
8235825.0,40,44
8235838.0,38,43
8235841.0,36,50
8235841.0,28,43
8235845.0,37,57
8235848.0,31,40
8235855.0,35,41
8235857.0,36,40
8235898.0,35,38
8235965.0,37,59
8235996.0,29,41
8236016.0,28,43
8236018.0,39,41
8236107.0,31,41
8236117.0,27,42
8236121.0,29,48
8236123.0,31,44
8236126.0,40,43
8236156.0,29,56
8236157.0,29,58
8236165.0,31,38
8236200.0,31,40
8236259.0,30,59
8236302.0,38,73
8236306.0,40,48
8236389.0,39,49
8236407.0,27,41
8236418.0,28,41
8236430.0,29,50
8236555.0,39,50
8236575.0,29,56
8236614.0,56,110
8236633.0,29,47
8236653.0,31,41
8236673.0,30,56
8236726.0,30,44
8236738.0,36,42
8236766.0,37,42
8236779.0,40,45
8236783.0,29,63
8236806.0,40,44
8236901.0,31,37
8236904.0,29,40
8237016.0,39,41
8237042.0,28,64
8237104.0,29,43
8237123.0,38,42
8237157.0,39,42
8237174.0,40,42
8237188.0,37,44
8237207.0,43,88
8237209.0,29,63
8237227.0,26,75
8237241.0,40,46
8237252.0,30,43
8237253.0,37,63
8237310.0,31,45
8237391.0,37,46
8237458.0,39,41
8237464.0,29,39
8237470.0,28,44
8237505.0,29,56
8237525.0,25,76
8237532.0,37,42
8237586.0,29,42
8237592.0,30,45
8237620.0,38,52
8237664.0,36,49
8237668.0,36,40
8237752.0,29,48
8237813.0,29,39
8237828.0,40,47
8237887.0,37,58
8237912.0,38,54
8237950.0,39,51
8238032.0,37,54
8238085.0,32,43
8238125.0,32,44
8238153.0,34,39
8238233.0,30,57
8238315.0,39,89
8238395.0,38,44
8238400.0,36,39
8238403.0,39,52
8238469.0,36,62
8238473.0,43,89
8238476.0,30,44
8238580.0,37,43
8238657.0,36,61
8238680.0,37,61
8238754.0,34,39
8238812.0,38,53
8238871.0,38,51
8238913.0,32,39
8238913.0,40,46
8238992.0,41,42
8239008.0,29,42
8239043.0,40,48
8239059.0,29,46
8239122.0,30,42
8239129.0,25,76
8239238.0,32,40
8239241.0,39,51
8239248.0,34,40
8239262.0,32,41
8239276.0,38,46
8239300.0,35,43
8239305.0,29,46
8239344.0,40,49
8239346.0,29,41
8239401.0,33,44
8239415.0,28,43
8239454.0,37,41
8239468.0,31,40
8239494.0,38,88
8239523.0,32,39
8239548.0,32,43
8239598.0,37,42
8239644.0,39,43
8239663.0,41,43
8239871.0,32,38
8239895.0,32,40
8239917.0,40,50
8240022.0,40,42
8240100.0,28,42
8240173.0,39,52
8240213.0,40,47
8240235.0,31,53
8240246.0,30,50
8240247.0,37,40
8240256.0,36,63
8240279.0,33,43
8240303.0,30,41
8240333.0,41,45
8240340.0,30,52
8240400.0,35,41
8240431.0,40,49
8240445.0,41,42
8240479.0,35,49
8240508.0,28,41
8240518.0,31,40
8240546.0,28,42
8240699.0,41,44
8240741.0,37,43
8240757.0,30,40
8240759.0,41,43
8240891.0,38,56
8240912.0,38,47
8240914.0,37,44
8240914.0,34,42
8240927.0,33,41
8240952.0,30,47
8240985.0,28,41
8240990.0,31,39
8241093.0,31,38
8241108.0,29,63
8241198.0,37,42
8241198.0,36,44
8241249.0,29,45
8241270.0,32,41
8241371.0,31,40
8241407.0,41,45
8241454.0,29,47
8241456.0,31,44
8241468.0,28,42
8241562.0,37,62
8241568.0,40,50
8241600.0,38,55
8241609.0,30,48
8241614.0,39,53
8241667.0,38,66
8241702.0,37,60
8241780.0,33,42
8241799.0,35,40
8241822.0,31,52
8241835.0,38,54
8241839.0,37,48
8241864.0,29,47
8242003.0,30,39
8242045.0,30,43
8242052.0,37,58
8242075.0,29,61
8242081.0,29,46
8242114.0,37,45
8242116.0,41,46
8242133.0,28,42
8242154.0,37,57
8242166.0,31,40
8242276.0,34,48
8242363.0,28,41
8242376.0,31,43
8242422.0,31,40
8242469.0,30,51
8242483.0,41,47
8242492.0,29,43
8242578.0,57,51
8242595.0,38,67
8242605.0,41,44
8242606.0,35,39
8242616.0,57,50
8242627.0,40,42
8242631.0,36,37
8242638.0,38,44
8242675.0,36,47
8242702.0,29,44
8242797.0,35,43
8242825.0,29,43
8242912.0,38,70
8242918.0,31,43
8242930.0,39,41
8242938.0,57,50
8242950.0,30,42
8242962.0,35,40
8242977.0,38,42
8243055.0,35,39
8243064.0,41,48
8243083.0,39,50
8243102.0,37,63
8243167.0,40,51
8243186.0,29,44
8243202.0,40,50
8243240.0,35,41
8243262.0,44,89
8243264.0,37,39
8243335.0,45,90
8243354.0,39,45
8243416.0,41,45
8243446.0,41,42
8243447.0,31,45
8243450.0,31,53
8243487.0,30,46
8243512.0,41,46
8243557.0,33,38
8243567.0,38,43
8243609.0,28,42
8243624.0,30,61
8243689.0,29,43
8243741.0,40,42
8243749.0,34,36
8243752.0,32,37
8243757.0,40,43
8243763.0,39,41
8243763.0,38,45
8243767.0,31,42
8243829.0,31,56
8243837.0,41,47
8243851.0,31,43
8243875.0,43,89
8243901.0,38,57
8243951.0,30,47
8243969.0,37,38
8244000.0,30,60
8244005.0,42,88
8244029.0,37,61
8244047.0,33,43
8244124.0,41,42
8244193.0,36,42
8244219.0,29,44
8244280.0,28,44
8244314.0,30,56
8244317.0,42,43
8244338.0,32,55
8244338.0,35,40
8244352.0,30,41
8244372.0,33,42
8244391.0,33,55
8244408.0,36,42
8244423.0,39,52
8244449.0,38,41
8244453.0,38,42
8244477.0,30,47
8244515.0,39,41
8244528.0,41,46
8244540.0,31,44
8244557.0,40,52
8244558.0,29,56
8244563.0,38,44
8244623.0,29,44
8244655.0,42,42
8244743.0,41,48
8244783.0,39,54
8244809.0,31,41
8244844.0,29,42
8244853.0,45,101
8244869.0,37,62
8245034.0,38,58
8245058.0,41,42
8245066.0,38,57
8245089.0,38,40
8245096.0,31,54
8245154.0,33,37
8245167.0,40,44
8245176.0,40,51
8245177.0,35,37
8245224.0,32,54
8245268.0,31,59
8245284.0,34,42
8245298.0,38,56
8245331.0,42,87
8245350.0,30,50
8245390.0,32,39
8245408.0,33,39
8245411.0,32,38
8245412.0,42,44
8245422.0,29,57
8245536.0,29,44
8245538.0,33,37
8245587.0,41,42
8245613.0,42,43
8245618.0,31,50
8245643.0,41,49
8245657.0,31,43
8245678.0,31,39
8245728.0,42,45
8245790.0,31,38
8245791.0,31,49
8245794.0,27,68
8245834.0,29,44
8245865.0,31,54
8245959.0,31,40
8246001.0,33,40
8246006.0,37,37
8246028.0,38,46
8246059.0,39,41
8246111.0,38,42
8246116.0,34,43
8246140.0,31,52
8246166.0,33,41
8246194.0,36,40
8246255.0,29,57
8246257.0,32,43
8246263.0,38,38
8246296.0,38,40
8246307.0,32,53
8246341.0,30,46
8246374.0,40,52
8246378.0,41,42
8246380.0,28,69
8246400.0,31,49
8246401.0,33,39
8246416.0,31,40
8246457.0,38,43
8246461.0,39,54
8246515.0,41,49
8246571.0,30,45
8246593.0,32,52
8246595.0,31,54
8246620.0,34,43
8246622.0,38,58
8246627.0,41,47
8246649.0,32,43
8246718.0,35,36
8246724.0,42,45
8246758.0,33,37
8246789.0,30,48
8246849.0,41,42
8246939.0,40,51
8246945.0,26,70
8246951.0,42,46
8247007.0,27,70
8247023.0,32,52
8247028.0,38,39
8247069.0,34,40
8247093.0,40,45
8247165.0,41,43
8247212.0,42,44
8247218.0,29,70
8247233.0,34,40
8247234.0,31,43
8247237.0,39,41
8247287.0,37,59
8247421.0,31,49
8247473.0,39,45
8247486.0,39,42
8247518.0,32,44
8247577.0,41,50
8247578.0,26,70
8247611.0,30,47
8247633.0,39,41
8247668.0,32,43
8247682.0,38,59
8247711.0,31,42
8247822.0,40,44
8247839.0,39,44
8247853.0,34,39
8247917.0,43,43
8247945.0,27,70
8247981.0,40,46
8248069.0,34,41
8248079.0,45,90
8248085.0,32,39
8248086.0,39,43
8248098.0,38,38
8248112.0,33,38
8248170.0,42,47
8248200.0,41,42
8248207.0,31,54
8248232.0,33,39
8248235.0,31,48
8248319.0,34,39
8248345.0,38,55
8248363.0,42,46
8248397.0,30,58
8248403.0,29,47
8248476.0,37,42
8248517.0,32,44
8248566.0,31,57
8248653.0,31,51
8248700.0,31,50
8248717.0,29,47
8248736.0,38,60
8248858.0,41,50
8248874.0,41,42
8248899.0,31,41
8248909.0,36,49
8248911.0,41,43
8248940.0,31,51
8248966.0,28,57
8248976.0,39,41
8248986.0,37,64
8249003.0,41,51
8249014.0,39,42
8249048.0,38,39
8249083.0,40,53
8249133.0,30,43
8249139.0,38,59
8249167.0,42,45
8249172.0,31,50
8249177.0,32,42
8249192.0,33,40
8249222.0,38,58
8249252.0,39,40
8249256.0,33,37
8249295.0,34,40
8249359.0,42,42
8249360.0,34,36
8249392.0,36,47
8249409.0,30,44
8249412.0,40,47
8249459.0,43,89
8249472.0,41,45
8249482.0,31,47
8249491.0,39,55
8249497.0,43,44
8249511.0,28,57
8249515.0,33,37
8249532.0,41,42
8249560.0,41,44
8249577.0,37,60
8249597.0,31,46
8249623.0,33,36
8249669.0,32,40
8249678.0,43,43
8249759.0,39,43
8249809.0,30,42
8249825.0,37,43
8249828.0,35,44
8249837.0,46,90
8249844.0,41,42
8249844.0,42,47
8249877.0,40,52
8249889.0,42,49
8249899.0,32,52
8249911.0,39,46
8249924.0,34,41
8249939.0,39,44
8249979.0,34,38
8249991.0,30,44
8250013.0,31,46
8250051.0,35,41
8250060.0,39,41
8250062.0,31,53
8250199.0,43,44
8250212.0,27,66
8250243.0,32,41
8250307.0,42,48
8250375.0,37,48
8250490.0,54,81
8250499.0,34,40
8250560.0,32,38
8250572.0,31,50
8250577.0,35,40
8250599.0,39,40
8250609.0,26,67
8250621.0,41,46
8250622.0,41,51
8250636.0,31,51
8250644.0,32,43
8250664.0,41,52
8250753.0,39,42
8250755.0,31,48
8250765.0,32,42
8250788.0,42,43
8250792.0,35,40
8250837.0,32,54
8250843.0,37,47
8250864.0,27,66
8250869.0,38,72
8250886.0,35,41
8250974.0,43,45
8251002.0,37,51
8251009.0,33,54
8251018.0,35,87
8251018.0,39,54
8251021.0,30,41
8251026.0,31,45
8251056.0,39,56
8251066.0,31,49
8251076.0,41,49
8251078.0,32,41
8251141.0,32,38
8251194.0,39,39
8251218.0,31,50
8251302.0,32,39
8251302.0,38,61
8251320.0,35,43
8251350.0,40,53
8251355.0,43,46
8251356.0,42,49
8251410.0,30,43
8251441.0,42,50
8251448.0,39,45
8251468.0,35,41
8251510.0,31,51
8251556.0,35,39
8251602.0,35,42
8251652.0,31,49
8251702.0,35,37
8251731.0,58,103
8251737.0,40,54
8251754.0,38,60
8251758.0,39,38
8251764.0,35,43
8251825.0,31,46
8251847.0,37,52
8251913.0,35,38
8251917.0,41,45
8251930.0,35,40
8251942.0,35,41
8251962.0,32,38
8251985.0,33,53
8252068.0,41,52
8252084.0,35,37
8252085.0,32,43
8252133.0,43,44
8252136.0,43,45
8252164.0,35,42
8252177.0,34,42
8252225.0,37,44
8252287.0,30,63
8252316.0,31,43
8252396.0,34,38
8252406.0,30,61
8252426.0,37,61
8252432.0,39,39
8252459.0,31,44
8252478.0,33,53
8252483.0,40,45
8252505.0,36,36
8252520.0,57,59
8252545.0,36,40
8252673.0,40,44
8252690.0,38,37
8252699.0,34,40
8252767.0,40,48
8252778.0,29,64
8252788.0,43,44
8252802.0,39,66
8252838.0,26,65
8252850.0,32,48
8252853.0,31,50
8252857.0,33,43
8252894.0,31,49
8252923.0,39,55
8252961.0,43,46
8252982.0,39,57
8252987.0,35,52
8253020.0,39,68
8253036.0,31,61
8253080.0,32,42
8253091.0,57,59
8253115.0,43,44
8253127.0,44,43
8253199.0,42,50
8253217.0,33,43
8253227.0,33,41
8253264.0,40,41
8253268.0,32,61
8253295.0,33,42
8253304.0,31,45
8253309.0,40,43
8253321.0,31,50
8253347.0,33,40
8253358.0,32,40
8253363.0,57,59
8253414.0,37,42
8253434.0,40,40
8253450.0,33,61
8253521.0,43,47
8253523.0,32,53
8253529.0,43,49
8253542.0,42,88
8253547.0,38,64
8253576.0,34,41
8253615.0,42,49
8253624.0,34,40
8253654.0,38,42
8253679.0,40,42
8253719.0,40,46
8253742.0,41,44
8253753.0,31,61
8253781.0,42,44
8253781.0,38,43
8253786.0,32,46
8253800.0,33,41
8253880.0,34,40
8253882.0,41,53
8253929.0,40,44
8254006.0,35,37
8254042.0,37,37
8254079.0,39,37
8254163.0,40,41
8254178.0,32,51
8254181.0,42,45
8254186.0,41,46
8254196.0,33,39
8254197.0,32,41
8254246.0,41,45
8254248.0,33,43
8254266.0,44,44
8254277.0,39,58
8254278.0,31,55
8254300.0,30,45
8254347.0,39,56
8254363.0,38,37
8254365.0,40,45
8254398.0,42,43
8254412.0,43,49
8254453.0,33,43
8254489.0,31,41
8254497.0,37,36
8254532.0,40,54
8254539.0,31,61
8254551.0,42,51
8254590.0,32,52
8254593.0,32,50
8254601.0,42,50
8254668.0,32,55
8254672.0,40,39
8254675.0,43,49
8254688.0,40,40
8254698.0,43,43
8254750.0,35,41
8254799.0,35,36
8254881.0,38,40
8254900.0,38,63
8254970.0,31,50
8255016.0,43,48
8255047.0,34,37
8255054.0,42,43
8255084.0,42,48
8255092.0,41,52
8255196.0,32,52
8255203.0,38,59
8255206.0,31,41
8255255.0,36,40
8255270.0,35,40
8255276.0,43,47
8255339.0,36,38
8255347.0,35,43
8255511.0,40,43
8255515.0,39,57
8255533.0,35,41
8255551.0,41,47
8255576.0,38,62
8255633.0,39,67
8255654.0,36,38
8255671.0,38,89
8255719.0,33,56
8255749.0,31,55
8255755.0,37,41
8255762.0,44,45
8255774.0,40,39
8255782.0,31,42
8255784.0,31,41
8255841.0,36,44
8255850.0,31,43
8255859.0,40,44
8255871.0,32,49
8255887.0,39,89
8255901.0,42,51
8255901.0,43,49
8255919.0,28,66
8255938.0,40,38
8255941.0,41,53
8255942.0,36,37
8255948.0,49,89
8255959.0,43,50
8255972.0,36,41
8256062.0,34,45
8256103.0,35,39
8256123.0,38,39
8256146.0,33,42
8256152.0,38,68
8256158.0,39,69
8256213.0,35,41
8256296.0,40,47
8256336.0,38,40
8256342.0,36,36
8256366.0,42,43
8256409.0,32,60
8256422.0,44,46
8256445.0,39,59
8256456.0,43,44
8256560.0,43,48
8256580.0,41,48
8256650.0,31,44
8256667.0,29,67
8256792.0,34,40
8256794.0,44,45
8256796.0,39,70
8256832.0,32,45
8256858.0,31,60
8256905.0,39,71
8256947.0,31,43
8256961.0,32,57
8256964.0,33,53
8256977.0,33,43
8257003.0,29,67
8257007.0,41,48
8257063.0,31,59
8257065.0,35,38
8257088.0,43,44
8257093.0,40,42
8257107.0,31,41
8257116.0,42,52
8257118.0,41,42
8257154.0,39,58
8257156.0,32,46
8257190.0,41,41
8257241.0,38,42
8257325.0,34,41
8257343.0,43,50
8257349.0,39,56
8257418.0,44,47
8257436.0,45,44
8257497.0,41,43
8257527.0,43,44
8257541.0,44,46
8257552.0,41,53
8257552.0,38,61
8257583.0,32,59
8257592.0,32,46
8257629.0,33,56
8257638.0,41,40
8257660.0,34,43
8257694.0,34,42
8257701.0,40,55
8257723.0,39,47
8257728.0,43,43
8257772.0,33,40
8257785.0,37,62
8257789.0,39,39
8257795.0,41,54
8257807.0,41,45
8257823.0,33,52
8257847.0,41,44
8257916.0,32,42
8257935.0,43,49
8257941.0,33,54
8257983.0,32,44
8258038.0,57,55
8258041.0,31,43
8258043.0,38,60
8258051.0,41,48
8258061.0,75,54
8258105.0,38,62
8258137.0,43,44
8258139.0,42,46
8258144.0,31,40
8258155.0,32,56
8258172.0,32,58
8258187.0,33,38
8258188.0,39,42
8258230.0,34,44
8258231.0,41,42
8258258.0,42,52
8258332.0,34,39
8258351.0,39,41
8258363.0,36,37
8258380.0,58,56
8258434.0,32,43
8258438.0,42,44
8258447.0,30,60
8258458.0,41,41
8258496.0,39,40
8258534.0,39,44
8258577.0,31,43
8258601.0,31,40
8258617.0,45,44
8258645.0,39,43
8258673.0,34,44
8258675.0,35,37
8258681.0,42,45
8258685.0,41,39
8258716.0,41,43
8258780.0,41,46
8258825.0,36,37
8258834.0,33,54
8258862.0,39,41
8258881.0,44,43
8258925.0,34,38
8258942.0,35,41
8258979.0,32,51
8259051.0,32,41
8259051.0,37,37
8259056.0,42,47
8259072.0,32,56
8259115.0,34,45
8259173.0,44,43
8259205.0,33,51
8259215.0,43,50
8259239.0,43,43
8259242.0,41,38
8259252.0,28,65
8259346.0,58,56
8259372.0,43,44
8259388.0,40,55
8259397.0,41,54
8259439.0,44,48
8259549.0,41,40
8259574.0,31,43
8259595.0,43,51
8259627.0,44,47
8259667.0,35,37
8259672.0,37,38
8259786.0,32,51
8259821.0,37,41
8259850.0,33,46
8259886.0,41,44
8259888.0,30,63
8259910.0,58,56
8259952.0,45,45
8259959.0,41,46
8259970.0,39,66
8259979.0,36,40
8259982.0,37,42
8259994.0,37,40
8259995.0,41,39
8260012.0,33,49
8260040.0,41,45
8260065.0,29,60
8260068.0,40,57
8260087.0,38,38
8260093.0,41,38
8260128.0,34,38
8260148.0,38,36
8260204.0,37,51
8260218.0,39,59
8260301.0,40,46
8260304.0,39,60
8260323.0,29,63
8260335.0,41,49
8260350.0,31,43
8260368.0,39,40
8260372.0,33,50
8260383.0,44,46
8260389.0,42,53
8260423.0,34,40
8260460.0,36,38
8260512.0,39,37
8260544.0,42,46
8260581.0,40,51
8260626.0,33,47
8260643.0,43,45
8260694.0,33,55
8260701.0,32,50
8260737.0,39,70
8260738.0,33,50
8260779.0,43,89
8260861.0,36,43
8260864.0,36,41
8260913.0,35,45
8260919.0,39,67
8260942.0,44,48
8261032.0,39,39
8261081.0,34,56
8261180.0,37,44
8261182.0,41,47
8261233.0,39,42
8261237.0,43,45
8261241.0,39,41
8261243.0,39,72
8261247.0,36,38
8261284.0,42,41
8261325.0,35,43
8261364.0,42,42
8261389.0,32,50
8261463.0,33,50
8261507.0,42,47
8261533.0,34,43
8261581.0,34,41
8261590.0,33,46
8261604.0,35,38
8261635.0,34,42
8261648.0,45,45
8261660.0,33,54
8261664.0,34,56
8261664.0,45,46
8261666.0,44,44
8261678.0,34,40
8261725.0,42,43
8261726.0,33,45
8261743.0,37,44
8261760.0,34,54
8261778.0,39,59
8261798.0,36,38
8261799.0,42,40
8261801.0,30,64
8261805.0,35,38
8261824.0,41,50
8261824.0,42,48
8261872.0,37,63
8261939.0,32,46
8261969.0,39,51
8261972.0,43,45
8261976.0,33,43
8261979.0,37,39
8262040.0,33,45
8262042.0,35,44
8262051.0,33,53
8262077.0,42,47
8262093.0,42,89
8262097.0,35,40
8262107.0,55,88
8262111.0,35,41
8262147.0,37,36
8262151.0,38,63
8262183.0,40,56
8262270.0,45,47
8262290.0,44,49
8262365.0,35,45
8262386.0,43,46
8262409.0,39,51
8262439.0,52,107
8262440.0,42,52
8262472.0,37,39
8262486.0,42,41
8262492.0,39,58
8262553.0,43,45
8262570.0,40,40
8262572.0,32,46
8262584.0,39,60
8262591.0,42,44
8262604.0,42,39
8262614.0,45,46
8262648.0,43,46
8262665.0,33,44
8262669.0,43,52
8262688.0,40,42
8262691.0,38,66
8262693.0,33,45
8262735.0,35,39
8262796.0,33,52
8262810.0,40,41
8262848.0,35,45
8262860.0,38,38
8262866.0,42,43
8262869.0,39,44
8262920.0,40,58
8262955.0,40,44
8262977.0,42,40
8263017.0,42,45
8263020.0,42,42
8263027.0,39,68
8263046.0,37,40
8263068.0,44,50
8263100.0,41,42
8263146.0,33,53
8263185.0,37,38
8263213.0,42,46
8263355.0,37,41
8263376.0,33,49
8263379.0,44,49
8263392.0,35,38
8263397.0,29,63
8263487.0,37,37
8263546.0,35,39
8263554.0,41,89
8263568.0,42,39
8263583.0,42,38
8263607.0,33,52
8263632.0,43,46
8263639.0,45,47
8263663.0,44,46
8263663.0,33,48
8263671.0,43,45
8263703.0,45,48
8263705.0,38,36
8263732.0,38,37
8263769.0,37,42
8263796.0,34,40
8263811.0,40,43
8263817.0,41,55
8263917.0,46,45
8263922.0,54,89
8263960.0,33,42
8263966.0,36,37
8263968.0,46,44
8263972.0,42,43
8263995.0,37,43
8264043.0,33,43
8264056.0,49,86
8264067.0,33,53
8264112.0,35,38
8264134.0,37,37
8264152.0,43,45
8264179.0,38,39
8264181.0,44,51
8264186.0,43,47
8264221.0,44,45
8264256.0,42,54
8264259.0,42,53
8264279.0,33,40
8264303.0,36,37
8264350.0,40,56
8264402.0,45,44
8264456.0,43,47
8264555.0,37,36
8264588.0,36,38
8264603.0,42,45
8264665.0,35,38
8264713.0,33,53
8264784.0,40,37
8264785.0,41,55
8264789.0,44,45
8264888.0,42,38
8264953.0,38,42
8264961.0,35,38
8264979.0,38,40
8264981.0,36,38
8264983.0,42,44
8264987.0,39,59
8265025.0,44,90
8265041.0,40,41
8265047.0,39,60
8265109.0,33,41
8265135.0,37,40
8265203.0,34,53
8265209.0,35,40
8265219.0,45,48
8265253.0,33,51
8265285.0,33,47
8265324.0,43,52
8265441.0,44,50
8265457.0,42,54
8265473.0,44,51
8265496.0,46,45
8265534.0,38,47
8265535.0,40,38
8265545.0,45,47
8265565.0,46,46
8265567.0,33,47
8265568.0,40,42
8265581.0,33,41
8265583.0,35,43
8265597.0,46,91
8265637.0,43,48
8265664.0,37,36
8265729.0,36,40
8265761.0,39,36
8265831.0,33,57
8265860.0,36,41
8265870.0,42,46
8265886.0,34,55
8265935.0,44,45
8265963.0,41,39
8265968.0,39,62
8265990.0,34,48
8266006.0,38,41
8266007.0,41,40
8266009.0,40,43
8266025.0,42,47
8266065.0,40,59
8266078.0,45,45
8266094.0,33,53
8266101.0,43,42
8266137.0,43,43
8266139.0,36,45
8266176.0,43,46
8266179.0,36,39
8266209.0,43,39
8266218.0,40,36
8266251.0,34,46
8266254.0,35,41
8266272.0,36,40
8266275.0,39,36
8266287.0,43,40
8266290.0,34,47
8266365.0,33,52
8266368.0,41,40
8266370.0,38,41
8266403.0,43,46
8266413.0,38,46
8266456.0,36,38
8266459.0,29,43
8266461.0,40,60
8266470.0,43,41
8266470.0,43,44
8266544.0,44,51
8266546.0,43,47
8266648.0,34,47
8266654.0,45,49
8266675.0,38,44
8266676.0,34,50
8266766.0,41,42
8266815.0,43,53
8266852.0,43,47
8266886.0,40,37
8266896.0,29,43
8266902.0,41,38
8266903.0,46,44
8266989.0,33,51
8267001.0,34,40
8267021.0,34,57
8267054.0,36,42
8267056.0,43,39
8267064.0,38,44
8267074.0,41,40
8267083.0,29,69
8267097.0,39,36
8267107.0,34,60
8267135.0,43,42
8267149.0,36,40
8267162.0,33,62
8267218.0,39,61
8267269.0,38,42
8267277.0,41,38
8267283.0,40,40
8267314.0,43,40
8267320.0,34,40
8267331.0,46,47
8267354.0,43,43
8267362.0,40,60
8267417.0,39,36
8267491.0,39,62
8267499.0,34,60
8267502.0,45,48
8267512.0,41,41
8267526.0,43,38
8267610.0,34,45
8267611.0,38,38
8267612.0,38,37
8267630.0,39,41
8267670.0,43,44
8267691.0,41,40
8267711.0,38,41
8267731.0,38,40
8267747.0,41,37
8267757.0,33,51
8267769.0,46,48
8267785.0,34,52
8267789.0,47,45
8267800.0,46,46
8267806.0,32,51
8267821.0,34,41
8267826.0,40,44
8267917.0,39,39
8267998.0,34,47
8268010.0,42,48
8268025.0,36,43
8268069.0,31,62
8268094.0,30,62
8268098.0,34,63
8268112.0,40,60
8268148.0,43,43
8268169.0,34,51
8268186.0,37,36
8268197.0,45,49
8268223.0,41,41
8268347.0,38,62
8268352.0,44,46
8268355.0,43,38
8268358.0,44,47
8268359.0,43,45
8268389.0,39,39
8268434.0,41,39
8268435.0,34,42
8268479.0,31,62
8268507.0,42,54
8268553.0,33,47
8268571.0,45,45
8268577.0,45,50
8268594.0,39,38
8268598.0,33,58
8268622.0,41,38
8268676.0,33,51
8268723.0,39,70
8268763.0,34,44
8268769.0,40,42
8268779.0,46,48
8268846.0,39,40
8268846.0,34,48
8268870.0,37,48
8268889.0,39,37
8268921.0,43,46
8268922.0,34,40
8268995.0,44,50
8269003.0,43,44
8269026.0,36,42
8269052.0,40,59
8269074.0,39,36
8269078.0,46,47
8269105.0,41,44
8269114.0,41,37
8269121.0,47,46
8269125.0,39,63
8269158.0,41,40
8269224.0,31,63
8269225.0,47,45
8269232.0,39,37
8269248.0,34,40
8269268.0,43,54
8269270.0,43,53
8269289.0,38,42
8269347.0,33,48
8269396.0,33,57
8269439.0,33,47
8269484.0,44,52
8269504.0,37,38
8269510.0,43,45
8269518.0,37,40
8269520.0,45,50
8269540.0,42,38
8269599.0,44,50
8269661.0,43,47
8269701.0,42,49
8269708.0,40,66
8269774.0,36,43
8269784.0,31,63
8269857.0,33,48
8269857.0,33,41
8269866.0,41,42
8269871.0,37,37
8270005.0,41,39
8270016.0,36,40
8270030.0,42,40
8270032.0,47,46
8270038.0,34,49
8270059.0,40,37
8270068.0,39,41
8270081.0,40,58
8270096.0,45,46
8270103.0,32,40
8270129.0,39,37
8270147.0,39,61
8270176.0,39,42
8270188.0,37,39
8270197.0,38,39
8270230.0,40,60
8270273.0,32,62
8270284.0,33,47
8270356.0,43,49
8270387.0,37,37
8270389.0,44,39
8270409.0,39,71
8270410.0,39,41
8270412.0,42,40
8270419.0,44,41
8270437.0,43,37
8270487.0,32,40
8270553.0,46,45
8270577.0,43,46
8270612.0,44,42
8270627.0,40,66
8270651.0,37,43
8270654.0,32,60
8270668.0,46,48
8270676.0,33,60
8270747.0,39,65
8270797.0,40,38
8270832.0,40,36
8270850.0,40,66
8270872.0,36,41
8270873.0,56,91
8270877.0,39,42
8270906.0,37,41
8270925.0,41,56
8270928.0,31,64
8270944.0,55,91
8271039.0,35,41
8271040.0,44,52
8271046.0,33,60
8271055.0,44,41
8271067.0,31,63
8271069.0,43,41
8271093.0,39,37
8271105.0,39,38
8271109.0,43,47
8271113.0,45,51
8271127.0,47,47
8271163.0,44,38
8271181.0,42,45
8271203.0,46,49
8271222.0,34,40
8271237.0,33,47
8271247.0,44,43
8271272.0,37,42
8271272.0,42,37
8271292.0,39,64
8271296.0,39,43
8271394.0,35,43
8271541.0,34,53
8271554.0,42,42
8271578.0,39,63
8271605.0,42,55
8271617.0,39,38
8271634.0,42,43
8271636.0,43,54
8271637.0,44,44
8271657.0,39,40
8271665.0,40,39
8271672.0,37,44
8271699.0,36,42
8271718.0,44,47
8271756.0,44,53
8271761.0,42,41
8271770.0,42,90
8271834.0,31,60
8271871.0,45,47
8271902.0,38,38
8271977.0,42,38
8271980.0,44,39
8272021.0,40,59
8272054.0,39,39
8272081.0,35,46
8272083.0,45,50
8272102.0,35,47
8272109.0,47,45
8272133.0,40,91
8272181.0,39,42
8272197.0,41,54
8272200.0,41,44
8272251.0,47,47
8272254.0,39,38
8272259.0,45,47
8272282.0,44,47
8272321.0,40,39
8272339.0,40,40
8272347.0,45,51
8272350.0,39,37
8272367.0,42,55
8272406.0,38,38
8272417.0,44,42
8272453.0,39,43
8272513.0,44,40
8272569.0,48,46
8272597.0,40,37
8272655.0,34,52
8272687.0,34,46
8272692.0,39,37
8272714.0,45,52
8272731.0,35,44
8272741.0,46,49
8272748.0,42,37
8272766.0,44,48
8272769.0,41,58
8272837.0,35,47
8272848.0,39,41
8272913.0,40,42
8272915.0,34,51
8272987.0,46,46
8273011.0,35,42
8273034.0,44,45
8273054.0,42,44
8273070.0,40,41
8273083.0,38,39
8273114.0,45,47
8273138.0,42,40
8273141.0,42,55
8273145.0,41,57
8273170.0,34,50
8273217.0,34,46
8273222.0,34,51
8273264.0,46,50
8273270.0,46,45
8273280.0,38,90
8273311.0,43,54
8273337.0,34,47
8273371.0,38,38
8273399.0,35,45
8273403.0,48,46
8273434.0,35,50
8273447.0,35,47
8273465.0,45,47
8273507.0,40,60
8273542.0,39,44
8273560.0,42,41
8273567.0,47,47
8273594.0,34,47
8273620.0,42,55
8273635.0,33,59
8273642.0,35,43
8273658.0,45,46
8273671.0,43,38
8273679.0,45,40
8273696.0,39,37
8273698.0,39,62
8273733.0,44,45
8273733.0,44,38
8273756.0,47,48
8273767.0,38,38
8273774.0,31,73
8273803.0,35,39
8273813.0,33,50
8273819.0,41,39
8273836.0,46,45
8273890.0,35,49
8273903.0,41,38
8273924.0,43,40
8273984.0,43,55
8273986.0,30,71
8273991.0,35,47
8274000.0,31,59
8274035.0,33,59
8274086.0,35,52
8274113.0,34,60
8274114.0,34,59
8274119.0,35,51
8274123.0,29,73
8274127.0,46,50
8274128.0,43,39
8274148.0,41,59
8274202.0,45,47
8274225.0,41,37
8274269.0,35,40
8274287.0,43,41
8274292.0,42,45
8274318.0,44,43
8274323.0,38,40
8274327.0,43,48
8274330.0,42,56
8274338.0,41,43
8274341.0,42,42
8274350.0,47,45
8274382.0,31,59
8274392.0,40,43
8274442.0,42,55
8274443.0,43,38
8274492.0,45,43
8274505.0,45,39
8274531.0,37,42
8274533.0,33,61
8274536.0,35,48
8274555.0,44,46
8274580.0,35,47
8274594.0,43,39
8274622.0,45,41
8274656.0,40,57
8274657.0,38,52
8274660.0,34,46
8274665.0,33,50
8274688.0,44,47
8274707.0,37,40
8274734.0,35,48
8274806.0,44,53
8274808.0,34,59
8274859.0,47,48
8274865.0,35,50
8274868.0,39,64
8274895.0,41,37
8274913.0,37,50
8274916.0,35,46
8274940.0,46,91
8274981.0,45,42
8274993.0,33,61
8275013.0,48,46
8275041.0,34,55
8275058.0,42,55
8275087.0,43,42
8275094.0,34,46
8275098.0,35,47
8275118.0,40,61
8275122.0,33,59
8275130.0,45,40
8275141.0,38,41
8275192.0,36,41
8275221.0,39,38
8275232.0,44,46
8275236.0,43,37
8275256.0,42,43
8275315.0,43,38
8275322.0,35,55
8275325.0,47,49
8275333.0,35,46
8275392.0,34,55
8275424.0,29,58
8275428.0,38,38
8275461.0,37,44
8275473.0,35,53
8275477.0,40,60
8275480.0,32,59
8275487.0,41,38
8275493.0,36,40
8275494.0,48,47
8275568.0,43,38
8275575.0,42,55
8275588.0,43,43
8275619.0,45,48
8275636.0,40,40
8275646.0,43,40
8275651.0,33,59
8275682.0,35,54
8275684.0,40,39
8275693.0,44,44
8275719.0,44,46
8275731.0,41,57
8275776.0,40,71
8275779.0,40,38
8275790.0,41,38
8275821.0,44,49
8275822.0,45,43
8275830.0,41,59
8275853.0,35,47
8275888.0,41,40
8275891.0,38,42
8275924.0,35,48
8275935.0,41,37
8275971.0,35,57
8275973.0,36,40
8276022.0,38,38
8276032.0,35,46
8276037.0,39,39
8276054.0,43,49
8276085.0,44,48
8276092.0,43,55
8276098.0,40,69
8276099.0,35,60
8276107.0,46,51
8276134.0,46,46
8276142.0,40,41
8276172.0,35,47
8276179.0,38,39
8276185.0,36,42
8276200.0,45,39
8276208.0,31,62
8276217.0,40,44
8276233.0,43,38
8276252.0,46,50
8276278.0,36,47
8276283.0,45,52
8276294.0,47,46
8276295.0,44,47
8276308.0,35,46
8276323.0,40,43
8276390.0,41,39
8276469.0,35,40
8276501.0,45,44
8276514.0,39,63
8276534.0,44,54
8276544.0,35,55
8276554.0,42,56
8276578.0,44,39
8276596.0,40,44
8276600.0,40,72
8276615.0,43,41
8276761.0,37,43
8276778.0,36,40
8276795.0,33,58
8276878.0,42,44
8276998.0,47,47
8277036.0,43,44
8277065.0,35,56
8277104.0,44,40
8277181.0,13,51
8277188.0,43,39
8277198.0,40,42
8277212.0,41,39
8277241.0,47,49
8277318.0,33,56
8277321.0,47,50
8277373.0,45,45
8277414.0,44,42
8277417.0,44,38
8277436.0,46,51
8277482.0,44,50
8277523.0,36,40
8277559.0,13,50
8277562.0,33,58
8277576.0,43,40
8277599.0,38,43
8277619.0,46,40
8277682.0,39,40
8277686.0,36,43
8277689.0,13,51
8277750.0,41,41
8277782.0,41,43
8277787.0,46,47
8277794.0,45,49
8277808.0,40,45
8277830.0,44,50
8277861.0,40,43
8277906.0,41,42
8277927.0,40,68
8277932.0,51,107
8277939.0,38,38
8277953.0,46,41
8277958.0,34,61
8277965.0,48,46
8277974.0,44,38
8277980.0,46,39
8277984.0,38,43
8277988.0,38,40
8278004.0,53,85
8278009.0,44,54
8278022.0,35,47
8278030.0,43,39
8278037.0,39,41
8278039.0,43,42
8278054.0,53,74
8278118.0,48,47
8278160.0,48,48
8278198.0,36,44
8278233.0,45,46
8278245.0,49,47
8278285.0,42,38
8278301.0,36,45
8278313.0,44,48
8278328.0,33,61
8278332.0,41,41
8278340.0,53,85
8278343.0,36,88
8278386.0,39,39
8278404.0,46,42
8278410.0,44,45
8278415.0,45,45
8278435.0,13,50
8278452.0,47,50
8278463.0,41,60
8278498.0,28,66
8278502.0,46,52
8278510.0,41,59
8278514.0,72,51
8278535.0,44,41
8278574.0,13,51
8278656.0,45,42
8278686.0,38,42
8278698.0,43,39
8278725.0,45,53
8278730.0,38,41
8278731.0,46,43
8278737.0,39,39
8278749.0,29,51
8278763.0,47,46
8278803.0,46,41
8278831.0,36,49
8278862.0,37,40
8278903.0,42,39
8278911.0,39,73
8278925.0,28,51
8278986.0,45,48
8278992.0,43,43
8279003.0,38,43
8279069.0,36,46
8279074.0,45,46
8279094.0,41,42
8279116.0,46,48
8279195.0,46,44
8279195.0,29,51
8279199.0,36,49
8279224.0,48,92
8279255.0,41,39
8279305.0,46,40
8279321.0,42,37
8279366.0,48,48
8279451.0,41,38
8279453.0,41,41
8279471.0,35,50
8279486.0,43,45
8279503.0,45,48
8279571.0,40,67
8279572.0,39,38
8279579.0,38,40
8279581.0,35,47
8279593.0,35,51
8279668.0,39,41
8279676.0,41,41
8279699.0,46,42
8279702.0,44,43
8279713.0,39,39
8279731.0,49,47
8279748.0,44,37
8279761.0,42,45
8279800.0,40,38
8279821.0,41,44
8279824.0,46,52
8279830.0,13,51
8279869.0,35,54
8279909.0,44,39
8279957.0,45,54
8279960.0,42,40
8280017.0,39,39
8280062.0,41,60
8280071.0,44,38
8280113.0,29,51
8280150.0,46,39
8280153.0,43,56
8280227.0,40,39
8280241.0,42,90
8280260.0,35,47
8280271.0,45,53
8280291.0,44,55
8280335.0,48,49
8280384.0,42,58
8280385.0,46,51
8280393.0,45,49
8280435.0,41,40
8280467.0,43,44
8280470.0,43,45
8280492.0,46,44
8280509.0,37,89
8280529.0,39,42
8280558.0,45,47
8280571.0,29,51
8280624.0,45,39
8280628.0,35,54
8280630.0,35,47
8280653.0,39,41
8280702.0,44,49
8280736.0,40,39
8280760.0,49,48
8280779.0,36,54
8280785.0,37,42
8280789.0,47,47
8280798.0,36,49
8280799.0,35,47
8280835.0,47,48
8280869.0,38,45
8280884.0,37,41
8280888.0,40,45
8280913.0,45,46
8280932.0,36,48
8280955.0,46,43
8280962.0,36,47
8280969.0,38,46
8281040.0,47,47
8281063.0,42,41
8281076.0,39,64
8281114.0,39,65
8281159.0,47,48
8281176.0,44,44
8281206.0,45,40
8281229.0,39,39
8281255.0,49,47
8281267.0,45,50
8281275.0,45,49
8281281.0,47,51
8281281.0,35,52
8281324.0,36,47
8281331.0,44,47
8281334.0,39,45
8281355.0,45,41
8281356.0,40,62
8281371.0,46,44
8281377.0,46,45
8281397.0,32,62
8281415.0,40,39
8281442.0,39,44
8281457.0,41,42
8281488.0,48,47
8281530.0,39,39
8281536.0,36,50
8281556.0,44,40
8281556.0,43,38
8281672.0,35,54
8281675.0,39,43
8281686.0,46,48
8281709.0,49,48
8281726.0,47,48
8281733.0,45,38
8281755.0,45,41
8281757.0,45,48
8281832.0,42,42
8281839.0,48,47
8281903.0,43,39
8281908.0,47,40
8281917.0,46,48
8281918.0,39,43
8281918.0,45,54
8281949.0,35,51
8281971.0,47,47
8282017.0,40,70
8282019.0,40,63
8282034.0,48,49
8282039.0,46,52
8282085.0,41,45
8282133.0,40,52
8282173.0,46,45
8282184.0,33,58
8282238.0,37,43
8282249.0,47,48
8282286.0,40,40
8282289.0,44,55
8282295.0,39,40
8282317.0,46,53
8282330.0,47,41
8282333.0,47,51
8282341.0,47,42
8282405.0,41,45
8282425.0,43,56
8282503.0,36,47
8282559.0,39,41
8282583.0,35,55
8282587.0,41,59
8282596.0,46,46
8282604.0,44,41
8282632.0,48,47
8282642.0,48,50
8282642.0,46,48
8282673.0,42,39
8282676.0,45,42
8282683.0,49,48
8282685.0,33,58
8282704.0,41,44
8282715.0,42,57
8282754.0,36,42
8282769.0,32,86
8282786.0,41,47
8282798.0,49,47
8282809.0,36,47
8282848.0,38,40
8282855.0,39,39
8282881.0,61,50
8282883.0,36,56
8282927.0,43,45
8282949.0,39,42
8283003.0,33,60
8283026.0,35,54
8283055.0,41,38
8283076.0,46,39
8283091.0,41,43
8283107.0,42,40
8283125.0,42,43
8283136.0,54,82
8283139.0,45,39
8283188.0,48,47
8283197.0,44,42
8283219.0,32,60
8283242.0,45,38
8283245.0,48,46
8283251.0,47,48
8283256.0,46,53
8283294.0,40,41
8283317.0,37,47
8283323.0,36,56
8283336.0,41,57
8283355.0,46,49
8283404.0,43,55
8283436.0,44,45
8283482.0,34,56
8283523.0,39,39
8283547.0,37,44
8283576.0,47,42
8283581.0,43,40
8283601.0,37,46
8283638.0,36,89
8283651.0,47,52
8283694.0,37,45
8283715.0,45,49
8283744.0,37,40
8283763.0,42,41
8283772.0,61,50
8283839.0,36,55
8283856.0,46,50
8283871.0,44,45
8283878.0,39,90
8283938.0,47,43
8283954.0,44,43
8284040.0,36,49
8284041.0,39,51
8284069.0,45,40
8284078.0,47,44
8284118.0,41,57
8284128.0,39,39
8284130.0,36,53
8284148.0,47,48
8284155.0,43,39
8284211.0,35,54
8284236.0,49,49
8284253.0,45,43
8284314.0,48,50
8284387.0,39,39
8284418.0,33,59
8284454.0,45,54
8284486.0,51,105
8284497.0,50,48
8284558.0,44,37
8284561.0,34,56
8284566.0,47,48
8284602.0,48,47
8284616.0,44,38
8284640.0,40,42
8284645.0,43,37
8284705.0,54,91
8284719.0,36,48
8284783.0,45,48
8284788.0,42,57
8284819.0,46,47
8284834.0,47,52
8284836.0,37,40
8284841.0,38,41
8284848.0,48,47
8284855.0,47,46
8284869.0,43,38
8284912.0,40,43
8284944.0,36,50
8284965.0,43,52
8285038.0,35,54
8285040.0,45,41
8285065.0,47,44
8285107.0,43,41
8285124.0,38,49
8285126.0,47,48
8285160.0,37,48
8285202.0,44,37
8285203.0,36,51
8285205.0,48,41
8285211.0,42,42
8285219.0,43,39
8285224.0,47,45
8285225.0,49,47
8285232.0,41,57
8285236.0,42,53
8285273.0,45,47
8285368.0,46,40
8285374.0,36,50
8285385.0,37,43
8285435.0,37,40
8285462.0,53,92
8285494.0,38,41
8285497.0,43,38
8285513.0,43,54
8285541.0,32,58
8285557.0,48,40
8285558.0,49,47
8285602.0,40,45
8285606.0,43,41
8285677.0,50,48
8285685.0,44,41
8285715.0,46,48
8285728.0,48,42
8285752.0,35,54
8285821.0,38,42
8285859.0,46,41
8285865.0,43,37
8285881.0,27,80
8285895.0,42,43
8285917.0,42,41
8285930.0,41,40
8285932.0,36,52
8285944.0,41,45
8285948.0,31,59
8285954.0,44,44
8285955.0,41,57
8285981.0,46,54
8285993.0,45,55
8286012.0,44,55
8286042.0,46,47
8286052.0,72,55
8286119.0,48,51
8286132.0,37,43
8286174.0,47,48
8286203.0,46,42
8286236.0,44,39
8286253.0,49,49
8286262.0,43,42
8286329.0,38,41
8286332.0,47,49
8286335.0,46,41
8286338.0,44,37
8286382.0,43,56
8286393.0,44,46
8286412.0,43,39
8286448.0,37,40
8286455.0,45,42
8286463.0,46,53
8286489.0,42,45
8286541.0,44,40
8286547.0,48,47
8286564.0,48,42
8286587.0,73,55
8286603.0,44,56
8286616.0,36,50
8286660.0,49,50
8286677.0,40,61
8286697.0,41,60
8286704.0,36,51
8286719.0,40,40
8286731.0,33,58
8286792.0,48,48
8286798.0,45,44
8286809.0,47,46
8286817.0,40,41
8286820.0,37,50
8286829.0,43,57
8286888.0,46,48
8286914.0,32,58
8286970.0,48,41
8286973.0,44,43
8287004.0,35,57
8287029.0,41,58
8287030.0,48,43
8287079.0,46,50
8287110.0,48,47
8287132.0,47,45
8287189.0,37,43
8287202.0,40,62
8287224.0,45,49
8287237.0,40,57
8287238.0,38,43
8287241.0,43,40
8287253.0,42,59
8287264.0,43,43
8287279.0,73,55
8287301.0,41,41
8287315.0,35,57
8287326.0,39,44
8287364.0,46,40
8287379.0,46,54
8287443.0,34,55
8287458.0,40,42
8287483.0,48,51
8287500.0,53,98
8287519.0,40,44
8287546.0,45,55
8287564.0,35,54
8287587.0,45,43
8287659.0,42,57
8287671.0,38,45
8287687.0,46,92
8287720.0,41,40
8287751.0,45,45
8287753.0,44,43
8287762.0,42,43
8287768.0,38,40
8287800.0,73,55
8287845.0,38,44
8287847.0,34,55
8287875.0,46,43
8287883.0,48,43
8287917.0,45,91
8287935.0,46,39
8287940.0,40,44
8287961.0,47,46
8287967.0,47,52
8287985.0,47,53
8288012.0,39,41
8288019.0,29,65
8288056.0,39,40
8288065.0,48,44
8288067.0,41,42
8288093.0,28,65
8288119.0,48,40
8288147.0,41,40
8288184.0,37,43
8288220.0,49,48
8288242.0,42,39
8288255.0,36,56
8288261.0,49,47
8288311.0,49,50
8288313.0,39,67
8288339.0,40,69
8288363.0,44,56
8288384.0,45,50
8288393.0,47,40
8288430.0,46,41
8288572.0,45,90
8288596.0,35,58
8288672.0,39,40
8288708.0,72,56
8288718.0,39,41
8288741.0,49,41
8288748.0,46,48
8288756.0,46,44
8288768.0,50,49
8288775.0,49,47
8288777.0,46,54
8288820.0,46,96
8288850.0,47,41
8288856.0,49,51
8288880.0,35,57
8288895.0,43,42
8288918.0,46,49
8289063.0,44,41
8289088.0,40,43
8289104.0,38,47
8289112.0,35,58
8289183.0,43,41
8289228.0,46,51
8289229.0,37,48
8289250.0,47,49
8289327.0,48,44
8289332.0,49,42
8289365.0,46,42
8289367.0,48,52
8289381.0,47,42
8289407.0,45,44
8289419.0,44,45
8289439.0,47,47
8289441.0,37,43
8289507.0,50,48
8289532.0,47,39
8289593.0,45,39
8289611.0,44,42
8289684.0,49,48
8289716.0,46,51
8289727.0,50,48
8289758.0,43,44
8289779.0,39,40
8289781.0,38,46
8289800.0,45,55
8289829.0,44,39
8289873.0,49,41
8289932.0,44,49
8289941.0,41,43
8290041.0,43,57
8290065.0,42,40
8290068.0,37,49
8290090.0,39,40
8290125.0,30,64
8290146.0,39,41
8290154.0,40,49
8290158.0,43,43
8290173.0,41,41
8290177.0,46,49
8290229.0,43,42
8290234.0,48,45
8290283.0,43,44
8290318.0,47,53
8290321.0,40,44
8290342.0,41,42
8290344.0,45,40
8290412.0,51,49
8290414.0,40,63
8290436.0,42,40
8290510.0,49,51
8290521.0,47,40
8290535.0,32,64
8290568.0,49,42
8290571.0,49,40
8290572.0,46,93
8290579.0,42,53
8290586.0,37,49
8290586.0,41,42
8290598.0,50,48
8290618.0,37,51
8290679.0,45,38
8290694.0,45,46
8290726.0,36,53
8290763.0,43,38
8290792.0,39,41
8290801.0,49,43
8290810.0,46,95
8290815.0,43,39
8290818.0,47,50
8290840.0,39,42
8290845.0,47,48
8290849.0,39,44
8290874.0,45,38
8290932.0,46,43
8290970.0,44,46
8290975.0,48,46
8290981.0,43,43
8290996.0,43,38
8290997.0,42,41
8291041.0,37,52
8291044.0,41,62
8291069.0,44,40
8291071.0,47,43
8291122.0,48,40
8291125.0,47,47
8291140.0,48,49
8291164.0,38,49
8291172.0,47,38
8291175.0,33,62
8291186.0,50,50
8291212.0,44,43
8291236.0,41,44
8291249.0,43,45
8291269.0,46,55
8291297.0,44,56
8291332.0,38,45
8291334.0,48,50
8291354.0,40,65
8291403.0,40,64
8291408.0,37,49
8291421.0,42,40
8291459.0,39,40
8291483.0,39,41
8291491.0,46,82
8291552.0,39,89
8291580.0,45,43
8291590.0,41,61
8291600.0,46,50
8291634.0,45,52
8291669.0,45,45
8291675.0,51,49
8291711.0,40,89
8291736.0,45,41
8291755.0,43,45
8291763.0,44,41
8291812.0,41,45
8291828.0,45,46
8291852.0,39,41
8291886.0,41,44
8291910.0,48,48
8291934.0,42,40
8292040.0,41,41
8292098.0,49,43
8292102.0,47,40
8292127.0,48,52
8292136.0,45,94
8292190.0,46,45
8292237.0,42,38
8292322.0,47,41
8292356.0,46,94
8292382.0,46,42
8292403.0,48,41
8292405.0,37,49
8292412.0,49,44
8292431.0,48,46
8292447.0,47,54
8292497.0,50,50
8292528.0,46,39
8292589.0,41,40
8292614.0,47,48
8292628.0,40,45
8292630.0,45,56
8292676.0,46,45
8292680.0,43,40
8292701.0,43,46
8292708.0,40,41
8292736.0,42,60
8292755.0,45,38
8292758.0,41,42
8292773.0,48,53
8292793.0,39,53
8292876.0,41,44
8292900.0,49,45
8292909.0,40,46
8292964.0,45,94
8292968.0,49,51
8292984.0,47,49
8293016.0,45,44
8293035.0,43,46
8293059.0,49,49
8293097.0,42,42
8293114.0,47,44
8293115.0,47,42
8293130.0,44,57
8293191.0,44,44
8293192.0,47,50
8293224.0,48,47
8293233.0,41,44
8293265.0,47,54
8293271.0,45,38
8293275.0,50,42
8293294.0,37,50
8293312.0,37,53
8293335.0,47,43
8293379.0,30,70
8293400.0,46,44
8293412.0,44,41
8293428.0,40,40
8293432.0,41,46
8293432.0,48,39
8293438.0,43,44
8293453.0,41,43
8293470.0,44,44
8293506.0,46,46
8293526.0,44,42
8293526.0,46,38
8293647.0,50,105
8293761.0,42,43
8293775.0,49,52
8293775.0,41,46
8293794.0,45,42
8293807.0,47,54
8293811.0,47,48
8293831.0,49,48
8293868.0,41,40
8293920.0,28,70
8293923.0,47,43
8293938.0,51,50
8293947.0,48,53
8293950.0,48,40
8293968.0,47,50
8294007.0,35,58
8294015.0,45,56
8294065.0,46,43
8294118.0,34,58
8294157.0,48,42
8294165.0,47,42
8294188.0,45,38
8294195.0,46,40
8294201.0,40,42
8294213.0,39,45
8294214.0,44,43
8294235.0,48,47
8294252.0,38,48
8294282.0,49,45
8294318.0,38,46
8294325.0,41,40
8294384.0,50,41
8294403.0,49,44
8294433.0,44,44
8294480.0,43,45
8294524.0,46,55
8294574.0,44,38
8294589.0,45,43
8294609.0,44,39
8294612.0,48,43
8294672.0,41,46
8294697.0,45,93
8294734.0,45,39
8294766.0,50,42
8294796.0,39,44
8294799.0,49,46
8294819.0,46,39
8294820.0,47,45
8294839.0,47,49
8294840.0,29,68
8294853.0,50,43
8294856.0,38,47
8294878.0,48,49
8294882.0,38,46
8294892.0,45,46
8294893.0,37,49
8294900.0,41,44
8294904.0,45,38
8294935.0,50,51
8294979.0,51,50
8294987.0,48,39
8295042.0,37,45
8295082.0,39,44
8295088.0,44,38
8295110.0,49,52
8295113.0,38,50
8295141.0,42,58
8295195.0,43,41
8295218.0,45,40
8295249.0,48,41
8295261.0,31,71
8295359.0,50,49
8295365.0,46,45
8295381.0,44,45
8295390.0,38,50
8295457.0,37,49
8295476.0,43,58
8295545.0,50,106
8295619.0,47,55
8295625.0,47,44
8295630.0,43,40
8295650.0,45,56
8295654.0,49,49
8295718.0,45,44
8295719.0,44,57
8295734.0,44,44
8295744.0,47,51
8295832.0,37,45
8295847.0,50,44
8295864.0,42,41
8295908.0,46,41
8295948.0,45,38
8295971.0,38,56
8295974.0,48,40
8295987.0,44,38
8295990.0,47,43
8296018.0,36,57
8296094.0,42,43
8296228.0,46,92
8296234.0,41,41
8296251.0,44,43
8296255.0,49,46
8296270.0,49,45
8296396.0,48,50
8296398.0,43,40
8296521.0,47,44
8296542.0,45,41
8296562.0,40,43
8296563.0,40,41
8296617.0,50,44
8296626.0,37,45
8296644.0,42,44
8296656.0,49,41
8296659.0,43,42
8296709.0,47,50
8296720.0,48,50
8296743.0,41,40
8296854.0,39,44
8296889.0,44,44
8296896.0,48,41
8296902.0,48,44
8296915.0,46,42
8296919.0,50,51
8296935.0,47,44
8296941.0,48,54
8296961.0,48,51
8296989.0,51,49
8297049.0,46,50
8297078.0,50,52
8297092.0,48,53
8297095.0,35,56
8297119.0,46,55
8297120.0,40,44
8297137.0,43,42
8297150.0,41,45
8297178.0,49,47
8297183.0,48,42
8297188.0,40,41
8297198.0,45,38
8297308.0,46,56
8297328.0,49,53
8297339.0,47,49
8297357.0,49,50
8297382.0,50,45
8297384.0,44,40
8297390.0,47,55
8297404.0,37,55
8297405.0,43,39
8297459.0,47,40
8297469.0,35,56
8297519.0,46,42
8297536.0,39,46
8297546.0,49,42
8297558.0,47,44
8297600.0,48,50
8297669.0,44,41
8297709.0,42,42
8297730.0,44,45
8297815.0,45,42
8297828.0,44,46
8297854.0,45,38
8297916.0,42,45
8297917.0,39,46
8297918.0,43,42
8297922.0,48,54
8297935.0,42,43
8297937.0,48,48
8297959.0,36,55
8297996.0,50,49
8298036.0,42,60
8298053.0,46,42
8298064.0,38,90
8298071.0,43,43
8298128.0,46,40
8298173.0,35,56
8298236.0,39,45
8298263.0,43,42
8298294.0,48,47
8298299.0,48,49
8298301.0,33,60
8298303.0,40,45
8298332.0,39,90
8298337.0,46,95
8298347.0,37,54
8298373.0,51,43
8298396.0,38,48
8298446.0,51,51
8298451.0,34,57
8298482.0,44,46
8298509.0,50,41
8298579.0,37,51
8298613.0,38,90
8298633.0,46,42
8298651.0,45,43
8298683.0,42,46
8298686.0,49,41
8298687.0,46,46
8298695.0,37,46
8298709.0,47,46
8298719.0,50,52
8298740.0,48,42
8298774.0,39,46
8298783.0,38,52
8298821.0,41,62
8298840.0,41,46
8298841.0,47,41
8298846.0,35,56
8298920.0,52,50
8298928.0,47,52
8298954.0,49,40
8298976.0,47,95
8298980.0,47,50
8299030.0,43,46
8299037.0,41,41
8299040.0,41,42
8299069.0,50,46
8299078.0,39,46
8299119.0,40,42
8299173.0,43,58
8299179.0,45,57
8299185.0,47,39
8299192.0,48,51
8299209.0,38,52
8299218.0,49,39
8299229.0,50,45
8299233.0,49,43
8299243.0,49,51
8299256.0,50,44
8299290.0,45,39
8299332.0,50,42
8299365.0,47,46
8299368.0,51,51
8299398.0,41,42
8299409.0,45,44
8299415.0,46,41
8299422.0,57,94
8299432.0,40,64
8299445.0,45,52
8299486.0,49,51
8299514.0,50,50
8299528.0,38,90
8299549.0,47,45
8299553.0,46,56
8299566.0,53,86
8299566.0,45,39
8299591.0,47,39
8299595.0,40,68
8299600.0,46,42
8299618.0,50,42
8299641.0,35,56
8299650.0,49,48
8299673.0,48,43
8299685.0,49,43
8299748.0,41,46
8299760.0,51,44
8299854.0,40,70
8299988.0,49,41
8300043.0,49,50
8300047.0,36,41
8300051.0,33,61
8300053.0,40,67
8300094.0,43,59
8300097.0,46,42
8300110.0,40,66
8300132.0,48,39
8300158.0,49,47
8300214.0,38,50
8300233.0,49,44
8300237.0,47,46
8300273.0,41,42
8300275.0,34,62
8300286.0,49,42
8300294.0,46,43
8300373.0,37,42
8300378.0,52,51
8300444.0,48,40
8300476.0,48,45
8300480.0,50,42
8300497.0,49,50
8300548.0,50,46
8300582.0,49,48
8300593.0,51,50
8300606.0,47,42
8300611.0,45,45
8300626.0,43,44
8300632.0,46,47
8300661.0,45,57
8300667.0,51,43
8300669.0,33,61
8300691.0,50,48
8300718.0,47,51
8300749.0,49,43
8300854.0,41,42
8300877.0,49,53
8300901.0,44,42
8300919.0,45,41
8300950.0,43,44
8300985.0,47,46
8301019.0,45,45
8301026.0,47,47
8301039.0,37,53
8301052.0,45,44
8301089.0,49,54
8301104.0,33,61
8301142.0,43,42
8301169.0,51,52
8301196.0,38,51
8301200.0,49,43
8301232.0,50,53
8301298.0,48,49
8301304.0,39,47
8301318.0,48,53
8301321.0,48,51
8301328.0,51,44
8301335.0,40,43
8301343.0,42,61
8301370.0,48,44
8301378.0,35,59
8301385.0,47,47
8301438.0,40,44
8301445.0,33,61
8301494.0,43,43
8301520.0,45,40
8301522.0,48,50
8301534.0,34,61
8301572.0,50,44
8301575.0,50,48
8301589.0,48,55
8301606.0,52,51
8301609.0,41,42
8301633.0,34,59
8301665.0,51,45
8301672.0,30,69
8301684.0,49,45
8301699.0,47,56
8301708.0,41,43
8301718.0,43,44
8301729.0,48,52
8301780.0,50,40
8301810.0,46,44
8301832.0,40,46
8301835.0,43,43
8301840.0,46,42
8301881.0,50,47
8301892.0,38,52
8301909.0,36,41
8301911.0,40,45
8301913.0,37,52
8301945.0,48,51
8301999.0,52,43
8302028.0,40,43
8302030.0,48,52
8302043.0,33,61
8302060.0,47,46
8302091.0,42,41
8302109.0,41,63
8302118.0,29,67
8302119.0,34,61
8302134.0,47,47
8302136.0,45,45
8302137.0,41,43
8302184.0,41,42
8302195.0,46,52
8302198.0,49,44
8302208.0,48,41
8302248.0,51,49
8302252.0,40,45
8302256.0,47,39
8302275.0,34,58
8302287.0,38,52
8302315.0,51,52
8302335.0,38,55
8302340.0,44,45
8302352.0,33,61
8302352.0,43,42
8302381.0,43,44
8302385.0,44,41
8302402.0,47,47
8302420.0,29,67
8302421.0,44,43
8302428.0,42,41
8302444.0,37,53
8302468.0,42,45
8302510.0,48,49
8302523.0,47,42
8302579.0,44,58
8302582.0,51,49
8302597.0,50,50
8302601.0,46,53
8302608.0,49,39
8302612.0,48,50
8302641.0,49,53
8302661.0,52,42
8302673.0,37,52
8302693.0,49,51
8302707.0,48,46
8302711.0,47,51
8302719.0,35,59
8302723.0,50,53
8302735.0,40,47
8302774.0,48,51
8302793.0,49,42
8302812.0,37,53
8302864.0,50,43
8302897.0,40,44
8302897.0,52,50
8302899.0,43,44
8302943.0,43,46
8302967.0,49,54
8302996.0,50,51
8303001.0,49,43
8303006.0,48,55
8303036.0,42,52
8303051.0,43,45
8303055.0,51,46
8303078.0,42,46
8303105.0,40,43
8303110.0,50,41
8303141.0,43,58
8303153.0,43,46
8303186.0,47,56
8303271.0,40,44
8303308.0,42,41
8303320.0,37,52
8303340.0,46,56
8303370.0,48,51
8303381.0,50,51
8303383.0,52,43
8303393.0,52,44
8303406.0,40,45
8303421.0,50,40
8303423.0,52,50
8303453.0,42,51
8303490.0,48,50
8303524.0,48,45
8303537.0,43,44
8303595.0,46,43
8303623.0,51,52
8303643.0,41,43
8303667.0,40,54
8303692.0,49,49
8303697.0,51,46
8303699.0,48,52
8303723.0,47,42
8303730.0,45,46
8303742.0,43,43
8303763.0,47,41
8303787.0,49,52
8303807.0,47,48
8303894.0,51,50
8303943.0,41,44
8303955.0,49,44
8303968.0,49,45
8303986.0,46,57
8303991.0,50,47
8304006.0,43,46
8304010.0,46,47
8304017.0,37,52
8304023.0,52,52
8304166.0,37,54
8304197.0,45,46
8304200.0,43,44
8304205.0,49,48
8304227.0,51,49
8304260.0,52,44
8304279.0,50,44
8304298.0,47,52
8304312.0,45,45
8304335.0,48,55
8304349.0,46,45
8304366.0,46,40
8304369.0,47,43
8304379.0,45,57
8304399.0,44,43
8304577.0,51,42
8304595.0,50,48
8304629.0,45,41
8304714.0,51,49
8304758.0,43,44
8304820.0,48,42
8304821.0,43,46
8304847.0,47,43
8304862.0,45,46
8304878.0,44,46
8304901.0,50,42
8304928.0,38,51
8304947.0,40,46
8304963.0,47,42
8305004.0,51,50
8305011.0,45,42
8305024.0,50,53
8305027.0,49,43
8305052.0,44,43
8305058.0,42,55
8305075.0,44,44
8305084.0,47,46
8305188.0,42,47
8305199.0,41,54
8305217.0,49,44
8305245.0,45,46
8305263.0,42,46
8305273.0,40,46
8305277.0,43,54
8305285.0,49,49
8305289.0,50,51
8305315.0,52,45
8305348.0,48,51
8305358.0,43,46
8305389.0,38,51
8305448.0,51,51
8305450.0,52,52
8305458.0,51,50
8305477.0,48,46
8305537.0,49,51
8305576.0,43,45
8305614.0,52,50
8305661.0,48,47
8305679.0,51,49
8305686.0,51,50
8305694.0,46,57
8305703.0,41,56
8305720.0,51,53
8305729.0,44,58
8305771.0,42,53
8305791.0,47,53
8305797.0,43,54
8305807.0,39,48
8305812.0,39,51
8305837.0,51,43
8305898.0,35,56
8305919.0,51,47
8305934.0,49,51
8305996.0,50,45
8306048.0,39,50
8306094.0,51,51
8306099.0,42,49
8306102.0,49,46
8306113.0,47,47
8306146.0,50,54
8306179.0,51,54
8306182.0,39,51
8306247.0,51,46
8306258.0,43,45
8306303.0,44,41
8306322.0,48,56
8306361.0,41,46
8306362.0,46,44
8306387.0,50,48
8306503.0,48,45
8306525.0,52,52
8306528.0,46,41
8306551.0,52,46
8306622.0,47,56
8306638.0,51,41
8306639.0,59,52
8306717.0,52,45
8306726.0,48,51
8306747.0,44,45
8306764.0,45,47
8306800.0,51,44
8306802.0,49,55
8306832.0,43,54
8306840.0,49,41
8306910.0,44,42
8306970.0,41,45
8306981.0,44,45
8307004.0,47,44
8307018.0,51,51
8307026.0,53,44
8307084.0,43,45
8307091.0,52,42
8307154.0,44,44
8307198.0,51,47
8307249.0,38,51
8307326.0,40,55
8307353.0,49,45
8307376.0,43,54
8307383.0,49,50
8307388.0,50,43
8307441.0,40,65
8307461.0,45,42
8307464.0,38,52
8307509.0,48,43
8307568.0,48,46
8307576.0,49,55
8307593.0,53,52
8307616.0,48,41
8307621.0,40,46
8307667.0,43,54
8307680.0,45,43
8307694.0,49,40
8307752.0,50,40
8307765.0,51,51
8307788.0,49,52
8307819.0,44,44
8307823.0,51,48
8307828.0,41,63
8307838.0,49,42
8307850.0,42,43
8307901.0,38,50
8307980.0,48,43
8308000.0,51,41
8308075.0,51,53
8308111.0,45,42
8308170.0,45,43
8308173.0,50,51
8308255.0,50,49
8308260.0,42,43
8308284.0,43,45
8308308.0,52,46
8308328.0,53,44
8308334.0,51,51
8308365.0,43,44
8308382.0,51,44
8308427.0,38,53
8308447.0,50,45
8308450.0,51,42
8308474.0,46,41
8308496.0,52,43
8308541.0,47,43
8308592.0,38,50
8308595.0,52,51
8308652.0,51,48
8308666.0,46,46
8308705.0,51,51
8308709.0,48,43
8308716.0,39,49
8308721.0,53,45
8308744.0,43,41
8308762.0,49,47
8308786.0,44,44
8308810.0,46,57
8308823.0,46,45
8308843.0,43,47
8308874.0,50,45
8308917.0,40,48
8308918.0,45,43
8308957.0,44,45
8308971.0,48,43
8308989.0,46,41
8308998.0,46,42
8309001.0,41,45
8309018.0,43,41
8309032.0,50,54
8309067.0,50,44
8309074.0,49,55
8309095.0,40,49
8309114.0,45,43
8309151.0,49,50
8309178.0,48,56
8309229.0,48,48
8309235.0,42,43
8309449.0,45,42
8309467.0,40,47
8309514.0,52,47
8309516.0,43,46
8309517.0,47,41
8309549.0,41,46
8309559.0,48,50
8309561.0,45,46
8309600.0,44,44
8309610.0,48,47
8309629.0,50,46
8309740.0,37,53
8309769.0,51,42
8309773.0,41,46
8309795.0,43,60
8309816.0,40,47
8309829.0,47,45
8309842.0,53,52
8309973.0,51,54
8309992.0,48,51
8309992.0,52,53
8310037.0,43,45
8310051.0,37,53
8310130.0,50,45
8310173.0,47,44
8310190.0,46,41
8310206.0,44,43
8310207.0,44,44
8310218.0,47,45
8310231.0,49,53
8310242.0,49,50
8310247.0,47,57
8310267.0,41,47
8310270.0,35,57
8310284.0,45,47
8310303.0,51,51
8310325.0,30,73
8310341.0,45,42
8310356.0,48,53
8310364.0,49,42
8310382.0,49,47
8310419.0,52,47
8310428.0,39,50
8310438.0,47,53
8310552.0,43,42
8310628.0,48,56
8310639.0,51,48
8310650.0,49,46
8310671.0,44,44
8310672.0,49,53
8310711.0,52,51
8310716.0,43,41
8310724.0,51,45
8310764.0,49,42
8310790.0,41,46
8310827.0,47,45
8310906.0,47,40
8310909.0,53,46
8310942.0,50,44
8311061.0,41,46
8311065.0,51,51
8311112.0,50,49
8311116.0,50,45
8311123.0,50,41
8311126.0,43,46
8311168.0,52,46
8311181.0,44,43
8311214.0,52,53
8311257.0,52,43
8311293.0,42,44
8311325.0,49,43
8311387.0,48,52
8311471.0,50,53
8311483.0,50,55
8311554.0,44,46
8311559.0,45,44
8311585.0,48,44
8311586.0,52,47
8311606.0,46,47
8311633.0,46,46
8311694.0,51,43
8311766.0,42,44
8311782.0,46,43
8311858.0,48,43
8311864.0,47,45
8311894.0,50,50
8311969.0,47,46
8311990.0,52,44
8312004.0,53,46
8312008.0,49,51
8312016.0,50,52
8312190.0,53,53
8312226.0,51,46
8312240.0,48,42
8312247.0,54,44
8312253.0,49,42
8312258.0,45,44
8312277.0,46,42
8312319.0,47,57
8312506.0,49,53
8312524.0,49,41
8312539.0,44,41
8312549.0,48,47
8312594.0,47,41
8312690.0,42,45
8312734.0,52,42
8312776.0,42,44
8312854.0,52,48
8312857.0,49,46
8312860.0,45,47
8312901.0,51,48
8312939.0,50,45
8312975.0,49,48
8312995.0,41,47
8313072.0,46,42
8313131.0,52,41
8313140.0,51,52
8313148.0,54,45
8313153.0,45,44
8313245.0,53,43
8313267.0,42,44
8313279.0,53,46
8313297.0,47,42
8313301.0,51,44
8313327.0,50,47
8313333.0,43,47
8313345.0,43,46
8313374.0,41,46
8313409.0,49,47
8313458.0,51,54
8313515.0,50,50
8313527.0,38,52
8313616.0,49,43
8313624.0,53,43
8313641.0,37,57
8313691.0,43,43
8313691.0,45,42
8313705.0,47,42
8313715.0,45,44
8313778.0,51,49
8313793.0,50,42
8313832.0,52,48
8313846.0,44,47
8313881.0,49,51
8313906.0,52,45
8313977.0,40,48
8314000.0,44,59
8314013.0,53,47
8314050.0,41,46
8314063.0,46,42
8314065.0,52,52
8314074.0,48,41
8314082.0,48,45
8314226.0,46,58
8314239.0,52,45
8314282.0,42,44
8314301.0,48,44
8314302.0,51,46
8314309.0,53,53
8314349.0,38,43
8314349.0,39,53
8314350.0,50,42
8314354.0,48,52
8314365.0,52,42
8314377.0,46,42
8314432.0,53,43
8314439.0,51,52
8314450.0,47,48
8314452.0,45,45
8314531.0,44,44
8314572.0,45,44
8314605.0,41,46
8314633.0,49,53
8314673.0,54,45
8314698.0,42,62
8314709.0,44,46
8314714.0,47,45
8314761.0,41,47
8314774.0,38,54
8314802.0,41,46
8314808.0,43,60
8314833.0,45,58
8314849.0,52,43
8314861.0,42,44
8314871.0,51,44
8314884.0,40,47
8314900.0,46,47
8314901.0,52,45
8314922.0,49,43
8314935.0,36,62
8315051.0,49,47
8315080.0,47,42
8315081.0,39,51
8315103.0,48,53
8315132.0,45,44
8315134.0,54,46
8315166.0,41,47
8315179.0,43,47
8315190.0,53,43
8315193.0,40,47
8315216.0,42,46
8315240.0,48,57
8315261.0,44,46
8315362.0,50,55
8315414.0,50,52
8315429.0,48,48
8315429.0,49,56
8315468.0,46,44
8315519.0,50,42
8315526.0,53,47
8315580.0,49,44
8315591.0,50,47
8315595.0,44,45
8315615.0,45,95
8315622.0,39,55
8315649.0,48,40
8315730.0,51,55
8315764.0,53,52
8315779.0,51,49
8315783.0,45,43
8315807.0,40,49
8315894.0,53,44
8315912.0,41,47
8316016.0,49,56
8316050.0,51,45
8316083.0,53,43
8316111.0,52,54
8316155.0,46,58
8316236.0,49,56
8316236.0,41,47
8316244.0,49,48
8316254.0,48,44
8316272.0,48,49
8316299.0,50,46
8316303.0,51,41
8316397.0,53,43
8316440.0,50,50
8316500.0,47,43
8316514.0,40,43
8316517.0,43,61
8316542.0,38,53
8316549.0,51,51
8316556.0,54,46
8316622.0,46,43
8316687.0,34,63
8316697.0,50,42
8316707.0,48,49
8316794.0,49,52
8316826.0,51,50
8316865.0,50,51
8316926.0,45,46
8316950.0,51,42
8317042.0,50,43
8317073.0,32,65
8317089.0,53,47
8317104.0,48,42
8317142.0,47,47
8317217.0,52,46
8317236.0,52,52
8317257.0,46,43
8317304.0,52,49
8317420.0,44,42
8317436.0,50,53
8317528.0,41,48
8317530.0,49,43
8317550.0,46,47
8317557.0,49,52
8317585.0,41,47
8317604.0,44,47
8317623.0,43,44
8317644.0,50,48
8317657.0,56,96
8317738.0,52,52
8317746.0,49,52
8317765.0,50,53
8317805.0,51,51
8317879.0,40,49
8317910.0,53,48
8317923.0,51,47
8318041.0,48,46
8318068.0,45,94
8318102.0,53,42
8318136.0,43,44
8318269.0,50,51
8318293.0,51,51
8318357.0,46,42
8318366.0,42,55
8318379.0,50,42
8318495.0,51,47
8318497.0,56,96
8318499.0,52,41
8318519.0,40,50
8318549.0,38,55
8318569.0,40,51
8318601.0,52,54
8318649.0,45,45
8318656.0,52,49
8318658.0,43,44
8318661.0,50,47
8318716.0,51,50
8318743.0,43,42
8318753.0,53,54
8318788.0,48,45
8318802.0,39,55
8318803.0,38,55
8318844.0,51,51
8318868.0,52,52
8318870.0,49,51
8318877.0,51,45
8318945.0,46,44
8318969.0,52,44
8318987.0,49,48
8319000.0,49,52
8319051.0,39,54
8319059.0,44,46
8319103.0,39,55
8319241.0,43,44
8319288.0,42,44
8319308.0,53,45
8319311.0,45,44
8319350.0,43,42
8319437.0,44,43
8319472.0,45,43
8319497.0,53,48
8319540.0,50,53
8319559.0,53,44
8319616.0,54,47
8319628.0,54,44
8319656.0,44,47
8319685.0,50,44
8319694.0,43,59
8319726.0,55,45
8319748.0,42,44
8319759.0,53,44
8319759.0,49,41
8319797.0,51,43
8319819.0,44,45
8319852.0,53,54
8319875.0,53,45
8319883.0,52,46
8319910.0,45,45
8319979.0,51,42
8320076.0,51,53
8320116.0,53,43
8320163.0,45,96
8320181.0,48,57
8320224.0,53,42
8320260.0,51,47
8320297.0,49,45
8320403.0,42,47
8320415.0,43,44
8320441.0,49,49
8320447.0,43,46
8320482.0,46,45
8320534.0,39,50
8320572.0,49,54
8320588.0,51,52
8320624.0,51,42
8320636.0,37,50
8320678.0,43,42
8320681.0,37,49
8320708.0,45,47
8320728.0,43,46
8320775.0,47,46
8320873.0,51,46
8320924.0,54,46
8320930.0,50,47
8320964.0,49,49
8320981.0,55,46
8320986.0,52,43
8321003.0,35,59
8321170.0,37,50
8321296.0,45,46
8321300.0,53,45
8321331.0,43,45
8321344.0,35,59
8321361.0,49,57
8321434.0,53,43
8321467.0,52,42
8321514.0,49,53
8321650.0,37,49
8321723.0,52,45
8321732.0,47,57
8321732.0,41,70
8321878.0,50,43
8321893.0,35,60
8321909.0,46,43
8321910.0,51,42
8322001.0,43,43
8322036.0,53,49
8322057.0,43,46
8322062.0,47,44
8322065.0,44,47
8322155.0,49,44
8322172.0,51,42
8322180.0,52,44
8322226.0,37,49
8322237.0,48,43
8322244.0,47,47
8322251.0,45,44
8322261.0,47,44
8322298.0,46,58
8322384.0,52,55
8322391.0,37,50
8322410.0,43,43
8322425.0,47,48
8322436.0,53,48
8322550.0,45,59
8322556.0,44,43
8322590.0,52,50
8322613.0,51,48
8322679.0,52,47
8322820.0,49,56
8322900.0,41,48
8322957.0,47,58
8323006.0,39,51
8323094.0,52,53
8323110.0,37,50
8323121.0,53,46
8323137.0,48,58
8323169.0,51,48
8323207.0,40,57
8323209.0,51,51
8323234.0,39,51
8323298.0,39,52
8323389.0,54,48
8323499.0,42,48
8323542.0,45,99
8323549.0,53,44
8323626.0,39,56
8323679.0,50,52
8323730.0,37,49
8323746.0,44,47
8323765.0,52,42
8323780.0,48,47
8323783.0,44,44
8323815.0,49,57
8323911.0,46,58
8324020.0,45,42
8324056.0,39,52
8324060.0,39,56
8324064.0,50,54
8324069.0,53,49
8324081.0,47,44
8324212.0,49,48
8324231.0,49,46
8324235.0,52,48
8324266.0,44,44
8324283.0,51,46
8324436.0,35,61
8324443.0,55,47
8324460.0,54,47
8324508.0,45,45
8324516.0,53,52
8324618.0,42,47
8324780.0,35,61
8324835.0,39,51
8324866.0,49,45
8324890.0,37,50
8324892.0,51,47
8324921.0,51,48
8324925.0,52,45
8324934.0,48,58
8324950.0,37,49
8324961.0,41,69
8325049.0,38,55
8325080.0,36,61
8325108.0,42,46
8325109.0,37,62
8325115.0,46,43
8325117.0,43,45
8325128.0,48,45
8325172.0,54,54
8325213.0,53,44
8325221.0,37,49
8325227.0,52,43
8325276.0,39,51
8325364.0,49,49
8325392.0,54,45
8325397.0,50,49
8325432.0,51,44
8325453.0,52,55
8325454.0,48,46
8325532.0,45,47
8325541.0,37,50
8325638.0,50,45
8325647.0,54,45
8325679.0,51,53
8325688.0,46,44
8325700.0,34,61
8325718.0,53,53
8325813.0,49,44
8325956.0,49,50
8325995.0,49,53
8326008.0,43,45
8326039.0,52,50
8326047.0,50,52
8326131.0,50,56
8326160.0,52,46
8326242.0,37,50
8326259.0,50,48
8326319.0,47,45
8326321.0,46,46
8326326.0,53,42
8326344.0,51,56
8326375.0,55,47
8326410.0,51,51
8326439.0,40,50
8326464.0,50,51
8326466.0,43,46
8326535.0,46,45
8326610.0,54,48
8326625.0,54,46
8326639.0,54,43
8326677.0,47,58
8326690.0,37,50
8326692.0,43,46
8326780.0,43,45
8326791.0,47,45
8326844.0,53,42
8326879.0,46,45
8327028.0,54,45
8327131.0,54,46
8327341.0,43,45
8327395.0,48,58
8327435.0,44,44
8327520.0,50,44
8327543.0,43,43
8327570.0,53,46
8327631.0,45,46
8327760.0,52,46
8327810.0,43,46
8327855.0,44,44
8327947.0,45,43
8327959.0,47,45
8327990.0,52,47
8328038.0,42,47
8328127.0,54,46
8328149.0,44,92
8328349.0,53,47
8328386.0,46,44
8328399.0,43,45
8328422.0,52,47
8328423.0,43,46
8328541.0,53,42
8328754.0,53,55
8328787.0,53,45
8328932.0,43,45
8328953.0,44,44
8328960.0,54,46
8329023.0,53,47
8329038.0,52,48
8329061.0,47,43
8329174.0,51,47
8329270.0,42,63
8329284.0,51,43
8329320.0,51,48
8329392.0,17,47
8329464.0,43,46
8329496.0,45,42
8329545.0,54,44
8329570.0,51,54
8329610.0,54,46
8329708.0,54,43
8329774.0,53,53
8329779.0,43,91
8329794.0,53,42
8329846.0,52,47
8329877.0,43,46
8329913.0,54,46
8329961.0,50,54
8330013.0,49,54
8330023.0,44,91
8330057.0,53,49
8330104.0,51,54
8330116.0,49,43
8330134.0,42,48
8330189.0,52,56
8330226.0,53,53
8330240.0,53,50
8330330.0,17,47
8330394.0,53,42
8330396.0,39,53
8330493.0,40,53
8330503.0,43,46
8330519.0,50,49
8330535.0,52,47
8330563.0,47,42
8330725.0,55,45
8330729.0,53,47
8330749.0,39,53
8330916.0,49,58
8330935.0,40,53
8330958.0,48,42
8331047.0,43,91
8331114.0,53,42
8331257.0,52,51
8331422.0,38,53
8331456.0,47,42
8331475.0,48,44
8331575.0,39,55
8331635.0,38,56
8331683.0,45,46
8331701.0,53,42
8331713.0,43,47
8331767.0,46,47
8331837.0,51,54
8331853.0,55,47
8331861.0,52,55
8331892.0,47,43
8331894.0,47,42
8331911.0,54,49
8331989.0,53,47
8332011.0,55,48
8332045.0,39,55
8332097.0,53,55
8332144.0,49,57
8332150.0,52,43
8332156.0,51,52
8332186.0,56,46
8332237.0,54,44
8332277.0,50,48
8332307.0,47,48
8332408.0,37,52
8332571.0,45,43
8332576.0,57,98
8332577.0,46,46
8332672.0,49,46
8332704.0,53,50
8332728.0,54,55
8332849.0,37,52
8332880.0,40,52
8332980.0,57,98
8333022.0,41,51
8333064.0,53,42
8333095.0,49,58
8333253.0,46,42
8333277.0,45,48
8333348.0,39,51
8333359.0,44,94
8333489.0,52,51
8333511.0,39,53
8333585.0,53,42
8333610.0,48,49
8333630.0,44,45
8333776.0,52,44
8333786.0,49,47
8333789.0,50,53
8333827.0,41,51
8333894.0,51,48
8333939.0,45,47
8334009.0,51,49
8334012.0,46,42
8334135.0,53,41
8334191.0,50,52
8334328.0,52,48
8334393.0,53,42
8334634.0,41,52
8334697.0,50,57
8334751.0,53,43
8334769.0,48,48
8334840.0,53,42
8334894.0,53,41
8335103.0,45,59
8335107.0,53,41
8335284.0,41,52
8335305.0,44,93
8335326.0,49,58
8335403.0,50,45
8335449.0,41,50
8335455.0,47,59
8335483.0,50,50
8335506.0,46,44
8335610.0,43,61
8335719.0,50,46
8335758.0,47,46
8335761.0,41,67
8335828.0,38,60
8335864.0,56,46
8335906.0,53,45
8336068.0,50,46
8336105.0,44,53
8336142.0,53,46
8336166.0,52,47
8336366.0,40,72
8336465.0,47,45
8336568.0,50,49
8336688.0,48,45
8337168.0,45,44
8337446.0,55,48
8337550.0,47,44
8337587.0,51,52
8337711.0,41,70
8338335.0,40,70
8338343.0,48,44
8338401.0,43,91
8338553.0,39,55
8338620.0,49,54
8338662.0,49,52
8338674.0,49,44
8338792.0,38,54
8338798.0,44,58
8338897.0,40,53
8338940.0,39,55
8339508.0,48,47
8339712.0,44,94
8339852.0,45,47
8340143.0,39,55
8340334.0,50,43
8340378.0,43,45
8340499.0,46,47
8340955.0,43,45
8341072.0,46,47
8341145.0,52,54
8341271.0,51,54
8341308.0,51,44
8341649.0,52,54
8341749.0,51,45
8342365.0,44,45
8342580.0,51,54
8342623.0,43,45
8342969.0,37,54
8343068.0,46,46
8343086.0,51,54
8343358.0,37,54
8343473.0,44,45
8344213.0,41,69
8344250.0,39,54
8344266.0,63,61
8344359.0,44,45
8344405.0,37,58
8344550.0,38,58
8344618.0,63,61
8344857.0,37,58
8344883.0,46,45
8345323.0,58,105
8345580.0,49,58
8345677.0,44,95
8346524.0,37,58
8349584.0,44,98
8350364.0,45,97
8354382.0,56,96
8355191.0,56,96
8356696.0,54,45
8357542.0,34,61
8357585.0,54,45
8357956.0,35,61
8358148.0,52,44
8358151.0,55,45
8358181.0,55,48
8358712.0,55,48
8359077.0,58,97
8359298.0,52,48
8359709.0,45,44
8359775.0,51,49
8360730.0,53,47
8361052.0,46,45
8361432.0,54,46
8361465.0,50,49
8361488.0,51,49
8361877.0,52,47
8362063.0,35,59
8362130.0,55,48
8362201.0,46,47
8362321.0,47,45
8362490.0,50,45
8362526.0,48,47
8362678.0,49,44
8362782.0,53,45
8362788.0,49,47
8362936.0,39,70
8362944.0,50,45
8362956.0,55,45
8362976.0,47,44
8363128.0,50,50
8363387.0,52,56
8363454.0,50,46
8363814.0,51,56
8363915.0,53,55
8364422.0,50,45
8364461.0,51,52
8364522.0,53,50
8364550.0,44,46
8364555.0,48,44
8364715.0,53,55
8364945.0,49,43
8365017.0,50,57
8365505.0,45,47
8365730.0,46,45
8365760.0,53,42
8365881.0,50,53
8365940.0,51,45
8366429.0,51,52
8366475.0,50,53
8366545.0,52,44
8366590.0,50,42
8366707.0,52,48
8366789.0,54,53
8366853.0,45,48
8367207.0,51,52
8367292.0,47,48
8367505.0,35,89
8367509.0,45,44
8367517.0,52,53
8367536.0,39,89
8367551.0,39,90
8367588.0,51,43
8367677.0,46,46
8367705.0,36,89
8367768.0,48,58
8367910.0,53,47
8367919.0,50,43
8368228.0,51,43
8368331.0,47,59
8368461.0,35,89
8368500.0,52,46
8368555.0,45,59
8368578.0,46,59
8368691.0,47,59
8368726.0,45,43
8368741.0,51,43
8368823.0,53,45
8368876.0,52,43
8368917.0,44,100
8368921.0,26,112
8368941.0,44,99
8369000.0,50,44
8369048.0,48,47
8369082.0,46,47
8369157.0,50,53
8369209.0,48,45
8369245.0,47,45
8369256.0,45,47
8369268.0,52,47
8369308.0,47,43
8369332.0,35,89
8369339.0,51,47
8369367.0,46,59
8369446.0,54,48
8369505.0,50,52
8369577.0,50,48
8369588.0,53,49
8369653.0,51,43
8369670.0,50,53
8369779.0,50,49
8369783.0,51,48
8369787.0,51,47
8369836.0,47,59
8369863.0,46,44
8369885.0,50,54
8370030.0,56,46
8370081.0,54,44
8370136.0,46,59
8370234.0,54,43
8370335.0,53,44
8370547.0,42,54
8370557.0,49,45
8370561.0,50,53
8370779.0,53,55
8370805.0,38,55
8370841.0,51,43
8370886.0,46,46
8370908.0,45,46
8370912.0,52,53
8370916.0,53,46
8371184.0,51,56
8371201.0,49,45
8371536.0,53,53
8371553.0,45,46
8371580.0,54,53
8371657.0,54,45
8371712.0,51,44
8371822.0,37,52
8372074.0,54,46
8372115.0,49,42
8372136.0,55,46
8372144.0,40,52
8372164.0,51,54
8372214.0,51,48
8372215.0,37,53
8372262.0,51,43
8372300.0,39,53
8372345.0,50,57
8372508.0,49,49
8372608.0,46,44
8372672.0,45,103
8372737.0,51,43
8372788.0,41,49
8372833.0,49,49
8372896.0,45,42
8372993.0,46,44
8373207.0,52,42
8373285.0,51,46
8373286.0,44,46
8373290.0,50,48
8373323.0,42,47
8373354.0,39,54
8373414.0,47,45
8373443.0,51,42
8373451.0,47,58
8373588.0,54,44
8373638.0,50,49
8373705.0,40,51
8373735.0,51,46
8373742.0,43,46
8373752.0,52,47
8373756.0,51,56
8373892.0,53,45
8373995.0,49,49
8374008.0,52,45
8374033.0,45,43
8374049.0,51,56
8374094.0,46,44
8374108.0,50,43
8374133.0,45,46
8374218.0,51,52
8374228.0,53,49
8374327.0,48,43
8374361.0,52,45
8374409.0,44,104
8374431.0,52,50
8374436.0,53,44
8374446.0,50,52
8374485.0,39,52
8374539.0,51,53
8374686.0,51,46
8374881.0,54,47
8374928.0,40,53
8374939.0,48,46
8374941.0,44,105
8374952.0,46,46
8375002.0,51,52
8375032.0,45,101
8375055.0,53,54
8375312.0,52,53
8375366.0,47,47
8375828.0,51,52
8375877.0,111,98
8376021.0,45,59
8376026.0,53,52
8376031.0,51,52
8376086.0,55,46
8376174.0,52,45
8376243.0,50,45
8376520.0,47,48
8376594.0,45,59
8376643.0,48,47
8376644.0,55,46
8376678.0,53,45
8376715.0,53,46
8376743.0,54,44
8376771.0,53,54
8376870.0,51,46
8376917.0,43,61
8376966.0,44,60
8377094.0,52,46
8377257.0,53,43
8377379.0,55,47
8377395.0,51,46
8377415.0,52,55
8377429.0,53,54
8377443.0,55,45
8377471.0,54,47
8377532.0,47,44
8377555.0,49,44
8377566.0,55,46
8377680.0,46,58
8377697.0,45,59
8377707.0,53,48
8377758.0,44,47
8377773.0,46,59
8377806.0,55,47
8377878.0,51,51
8377905.0,44,44
8377909.0,55,46
8377976.0,45,45
8378168.0,41,65
8378279.0,49,49
8378286.0,46,43
8378299.0,46,59
8378328.0,50,47
8378522.0,46,45
8378552.0,50,52
8378589.0,51,51
8378637.0,44,43
8378658.0,46,43
8379023.0,45,42
8379097.0,42,48
8379106.0,51,46
8379295.0,51,47
8379307.0,48,43
8379316.0,49,45
8379356.0,38,59
8379376.0,50,51
8379434.0,49,47
8379490.0,49,53
8379515.0,55,45
8379553.0,48,45
8379567.0,51,46
8379633.0,44,46
8379638.0,50,48
8379705.0,48,46
8379720.0,49,48
8379753.0,50,44
8379831.0,50,51
8379861.0,48,42
8379909.0,52,42
8379932.0,52,45
8379984.0,54,46
8380031.0,53,44
8380035.0,40,50
8380067.0,54,53
8380077.0,51,46
8380155.0,52,52
8380171.0,53,54
8380360.0,51,50
8380378.0,43,45
8380392.0,43,44
8380436.0,50,53
8380487.0,46,42
8380563.0,49,41
8380566.0,54,52
8380605.0,46,43
8380632.0,52,49
8380641.0,45,47
8380672.0,49,54
8380674.0,41,49
8380756.0,51,46
8380824.0,51,50
8380899.0,54,44
8380933.0,52,45
8380946.0,51,43
8381260.0,46,43
8381329.0,47,43
8381344.0,52,47
8381475.0,45,46
8381483.0,43,46
8381491.0,53,48
8381497.0,86,121
8381524.0,51,42
8381608.0,52,55
8381613.0,46,44
8381658.0,48,54
8381693.0,39,53
8381720.0,52,54
8381782.0,53,42
8381802.0,51,50
8381871.0,46,58
8381876.0,48,42
8381877.0,49,53
8381929.0,41,50
8381930.0,41,48
8381936.0,52,47
8381968.0,52,46
8381977.0,53,54
8382017.0,53,44
8382088.0,50,42
8382091.0,42,47
8382124.0,49,43
8382206.0,51,55
8382412.0,54,53
8382449.0,50,51
8382498.0,53,47
8382560.0,53,45
8382632.0,45,44
8382667.0,49,53
8382776.0,52,47
8382992.0,54,46
8383065.0,51,45
8383069.0,49,52
8383273.0,38,55
8383299.0,51,47
8383342.0,50,46
8383407.0,49,47
8383409.0,54,46
8383646.0,50,53
8383665.0,42,46
8383719.0,51,46
8383846.0,48,44
8383921.0,51,52
8383973.0,50,56
8384090.0,45,43
8384105.0,43,43
8384127.0,44,42
8384306.0,51,53
8384310.0,47,46
8384330.0,52,45
8384375.0,46,45
8384448.0,51,41
8384458.0,47,43
8384488.0,49,45
8384493.0,46,47
8384539.0,41,47
8384545.0,54,46
8384559.0,52,52
8384570.0,49,56
8384574.0,45,43
8384692.0,47,47
8384768.0,40,47
8384806.0,44,43
8384888.0,49,47
8384957.0,45,41
8385000.0,52,54
8385007.0,53,47
8385016.0,46,44
8385078.0,42,45
8385099.0,51,55
8385118.0,50,47
8385136.0,49,47
8385210.0,54,46
8385431.0,52,48
8385466.0,55,46
8385478.0,54,54
8385529.0,49,52
8385599.0,48,57
8385627.0,47,57
8385736.0,46,47
8386011.0,51,48
8386035.0,49,47
8386144.0,54,54
8386146.0,53,52
8386164.0,48,57
8386259.0,49,48
8386359.0,49,44
8386359.0,35,59
8386362.0,52,49
8386407.0,55,46
8386436.0,48,41
8386561.0,53,53
8386614.0,43,43
8386635.0,52,54
8386696.0,47,42
8386738.0,51,49
8386759.0,48,57
8386773.0,54,45
8386844.0,45,43
8386890.0,34,61
8386981.0,44,60
8387023.0,54,44
8387040.0,48,46
8387056.0,55,46
8387088.0,48,44
8387092.0,52,49
8387186.0,52,48
8387360.0,48,57
8387407.0,44,45
8387418.0,54,44
8387421.0,52,54
8387477.0,45,45
8387482.0,50,48
8387490.0,50,50
8387518.0,50,42
8387540.0,49,51
8387602.0,45,42
8387634.0,49,52
8387670.0,42,44
8387716.0,44,41
8387724.0,40,50
8387763.0,50,45
8387883.0,39,52
8387943.0,53,46
8387956.0,43,44
8388006.0,49,56
8388073.0,53,43
8388147.0,52,51
8388201.0,52,44
8388257.0,52,42
8388264.0,43,43
8388378.0,53,51
8388480.0,54,44
8388482.0,47,46
8388616.0,48,57
8388656.0,47,57
8388672.0,47,45
8388744.0,46,43
8388749.0,53,44
8388827.0,49,42
8388936.0,51,42
8388939.0,45,43
8388983.0,48,43
8389012.0,49,57
8389036.0,43,60
8389051.0,38,57
8389066.0,51,45
8389071.0,38,56
8389189.0,50,50
8389223.0,51,43
8389228.0,48,57
8389241.0,52,47
8389286.0,39,51
8389291.0,43,42
8389299.0,45,41
8389404.0,41,49
8389410.0,46,47
8389442.0,45,43
8389498.0,49,57
8389508.0,50,51
8389534.0,49,53
8389538.0,49,51
8389618.0,42,46
8389642.0,40,48
8389663.0,44,44
8389715.0,50,52
8389791.0,54,52
8389807.0,48,57
8389829.0,48,44
8389834.0,49,51
8389834.0,48,58
8389852.0,44,44
8389943.0,38,56
8389989.0,49,43
8390023.0,45,44
8390029.0,48,45
8390030.0,52,51
8390040.0,53,51
8390064.0,35,61
8390074.0,52,53
8390101.0,50,45
8390116.0,41,48
8390199.0,53,45
8390231.0,49,41
8390237.0,49,56
8390242.0,41,47
8390307.0,50,55
8390328.0,48,53
8390339.0,26,44
8390361.0,50,53
8390382.0,44,59
8390422.0,51,48
8390447.0,49,46
8390466.0,48,40
8390511.0,25,45
8390515.0,52,52
8390621.0,43,46
8390641.0,49,53
8390673.0,46,46
8390674.0,47,41
8390686.0,51,54
8390692.0,44,41
8390741.0,53,52
8390760.0,43,42
8390785.0,50,41
8390791.0,39,50
8390792.0,52,43
8390865.0,49,46
8390900.0,50,42
8390939.0,50,46
8390952.0,48,57
8390981.0,43,46
8390989.0,51,46
8391000.0,44,46
8391058.0,49,47
8391079.0,26,44
8391117.0,51,49
8391142.0,45,42
8391165.0,49,50
8391182.0,40,49
8391249.0,41,50
8391281.0,50,47
8391368.0,53,46
8391378.0,41,46
8391398.0,49,46
8391453.0,50,55
8391483.0,47,42
8391500.0,38,53
8391568.0,47,57
8391653.0,52,47
8391690.0,25,45
8391708.0,45,42
8391811.0,49,46
8391838.0,37,58
8391858.0,43,46
8391971.0,38,52
8392003.0,50,44
8392011.0,49,51
8392027.0,52,44
8392039.0,43,60
8392068.0,48,47
8392096.0,17,53
8392103.0,43,42
8392124.0,50,49
8392195.0,51,42
8392204.0,43,46
8392204.0,51,40
8392217.0,18,53
8392270.0,44,43
8392272.0,49,42
8392277.0,53,45
8392326.0,45,46
8392364.0,52,43
8392392.0,52,53
8392400.0,46,43
8392403.0,50,52
8392406.0,48,48
8392421.0,45,42
8392449.0,49,51
8392463.0,47,44
8392505.0,17,53
8392519.0,47,48
8392538.0,48,47
8392552.0,53,44
8392572.0,42,43
8392595.0,49,43
8392636.0,47,45
8392647.0,51,42
8392707.0,49,48
8392718.0,48,42
8392777.0,52,46
8392779.0,46,57
8392802.0,47,44
8392864.0,53,52
8392865.0,48,44
8392898.0,42,54
8392922.0,51,45
8392950.0,43,46
8393083.0,49,55
8393087.0,48,42
8393089.0,47,48
8393104.0,44,53
8393131.0,45,58
8393133.0,48,56
8393203.0,51,44
8393218.0,51,51
8393346.0,49,55
8393349.0,45,44
8393354.0,45,42
8393366.0,49,51
8393382.0,51,48
8393460.0,45,53
8393464.0,48,47
8393480.0,43,41
8393585.0,48,52
8393646.0,51,42
8393658.0,49,50
8393722.0,44,45
8393734.0,49,47
8393755.0,47,41
8393759.0,43,46
8393761.0,49,51
8393782.0,47,48
8393788.0,45,43
8393817.0,50,45
8393819.0,47,44
8393867.0,46,42
8393870.0,46,47
8393873.0,51,42
8393896.0,39,50
8393904.0,41,64
8393940.0,42,45
8393971.0,51,54
8393978.0,43,53
8394052.0,53,44
8394097.0,48,47
8394109.0,47,46
8394134.0,41,66
8394159.0,49,55
8394348.0,48,43
8394393.0,41,66
8394413.0,47,44
8394474.0,43,46
8394486.0,45,99
8394491.0,41,69
8394505.0,44,46
8394512.0,49,52
8394579.0,50,51
8394623.0,52,46
8394639.0,50,49
8394643.0,45,42
8394665.0,43,46
8394802.0,39,49
8394803.0,49,45
8394969.0,49,42
8395000.0,41,69
8395009.0,42,44
8395012.0,51,51
8395026.0,51,41
8395039.0,59,98
8395045.0,45,42
8395185.0,47,43
8395188.0,43,46
8395224.0,52,52
8395232.0,50,46
8395235.0,43,45
8395266.0,50,41
8395275.0,51,41
8395336.0,39,51
8395380.0,51,42
8395440.0,50,40
8395478.0,52,51
8395483.0,50,54
8395487.0,44,58
8395551.0,52,52
8395556.0,45,43
8395575.0,39,52
8395652.0,41,45
8395686.0,51,42
8395701.0,46,41
8395710.0,44,44
8395737.0,51,47
8395763.0,46,46
8395800.0,50,43
8395818.0,49,52
8395894.0,48,46
8395989.0,53,43
8396004.0,21,60
8396026.0,48,56
8396044.0,37,55
8396098.0,48,51
8396159.0,51,52
8396214.0,43,41
8396236.0,46,45
8396253.0,50,45
8396257.0,21,60
8396264.0,42,43
8396276.0,47,40
8396309.0,51,43
8396321.0,47,56
8396337.0,51,41
8396379.0,43,44
8396384.0,50,51
8396507.0,52,52
8396604.0,44,42
8396622.0,49,55
8396645.0,49,46
8396647.0,43,58
8396653.0,53,43
8396667.0,66,98
8396670.0,49,45
8396718.0,42,47
8396729.0,51,44
8396757.0,50,48
8396801.0,53,44
8396821.0,42,61
8396839.0,48,53
8396866.0,43,58
8396867.0,41,44
8396876.0,36,58
8396964.0,49,55
8396973.0,49,44
8396993.0,45,46
8397042.0,44,44
8397049.0,52,45
8397089.0,20,61
8397154.0,49,41
8397217.0,46,41
8397217.0,51,50
8397259.0,44,41
8397266.0,39,50
8397436.0,53,52
8397459.0,41,45
8397474.0,53,43
8397568.0,49,49
8397677.0,39,49
8397681.0,46,45
8397686.0,44,45
8397727.0,51,53
8397730.0,43,60
8397753.0,52,42
8397762.0,48,47
8397765.0,52,50
8397798.0,50,42
8397843.0,52,45
8397853.0,47,42
8397868.0,48,41
8397966.0,53,51
8397988.0,49,55
8398079.0,47,47
8398134.0,53,43
8398137.0,38,51
8398149.0,50,48
8398238.0,50,42
8398315.0,38,52
8398363.0,47,44
8398381.0,51,46
8398390.0,39,53
8398449.0,50,44
8398562.0,43,46
8398645.0,47,46
8398754.0,50,52
8398811.0,50,42
8398824.0,47,48
8398858.0,46,44
8398972.0,52,45
8398975.0,50,54
8399030.0,41,44
8399047.0,53,43
8399076.0,47,43
8399299.0,49,45
8399307.0,48,54
8399331.0,48,50
8399368.0,43,43
8399377.0,48,51
8399444.0,42,47
8399450.0,50,51
8399526.0,51,42
8399527.0,52,44
8399529.0,50,41
8399558.0,53,43
8399580.0,44,44
8399594.0,49,40
8399627.0,53,51
8399645.0,46,45
8399662.0,48,42
8399677.0,49,44
8399719.0,52,45
8399756.0,45,42
8399787.0,51,47
8399808.0,48,43
8399812.0,51,41
8399825.0,43,44
8399835.0,41,47
8399916.0,48,51
8399989.0,44,43
8400041.0,40,48
8400050.0,52,50
8400081.0,41,43
8400152.0,48,48
8400251.0,38,60
8400262.0,53,43
8400272.0,53,51
8400305.0,51,101
8400310.0,49,55
8400361.0,40,46
8400365.0,48,45
8400379.0,51,50
8400403.0,51,53
8400432.0,49,50
8400441.0,49,49
8400443.0,42,46
8400509.0,49,43
8400545.0,51,52
8400717.0,48,55
8400731.0,48,52
8400763.0,47,56
8400783.0,53,43
8400805.0,48,51
8400809.0,51,46
8400832.0,49,43
8400915.0,41,63
8400921.0,47,42
8400923.0,43,45
8400956.0,52,51
8400961.0,49,50
8401010.0,51,42
8401065.0,50,50
8401132.0,51,98
8401132.0,53,51
8401142.0,43,90
8401151.0,46,43
8401164.0,49,55
8401188.0,46,41
8401199.0,52,43
8401211.0,51,53
8401246.0,39,48
8401257.0,48,51
8401280.0,43,42
8401365.0,49,48
8401476.0,41,46
8401509.0,50,41
8401520.0,48,50
8401610.0,53,43
8401627.0,46,56
8401709.0,37,53
8401756.0,53,51
8401769.0,49,45
8401781.0,42,45
8401929.0,53,43
8401975.0,50,43
8402099.0,50,47
8402119.0,49,43
8402127.0,49,55
8402153.0,41,65
8402169.0,47,56
8402171.0,38,53
8402181.0,48,41
8402198.0,51,45
8402214.0,41,53
8402222.0,34,59
8402232.0,47,43
8402264.0,40,45
8402285.0,49,45
8402289.0,43,44
8402372.0,35,60
8402375.0,47,41
8402385.0,34,60
8402392.0,49,51
8402468.0,49,50
8402554.0,43,45
8402661.0,51,41
8402676.0,48,46
8402678.0,50,53
8402684.0,45,41
8402693.0,50,50
8402694.0,42,41
8402712.0,51,50
8402830.0,46,44
8402841.0,47,56
8402870.0,49,50
8403020.0,47,42
8403030.0,43,44
8403077.0,44,46
8403085.0,49,45
8403091.0,49,42
8403104.0,45,42
8403118.0,51,43
8403151.0,50,53
8403184.0,43,58
8403246.0,42,59
8403307.0,49,44
8403377.0,40,89
8403495.0,43,44
8403564.0,50,44
8403571.0,49,54
8403608.0,46,40
8403686.0,43,41
8403694.0,49,45
8403695.0,52,51
8403725.0,52,45
8403732.0,45,43
8403736.0,48,55
8403739.0,50,53
8403754.0,45,44
8403799.0,44,42
8403846.0,52,42
8403855.0,48,49
8403860.0,50,45
8403867.0,41,42
8403879.0,43,42
8403894.0,42,44
8403956.0,44,101
8404051.0,49,45
8404065.0,44,57
8404140.0,45,46
8404147.0,46,56
8404228.0,46,110
8404279.0,47,47
8404289.0,45,110
8404388.0,50,46
8404470.0,48,55
8404513.0,50,40
8404551.0,45,40
8404581.0,48,44
8404602.0,49,44
8404652.0,49,48
8404666.0,49,53
8404706.0,47,56
8404758.0,39,50
8404843.0,49,40
8404853.0,48,40
8404872.0,48,54
8404963.0,50,53
8404969.0,51,44
8405069.0,49,39
8405069.0,40,44
8405103.0,39,51
8405133.0,50,47
8405134.0,50,109
8405145.0,51,52
8405147.0,43,58
8405149.0,46,42
8405207.0,49,52
8405232.0,48,53
8405249.0,44,42
8405377.0,50,42
8405591.0,48,51
8405736.0,50,50
8405739.0,40,46
8405741.0,42,62
8405767.0,41,41
8405767.0,49,51
8405774.0,47,56
8405788.0,52,50
8405821.0,39,47
8405836.0,35,58
8405875.0,48,43
8405896.0,43,58
8405909.0,43,41
8405918.0,47,41
8405934.0,50,53
8405940.0,50,46
8405941.0,46,52
8405962.0,46,47
8405994.0,34,61
8405998.0,45,43
8406067.0,51,51
8406074.0,48,49
8406091.0,50,51
8406093.0,41,42
8406147.0,44,43
8406149.0,49,41
8406177.0,42,62
8406224.0,50,43
8406232.0,45,41
8406309.0,51,43
8406330.0,48,43
8406360.0,37,53
8406385.0,45,43
8406390.0,49,47
8406404.0,46,41
8406418.0,47,40
8406421.0,48,50
8406423.0,44,41
8406436.0,43,43
8406590.0,49,43
8406598.0,50,53
8406705.0,47,50
8406721.0,48,45
8406734.0,51,45
8406734.0,38,49
8406831.0,50,52
8406879.0,42,43
8406919.0,51,49
8406929.0,46,43
8406934.0,49,53
8406945.0,49,50
8407010.0,50,45
8407071.0,47,46
8407139.0,52,49
8407161.0,47,50
8407172.0,48,43
8407198.0,48,39
8407213.0,51,45
8407285.0,37,53
8407321.0,48,52
8407352.0,40,43
8407363.0,48,43
8407390.0,52,50
8407408.0,37,51
8407429.0,50,49
8407432.0,36,57
8407461.0,39,48
8407462.0,51,44
8407498.0,44,43
8407668.0,48,48
8407711.0,50,41
8407728.0,45,43
8407739.0,45,40
8407827.0,51,51
8407868.0,47,42
8408124.0,48,40
8408126.0,46,42
8408164.0,46,46
8408175.0,47,55
8408186.0,48,46
8408205.0,45,43
8408241.0,45,39
8408317.0,51,43
8408334.0,43,51
8408406.0,47,50
8408479.0,49,47
8408526.0,47,53
8408547.0,44,46
8408583.0,51,49
8408627.0,44,41
8408642.0,45,42
8408646.0,50,45
8408664.0,49,44
8408796.0,49,50
8408811.0,52,103
8408841.0,49,53
8408881.0,43,57
8408902.0,49,43
8408905.0,48,44
8409162.0,49,47
8409169.0,49,40
8409181.0,44,57
8409197.0,40,49
8409235.0,49,53
8409289.0,51,42
8409325.0,47,44
8409337.0,43,44
8409356.0,50,49
8409374.0,49,42
8409405.0,43,43
8409422.0,43,42
8409460.0,48,54
8409538.0,52,42
8409551.0,43,57
8409555.0,46,55
8409561.0,50,44
8409569.0,40,42
8409581.0,47,40
8409595.0,30,83
8409604.0,48,48
8409609.0,46,47
8409656.0,45,44
8409745.0,47,45
8409755.0,40,45
8409763.0,47,49
8409768.0,46,48
8409773.0,51,42
8409830.0,42,42
8409876.0,52,42
8409895.0,47,41
8410007.0,44,57
8410011.0,42,60
8410013.0,41,46
8410016.0,49,51
8410032.0,49,46
8410079.0,41,45
8410123.0,48,50
8410182.0,48,53
8410185.0,40,64
8410266.0,39,45
8410267.0,51,50
8410288.0,44,40
8410304.0,48,42
8410351.0,43,47
8410355.0,43,57
8410369.0,42,41
8410416.0,40,66
8410420.0,41,67
8410439.0,49,39
8410444.0,37,56
8410452.0,51,42
8410485.0,36,56
8410495.0,50,51
8410497.0,46,40
8410508.0,42,45
8410512.0,39,49
8410524.0,40,43
8410547.0,49,45
8410553.0,44,44
8410561.0,45,42
8410603.0,26,51
8410612.0,45,41
8410624.0,47,39
8410648.0,40,42
8410656.0,51,50
8410729.0,52,49
8410749.0,42,44
8410806.0,51,42
8410844.0,49,39
8410846.0,45,42
8410854.0,43,57
8410857.0,43,42
8410897.0,42,59
8410907.0,41,46
8410958.0,50,52
8411017.0,41,45
8411091.0,44,57
8411103.0,51,50
8411110.0,49,49
8411138.0,38,50
8411223.0,45,56
8411244.0,49,45
8411314.0,49,52
8411387.0,41,45
8411424.0,43,57
8411435.0,50,43
8411471.0,47,55
8411489.0,46,45
8411550.0,49,43
8411566.0,51,50
8411658.0,47,54
8411721.0,43,57
8411726.0,44,43
8411765.0,44,45
8411817.0,52,43
8411823.0,48,47
8411836.0,49,52
8411843.0,45,43
8411905.0,38,49
8411933.0,41,40
8411934.0,47,49
8411941.0,33,63
8411957.0,45,42
8411969.0,43,41
8411973.0,46,55
8411992.0,46,56
8412090.0,59,52
8412100.0,48,41
8412122.0,51,50
8412212.0,44,56
8412225.0,48,53
8412235.0,49,41
8412261.0,39,44
8412288.0,45,42
8412314.0,47,54
8412318.0,35,56
8412330.0,47,50
8412336.0,46,41
8412375.0,51,42
8412422.0,37,52
8412427.0,44,57
8412482.0,48,43
8412494.0,47,55
8412557.0,46,46
8412560.0,50,51
8412598.0,44,56
8412600.0,40,41
8412613.0,51,50
8412710.0,51,48
8412740.0,43,46
8412752.0,34,59
8412761.0,43,42
8412782.0,26,81
8412787.0,45,41
8412810.0,49,52
8412831.0,59,53
8412840.0,39,46
8412846.0,43,57
8412882.0,47,50
8413022.0,44,40
8413030.0,48,51
8413063.0,37,50
8413109.0,50,51
8413119.0,50,44
8413122.0,51,41
8413145.0,59,52
8413152.0,44,44
8413163.0,47,44
8413226.0,48,50
8413238.0,49,46
8413261.0,38,47
8413281.0,41,44
8413299.0,42,43
8413317.0,47,38
8413322.0,51,50
8413335.0,44,41
8413397.0,50,43
8413405.0,52,44
8413406.0,48,40
8413428.0,42,41
8413496.0,35,59
8413509.0,47,50
8413535.0,43,41
8413574.0,46,56
8413583.0,51,50
8413585.0,47,54
8413630.0,49,50
8413655.0,50,44
8413675.0,34,58
8413682.0,33,61
8413706.0,53,106
8413813.0,48,42
8413858.0,45,41
8413889.0,47,48
8413941.0,46,40
8413965.0,33,62
8414011.0,50,93
8414092.0,47,55
8414093.0,35,57
8414093.0,47,50
8414107.0,44,56
8414125.0,49,40
8414183.0,39,43
8414186.0,49,42
8414207.0,45,46
8414298.0,50,94
8414338.0,47,42
8414385.0,41,61
8414391.0,43,45
8414412.0,41,44
8414434.0,43,40
8414473.0,45,55
8414544.0,40,42
8414595.0,44,43
8414616.0,41,42
8414696.0,49,44
8414726.0,50,49
8414731.0,46,56
8414763.0,40,89
8414765.0,38,51
8414785.0,51,50
8414791.0,50,42
8414805.0,49,45
8414819.0,50,50
8414859.0,47,55
8414867.0,48,46
8414888.0,47,45
8414908.0,39,44
8414918.0,46,50
8414930.0,39,45
8414952.0,48,47
8414994.0,45,40
8415061.0,43,50
8415066.0,44,42
8415070.0,44,50
8415100.0,44,39
8415103.0,50,41
8415112.0,42,42
8415119.0,51,49
8415123.0,36,60
8415136.0,43,45
8415233.0,46,44
8415257.0,50,48
8415257.0,46,45
8415279.0,46,49
8415370.0,50,42
8415396.0,47,48
8415484.0,48,42
8415497.0,50,41
8415505.0,49,92
8415582.0,37,86
8415589.0,44,43
8415597.0,48,43
8415598.0,39,89
8415611.0,38,52
8415634.0,48,44
8415642.0,46,39
8415647.0,49,45
8415657.0,39,42
8415690.0,48,49
8415758.0,34,57
8415846.0,48,47
8415869.0,51,50
8415899.0,31,66
8415969.0,45,42
8415986.0,48,41
8415991.0,50,94
8415996.0,47,51
8416046.0,50,42
8416087.0,47,42
8416126.0,50,51
8416134.0,46,48
8416189.0,48,52
8416267.0,49,51
8416291.0,47,53
8416308.0,47,42
8416336.0,47,41
8416336.0,42,51
8416348.0,45,55
8416349.0,37,51
8416393.0,40,45
8416475.0,42,44
8416478.0,47,50
8416493.0,48,50
8416512.0,44,56
8416518.0,47,47
8416531.0,43,40
8416540.0,49,45
8416555.0,50,41
8416560.0,37,49
8416561.0,49,44
8416573.0,47,44
8416589.0,46,46
8416618.0,41,40
8416637.0,47,43
8416691.0,40,41
8416692.0,43,44
8416764.0,41,41
8416814.0,43,45
8416835.0,47,41
8416851.0,38,46
8416854.0,45,39
8416857.0,44,41
8416874.0,50,41
8416895.0,40,45
8416911.0,41,44
8416989.0,49,43
8417003.0,50,42
8417083.0,65,61
8417100.0,44,44
8417166.0,48,41
8417184.0,49,48
8417190.0,50,49
8417215.0,48,47
8417219.0,48,46
8417331.0,45,41
8417401.0,42,41
8417404.0,38,47
8417412.0,49,41
8417499.0,46,43
8417503.0,48,47
8417505.0,39,42
8417526.0,43,41
8417527.0,42,42
8417579.0,49,45
8417598.0,48,53
8417721.0,46,38
8417796.0,40,45
8417817.0,48,49
8417817.0,46,54
8417855.0,37,50
8417855.0,36,54
8417871.0,44,43
8417905.0,47,41
8417916.0,49,49
8417937.0,36,51
8417956.0,45,45
8418073.0,40,63
8418076.0,48,52
8418131.0,49,41
8418169.0,46,52
8418174.0,46,54
8418201.0,40,45
8418277.0,49,48
8418280.0,46,49
8418310.0,41,45
8418323.0,42,45
8418352.0,39,41
8418377.0,43,43
8418379.0,39,43
8418411.0,43,39
8418414.0,51,48
8418417.0,46,44
8418432.0,43,56
8418465.0,48,41
8418476.0,64,98
8418512.0,47,40
8418528.0,49,45
8418563.0,38,45
8418620.0,46,48
8418663.0,46,40
8418683.0,51,49
8418750.0,41,62
8418800.0,36,50
8418803.0,47,47
8418850.0,36,53
8418867.0,37,62
8418904.0,46,42
8418940.0,49,42
8418948.0,40,45
8418984.0,49,45
8419007.0,50,49
8419037.0,48,40
8419080.0,36,52
8419098.0,44,42
8419206.0,40,43
8419209.0,45,40
8419232.0,47,53
8419243.0,47,42
8419247.0,47,47
8419251.0,48,45
8419316.0,49,42
8419381.0,49,50
8419399.0,49,43
8419427.0,38,88
8419497.0,46,42
8419503.0,40,44
8419505.0,41,43
8419513.0,43,42
8419663.0,50,47
8419678.0,50,50
8419679.0,45,44
8419706.0,38,43
8419724.0,40,45
8419782.0,48,44
8419788.0,47,43
8419794.0,40,66
8419811.0,46,54
8419866.0,42,41
8419889.0,37,88
8419922.0,49,42
8419993.0,47,41
8419999.0,65,98
8420009.0,50,41
8420017.0,47,39
8420031.0,50,42
8420146.0,38,44
8420190.0,47,47
8420197.0,43,44
8420210.0,47,54
8420243.0,46,44
8420255.0,45,47
8420282.0,50,41
8420283.0,44,40
8420290.0,50,44
8420293.0,46,42
8420315.0,41,42
8420329.0,39,40
8420355.0,42,58
8420475.0,47,47
8420498.0,46,54
8420513.0,45,46
8420547.0,37,54
8420550.0,38,45
8420560.0,50,42
8420595.0,48,48
8420614.0,47,54
8420671.0,40,42
8420700.0,49,51
8420727.0,46,82
8420784.0,45,39
8420815.0,40,41
8420819.0,47,46
8420837.0,45,38
8420841.0,37,49
8420875.0,45,40
8420890.0,49,41
8420927.0,46,48
8420965.0,44,41
8420984.0,49,50
8420988.0,37,88
8421065.0,40,65
8421179.0,46,41
8421251.0,49,48
8421310.0,48,51
8421313.0,50,42
8421316.0,46,48
8421357.0,46,49
8421367.0,43,42
8421395.0,45,45
8421399.0,49,43
8421449.0,43,41
8421483.0,46,43
8421522.0,47,53
8421525.0,45,54
8421617.0,42,40
8421655.0,38,42
8421690.0,50,42
8421695.0,42,44
8421777.0,47,52
8421790.0,46,54
8421797.0,48,51
8421864.0,46,49
8421880.0,48,44
8421890.0,34,56
8421934.0,48,49
8421988.0,47,42
8422008.0,43,41
8422012.0,48,43
8422026.0,42,59
8422110.0,47,49
8422193.0,42,44
8422206.0,46,48
8422224.0,36,59
8422290.0,50,47
8422309.0,38,46
8422326.0,39,40
8422327.0,43,42
8422356.0,46,40
8422371.0,43,43
8422398.0,49,49
8422426.0,51,48
8422433.0,45,38
8422449.0,46,48
8422457.0,49,47
8422463.0,48,51
8422480.0,46,54
8422485.0,41,42
8422522.0,47,45
8422565.0,42,42
8422588.0,41,59
8422615.0,47,41
8422621.0,45,55
8422634.0,46,50
8422689.0,41,60
8422695.0,46,47
8422696.0,44,45
8422712.0,42,59
8422766.0,40,40
8422824.0,38,43
8422829.0,44,39
8422841.0,33,60
8422841.0,45,43
8422901.0,48,51
8422951.0,50,48
8422981.0,42,44
8422983.0,38,89
8422993.0,42,39
8423044.0,41,43
8423050.0,47,40
8423066.0,43,41
8423099.0,46,55
8423106.0,45,55
8423193.0,47,50
8423200.0,44,40
8423208.0,43,38
8423240.0,43,44
8423248.0,46,48
8423250.0,42,60
8423283.0,42,44
8423303.0,35,57
8423315.0,36,50
8423331.0,43,39
8423460.0,43,41
8423477.0,42,59
8423497.0,40,45
8423529.0,37,88
8423534.0,44,55
8423622.0,46,42
8423651.0,43,45
8423723.0,46,48
8423723.0,40,41
8423745.0,37,46
8423821.0,49,49
8423937.0,42,59
8423974.0,45,42
8424011.0,47,52
8424038.0,47,48
8424083.0,46,40
8424090.0,49,50
8424100.0,37,88
8424134.0,38,42
8424171.0,44,42
8424252.0,41,41
8424345.0,36,49
8424353.0,48,42
8424395.0,45,42
8424397.0,47,46
8424418.0,42,60
8424427.0,45,49
8424461.0,44,49
8424471.0,42,45
8424546.0,48,50
8424576.0,36,52
8424614.0,48,51
8424656.0,40,62
8424684.0,42,60
8424728.0,40,71
8424729.0,40,43
8424775.0,46,46
8424779.0,33,59
8424813.0,44,44
8424816.0,44,39
8424858.0,38,41
8424890.0,47,52
8424966.0,42,43
8425010.0,49,50
8425034.0,43,42
8425036.0,48,43
8425116.0,44,44
8425148.0,46,39
8425239.0,47,51
8425240.0,37,87
8425247.0,45,42
8425265.0,46,53
8425282.0,43,40
8425284.0,42,38
8425292.0,39,45
8425463.0,42,58
8425466.0,44,38
8425471.0,39,43
8425486.0,46,47
8425515.0,47,44
8425516.0,48,47
8425529.0,49,47
8425534.0,48,48
8425574.0,45,42
8425592.0,40,44
8425626.0,44,44
8425633.0,46,42
8425658.0,33,65
8425659.0,46,53
8425672.0,44,50
8425705.0,47,38
8425732.0,42,43
8425738.0,39,44
8425849.0,39,43
8425923.0,44,50
8425926.0,38,40
8425947.0,45,37
8425951.0,45,44
8425972.0,33,58
8425991.0,37,48
8426000.0,45,48
8426007.0,36,48
8426025.0,39,44
8426033.0,46,49
8426090.0,47,52
8426133.0,41,61
8426154.0,46,52
8426205.0,42,39
8426218.0,48,41
8426246.0,45,54
8426319.0,42,42
8426326.0,42,44
8426379.0,45,42
8426401.0,47,43
8426409.0,41,40
8426422.0,43,39
8426458.0,39,43
8426493.0,45,43
8426500.0,46,38
8426553.0,45,41
8426643.0,58,118
8426669.0,49,48
8426698.0,44,54
8426724.0,40,42
8426734.0,43,55
8426739.0,48,50
8426745.0,46,53
8426762.0,45,53
8426767.0,46,40
8426807.0,46,52
8426813.0,50,47
8426832.0,46,95
8426877.0,44,41
8426896.0,47,51
8426903.0,37,47
8426929.0,70,58
8426934.0,46,41
8426977.0,48,43
8426978.0,50,48
8426990.0,47,39
8426993.0,46,53
8427014.0,43,38
8427016.0,41,58
8427025.0,36,50
8427113.0,45,47
8427173.0,70,58
8427175.0,39,43
8427196.0,44,39
8427208.0,37,44
8427222.0,46,43
8427248.0,47,44
8427310.0,48,40
8427340.0,50,47
8427360.0,44,45
8427383.0,45,42
8427399.0,43,42
8427460.0,43,45
8427499.0,42,56
8427502.0,43,38
8427545.0,33,45
8427559.0,39,44
8427581.0,46,46
8427607.0,47,49
8427710.0,41,59
8427780.0,38,44
8427794.0,43,41
8427802.0,44,37
8427807.0,43,40
8427811.0,42,41
8427827.0,34,58
8427840.0,35,58
8427862.0,40,41
8427863.0,37,43
8427883.0,47,39
8427896.0,41,39
8427896.0,40,43
8427933.0,39,40
8427959.0,42,38
8428024.0,57,118
8428055.0,39,44
8428068.0,45,43
8428084.0,39,42
8428089.0,39,41
8428095.0,42,56
8428106.0,37,46
8428190.0,34,57
8428206.0,36,54
8428309.0,64,56
8428336.0,45,40
8428380.0,47,42
8428383.0,44,43
8428401.0,38,41
8428436.0,47,48
8428480.0,50,47
8428570.0,44,44
8428602.0,36,48
8428609.0,48,49
8428616.0,36,47
8428660.0,48,42
8428676.0,64,56
8428676.0,43,38
8428679.0,46,40
8428693.0,49,46
8428723.0,39,42
8428729.0,47,39
8428731.0,39,45
8428815.0,48,46
8428823.0,45,42
8428824.0,47,43
8428832.0,47,47
8428844.0,48,47
8428853.0,35,50
8428891.0,37,42
8428911.0,37,49
8428952.0,43,44
8428956.0,35,51
8428966.0,46,52
8429020.0,49,48
8429054.0,41,39
8429073.0,35,55
8429135.0,45,39
8429260.0,46,39
8429316.0,44,42
8429360.0,47,39
8429394.0,41,56
8429399.0,49,48
8429484.0,39,42
8429486.0,43,38
8429505.0,45,53
8429517.0,45,47
8429533.0,43,55
8429567.0,42,40
8429572.0,46,48
8429581.0,40,68
8429622.0,41,43
8429644.0,45,39
8429684.0,43,40
8429714.0,43,52
8429777.0,42,39
8429797.0,35,53
8429811.0,36,49
8429833.0,44,38
8429836.0,44,99
8429877.0,41,60
8429878.0,40,70
8429951.0,35,55
8429957.0,52,115
8429963.0,40,67
8429970.0,40,62
8429981.0,47,50
8430004.0,42,40
8430049.0,45,48
8430057.0,45,38
8430086.0,42,42
8430164.0,43,39
8430178.0,43,55
8430205.0,48,49
8430259.0,40,41
8430311.0,37,43
8430325.0,41,60
8430379.0,45,41
8430403.0,46,44
8430481.0,40,62
8430498.0,47,41
8430574.0,45,49
8430583.0,39,42
8430602.0,45,48
8430606.0,39,44
8430644.0,37,41
8430650.0,49,47
8430668.0,44,44
8430829.0,45,46
8430865.0,48,46
8430888.0,44,41
8430892.0,49,48
8430924.0,42,40
8430959.0,32,60
8430963.0,35,52
8430966.0,43,55
8430973.0,38,44
8430989.0,40,63
8430994.0,34,59
8430997.0,40,40
8431014.0,35,54
8431063.0,44,54
8431066.0,47,42
8431068.0,47,51
8431095.0,44,37
8431101.0,40,42
8431102.0,42,41
8431131.0,42,43
8431230.0,43,55
8431239.0,43,37
8431261.0,41,38
8431294.0,37,42
8431314.0,45,40
8431322.0,37,40
8431347.0,46,52
8431375.0,46,51
8431392.0,47,40
8431400.0,39,43
8431402.0,46,54
8431417.0,48,48
8431501.0,35,55
8431559.0,41,63
8431572.0,32,62
8431606.0,44,43
8431611.0,40,62
8431613.0,41,42
8431632.0,40,63
8431655.0,42,38
8431700.0,47,47
8431717.0,46,49
8431737.0,36,45
8431756.0,41,38
8431776.0,42,40
8431801.0,47,51
8431836.0,47,50
8431839.0,46,52
8431857.0,42,55
8431862.0,35,51
8431880.0,40,51
8431904.0,43,53
8431909.0,33,62
8431926.0,36,47
8431981.0,41,42
8432000.0,43,38
8432002.0,43,44
8432017.0,47,46
8432081.0,31,60
8432102.0,41,38
8432116.0,46,47
8432126.0,39,42
8432130.0,44,48
8432184.0,49,47
8432304.0,39,51
8432338.0,35,55
8432449.0,44,53
8432454.0,45,41
8432530.0,43,39
8432616.0,45,37
8432620.0,38,42
8432640.0,41,63
8432681.0,47,51
8432700.0,41,42
8432706.0,38,41
8432720.0,45,40
8432753.0,43,54
8432769.0,35,50
8432820.0,43,37
8432821.0,46,43
8432822.0,43,44
8432965.0,40,39
8432969.0,41,41
8433045.0,47,51
8433084.0,32,63
8433126.0,40,63
8433146.0,44,45
8433158.0,45,48
8433222.0,43,54
8433264.0,45,47
8433292.0,40,61
8433317.0,43,45
8433403.0,36,44
8433428.0,44,40
8433436.0,41,42
8433510.0,40,63
8433536.0,47,46
8433542.0,48,47
8433572.0,46,52
8433584.0,40,40
8433585.0,38,43
8433597.0,39,41
8433715.0,45,47
8433762.0,34,56
8433773.0,39,61
8433779.0,49,46
8433786.0,35,55
8433796.0,38,43
8433800.0,45,42
8433897.0,48,48
8433931.0,45,52
8433974.0,46,42
8434026.0,41,43
8434044.0,41,42
8434101.0,47,49
8434112.0,45,45
8434134.0,52,45
8434147.0,44,42
8434183.0,33,57
8434191.0,36,50
8434226.0,43,42
8434268.0,44,39
8434310.0,42,55
8434322.0,46,52
8434338.0,46,42
8434366.0,46,48
8434380.0,45,52
8434387.0,45,39
8434388.0,29,63
8434393.0,49,46
8434418.0,44,43
8434465.0,44,47
8434478.0,36,43
8434488.0,40,60
8434493.0,53,45
8434531.0,41,89
8434574.0,42,40
8434586.0,52,45
8434589.0,46,47
8434632.0,40,38
8434660.0,34,55
8434687.0,45,46
8434691.0,41,42
8434692.0,40,39
8434777.0,40,44
8434777.0,35,55
8434780.0,42,57
8434805.0,41,57
8434857.0,38,40
8434864.0,45,40
8434883.0,42,39
8434887.0,48,55
8434934.0,44,38
8435008.0,36,45
8435054.0,41,89
8435074.0,36,46
8435118.0,45,52
8435159.0,46,51
8435165.0,45,46
8435232.0,40,43
8435265.0,41,57
8435278.0,42,57
8435291.0,46,50
8435343.0,41,40
8435373.0,35,55
8435397.0,41,58
8435455.0,35,48
8435468.0,36,48
8435471.0,48,55
8435485.0,42,38
8435486.0,41,59
8435529.0,46,43
8435529.0,46,41
8435544.0,53,45
8435557.0,46,40
8435579.0,44,37
8435618.0,44,53
8435701.0,43,54
8435708.0,45,52
8435749.0,41,58
8435770.0,44,41
8435831.0,38,41
8435836.0,45,44
8435838.0,46,42
8435850.0,41,55
8435865.0,49,54
8435867.0,46,41
8435877.0,42,37
8435895.0,44,48
8435923.0,39,64
8435965.0,41,89
8436088.0,52,45
8436104.0,44,46
8436106.0,47,49
8436122.0,46,47
8436149.0,35,48
8436228.0,39,64
8436268.0,39,40
8436307.0,36,41
8436328.0,47,48
8436333.0,38,41
8436340.0,45,46
8436360.0,41,39
8436364.0,45,49
8436382.0,43,41
8436394.0,35,48
8436478.0,49,54
8436513.0,41,40
8436568.0,44,48
8436583.0,47,39
8436590.0,43,54
8436596.0,42,38
8436625.0,53,45
8436636.0,39,41
8436674.0,43,42
8436717.0,52,45
8436749.0,43,44
8436801.0,47,48
8436811.0,43,41
8436883.0,42,41
8436921.0,41,41
8436942.0,47,46
8436942.0,45,45
8436964.0,41,58
8436985.0,44,40
8437018.0,45,46
8437042.0,40,42
8437062.0,39,65
8437084.0,43,42
8437143.0,46,39
8437146.0,43,54
8437170.0,39,39
8437182.0,43,43
8437247.0,45,43
8437255.0,46,46
8437306.0,45,52
8437348.0,36,88
8437359.0,59,53
8437424.0,35,49
8437434.0,41,40
8437447.0,44,40
8437472.0,46,50
8437498.0,43,40
8437518.0,46,40
8437526.0,40,59
8437537.0,53,45
8437541.0,40,87
8437558.0,42,43
8437577.0,45,44
8437587.0,44,47
8437638.0,45,42
8437644.0,47,48
8437673.0,41,42
8437704.0,40,40
8437761.0,44,45
8437776.0,59,52
8437777.0,38,42
8437791.0,45,43
8437793.0,45,48
8437809.0,38,44
8437816.0,42,52
8437817.0,40,86
8437821.0,41,40
8437842.0,37,42
8437859.0,46,41
8437882.0,48,46
8437895.0,47,45
8437902.0,45,44
8437929.0,46,49
8437938.0,44,41
8437943.0,35,52
8437960.0,40,41
8438012.0,44,40
8438018.0,43,39
8438024.0,49,45
8438027.0,35,62
8438097.0,41,88
8438098.0,43,41
8438178.0,45,42
8438257.0,47,48
8438266.0,35,47
8438269.0,36,42
8438277.0,43,41
8438315.0,59,52
8438344.0,41,38
8438363.0,44,42
8438366.0,37,43
8438372.0,39,62
8438384.0,35,51
8438386.0,43,53
8438498.0,53,45
8438512.0,44,52
8438512.0,49,45
8438534.0,40,61
8438610.0,41,57
8438656.0,41,39
8438673.0,36,50
8438675.0,42,52
8438728.0,45,47
8438747.0,39,38
8438901.0,45,41
8438921.0,39,64
8438935.0,47,48
8438961.0,45,52
8438970.0,44,45
8438994.0,41,38
8439024.0,42,52
8439030.0,40,56
8439036.0,41,41
8439050.0,38,41
8439064.0,37,40
8439099.0,35,46
8439197.0,43,48
8439222.0,40,71
8439227.0,42,37
8439258.0,39,39
8439272.0,47,47
8439315.0,45,44
8439402.0,47,48
8439406.0,45,43
8439436.0,40,43
8439481.0,36,50
8439512.0,44,45
8439515.0,13,47
8439520.0,37,44
8439523.0,45,42
8439544.0,41,37
8439549.0,45,52
8439552.0,40,44
8439554.0,47,47
8439562.0,42,52
8439564.0,40,72
8439572.0,43,42
8439578.0,48,47
8439611.0,38,43
8439618.0,45,43
8439622.0,58,53
8439623.0,34,52
8439629.0,35,45
8439663.0,45,44
8439703.0,34,53
8439725.0,33,57
8439760.0,41,52
8439845.0,40,42
8439892.0,44,48
8440084.0,46,49
8440085.0,45,51
8440124.0,45,40
8440128.0,40,61
8440135.0,42,52
8440166.0,37,41
8440169.0,44,46
8440178.0,42,42
8440203.0,40,39
8440248.0,33,58
8440266.0,45,50
8440287.0,35,54
8440292.0,44,39
8440299.0,45,46
8440358.0,43,47
8440361.0,41,55
8440432.0,41,53
8440449.0,58,53
8440478.0,43,38
8440489.0,40,39
8440491.0,45,47
8440493.0,59,105
8440497.0,42,54
8440523.0,43,41
8440529.0,46,49
8440578.0,44,52
8440605.0,40,60
8440646.0,39,55
8440653.0,46,45
8440663.0,34,51
8440691.0,35,44
8440711.0,44,46
8440716.0,44,38
8440753.0,47,45
8440771.0,42,41
8440816.0,35,50
8440838.0,34,54
8440866.0,39,44
8440883.0,41,55
8440925.0,47,46
8440986.0,44,44
8440988.0,46,49
8441001.0,46,46
8441024.0,44,49
8441025.0,41,37
8441035.0,74,120
8441078.0,40,61
8441185.0,35,43
8441211.0,42,90
8441236.0,44,45
8441324.0,41,90
8441341.0,39,50
8441345.0,39,44
8441352.0,45,39
8441384.0,47,47
8441415.0,43,91
8441451.0,47,48
8441470.0,46,49
8441547.0,43,53
8441588.0,45,41
8441659.0,38,40
8441667.0,43,38
8441747.0,45,49
8441763.0,41,49
8441772.0,36,49
8441789.0,38,39
8441818.0,46,48
8441825.0,43,53
8441865.0,42,90
8441870.0,39,41
8441887.0,44,47
8441897.0,44,45
8441907.0,38,41
8441927.0,44,98
8441986.0,41,38
8441999.0,45,43
8442066.0,47,47
8442099.0,42,40
8442157.0,41,55
8442167.0,41,49
8442185.0,38,56
8442216.0,40,59
8442237.0,43,40
8442281.0,44,43
8442317.0,47,48
8442445.0,41,39
8442465.0,34,49
8442498.0,43,39
8442523.0,40,41
8442525.0,32,61
8442532.0,43,46
8442574.0,43,91
8442595.0,40,39
8442627.0,29,67
8442669.0,45,50
8442824.0,41,37
8442847.0,37,56
8442904.0,34,48
8442943.0,43,46
8442956.0,46,45
8442980.0,47,48
8442980.0,39,38
8442984.0,34,50
8443166.0,40,38
8443201.0,45,40
8443208.0,34,58
8443303.0,46,48
8443323.0,47,47
8443336.0,47,48
8443364.0,38,38
8443383.0,47,46
8443386.0,43,47
8443395.0,44,51
8443404.0,34,87
8443473.0,43,46
8443531.0,34,52
8443558.0,43,38
8443568.0,41,43
8443588.0,44,42
8443599.0,43,40
8443606.0,42,42
8443737.0,33,86
8443741.0,45,46
8443771.0,39,38
8443789.0,47,47
8443794.0,42,40
8443811.0,34,47
8443813.0,36,42
8443815.0,45,45
8443837.0,32,85
8443846.0,43,46
8443856.0,43,91
8443859.0,42,54
8443871.0,41,42
8443881.0,47,46
8443922.0,40,38
8443927.0,43,45
8443997.0,43,52
8444009.0,42,53
8444041.0,38,39
8444076.0,44,47
8444077.0,35,41
8444078.0,40,40
8444105.0,41,36
8444176.0,33,60
8444176.0,42,39
8444191.0,42,47
8444225.0,44,41
8444248.0,46,47
8444266.0,46,48
8444268.0,38,42
8444316.0,33,86
8444323.0,40,39
8444382.0,36,47
8444428.0,32,60
8444456.0,31,64
8444476.0,37,41
8444525.0,43,37
8444609.0,42,40
8444625.0,35,41
8444658.0,42,47
8444675.0,43,53
8444681.0,41,42
8444731.0,42,37
8444734.0,42,38
8444764.0,33,60
8444789.0,35,40
8444792.0,46,47
8444796.0,44,43
8444812.0,38,38
8444880.0,47,46
8444909.0,39,41
8444930.0,35,41
8444931.0,33,60
8444942.0,34,48
8445020.0,32,59
8445023.0,43,37
8445054.0,47,45
8445085.0,36,43
8445123.0,44,43
8445129.0,41,42
8445139.0,36,41
8445211.0,43,46
8445235.0,47,47
8445248.0,46,47
8445252.0,44,42
8445266.0,47,46
8445270.0,39,41
8445274.0,39,39
8445325.0,42,43
8445364.0,46,46
8445367.0,40,37
8445406.0,34,51
8445415.0,36,43
8445419.0,43,37
8445438.0,33,86
8445450.0,43,46
8445463.0,34,44
8445474.0,39,40
8445502.0,34,46
8445531.0,42,47
8445603.0,54,86
8445607.0,44,38
8445617.0,37,42
8445629.0,41,42
8445630.0,44,39
8445669.0,39,64
8445700.0,39,63
8445705.0,44,40
8445715.0,39,62
8445727.0,44,44
8445730.0,39,37
8445767.0,43,48
8445773.0,43,44
8445818.0,47,47
8445852.0,36,40
8445881.0,40,38
8445894.0,37,40
8445899.0,44,39
8445927.0,44,44
8445943.0,54,86
8445947.0,41,41
8445970.0,36,42
8445995.0,37,44
8446010.0,44,93
8446014.0,46,44
8446061.0,41,44
8446217.0,43,39
8446222.0,44,43
8446250.0,31,61
8446264.0,36,56
8446321.0,45,45
8446354.0,42,41
8446359.0,42,46
8446359.0,39,40
8446451.0,43,52
8446455.0,44,46
8446469.0,39,61
8446486.0,47,47
8446513.0,34,56
8446522.0,44,38
8446523.0,42,90
8446574.0,44,41
8446593.0,42,39
8446600.0,42,53
8446602.0,43,47
8446619.0,33,56
8446651.0,37,43
8446651.0,44,48
8446670.0,44,43
8446772.0,44,47
8446814.0,37,41
8446841.0,44,39
8446842.0,34,43
8446846.0,44,50
8446881.0,43,52
8446890.0,40,39
8446909.0,42,40
8446943.0,45,48
8447018.0,30,61
8447018.0,41,43
8447141.0,34,42
8447177.0,45,49
8447187.0,44,38
8447269.0,47,47
8447331.0,45,47
8447445.0,44,50
8447482.0,41,40
8447505.0,39,65
8447531.0,44,43
8447683.0,41,39
8447685.0,42,38
8447711.0,45,48
8447736.0,44,38
8447762.0,41,41
8447816.0,42,52
8447837.0,38,43
8447848.0,42,40
8447938.0,43,52
8447947.0,46,48
8447960.0,45,49
8447983.0,43,45
8447987.0,34,40
8447988.0,43,43
8447995.0,37,39
8448005.0,45,47
8448011.0,34,41
8448032.0,41,41
8448036.0,43,91
8448040.0,39,39
8448047.0,44,50
8448065.0,39,62
8448066.0,38,42
8448075.0,38,41
8448083.0,43,44
8448092.0,46,46
8448093.0,34,47
8448096.0,46,45
8448138.0,39,38
8448143.0,45,48
8448179.0,46,48
8448211.0,34,46
8448263.0,47,47
8448330.0,44,52
8448354.0,43,47
8448362.0,39,41
8448393.0,44,50
8448459.0,37,88
8448461.0,45,48
8448462.0,41,38
8448500.0,40,37
8448525.0,39,42
8448566.0,40,63
8448606.0,40,36
8448616.0,34,60
8448630.0,39,38
8448632.0,34,49
8448638.0,42,39
8448758.0,36,42
8448767.0,41,36
8448801.0,44,52
8448844.0,33,58
8448898.0,41,42
8448966.0,40,58
8449006.0,46,46
8449013.0,45,49
8449045.0,40,63
8449050.0,41,38
8449066.0,34,44
8449109.0,40,57
8449130.0,32,58
8449135.0,34,57
8449152.0,39,40
8449163.0,34,50
8449196.0,42,42
8449201.0,38,89
8449232.0,41,36
8449287.0,33,48
8449287.0,43,45
8449294.0,44,49
8449304.0,41,37
8449308.0,35,41
8449324.0,40,36
8449378.0,33,50
8449423.0,45,44
8449458.0,36,86
8449488.0,40,58
8449492.0,45,49
8449493.0,40,43
8449506.0,43,41
8449517.0,33,51
8449520.0,39,37
8449522.0,43,40
8449531.0,40,44
8449533.0,43,51
8449537.0,37,38
8449551.0,47,47
8449576.0,33,58
8449687.0,60,51
8449723.0,40,36
8449789.0,44,45
8449792.0,44,46
8449819.0,44,52
8449856.0,31,63
8449902.0,38,40
8449937.0,33,58
8449938.0,41,36
8449977.0,36,41
8450031.0,35,57
8450039.0,47,47
8450128.0,41,44
8450167.0,35,41
8450184.0,46,45
8450260.0,43,42
8450355.0,41,38
8450370.0,39,39
8450376.0,39,36
8450405.0,35,40
8450411.0,40,58
8450420.0,39,88
8450442.0,45,53
8450460.0,30,64
8450472.0,44,52
8450488.0,34,40
8450498.0,43,43
8450503.0,42,45
8450525.0,41,36
8450551.0,43,39
8450592.0,41,54
8450638.0,41,47
8450647.0,42,47
8450665.0,47,47
8450691.0,42,53
8450702.0,43,38
8450722.0,41,38
8450740.0,35,40
8450752.0,35,57
8450832.0,44,50
8450919.0,45,49
8450921.0,38,38
8450932.0,42,52
8450962.0,45,53
8450972.0,42,46
8450974.0,45,47
8450981.0,47,47
8451059.0,33,53
8451094.0,35,57
8451133.0,41,47
8451136.0,42,40
8451137.0,43,38
8451146.0,36,40
8451158.0,65,56
8451191.0,39,61
8451195.0,35,41
8451221.0,36,43
8451237.0,45,47
8451239.0,43,40
8451245.0,33,49
8451264.0,42,44
8451290.0,44,52
8451296.0,38,42
8451320.0,33,56
8451359.0,43,43
8451386.0,38,38
8451404.0,43,46
8451413.0,39,55
8451470.0,41,41
8451524.0,44,48
8451553.0,35,44
8451573.0,45,49
8451598.0,44,49
8451609.0,35,40
8451612.0,44,50
8451676.0,41,40
8451704.0,39,38
8451715.0,36,42
8451724.0,46,48
8451754.0,37,43
8451755.0,41,47
8451766.0,33,47
8451775.0,41,39
8451780.0,35,44
8451793.0,39,49
8451801.0,33,74
8451848.0,43,38
8451862.0,42,47
8451878.0,41,53
8451886.0,33,49
8451894.0,40,41
8451902.0,34,53
8451954.0,34,43
8451967.0,35,40
8451994.0,45,53
8452026.0,41,40
8452037.0,41,47
8452070.0,40,40
8452113.0,38,38
8452121.0,39,60
8452122.0,41,38
8452142.0,37,44
8452169.0,45,53
8452174.0,44,44
8452379.0,33,49
8452391.0,43,38
8452398.0,39,37
8452431.0,43,43
8452437.0,45,47
8452463.0,36,41
8452482.0,32,55
8452502.0,45,46
8452563.0,40,36
8452660.0,40,39
8452855.0,33,42
8452875.0,57,116
8452883.0,42,52
8452953.0,43,43
8452956.0,38,38
8453023.0,40,37
8453060.0,42,43
8453089.0,33,50
8453092.0,40,39
8453100.0,41,48
8453123.0,45,46
8453123.0,39,59
8453135.0,43,50
8453138.0,43,41
8453192.0,40,38
8453217.0,42,44
8453257.0,40,54
8453396.0,45,49
8453418.0,39,59
8453419.0,33,44
8453434.0,36,44
8453488.0,33,52
8453543.0,45,45
8453558.0,33,41
8453583.0,41,39
8453688.0,33,46
8453773.0,44,48
8453804.0,37,41
8453811.0,37,42
8453834.0,43,45
8453873.0,45,46
8453928.0,38,41
8453933.0,33,53
8453934.0,33,57
8453942.0,38,37
8453990.0,46,44
8454041.0,32,56
8454060.0,42,42
8454127.0,45,43
8454142.0,35,41
8454154.0,33,51
8454163.0,36,39
8454217.0,43,39
8454228.0,44,48
8454239.0,42,40
8454282.0,46,42
8454313.0,33,43
8454313.0,37,42
8454325.0,34,45
8454376.0,28,67
8454385.0,36,40
8454525.0,42,45
8454594.0,33,40
8454619.0,45,46
8454646.0,33,54
8454672.0,37,40
8454685.0,42,51
8454702.0,33,48
8454774.0,42,49
8454782.0,32,56
8454860.0,39,42
8454861.0,43,49
8454873.0,42,40
8454875.0,44,44
8454884.0,44,43
8454901.0,39,36
8454981.0,43,44
8455003.0,45,43
8455009.0,44,47
8455013.0,40,39
8455054.0,43,49
8455113.0,46,42
8455115.0,33,45
8455131.0,43,47
8455238.0,39,43
8455290.0,39,58
8455321.0,34,40
8455418.0,42,40
8455439.0,46,97
8455442.0,38,36
8455474.0,42,41
8455488.0,44,48
8455549.0,37,36
8455594.0,40,40
8455681.0,42,39
8455721.0,38,38
8455741.0,45,43
8455770.0,41,53
8455774.0,34,40
8455787.0,42,43
8455788.0,43,49
8455808.0,40,39
8455820.0,45,46
8455827.0,43,46
8455865.0,47,48
8455889.0,41,46
8455891.0,42,38
8455938.0,46,49
8455987.0,42,45
8456036.0,37,39
8456081.0,30,68
8456099.0,30,66
8456104.0,39,36
8456117.0,34,43
8456132.0,38,37
8456180.0,42,46
8456181.0,40,41
8456238.0,41,45
8456269.0,45,44
8456333.0,33,41
8456336.0,37,38
8456373.0,35,41
8456380.0,35,43
8456427.0,42,40
8456444.0,35,44
8456474.0,47,41
8456489.0,43,50
8456517.0,40,88
8456533.0,34,41
8456536.0,43,45
8456560.0,41,53
8456607.0,45,43
8456684.0,40,52
8456802.0,44,43
8456855.0,35,39
8456937.0,41,44
8456942.0,42,47
8456964.0,44,46
8456980.0,39,42
8457136.0,41,52
8457169.0,40,65
8457192.0,34,40
8457200.0,45,43
8457221.0,36,49
8457263.0,39,65
8457265.0,34,42
8457302.0,42,42
8457492.0,41,53
8457495.0,42,40
8457589.0,40,65
8457598.0,41,52
8457624.0,41,87
8457653.0,32,46
8457725.0,40,38
8457752.0,46,43
8457772.0,49,87
8457789.0,39,39
8457797.0,39,43
8457932.0,44,47
8457980.0,37,40
8458020.0,34,44
8458051.0,39,37
8458108.0,45,43
8458147.0,36,49
8458161.0,35,40
8458219.0,39,65
8458235.0,39,38
8458248.0,36,44
8458262.0,38,49
8458278.0,39,41
8458286.0,42,88
8458292.0,35,49
8458306.0,41,52
8458313.0,42,89
8458316.0,35,45
8458373.0,41,43
8458424.0,40,89
8458432.0,43,48
8458485.0,41,45
8458502.0,40,46
8458509.0,38,39
8458537.0,39,37
8458593.0,41,46
8458644.0,45,43
8458663.0,39,58
8458675.0,35,38
8458764.0,39,38
8458793.0,32,45
8458808.0,56,82
8458822.0,39,42
8458822.0,43,48
8458850.0,41,46
8458898.0,36,40
8458923.0,41,89
8458933.0,44,45
8458933.0,32,49
8458976.0,41,44
8458991.0,41,45
8459020.0,35,49
8459038.0,39,59
8459064.0,37,41
8459092.0,37,39
8459118.0,37,38
8459187.0,37,37
8459242.0,41,41
8459250.0,39,39
8459256.0,38,51
8459266.0,40,39
8459280.0,36,41
8459281.0,41,37
8459341.0,33,41
8459369.0,41,42
8459410.0,32,48
8459426.0,32,44
8459434.0,31,47
8459498.0,43,44
8459506.0,40,53
8459542.0,43,51
8459588.0,32,42
8459600.0,39,59
8459606.0,44,44
8459622.0,53,81
8459633.0,40,47
8459637.0,32,47
8459650.0,43,47
8459661.0,40,37
8459680.0,41,39
8459698.0,41,37
8459719.0,33,54
8459872.0,44,44
8459873.0,39,54
8459891.0,45,42
8459907.0,36,43
8459937.0,31,61
8459954.0,32,50
8460035.0,40,53
8460037.0,37,36
8460142.0,44,46
8460151.0,41,89
8460165.0,28,69
8460182.0,36,42
8460228.0,43,48
8460261.0,39,59
8460281.0,45,42
8460300.0,41,43
8460423.0,34,42
8460449.0,31,59
8460470.0,43,48
8460473.0,44,44
8460487.0,39,41
8460492.0,41,49
8460537.0,37,43
8460544.0,32,59
8460590.0,36,42
8460590.0,34,43
8460624.0,42,45
8460643.0,40,54
8460648.0,42,44
8460662.0,32,46
8460763.0,33,49
8460782.0,39,39
8460836.0,36,88
8460858.0,34,41
8460871.0,40,53
8460891.0,41,43
8460899.0,41,38
8460960.0,40,45
8460997.0,40,57
8460999.0,43,43
8461022.0,44,91
8461168.0,41,40
8461207.0,32,41
8461262.0,39,57
8461265.0,33,40
8461266.0,38,43
8461285.0,37,88
8461306.0,35,87
8461337.0,54,88
8461363.0,59,80
8461446.0,34,44
8461523.0,34,40
8461546.0,41,41
8461551.0,31,60
8461551.0,40,54
8461627.0,32,51
8461650.0,39,40
8461662.0,40,57
8461683.0,35,87
8461763.0,38,41
8461787.0,38,36
8461791.0,42,50
8461855.0,39,57
8461895.0,42,51
8461985.0,37,88
8462121.0,42,44
8462134.0,38,37
8462135.0,39,57
8462137.0,54,88
8462196.0,34,39
8462408.0,40,57
8462428.0,33,52
8462440.0,33,43
8462446.0,54,88
8462449.0,35,83
8462514.0,41,51
8462521.0,42,46
8462529.0,54,89
8462552.0,39,39
8462557.0,39,36
8462566.0,40,44
8462583.0,40,37
8462590.0,40,57
8462597.0,53,84
8462634.0,32,52
8462658.0,43,47
8462704.0,33,51
8462777.0,43,46
8462779.0,44,43
8462839.0,36,37
8462844.0,41,46
8462868.0,38,38
8462889.0,38,40
8462893.0,33,43
8462907.0,43,47
8462947.0,37,37
8462964.0,43,48
8463124.0,42,49
8463140.0,34,43
8463199.0,42,43
8463210.0,32,50
8463212.0,38,39
8463256.0,40,43
8463404.0,39,65
8463529.0,39,38
8463648.0,32,53
8463691.0,33,55
8463779.0,41,44
8463834.0,43,45
8463837.0,32,47
8463896.0,36,38
8463960.0,39,37
8463963.0,35,40
8463966.0,34,87
8463977.0,33,43
8463978.0,40,39
8464002.0,42,45
8464066.0,38,60
8464140.0,33,44
8464275.0,42,39
8464290.0,33,61
8464300.0,34,87
8464316.0,40,39
8464334.0,40,49
8464453.0,40,52
8464456.0,31,58
8464456.0,35,41
8464513.0,32,54
8464548.0,32,45
8464573.0,34,52
8464602.0,32,48
8464639.0,42,48
8464713.0,32,49
8464767.0,34,39
8464787.0,40,45
8464798.0,38,40
8464838.0,40,38
8464848.0,31,42
8464882.0,39,59
8464923.0,33,43
8464934.0,42,39
8464995.0,40,46
8465057.0,43,48
8465073.0,31,44
8465081.0,43,46
8465084.0,40,44
8465092.0,41,45
8465111.0,33,50
8465149.0,36,50
8465158.0,40,42
8465224.0,42,49
8465242.0,43,44
8465252.0,38,49
8465280.0,43,48
8465336.0,40,39
8465346.0,40,41
8465374.0,43,46
8465389.0,41,50
8465440.0,42,43
8465471.0,40,43
8465574.0,36,37
8465593.0,31,48
8465613.0,33,43
8465648.0,41,43
8465663.0,36,41
8465672.0,37,43
8465682.0,39,72
8465701.0,40,44
8465717.0,38,62
8465743.0,44,43
8465803.0,40,43
8465832.0,35,38
8465838.0,40,46
8465842.0,36,36
8465876.0,31,43
8465947.0,41,43
8465965.0,39,57
8465973.0,40,39
8465981.0,37,48
8465990.0,36,39
8466099.0,31,45
8466138.0,38,39
8466156.0,41,44
8466176.0,42,47
8466221.0,40,40
8466343.0,37,37
8466345.0,31,49
8466364.0,39,57
8466459.0,32,41
8466463.0,43,45
8466512.0,73,54
8466570.0,39,50
8466611.0,38,37
8466654.0,44,45
8466664.0,40,44
8466744.0,38,55
8466763.0,31,50
8466778.0,39,44
8466794.0,39,37
8466855.0,40,40
8466919.0,37,42
8466963.0,40,39
8467009.0,43,89
8467063.0,39,37
8467078.0,39,54
8467094.0,39,44
8467130.0,44,45
8467138.0,39,57
8467149.0,39,55
8467235.0,40,39
8467236.0,33,41
8467293.0,34,54
8467334.0,31,46
8467337.0,42,44
8467397.0,44,53
8467399.0,33,40
8467402.0,37,36
8467459.0,45,52
8467473.0,44,44
8467494.0,39,57
8467500.0,33,39
8467517.0,42,42
8467553.0,38,55
8467558.0,31,42
8467639.0,39,56
8467749.0,40,40
8467753.0,34,42
8467799.0,39,38
8467815.0,39,54
8467848.0,34,53
8467877.0,31,45
8467882.0,43,44
8467887.0,37,41
8467914.0,37,40
8467928.0,44,44
8467931.0,33,59
8467953.0,35,56
8467957.0,37,38
8467967.0,37,39
8468007.0,31,56
8468037.0,42,43
8468038.0,40,51
8468044.0,31,47
8468046.0,40,52
8468063.0,39,37
8468100.0,45,52
8468151.0,40,43
8468278.0,39,55
8468280.0,40,42
8468308.0,36,42
8468369.0,39,56
8468383.0,41,42
8468393.0,32,55
8468441.0,37,40
8468468.0,43,43
8468491.0,39,37
8468513.0,37,38
8468518.0,31,45
8468526.0,32,43
8468537.0,43,44
8468552.0,37,39
8468556.0,41,50
8468612.0,39,45
8468639.0,39,47
8468651.0,30,42
8468686.0,42,46
8468691.0,38,55
8468704.0,32,42
8468752.0,41,45
8468761.0,40,43
8468791.0,31,45
8468796.0,40,52
8468873.0,33,44
8468915.0,39,55
8468927.0,43,90
8468973.0,39,58
8468976.0,39,44
8469072.0,41,42
8469138.0,33,43
8469161.0,43,44
8469175.0,38,59
8469178.0,31,48
8469245.0,29,64
8469270.0,32,43
8469303.0,38,41
8469304.0,39,44
8469348.0,39,39
8469361.0,38,58
8469387.0,39,38
8469397.0,32,42
8469406.0,34,38
8469413.0,33,56
8469427.0,30,64
8469437.0,43,44
8469440.0,33,42
8469473.0,35,39
8469532.0,35,41
8469583.0,37,42
8469585.0,39,43
8469600.0,30,43
8469614.0,40,44
8469644.0,39,55
8469672.0,42,42
8469673.0,35,38
8469674.0,31,50
8469769.0,39,57
8469819.0,33,60
8469856.0,38,40
8469868.0,39,44
8469902.0,39,39
8469945.0,39,38
8469992.0,42,44
8470023.0,41,49
8470066.0,39,57
8470208.0,39,44
8470227.0,30,44
8470260.0,31,44
8470317.0,34,39
8470362.0,35,38
8470442.0,41,43
8470496.0,36,42
8470507.0,40,45
8470530.0,42,46
8470533.0,35,37
8470558.0,39,39
8470603.0,52,86
8470627.0,38,60
8470628.0,40,51
8470638.0,38,42
8470670.0,34,42
8470758.0,41,44
8470784.0,39,42
8470855.0,30,42
8470879.0,39,41
8470925.0,42,45
8470936.0,39,37
8470949.0,41,50
8470986.0,39,38
8471007.0,34,57
8471018.0,34,39
8471027.0,28,81
8471045.0,30,45
8471047.0,39,68
8471047.0,36,37
8471066.0,31,51
8471122.0,38,57
8471173.0,40,68
8471234.0,32,51
8471251.0,31,49
8471272.0,39,41
8471290.0,32,44
8471305.0,33,44
8471345.0,39,38
8471397.0,39,37
8471432.0,37,41
8471466.0,36,36
8471626.0,36,37
8471639.0,39,89
8471678.0,34,43
8471719.0,35,51
8471732.0,33,53
8471754.0,34,41
8471761.0,31,46
8471768.0,37,38
8471791.0,30,61
8471834.0,37,43
8471846.0,39,44
8471871.0,36,43
8471997.0,36,38
8472002.0,40,46
8472031.0,34,37
8472041.0,35,42
8472077.0,44,91
8472077.0,40,44
8472149.0,32,43
8472188.0,30,62
8472193.0,39,44
8472241.0,30,44
8472243.0,39,41
8472258.0,39,40
8472297.0,38,37
8472308.0,34,41
8472397.0,36,39
8472432.0,39,37
8472510.0,44,91
8472580.0,34,36
8472589.0,43,91
8472623.0,55,91
8472635.0,36,40
8472635.0,36,38
8472652.0,31,42
8472660.0,31,47
8472660.0,36,37
8472678.0,31,41
8472746.0,36,41
8472755.0,34,38
8472772.0,42,44
8472833.0,33,54
8472900.0,40,50
8472940.0,39,37
8472986.0,32,52
8472994.0,43,91
8472996.0,38,61
8473000.0,38,38
8473001.0,42,43
8473016.0,42,88
8473042.0,36,37
8473144.0,43,43
8473167.0,40,43
8473234.0,32,44
8473292.0,42,89
8473332.0,45,43
8473371.0,30,45
8473395.0,37,63
8473450.0,32,42
8473578.0,39,44
8473649.0,45,43
8473656.0,41,89
8473696.0,30,47
8473712.0,38,45
8473737.0,34,42
8473784.0,39,56
8473807.0,39,44
8473809.0,42,89
8473827.0,39,43
8473836.0,38,43
8473842.0,30,43
8474032.0,39,55
8474051.0,34,43
8474094.0,36,87
8474147.0,37,40
8474202.0,31,43
8474203.0,34,39
8474255.0,39,47
8474309.0,38,43
8474360.0,35,87
8474375.0,42,42
8474423.0,40,55
8474454.0,38,40
8474598.0,32,44
8474610.0,34,40
8474638.0,40,49
8474640.0,36,87
8474679.0,42,48
8474690.0,41,47
8474701.0,39,55
8474791.0,30,48
8474793.0,41,89
8474803.0,36,40
8474833.0,14,50
8474889.0,42,47
8474935.0,38,39
8474951.0,40,52
8475001.0,38,42
8475052.0,41,89
8475088.0,30,46
8475106.0,39,43
8475121.0,38,44
8475182.0,34,38
8475210.0,31,44
8475242.0,33,43
8475242.0,39,52
8475274.0,39,55
8475285.0,13,49
8475348.0,38,56
8475373.0,32,40
8475374.0,41,48
8475381.0,41,42
8475413.0,34,37
8475422.0,33,39
8475470.0,35,37
8475481.0,41,46
8475527.0,35,87
8475565.0,36,39
8475580.0,38,41
8475605.0,39,55
8475621.0,31,54
8475641.0,37,91
8475645.0,37,45
8475657.0,30,50
8475678.0,41,45
8475682.0,36,41
8475716.0,36,37
8475725.0,31,53
8475736.0,40,44
8475738.0,36,91
8475741.0,33,43
8475777.0,50,90
8475819.0,33,42
8475835.0,36,50
8475860.0,35,37
8475876.0,41,44
8475914.0,14,50
8475948.0,37,45
8475959.0,32,43
8475982.0,40,55
8476004.0,35,87
8476042.0,33,41
8476053.0,40,52
8476058.0,38,41
8476060.0,42,45
8476065.0,39,45
8476076.0,38,57
8476104.0,33,44
8476105.0,36,91
8476138.0,37,37
8476160.0,29,42
8476203.0,39,52
8476204.0,41,53
8476292.0,41,45
8476299.0,33,39
8476347.0,38,43
8476347.0,33,43
8476372.0,40,45
8476519.0,61,105
8476599.0,33,42
8476609.0,29,44
8476648.0,38,53
8476652.0,40,55
8476665.0,39,41
8476740.0,37,91
8476744.0,37,39
8476745.0,37,45
8476843.0,44,91
8476851.0,33,37
8476895.0,60,55
8476902.0,38,42
8476906.0,34,86
8476941.0,31,40
8476953.0,31,41
8476967.0,41,45
8476973.0,35,38
8476984.0,39,44
8477012.0,38,41
8477021.0,33,39
8477166.0,40,42
8477181.0,33,43
8477248.0,33,42
8477258.0,61,105
8477273.0,38,42
8477313.0,35,39
8477317.0,31,42
8477357.0,40,49
8477363.0,30,41
8477371.0,36,87
8477384.0,38,54
8477402.0,29,41
8477411.0,36,42
8477497.0,38,45
8477498.0,38,41
8477506.0,33,42
8477725.0,30,49
8477745.0,39,41
8477772.0,31,43
8477782.0,59,55
8477791.0,35,42
8477805.0,33,43
8477816.0,40,43
8477839.0,35,39
8477876.0,41,43
8477891.0,30,47
8477960.0,41,45
8477964.0,30,57
8477983.0,38,45
8477989.0,31,49
8478004.0,37,60
8478006.0,29,45
8478022.0,35,41
8478050.0,41,44
8478077.0,30,42
8478112.0,37,38
8478114.0,31,41
8478271.0,31,56
8478306.0,31,39
8478436.0,39,51
8478509.0,33,43
8478539.0,37,61
8478555.0,31,50
8478582.0,59,55
8478593.0,30,45
8478611.0,41,42
8478639.0,33,38
8478672.0,42,89
8478884.0,37,88
8478947.0,37,61
8478969.0,30,50
8479013.0,38,88
8479033.0,35,38
8479120.0,39,43
8479124.0,38,50
8479128.0,34,37
8479139.0,37,54
8479235.0,37,40
8479317.0,39,41
8479440.0,38,59
8479445.0,36,38
8479484.0,43,88
8479508.0,32,40
8479509.0,30,46
8479530.0,40,42
8479540.0,30,58
8479541.0,37,61
8479630.0,30,43
8479867.0,33,41
8479874.0,41,37
8479899.0,32,53
8479911.0,42,89
8479977.0,32,40
8480168.0,59,56
8480232.0,39,50
8480274.0,39,41
8480279.0,33,40
8480328.0,39,62
8480331.0,29,46
8480408.0,33,44
8480434.0,38,53
8480472.0,31,58
8480479.0,36,37
8480491.0,42,89
8480545.0,41,45
8480601.0,39,63
8480620.0,32,40
8480694.0,37,43
8480766.0,29,41
8480859.0,29,45
8480866.0,31,44
8480876.0,31,53
8480881.0,29,44
8480895.0,33,42
8480979.0,39,41
8481032.0,41,42
8481131.0,30,52
8481143.0,37,41
8481244.0,28,43
8481315.0,37,41
8481322.0,37,42
8481375.0,40,47
8481448.0,32,40
8481485.0,31,59
8481567.0,30,44
8481600.0,28,44
8481646.0,41,86
8481658.0,39,42
8481685.0,36,38
8481694.0,32,43
8481700.0,32,41
8481739.0,38,66
8481767.0,40,43
8481769.0,34,86
8481797.0,38,52
8481803.0,38,65
8481839.0,31,43
8481927.0,37,44
8481948.0,37,40
8481983.0,40,46
8482033.0,37,58
8482107.0,34,40
8482131.0,30,41
8482131.0,30,40
8482153.0,35,87
8482165.0,34,86
8482182.0,30,42
8482203.0,38,40
8482218.0,31,40
8482254.0,33,39
8482300.0,33,43
8482324.0,30,44
8482347.0,29,46
8482356.0,37,45
8482372.0,31,59
8482454.0,37,40
8482548.0,40,45
8482678.0,30,51
8482730.0,41,42
8482916.0,35,41
8482969.0,38,45
8482994.0,32,60
8483016.0,38,59
8483088.0,38,51
8483131.0,37,53
8483161.0,30,43
8483172.0,28,42
8483495.0,30,45
8483552.0,37,40
8483659.0,41,46
8483713.0,41,42
8483719.0,37,60
8483835.0,29,42
8483867.0,31,45
8483874.0,41,46
8483935.0,28,42
8483974.0,31,39
8483991.0,32,38
8484026.0,29,47
8484070.0,40,46
8484086.0,40,42
8484096.0,36,39
8484103.0,31,40
8484111.0,40,43
8484112.0,30,41
8484124.0,28,43
8484142.0,40,44
8484167.0,39,49
8484244.0,28,42
8484272.0,34,42
8484314.0,29,43
8484461.0,32,41
8484488.0,40,43
8484489.0,32,44
8484507.0,37,54
8484567.0,39,43
8484573.0,41,42
8484575.0,34,40
8484624.0,29,50
8484678.0,29,43
8484698.0,40,44
8484733.0,30,63
8484908.0,41,42
8485035.0,31,55
8485211.0,45,91
8485215.0,30,42
8485237.0,40,43
8485295.0,33,37
8485325.0,34,43
8485369.0,33,38
8485503.0,40,48
8485515.0,29,48
8485540.0,36,38
8485569.0,37,58
8485594.0,38,43
8485668.0,33,37
8485670.0,39,41
8485732.0,30,60
8485736.0,33,38
8485772.0,39,48
8485775.0,40,44
8485816.0,40,43
8485824.0,30,44
8485860.0,36,40
8485905.0,36,41
8485910.0,29,44
8485952.0,27,42
8485999.0,34,42
8486005.0,38,50
8486140.0,31,41
8486231.0,30,50
8486299.0,28,45
8486421.0,40,44
8486440.0,34,43
8486450.0,36,42
8486471.0,29,43
8486486.0,31,59
8486490.0,38,44
8486497.0,37,39
8486534.0,29,61
8486550.0,37,59
8486568.0,44,90
8486606.0,40,43
8486681.0,29,40
8486685.0,43,89
8486725.0,39,49
8486765.0,35,37
8486862.0,33,51
8486869.0,33,37
8486889.0,40,43
8486984.0,35,38
8487046.0,37,53
8487053.0,33,39
8487059.0,35,37
8487063.0,33,50
8487080.0,37,54
8487098.0,30,53
8487111.0,28,46
8487177.0,29,62
8487180.0,44,89
8487205.0,29,43
8487241.0,37,53
8487275.0,33,51
8487280.0,33,37
8487354.0,37,39
8487368.0,29,50
8487456.0,31,43
8487471.0,43,91
8487546.0,33,50
8487556.0,33,40
8487618.0,33,39
8487633.0,39,43
8487639.0,31,40
8487685.0,68,61
8487691.0,32,43
8487735.0,36,43
8487759.0,64,97
8487760.0,29,42
8487763.0,39,47
8487764.0,27,43
8487767.0,38,51
8487827.0,35,50
8487828.0,37,54
8487950.0,38,42
8487955.0,38,55
8488037.0,31,52
8488059.0,31,39
8488062.0,31,42
8488074.0,34,85
8488199.0,31,43
8488338.0,36,62
8488382.0,29,40
8488421.0,37,87
8488438.0,28,42
8488443.0,27,44
8488537.0,30,51
8488575.0,36,45
8488617.0,29,41
8488664.0,44,94
8488718.0,53,95
8488796.0,39,54
8488809.0,37,87
8488812.0,37,63
8488830.0,37,62
8488833.0,29,51
8488839.0,36,44
8488862.0,35,87
8488890.0,33,50
8488911.0,39,45
8488921.0,30,39
8488939.0,37,56
8488964.0,31,43
8489010.0,33,43
8489079.0,34,43
8489089.0,39,42
8489126.0,37,63
8489140.0,28,42
8489171.0,45,89
8489187.0,33,41
8489215.0,39,88
8489217.0,28,43
8489218.0,35,87
8489232.0,31,43
8489276.0,39,41
8489409.0,39,54
8489429.0,33,43
8489442.0,28,43
8489451.0,32,86
8489451.0,37,43
8489455.0,38,46
8489468.0,39,48
8489595.0,37,57
8489609.0,31,41
8489652.0,39,44
8489665.0,29,44
8489722.0,39,43
8489793.0,31,42
8489891.0,39,70
8489902.0,28,42
8489980.0,40,42
8490007.0,37,45
8490036.0,32,37
8490101.0,33,49
8490232.0,30,41
8490238.0,45,95
8490277.0,38,49
8490281.0,39,43
8490313.0,31,44
8490317.0,29,45
8490319.0,33,40
8490350.0,32,38
8490370.0,32,43
8490426.0,38,50
8490445.0,28,43
8490448.0,39,70
8490530.0,33,43
8490548.0,31,37
8490564.0,33,41
8490573.0,37,49
8490608.0,33,42
8490634.0,30,45
8490653.0,40,70
8490700.0,38,41
8490877.0,39,46
8490894.0,34,41
8490899.0,33,43
8490931.0,37,55
8490955.0,40,70
8490981.0,29,43
8491164.0,27,44
8491185.0,30,38
8491236.0,39,70
8491267.0,31,37
8491300.0,37,52
8491354.0,37,44
8491414.0,49,55
8491440.0,33,39
8491472.0,45,92
8491514.0,31,55
8491569.0,33,42
8491582.0,33,41
8491585.0,31,42
8491725.0,28,43
8491759.0,28,46
8491800.0,35,39
8491823.0,30,42
8491844.0,30,37
8491904.0,39,43
8491951.0,37,42
8492163.0,26,43
8492253.0,31,43
8492281.0,31,54
8492286.0,34,39
8492362.0,30,54
8492439.0,39,44
8492481.0,40,47
8492551.0,28,48
8492648.0,29,44
8492715.0,32,38
8492733.0,39,44
8492772.0,30,38
8492784.0,37,60
8492786.0,36,54
8492847.0,37,62
8492867.0,31,37
8492926.0,28,42
8492927.0,39,43
8492965.0,32,54
8493032.0,31,58
8493050.0,28,65
8493089.0,40,44
8493107.0,30,57
8493130.0,28,39
8493308.0,31,44
8493332.0,32,57
8493433.0,35,61
8493481.0,82,120
8493512.0,27,46
8493517.0,37,61
8493530.0,29,67
8493566.0,67,58
8493588.0,29,50
8493692.0,28,44
8493735.0,39,43
8493767.0,40,44
8493793.0,75,57
8493839.0,29,39
8493898.0,28,41
8493910.0,26,44
8493994.0,75,56
8493998.0,53,94
8494006.0,39,43
8494050.0,34,38
8494108.0,28,44
8494137.0,31,38
8494208.0,37,61
8494218.0,29,58
8494251.0,35,42
8494259.0,75,57
8494293.0,28,47
8494320.0,29,38
8494362.0,36,49
8494462.0,28,42
8494471.0,35,44
8494532.0,28,43
8494541.0,27,42
8494548.0,29,61
8494616.0,67,57
8494647.0,38,48
8494687.0,35,48
8494691.0,36,61
8494731.0,29,40
8494818.0,35,43
8494855.0,35,42
8494920.0,28,44
8494956.0,29,62
8494994.0,29,45
8495066.0,32,43
8495068.0,28,44
8495079.0,75,56
8495212.0,30,41
8495235.0,29,40
8495263.0,29,51
8495272.0,29,41
8495309.0,27,42
8495393.0,38,47
8495406.0,35,45
8495426.0,30,42
8495452.0,38,42
8495471.0,30,39
8495537.0,29,57
8495538.0,29,59
8495570.0,35,42
8495608.0,29,39
8495646.0,30,40
8495692.0,31,39
8495751.0,37,41
8495761.0,47,84
8495829.0,36,47
8495876.0,34,41
8495901.0,40,44
8495943.0,35,45
8496051.0,36,62
8496137.0,28,50
8496155.0,34,40
8496208.0,38,43
8496381.0,30,59
8496422.0,28,45
8496428.0,30,44
8496458.0,37,50
8496572.0,35,42
8496575.0,33,38
8496596.0,36,62
8496698.0,31,57
8496755.0,38,46
8496890.0,37,51
8496979.0,31,40
8497051.0,28,45
8497099.0,29,52
8497158.0,27,48
8497219.0,27,44
8497230.0,37,44
8497250.0,28,44
8497263.0,38,46
8497274.0,36,44
8497284.0,33,39
8497295.0,37,58
8497430.0,45,99
8497496.0,26,46
8497506.0,27,67
8497515.0,38,44
8497524.0,45,97
8497595.0,27,46
8497633.0,35,42
8497713.0,36,58
8497781.0,37,52
8497896.0,34,42
8497899.0,38,47
8498031.0,26,67
8498064.0,27,43
8498069.0,35,46
8498072.0,25,44
8498104.0,28,46
8498136.0,36,43
8498140.0,52,84
8498143.0,72,47
8498182.0,37,51
8498252.0,31,39
8498273.0,38,46
8498287.0,36,53
8498344.0,35,42
8498357.0,35,46
8498377.0,26,67
8498409.0,28,46
8498441.0,34,43
8498443.0,29,40
8498465.0,31,38
8498514.0,29,43
8498522.0,29,38
8498569.0,28,51
8498572.0,29,56
8498632.0,28,49
8498638.0,72,47
8498713.0,36,57
8498743.0,27,49
8498753.0,27,43
8498827.0,29,43
8499056.0,37,65
8499167.0,27,41
8499200.0,97,102
8499230.0,25,43
8499290.0,37,51
8499346.0,28,48
8499372.0,35,42
8499392.0,36,48
8499507.0,28,38
8499528.0,27,48
8499549.0,37,49
8499558.0,32,40
8499627.0,44,89
8499643.0,31,42
8499667.0,27,42
8499669.0,55,102
8499674.0,36,45
8499697.0,27,49
8499810.0,35,42
8499843.0,30,38
8499856.0,25,44
8499887.0,29,41
8499891.0,35,49
8499956.0,37,49
8500038.0,31,43
8500106.0,27,49
8500107.0,26,43
8500124.0,36,42
8500286.0,33,40
8500372.0,25,43
8500547.0,36,41
8500600.0,37,61
8500614.0,45,92
8500622.0,31,43
8500676.0,25,43
8500681.0,36,62
8500682.0,30,43
8500835.0,37,61
8500953.0,29,43
8501002.0,25,45
8501056.0,28,41
8501073.0,29,44
8501148.0,36,46
8501216.0,27,45
8501390.0,37,44
8501427.0,37,43
8501443.0,47,83
8501477.0,31,43
8501504.0,43,88
8501510.0,31,40
8501630.0,28,45
8501672.0,29,44
8501708.0,36,60
8501727.0,29,42
8501823.0,36,55
8501835.0,36,52
8501860.0,30,54
8501926.0,36,54
8501960.0,37,41
8501969.0,37,55
8502021.0,30,40
8502029.0,27,45
8502129.0,29,61
8502133.0,36,43
8502139.0,37,45
8502166.0,36,59
8502440.0,26,47
8502466.0,27,44
8502481.0,44,89
8502496.0,34,45
8502498.0,31,43
8502501.0,37,51
8502607.0,29,38
8502673.0,24,43
8502698.0,32,39
8502720.0,26,41
8502750.0,28,42
8502805.0,36,58
8502821.0,29,44
8502839.0,31,44
8502887.0,26,44
8502952.0,37,49
8502955.0,34,40
8502975.0,28,39
8503053.0,27,40
8503086.0,37,47
8503090.0,29,44
8503103.0,35,44
8503106.0,27,43
8503124.0,37,46
8503127.0,28,62
8503166.0,25,46
8503220.0,29,54
8503249.0,32,39
8503254.0,34,44
8503303.0,31,43
8503341.0,44,89
8503351.0,32,40
8503354.0,37,42
8503359.0,37,43
8503452.0,32,59
8503463.0,36,51
8503467.0,33,41
8503482.0,35,43
8503510.0,37,44
8503526.0,25,43
8503629.0,36,57
8503713.0,31,38
8503764.0,26,42
8503775.0,37,48
8503782.0,31,43
8503810.0,25,43
8503872.0,27,38
8503947.0,33,42
8504059.0,37,50
8504207.0,33,45
8504213.0,33,43
8504261.0,28,41
8504357.0,27,66
8504401.0,27,41
8504401.0,28,39
8504418.0,28,40
8504480.0,25,43
8504575.0,37,42
8504588.0,35,42
8504649.0,28,43
8504824.0,33,43
8504993.0,25,43
8504999.0,24,44
8505000.0,28,43
8505088.0,28,67
8505091.0,73,57
8505224.0,35,45
8505348.0,37,42
8505617.0,33,43
8505622.0,28,42
8505643.0,35,43
8505663.0,27,45
8505722.0,37,65
8505761.0,27,46
8505828.0,26,43
8505867.0,36,63
8505983.0,27,50
8506004.0,25,43
8506072.0,27,39
8506081.0,35,54
8506247.0,33,44
8506267.0,27,46
8506306.0,24,45
8506336.0,26,44
8506383.0,27,49
8506527.0,31,39
8506604.0,27,46
8506871.0,35,49
8506872.0,25,43
8506891.0,28,51
8506943.0,30,43
8507021.0,26,49
8507076.0,36,42
8507091.0,36,48
8507121.0,36,55
8507140.0,36,56
8507186.0,25,44
8507249.0,28,46
8507322.0,27,51
8507378.0,55,87
8507401.0,28,44
8507417.0,30,43
8507468.0,32,41
8507548.0,27,42
8507587.0,52,89
8507626.0,44,89
8507672.0,36,50
8507687.0,46,91
8507757.0,25,43
8507766.0,27,40
8507768.0,60,57
8507961.0,44,89
8507978.0,27,41
8507983.0,35,57
8508070.0,26,43
8508079.0,35,61
8508210.0,34,44
8508233.0,27,44
8508297.0,51,93
8508310.0,60,57
8508315.0,27,42
8508432.0,36,41
8508492.0,25,43
8508573.0,36,61
8508575.0,35,57
8508660.0,35,42
8508689.0,26,40
8508694.0,45,90
8508705.0,26,44
8508777.0,28,43
8508808.0,28,39
8508833.0,36,41
8508851.0,27,48
8508886.0,29,41
8508894.0,36,43
8508949.0,32,42
8508982.0,25,43
8509082.0,25,42
8509092.0,29,72
8509101.0,28,45
8509146.0,26,40
8509187.0,27,43
8509259.0,29,60
8509278.0,28,39
8509389.0,37,45
8509437.0,38,68
8509452.0,25,46
8509470.0,51,94
8509474.0,30,60
8509564.0,26,41
8509614.0,25,43
8509718.0,27,43
8509732.0,36,45
8509739.0,28,63
8509740.0,24,46
8509823.0,37,45
8509830.0,26,46
8509939.0,33,44
8510030.0,26,41
8510054.0,32,43
8510129.0,36,41
8510166.0,51,94
8510174.0,25,46
8510193.0,26,46
8510307.0,25,43
8510334.0,33,45
8510361.0,35,52
8510372.0,27,43
8510399.0,49,38
8510444.0,35,53
8510465.0,35,44
8510481.0,32,43
8510560.0,25,47
8510657.0,38,69
8510667.0,45,94
8510674.0,36,48
8510693.0,49,38
8510699.0,25,46
8510761.0,28,38
8510832.0,28,61
8510837.0,45,93
8510866.0,29,42
8510876.0,25,43
8510886.0,36,45
8510941.0,36,46
8510945.0,36,47
8510950.0,26,45
8510959.0,27,52
8510978.0,36,44
8511002.0,38,87
8511018.0,29,54
8511060.0,26,39
8511131.0,39,87
8511214.0,25,45
8511367.0,26,46
8511458.0,26,48
8511466.0,28,52
8511587.0,40,88
8511632.0,36,45
8511665.0,23,45
8511673.0,34,43
8511711.0,27,38
8511843.0,25,47
8511845.0,27,46
8511848.0,31,40
8511894.0,26,46
8511900.0,39,88
8511902.0,28,62
8511940.0,31,53
8511949.0,30,39
8511982.0,26,40
8512013.0,34,42
8512013.0,39,87
8512040.0,27,38
8512132.0,30,40
8512245.0,24,47
8512306.0,40,88
8512309.0,28,57
8512333.0,26,42
8512357.0,27,42
8512453.0,25,47
8512461.0,32,48
8512466.0,29,59
8512503.0,36,45
8512564.0,28,58
8512589.0,29,57
8512632.0,25,43
8512660.0,37,45
8512720.0,27,44
8512769.0,24,42
8512794.0,26,42
8512821.0,25,44
8512883.0,28,60
8513044.0,27,39
8513099.0,27,44
8513122.0,36,45
8513135.0,28,45
8513272.0,26,49
8513279.0,33,49
8513370.0,34,44
8513381.0,37,45
8513535.0,27,45
8513561.0,24,41
8513606.0,25,39
8513669.0,25,48
8513693.0,33,41
8513714.0,27,39
8513724.0,25,43
8513787.0,27,41
8513792.0,41,52
8513876.0,26,41
8513884.0,33,45
8513939.0,37,45
8513940.0,35,46
8514136.0,27,68
8514204.0,33,43
8514299.0,33,45
8514334.0,24,41
8514397.0,35,42
8514400.0,29,56
8514419.0,35,57
8514433.0,41,52
8514471.0,32,44
8514682.0,31,42
8514784.0,32,43
8514800.0,36,85
8514842.0,34,41
8514889.0,25,45
8514908.0,29,44
8514978.0,35,42
8514993.0,26,43
8515013.0,35,43
8515033.0,33,41
8515048.0,35,51
8515099.0,35,44
8515156.0,33,44
8515228.0,44,100
8515270.0,35,50
8515455.0,28,42
8515476.0,35,51
8515664.0,31,43
8515686.0,25,41
8515825.0,41,124
8515859.0,28,39
8515886.0,33,41
8515894.0,26,42
8516002.0,29,39
8516041.0,32,43
8516134.0,25,41
8516297.0,24,45
8516323.0,26,46
8516348.0,28,39
8516400.0,30,41
8516439.0,29,39
8516454.0,35,51
8516469.0,25,43
8516528.0,35,49
8516536.0,25,40
8516568.0,35,42
8516604.0,35,52
8516615.0,24,42
8516615.0,45,89
8516648.0,28,53
8516653.0,29,42
8516656.0,23,46
8516662.0,32,43
8516687.0,35,45
8516690.0,27,52
8516740.0,35,51
8516785.0,45,97
8516880.0,38,68
8516882.0,32,45
8516954.0,33,42
8516970.0,23,42
8516972.0,28,54
8516997.0,26,51
8517017.0,45,89
8517030.0,29,40
8517085.0,25,42
8517088.0,35,45
8517091.0,23,46
8517148.0,32,45
8517232.0,45,97
8517406.0,35,46
8517462.0,24,47
8517669.0,25,42
8517755.0,36,58
8517824.0,23,44
8517921.0,23,47
8517944.0,34,48
8517951.0,36,47
8517963.0,25,43
8517970.0,35,45
8517994.0,33,48
8518003.0,35,48
8518050.0,26,44
8518055.0,35,58
8518072.0,34,53
8518119.0,45,96
8518121.0,26,39
8518167.0,23,44
8518260.0,24,48
8518315.0,22,45
8518370.0,25,47
8518445.0,28,39
8518451.0,25,46
8518460.0,35,45
8518470.0,25,43
8518498.0,31,44
8518570.0,35,50
8518585.0,36,47
8518622.0,33,44
8518670.0,25,50
8518671.0,31,46
8518689.0,44,88
8518753.0,26,44
8518847.0,25,47
8518885.0,26,43
8518937.0,31,47
8519067.0,25,43
8519091.0,23,47
8519167.0,33,43
8519274.0,27,39
8519275.0,31,43
8519303.0,46,95
8519415.0,25,43
8519546.0,27,43
8519549.0,27,39
8519639.0,34,54
8519688.0,35,47
8519811.0,34,42
8519834.0,24,42
8519843.0,31,43
8519923.0,25,47
8519973.0,33,45
8520135.0,34,41
8520148.0,25,41
8520207.0,35,47
8520255.0,25,47
8520295.0,34,45
8520316.0,24,45
8520328.0,31,45
8520390.0,30,42
8520416.0,25,42
8520536.0,25,45
8520605.0,26,50
8520618.0,62,65
8520624.0,25,43
8520634.0,31,45
8520741.0,30,57
8520822.0,35,61
8520909.0,23,43
8520935.0,31,43
8520960.0,33,41
8521009.0,22,46
8521048.0,25,50
8521261.0,35,55
8521319.0,25,49
8521357.0,23,45
8521391.0,35,45
8521397.0,25,43
8521523.0,22,44
8521528.0,45,89
8521546.0,27,53
8521626.0,44,100
8521646.0,35,56
8521718.0,26,45
8521752.0,27,51
8521774.0,29,41
8521809.0,31,43
8521864.0,46,89
8521929.0,35,55
8522065.0,34,52
8522112.0,21,45
8522191.0,45,89
8522265.0,27,63
8522273.0,46,89
8522283.0,25,49
8522340.0,26,44
8522350.0,25,43
8522516.0,47,88
8522609.0,23,43
8522630.0,24,44
8522753.0,45,99
8522771.0,25,43
8522794.0,27,44
8522804.0,23,44
8522808.0,25,46
8522813.0,30,43
8522982.0,32,43
8522987.0,28,40
8523030.0,31,44
8523081.0,45,89
8523171.0,45,101
8523408.0,45,99
8523450.0,25,47
8523544.0,24,43
8523708.0,28,62
8523732.0,45,95
8523735.0,34,53
8523750.0,23,40
8523770.0,46,96
8523773.0,25,47
8523841.0,53,78
8523961.0,27,43
8523966.0,53,77
8524088.0,27,65
8524109.0,32,45
8524116.0,25,44
8524194.0,35,62
8524208.0,35,46
8524237.0,24,43
8524270.0,35,51
8524329.0,23,48
8524358.0,28,41
8524390.0,35,43
8524400.0,23,46
8524402.0,45,94
8524443.0,29,42
8524527.0,35,51
8524715.0,32,42
8524736.0,23,43
8524752.0,46,89
8524762.0,34,45
8524852.0,23,42
8524939.0,45,98
8525064.0,35,46
8525069.0,23,45
8525075.0,45,93
8525075.0,28,65
8525135.0,29,42
8525138.0,35,43
8525172.0,22,43
8525198.0,34,44
8525207.0,23,46
8525211.0,23,43
8525236.0,25,40
8525394.0,30,46
8525496.0,21,46
8525512.0,21,45
8525549.0,46,93
8525553.0,26,46
8525576.0,45,99
8525627.0,24,42
8525694.0,35,46
8525699.0,34,52
8525797.0,32,44
8525846.0,27,40
8525860.0,25,45
8525979.0,35,46
8526003.0,24,43
8526044.0,55,116
8526050.0,24,45
8526082.0,46,93
8526282.0,24,49
8526294.0,16,116
8526340.0,23,43
8526484.0,25,44
8526502.0,24,47
8526541.0,63,51
8526568.0,24,50
8526664.0,31,45
8526670.0,28,57
8526713.0,33,41
8526745.0,55,116
8526888.0,22,45
8526905.0,23,46
8526960.0,15,117
8526968.0,32,41
8527181.0,56,116
8527195.0,45,100
8527201.0,31,45
8527204.0,34,58
8527215.0,34,51
8527269.0,24,46
8527316.0,22,44
8527329.0,22,45
8527357.0,26,45
8527359.0,23,41
8527398.0,27,41
8527461.0,15,117
8527493.0,34,50
8527714.0,26,40
8527815.0,35,57
8527853.0,16,116
8527860.0,26,67
8527884.0,34,49
8527892.0,24,40
8528008.0,34,48
8528024.0,32,40
8528260.0,27,59
8528334.0,25,40
8528437.0,23,46
8528446.0,24,43
8528466.0,33,42
8528530.0,24,40
8528556.0,55,116
8528603.0,22,47
8528748.0,33,42
8528843.0,34,59
8528949.0,23,45
8528979.0,21,43
8529064.0,34,57
8529075.0,34,61
8529082.0,16,116
8529193.0,25,52
8529226.0,24,44
8529255.0,26,78
8529396.0,23,46
8529554.0,27,78
8529622.0,21,46
8529669.0,24,44
8529678.0,27,54
8529785.0,30,44
8529887.0,23,46
8529909.0,29,43
8529936.0,23,49
8529937.0,52,83
8529948.0,23,48
8529961.0,26,78
8530034.0,25,40
8530039.0,25,46
8530132.0,29,44
8530143.0,31,43
8530188.0,23,42
8530209.0,29,43
8530210.0,32,42
8530241.0,24,42
8530340.0,28,55
8530348.0,28,42
8530405.0,34,47
8530455.0,24,47
8530461.0,34,56
8530462.0,31,43
8530508.0,21,47
8530622.0,33,43
8530651.0,27,41
8530725.0,28,78
8530802.0,23,42
8530860.0,32,43
8530905.0,72,48
8530935.0,34,48
8530946.0,27,58
8530984.0,33,43
8531024.0,26,78
8531036.0,33,42
8531106.0,27,56
8531125.0,32,44
8531157.0,31,44
8531169.0,54,120
8531253.0,26,46
8531304.0,22,48
8531357.0,20,46
8531419.0,23,42
8531438.0,24,50
8531470.0,28,54
8531489.0,21,45
8531652.0,46,92
8531688.0,24,45
8531702.0,33,42
8531711.0,21,45
8531804.0,27,53
8531924.0,22,46
8532095.0,25,51
8532150.0,21,44
8532248.0,57,101
8532595.0,23,44
8532673.0,24,51
8532681.0,30,45
8532732.0,25,46
8532792.0,33,43
8532803.0,31,42
8532899.0,33,44
8532940.0,34,45
8533032.0,30,45
8533174.0,33,44
8533351.0,22,45
8533376.0,27,44
8533425.0,26,44
8533466.0,46,89
8533513.0,23,43
8533549.0,31,41
8533551.0,33,45
8533682.0,22,43
8533747.0,32,45
8533804.0,34,45
8533876.0,33,44
8533946.0,21,46
8533981.0,34,58
8534006.0,27,42
8534075.0,26,44
8534119.0,35,44
8534145.0,31,45
8534150.0,34,45
8534220.0,28,43
8534220.0,28,41
8534268.0,32,41
8534379.0,33,44
8534493.0,24,42
8534498.0,28,43
8534593.0,22,42
8534619.0,24,44
8534724.0,35,44
8534746.0,32,46
8534882.0,35,60
8535050.0,34,56
8535062.0,29,44
8535143.0,49,90
8535171.0,29,43
8535228.0,47,90
8535270.0,34,60
8535356.0,22,46
8535379.0,29,44
8535389.0,28,43
8535465.0,34,46
8535501.0,21,43
8535508.0,60,52
8535521.0,20,46
8535534.0,49,90
8535543.0,32,52
8535602.0,34,61
8535626.0,28,43
8535650.0,22,49
8535673.0,36,61
8535697.0,32,42
8535825.0,35,60
8535910.0,33,52
8535921.0,34,60
8535935.0,29,43
8535952.0,60,52
8535975.0,21,43
8535993.0,23,44
8536036.0,34,46
8536037.0,43,88
8536357.0,38,70
8536365.0,44,89
8536402.0,31,43
8536402.0,20,44
8536486.0,23,41
8536486.0,36,61
8536556.0,24,45
8536666.0,25,41
8536712.0,59,51
8536726.0,20,47
8536727.0,29,43
8536749.0,50,89
8536883.0,31,43
8536945.0,21,43
8537021.0,29,44
8537034.0,21,42
8537090.0,60,52
8537093.0,27,54
8537130.0,23,46
8537248.0,29,43
8537255.0,33,51
8537257.0,21,46
8537262.0,23,45
8537308.0,44,89
8537332.0,50,89
8537338.0,28,43
8537352.0,29,44
8537355.0,70,57
8537370.0,33,53
8537489.0,25,52
8537601.0,24,46
8537609.0,22,43
8537616.0,21,46
8537627.0,31,43
8537675.0,28,43
8537694.0,23,44
8537734.0,25,41
8537758.0,34,59
8537783.0,23,50
8537784.0,32,43
8537846.0,33,46
8537847.0,25,50
8538015.0,45,88
8538026.0,25,46
8538031.0,21,45
8538057.0,29,43
8538144.0,31,43
8538188.0,21,41
8538276.0,59,51
8538295.0,33,44
8538383.0,29,43
8538410.0,22,47
8538453.0,35,47
8538542.0,26,41
8538567.0,33,45
8538574.0,21,41
8538664.0,33,47
8538732.0,37,86
8538733.0,35,47
8538746.0,39,55
8538777.0,29,44
8538829.0,22,44
8539065.0,30,44
8539100.0,33,44
8539177.0,25,41
8539245.0,26,52
8539335.0,29,44
8539339.0,23,48
8539364.0,30,43
8539393.0,33,44
8539402.0,28,44
8539409.0,22,44
8539553.0,23,48
8539662.0,24,40
8539727.0,33,48
8539732.0,22,41
8539800.0,27,43
8539827.0,20,46
8539974.0,29,44
8540118.0,20,45
8540122.0,22,41
8540209.0,35,64
8540225.0,21,46
8540241.0,23,42
8540273.0,28,44
8540276.0,21,48
8540284.0,26,44
8540410.0,24,41
8540417.0,20,46
8540542.0,26,42
8540629.0,29,44
8540721.0,32,44
8540757.0,23,42
8540778.0,22,47
8540816.0,21,49
8540926.0,36,42
8540971.0,26,42
8540988.0,21,41
8541071.0,28,44
8541090.0,25,53
8541092.0,35,63
8541153.0,29,43
8541248.0,73,52
8541327.0,29,44
8541369.0,23,42
8541437.0,28,44
8541474.0,22,44
8541598.0,29,43
8541660.0,31,44
8541739.0,20,46
8541786.0,30,42
8541874.0,29,45
8542291.0,21,43
8542297.0,19,47
8542338.0,22,45
8542383.0,20,46
8542410.0,20,48
8542469.0,30,45
8542526.0,29,43
8542554.0,23,46
8542727.0,21,47
8542764.0,21,43
8543023.0,23,46
8543037.0,29,44
8543053.0,23,45
8543155.0,21,49
8543240.0,33,51
8543329.0,21,47
8543453.0,29,43
8543550.0,24,46
8543615.0,22,43
8543785.0,19,48
8543835.0,33,47
8544012.0,29,44
8544049.0,30,44
8544064.0,69,45
8544075.0,21,44
8544191.0,23,46
8544219.0,32,45
8544230.0,20,45
8544327.0,24,44
8544500.0,29,60
8544544.0,33,49
8544597.0,19,45
8544740.0,29,44
8545127.0,33,50
8545223.0,44,86
8545378.0,29,44
8545650.0,25,53
8545682.0,29,44
8545722.0,33,50
8545803.0,42,87
8545841.0,28,45
8545849.0,22,45
8545899.0,23,46
8546041.0,33,55
8546045.0,28,59
8546045.0,29,46
8546084.0,23,51
8546087.0,30,45
8546400.0,21,44
8546400.0,29,55
8546508.0,28,62
8546600.0,28,58
8546709.0,27,56
8546918.0,46,95
8546975.0,26,43
8547041.0,46,94
8547051.0,21,45
8547306.0,27,62
8547312.0,25,63
8547374.0,35,86
8547377.0,20,46
8547766.0,20,43
8547943.0,24,52
8548211.0,21,44
8548246.0,46,95
8548283.0,22,45
8548359.0,31,43
8548582.0,23,46
8548608.0,22,46
8548681.0,19,46
8548900.0,20,49
8548971.0,32,44
8549101.0,32,43
8549107.0,32,46
8549208.0,19,43
8549239.0,33,46
8549316.0,22,43
8549439.0,19,48
8549447.0,27,44
8549591.0,21,42
8549680.0,29,44
8549687.0,27,44
8549714.0,23,44
8549858.0,18,47
8549863.0,33,57
8549931.0,21,42
8549972.0,28,47
8550033.0,24,44
8550090.0,44,87
8550220.0,37,67
8550227.0,23,44
8550251.0,20,45
8550435.0,33,56
8550673.0,32,55
8550894.0,32,43
8550945.0,23,44
8551093.0,25,43
8551276.0,31,44
8551491.0,30,43
8551528.0,24,45
8551583.0,25,43
8551678.0,26,59
8552016.0,28,45
8552329.0,29,43
8553008.0,26,58
8553024.0,27,54
8553069.0,26,44
8553085.0,25,44
8553148.0,31,43
8553273.0,29,42
8553408.0,33,54
8553553.0,25,43
8554094.0,76,55
8554143.0,32,53
8554245.0,33,55
8554291.0,22,49
8554332.0,18,46
8554380.0,26,57
8554460.0,22,46
8554480.0,21,48
8554555.0,21,46
8554734.0,21,45
8554831.0,19,45
8554876.0,23,52
8554904.0,18,48
8555058.0,22,49
8555165.0,19,47
8555208.0,26,54
8555249.0,26,66
8555265.0,31,45
8555320.0,21,46
8555337.0,26,55
8555370.0,22,50
8555386.0,32,45
8555400.0,27,49
8555400.0,19,44
8555484.0,24,48
8555679.0,28,49
8555718.0,32,49
8555750.0,27,49
8556055.0,22,46
8556158.0,22,51
8556221.0,26,62
8556280.0,33,56
8556367.0,22,49
8556626.0,27,49
8556740.0,27,53
8556792.0,22,49
8556902.0,21,46
8556926.0,32,50
8557255.0,27,49
8557255.0,32,46
8557375.0,64,36
8557450.0,33,53
8557543.0,33,58
8557677.0,63,36
8557774.0,33,53
8557913.0,64,36
8557923.0,32,54
8558155.0,25,43
8558230.0,24,43
8558275.0,20,45
8558441.0,55,107
8558523.0,55,108
8558702.0,22,43
8558715.0,24,43
8558748.0,70,72
8558856.0,59,77
8558923.0,25,43
8559011.0,63,36
8559130.0,22,44
8559134.0,23,45
8559212.0,24,46
8559245.0,31,45
8559284.0,26,44
8559426.0,22,44
8559477.0,25,43
8559554.0,63,36
8559692.0,20,46
8559717.0,57,58
8559891.0,31,45
8560003.0,29,43
8560078.0,22,42
8560092.0,19,47
8560186.0,24,46
8560249.0,20,46
8560374.0,29,44
8560409.0,25,43
8560473.0,35,36
8560545.0,34,36
8560639.0,24,43
8560643.0,25,44
8560688.0,30,45
8560748.0,29,44
8560789.0,27,45
8560837.0,25,43
8560852.0,35,36
8560889.0,30,43
8561097.0,25,44
8561137.0,21,46
8561168.0,31,45
8561709.0,25,43
8561731.0,33,59
8561892.0,19,43
8562307.0,20,46
8562320.0,25,43
8562635.0,19,44
8562646.0,19,43
8562743.0,18,44
8563352.0,32,52
8563477.0,44,91
8563535.0,32,50
8563540.0,18,49
8563669.0,21,47
8564025.0,21,47
8564058.0,44,91
8564204.0,19,49
8564284.0,54,91
8564353.0,55,91
8564489.0,19,45
8564707.0,22,45
8564918.0,31,45
8565019.0,38,64
8565058.0,32,54
8565171.0,31,45
8565213.0,19,50
8565406.0,19,46
8565551.0,25,44
8565556.0,32,54
8565628.0,24,54
8566025.0,19,46
8566206.0,31,46
8566238.0,23,53
8566495.0,20,46
8566609.0,19,46
8566635.0,23,54
8566736.0,28,43
8567074.0,31,46
8567429.0,19,46
8568596.0,29,44
8569229.0,18,45
8569360.0,19,46
8569516.0,31,53
8569950.0,31,53
8570072.0,18,47
8570156.0,55,92
8570795.0,19,46
8571322.0,18,46
8571415.0,19,48
8571659.0,20,48
8571799.0,19,46
8571822.0,18,46
8572351.0,23,45
8572539.0,30,44
8572731.0,19,46
8573006.0,23,46
8573032.0,20,46
8573049.0,20,51
8573728.0,19,46
8574029.0,33,60
8574166.0,23,46
8574496.0,19,46
8574827.0,19,46
8574923.0,69,50
8575706.0,18,45
8575806.0,20,45
8576517.0,30,45
8576915.0,21,45
8576969.0,30,45
8577058.0,31,45
8577100.0,21,47
8577118.0,28,45
8577412.0,20,50
8577462.0,75,58
8577588.0,21,46
8577662.0,19,46
8578908.0,22,45
8579171.0,21,51
8579336.0,35,64
8580045.0,20,51
8580174.0,17,44
8581351.0,30,45
8581445.0,21,52
8581834.0,29,45
8582058.0,30,45
8582241.0,29,45
8586278.0,20,47
8586879.0,19,47
8586924.0,20,47
8587223.0,19,47
8588691.0,34,62
8589156.0,34,85
8589708.0,16,49
8596637.0,51,105
8597858.0,39,73
8598474.0,42,55
8598668.0,43,54
8598721.0,25,54
8598834.0,25,55
8599001.0,48,46
8599129.0,42,55
8599397.0,49,46
8599433.0,48,46
8600112.0,25,55
8600965.0,22,45
8601539.0,18,45
8601637.0,18,46
8602967.0,17,46
8603086.0,16,46
8604259.0,43,54
8604434.0,16,47
8604918.0,18,46
8605244.0,32,85
8605258.0,33,85
8605316.0,17,48
8606025.0,16,49
8607116.0,16,49
8607245.0,31,53
8607621.0,19,45
8607769.0,20,46
8608031.0,19,45
8608572.0,37,66
8609012.0,20,46
8609239.0,20,47
8609290.0,43,88
8609634.0,31,48
8609658.0,22,51
8609746.0,20,46
8610109.0,46,100
8610117.0,46,101
8610220.0,45,100
8610271.0,19,47
8610317.0,30,43
8610340.0,18,46
8610595.0,19,45
8610674.0,20,46
8610706.0,18,45
8610887.0,19,45
8611248.0,22,46
8611348.0,17,47
8611565.0,20,46
8611589.0,45,102
8611643.0,28,43
8611729.0,20,44
8611750.0,23,44
8612046.0,17,44
8612291.0,19,45
8612372.0,26,45
8612397.0,18,45
8612561.0,23,45
8612624.0,19,45
8612711.0,19,43
8613105.0,22,45
8613221.0,23,45
8613592.0,29,46
8613888.0,29,46
8614084.0,18,50
8614104.0,21,47
8614143.0,25,44
8614197.0,112,69
8614262.0,22,43
8614368.0,16,49
8614859.0,17,49
8615050.0,29,46
8615216.0,16,49
8615354.0,38,87
8615455.0,22,47
8615687.0,20,43
8615786.0,22,47
8615914.0,21,46
8616451.0,18,47
8617441.0,24,55
8617767.0,26,56
8617785.0,20,45
8618054.0,25,55
8618133.0,19,49
8618369.0,24,55
8618456.0,31,44
8618550.0,32,50
8618687.0,19,45
8618840.0,47,95
8619140.0,47,95
8619161.0,25,55
8619192.0,32,55
8619232.0,19,46
8619327.0,19,45
8619356.0,17,47
8619386.0,29,43
8619411.0,28,45
8619464.0,16,46
8619501.0,20,46
8619583.0,31,46
8619719.0,30,42
8619762.0,28,43
8619777.0,30,43
8619821.0,28,45
8619836.0,28,42
8620008.0,28,43
8620059.0,29,43
8620162.0,46,95
8620164.0,19,44
8620221.0,32,51
8620347.0,29,42
8620393.0,29,44
8620440.0,20,48
8620469.0,19,44
8620558.0,28,42
8620562.0,17,46
8620610.0,17,48
8620667.0,29,42
8621092.0,18,49
8621114.0,19,47
8621443.0,29,43
8621532.0,24,43
8621768.0,23,44
8621884.0,20,45
8621986.0,29,43
8622003.0,21,51
8622109.0,21,52
8622204.0,23,44
8622263.0,24,45
8622384.0,22,48
8622413.0,51,114
8622427.0,18,47
8622536.0,22,47
8622789.0,24,45
8622840.0,23,44
8622912.0,19,44
8622990.0,19,50
8623018.0,20,46
8623020.0,37,86
8623222.0,32,48
8623326.0,32,53
8623379.0,33,61
8623395.0,22,52
8623414.0,22,46
8623559.0,19,44
8623664.0,19,43
8623974.0,19,44
8623980.0,22,43
8624001.0,22,52
8624223.0,20,44
8624283.0,19,44
8624335.0,21,44
8624393.0,19,43
8624964.0,19,43
8625066.0,24,54
8625143.0,21,46
8625177.0,20,50
8625219.0,19,43
8625377.0,19,45
8625390.0,21,45
8625537.0,19,50
8625679.0,31,43
8625764.0,21,45
8626250.0,19,49
8626308.0,24,42
8626316.0,18,45
8626608.0,20,42
8626670.0,40,87
8626697.0,32,51
8626801.0,34,86
8626819.0,29,44
8627298.0,21,46
8627500.0,24,46
8627619.0,27,46
8627799.0,21,45
8627853.0,40,88
8627867.0,26,44
8627956.0,30,46
8628036.0,21,42
8628047.0,41,88
8628050.0,27,44
8628134.0,42,88
8628229.0,19,50
8628328.0,22,43
8628419.0,32,48
8628716.0,37,87
8629114.0,26,43
8629264.0,33,58
8629360.0,29,46
8629604.0,33,62
8629859.0,28,45
8629894.0,33,56
8630092.0,20,45
8630185.0,21,44
8630519.0,22,45
8630597.0,19,49
8630701.0,28,46
8630715.0,32,54
8630756.0,32,47
8630908.0,22,48
8630975.0,34,63
8631273.0,32,45
8631302.0,19,46
8631427.0,22,46
8631443.0,31,43
8631467.0,19,44
8631477.0,18,43
8631504.0,18,45
8631515.0,30,44
8631530.0,30,42
8631584.0,23,46
8631674.0,20,43
8631766.0,30,45
8631853.0,27,44
8631861.0,18,43
8631946.0,20,49
8632043.0,19,46
8632066.0,20,47
8632301.0,32,53
8632317.0,33,47
8632347.0,32,52
8632358.0,20,47
8632383.0,21,45
8632566.0,23,46
8632727.0,19,47
8633205.0,19,46
8633362.0,33,61
8633425.0,33,48
8633461.0,27,80
8633496.0,19,46
8633561.0,26,43
8633568.0,33,51
8633679.0,22,46
8634364.0,46,88
8634378.0,33,57
8634456.0,24,43
8634985.0,23,46
8635036.0,27,56
8635054.0,18,47
8635120.0,19,48
8635391.0,20,46
8635397.0,20,49
8635514.0,33,50
8635543.0,25,44
8635617.0,22,44
8635758.0,25,42
8635860.0,22,42
8635894.0,33,51
8635996.0,47,89
8636092.0,33,47
8636230.0,33,56
8636258.0,24,53
8636358.0,23,52
8636410.0,23,51
8636636.0,36,87
8636668.0,33,57
8636680.0,37,87
8636712.0,24,46
8636852.0,33,52
8637054.0,38,87
8637174.0,21,41
8637233.0,21,45
8637240.0,26,42
8637274.0,23,45
8637347.0,23,46
8637355.0,32,42
8637390.0,19,46
8637610.0,22,50
8637611.0,19,45
8637678.0,32,45
8637734.0,39,88
8637824.0,19,47
8637957.0,27,43
8637985.0,29,45
8637990.0,21,49
8638039.0,33,58
8638047.0,25,54
8638054.0,33,48
8638113.0,33,86
8638136.0,19,45
8638252.0,33,47
8638341.0,33,49
8638536.0,25,41
8638545.0,22,45
8638548.0,21,43
8638745.0,57,103
8638821.0,46,98
8638884.0,22,41
8639051.0,31,43
8639178.0,34,86
8639208.0,33,46
8639228.0,28,44
8639290.0,19,45
8639418.0,19,48
8639754.0,28,48
8639857.0,55,107
8639870.0,22,43
8639883.0,25,44
8640093.0,33,45
8640189.0,22,43
8640275.0,21,43
8640329.0,19,47
8640415.0,25,43
8640557.0,21,43
8640605.0,21,44
8640618.0,30,43
8640633.0,21,42
8640710.0,31,44
8640744.0,23,51
8640776.0,26,44
8640788.0,23,42
8640821.0,27,58
8640980.0,31,42
8641052.0,33,44
8641063.0,28,58
8641225.0,28,43
8641274.0,33,52
8641283.0,19,47
8641343.0,26,58
8641514.0,30,43
8641581.0,23,44
8641646.0,24,52
8641802.0,26,58
8641833.0,31,45
8641869.0,27,59
8641888.0,22,43
8642002.0,24,45
8642080.0,23,50
8642101.0,31,46
8642175.0,33,45
8642294.0,31,43
8642390.0,20,45
8642427.0,27,62
8642515.0,24,46
8642531.0,27,42
8642546.0,23,41
8642590.0,19,44
8642633.0,26,41
8642668.0,31,46
8642675.0,29,59
8642754.0,25,47
8642762.0,31,43
8642887.0,24,40
8642946.0,29,44
8643061.0,20,46
8643115.0,32,54
8643220.0,20,43
8643341.0,19,47
8643448.0,22,41
8643486.0,54,104
8643675.0,28,43
8643766.0,22,42
8643876.0,25,47
8643962.0,20,48
8643985.0,24,47
8644054.0,37,87
8644062.0,19,46
8644073.0,23,45
8644121.0,19,47
8644146.0,33,56
8644161.0,21,41
8644162.0,43,87
8644171.0,29,45
8644406.0,40,88
8644406.0,33,48
8644419.0,25,47
8644470.0,25,42
8644513.0,20,48
8644561.0,22,41
8644573.0,34,47
8644628.0,33,55
8644837.0,19,47
8644851.0,23,43
8644873.0,26,42
8644994.0,21,41
8645033.0,21,48
8645036.0,27,45
8645089.0,20,47
8645162.0,33,44
8645188.0,29,44
8645198.0,32,45
8645233.0,24,46
8645255.0,21,48
8645283.0,26,44
8645321.0,34,51
8645362.0,33,42
8645364.0,23,45
8645367.0,21,43
8645374.0,26,45
8645497.0,22,44
8645521.0,25,47
8645533.0,34,49
8645621.0,33,62
8645622.0,28,47
8645637.0,30,45
8645666.0,23,48
8645846.0,37,68
8645989.0,33,42
8646031.0,25,46
8646040.0,25,47
8646138.0,26,43
8646321.0,26,49
8646321.0,34,61
8646342.0,28,47
8646398.0,34,60
8646400.0,34,46
8646414.0,33,42
8646490.0,47,95
8646510.0,25,46
8646789.0,26,54
8646889.0,21,48
8646978.0,32,42
8647051.0,26,49
8647157.0,33,42
8647177.0,24,52
8647180.0,31,49
8647222.0,34,62
8647230.0,22,46
8647272.0,34,59
8647280.0,34,48
8647426.0,25,47
8647431.0,27,55
8647438.0,34,47
8647496.0,26,49
8647597.0,24,41
8647601.0,20,44
8647647.0,25,46
8647665.0,32,42
8647717.0,28,42
8647773.0,34,52
8647813.0,25,42
8647857.0,21,45
8647866.0,23,42
8647899.0,33,50
8647912.0,27,44
8648086.0,34,50
8648141.0,34,58
8648143.0,24,51
8648146.0,24,45
8648158.0,23,43
8648238.0,27,55
8648336.0,43,89
8648354.0,25,46
8648374.0,32,42
8648385.0,23,42
8648411.0,21,45
8648443.0,29,43
8648462.0,44,89
8648466.0,23,43
8648759.0,32,43
8648762.0,26,42
8648765.0,34,46
8648782.0,26,43
8648793.0,33,57
8648888.0,20,46
8648944.0,25,46
8648992.0,22,43
8649000.0,33,60
8649012.0,32,44
8649215.0,20,46
8649294.0,23,44
8649412.0,25,46
8649424.0,34,44
8649520.0,27,45
8649579.0,34,57
8649757.0,30,44
8649836.0,23,42
8649890.0,34,63
8649951.0,21,47
8650042.0,34,49
8650089.0,25,45
8650119.0,32,45
8650163.0,32,46
8650305.0,26,59
8650379.0,26,60
8650408.0,23,42
8650414.0,34,45
8650452.0,20,46
8650462.0,27,41
8650466.0,21,49
8650483.0,26,46
8650548.0,23,49
8650801.0,24,50
8650814.0,34,53
8650866.0,21,49
8650931.0,30,45
8650982.0,22,49
8651142.0,33,52
8651202.0,21,44
8651243.0,34,52
8651248.0,34,43
8651330.0,22,41
8651426.0,23,42
8651660.0,22,45
8651736.0,28,41
8651815.0,24,43
8651916.0,21,45
8652137.0,70,75
8652159.0,22,43
8652182.0,23,42
8652188.0,31,45
8652255.0,34,51
8652333.0,28,54
8652345.0,24,42
8652364.0,27,60
8652368.0,30,44
8652398.0,24,43
8652501.0,34,56
8652733.0,21,42
8652748.0,22,49
8652750.0,28,56
8652770.0,29,59
8652925.0,22,46
8652936.0,25,54
8653007.0,34,53
8653081.0,24,43
8653092.0,28,56
8653133.0,24,44
8653226.0,26,42
8653239.0,22,48
8653271.0,23,41
8653276.0,25,52
8653306.0,21,42
8653373.0,27,55
8653373.0,25,44
8653377.0,25,54
8653404.0,34,43
8653404.0,38,88
8653505.0,34,58
8653512.0,29,42
8653609.0,31,46
8653611.0,22,48
8653660.0,24,43
8653788.0,39,87
8653795.0,25,45
8653806.0,22,45
8653807.0,37,87
8653817.0,26,45
8653841.0,25,44
8653856.0,34,54
8653884.0,28,41
8653886.0,34,55
8653935.0,21,42
8654216.0,28,42
8654313.0,23,41
8654337.0,24,44
8654477.0,33,42
8654486.0,34,44
8654494.0,22,48
8654499.0,28,44
8654565.0,22,42
8654681.0,21,42
8654698.0,21,43
8654865.0,35,47
8654891.0,23,48
8654937.0,33,43
8654950.0,27,54
8654951.0,35,49
8654993.0,24,49
8654998.0,25,44
8655000.0,30,43
8655054.0,21,46
8655058.0,22,44
8655088.0,21,42
8655094.0,21,43
8655117.0,22,48
8655342.0,22,47
8655359.0,20,45
8655371.0,23,43
8655376.0,34,57
8655430.0,25,44
8655600.0,21,46
8655641.0,25,45
8655821.0,31,45
8655871.0,24,46
8655901.0,33,43
8655935.0,35,45
8655969.0,21,42
8655988.0,28,55
8656058.0,26,46
8656104.0,24,41
8656130.0,25,40
8656203.0,22,48
8656208.0,21,42
8656214.0,20,45
8656269.0,27,46
8656385.0,23,49
8656389.0,33,46
8656427.0,28,43
8656472.0,33,45
8656508.0,35,44
8656527.0,35,46
8656714.0,47,113
8656730.0,23,49
8656733.0,33,44
8656761.0,34,42
8656771.0,23,45
8656785.0,22,45
8656870.0,34,60
8657000.0,27,44
8657018.0,46,99
8657042.0,34,53
8657075.0,26,41
8657082.0,33,43
8657168.0,24,42
8657248.0,22,48
8657302.0,35,50
8657329.0,35,87
8657347.0,34,50
8657415.0,25,43
8657495.0,31,44
8657528.0,26,44
8657631.0,23,42
8657705.0,33,43
8657707.0,23,49
8657757.0,34,59
8657761.0,33,47
8657847.0,25,43
8657852.0,25,50
8657887.0,35,43
8658018.0,25,51
8658021.0,25,42
8658036.0,35,50
8658166.0,24,43
8658216.0,22,43
8658303.0,25,42
8658358.0,26,53
8658377.0,35,50
8658378.0,33,43
8658421.0,35,49
8658430.0,22,48
8658504.0,30,42
8658546.0,22,44
8658634.0,46,99
8658697.0,25,43
8658767.0,75,53
8658843.0,37,88
8658873.0,25,44
8658930.0,25,51
8659003.0,35,52
8659019.0,28,40
8659022.0,27,56
8659051.0,21,45
8659083.0,28,44
8659306.0,24,49
8659329.0,28,56
8659354.0,25,43
8659358.0,27,58
8659434.0,32,45
8659454.0,47,82
8659482.0,23,45
8659521.0,25,42
8659526.0,33,45
8659594.0,30,47
8659597.0,29,44
8659611.0,26,56
8659629.0,28,42
8659665.0,23,44
8659684.0,31,43
8659700.0,24,50
8659737.0,21,45
8659769.0,26,52
8659896.0,23,44
8659923.0,25,42
8659931.0,29,44
8659955.0,26,56
8659972.0,26,45
8659985.0,22,46
8659994.0,27,45
8660012.0,25,43
8660023.0,75,53
8660200.0,25,44
8660246.0,33,45
8660278.0,35,62
8660331.0,27,57
8660332.0,27,45
8660334.0,35,51
8660398.0,25,41
8660434.0,28,42
8660439.0,29,40
8660453.0,24,42
8660530.0,21,45
8660638.0,25,39
8660641.0,34,44
8660656.0,35,63
8660704.0,33,45
8660776.0,23,44
8660781.0,27,51
8660832.0,35,46
8660903.0,25,40
8660941.0,50,88
8661003.0,22,47
8661063.0,23,47
8661067.0,21,45
8661093.0,23,44
8661138.0,32,46
8661143.0,35,64
8661203.0,35,65
8661224.0,28,41
8661285.0,30,41
8661363.0,25,43
8661475.0,25,40
8661510.0,24,45
8661519.0,23,48
8661542.0,36,50
8661557.0,27,40
8661612.0,33,43
8661617.0,33,45
8661738.0,34,58
8661760.0,26,43
8661771.0,28,55
8661784.0,35,53
8661816.0,24,48
8661838.0,25,43
8661885.0,23,48
8661932.0,36,47
8661951.0,33,43
8661973.0,26,39
8662072.0,34,43
8662194.0,24,42
8662211.0,36,48
8662260.0,26,40
8662289.0,25,43
8662325.0,29,40
8662400.0,24,48
8662479.0,35,57
8662514.0,36,49
8662515.0,44,89
8662529.0,31,42
8662553.0,35,56
8662567.0,22,45
8662568.0,39,88
8662608.0,27,44
8662634.0,25,40
8662648.0,23,43
8662741.0,35,51
8662776.0,36,45
8662786.0,21,45
8662858.0,36,66
8662918.0,34,55
8663013.0,25,46
8663045.0,36,43
8663149.0,23,48
8663155.0,35,58
8663156.0,33,86
8663243.0,23,44
8663243.0,25,49
8663250.0,26,42
8663401.0,33,59
8663537.0,23,43
8663541.0,34,45
8663607.0,24,48
8663653.0,27,61
8663680.0,26,44
8663777.0,36,42
8663809.0,36,51
8663826.0,37,68
8663938.0,24,46
8663976.0,35,61
8663982.0,35,86
8664025.0,27,66
8664050.0,35,52
8664069.0,27,62
8664205.0,34,52
8664214.0,36,50
8664270.0,33,45
8664279.0,36,44
8664324.0,23,48
8664335.0,27,61
8664339.0,36,46
8664426.0,22,42
8664444.0,36,45
8664491.0,28,62
8664516.0,27,39
8664538.0,27,62
8664659.0,29,39
8664662.0,27,44
8664688.0,37,67
8664770.0,26,41
8664792.0,31,44
8664855.0,35,54
8664887.0,23,48
8664939.0,34,46
8664939.0,32,44
8664982.0,32,86
8665002.0,26,41
8665048.0,27,44
8665053.0,31,41
8665055.0,24,45
8665106.0,27,45
8665155.0,34,63
8665233.0,35,63
8665260.0,23,43
8665320.0,36,50
8665376.0,28,43
8665438.0,36,51
8665491.0,36,49
8665506.0,34,44
8665567.0,28,41
8665593.0,23,46
8665611.0,33,46
8665633.0,25,43
8665695.0,56,116
8665702.0,26,40
8665716.0,31,44
8665751.0,32,43
8665769.0,23,43
8665781.0,27,43
8665784.0,24,44
8665811.0,28,46
8665844.0,35,53
8665846.0,36,46
8665882.0,27,67
8666006.0,27,44
8666012.0,23,46
8666039.0,31,44
8666074.0,22,44
8666143.0,29,43
8666144.0,29,54
8666176.0,36,43
8666183.0,26,43
8666252.0,30,44
8666264.0,29,61
8666348.0,27,53
8666393.0,26,41
8666397.0,28,46
8666421.0,27,64
8666427.0,28,59
8666451.0,35,57
8666458.0,25,45
8666462.0,35,42
8666470.0,34,54
8666471.0,34,47
8666482.0,29,61
8666510.0,27,59
8666578.0,29,54
8666589.0,35,58
8666662.0,28,59
8666674.0,23,42
8666730.0,30,44
8666816.0,33,45
8666887.0,24,47
8666900.0,27,44
8666908.0,27,59
8666926.0,40,89
8666941.0,35,42
8666964.0,36,51
8666988.0,35,45
8667084.0,23,46
8667215.0,35,60
8667217.0,36,52
8667229.0,35,62
8667239.0,28,45
8667252.0,33,45
8667270.0,24,43
8667337.0,25,42
8667340.0,28,46
8667345.0,26,50
8667425.0,29,54
8667431.0,38,71
8667440.0,26,46
8667496.0,25,48
8667549.0,23,45
8667756.0,28,46
8667871.0,28,59
8667901.0,26,43
8667903.0,24,44
8667934.0,30,41
8667950.0,21,43
8668036.0,28,63
8668065.0,30,40
8668152.0,36,50
8668222.0,28,44
8668239.0,29,42
8668283.0,35,43
8668307.0,32,42
8668336.0,31,40
8668381.0,28,57
8668427.0,28,44
8668482.0,27,42
8668488.0,26,51
8668607.0,25,44
8668619.0,29,44
8668646.0,35,63
8668696.0,31,47
8668744.0,32,43
8668787.0,25,41
8668847.0,28,54
8668859.0,28,42
8668882.0,39,70
8668901.0,27,39
8668960.0,27,44
8668962.0,37,45
8669014.0,45,88
8669034.0,26,44
8669040.0,25,45
8669078.0,33,44
8669096.0,26,51
8669109.0,27,47
8669290.0,30,39
8669354.0,29,55
8669465.0,37,48
8669508.0,28,43
8669534.0,28,54
8669544.0,27,47
8669551.0,27,41
8669573.0,28,39
8669659.0,37,44
8669661.0,37,42
8669664.0,32,47
8669739.0,41,89
8669768.0,59,60
8669799.0,30,42
8669829.0,29,40
8669877.0,29,55
8669953.0,27,52
8669983.0,28,45
8670025.0,29,56
8670060.0,27,38
8670075.0,28,53
8670087.0,24,46
8670090.0,28,44
8670148.0,26,52
8670306.0,27,52
8670323.0,39,89
8670395.0,24,42
8670407.0,37,47
8670429.0,32,42
8670440.0,29,40
8670448.0,28,44
8670492.0,25,43
8670503.0,28,53
8670507.0,59,60
8670553.0,33,43
8670570.0,37,46
8670599.0,27,38
8670606.0,36,53
8670628.0,36,42
8670637.0,35,54
8670655.0,29,59
8670668.0,29,41
8670679.0,26,46
8670679.0,27,51
8670705.0,26,42
8670719.0,34,46
8670771.0,25,48
8670788.0,26,51
8670821.0,36,51
8670890.0,24,43
8670905.0,32,41
8670928.0,29,45
8670938.0,25,43
8670961.0,37,43
8671006.0,26,52
8671079.0,35,60
8671095.0,29,55
8671146.0,26,51
8671188.0,37,45
8671194.0,28,44
8671200.0,28,38
8671224.0,27,38
8671232.0,28,43
8671295.0,35,58
8671412.0,28,44
8671423.0,29,45
8671440.0,27,43
8671482.0,27,40
8671489.0,27,52
8671516.0,27,51
8671545.0,26,45
8671585.0,33,45
8671608.0,30,41
8671646.0,28,43
8671712.0,24,41
8671738.0,36,54
8671748.0,33,87
8671760.0,31,40
8671782.0,35,42
8671801.0,73,52
8671970.0,37,44
8672022.0,29,45
8672073.0,26,45
8672088.0,43,51
8672113.0,28,42
8672167.0,27,52
8672197.0,28,45
8672240.0,35,42
8672242.0,26,49
8672325.0,25,43
8672398.0,29,45
8672413.0,28,43
8672489.0,52,98
8672502.0,31,39
8672573.0,27,51
8672582.0,26,49
8672582.0,27,66
8672590.0,25,47
8672635.0,24,43
8672717.0,28,43
8672797.0,32,40
8672825.0,30,42
8672843.0,27,51
8672845.0,36,43
8672878.0,35,45
8672933.0,37,50
8672964.0,29,44
8672971.0,34,42
8672999.0,42,51
8673076.0,27,43
8673099.0,29,45
8673130.0,34,45
8673327.0,35,45
8673329.0,27,52
8673382.0,26,41
8673395.0,35,47
8673398.0,35,42
8673406.0,34,42
8673470.0,28,53
8673504.0,26,39
8673571.0,25,42
8673576.0,26,79
8673582.0,36,45
8673613.0,26,44
8673623.0,37,48
8673625.0,29,62
8673659.0,28,41
8673762.0,33,42
8673782.0,25,42
8673860.0,35,47
8673903.0,27,52
8673952.0,31,43
8673952.0,29,45
8673984.0,28,44
8674047.0,31,44
8674072.0,42,51
8674092.0,30,41
8674098.0,28,58
8674101.0,28,63
8674189.0,37,51
8674224.0,29,57
8674242.0,31,43
8674243.0,35,45
8674279.0,27,42
8674321.0,31,42
8674359.0,32,40
8674365.0,28,38
8674382.0,27,51
8674410.0,29,40
8674420.0,28,54
8674467.0,37,52
8674482.0,26,48
8674487.0,33,52
8674494.0,29,58
8674511.0,36,57
8674540.0,27,41
8674555.0,43,86
8674585.0,35,47
8674604.0,44,88
8674615.0,33,51
8674689.0,29,60
8674733.0,25,43
8674740.0,34,44
8674746.0,25,47
8674931.0,36,53
8674961.0,29,58
8674969.0,46,90
8674978.0,35,47
8675029.0,29,44
8675071.0,34,45
8675115.0,25,42
8675180.0,27,41
8675328.0,27,51
8675328.0,34,46
8675355.0,36,44
8675368.0,37,42
8675384.0,25,42
8675419.0,25,46
8675424.0,33,41
8675471.0,36,58
8675493.0,27,52
8675536.0,35,44
8675546.0,35,47
8675559.0,38,44
8675565.0,32,41
8675566.0,38,47
8675572.0,29,44
8675601.0,36,44
8675604.0,28,60
8675625.0,46,104
8675633.0,39,89
8675663.0,27,49
8675723.0,30,41
8675766.0,27,38
8675773.0,29,55
8675794.0,36,46
8675807.0,25,47
8675837.0,29,58
8675878.0,29,43
8675888.0,29,38
8675899.0,37,51
8675962.0,35,47
8675986.0,33,51
8676001.0,37,50
8676027.0,36,54
8676067.0,33,50
8676068.0,38,43
8676084.0,35,44
8676098.0,38,46
8676152.0,27,42
8676184.0,24,43
8676188.0,85,88
8676197.0,29,61
8676249.0,31,42
8676272.0,27,61
8676282.0,29,43
8676283.0,27,51
8676284.0,27,50
8676334.0,29,44
8676335.0,33,51
8676357.0,34,44
8676365.0,27,39
8676484.0,24,44
8676513.0,33,50
8676559.0,27,39
8676586.0,35,88
8676588.0,28,43
8676590.0,37,50
8676594.0,25,44
8676596.0,33,46
8676598.0,28,41
8676599.0,27,38
8676623.0,29,54
8676665.0,38,49
8676697.0,34,43
8676738.0,27,51
8676761.0,29,45
8676795.0,26,40
8676799.0,27,42
8676812.0,37,43
8676837.0,48,81
8676837.0,38,42
8676854.0,25,47
8676874.0,38,45
8676890.0,29,54
8676891.0,28,39
8676903.0,33,41
8676959.0,29,44
8677005.0,38,44
8677028.0,31,41
8677043.0,36,55
8677069.0,36,44
8677073.0,27,50
8677089.0,29,42
8677115.0,36,60
8677129.0,28,40
8677150.0,36,47
8677153.0,30,45
8677167.0,29,43
8677229.0,37,50
8677272.0,37,52
8677328.0,35,60
8677343.0,38,47
8677355.0,26,43
8677379.0,25,41
8677392.0,28,41
8677407.0,35,45
8677425.0,25,45
8677490.0,27,51
8677505.0,28,43
8677515.0,36,57
8677528.0,38,46
8677540.0,32,43
8677562.0,36,45
8677677.0,33,50
8677763.0,34,52
8677782.0,28,46
8677802.0,26,47
8677823.0,30,57
8677830.0,27,38
8677858.0,29,43
8677892.0,27,50
8677893.0,27,48
8677925.0,35,57
8677927.0,38,48
8677940.0,36,48
8677951.0,33,40
8677959.0,26,48
8678000.0,27,45
8678008.0,38,50
8678017.0,32,39
8678038.0,35,46
8678044.0,33,50
8678093.0,32,43
8678174.0,34,50
8678224.0,27,42
8678251.0,27,38
8678319.0,26,69
8678336.0,25,41
8678392.0,23,43
8678424.0,26,48
8678425.0,29,41
8678512.0,27,39
8678516.0,27,51
8678524.0,27,50
8678539.0,37,53
8678549.0,34,50
8678584.0,25,47
8678585.0,31,40
8678589.0,30,39
8678592.0,26,69
8678659.0,29,43
8678688.0,27,40
8678721.0,36,59
8678846.0,27,45
8678953.0,28,52
8678956.0,29,40
8679060.0,25,49
8679123.0,38,70
8679140.0,34,39
8679143.0,31,40
8679157.0,28,38
8679236.0,27,49
8679241.0,34,42
8679278.0,29,43
8679332.0,31,41
8679353.0,25,44
8679373.0,28,42
8679377.0,27,45
8679401.0,27,44
8679411.0,38,49
8679444.0,26,43
8679466.0,35,45
8679500.0,27,43
8679572.0,29,44
8679625.0,29,45
8679639.0,25,47
8679684.0,30,44
8679736.0,27,45
8679756.0,25,44
8679790.0,27,44
8679795.0,28,46
8679842.0,26,46
8679843.0,38,72
8679879.0,27,51
8679980.0,25,49
8679983.0,37,44
8680088.0,27,51
8680118.0,25,47
8680210.0,40,89
8680257.0,27,50
8680406.0,30,58
8680412.0,34,49
8680426.0,34,43
8680430.0,38,50
8680446.0,39,44
8680448.0,33,39
8680501.0,27,40
8680543.0,36,61
8680544.0,32,41
8680620.0,34,41
8680656.0,36,60
8680658.0,25,44
8680688.0,30,59
8680768.0,38,42
8680774.0,27,41
8680780.0,36,55
8680807.0,26,43
8680809.0,28,51
8680836.0,35,46
8681057.0,33,40
8681058.0,36,59
8681110.0,26,41
8681131.0,26,44
8681189.0,39,45
8681207.0,47,91
8681210.0,24,43
8681292.0,28,45
8681416.0,25,46
8681438.0,47,89
8681467.0,39,46
8681474.0,37,54
8681475.0,25,44
8681502.0,35,62
8681510.0,60,54
8681522.0,37,89
8681531.0,29,43
8681601.0,39,89
8681615.0,36,63
8681686.0,26,40
8681880.0,39,43
8681899.0,46,90
8681926.0,30,43
8681991.0,25,43
8682051.0,35,43
8682055.0,35,44
8682063.0,31,60
8682185.0,31,43
8682222.0,29,52
8682224.0,25,44
8682240.0,24,43
8682256.0,28,41
8682269.0,30,42
8682274.0,37,43
8682305.0,39,46
8682343.0,37,44
8682432.0,30,45
8682476.0,39,44
8682489.0,25,43
8682492.0,35,87
8682530.0,35,44
8682541.0,27,44
8682557.0,29,39
8682588.0,31,45
8682626.0,25,44
8682673.0,32,43
8682697.0,38,43
8682711.0,37,43
8682729.0,29,38
8682744.0,36,87
8682801.0,28,66
8682829.0,34,40
8682877.0,26,46
8682928.0,35,44
8682933.0,29,40
8682967.0,29,46
8682978.0,30,41
8682987.0,39,45
8683025.0,36,64
8683071.0,27,43
8683194.0,28,67
8683222.0,35,64
8683237.0,29,53
8683247.0,35,43
8683279.0,25,46
8683323.0,29,38
8683360.0,27,46
8683380.0,27,42
8683420.0,25,43
8683447.0,39,47
8683521.0,30,44
8683532.0,29,42
8683583.0,26,46
8683602.0,35,42
8683605.0,31,45
8683607.0,27,43
8683628.0,33,43
8683763.0,27,41
8683763.0,37,44
8683780.0,34,41
8683819.0,29,40
8683853.0,37,46
8683910.0,26,45
8683921.0,39,49
8683928.0,28,40
8683949.0,25,42
8683953.0,38,51
8683956.0,29,63
8683970.0,33,43
8683979.0,26,44
8684042.0,30,40
8684071.0,28,44
8684097.0,38,53
8684138.0,27,47
8684177.0,29,38
8684179.0,31,39
8684185.0,36,45
8684276.0,28,44
8684352.0,39,46
8684416.0,37,57
8684442.0,33,51
8684461.0,26,46
8684477.0,34,51
8684514.0,27,63
8684556.0,38,44
8684628.0,31,43
8684632.0,39,50
8684742.0,30,55
8684753.0,30,39
8684873.0,28,51
8684880.0,37,44
8684956.0,27,63
8684974.0,34,39
8684997.0,36,63
8685029.0,37,55
8685062.0,28,48
8685080.0,39,49
8685081.0,35,45
8685215.0,31,44
8685266.0,35,41
8685310.0,36,61
8685329.0,36,54
8685336.0,25,41
8685361.0,30,41
8685425.0,28,43
8685553.0,26,43
8685578.0,27,40
8685582.0,38,52
8685618.0,40,44
8685786.0,28,45
8685883.0,30,43
8685930.0,30,54
8685938.0,40,45
8685950.0,45,89
8685971.0,44,89
8685973.0,28,64
8685977.0,37,44
8686078.0,36,45
8686143.0,38,53
8686173.0,30,44
8686214.0,36,47
8686266.0,36,44
8686269.0,39,50
8686292.0,37,47
8686407.0,29,45
8686436.0,27,42
8686445.0,40,90
8686453.0,40,42
8686477.0,40,46
8686532.0,28,64
8686579.0,26,69
8686627.0,39,47
8686650.0,39,49
8686673.0,38,70
8686709.0,29,38
8686746.0,35,53
8686769.0,39,43
8686854.0,26,69
8686908.0,38,45
8686923.0,35,40
8686945.0,36,65
8686993.0,26,44
8686994.0,33,40
8687029.0,30,38
8687056.0,29,38
8687075.0,40,43
8687095.0,36,62
8687208.0,31,43
8687245.0,31,45
8687371.0,36,46
8687450.0,37,54
8687477.0,37,47
8687520.0,31,42
8687529.0,29,64
8687552.0,40,44
8687555.0,30,53
8687562.0,39,51
8687588.0,27,46
8687590.0,29,41
8687598.0,33,44
8687628.0,38,68
8687691.0,45,90
8687719.0,31,41
8687750.0,36,88
8687774.0,31,43
8687785.0,37,57
8687786.0,28,44
8687813.0,41,44
8687818.0,40,45
8687834.0,29,60
8687849.0,30,54
8687945.0,28,42
8688057.0,34,40
8688082.0,33,41
8688092.0,30,42
8688143.0,31,40
8688247.0,38,46
8688253.0,28,49
8688273.0,27,45
8688280.0,37,55
8688314.0,31,41
8688380.0,28,42
8688421.0,31,44
8688434.0,34,43
8688475.0,40,46
8688486.0,35,40
8688493.0,36,42
8688527.0,29,44
8688561.0,40,47
8688604.0,27,41
8688629.0,26,42
8688630.0,38,46
8688632.0,57,51
8688653.0,36,64
8688706.0,31,39
8688755.0,28,48
8688756.0,32,45
8688766.0,40,48
8688799.0,36,43
8688816.0,34,44
8688843.0,37,67
8688873.0,47,96
8688914.0,27,46
8688989.0,28,43
8689003.0,29,44
8689011.0,28,61
8689050.0,28,41
8689087.0,47,95
8689145.0,39,48
8689165.0,34,44
8689232.0,38,54
8689256.0,36,41
8689271.0,29,52
8689358.0,31,41
8689359.0,28,49
8689370.0,37,46
8689393.0,26,43
8689406.0,33,40
8689436.0,27,46
8689453.0,28,41
8689466.0,57,51
8689471.0,47,96
8689478.0,27,41
8689495.0,37,58
8689498.0,38,50
8689502.0,29,49
8689549.0,31,45
8689605.0,30,42
8689623.0,29,45
8689650.0,40,49
8689688.0,31,41
8689727.0,29,44
8689739.0,30,41
8689756.0,35,39
8689843.0,37,59
8689858.0,29,49
8689878.0,28,47
8689895.0,25,41
8689953.0,28,41
8689987.0,38,46
8690044.0,39,44
8690084.0,39,51
8690123.0,35,41
8690123.0,32,43
8690134.0,27,44
8690160.0,27,45
8690176.0,40,47
8690185.0,34,41
8690232.0,29,44
8690234.0,47,95
8690311.0,25,41
8690324.0,25,68
8690327.0,39,44
8690329.0,40,43
8690354.0,36,41
8690370.0,29,43
8690410.0,27,46
8690423.0,28,49
8690428.0,28,40
8690434.0,28,41
8690455.0,29,39
8690477.0,36,59
8690481.0,29,50
8690489.0,29,51
8690549.0,31,44
8690578.0,40,48
8690581.0,40,50
8690584.0,41,44
8690592.0,36,51
8690655.0,29,48
8690730.0,29,49
8690766.0,38,46
8690784.0,28,47
8690835.0,37,45
8690915.0,28,49
8690916.0,39,46
8690923.0,39,50
8690991.0,39,52
8691017.0,33,50
8691043.0,32,44
8691112.0,29,51
8691171.0,34,40
8691274.0,30,62
8691316.0,33,42
8691360.0,27,46
8691386.0,28,42
8691446.0,37,61
8691488.0,36,40
8691491.0,31,43
8691508.0,32,43
8691534.0,27,43
8691573.0,39,45
8691637.0,41,45
8691654.0,38,46
8691672.0,32,42
8691698.0,38,47
8691739.0,34,43
8691775.0,29,84
8691786.0,39,42
8691813.0,39,44
8691821.0,39,45
8691888.0,33,42
8691953.0,31,38
8691963.0,37,58
8692017.0,31,42
8692035.0,29,42
8692067.0,40,48
8692069.0,64,88
8692072.0,29,63
8692082.0,41,44
8692096.0,39,44
8692096.0,41,46
8692104.0,30,41
8692132.0,35,52
8692136.0,38,47
8692210.0,33,38
8692250.0,31,41
8692275.0,33,42
8692321.0,31,56
8692334.0,29,62
8692371.0,31,57
8692372.0,33,39
8692378.0,40,50
8692511.0,39,53
8692522.0,31,38
8692570.0,37,59
8692589.0,28,46
8692592.0,32,41
8692660.0,37,47
8692688.0,37,44
8692690.0,35,53
8692717.0,37,45
8692719.0,37,60
8692750.0,30,39
8692775.0,28,45
8692811.0,31,41
8692855.0,32,39
8692920.0,29,38
8692979.0,39,44
8692990.0,31,57
8693013.0,29,47
8693049.0,36,47
8693068.0,41,45
8693071.0,37,43
8693097.0,38,55
8693124.0,36,39
8693133.0,29,53
8693147.0,39,52
8693150.0,39,46
8693190.0,40,90
8693191.0,40,43
8693254.0,35,53
8693258.0,31,43
8693264.0,29,41
8693277.0,45,90
8693281.0,41,47
8693286.0,28,53
8693296.0,32,44
8693305.0,37,62
8693346.0,30,44
8693358.0,35,43
8693360.0,28,39
8693366.0,41,46
8693429.0,27,42
8693441.0,39,43
8693483.0,37,46
8693486.0,34,41
8693505.0,39,46
8693506.0,31,41
8693533.0,31,42
8693535.0,38,74
8693537.0,29,43
8693682.0,39,45
8693732.0,35,41
8693734.0,29,53
8693750.0,30,40
8693758.0,40,49
8693847.0,32,45
8693853.0,31,57
8693949.0,41,45
8694032.0,33,45
8694035.0,34,40
8694069.0,35,44
8694191.0,37,42
8694207.0,32,60
8694212.0,31,38
8694255.0,31,41
8694297.0,36,47
8694337.0,29,46
8694412.0,41,46
8694442.0,32,38
8694467.0,28,44
8694497.0,39,47
8694525.0,39,53
8694533.0,41,48
8694550.0,32,40
8694601.0,30,48
8694621.0,33,42
8694628.0,36,40
8694658.0,29,48
8694664.0,35,44
8694682.0,40,51
8694715.0,38,46
8694743.0,35,42
8694745.0,41,47
8694825.0,30,52
8694830.0,31,41
8694831.0,40,44
8694856.0,40,54
8694920.0,37,63
8694947.0,74,61
8694971.0,42,44
8694973.0,37,41
8694990.0,37,43
8695002.0,36,63
8695027.0,34,42
8695064.0,29,50
8695068.0,37,61
8695078.0,33,43
8695084.0,33,44
8695129.0,27,41
8695140.0,32,40
8695149.0,40,44
8695210.0,30,61
8695217.0,29,42
8695242.0,30,57
8695256.0,35,45
8695373.0,31,57
8695383.0,33,44
8695389.0,28,45
8695487.0,35,40
8695494.0,33,43
8695507.0,31,40
8695509.0,39,54
8695525.0,37,40
8695657.0,40,52
8695665.0,36,50
8695705.0,45,105
8695714.0,31,41
8695733.0,32,43
8695787.0,41,48
8695804.0,29,47
8695895.0,54,106
8695904.0,32,37
8695955.0,65,83
8695970.0,32,44
8696005.0,30,58
8696029.0,28,43
8696034.0,28,45
8696034.0,33,44
8696080.0,39,46
8696123.0,30,43
8696194.0,31,57
8696220.0,36,50
8696222.0,32,56
8696260.0,39,48
8696265.0,37,62
8696278.0,28,43
8696309.0,37,42
8696319.0,38,44
8696337.0,37,39
8696341.0,36,64
8696363.0,29,44
8696370.0,38,46
8696392.0,36,39
8696416.0,35,40
8696417.0,32,42
8696436.0,37,40
8696470.0,28,44
8696530.0,37,56
8696540.0,33,37
8696608.0,33,43
8696661.0,33,39
8696665.0,51,99
8696673.0,31,39
8696719.0,28,44
8696729.0,30,44
8696771.0,41,47
8696869.0,38,57
8696889.0,57,58
8696897.0,35,41
8696897.0,30,42
8696899.0,35,43
8696920.0,42,45
8696924.0,36,38
8696939.0,59,59
8696954.0,50,110
8696970.0,37,42
8696986.0,31,45
8696989.0,39,46
8697001.0,28,42
8697005.0,37,44
8697011.0,38,55
8697028.0,39,54
8697043.0,31,59
8697046.0,35,42
8697084.0,46,90
8697114.0,33,40
8697182.0,31,57
8697217.0,35,38
8697222.0,53,83
8697351.0,38,70
8697356.0,41,43
8697396.0,33,37
8697405.0,34,37
8697413.0,41,49
8697504.0,39,47
8697538.0,30,41
8697539.0,31,57
8697565.0,30,59
8697572.0,38,68
8697593.0,40,45
8697598.0,38,45
8697599.0,31,55
8697619.0,33,37
8697630.0,33,42
8697649.0,28,43
8697666.0,31,59
8697682.0,35,38
8697687.0,38,55
8697725.0,29,39
8697726.0,57,55
8697773.0,29,46
8697815.0,39,49
8697841.0,40,51
8697870.0,41,43
8697893.0,37,40
8697920.0,38,43
8697928.0,31,55
8697936.0,108,69
8697936.0,30,43
8697963.0,38,55
8698046.0,40,53
8698117.0,32,42
8698131.0,42,46
8698167.0,38,56
8698173.0,27,42
8698181.0,30,50
8698195.0,38,44
8698229.0,28,43
8698270.0,33,41
8698282.0,57,55
8698300.0,29,49
8698302.0,38,58
8698327.0,37,39
8698350.0,61,62
8698387.0,32,57
8698412.0,31,44
8698428.0,35,40
8698444.0,42,45
8698457.0,60,62
8698488.0,33,44
8698497.0,38,42
8698559.0,39,54
8698583.0,33,41
8698589.0,38,47
8698629.0,41,50
8698629.0,41,49
8698691.0,29,45
8698725.0,37,41
8698767.0,41,44
8698769.0,37,62
8698808.0,38,41
8698817.0,42,47
8698872.0,33,49
8698896.0,37,64
8698912.0,41,43
8698955.0,30,48
8698959.0,57,55
8698966.0,28,43
8699082.0,39,55
8699166.0,27,42
8699211.0,40,52
8699286.0,61,62
8699301.0,32,41
8699309.0,40,46
8699315.0,32,62
8699318.0,30,47
8699323.0,33,45
8699359.0,41,48
8699389.0,37,64
8699393.0,33,38
8699491.0,30,40
8699492.0,28,43
8699523.0,37,38
8699537.0,33,39
8699540.0,30,39
8699601.0,31,58
8699628.0,41,45
8699654.0,34,42
8699679.0,29,64
8699691.0,30,52
8699714.0,27,42
8699751.0,61,62
8699818.0,31,52
8699866.0,30,42
8699911.0,55,81
8699929.0,36,40
8699932.0,41,43
8699971.0,33,39
8699978.0,32,62
8700001.0,38,54
8700017.0,42,46
8700054.0,40,53
8700079.0,30,39
8700084.0,31,43
8700086.0,33,41
8700090.0,41,45
8700092.0,33,43
8700125.0,38,59
8700149.0,38,40
8700176.0,38,41
8700180.0,29,44
8700226.0,23,47
8700227.0,34,44
8700236.0,31,52
8700274.0,38,58
8700277.0,36,40
8700350.0,43,44
8700368.0,42,47
8700391.0,28,41
8700402.0,31,54
8700432.0,36,60
8700462.0,37,64
8700471.0,37,60
8700481.0,28,43
8700485.0,31,55
8700511.0,32,40
8700524.0,28,68
8700526.0,33,41
8700539.0,31,43
8700542.0,32,39
8700556.0,40,47
8700558.0,28,44
8700620.0,42,48
8700647.0,28,41
8700683.0,34,41
8700686.0,33,37
8700707.0,41,45
8700711.0,31,53
8700729.0,33,39
8700760.0,36,39
8700800.0,27,42
8700895.0,28,64
8700925.0,43,45
8700930.0,31,61
8701002.0,39,47
8701010.0,38,39
8701061.0,65,82
8701085.0,31,48
8701103.0,33,44
8701105.0,28,64
8701107.0,53,81
8701139.0,39,55
8701151.0,29,66
8701162.0,34,40
8701166.0,31,52
8701168.0,28,43
8701257.0,31,43
8701286.0,33,43
8701301.0,44,90
8701304.0,32,46
8701330.0,33,42
8701412.0,36,86
8701417.0,35,45
8701458.0,31,52
8701477.0,39,46
8701506.0,33,39
8701507.0,29,43
8701546.0,38,67
8701549.0,41,46
8701552.0,34,43
8701572.0,31,43
8701581.0,39,43
8701604.0,30,63
8701618.0,28,45
8701637.0,28,43
8701638.0,30,47
8701655.0,31,55
8701664.0,38,59
8701666.0,39,44
8701684.0,38,56
8701702.0,41,46
8701722.0,33,44
8701751.0,31,42
8701754.0,42,44
8701762.0,32,46
8701774.0,43,44
8701817.0,40,54
8701860.0,34,45
8701866.0,33,42
8701870.0,29,44
8701889.0,39,42
8701909.0,39,45
8701953.0,27,46
8701972.0,38,40
8701991.0,34,39
8702012.0,38,46
8702025.0,43,45
8702034.0,29,43
8702052.0,34,42
8702055.0,31,41
8702059.0,34,45
8702084.0,32,54
8702092.0,33,44
8702107.0,42,44
8702116.0,37,48
8702161.0,29,44
8702202.0,42,49
8702274.0,33,39
8702300.0,41,50
8702335.0,33,42
8702349.0,36,52
8702355.0,41,51
8702390.0,27,46
8702414.0,31,46
8702438.0,31,52
8702480.0,28,43
8702486.0,28,42
8702510.0,42,48
8702512.0,31,39
8702514.0,33,54
8702651.0,40,47
8702658.0,37,52
8702704.0,31,51
8702738.0,22,51
8702742.0,30,41
8702779.0,39,43
8702814.0,31,44
8702827.0,30,46
8702828.0,31,40
8702855.0,36,41
8702889.0,26,46
8702903.0,38,44
8702903.0,28,42
8702963.0,43,46
8702986.0,36,52
8702989.0,33,87
8703000.0,37,43
8703023.0,37,52
8703024.0,35,88
8703025.0,40,53
8703038.0,28,43
8703073.0,39,41
8703082.0,39,42
8703134.0,42,50
8703152.0,38,60
8703164.0,33,54
8703184.0,34,37
8703215.0,33,39
8703216.0,40,48
8703233.0,43,45
8703240.0,31,46
8703265.0,29,43
8703328.0,37,61
8703358.0,37,41
8703378.0,31,40
8703392.0,38,39
8703408.0,40,47
8703413.0,29,42
8703430.0,39,44
8703432.0,41,46
8703444.0,32,44
8703450.0,39,46
8703472.0,34,44
8703510.0,40,54
8703521.0,35,37
8703526.0,42,44
8703573.0,39,45
8703616.0,28,43
8703640.0,42,49
8703662.0,31,44
8703672.0,36,40
8703705.0,43,47
8703733.0,37,44
8703857.0,30,45
8703883.0,29,45
8703902.0,41,47
8703961.0,35,52
8703967.0,37,37
8704005.0,33,40
8704008.0,40,47
8704011.0,29,44
8704036.0,29,43
8704057.0,39,43
8704130.0,32,58
8704150.0,42,50
8704188.0,41,45
8704232.0,42,44
8704233.0,35,45
8704243.0,33,41
8704273.0,32,55
8704277.0,41,47
8704337.0,39,41
8704367.0,31,59
8704495.0,29,44
8704511.0,29,45
8704532.0,39,47
8704539.0,42,51
8704575.0,40,47
8704584.0,31,50
8704619.0,34,38
8704685.0,38,62
8704738.0,43,44
8704748.0,29,43
8704805.0,43,88
8704811.0,32,43
8704834.0,41,53
8704860.0,30,44
8704861.0,34,43
8704921.0,33,39
8704924.0,31,42
8704944.0,35,42
8704950.0,39,40
8704970.0,34,88
8704990.0,32,58
8704992.0,39,39
8705002.0,36,37
8705013.0,29,43
8705029.0,30,60
8705038.0,43,44
8705052.0,34,44
8705056.0,29,45
8705068.0,39,55
8705070.0,40,49
8705091.0,31,47
8705117.0,42,44
8705121.0,35,43
8705127.0,32,42
8705135.0,38,61
8705248.0,38,47
8705273.0,35,40
8705298.0,42,45
8705306.0,43,46
8705309.0,28,42
8705391.0,41,47
8705416.0,37,39
8705431.0,39,42
8705437.0,70,62
8705437.0,36,39
8705450.0,34,42
8705465.0,39,56
8705482.0,30,49
8705488.0,43,48
8705492.0,29,45
8705506.0,35,43
8705537.0,32,56
8705577.0,31,41
8705610.0,63,51
8705655.0,42,44
8705686.0,39,70
8705693.0,44,90
8705703.0,37,38
8705706.0,42,51
8705709.0,38,60
8705715.0,70,62
8705726.0,44,45
8705761.0,34,38
8705779.0,35,44
8705798.0,31,48
8705820.0,41,90
8705909.0,35,38
8706069.0,32,56
8706116.0,32,53
8706165.0,43,44
8706166.0,38,59
8706209.0,31,40
8706212.0,37,38
8706229.0,31,49
8706240.0,39,39
8706240.0,39,72
8706255.0,45,44
8706277.0,35,39
8706288.0,34,43
8706350.0,35,41
8706406.0,32,41
8706413.0,43,47
8706438.0,37,57
8706475.0,56,89
8706502.0,37,39
8706510.0,43,48
8706570.0,32,53
8706597.0,30,43
8706616.0,28,42
8706723.0,32,40
8706750.0,39,56
8706752.0,33,58
8706848.0,35,43
8706862.0,37,44
8706865.0,34,87
8706891.0,40,42
8706906.0,31,43
8706913.0,42,50
8706977.0,31,40
8707019.0,35,41
8707062.0,34,42
8707092.0,44,45
8707112.0,42,47
8707115.0,31,53
8707162.0,33,44
8707170.0,32,40
8707195.0,40,43
8707274.0,30,45
8707309.0,39,58
8707314.0,27,83
8707314.0,31,50
8707322.0,32,53
8707326.0,45,44
8707330.0,41,52
8707351.0,42,46
8707388.0,42,47
8707390.0,73,53
8707478.0,43,49
8707484.0,44,46
8707545.0,32,54
8707554.0,32,39
8707596.0,34,41
8707605.0,34,45
8707611.0,32,44
8707619.0,45,44
8707638.0,40,44
8707695.0,65,90
8707724.0,35,37
8707729.0,31,45
8707782.0,30,41
8707786.0,33,57
8707788.0,40,54
8707788.0,39,41
8707791.0,32,39
8707815.0,40,46
8707840.0,38,72
8707848.0,31,53
8707857.0,38,44
8707895.0,42,51
8707932.0,41,48
8707943.0,40,45
8707984.0,40,55
8707991.0,30,49
8708003.0,39,38
8708005.0,42,52
8708012.0,30,42
8708058.0,40,42
8708067.0,40,48
8708109.0,32,59
8708155.0,37,42
8708156.0,40,41
8708197.0,33,46
8708240.0,40,40
8708260.0,42,45
8708271.0,37,41
8708367.0,43,48
8708410.0,40,43
8708441.0,41,46
8708506.0,35,44
8708517.0,38,40
8708526.0,33,56
8708562.0,31,51
8708572.0,38,39
8708605.0,41,53
8708657.0,31,46
8708708.0,39,48
8708711.0,36,41
8708784.0,38,62
8708804.0,38,41
8708810.0,32,42
8708818.0,37,41
8708825.0,43,50
8708853.0,38,43
8708854.0,40,47
8708995.0,44,46
8709024.0,35,41
8709034.0,37,41
8709042.0,43,49
8709110.0,40,40
8709161.0,34,40
8709185.0,32,52
8709190.0,36,41
8709244.0,35,40
8709362.0,33,43
8709433.0,32,40
8709445.0,43,45
8709492.0,40,42
8709534.0,38,45
8709538.0,36,40
8709579.0,38,61
8709583.0,42,52
8709583.0,33,42
8709586.0,35,40
8709587.0,41,89
8709627.0,34,39
8709664.0,35,43
8709684.0,39,90
8709720.0,40,41
8709753.0,32,41
8709775.0,44,48
8709821.0,31,43
8709826.0,44,47
8709834.0,42,53
8709852.0,40,45
8709884.0,30,64
8709899.0,36,41
8709918.0,38,60
8709924.0,36,37
8709951.0,45,45
8709964.0,32,52
8709969.0,40,39
8710001.0,37,37
8710030.0,40,46
8710078.0,36,42
8710082.0,40,49
8710093.0,33,41
8710103.0,41,89
8710144.0,36,39
8710171.0,35,44
8710178.0,36,43
8710276.0,38,63
8710376.0,30,44
8710376.0,31,42
8710444.0,41,48
8710452.0,43,50
8710464.0,29,65
8710483.0,37,37
8710514.0,43,51
8710551.0,41,50
8710618.0,38,40
8710633.0,32,48
8710641.0,38,41
8710687.0,42,89
8710709.0,31,44
8710758.0,43,46
8710784.0,31,45
8710793.0,33,39
8710809.0,33,40
8710823.0,45,46
8710864.0,32,50
8710876.0,32,51
8710966.0,39,41
8711019.0,38,38
8711021.0,39,59
8711051.0,33,60
8711064.0,36,45
8711104.0,42,46
8711105.0,42,47
8711148.0,41,54
8711174.0,32,48
8711188.0,31,45
8711214.0,36,38
8711215.0,30,44
8711220.0,41,89
8711230.0,31,44
8711249.0,40,44
8711260.0,40,55
8711368.0,29,65
8711443.0,43,50
8711448.0,42,90
8711473.0,35,42
8711558.0,57,85
8711578.0,35,45
8711611.0,44,45
8711622.0,46,88
8711655.0,41,89
8711675.0,44,48
8711709.0,45,45
8711715.0,42,53
8711768.0,31,45
8711809.0,38,39
8711853.0,57,85
8711858.0,32,53
8711862.0,35,41
8711872.0,41,41
8711877.0,45,46
8711908.0,36,44
8711935.0,33,60
8711936.0,41,45
8712040.0,41,43
8712063.0,43,52
8712085.0,35,43
8712124.0,32,48
8712192.0,44,45
8712259.0,39,60
8712272.0,43,51
8712301.0,35,40
8712302.0,41,48
8712304.0,32,58
8712336.0,44,49
8712416.0,41,54
8712457.0,31,43
8712525.0,39,42
8712559.0,33,58
8712563.0,84,92
8712564.0,32,47
8712589.0,41,47
8712590.0,41,89
8712630.0,41,44
8712652.0,43,45
8712719.0,38,37
8712764.0,34,45
8712779.0,32,54
8712798.0,41,46
8712809.0,41,49
8712853.0,33,55
8712864.0,31,44
8712877.0,41,40
8712882.0,41,42
8712885.0,41,89
8712917.0,35,39
8712928.0,44,45
8712937.0,43,45
8712949.0,84,92
8712970.0,39,40
8712975.0,40,56
8712977.0,41,55
8713001.0,32,58
8713004.0,32,49
8713019.0,45,46
8713020.0,39,43
8713108.0,34,46
8713164.0,33,61
8713166.0,32,48
8713236.0,33,54
8713280.0,39,39
8713430.0,42,52
8713432.0,39,39
8713439.0,31,43
8713448.0,32,46
8713450.0,41,39
8713460.0,32,49
8713475.0,36,52
8713496.0,34,46
8713524.0,38,44
8713527.0,39,40
8713550.0,41,45
8713568.0,42,53
8713605.0,39,44
8713612.0,36,44
8713615.0,32,45
8713617.0,32,60
8713644.0,41,40
8713647.0,41,43
8713667.0,33,58
8713673.0,39,59
8713731.0,45,47
8713811.0,39,60
8713812.0,39,70
8713818.0,41,41
8713920.0,39,72
8713927.0,42,48
8713941.0,41,44
8713951.0,55,76
8713962.0,44,51
8713963.0,36,45
8713982.0,43,52
8714033.0,37,40
8714078.0,41,48
8714169.0,41,46
8714257.0,37,39
8714290.0,37,42
8714308.0,41,41
8714339.0,33,42
8714420.0,34,42
8714472.0,34,41
8714513.0,29,70
8714514.0,39,42
8714524.0,43,46
8714535.0,41,39
8714551.0,31,43
8714560.0,32,49
8714568.0,34,43
8714594.0,34,40
8714609.0,44,50
8714701.0,41,49
8714714.0,33,50
8714740.0,60,98
8714748.0,41,55
8714825.0,31,43
8714894.0,37,65
8714950.0,37,43
8714955.0,34,44
8714994.0,45,47
8715010.0,41,41
8715016.0,39,73
8715048.0,33,49
8715093.0,33,50
8715101.0,36,43
8715110.0,32,48
8715124.0,37,38
8715131.0,32,44
8715138.0,38,63
8715148.0,36,42
8715179.0,40,41
8715185.0,30,66
8715204.0,33,53
8715208.0,31,60
8715212.0,43,47
8715225.0,32,50
8715259.0,31,85
8715267.0,32,64
8715272.0,39,39
8715296.0,41,47
8715299.0,44,46
8715314.0,37,44
8715329.0,42,47
8715333.0,34,44
8715348.0,32,55
8715351.0,33,49
8715385.0,39,38
8715427.0,34,45
8715468.0,39,41
8715542.0,45,48
8715551.0,32,48
8715566.0,43,47
8715630.0,41,41
8715648.0,32,49
8715660.0,43,53
8715663.0,44,50
8715736.0,32,43
8715755.0,32,50
8715770.0,45,45
8715786.0,16,91
8715790.0,42,54
8715802.0,32,86
8715822.0,42,42
8715823.0,63,100
8715868.0,36,41
8715892.0,33,50
8715903.0,37,37
8715909.0,32,55
8715910.0,31,56
8715920.0,40,56
8715936.0,29,65
8715990.0,39,43
8716077.0,42,43
8716114.0,43,48
8716133.0,42,47
8716175.0,33,63
8716201.0,39,37
8716272.0,39,40
8716275.0,33,49
8716294.0,34,39
8716305.0,41,41
8716307.0,37,40
8716367.0,42,49
8716373.0,33,50
8716390.0,42,44
8716394.0,42,41
8716414.0,26,67
8716420.0,32,51
8716439.0,37,64
8716442.0,31,56
8716442.0,36,40
8716470.0,42,40
8716471.0,31,63
8716522.0,38,65
8716527.0,33,63
8716531.0,36,45
8716579.0,32,55
8716641.0,43,48
8716706.0,40,40
8716709.0,45,49
8716718.0,33,51
8716743.0,36,39
8716765.0,41,39
8716771.0,42,45
8716790.0,33,47
8716798.0,37,45
8716834.0,40,42
8716852.0,45,48
8716864.0,34,43
8716891.0,40,43
8716900.0,41,41
8716927.0,46,46
8717007.0,32,42
8717012.0,39,44
8717024.0,36,44
8717084.0,35,46
8717111.0,42,54
8717111.0,29,65
8717133.0,41,41
8717152.0,33,48
8717156.0,39,62
8717192.0,31,56
8717214.0,37,42
8717228.0,34,42
8717242.0,42,42
8717265.0,42,39
8717278.0,44,51
8717344.0,33,46
8717362.0,41,56
8717373.0,46,46
8717376.0,44,50
8717390.0,42,43
8717482.0,43,53
8717496.0,64,84
8717610.0,35,46
8717627.0,42,44
8717628.0,43,48
8717653.0,32,42
8717670.0,46,46
8717686.0,31,56
8717751.0,32,49
8717844.0,43,47
8717871.0,40,44
8717880.0,38,64
8717891.0,38,39
8717937.0,42,40
8717957.0,43,48
8717990.0,45,49
8718011.0,30,61
8718082.0,32,57
8718095.0,33,52
8718107.0,44,52
8718136.0,40,40
8718159.0,42,46
8718160.0,41,48
8718170.0,46,47
8718183.0,36,50
8718184.0,39,57
8718187.0,39,61
8718224.0,31,55
8718283.0,33,57
8718307.0,42,45
8718313.0,33,55
8718320.0,35,45
8718336.0,33,49
8718370.0,43,47
8718377.0,33,56
8718391.0,35,41
8718408.0,44,46
8718435.0,38,40
8718473.0,32,58
8718503.0,32,49
8718523.0,35,40
8718572.0,33,50
8718582.0,35,43
8718586.0,34,58
8718602.0,42,40
8718653.0,36,40
8718655.0,35,39
8718658.0,41,46
8718661.0,33,45
8718665.0,35,42
8718670.0,38,41
8718693.0,42,39
8718694.0,40,57
8718714.0,44,51
8718719.0,40,38
8718730.0,34,41
8718764.0,36,39
8718766.0,39,58
8718779.0,33,55
8718838.0,31,55
8718852.0,40,48
8718855.0,58,74
8718858.0,42,41
8718859.0,33,42
8718874.0,43,52
8718942.0,44,52
8718989.0,39,60
8718996.0,33,54
8719004.0,35,40
8719020.0,37,45
8719020.0,31,56
8719026.0,57,54
8719042.0,42,47
8719083.0,33,50
8719097.0,33,45
8719101.0,41,55
8719105.0,39,45
8719115.0,32,58
8719178.0,37,43
8719179.0,37,40
8719209.0,33,49
8719244.0,41,56
8719264.0,40,45
8719355.0,33,54
8719377.0,35,42
8719390.0,31,55
8719403.0,42,46
8719421.0,57,54
8719424.0,46,47
8719441.0,41,41
8719497.0,42,40
8719578.0,42,55
8719602.0,33,41
8719608.0,35,44
8719622.0,43,48
8719631.0,40,45
8719636.0,43,49
8719645.0,40,42
8719652.0,39,49
8719655.0,44,47
8719661.0,43,53
8719670.0,40,39
8719694.0,37,42
8719701.0,46,48
8719760.0,45,49
8719781.0,43,47
8719789.0,39,59
8719849.0,40,43
8719852.0,33,50
8719854.0,39,62
8719857.0,38,43
8719857.0,33,49
8719861.0,34,43
8719866.0,40,41
8719877.0,38,42
8719883.0,37,44
8719901.0,43,43
8719921.0,32,59
8719936.0,43,48
8719941.0,33,55
8719957.0,35,44
8719959.0,41,40
8719964.0,43,42
8720032.0,33,44
8720065.0,38,38
8720097.0,42,48
8720121.0,43,49
8720132.0,33,41
8720148.0,43,90
8720208.0,45,46
8720230.0,33,49
8720250.0,43,41
8720252.0,44,52
8720312.0,37,41
8720322.0,40,38
8720360.0,33,50
8720396.0,34,57
8720405.0,37,40
8720422.0,41,39
8720425.0,39,63
8720448.0,38,44
8720455.0,43,47
8720464.0,42,49
8720469.0,31,53
8720479.0,39,73
8720489.0,40,37
8720512.0,38,38
8720521.0,33,48
8720524.0,33,45
8720529.0,39,37
8720551.0,33,46
8720557.0,43,44
8720598.0,43,40
8720618.0,40,58
8720629.0,46,48
8720715.0,45,46
8720738.0,37,45
8720742.0,37,39
8720745.0,45,50
8720779.0,40,44
8720785.0,47,46
8720785.0,55,85
8720794.0,31,55
8720797.0,33,43
8720818.0,33,54
8720833.0,33,53
8720892.0,34,55
8720899.0,44,53
8720911.0,43,43
8720917.0,41,39
8720941.0,35,45
8720971.0,27,65
8720985.0,43,41
8720990.0,39,68
8720992.0,31,52
8721050.0,43,54
8721050.0,41,42
8721072.0,41,43
8721090.0,43,42
8721113.0,42,54
8721117.0,33,52
8721131.0,38,48
8721140.0,33,48
8721142.0,42,55
8721162.0,35,46
8721178.0,39,66
8721198.0,32,50
8721204.0,41,56
8721281.0,39,38
8721290.0,26,69
8721306.0,42,47
8721328.0,33,46
8721357.0,39,61
8721360.0,43,47
8721370.0,33,42
8721383.0,33,45
8721429.0,43,40
8721440.0,43,49
8721443.0,43,48
8721464.0,45,50
8721644.0,33,50
8721655.0,47,47
8721657.0,39,40
8721658.0,44,52
8721690.0,33,41
8721699.0,39,39
8721722.0,32,50
8721742.0,42,50
8721767.0,38,38
8721780.0,35,46
8721783.0,43,47
8721789.0,43,48
8721818.0,43,49
8721821.0,43,39
8721831.0,39,41
8721938.0,36,41
8721962.0,46,46
8721963.0,39,39
8721983.0,36,40
8721987.0,26,65
8721990.0,33,50
8722003.0,39,62
8722041.0,42,47
8722043.0,43,43
8722044.0,34,48
8722046.0,39,70
8722055.0,35,46
8722102.0,41,38
8722130.0,39,50
8722169.0,36,39
8722172.0,33,41
8722188.0,43,44
8722191.0,45,46
8722205.0,36,46
8722241.0,43,45
8722282.0,43,54
8722355.0,45,47
8722364.0,27,68
8722371.0,42,40
8722374.0,35,41
8722388.0,45,51
8722393.0,39,58
8722419.0,70,72
8722480.0,43,41
8722500.0,54,84
8722506.0,41,44
8722534.0,40,59
8722608.0,46,49
8722654.0,45,50
8722717.0,42,47
8722727.0,28,41
8722764.0,47,47
8722771.0,37,51
8722775.0,33,45
8722793.0,46,48
8722817.0,43,50
8722822.0,31,56
8722827.0,41,40
8722846.0,34,54
8722850.0,33,51
8722867.0,45,47
8722912.0,38,66
8722966.0,43,46
8723018.0,44,48
8723035.0,39,63
8723084.0,35,42
8723151.0,41,41
8723151.0,43,42
8723208.0,44,53
8723210.0,33,41
8723220.0,34,47
8723250.0,41,42
8723257.0,27,40
8723259.0,38,42
8723293.0,33,48
8723327.0,28,41
8723342.0,41,77
8723364.0,33,51
8723376.0,36,51
8723382.0,39,39
8723384.0,34,47
8723389.0,43,39
8723393.0,37,51
8723412.0,34,53
8723445.0,43,45
8723519.0,42,41
8723546.0,39,43
8723577.0,39,40
8723591.0,38,40
8723632.0,34,51
8723651.0,41,39
8723661.0,41,38
8723713.0,43,49
8723716.0,33,48
8723797.0,36,42
8723806.0,33,46
8723827.0,27,40
8723846.0,35,43
8723855.0,47,48
8723859.0,45,51
8723865.0,39,39
8723865.0,36,45
8723892.0,37,51
8723900.0,43,47
8723902.0,33,45
8723925.0,39,43
8723951.0,39,42
8723982.0,42,40
8723990.0,42,49
8723993.0,34,43
8724008.0,46,49
8724019.0,46,50
8724045.0,62,49
8724055.0,40,39
8724065.0,45,46
8724073.0,39,41
8724081.0,36,43
8724092.0,42,55
8724095.0,42,56
8724116.0,40,60
8724116.0,44,42
8724120.0,38,41
8724209.0,43,48
8724253.0,34,46
8724263.0,38,44
8724266.0,44,41
8724272.0,33,46
8724313.0,42,39
8724317.0,34,45
8724327.0,36,45
8724341.0,43,46
8724352.0,39,39
8724357.0,41,46
8724358.0,39,40
8724368.0,39,41
8724386.0,34,49
8724388.0,44,40
8724424.0,41,38
8724450.0,38,43
8724461.0,41,49
8724471.0,41,43
8724498.0,33,45
8724505.0,33,60
8724513.0,39,43
8724513.0,34,41
8724518.0,45,49
8724573.0,41,57
8724582.0,36,42
8724588.0,45,46
8724598.0,34,50
8724657.0,34,44
8724673.0,41,38
8724683.0,44,49
8724693.0,44,43
8724696.0,34,60
8724725.0,40,38
8724783.0,34,45
8724786.0,27,40
8724861.0,41,45
8724866.0,38,39
8724878.0,45,47
8724881.0,38,42
8724885.0,39,40
8724892.0,44,44
8724934.0,41,42
8724937.0,39,44
8725004.0,40,40
8725017.0,34,52
8725018.0,34,48
8725019.0,27,40
8725066.0,42,43
8725099.0,34,46
8725100.0,40,45
8725105.0,40,58
8725131.0,33,41
8725185.0,41,44
8725189.0,32,50
8725199.0,36,46
8725253.0,45,47
8725253.0,44,49
8725267.0,42,38
8725285.0,43,54
8725293.0,43,47
8725331.0,39,45
8725337.0,42,39
8725340.0,38,45
8725348.0,47,48
8725358.0,34,42
8725466.0,46,47
8725498.0,44,42
8725503.0,45,46
8725527.0,44,41
8725560.0,42,42
8725572.0,33,41
8725605.0,44,43
8725611.0,29,71
8725693.0,41,89
8725696.0,45,52
8725747.0,47,46
8725776.0,43,48
8725777.0,42,56
8725825.0,34,45
8725891.0,47,48
8725908.0,37,40
8725937.0,43,49
8725939.0,44,40
8725941.0,41,45
8725948.0,40,89
8725949.0,44,49
8725968.0,36,44
8726036.0,40,57
8726046.0,34,46
8726051.0,39,40
8726069.0,46,50
8726102.0,39,63
8726109.0,33,49
8726112.0,34,47
8726158.0,48,47
8726158.0,47,48
8726167.0,42,40
8726183.0,45,46
8726271.0,45,47
8726282.0,37,39
8726288.0,43,46
8726312.0,44,47
8726337.0,42,48
8726393.0,40,39
8726467.0,47,46
8726477.0,34,46
8726495.0,28,41
8726520.0,39,39
8726524.0,34,47
8726532.0,42,38
8726539.0,33,41
8726601.0,44,44
8726603.0,39,58
8726631.0,36,41
8726680.0,40,41
8726695.0,40,39
8726697.0,41,38
8726751.0,39,64
8726761.0,42,44
8726763.0,43,39
8726768.0,44,45
8726782.0,32,50
8726785.0,35,46
8726831.0,40,61
8726843.0,45,48
8726849.0,42,41
8726859.0,33,49
8726862.0,40,60
8726878.0,43,55
8726889.0,46,48
8726896.0,33,41
8726931.0,40,90
8727043.0,41,57
8727057.0,44,50
8727073.0,42,90
8727076.0,44,47
8727087.0,40,42
8727101.0,44,46
8727102.0,42,42
8727121.0,47,49
8727126.0,34,47
8727127.0,46,51
8727231.0,35,47
8727239.0,42,44
8727272.0,42,39
8727293.0,36,43
8727353.0,43,41
8727378.0,36,42
8727379.0,35,46
8727382.0,43,49
8727457.0,40,40
8727484.0,44,53
8727488.0,44,43
8727489.0,42,56
8727502.0,45,53
8727520.0,42,40
8727537.0,37,42
8727556.0,46,48
8727561.0,45,52
8727576.0,44,54
8727590.0,39,40
8727615.0,43,48
8727624.0,38,65
8727642.0,35,47
8727658.0,37,44
8727660.0,35,42
8727684.0,37,41
8727697.0,45,41
8727763.0,38,63
8727832.0,39,72
8727890.0,42,44
8727898.0,55,100
8727901.0,44,42
8727908.0,48,48
8727915.0,39,42
8727960.0,39,43
8727963.0,44,47
8727969.0,34,54
8728017.0,39,39
8728024.0,32,46
8728033.0,46,48
8728041.0,32,45
8728093.0,35,47
8728104.0,42,45
8728105.0,33,49
8728178.0,37,41
8728180.0,47,47
8728200.0,32,48
8728208.0,46,48
8728223.0,35,46
8728226.0,39,44
8728255.0,44,54
8728258.0,43,40
8728273.0,47,49
8728289.0,39,41
8728321.0,45,40
8728330.0,44,47
8728363.0,45,53
8728372.0,44,45
8728376.0,42,44
8728402.0,47,46
8728403.0,33,44
8728415.0,34,49
8728419.0,35,47
8728425.0,35,43
8728426.0,35,46
8728430.0,46,47
8728441.0,44,46
8728455.0,35,42
8728468.0,35,45
8728530.0,45,48
8728536.0,35,41
8728546.0,43,55
8728565.0,46,51
8728571.0,34,50
8728597.0,47,50
8728598.0,37,43
8728613.0,43,42
8728632.0,43,43
8728636.0,43,90
8728664.0,43,40
8728669.0,32,48
8728704.0,40,43
8728748.0,39,64
8728774.0,37,45
8728791.0,32,46
8728804.0,40,39
8728826.0,44,50
8728841.0,34,52
8728843.0,44,54
8728847.0,42,43
8728850.0,34,51
8728851.0,32,61
8728852.0,48,48
8728861.0,40,61
8728905.0,41,90
8728907.0,47,47
8728943.0,34,55
8728982.0,45,42
8728986.0,40,41
8729001.0,43,42
8729002.0,45,41
8729008.0,39,42
8729019.0,35,45
8729040.0,40,58
8729043.0,36,46
8729067.0,39,43
8729089.0,41,39
8729093.0,35,42
8729110.0,35,48
8729135.0,41,45
8729148.0,29,69
8729209.0,43,55
8729257.0,34,55
8729261.0,46,47
8729276.0,39,45
8729280.0,40,42
8729295.0,37,45
8729300.0,35,47
8729329.0,33,49
8729376.0,29,69
8729377.0,47,47
8729415.0,35,48
8729422.0,39,44
8729442.0,35,42
8729450.0,43,55
8729462.0,47,46
8729510.0,34,52
8729519.0,40,41
8729528.0,42,46
8729557.0,36,60
8729579.0,44,47
8729601.0,43,39
8729634.0,40,50
8729638.0,35,47
8729663.0,41,38
8729682.0,39,41
8729690.0,42,44
8729692.0,45,43
8729701.0,47,50
8729727.0,40,44
8729760.0,45,44
8729766.0,53,114
8729842.0,41,40
8729883.0,42,42
8729898.0,43,38
8729925.0,44,46
8729933.0,45,42
8729985.0,35,46
8729989.0,43,42
8730108.0,35,43
8730117.0,45,53
8730121.0,45,40
8730129.0,47,47
8730137.0,35,44
8730148.0,35,42
8730154.0,46,48
8730186.0,40,40
8730203.0,41,41
8730271.0,33,49
8730283.0,35,47
8730296.0,43,39
8730334.0,45,49
8730408.0,34,44
8730408.0,41,57
8730425.0,43,40
8730425.0,35,42
8730434.0,40,39
8730437.0,43,42
8730480.0,46,47
8730489.0,39,46
8730515.0,35,51
8730517.0,44,47
8730525.0,35,47
8730548.0,35,49
8730627.0,33,49
8730707.0,47,47
8730716.0,43,44
8730746.0,45,49
8730770.0,34,52
8730786.0,37,46
8730818.0,44,50
8730831.0,45,91
8730832.0,45,44
8730848.0,46,52
8730861.0,48,47
8730887.0,35,54
8730901.0,35,45
8730904.0,37,42
8730916.0,44,55
8730928.0,41,42
8730999.0,48,49
8731060.0,45,54
8731064.0,42,57
8731071.0,33,50
8731090.0,44,50
8731091.0,40,45
8731109.0,35,48
8731120.0,47,47
8731126.0,44,48
8731155.0,45,45
8731214.0,38,42
8731216.0,35,45
8731257.0,40,42
8731263.0,48,47
8731338.0,37,41
8731346.0,47,48
8731350.0,43,38
8731398.0,46,51
8731408.0,40,39
8731444.0,44,40
8731451.0,41,50
8731456.0,34,55
8731497.0,33,50
8731500.0,40,40
8731508.0,43,47
8731623.0,44,49
8731635.0,41,42
8731672.0,45,41
8731737.0,47,50
8731739.0,41,41
8731781.0,42,45
8731794.0,45,49
8731817.0,44,41
8731842.0,40,62
8731878.0,38,41
8731922.0,38,46
8731975.0,35,48
8731982.0,44,40
8731990.0,39,39
8732005.0,43,42
8732010.0,43,56
8732020.0,45,46
8732034.0,35,55
8732121.0,46,49
8732121.0,43,41
8732124.0,44,48
8732127.0,42,40
8732147.0,40,41
8732161.0,46,41
8732170.0,32,49
8732171.0,44,42
8732222.0,38,41
8732241.0,48,49
8732264.0,41,39
8732292.0,35,50
8732301.0,38,46
8732392.0,41,46
8732434.0,40,43
8732447.0,41,42
8732459.0,45,49
8732466.0,40,42
8732491.0,40,46
8732500.0,49,48
8732526.0,34,55
8732606.0,32,87
8732613.0,29,65
8732654.0,44,55
8732663.0,39,90
8732667.0,48,47
8732677.0,37,40
8732707.0,38,40
8732718.0,38,43
8732723.0,38,44
8732726.0,46,43
8732739.0,39,46
8732749.0,46,42
8732765.0,22,87
8732776.0,41,42
8732790.0,36,41
8732845.0,32,49
8732849.0,45,50
8732851.0,42,39
8732854.0,42,38
8732857.0,41,40
8732882.0,41,43
8732888.0,47,48
8732897.0,42,46
8732905.0,46,52
8732930.0,45,45
8732968.0,54,87
8732969.0,45,54
8732981.0,22,87
8733010.0,43,43
8733031.0,40,46
8733050.0,44,39
8733056.0,21,88
8733058.0,38,46
8733068.0,45,47
8733071.0,45,46
8733075.0,46,40
8733092.0,36,41
8733117.0,43,45
8733118.0,36,48
8733148.0,34,55
8733156.0,45,49
8733170.0,35,48
8733240.0,33,62
8733259.0,42,56
8733263.0,43,46
8733280.0,37,40
8733307.0,44,43
8733311.0,46,41
8733324.0,39,39
8733343.0,32,62
8733362.0,40,44
8733375.0,41,40
8733406.0,34,57
8733427.0,40,63
8733429.0,38,45
8733453.0,43,44
8733537.0,45,49
8733540.0,40,43
8733552.0,39,64
8733556.0,46,43
8733569.0,33,63
8733589.0,42,57
8733606.0,44,49
8733613.0,43,56
8733629.0,39,41
8733633.0,38,46
8733639.0,47,51
8733642.0,41,39
8733655.0,36,49
8733669.0,48,50
8733673.0,34,62
8733693.0,39,40
8733756.0,40,61
8733781.0,35,62
8733817.0,43,45
8733832.0,47,48
8733871.0,67,58
8733885.0,33,63
8733910.0,40,91
8733923.0,40,46
8733966.0,32,62
8733977.0,33,61
8733988.0,36,42
8733989.0,42,40
8733998.0,46,53
8734000.0,38,47
8734018.0,39,41
8734059.0,36,49
8734096.0,35,47
8734117.0,36,62
8734137.0,49,49
8734164.0,45,47
8734166.0,46,44
8734188.0,36,44
8734193.0,39,40
8734201.0,40,62
8734210.0,41,58
8734210.0,34,54
8734222.0,36,47
8734225.0,35,49
8734236.0,44,44
8734255.0,40,45
8734284.0,40,46
8734292.0,34,56
8734296.0,37,46
8734300.0,42,47
8734333.0,36,43
8734346.0,44,50
8734354.0,41,42
8734360.0,46,48
8734367.0,45,40
8734368.0,33,50
8734422.0,35,45
8734435.0,67,58
8734454.0,46,42
8734465.0,36,45
8734477.0,42,40
8734565.0,43,49
8734602.0,46,43
8734615.0,44,40
8734624.0,47,48
8734659.0,44,55
8734674.0,46,45
8734675.0,39,42
8734722.0,45,50
8734725.0,46,48
8734747.0,36,49
8734756.0,41,40
8734758.0,43,46
8734828.0,48,50
8734830.0,41,45
8734862.0,44,41
8734877.0,41,41
8734935.0,42,41
8734981.0,43,44
8734994.0,46,49
8735004.0,36,49
8735026.0,35,47
8735066.0,47,52
8735073.0,41,42
8735086.0,38,42
8735092.0,45,55
8735107.0,42,39
8735121.0,42,52
8735136.0,43,38
8735142.0,49,49
8735142.0,47,48
8735150.0,46,53
8735172.0,44,48
8735218.0,43,46
8735224.0,45,48
8735268.0,36,46
8735281.0,41,44
8735287.0,46,48
8735362.0,45,47
8735416.0,41,39
8735444.0,42,42
8735450.0,35,53
8735456.0,45,41
8735459.0,46,49
8735477.0,43,50
8735482.0,48,48
8735486.0,39,41
8735507.0,39,43
8735524.0,37,41
8735540.0,42,46
8735566.0,40,54
8735582.0,39,68
8735602.0,36,46
8735658.0,39,40
8735688.0,35,51
8735691.0,38,41
8735712.0,39,48
8735722.0,38,43
8735725.0,41,44
8735736.0,35,47
8735742.0,47,48
8735743.0,43,38
8735803.0,38,44
8735900.0,35,47
8735940.0,47,41
8735942.0,42,40
8735958.0,39,40
8735983.0,46,45
8736064.0,44,42
8736080.0,47,42
8736110.0,39,41
8736131.0,43,46
8736156.0,48,51
8736157.0,41,41
8736185.0,46,49
8736229.0,36,50
8736272.0,43,47
8736298.0,43,46
8736329.0,42,39
8736336.0,35,47
8736342.0,46,53
8736353.0,43,39
8736360.0,36,46
8736398.0,40,39
8736403.0,45,42
8736418.0,45,39
8736488.0,44,49
8736529.0,41,45
8736554.0,41,46
8736562.0,36,46
8736626.0,46,46
8736634.0,40,46
8736687.0,27,82
8736696.0,39,46
8736708.0,43,45
8736711.0,46,49
8736748.0,42,43
8736752.0,41,42
8736848.0,45,42
8736929.0,48,51
8736930.0,43,40
8736937.0,44,55
8736968.0,45,47
8736970.0,41,40
8736991.0,44,45
8737059.0,43,38
8737097.0,39,42
8737126.0,41,43
8737138.0,35,50
8737143.0,47,41
8737177.0,45,41
8737186.0,44,56
8737190.0,39,45
8737209.0,35,47
8737212.0,47,52
8737222.0,46,50
8737233.0,38,43
8737257.0,47,42
8737263.0,47,49
8737264.0,44,43
8737266.0,41,46
8737278.0,41,45
8737288.0,38,46
8737298.0,45,49
8737308.0,36,46
8737343.0,36,41
8737370.0,39,43
8737379.0,46,47
8737385.0,42,40
8737394.0,45,48
8737406.0,37,42
8737408.0,39,41
8737417.0,46,54
8737437.0,49,50
8737444.0,48,48
8737448.0,45,55
8737463.0,27,82
8737477.0,45,43
8737512.0,43,91
8737574.0,43,38
8737587.0,49,49
8737607.0,39,43
8737622.0,39,46
8737638.0,44,55
8737654.0,39,44
8737656.0,45,41
8737693.0,39,41
8737749.0,36,48
8737755.0,47,43
8737781.0,36,46
8737810.0,46,46
8737822.0,44,46
8737825.0,41,44
8737857.0,45,42
8737892.0,46,44
8737951.0,45,40
8737969.0,46,49
8737977.0,41,46
8738003.0,39,46
8738008.0,42,42
8738036.0,35,47
8738052.0,45,51
8738071.0,43,41
8738093.0,39,42
8738094.0,42,38
8738095.0,33,58
8738149.0,47,53
8738158.0,47,44
8738196.0,49,90
8738202.0,43,46
8738239.0,57,109
8738242.0,43,38
8738256.0,41,46
8738286.0,36,49
8738291.0,49,48
8738298.0,36,41
8738302.0,38,45
8738322.0,39,66
8738342.0,45,54
8738355.0,43,57
8738369.0,46,54
8738369.0,46,47
8738428.0,35,47
8738444.0,45,49
8738461.0,35,50
8738465.0,43,38
8738470.0,51,98
8738472.0,44,44
8738484.0,49,50
8738521.0,37,46
8738547.0,35,48
8738601.0,39,40
8738640.0,45,50
8738688.0,44,56
8738767.0,39,41
8738786.0,43,41
8738814.0,37,43
8738822.0,45,39
8738888.0,35,48
8738894.0,36,49
8738920.0,45,42
8738924.0,42,40
8738927.0,42,44
8738958.0,39,40
8738958.0,48,52
8738994.0,35,47
8739023.0,42,39
8739099.0,41,61
8739131.0,48,51
8739134.0,44,44
8739138.0,40,41
8739152.0,41,45
8739172.0,35,55
8739187.0,42,58
8739236.0,49,50
8739246.0,41,44
8739247.0,32,62
8739268.0,46,41
8739291.0,47,45
8739303.0,35,50
8739306.0,37,44
8739307.0,47,43
8739316.0,40,42
8739317.0,34,63
8739408.0,42,41
8739424.0,31,63
8739431.0,42,47
8739457.0,45,55
8739479.0,45,42
8739484.0,34,53
8739494.0,50,49
8739579.0,44,45
8739601.0,43,41
8739618.0,35,56
8739625.0,45,50
8739626.0,45,44
8739630.0,40,62
8739669.0,35,55
8739669.0,35,50
8739681.0,46,47
8739689.0,43,42
8739705.0,36,49
8739710.0,46,48
8739733.0,45,42
8739765.0,42,42
8739776.0,32,62
8739778.0,36,47
8739789.0,48,42
8739905.0,44,44
8739918.0,36,51
8739937.0,39,42
8739961.0,44,52
8739974.0,45,41
8739979.0,46,42
8740008.0,35,51
8740027.0,35,48
8740051.0,41,39
8740101.0,47,50
8740131.0,41,58
8740175.0,44,91
8740197.0,39,46
8740232.0,43,41
8740240.0,50,50
8740246.0,48,49
8740255.0,36,49
8740296.0,37,49
8740324.0,41,40
8740333.0,39,41
8740340.0,48,52
8740345.0,44,40
8740390.0,39,43
8740409.0,48,43
8740421.0,45,91
8740425.0,39,40
8740427.0,45,43
8740430.0,35,56
8740447.0,38,41
8740449.0,37,45
8740457.0,47,49
8740461.0,46,100
8740479.0,36,47
8740525.0,39,47
8740540.0,44,39
8740552.0,45,45
8740555.0,41,46
8740564.0,47,50
8740580.0,45,48
8740613.0,47,53
8740660.0,41,60
8740695.0,47,46
8740699.0,42,41
8740715.0,40,59
8740746.0,43,57
8740767.0,36,57
8740771.0,41,40
8740803.0,35,55
8740805.0,35,56
8740809.0,40,43
8740809.0,35,51
8740818.0,64,56
8740841.0,37,49
8740864.0,32,64
8740872.0,42,42
8740902.0,46,48
8740910.0,44,47
8740930.0,43,41
8740931.0,43,43
8740966.0,39,44
8740992.0,47,99
8741013.0,46,51
8741058.0,46,43
8741060.0,36,50
8741164.0,41,58
8741190.0,36,57
8741197.0,42,45
8741200.0,42,43
8741205.0,49,51
8741214.0,46,55
8741218.0,47,50
8741226.0,38,43
8741233.0,48,42
8741255.0,49,49
8741277.0,36,49
8741288.0,39,40
8741290.0,37,46
8741336.0,56,57
8741341.0,43,47
8741358.0,50,50
8741358.0,37,49
8741367.0,36,50
8741375.0,45,52
8741379.0,45,51
8741431.0,46,54
8741439.0,65,56
8741453.0,42,58
8741460.0,44,56
8741462.0,38,42
8741499.0,48,43
8741514.0,43,41
8741545.0,45,91
8741557.0,56,56
8741570.0,42,46
8741577.0,41,58
8741601.0,57,56
8741627.0,48,52
8741633.0,45,44
8741650.0,45,50
8741659.0,41,40
8741668.0,35,56
8741676.0,35,55
8741729.0,47,99
8741733.0,44,50
8741740.0,45,52
8741753.0,37,47
8741755.0,43,42
8741783.0,44,41
8741794.0,47,50
8741829.0,48,49
8741840.0,50,50
8741950.0,36,52
8741962.0,46,40
8741976.0,41,41
8741986.0,43,40
8742006.0,42,45
8742092.0,32,63
8742121.0,36,57
8742135.0,45,56
8742138.0,48,41
8742143.0,35,56
8742154.0,47,44
8742173.0,35,54
8742195.0,46,54
8742197.0,48,44
8742200.0,39,73
8742228.0,43,44
8742249.0,44,45
8742282.0,47,41
8742283.0,41,59
8742290.0,46,49
8742352.0,42,44
8742366.0,36,45
8742417.0,45,52
8742419.0,32,61
8742463.0,40,44
8742483.0,40,45
8742493.0,59,92
8742495.0,47,50
8742551.0,45,43
8742574.0,35,54
8742577.0,43,43
8742600.0,37,48
8742606.0,30,65
8742618.0,47,54
8742633.0,46,50
8742663.0,30,59
8742666.0,36,57
8742682.0,39,59
8742692.0,46,44
8742694.0,35,53
8742705.0,37,45
8742807.0,47,53
8742883.0,45,52
8742892.0,36,45
8742893.0,41,42
8742906.0,45,44
8742908.0,46,89
8742910.0,35,58
8742912.0,35,55
8742958.0,48,43
8743017.0,46,41
8743095.0,43,42
8743126.0,43,41
8743148.0,47,47
8743159.0,29,65
8743167.0,36,57
8743199.0,46,39
8743203.0,49,51
8743216.0,48,45
8743256.0,39,46
8743280.0,57,56
8743305.0,44,40
8743333.0,46,50
8743347.0,46,55
8743390.0,45,39
8743474.0,44,42
8743488.0,40,46
8743500.0,41,46
8743506.0,36,57
8743512.0,40,41
8743527.0,49,49
8743543.0,30,65
8743546.0,35,53
8743554.0,46,51
8743556.0,50,50
8743581.0,29,65
8743582.0,44,41
8743616.0,45,39
8743658.0,42,44
8743677.0,45,49
8743709.0,47,42
8743713.0,42,40
8743734.0,44,40
8743755.0,48,44
8743756.0,61,57
8743776.0,44,57
8743800.0,44,46
8743805.0,45,56
8743868.0,43,44
8743890.0,40,46
8743997.0,39,44
8744049.0,50,51
8744109.0,48,50
8744111.0,38,44
8744115.0,47,51
8744139.0,46,49
8744164.0,46,42
8744237.0,39,40
8744244.0,48,53
8744252.0,49,52
8744263.0,40,90
8744268.0,43,42
8744291.0,46,45
8744317.0,39,47
8744344.0,48,45
8744348.0,41,42
8744356.0,47,43
8744408.0,41,40
8744427.0,38,45
8744446.0,43,43
8744452.0,45,46
8744459.0,43,58
8744459.0,40,42
8744559.0,43,40
8744567.0,47,40
8744577.0,36,51
8744607.0,43,45
8744608.0,49,43
8744615.0,30,74
8744646.0,50,49
8744688.0,35,46
8744703.0,44,47
8744707.0,38,43
8744707.0,46,43
8744710.0,46,45
8744729.0,40,43
8744734.0,45,40
8744738.0,41,41
8744750.0,44,43
8744752.0,40,46
8744757.0,45,41
8744760.0,42,39
8744784.0,42,47
8744850.0,42,57
8744854.0,36,51
8744860.0,50,51
8744909.0,45,46
8744922.0,45,45
8745008.0,41,40
8745009.0,46,52
8745046.0,46,92
8745078.0,36,50
8745085.0,48,46
8745088.0,47,54
8745091.0,42,41
8745149.0,44,57
8745168.0,47,48
8745184.0,46,50
8745207.0,45,40
8745229.0,49,42
8745236.0,40,44
8745239.0,35,57
8745264.0,47,42
8745288.0,38,91
8745319.0,49,52
8745344.0,45,39
8745372.0,36,47
8745448.0,41,43
8745456.0,35,46
8745462.0,43,43
8745487.0,42,45
8745516.0,41,44
8745594.0,45,47
8745673.0,49,44
8745683.0,44,40
8745692.0,36,47
8745693.0,41,41
8745777.0,48,46
8745790.0,43,44
8745802.0,45,51
8745829.0,49,43
8745834.0,47,44
8745863.0,44,41
8745867.0,50,51
8745884.0,43,42
8745885.0,41,40
8745894.0,48,53
8745907.0,47,41
8745915.0,45,40
8745919.0,39,91
8745962.0,49,50
8745973.0,27,81
8746018.0,47,42
8746064.0,48,41
8746080.0,38,46
8746143.0,46,39
8746162.0,46,45
8746189.0,40,47
8746201.0,42,46
8746205.0,39,41
8746209.0,47,40
8746214.0,35,45
8746233.0,36,54
8746251.0,36,50
8746259.0,39,91
8746271.0,45,40
8746359.0,39,42
8746400.0,35,54
8746403.0,49,50
8746405.0,38,91
8746416.0,41,40
8746429.0,48,47
8746459.0,48,45
8746464.0,39,68
8746484.0,36,51
8746514.0,46,45
8746528.0,49,42
8746592.0,31,74
8746614.0,39,41
8746623.0,47,48
8746655.0,45,41
8746700.0,43,58
8746732.0,33,64
8746760.0,37,50
8746775.0,43,40
8746782.0,41,62
8746793.0,44,44
8746798.0,47,43
8746802.0,43,44
8746804.0,46,50
8746810.0,46,55
8746826.0,39,64
8746828.0,47,51
8746847.0,38,45
8746895.0,36,51
8746900.0,40,44
8746909.0,46,44
8746922.0,50,50
8746923.0,42,41
8746927.0,48,46
8746929.0,49,44
8746992.0,46,51
8746997.0,35,45
8747007.0,49,52
8747030.0,47,54
8747073.0,49,50
8747082.0,44,41
8747111.0,45,50
8747195.0,42,42
8747199.0,37,52
8747201.0,40,71
8747231.0,51,51
8747232.0,46,56
8747254.0,47,51
8747266.0,41,45
8747291.0,37,51
8747349.0,35,45
8747389.0,48,42
8747460.0,41,42
8747476.0,46,43
8747489.0,30,74
8747525.0,40,45
8747549.0,37,52
8747581.0,48,47
8747588.0,49,53
8747644.0,39,43
8747655.0,41,45
8747675.0,47,44
8747676.0,47,55
8747679.0,49,45
8747700.0,48,43
8747749.0,47,49
8747780.0,40,65
8747808.0,46,49
8747881.0,39,44
8747885.0,43,43
8747886.0,46,46
8747900.0,40,46
8747969.0,47,42
8747972.0,43,44
8748005.0,38,91
8748075.0,45,46
8748083.0,46,52
8748120.0,41,52
8748139.0,43,45
8748183.0,50,52
8748197.0,41,44
8748201.0,43,46
8748229.0,47,51
8748325.0,46,51
8748339.0,48,54
8748344.0,41,45
8748359.0,35,56
8748375.0,48,51
8748386.0,46,56
8748387.0,46,45
8748432.0,38,48
8748438.0,44,57
8748444.0,49,53
8748449.0,47,43
8748451.0,45,42
8748477.0,44,42
8748489.0,41,42
8748566.0,43,41
8748622.0,51,51
8748633.0,49,45
8748640.0,46,40
8748690.0,47,41
8748711.0,37,52
8748720.0,37,49
8748744.0,47,42
8748750.0,36,56
8748762.0,69,58
8748766.0,44,47
8748767.0,45,56
8748793.0,42,58
8748795.0,43,41
8748808.0,40,47
8748862.0,41,46
8748879.0,48,50
8748909.0,47,49
8748938.0,45,43
8748940.0,36,55
8748968.0,45,42
8748975.0,46,52
8748977.0,45,41
8749002.0,37,52
8749003.0,38,48
8749044.0,43,40
8749060.0,36,52
8749076.0,41,89
8749111.0,40,41
8749117.0,48,41
8749117.0,35,56
8749177.0,49,46
8749217.0,43,47
8749233.0,47,55
8749235.0,42,47
8749309.0,40,64
8749320.0,48,48
8749335.0,45,57
8749361.0,41,46
8749373.0,47,42
8749424.0,48,40
8749424.0,41,43
8749435.0,47,45
8749459.0,49,42
8749470.0,44,45
8749501.0,40,40
8749507.0,50,50
8749520.0,50,52
8749521.0,46,48
8749529.0,44,43
8749532.0,36,52
8749545.0,39,41
8749548.0,45,48
8749554.0,48,54
8749565.0,41,41
8749568.0,42,42
8749568.0,38,46
8749579.0,44,42
8749593.0,37,53
8749595.0,43,45
8749603.0,47,52
8749695.0,49,53
8749735.0,43,46
8749781.0,42,43
8749787.0,43,42
8749810.0,42,40
8749812.0,39,91
8749823.0,44,45
8749943.0,37,53
8749948.0,48,44
8749953.0,41,53
8749999.0,38,48
8750034.0,43,41
8750036.0,48,43
8750088.0,35,56
8750122.0,41,46
8750126.0,46,41
8750141.0,49,50
8750159.0,40,40
8750170.0,42,40
8750172.0,35,53
8750209.0,50,44
8750215.0,46,50
8750216.0,45,47
8750225.0,39,41
8750255.0,47,44
8750375.0,41,46
8750409.0,39,91
8750470.0,47,43
8750506.0,50,43
8750509.0,39,42
8750511.0,47,40
8750513.0,42,44
8750522.0,45,41
8750542.0,37,53
8750564.0,49,46
8750581.0,46,56
8750606.0,46,46
8750639.0,44,40
8750657.0,46,47
8750687.0,48,48
8750698.0,40,42
8750731.0,51,51
8750766.0,49,47
8750779.0,47,55
8750847.0,35,53
8750884.0,37,53
8750901.0,41,44
8750921.0,33,48
8750925.0,47,46
8750932.0,51,52
8750932.0,46,47
8750966.0,46,53
8751079.0,46,52
8751121.0,47,50
8751151.0,46,51
8751153.0,39,41
8751192.0,41,43
8751195.0,46,42
8751198.0,44,45
8751215.0,49,54
8751244.0,36,54
8751247.0,49,45
8751252.0,44,44
8751256.0,36,52
8751289.0,39,46
8751291.0,47,55
8751367.0,37,54
8751377.0,45,44
8751387.0,46,54
8751412.0,36,51
8751434.0,50,45
8751458.0,50,55
8751465.0,42,59
8751472.0,45,42
8751487.0,45,57
8751504.0,53,106
8751525.0,46,42
8751528.0,44,46
8751544.0,46,46
8751548.0,52,106
8751563.0,45,43
8751572.0,49,42
8751618.0,48,42
8751628.0,48,41
8751631.0,49,51
8751636.0,37,52
8751724.0,49,47
8751773.0,48,52
8751783.0,42,45
8751795.0,36,52
8751808.0,43,43
8751814.0,39,41
8751819.0,61,50
8751879.0,43,58
8751893.0,43,42
8751949.0,42,42
8752009.0,46,54
8752015.0,38,49
8752018.0,39,45
8752064.0,41,46
8752064.0,48,49
8752140.0,47,42
8752159.0,45,43
8752193.0,40,92
8752215.0,47,41
8752217.0,51,52
8752226.0,48,45
8752285.0,47,44
8752327.0,44,45
8752329.0,48,43
8752335.0,50,44
8752337.0,41,45
8752364.0,41,47
8752382.0,47,45
8752395.0,44,44
8752441.0,41,46
8752446.0,46,42
8752533.0,45,47
8752551.0,49,47
8752558.0,47,52
8752562.0,49,43
8752625.0,38,47
8752635.0,47,40
8752705.0,39,46
8752718.0,47,56
8752760.0,29,44
8752775.0,46,48
8752827.0,48,51
8752857.0,47,55
8752862.0,41,47
8752890.0,46,43
8752891.0,50,45
8752897.0,50,53
8752957.0,47,52
8753035.0,42,44
8753050.0,45,48
8753102.0,40,43
8753102.0,46,42
8753114.0,44,41
8753117.0,42,42
8753118.0,47,46
8753186.0,43,47
8753226.0,49,41
8753260.0,48,55
8753281.0,29,44
8753310.0,51,43
8753314.0,46,41
8753327.0,38,47
8753343.0,41,47
8753425.0,47,51
8753436.0,50,46
8753452.0,48,51
8753466.0,49,51
8753507.0,49,54
8753512.0,41,41
8753516.0,47,50
8753540.0,46,57
8753549.0,36,59
8753550.0,42,59
8753553.0,48,54
8753566.0,41,44
8753570.0,40,42
8753576.0,47,47
8753585.0,37,53
8753678.0,40,46
8753708.0,47,41
8753772.0,46,42
8753788.0,48,43
8753811.0,42,43
8753832.0,29,69
8753888.0,47,46
8753908.0,36,53
8753927.0,49,51
8753932.0,50,53
8753955.0,43,43
8753957.0,49,48
8753968.0,44,42
8753993.0,40,42
8754009.0,39,41
8754013.0,44,45
8754071.0,42,45
8754078.0,51,52
8754106.0,51,44
8754115.0,40,43
8754143.0,37,53
8754144.0,50,51
8754162.0,47,53
8754197.0,29,69
8754220.0,46,42
8754336.0,41,47
8754358.0,45,43
8754362.0,51,51
8754410.0,42,46
8754447.0,44,46
8754478.0,43,44
8754501.0,48,44
8754531.0,50,51
8754618.0,49,51
8754636.0,51,51
8754654.0,40,43
8754681.0,51,43
8754713.0,50,46
8754715.0,47,52
8754754.0,46,52
8754772.0,41,46
8754828.0,45,52
8754834.0,40,44
8754843.0,45,44
8754868.0,50,47
8754869.0,48,50
8754901.0,46,41
8754943.0,37,87
8754972.0,46,47
8754983.0,29,70
8755033.0,45,57
8755036.0,38,51
8755085.0,50,43
8755093.0,48,52
8755107.0,45,52
8755140.0,49,45
8755148.0,45,45
8755157.0,47,45
8755168.0,49,54
8755188.0,44,47
8755193.0,49,42
8755218.0,39,47
8755231.0,49,51
8755237.0,47,52
8755275.0,48,49
8755290.0,52,52
8755290.0,39,41
8755297.0,49,44
8755300.0,47,51
8755315.0,50,51
8755345.0,37,59
8755345.0,51,44
8755403.0,48,41
8755440.0,48,55
8755470.0,47,42
8755491.0,47,56
8755492.0,49,48
8755549.0,48,53
8755551.0,37,51
8755591.0,39,47
8755594.0,38,51
8755596.0,46,57
8755651.0,48,46
8755654.0,47,47
8755675.0,41,63
8755696.0,47,49
8755759.0,33,56
8755761.0,38,53
8755766.0,45,46
8755770.0,39,41
8755773.0,40,43
8755790.0,42,44
8755799.0,49,44
8755803.0,43,59
8755812.0,44,53
8755884.0,46,53
8755890.0,51,51
8755901.0,44,42
8755912.0,41,47
8755923.0,51,45
8755955.0,47,46
8755990.0,46,44
8756007.0,38,50
8756046.0,43,44
8756057.0,51,53
8756076.0,47,47
8756107.0,50,53
8756111.0,49,52
8756178.0,42,47
8756199.0,38,52
8756208.0,49,43
8756215.0,38,42
8756237.0,40,45
8756302.0,37,53
8756305.0,51,51
8756442.0,48,50
8756485.0,45,45
8756497.0,45,58
8756501.0,50,54
8756587.0,43,45
8756610.0,50,47
8756622.0,42,46
8756648.0,45,41
8756655.0,47,53
8756674.0,42,43
8756700.0,49,49
8756718.0,38,42
8756767.0,40,43
8756822.0,47,48
8756847.0,51,45
8756874.0,44,43
8756888.0,41,42
8756943.0,51,46
8756962.0,37,53
8756967.0,41,43
8756971.0,52,52
8756995.0,41,54
8757001.0,49,44
8757029.0,38,49
8757059.0,50,48
8757143.0,47,47
8757202.0,50,44
8757270.0,33,50
8757275.0,39,48
8757287.0,49,45
8757290.0,41,42
8757303.0,47,43
8757316.0,44,43
8757385.0,48,41
8757389.0,49,44
8757403.0,51,53
8757519.0,43,42
8757551.0,48,50
8757563.0,51,46
8757587.0,42,44
8757602.0,52,44
8757619.0,50,43
8757628.0,48,45
8757681.0,46,54
8757723.0,49,43
8757760.0,47,47
8757765.0,49,52
8757808.0,44,44
8757808.0,48,46
8757810.0,46,48
8757825.0,39,43
8757892.0,33,50
8757947.0,49,49
8757960.0,46,54
8758021.0,47,42
8758038.0,51,46
8758051.0,37,53
8758054.0,46,43
8758061.0,41,42
8758093.0,50,54
8758120.0,52,53
8758128.0,40,46
8758138.0,48,47
8758168.0,46,57
8758190.0,50,42
8758204.0,47,56
8758210.0,33,51
8758223.0,51,43
8758256.0,37,56
8758264.0,40,44
8758291.0,49,45
8758353.0,49,55
8758357.0,42,45
8758390.0,41,42
8758406.0,47,57
8758444.0,51,107
8758449.0,39,43
8758494.0,48,46
8758496.0,47,41
8758531.0,44,43
8758545.0,47,52
8758593.0,48,42
8758607.0,48,56
8758621.0,45,45
8758641.0,50,48
8758644.0,47,51
8758656.0,36,56
8758686.0,38,91
8758702.0,41,45
8758721.0,49,44
8758724.0,104,62
8758740.0,49,45
8758748.0,47,48
8758769.0,33,50
8758853.0,40,44
8758891.0,22,44
8758918.0,46,41
8758940.0,46,45
8758997.0,32,66
8759015.0,50,44
8759025.0,21,45
8759063.0,49,46
8759111.0,43,45
8759119.0,51,47
8759121.0,49,45
8759125.0,52,53
8759165.0,45,42
8759179.0,47,44
8759220.0,47,47
8759235.0,44,46
8759280.0,48,53
8759282.0,46,49
8759324.0,33,51
8759338.0,52,44
8759349.0,52,108
8759389.0,50,52
8759457.0,52,45
8759466.0,43,42
8759478.0,46,44
8759492.0,50,45
8759504.0,46,45
8759550.0,41,43
8759611.0,33,50
8759654.0,39,43
8759657.0,46,53
8759664.0,43,43
8759672.0,45,47
8759675.0,37,52
8759677.0,50,41
8759745.0,43,45
8759756.0,42,45
8759806.0,48,40
8759825.0,48,43
8759843.0,38,51
8759882.0,41,43
8759936.0,46,96
8759943.0,49,52
8759973.0,51,52
8759988.0,47,55
8760028.0,33,51
8760059.0,40,45
8760071.0,44,44
8760073.0,39,43
8760090.0,50,42
8760091.0,37,53
8760125.0,47,57
8760163.0,48,43
8760193.0,49,55
8760211.0,51,51
8760286.0,33,50
8760338.0,49,44
8760373.0,47,54
8760432.0,46,95
8760466.0,40,45
8760479.0,52,45
8760522.0,47,55
8760535.0,52,53
8760548.0,49,45
8760567.0,51,47
8760568.0,42,46
8760583.0,48,51
8760586.0,48,56
8760588.0,40,44
8760606.0,50,49
8760626.0,49,50
8760644.0,49,46
8760651.0,47,95
8760654.0,37,53
8760662.0,42,48
8760672.0,45,46
8760751.0,33,50
8760757.0,41,44
8760771.0,46,100
8760777.0,46,46
8760822.0,51,54
8760877.0,50,43
8760888.0,37,53
8760949.0,48,46
8760952.0,44,48
8760955.0,46,46
8760988.0,41,43
8761063.0,43,43
8761077.0,46,101
8761112.0,43,46
8761128.0,43,45
8761175.0,52,52
8761209.0,40,45
8761264.0,46,97
8761273.0,41,47
8761305.0,52,46
8761308.0,44,45
8761326.0,47,57
8761344.0,43,46
8761353.0,47,55
8761410.0,47,49
8761419.0,51,48
8761457.0,45,43
8761487.0,43,44
8761494.0,47,53
8761494.0,48,43
8761562.0,50,45
8761579.0,52,52
8761603.0,49,49
8761651.0,49,45
8761658.0,46,93
8761672.0,50,52
8761676.0,35,61
8761710.0,51,52
8761820.0,46,48
8761821.0,42,47
8761831.0,40,46
8761831.0,40,45
8761847.0,72,63
8761871.0,39,48
8761965.0,44,59
8762025.0,49,54
8762030.0,46,46
8762053.0,50,55
8762075.0,49,50
8762102.0,49,53
8762121.0,40,47
8762136.0,49,47
8762141.0,43,46
8762149.0,39,45
8762149.0,50,48
8762182.0,72,63
8762247.0,47,42
8762247.0,35,61
8762247.0,51,44
8762338.0,48,56
8762340.0,46,48
8762342.0,46,45
8762345.0,59,51
8762362.0,41,45
8762414.0,51,47
8762417.0,47,45
8762430.0,52,46
8762436.0,51,48
8762449.0,43,46
8762484.0,46,95
8762543.0,51,54
8762579.0,50,44
8762601.0,52,52
8762603.0,50,46
8762605.0,47,48
8762632.0,46,48
8762680.0,42,42
8762718.0,48,48
8762727.0,46,44
8762762.0,39,48
8762773.0,46,58
8762781.0,46,94
8762801.0,43,59
8762877.0,40,66
8762886.0,42,46
8762927.0,48,42
8762994.0,50,49
8762999.0,52,52
8763019.0,43,43
8763187.0,49,46
8763206.0,46,42
8763234.0,48,47
8763310.0,47,49
8763377.0,43,46
8763438.0,51,48
8763505.0,47,41
8763528.0,39,49
8763566.0,42,47
8763584.0,49,42
8763593.0,49,47
8763619.0,48,52
8763646.0,40,48
8763684.0,52,47
8763687.0,43,46
8763794.0,53,45
8763850.0,39,48
8763914.0,40,48
8763933.0,49,47
8763943.0,47,43
8763951.0,51,45
8763990.0,47,52
8763997.0,52,54
8764015.0,43,44
8764063.0,49,56
8764080.0,50,44
8764188.0,49,43
8764203.0,52,73
8764213.0,43,47
8764216.0,43,45
8764241.0,45,44
8764292.0,44,44
8764310.0,51,45
8764372.0,41,45
8764530.0,50,53
8764542.0,40,47
8764547.0,41,44
8764585.0,47,42
8764623.0,36,62
8764627.0,43,47
8764630.0,48,51
8764644.0,47,57
8764650.0,42,43
8764669.0,47,53
8764742.0,49,53
8764795.0,50,53
8764805.0,47,44
8764806.0,49,46
8764832.0,41,45
8764838.0,46,43
8764886.0,48,43
8764892.0,44,45
8764913.0,50,45
8764980.0,41,44
8764983.0,51,45
8765015.0,41,62
8765022.0,52,44
8765023.0,49,51
8765072.0,52,47
8765133.0,72,52
8765138.0,70,73
8765156.0,51,43
8765200.0,48,44
8765345.0,46,49
8765361.0,46,41
8765375.0,44,46
8765377.0,53,45
8765469.0,53,46
8765508.0,51,45
8765520.0,43,45
8765564.0,50,41
8765683.0,49,43
8765692.0,43,47
8765738.0,50,55
8765922.0,46,58
8766009.0,50,53
8766040.0,44,43
8766058.0,43,47
8766060.0,45,59
8766064.0,37,55
8766070.0,45,47
8766087.0,44,48
8766100.0,48,52
8766122.0,41,45
8766128.0,41,44
8766199.0,52,48
8766211.0,59,47
8766224.0,48,54
8766241.0,46,46
8766284.0,44,42
8766293.0,51,49
8766296.0,53,54
8766312.0,36,54
8766321.0,40,48
8766372.0,50,45
8766379.0,47,46
8766441.0,48,43
8766452.0,43,48
8766522.0,51,48
8766523.0,46,47
8766540.0,37,53
8766558.0,53,46
8766562.0,51,45
8766615.0,51,52
8766632.0,59,47
8766646.0,51,55
8766656.0,52,53
8766712.0,41,45
8766776.0,45,45
8766787.0,47,53
8766825.0,51,45
8766831.0,43,48
8766846.0,50,50
8766870.0,46,45
8766871.0,41,63
8766883.0,50,47
8766979.0,51,46
8767046.0,46,47
8767154.0,48,48
8767185.0,48,49
8767198.0,50,42
8767204.0,51,42
8767243.0,41,46
8767260.0,47,58
8767291.0,48,57
8767295.0,43,42
8767297.0,52,48
8767319.0,51,53
8767320.0,49,94
8767341.0,40,64
8767353.0,49,51
8767362.0,30,66
8767370.0,36,54
8767399.0,49,56
8767429.0,47,56
8767442.0,47,49
8767482.0,43,46
8767493.0,53,47
8767497.0,51,44
8767507.0,50,49
8767538.0,41,46
8767600.0,46,44
8767621.0,48,44
8767658.0,50,56
8767664.0,43,43
8767673.0,41,47
8767718.0,44,44
8767879.0,43,46
8767889.0,40,48
8767921.0,49,50
8767932.0,44,58
8767952.0,43,43
8767957.0,47,45
8767963.0,49,47
8767977.0,46,44
8767978.0,47,54
8768015.0,41,45
8768032.0,44,43
8768033.0,36,54
8768045.0,43,48
8768234.0,42,48
8768411.0,46,48
8768413.0,49,44
8768423.0,47,42
8768512.0,48,45
8768523.0,41,45
8768565.0,52,48
8768594.0,52,45
8768622.0,49,48
8768708.0,44,46
8768728.0,51,55
8768758.0,43,45
8768883.0,43,46
8768904.0,49,43
8768976.0,45,59
8768999.0,53,47
8769098.0,41,46
8769125.0,44,46
8769131.0,42,43
8769156.0,46,94
8769177.0,48,52
8769229.0,51,50
8769269.0,46,44
8769286.0,48,44
8769291.0,43,46
8769352.0,47,43
8769378.0,38,52
8769393.0,50,47
8769404.0,50,46
8769424.0,52,43
8769426.0,52,52
8769484.0,41,46
8769552.0,35,53
8769577.0,49,52
8769579.0,48,53
8769595.0,45,44
8769604.0,45,45
8769690.0,42,43
8769694.0,56,52
8769707.0,40,43
8769755.0,52,53
8769815.0,50,47
8769822.0,56,53
8769893.0,42,44
8769896.0,50,51
8769963.0,41,47
8770000.0,43,43
8770004.0,50,53
8770041.0,47,47
8770042.0,51,49
8770047.0,48,42
8770063.0,48,47
8770087.0,35,53
8770178.0,52,55
8770199.0,44,44
8770363.0,52,49
8770380.0,47,46
8770497.0,44,46
8770534.0,50,48
8770567.0,47,47
8770591.0,45,58
8770597.0,43,59
8770628.0,40,46
8770749.0,52,46
8770767.0,50,56
8770780.0,50,53
8770798.0,51,50
8770803.0,51,47
8770814.0,49,52
8770827.0,41,46
8770853.0,50,43
8770978.0,49,49
8771010.0,47,47
8771018.0,56,52
8771039.0,43,47
8771047.0,44,59
8771049.0,46,47
8771072.0,48,53
8771083.0,41,46
8771097.0,52,46
8771120.0,44,46
8771182.0,51,45
8771209.0,40,49
8771260.0,48,48
8771304.0,44,47
8771314.0,51,47
8771323.0,52,45
8771385.0,53,48
8771420.0,48,57
8771452.0,46,45
8771469.0,50,51
8771472.0,53,45
8771480.0,51,56
8771534.0,48,46
8771550.0,46,103
8771586.0,45,49
8771683.0,51,46
8771729.0,52,49
8771761.0,45,59
8771762.0,42,45
8771833.0,52,55
8771917.0,48,58
8771937.0,52,46
8771959.0,47,47
8771971.0,43,43
8771990.0,44,46
8772015.0,48,50
8772132.0,52,44
8772134.0,51,50
8772178.0,53,55
8772248.0,49,54
8772254.0,52,45
8772313.0,51,46
8772361.0,51,56
8772367.0,50,54
8772405.0,48,55
8772410.0,49,48
8772441.0,45,46
8772490.0,54,46
8772614.0,48,50
8772647.0,51,47
8772678.0,38,54
8772727.0,41,48
8772729.0,53,47
8772733.0,51,56
8772749.0,40,50
8772810.0,44,45
8772944.0,39,51
8772979.0,48,49
8773022.0,44,46
8773085.0,53,48
8773097.0,46,44
8773115.0,45,43
8773138.0,48,55
8773148.0,51,42
8773236.0,62,55
8773254.0,43,48
8773295.0,49,47
8773345.0,53,55
8773360.0,44,42
8773418.0,54,47
8773508.0,48,47
8773519.0,48,50
8773525.0,40,57
8773605.0,37,54
8773624.0,39,49
8773757.0,47,43
8773789.0,48,50
8773802.0,50,48
8773803.0,48,42
8773940.0,49,45
8774054.0,50,47
8774055.0,48,45
8774114.0,46,43
8774119.0,51,51
8774186.0,65,60
8774196.0,44,45
8774209.0,42,61
8774217.0,41,59
8774252.0,48,49
8774356.0,43,60
8774356.0,48,43
8774387.0,47,44
8774441.0,44,47
8774524.0,46,43
8774534.0,48,53
8774562.0,49,57
8774567.0,50,48
8774568.0,48,43
8774576.0,49,48
8774620.0,46,59
8774648.0,43,47
8774662.0,43,44
8774669.0,47,44
8774848.0,49,44
8774931.0,40,48
8774947.0,47,58
8774958.0,40,49
8774994.0,54,47
8775018.0,48,46
8775231.0,40,48
8775258.0,51,109
8775278.0,53,54
8775306.0,45,43
8775446.0,51,48
8775452.0,41,47
8775507.0,50,44
8775523.0,50,54
8775558.0,52,54
8775561.0,45,48
8775566.0,51,46
8775600.0,48,50
8775641.0,52,55
8775645.0,48,43
8775678.0,53,54
8775683.0,50,49
8775779.0,45,46
8775805.0,49,55
8775847.0,47,44
8775871.0,46,45
8775886.0,49,49
8775915.0,51,43
8775953.0,41,47
8775976.0,46,49
8776057.0,41,91
8776064.0,52,50
8776105.0,42,45
8776177.0,46,45
8776189.0,52,45
8776210.0,48,50
8776214.0,51,43
8776231.0,49,49
8776380.0,53,55
8776400.0,44,48
8776530.0,39,89
8776530.0,53,49
8776533.0,47,44
8776576.0,51,56
8776640.0,52,50
8776713.0,41,47
8776737.0,47,48
8776797.0,53,54
8776839.0,39,50
8776849.0,50,57
8776871.0,49,50
8776927.0,45,44
8776930.0,50,43
8776939.0,52,47
8777003.0,44,46
8777022.0,48,54
8777026.0,47,46
8777121.0,43,48
8777149.0,33,85
8777155.0,53,46
8777202.0,41,47
8777237.0,51,51
8777426.0,47,48
8777463.0,51,48
8777592.0,47,44
8777632.0,40,51
8777644.0,54,48
8777724.0,43,48
8777746.0,49,53
8777880.0,53,44
8777958.0,45,92
8777960.0,41,48
8777978.0,43,48
8777993.0,45,93
8777995.0,38,51
8778010.0,53,49
8778015.0,45,47
8778092.0,50,52
8778264.0,45,93
8778446.0,41,47
8778472.0,48,46
8778521.0,47,59
8778637.0,49,49
8778761.0,34,60
8778775.0,41,49
8778800.0,41,47
8778807.0,49,53
8778890.0,47,47
8778908.0,52,50
8778927.0,50,49
8779009.0,50,48
8779020.0,38,55
8779038.0,52,45
8779043.0,42,46
8779061.0,33,61
8779142.0,39,90
8779183.0,41,49
8779234.0,54,48
8779238.0,48,47
8779511.0,46,48
8779536.0,51,47
8779556.0,47,48
8779575.0,48,47
8779645.0,50,51
8779654.0,49,46
8779674.0,39,90
8779690.0,50,45
8779780.0,51,57
8779841.0,46,45
8779865.0,33,61
8779887.0,52,54
8779903.0,52,56
8779981.0,46,59
8780093.0,53,45
8780169.0,50,44
8780239.0,46,45
8780374.0,44,43
8780381.0,53,47
8780393.0,40,65
8780444.0,39,51
8780464.0,33,61
8780639.0,48,47
8780647.0,44,43
8780773.0,42,47
8780816.0,41,46
8780827.0,50,57
8780833.0,53,44
8780883.0,43,45
8780918.0,39,67
8780924.0,44,47
8781061.0,46,46
8781110.0,41,46
8781144.0,49,45
8781158.0,49,50
8781254.0,52,43
8781292.0,49,58
8781365.0,48,50
8781379.0,47,59
8781428.0,48,47
8781517.0,46,45
8781525.0,53,56
8781632.0,51,54
8781678.0,41,65
8781730.0,49,50
8781929.0,51,53
8781971.0,50,48
8782110.0,52,46
8782169.0,49,53
8782179.0,49,55
8782194.0,46,45
8782322.0,45,47
8782327.0,49,50
8782492.0,56,85
8782564.0,53,50
8782570.0,51,53
8782577.0,49,55
8782602.0,50,55
8782608.0,49,50
8782624.0,47,48
8782718.0,45,48
8782771.0,50,45
8782802.0,40,66
8782911.0,39,66
8782930.0,51,52
8783000.0,45,48
8783039.0,48,44
8783121.0,53,45
8783157.0,38,56
8783220.0,40,67
8783274.0,52,48
8783434.0,51,44
8783490.0,51,51
8783541.0,54,48
8783696.0,51,57
8783920.0,45,45
8783922.0,49,49
8783977.0,54,46
8784043.0,52,51
8784163.0,53,56
8784293.0,49,55
8784341.0,52,56
8784411.0,39,52
8784440.0,46,44
8784557.0,44,47
8784612.0,47,45
8784632.0,52,56
8784679.0,27,80
8784688.0,45,97
8784930.0,47,45
8784999.0,39,53
8785106.0,49,47
8785238.0,48,55
8785254.0,39,53
8785341.0,53,47
8785515.0,45,48
8785598.0,49,47
8785629.0,53,47
8785690.0,51,49
8785697.0,26,80
8785842.0,45,98
8785892.0,53,50
8785961.0,48,56
8786077.0,26,80
8786207.0,53,56
8786333.0,54,49
8786516.0,49,54
8786539.0,45,96
8786878.0,46,49
8786896.0,48,48
8786993.0,53,115
8787030.0,41,48
8787044.0,45,93
8787076.0,73,60
8787452.0,41,48
8787938.0,42,47
8788056.0,39,53
8788144.0,49,55
8788165.0,50,55
8788254.0,48,59
8788348.0,46,100
8788447.0,51,55
8788634.0,49,55
8788667.0,48,58
8788711.0,52,46
8788865.0,53,47
8789055.0,42,48
8789092.0,43,46
8789213.0,46,46
8789313.0,52,48
8789355.0,50,53
8789477.0,38,53
8789526.0,44,49
8789547.0,43,46
8789595.0,70,72
8789648.0,53,50
8789671.0,51,49
8789810.0,46,46
8789922.0,44,49
8789938.0,49,47
8790102.0,51,49
8790375.0,61,50
8790434.0,62,49
8790739.0,50,50
8790749.0,33,63
8790754.0,44,60
8791108.0,61,50
8791183.0,48,47
8791310.0,49,50
8791755.0,35,57
8792843.0,47,46
8792899.0,53,55
8793176.0,36,57
8793224.0,56,96
8793348.0,35,57
8793537.0,36,57
8793545.0,45,96
8793565.0,46,47
8795765.0,34,59
8796456.0,50,53
8796679.0,44,92
8796806.0,35,58
8798168.0,45,94
8800820.0,37,58
8801728.0,45,99
8803233.0,42,60
8803488.0,50,45
8805107.0,51,46
8806647.0,53,47
8806814.0,54,49
8807192.0,45,105
8808566.0,53,50
8808578.0,52,48
8809766.0,52,51
8809994.0,51,49
8810494.0,52,46
8810676.0,74,49
8810856.0,41,45
8811043.0,48,47
8811048.0,50,49
8811306.0,51,52
8811542.0,40,45
8812689.0,50,53
8812793.0,46,49
8813020.0,48,44
8813149.0,50,53
8813397.0,53,47
8813429.0,54,48
8813774.0,47,48
8813845.0,53,55
8814079.0,55,47
8814214.0,44,60
8814330.0,32,86
8814346.0,44,95
8814398.0,49,54
8814559.0,52,46
8814668.0,50,53
8814739.0,47,45
8814744.0,47,46
8814805.0,49,45
8814853.0,49,46
8814884.0,45,60
8814888.0,23,87
8814894.0,40,49
8815090.0,52,57
8815233.0,47,59
8815252.0,53,56
8815307.0,44,96
8815319.0,51,52
8815352.0,45,60
8815354.0,53,50
8815483.0,53,49
8815540.0,50,55
8815662.0,52,55
8815677.0,23,87
8815694.0,45,47
8815899.0,44,97
8815956.0,52,43
8816084.0,40,49
8816113.0,46,44
8816184.0,52,56
8816206.0,54,48
8816435.0,49,58
8816664.0,42,48
8816968.0,53,44
8817218.0,52,47
8817586.0,45,45
8817813.0,53,46
8817841.0,50,48
8817846.0,49,49
8818019.0,45,43
8818049.0,50,46
8818138.0,43,45
8818155.0,50,44
8818237.0,52,48
8818249.0,48,46
8818250.0,52,47
8818291.0,49,50
8818388.0,51,48
8818424.0,46,43
8818462.0,46,46
8818482.0,50,52
8818509.0,50,50
8818649.0,52,47
8818741.0,49,43
8818838.0,53,43
8818899.0,40,50
8819020.0,51,46
8819445.0,45,48
8819676.0,52,45
8819679.0,48,47
8819705.0,49,46
8819740.0,47,45
8819759.0,51,48
8819796.0,46,47
8819948.0,53,46
8820133.0,42,46
8820337.0,45,47
8820337.0,39,51
8820396.0,49,55
8820412.0,43,60
8820529.0,53,49
8820624.0,32,62
8820724.0,48,55
8820794.0,54,48
8820796.0,43,45
8820812.0,51,45
8820908.0,46,48
8821000.0,49,48
8821008.0,52,56
8821046.0,53,54
8821063.0,53,49
8821133.0,54,48
8821238.0,53,56
8821259.0,46,48
8821291.0,51,54
8821416.0,51,44
8821465.0,50,52
8821541.0,48,44
8821623.0,49,55
8821625.0,111,95
8821769.0,50,49
8821889.0,50,57
8821912.0,48,54
8821946.0,53,56
8821973.0,51,43
8821980.0,52,43
8822021.0,51,49
8822075.0,38,53
8822098.0,39,53
8822145.0,89,101
8822166.0,44,43
8822219.0,41,63
8822298.0,50,55
8822361.0,49,49
8822509.0,50,43
8822532.0,47,47
8822557.0,36,52
8822591.0,54,47
8822598.0,51,43
8822822.0,52,50
8822852.0,51,54
8822860.0,47,44
8822864.0,48,58
8822922.0,48,43
8822975.0,48,46
8823049.0,51,43
8823202.0,54,48
8823270.0,47,48
8823568.0,51,51
8823605.0,52,45
8823742.0,52,50
8823751.0,50,44
8823790.0,35,51
8823898.0,52,46
8823904.0,54,48
8823936.0,43,44
8823939.0,51,55
8824025.0,46,45
8824061.0,39,52
8824081.0,42,47
8824100.0,51,51
8824101.0,52,54
8824209.0,53,47
8824257.0,50,45
8824262.0,53,48
8824265.0,45,45
8824275.0,52,45
8824281.0,53,49
8824434.0,45,44
8824527.0,50,49
8824544.0,46,49
8824557.0,53,49
8824642.0,46,48
8824653.0,53,55
8824687.0,51,51
8824731.0,50,54
8824857.0,53,48
8824909.0,49,55
8824958.0,51,51
8824987.0,54,48
8825076.0,52,50
8825117.0,45,59
8825272.0,50,47
8825274.0,54,48
8825389.0,49,44
8825506.0,50,51
8825522.0,40,51
8825529.0,43,48
8825616.0,48,55
8825753.0,48,45
8826190.0,44,46
8826239.0,52,49
8826251.0,45,46
8826386.0,51,46
8826442.0,51,47
8826589.0,53,45
8826725.0,48,54
8826810.0,53,48
8826858.0,45,47
8826872.0,51,46
8826883.0,49,49
8826888.0,50,57
8826947.0,48,54
8827032.0,49,48
8827119.0,38,55
8827134.0,46,46
8827184.0,41,49
8827211.0,51,45
8827222.0,49,52
8827225.0,42,45
8827270.0,53,48
8827292.0,44,45
8827304.0,49,57
8827348.0,34,59
8827396.0,46,45
8827405.0,49,53
8827442.0,50,54
8827468.0,52,55
8827478.0,49,48
8827574.0,37,63
8827670.0,40,72
8827757.0,47,43
8827801.0,50,48
8827863.0,49,50
8827938.0,47,58
8827939.0,40,70
8827972.0,52,43
8827989.0,47,46
8827999.0,52,46
8828006.0,54,47
8828025.0,35,58
8828085.0,40,72
8828118.0,45,43
8828119.0,48,46
8828154.0,44,47
8828177.0,38,54
8828199.0,53,48
8828259.0,47,47
8828266.0,44,48
8828277.0,53,47
8828316.0,48,55
8828359.0,45,60
8828391.0,37,55
8828430.0,51,42
8828434.0,45,46
8828461.0,40,49
8828513.0,46,47
8828523.0,43,48
8828529.0,39,50
8828574.0,45,43
8828610.0,49,48
8828633.0,48,43
8828635.0,50,53
8828636.0,53,48
8828643.0,53,47
8828730.0,41,48
8828735.0,41,47
8828818.0,51,47
8828897.0,52,49
8828966.0,35,58
8829090.0,50,44
8829194.0,50,43
8829257.0,49,45
8829263.0,50,46
8829316.0,36,59
8829339.0,52,49
8829375.0,49,43
8829381.0,50,53
8829432.0,48,47
8829492.0,53,48
8829512.0,48,42
8829517.0,48,56
8829549.0,45,45
8829557.0,53,47
8829646.0,50,51
8829804.0,45,59
8829855.0,44,47
8829887.0,49,52
8829900.0,49,43
8829964.0,39,51
8830137.0,53,47
8830164.0,46,44
8830274.0,47,44
8830333.0,52,55
8830358.0,47,56
8830419.0,53,48
8830524.0,48,44
8830559.0,47,43
8830606.0,51,45
8830609.0,50,48
8830634.0,53,55
8830652.0,44,59
8830658.0,44,45
8830682.0,48,53
8830696.0,43,47
8830788.0,43,45
8830857.0,53,47
8830876.0,52,45
8830889.0,52,55
8831008.0,52,48
8831020.0,53,44
8831021.0,44,45
8831043.0,48,53
8831062.0,49,43
8831140.0,53,55
8831295.0,45,104
8831310.0,43,47
8831322.0,52,47
8831512.0,43,48
8831522.0,44,44
8831643.0,41,63
8831663.0,49,47
8831668.0,48,54
8831740.0,53,48
8831826.0,53,44
8831889.0,49,54
8831910.0,49,47
8831937.0,53,54
8832043.0,53,44
8832084.0,41,46
8832105.0,48,53
8832120.0,44,46
8832137.0,53,48
8832138.0,48,54
8832141.0,51,44
8832187.0,51,46
8832305.0,52,55
8832315.0,38,52
8832361.0,43,47
8832385.0,49,48
8832529.0,40,65
8832570.0,51,49
8832595.0,45,45
8832640.0,43,43
8832664.0,50,47
8832704.0,44,42
8832823.0,43,47
8832855.0,45,48
8832878.0,48,48
8832956.0,46,44
8832986.0,51,48
8832988.0,51,50
8833002.0,43,46
8833003.0,53,53
8833013.0,45,46
8833028.0,43,42
8833033.0,45,101
8833070.0,43,48
8833086.0,50,51
8833146.0,51,51
8833155.0,48,44
8833170.0,52,48
8833177.0,46,58
8833186.0,42,44
8833209.0,45,48
8833231.0,40,48
8833262.0,52,53
8833302.0,51,55
8833476.0,48,57
8833507.0,47,45
8833585.0,39,49
8833658.0,52,48
8833680.0,49,48
8833701.0,50,46
8833735.0,49,49
8833784.0,51,50
8833806.0,50,50
8833871.0,49,47
8833922.0,48,45
8833934.0,52,43
8833963.0,51,46
8834055.0,50,43
8834063.0,49,43
8834163.0,48,43
8834182.0,51,51
8834184.0,46,46
8834237.0,53,47
8834268.0,44,46
8834286.0,50,46
8834296.0,45,43
8834474.0,51,49
8834490.0,49,47
8834536.0,53,47
8834548.0,43,45
8834600.0,44,44
8834613.0,50,56
8834627.0,48,49
8834638.0,51,44
8834653.0,50,45
8834696.0,49,51
8834712.0,51,50
8834884.0,53,46
8834917.0,44,59
8834958.0,54,46
8835071.0,40,50
8835131.0,52,48
8835206.0,52,47
8835234.0,44,44
8835238.0,47,49
8835242.0,50,47
8835285.0,45,43
8835290.0,45,44
8835337.0,44,47
8835369.0,45,59
8835388.0,54,46
8835457.0,48,52
8835495.0,46,43
8835496.0,41,45
8835540.0,50,53
8835546.0,49,47
8835624.0,51,55
8835654.0,51,50
8835733.0,49,48
8835766.0,44,44
8835841.0,45,43
8835870.0,51,43
8835882.0,44,43
8835909.0,51,45
8835923.0,51,50
8835926.0,48,54
8835985.0,39,51
8836062.0,48,53
8836064.0,47,44
8836121.0,45,43
8836165.0,44,44
8836224.0,49,46
8836258.0,43,42
8836290.0,48,44
8836339.0,49,47
8836421.0,47,44
8836436.0,47,47
8836522.0,52,45
8836551.0,53,54
8836568.0,50,54
8836600.0,53,55
8836670.0,51,49
8836695.0,41,63
8836699.0,45,49
8836728.0,34,89
8836796.0,43,59
8836833.0,48,53
8836848.0,43,45
8836861.0,53,55
8836895.0,52,54
8836902.0,48,48
8836906.0,52,49
8836918.0,49,47
8836920.0,35,88
8836943.0,50,44
8836952.0,49,43
8837021.0,45,48
8837037.0,47,42
8837067.0,46,43
8837084.0,39,50
8837137.0,42,43
8837174.0,46,47
8837222.0,48,47
8837228.0,50,50
8837233.0,49,47
8837298.0,53,54
8837320.0,49,51
8837335.0,42,44
8837361.0,46,58
8837382.0,37,53
8837385.0,48,54
8837402.0,52,49
8837443.0,42,61
8837446.0,36,58
8837454.0,48,43
8837497.0,43,46
8837517.0,52,53
8837605.0,51,53
8837610.0,51,48
8837617.0,44,42
8837737.0,41,47
8837767.0,38,51
8837776.0,53,45
8837806.0,37,55
8837816.0,45,44
8837834.0,41,45
8837879.0,38,89
8837896.0,49,89
8837911.0,43,42
8838021.0,47,53
8838037.0,47,54
8838192.0,39,49
8838367.0,43,47
8838424.0,50,42
8838452.0,38,88
8838542.0,40,47
8838568.0,48,48
8838577.0,45,47
8838593.0,40,65
8838602.0,42,47
8838609.0,47,44
8838617.0,43,46
8838674.0,40,50
8838677.0,52,44
8838755.0,53,54
8838776.0,37,56
8838777.0,44,97
8838789.0,49,47
8838894.0,41,62
8838915.0,44,45
8838955.0,49,46
8838960.0,48,52
8838962.0,40,65
8838974.0,51,43
8839002.0,49,48
8839030.0,38,88
8839060.0,49,53
8839076.0,45,58
8839077.0,40,49
8839142.0,50,54
8839144.0,45,47
8839162.0,37,54
8839183.0,51,42
8839193.0,49,42
8839198.0,48,49
8839230.0,51,45
8839255.0,47,44
8839272.0,37,55
8839310.0,49,44
8839312.0,51,55
8839324.0,47,45
8839347.0,50,46
8839366.0,41,46
8839448.0,53,54
8839516.0,43,45
8839524.0,41,44
8839601.0,44,59
8839623.0,51,44
8839675.0,50,49
8839698.0,37,55
8839703.0,48,57
8839707.0,51,48
8839765.0,50,44
8839772.0,52,54
8839774.0,48,44
8839789.0,42,43
8839886.0,47,44
8839938.0,50,54
8839945.0,47,57
8839967.0,40,47
8839984.0,46,45
8839987.0,51,54
8840004.0,47,48
8840031.0,52,46
8840035.0,37,55
8840054.0,43,44
8840066.0,40,48
8840079.0,48,56
8840110.0,45,43
8840132.0,53,54
8840139.0,50,44
8840327.0,43,44
8840345.0,47,48
8840348.0,47,44
8840446.0,48,57
8840448.0,50,54
8840533.0,48,51
8840534.0,48,47
8840541.0,49,50
8840649.0,50,53
8840738.0,41,45
8840749.0,36,57
8840765.0,47,50
8840788.0,49,50
8840799.0,40,46
8840815.0,48,42
8840821.0,44,46
8840878.0,49,53
8840924.0,48,48
8840961.0,52,52
8841028.0,41,44
8841032.0,48,43
8841076.0,42,42
8841093.0,39,48
8841109.0,44,45
8841270.0,50,44
8841278.0,49,45
8841498.0,50,43
8841537.0,44,44
8841582.0,50,55
8841602.0,48,55
8841603.0,51,44
8841628.0,47,49
8841629.0,41,45
8841667.0,49,47
8841794.0,50,49
8841813.0,45,46
8841852.0,42,46
8841947.0,47,43
8841975.0,49,56
8841985.0,45,43
8841987.0,52,53
8842012.0,53,53
8842135.0,47,48
8842249.0,39,49
8842306.0,51,54
8842340.0,50,45
8842423.0,53,54
8842426.0,50,56
8842459.0,41,65
8842461.0,46,42
8842490.0,46,41
8842516.0,43,44
8842521.0,52,53
8842568.0,46,49
8842595.0,43,47
8842612.0,53,53
8842637.0,43,46
8842661.0,40,46
8842679.0,48,46
8842692.0,49,46
8842710.0,49,42
8842753.0,49,41
8842761.0,32,62
8842768.0,51,52
8842828.0,52,52
8842874.0,53,54
8842894.0,44,58
8842920.0,48,54
8842939.0,49,54
8842941.0,48,56
8842974.0,50,56
8842982.0,45,107
8842983.0,43,42
8843022.0,49,50
8843151.0,51,47
8843167.0,52,45
8843204.0,47,47
8843267.0,50,52
8843277.0,52,53
8843396.0,43,44
8843424.0,50,43
8843458.0,38,50
8843492.0,46,44
8843514.0,47,52
8843624.0,43,43
8843634.0,48,43
8843650.0,39,46
8843675.0,49,44
8843691.0,50,42
8843742.0,50,43
8843878.0,33,64
8843884.0,47,44
8843912.0,50,55
8843913.0,48,57
8843975.0,43,44
8844004.0,50,53
8844013.0,48,42
8844014.0,39,48
8844123.0,48,53
8844124.0,48,51
8844206.0,50,55
8844287.0,46,46
8844337.0,46,41
8844339.0,43,45
8844390.0,47,53
8844437.0,50,44
8844469.0,47,48
8844520.0,48,47
8844527.0,50,54
8844617.0,50,45
8844620.0,37,53
8844675.0,49,53
8844710.0,47,42
8844713.0,42,45
8844911.0,49,55
8844917.0,49,46
8844929.0,50,48
8844999.0,44,44
8845033.0,46,45
8845130.0,42,45
8845145.0,40,46
8845161.0,49,49
8845232.0,42,59
8845255.0,51,43
8845269.0,43,42
8845279.0,39,46
8845302.0,41,45
8845468.0,47,49
8845563.0,42,59
8845659.0,46,53
8845664.0,42,61
8845706.0,41,44
8845744.0,42,53
8845800.0,40,45
8845805.0,42,42
8845844.0,44,58
8845873.0,45,44
8845936.0,48,53
8845964.0,47,56
8845968.0,45,58
8845992.0,36,52
8846078.0,43,45
8846081.0,49,44
8846087.0,48,47
8846105.0,41,61
8846108.0,40,44
8846140.0,52,44
8846141.0,51,53
8846173.0,47,48
8846203.0,50,52
8846214.0,41,43
8846223.0,49,52
8846231.0,48,56
8846245.0,47,56
8846258.0,52,45
8846269.0,41,59
8846297.0,45,47
8846389.0,42,44
8846391.0,47,47
8846397.0,51,46
8846456.0,44,43
8846470.0,38,53
8846511.0,36,54
8846540.0,46,48
8846569.0,50,46
8846632.0,46,49
8846634.0,50,44
8846637.0,47,54
8846695.0,41,47
8846725.0,42,60
8846760.0,34,59
8846803.0,47,52
8846846.0,42,45
8846850.0,39,49
8846853.0,36,55
8846862.0,52,45
8846878.0,48,42
8846896.0,42,59
8846946.0,47,51
8846972.0,47,43
8847026.0,49,43
8847044.0,51,46
8847054.0,48,56
8847062.0,51,47
8847122.0,48,45
8847161.0,48,50
8847194.0,42,45
8847203.0,42,61
8847222.0,46,43
8847284.0,46,105
8847306.0,45,45
8847374.0,49,41
8847462.0,49,49
8847485.0,47,42
8847491.0,50,41
8847679.0,35,58
8847901.0,41,42
8847906.0,47,56
8847991.0,49,55
8847997.0,48,41
8848000.0,49,47
8848026.0,50,42
8848034.0,46,105
8848091.0,48,55
8848117.0,51,46
8848150.0,42,46
8848170.0,45,46
8848208.0,48,56
8848273.0,40,47
8848331.0,46,57
8848340.0,38,52
8848388.0,50,54
8848411.0,47,42
8848456.0,35,58
8848474.0,37,52
8848485.0,47,46
8848497.0,45,42
8848526.0,41,62
8848588.0,51,46
8848627.0,50,42
8848631.0,50,47
8848637.0,50,54
8848688.0,47,53
8848761.0,48,46
8848768.0,43,44
8848844.0,46,44
8848862.0,46,58
8848864.0,47,42
8848890.0,43,58
8848911.0,37,51
8848928.0,50,41
8848966.0,45,44
8848967.0,51,53
8848974.0,50,51
8848985.0,47,57
8849006.0,50,47
8849011.0,48,44
8849017.0,49,45
8849031.0,48,58
8849119.0,44,46
8849145.0,44,43
8849170.0,50,53
8849172.0,48,50
8849195.0,45,104
8849205.0,49,53
8849257.0,45,41
8849304.0,50,43
8849347.0,42,47
8849363.0,41,45
8849371.0,46,58
8849374.0,41,46
8849382.0,47,57
8849436.0,48,49
8849448.0,31,49
8849451.0,47,51
8849455.0,46,42
8849536.0,46,47
8849545.0,49,42
8849573.0,47,50
8849599.0,50,47
8849610.0,51,45
8849631.0,41,45
8849632.0,32,49
8849677.0,43,45
8849692.0,47,47
8849708.0,44,44
8849709.0,49,48
8849724.0,51,46
8849757.0,51,51
8849840.0,42,71
8849846.0,42,43
8849917.0,41,46
8849929.0,50,42
8849968.0,52,45
8850017.0,41,42
8850031.0,50,55
8850072.0,51,46
8850100.0,36,53
8850105.0,48,46
8850112.0,44,58
8850161.0,52,52
8850167.0,24,46
8850291.0,41,61
8850337.0,50,46
8850359.0,49,44
8850363.0,45,57
8850394.0,48,52
8850442.0,50,55
8850457.0,45,44
8850487.0,41,46
8850539.0,46,58
8850550.0,43,46
8850611.0,47,56
8850657.0,50,48
8850813.0,50,46
8850823.0,43,47
8850841.0,50,54
8850842.0,42,42
8850845.0,40,45
8850845.0,43,58
8850859.0,41,46
8850874.0,24,46
8850899.0,41,45
8850902.0,51,46
8850903.0,44,42
8850907.0,49,43
8850912.0,39,46
8850918.0,50,51
8851036.0,45,57
8851081.0,45,41
8851082.0,50,43
8851180.0,50,48
8851202.0,50,54
8851237.0,49,54
8851253.0,45,45
8851277.0,49,48
8851293.0,40,44
8851324.0,43,47
8851366.0,42,45
8851395.0,51,46
8851433.0,48,49
8851519.0,51,51
8851536.0,40,64
8851634.0,51,52
8851649.0,50,52
8851656.0,51,44
8851670.0,47,47
8851684.0,45,57
8851715.0,46,43
8851774.0,50,46
8851790.0,49,43
8851795.0,44,47
8851797.0,46,48
8851803.0,40,43
8851822.0,46,47
8851841.0,50,55
8851855.0,49,42
8851865.0,35,59
8851872.0,42,47
8851876.0,36,59
8851877.0,40,65
8851924.0,47,42
8851987.0,48,44
8851988.0,49,41
8852005.0,43,44
8852011.0,50,48
8852107.0,68,46
8852117.0,42,46
8852135.0,52,43
8852157.0,48,53
8852160.0,48,40
8852166.0,47,41
8852206.0,43,43
8852224.0,39,45
8852255.0,49,51
8852267.0,39,46
8852335.0,34,57
8852367.0,47,45
8852489.0,47,57
8852509.0,47,50
8852546.0,46,47
8852557.0,49,42
8852567.0,49,44
8852605.0,35,62
8852628.0,50,53
8852729.0,48,43
8852767.0,45,43
8852788.0,35,56
8852809.0,48,45
8852846.0,37,50
8852847.0,44,42
8852851.0,47,43
8852863.0,41,44
8852865.0,42,43
8852935.0,35,61
8852947.0,33,60
8852966.0,48,55
8852969.0,45,44
8852973.0,52,43
8853035.0,36,52
8853043.0,48,49
8853060.0,47,55
8853065.0,48,43
8853092.0,50,53
8853121.0,47,50
8853160.0,50,48
8853184.0,46,56
8853185.0,49,50
8853202.0,51,52
8853209.0,42,42
8853236.0,49,54
8853357.0,44,45
8853358.0,45,43
8853373.0,49,50
8853403.0,42,43
8853414.0,52,43
8853423.0,43,46
8853428.0,50,51
8853432.0,50,45
8853504.0,49,42
8853537.0,49,52
8853548.0,49,43
8853553.0,40,42
8853577.0,36,53
8853647.0,49,54
8853652.0,32,87
8853707.0,46,46
8853708.0,39,47
8853725.0,41,45
8853728.0,33,86
8853739.0,51,52
8853782.0,36,54
8853831.0,44,42
8853850.0,42,45
8853971.0,50,53
8854015.0,45,43
8854059.0,47,54
8854107.0,46,41
8854124.0,47,40
8854128.0,38,49
8854180.0,41,45
8854192.0,44,41
8854195.0,44,44
8854239.0,48,52
8854279.0,49,51
8854390.0,49,42
8854457.0,51,52
8854461.0,48,43
8854516.0,45,42
8854536.0,43,43
8854547.0,44,44
8854549.0,44,42
8854562.0,47,50
8854566.0,37,51
8854575.0,40,43
8854576.0,46,44
8854583.0,36,52
8854630.0,42,44
8854647.0,48,44
8854657.0,47,56
8854672.0,47,52
8854690.0,51,52
8854847.0,46,51
8854854.0,47,55
8854858.0,44,46
8854880.0,49,54
8854882.0,49,47
8854904.0,36,51
8854950.0,47,44
8854988.0,39,45
8855018.0,43,44
8855025.0,39,50
8855026.0,48,43
8855036.0,44,44
8855145.0,50,52
8855167.0,36,55
8855273.0,35,55
8855292.0,48,42
8855307.0,40,42
8855337.0,46,47
8855345.0,47,50
8855396.0,44,42
8855415.0,41,44
8855453.0,36,53
8855455.0,40,43
8855463.0,46,43
8855524.0,36,57
8855590.0,45,43
8855623.0,52,53
8855676.0,49,43
8855712.0,49,53
8855729.0,43,58
8855730.0,47,46
8855763.0,48,51
8855778.0,45,47
8855807.0,48,45
8855845.0,41,46
8855876.0,44,42
8855881.0,42,47
8856060.0,37,49
8856123.0,46,56
8856137.0,40,43
8856148.0,39,44
8856167.0,48,43
8856187.0,38,46
8856198.0,46,46
8856209.0,47,46
8856234.0,43,42
8856240.0,41,43
8856265.0,29,66
8856283.0,48,54
8856309.0,49,42
8856335.0,45,56
8856373.0,48,44
8856375.0,48,43
8856405.0,49,46
8856411.0,31,68
8856430.0,45,44
8856445.0,47,50
8856470.0,46,42
8856481.0,46,51
8856507.0,38,47
8856508.0,46,41
8856521.0,48,47
8856524.0,46,50
8856541.0,39,88
8856561.0,45,42
8856585.0,47,46
8856612.0,46,47
8856660.0,50,45
8856669.0,45,43
8856776.0,47,49
8856809.0,47,50
8856840.0,50,44
8856912.0,40,46
8856914.0,41,42
8856922.0,48,51
8856944.0,47,52
8856969.0,39,88
8856994.0,44,45
8857045.0,50,51
8857054.0,50,52
8857161.0,47,44
8857177.0,47,43
8857228.0,45,42
8857280.0,51,43
8857455.0,46,45
8857524.0,42,58
8857548.0,42,43
8857552.0,51,51
8857582.0,44,43
8857582.0,51,43
8857651.0,37,50
8857687.0,47,45
8857687.0,30,66
8857727.0,47,55
8857765.0,47,50
8857773.0,45,52
8857779.0,41,58
8857824.0,48,41
8857902.0,46,54
8857905.0,50,43
8857921.0,49,46
8857947.0,44,43
8857956.0,40,45
8857959.0,44,41
8857972.0,41,60
8857974.0,46,41
8858031.0,45,52
8858035.0,43,57
8858037.0,47,44
8858103.0,48,52
8858110.0,40,62
8858131.0,42,44
8858153.0,43,45
8858216.0,45,43
8858269.0,32,62
8858297.0,49,53
8858324.0,41,60
8858330.0,48,54
8858345.0,47,47
8858376.0,38,46
8858382.0,39,65
8858385.0,46,52
8858415.0,49,49
8858424.0,47,54
8858427.0,43,44
8858432.0,47,40
8858512.0,47,50
8858552.0,47,43
8858567.0,47,49
8858613.0,48,43
8858648.0,50,50
8858650.0,41,45
8858697.0,43,44
8858734.0,49,45
8858767.0,41,43
8858778.0,40,65
8858802.0,44,40
8858825.0,48,48
8858935.0,34,60
8859034.0,49,50
8859097.0,39,42
8859098.0,48,47
8859131.0,45,102
8859190.0,43,42
8859202.0,46,55
8859307.0,40,44
8859329.0,48,40
8859345.0,44,42
8859389.0,46,50
8859422.0,45,52
8859444.0,46,44
8859450.0,46,46
8859451.0,43,41
8859457.0,34,62
8859483.0,110,100
8859513.0,49,52
8859524.0,47,42
8859528.0,46,40
8859625.0,44,44
8859668.0,41,53
8859682.0,47,50
8859764.0,45,42
8859794.0,41,44
8859861.0,46,44
8859864.0,50,51
8859875.0,41,52
8859891.0,45,52
8859894.0,46,50
8859970.0,44,53
8860019.0,47,42
8860025.0,40,64
8860039.0,41,53
8860047.0,47,51
8860065.0,39,64
8860106.0,49,50
8860116.0,43,44
8860124.0,40,65
8860230.0,34,59
8860251.0,45,48
8860259.0,36,51
8860316.0,49,51
8860320.0,38,45
8860321.0,42,43
8860379.0,42,42
8860462.0,47,50
8860464.0,46,52
8860527.0,48,42
8860531.0,48,53
8860557.0,45,52
8860604.0,39,54
8860617.0,45,46
8860674.0,46,50
8860710.0,39,53
8860742.0,45,56
8860785.0,47,44
8860801.0,46,44
8860809.0,38,44
8860813.0,35,58
8860888.0,45,46
8860901.0,48,51
8860911.0,49,53
8860925.0,49,44
8860940.0,44,56
8860966.0,45,47
8860967.0,47,42
8860994.0,33,62
8861013.0,47,50
8861018.0,47,48
8861041.0,46,55
8861073.0,41,53
8861125.0,48,47
8861131.0,31,66
8861136.0,49,45
8861149.0,46,50
8861155.0,39,49
8861164.0,32,61
8861288.0,50,50
8861309.0,48,50
8861315.0,45,51
8861382.0,44,47
8861405.0,47,42
8861459.0,46,55
8861502.0,35,55
8861567.0,39,53
8861595.0,44,47
8861597.0,50,51
8861622.0,48,46
8861753.0,47,54
8861767.0,47,47
8861785.0,48,47
8861790.0,41,44
8861790.0,37,54
8861794.0,40,43
8861797.0,46,53
8861835.0,39,53
8861840.0,43,45
8861841.0,41,52
8861843.0,47,50
8861919.0,40,44
8861978.0,48,43
8861979.0,43,44
8861997.0,36,49
8862052.0,38,45
8862055.0,39,42
8862070.0,42,42
8862103.0,47,42
8862108.0,33,59
8862116.0,41,43
8862127.0,43,46
8862138.0,49,52
8862162.0,49,45
8862182.0,44,57
8862190.0,47,44
8862233.0,46,43
8862305.0,48,53
8862307.0,47,50
8862351.0,42,46
8862396.0,37,50
8862441.0,44,104
8862451.0,33,58
8862456.0,48,42
8862458.0,43,44
8862474.0,43,41
8862569.0,46,45
8862591.0,45,50
8862613.0,46,49
8862623.0,40,62
8862625.0,40,63
8862630.0,38,47
8862652.0,37,49
8862823.0,44,41
8862836.0,49,45
8862841.0,48,50
8862899.0,38,48
8862914.0,45,45
8862914.0,47,48
8862943.0,47,43
8862946.0,43,40
8862951.0,44,47
8863009.0,42,41
8863035.0,46,49
8863045.0,39,41
8863058.0,49,51
8863064.0,49,44
8863078.0,43,43
8863095.0,47,41
8863099.0,37,47
8863112.0,38,46
8863123.0,45,47
8863157.0,47,45
8863214.0,41,60
8863287.0,44,47
8863356.0,40,46
8863428.0,47,40
8863432.0,45,51
8863446.0,44,56
8863470.0,49,43
8863485.0,47,50
8863666.0,41,61
8863762.0,44,43
8863783.0,36,54
8863785.0,48,45
8863796.0,40,45
8863823.0,46,39
8863835.0,47,42
8863840.0,46,50
8863866.0,46,49
8863903.0,45,40
8863929.0,49,43
8863934.0,47,50
8863941.0,49,50
8863998.0,49,44
8864039.0,40,42
8864071.0,40,61
8864084.0,48,46
8864097.0,46,55
8864110.0,46,46
8864149.0,36,50
8864202.0,49,45
8864208.0,36,53
8864209.0,41,61
8864215.0,46,42
8864244.0,44,46
8864249.0,47,54
8864326.0,41,43
8864337.0,43,42
8864357.0,46,49
8864402.0,47,50
8864422.0,39,46
8864440.0,35,52
8864445.0,38,43
8864447.0,47,42
8864470.0,47,43
8864615.0,45,46
8864635.0,49,42
8864659.0,49,43
8864676.0,47,51
8864708.0,49,51
8864713.0,44,46
8864872.0,46,44
8864872.0,40,41
8864895.0,39,89
8864918.0,49,49
8864930.0,47,42
8864942.0,40,43
8864970.0,45,44
8865006.0,36,52
8865031.0,35,64
8865044.0,49,43
8865097.0,35,53
8865123.0,50,50
8865146.0,46,51
8865152.0,42,41
8865155.0,40,43
8865162.0,49,51
8865238.0,46,49
8865254.0,49,44
8865390.0,49,45
8865402.0,44,42
8865449.0,42,57
8865509.0,44,46
8865558.0,36,49
8865573.0,47,53
8865583.0,39,89
8865615.0,39,45
8865673.0,41,48
8865686.0,35,53
8865712.0,43,44
8865778.0,45,52
8865782.0,44,40
8865793.0,40,44
8865811.0,38,89
8865826.0,47,42
8865831.0,48,50
8865845.0,48,52
8865855.0,41,59
8865914.0,42,40
8865926.0,47,46
8865934.0,45,55
8866000.0,47,50
8866018.0,38,42
8866044.0,45,50
8866047.0,45,49
8866093.0,48,53
8866228.0,45,39
8866241.0,47,42
8866292.0,46,48
8866349.0,39,41
8866361.0,37,44
8866388.0,39,44
8866411.0,49,51
8866501.0,44,41
8866502.0,47,47
8866505.0,41,46
8866576.0,40,45
8866602.0,48,44
8866659.0,39,44
8866670.0,35,53
8866675.0,46,41
8866689.0,37,45
8866732.0,46,44
8866743.0,41,42
8866807.0,43,47
8866834.0,41,46
8866894.0,46,54
8866925.0,42,46
8866976.0,43,56
8866979.0,47,47
8866982.0,47,42
8866986.0,43,47
8866995.0,49,49
8866999.0,43,41
8867008.0,39,64
8867017.0,72,53
8867023.0,39,73
8867064.0,43,48
8867095.0,46,52
8867133.0,49,51
8867168.0,42,44
8867176.0,47,53
8867192.0,39,88
8867225.0,37,47
8867237.0,44,47
8867237.0,46,42
8867252.0,40,46
8867306.0,44,52
8867318.0,39,87
8867320.0,46,54
8867324.0,40,89
8867364.0,45,43
8867412.0,48,45
8867487.0,42,40
8867521.0,47,42
8867539.0,48,43
8867580.0,43,43
8867598.0,39,87
8867605.0,45,43
8867618.0,33,63
8867623.0,40,74
8867639.0,47,41
8867640.0,48,49
8867656.0,44,52
8867695.0,47,46
8867716.0,46,42
8867747.0,44,51
8867793.0,42,45
8867794.0,44,40
8867817.0,35,52
8868007.0,44,56
8868027.0,49,50
8868089.0,39,43
8868176.0,49,43
8868189.0,31,86
8868211.0,46,43
8868259.0,41,46
8868271.0,47,47
8868298.0,39,42
8868304.0,45,43
8868312.0,48,52
8868336.0,46,54
8868351.0,41,41
8868356.0,44,52
8868432.0,41,43
8868499.0,49,50
8868511.0,40,43
8868520.0,49,51
8868521.0,47,45
8868525.0,40,44
8868563.0,46,47
8868577.0,31,86
8868613.0,44,52
8868661.0,49,43
8868691.0,43,57
8868713.0,47,47
8868728.0,46,54
8868731.0,43,56
8868751.0,42,57
8868780.0,48,52
8868823.0,36,51
8868837.0,36,48
8868870.0,41,46
8868874.0,45,39
8868875.0,33,57
8868884.0,43,47
8868891.0,48,43
8868906.0,35,50
8868945.0,45,45
8868957.0,48,51
8868974.0,49,50
8869019.0,42,43
8869028.0,43,57
8869137.0,50,50
8869153.0,30,86
8869190.0,44,46
8869197.0,38,46
8869207.0,37,46
8869216.0,39,46
8869223.0,37,45
8869242.0,42,57
8869243.0,39,45
8869263.0,46,53
8869274.0,39,41
8869291.0,37,44
8869362.0,46,39
8869377.0,43,56
8869383.0,46,40
8869399.0,31,86
8869400.0,45,54
8869446.0,48,42
8869466.0,47,52
8869518.0,43,47
8869522.0,49,50
8869536.0,45,49
8869557.0,48,43
8869573.0,41,46
8869606.0,38,41
8869626.0,44,40
8869698.0,45,55
8869703.0,50,50
8869728.0,45,40
8869767.0,41,46
8869809.0,44,55
8869814.0,44,45
8869830.0,47,49
8869843.0,45,42
8869851.0,44,50
8869854.0,48,52
8869872.0,30,86
8869884.0,43,42
8869914.0,36,50
8869961.0,46,40
8870002.0,48,49
8870045.0,40,43
8870068.0,42,44
8870078.0,30,85
8870109.0,36,47
8870126.0,46,47
8870148.0,34,53
8870154.0,46,42
8870171.0,43,56
8870189.0,34,55
8870207.0,44,41
8870243.0,49,50
8870271.0,34,57
8870281.0,45,49
8870286.0,45,42
8870334.0,45,51
8870359.0,35,49
8870383.0,46,51
8870472.0,44,42
8870547.0,44,44
8870577.0,45,44
8870593.0,43,40
8870611.0,46,53
8870641.0,49,50
8870666.0,45,48
8870699.0,43,47
8870773.0,46,43
8870790.0,42,42
8870799.0,46,50
8870811.0,46,48
8870853.0,39,71
8870881.0,30,86
8870898.0,47,44
8870912.0,43,47
8870924.0,43,46
8870939.0,48,51
8870965.0,34,54
8870972.0,46,40
8870997.0,41,57
8871006.0,40,60
8871020.0,36,48
8871030.0,47,50
8871038.0,45,52
8871067.0,44,44
8871097.0,43,41
8871099.0,45,42
8871140.0,45,41
8871142.0,35,51
8871154.0,34,58
8871202.0,53,107
8871206.0,46,46
8871219.0,42,56
8871267.0,39,42
8871271.0,47,44
8871273.0,37,43
8871303.0,35,58
8871341.0,40,42
8871365.0,49,41
8871368.0,45,49
8871372.0,41,40
8871384.0,37,42
8871399.0,46,40
8871405.0,45,42
8871528.0,41,53
8871549.0,41,42
8871614.0,39,42
8871656.0,38,44
8871672.0,44,44
8871686.0,46,41
8871733.0,39,70
8871766.0,38,45
8871792.0,47,49
8871797.0,40,61
8871804.0,39,45
8871858.0,47,44
8871872.0,44,44
8871948.0,45,43
8871957.0,42,43
8871975.0,43,70
8872151.0,44,43
8872185.0,45,49
8872201.0,42,44
8872210.0,40,46
8872384.0,44,45
8872389.0,49,49
8872439.0,43,45
8872495.0,43,55
8872532.0,47,52
8872546.0,35,52
8872573.0,48,50
8872591.0,48,48
8872650.0,35,55
8872676.0,33,60
8872711.0,44,50
8872740.0,45,40
8872742.0,44,49
8872810.0,34,53
8872812.0,46,49
8872839.0,47,43
8872879.0,36,46
8872882.0,40,52
8872923.0,42,41
8872973.0,43,40
8872980.0,41,39
8872993.0,45,40
8873010.0,43,70
8873018.0,40,41
8873044.0,36,47
8873082.0,39,44
8873191.0,41,43
8873224.0,40,52
8873531.0,47,42
8873547.0,43,39
8873610.0,48,43
8873631.0,44,42
8873657.0,34,52
8873673.0,46,52
8873727.0,43,54
8873738.0,46,53
8873783.0,39,43
8873974.0,47,42
8873975.0,48,48
8873985.0,35,50
8874012.0,39,62
8874043.0,41,42
8874058.0,45,40
8874089.0,42,42
8874204.0,40,51
8874205.0,43,46
8874215.0,35,49
8874256.0,34,51
8874260.0,46,50
8874333.0,39,58
8874342.0,41,59
8874347.0,35,48
8874350.0,37,41
8874394.0,45,43
8874414.0,48,42
8874416.0,48,43
8874416.0,47,51
8874453.0,43,51
8874487.0,45,50
8874497.0,48,50
8874499.0,41,42
8874515.0,45,42
8874530.0,47,52
8874635.0,46,49
8874645.0,45,48
8874661.0,44,45
8874675.0,36,45
8874678.0,40,61
8874689.0,36,44
8874708.0,48,49
8874751.0,40,51
8874774.0,45,53
8874802.0,47,48
8874815.0,42,56
8874835.0,40,41
8874879.0,43,44
8874960.0,47,42
8874965.0,49,50
8874969.0,45,54
8875048.0,44,48
8875139.0,44,41
8875206.0,46,41
8875207.0,41,42
8875243.0,47,42
8875248.0,42,56
8875264.0,43,47
8875276.0,41,59
8875370.0,38,41
8875381.0,48,50
8875381.0,42,43
8875401.0,49,50
8875413.0,44,54
8875443.0,47,43
8875539.0,44,44
8875572.0,35,50
8875586.0,44,55
8875601.0,45,54
8875604.0,34,55
8875663.0,43,55
8875712.0,42,46
8875721.0,38,42
8875758.0,47,41
8875763.0,43,42
8875765.0,46,52
8875788.0,38,41
8875816.0,35,47
8875846.0,43,38
8875867.0,40,42
8875894.0,42,40
8875935.0,43,41
8875958.0,40,40
8876035.0,44,49
8876058.0,42,56
8876098.0,44,40
8876140.0,48,50
8876200.0,47,50
8876231.0,45,41
8876245.0,42,41
8876321.0,43,50
8876370.0,43,40
8876381.0,34,56
8876391.0,42,56
8876411.0,45,47
8876446.0,46,46
8876450.0,48,49
8876480.0,44,42
8876500.0,39,61
8876507.0,44,43
8876527.0,39,42
8876538.0,40,90
8876554.0,39,43
8876556.0,48,50
8876569.0,47,48
8876670.0,45,46
8876709.0,41,41
8876826.0,46,44
8876880.0,45,42
8876888.0,44,42
8876923.0,46,46
8876956.0,46,43
8876965.0,47,50
8876965.0,29,69
8877020.0,111,97
8877029.0,43,39
8877100.0,42,42
8877135.0,34,50
8877169.0,34,61
8877198.0,40,46
8877213.0,43,54
8877245.0,45,54
8877248.0,39,62
8877278.0,40,44
8877296.0,43,45
8877382.0,45,50
8877397.0,47,51
8877415.0,47,42
8877435.0,47,50
8877453.0,44,54
8877454.0,44,50
8877474.0,46,46
8877516.0,38,43
8877519.0,43,43
8877522.0,36,46
8877530.0,42,40
8877552.0,46,48
8877577.0,43,54
8877585.0,45,51
8877660.0,44,48
8877686.0,41,56
8877699.0,37,46
8877741.0,36,42
8877752.0,44,51
8877760.0,47,42
8877775.0,34,51
8877798.0,48,50
8877831.0,43,49
8877892.0,38,45
8877960.0,39,62
8877970.0,37,43
8877991.0,37,45
8877999.0,45,54
8878042.0,45,53
8878075.0,42,56
8878079.0,45,39
8878088.0,38,43
8878100.0,45,49
8878111.0,46,46
8878130.0,43,49
8878174.0,37,46
8878177.0,48,50
8878195.0,38,44
8878221.0,42,39
8878287.0,44,39
8878293.0,41,56
8878315.0,43,42
8878374.0,45,39
8878401.0,44,43
8878478.0,39,42
8878539.0,46,46
8878623.0,41,45
8878627.0,43,38
8878644.0,46,49
8878647.0,45,40
8878659.0,39,41
8878681.0,43,49
8878721.0,44,52
8878736.0,45,45
8878763.0,38,41
8878775.0,45,46
8878777.0,41,56
8878780.0,45,53
8878797.0,40,40
8878812.0,39,40
8878814.0,35,46
8878816.0,42,45
8878822.0,38,45
8878830.0,46,46
8878872.0,41,42
8878930.0,35,47
8878934.0,43,49
8878979.0,41,40
8878981.0,37,44
8878995.0,44,42
8879015.0,41,59
8879043.0,40,39
8879055.0,45,52
8879056.0,41,39
8879168.0,46,41
8879186.0,35,45
8879230.0,39,71
8879262.0,44,50
8879263.0,45,53
8879265.0,45,46
8879272.0,42,44
8879295.0,42,38
8879321.0,41,39
8879324.0,38,52
8879366.0,44,47
8879371.0,40,89
8879372.0,45,52
8879390.0,41,45
8879398.0,39,63
8879398.0,41,40
8879419.0,37,53
8879434.0,35,48
8879434.0,45,53
8879444.0,43,41
8879472.0,33,52
8879501.0,46,42
8879505.0,34,49
8879563.0,41,44
8879600.0,39,52
8879612.0,42,55
8879624.0,36,44
8879630.0,42,40
8879634.0,41,43
8879642.0,47,49
8879653.0,40,45
8879655.0,39,62
8879663.0,45,39
8879679.0,43,49
8879686.0,37,45
8879692.0,36,41
8879700.0,39,63
8879726.0,32,62
8879798.0,34,52
8879860.0,38,52
8879935.0,42,39
8879935.0,43,42
8879941.0,46,48
8879972.0,41,45
8880036.0,37,42
8880039.0,34,50
8880061.0,43,40
8880063.0,40,44
8880137.0,46,51
8880148.0,43,51
8880189.0,31,62
8880338.0,44,41
8880359.0,45,39
8880375.0,40,43
8880410.0,37,45
8880441.0,48,48
8880460.0,39,62
8880478.0,40,59
8880484.0,40,57
8880515.0,43,44
8880548.0,44,53
8880565.0,41,40
8880605.0,39,40
8880629.0,45,52
8880661.0,35,46
8880663.0,37,43
8880665.0,41,45
8880667.0,40,57
8880714.0,35,44
8880720.0,45,45
8880767.0,40,42
8880858.0,43,48
8880894.0,31,63
8880923.0,45,44
8880925.0,37,41
8880932.0,43,45
8880935.0,38,42
8880941.0,38,52
8880970.0,47,47
8880973.0,31,62
8881030.0,45,46
8881039.0,43,43
8881052.0,42,46
8881076.0,39,41
8881086.0,39,60
8881115.0,41,41
8881141.0,34,53
8881255.0,41,45
8881261.0,35,43
8881264.0,43,48
8881309.0,35,49
8881316.0,45,52
8881384.0,38,43
8881398.0,43,49
8881425.0,43,54
8881434.0,41,46
8881442.0,45,49
8881519.0,44,46
8881530.0,38,52
8881554.0,40,58
8881559.0,39,57
8881637.0,33,54
8881660.0,47,49
8881695.0,43,40
8881717.0,41,40
8881728.0,41,45
8881803.0,43,38
8881879.0,45,48
8881899.0,45,43
8881952.0,40,40
8881976.0,45,52
8882055.0,39,39
8882068.0,42,38
8882085.0,39,57
8882109.0,43,48
8882147.0,40,56
8882157.0,41,45
8882175.0,42,45
8882291.0,42,50
8882305.0,42,55
8882306.0,42,43
8882327.0,34,48
8882330.0,45,43
8882360.0,39,61
8882373.0,65,83
8882395.0,44,42
8882408.0,43,39
8882428.0,33,53
8882463.0,33,59
8882514.0,43,48
8882530.0,46,50
8882552.0,46,47
8882581.0,43,55
8882615.0,47,47
8882663.0,40,43
8882733.0,41,45
8882736.0,33,54
8882738.0,33,55
8882765.0,43,42
8882795.0,40,41
8882869.0,46,45
8882872.0,42,43
8882893.0,34,47
8882908.0,43,43
8882915.0,42,55
8882989.0,39,57
8883017.0,38,65
8883025.0,45,42
8883045.0,38,41
8883052.0,45,43
8883134.0,42,42
8883152.0,39,60
8883174.0,41,45
8883190.0,44,52
8883198.0,40,41
8883204.0,39,46
8883236.0,38,42
8883274.0,43,47
8883310.0,37,43
8883317.0,40,57
8883347.0,44,53
8883385.0,41,39
8883389.0,39,57
8883402.0,43,55
8883416.0,47,48
8883416.0,33,54
8883440.0,44,40
8883442.0,35,44
8883548.0,37,44
8883552.0,47,47
8883556.0,34,57
8883572.0,46,47
8883585.0,45,43
8883590.0,44,47
8883641.0,40,39
8883817.0,36,44
8883865.0,44,45
8883908.0,43,54
8883913.0,40,42
8883918.0,42,45
8883942.0,40,57
8884000.0,42,43
8884007.0,44,47
8884026.0,39,43
8884034.0,44,49
8884056.0,41,55
8884066.0,41,40
8884081.0,47,47
8884115.0,34,49
8884127.0,45,47
8884144.0,41,44
8884164.0,41,42
8884244.0,35,43
8884261.0,44,45
8884321.0,45,51
8884378.0,41,45
8884395.0,43,42
8884518.0,44,47
8884538.0,45,41
8884620.0,42,42
8884635.0,33,58
8884661.0,47,47
8884716.0,46,50
8884733.0,44,47
8884741.0,38,41
8884745.0,45,43
8884746.0,44,52
8884758.0,36,45
8884779.0,37,45
8884804.0,42,54
8884817.0,44,43
8884835.0,43,48
8884852.0,36,46
8884918.0,41,46
8884951.0,34,50
8884959.0,35,41
8884965.0,42,44
8884968.0,43,47
8884981.0,38,40
8885007.0,33,52
8885028.0,45,42
8885029.0,42,42
8885032.0,41,56
8885051.0,34,46
8885052.0,46,43
8885076.0,39,40
8885089.0,39,39
8885129.0,46,49
8885162.0,39,57
8885173.0,43,44
8885177.0,33,51
8885185.0,33,57
8885187.0,33,45
8885209.0,45,40
8885236.0,43,55
8885243.0,47,48
8885299.0,47,47
8885320.0,36,43
8885349.0,40,44
8885355.0,43,41
8885364.0,36,45
8885372.0,45,47
8885387.0,37,44
8885395.0,39,42
8885406.0,45,43
8885406.0,45,42
8885438.0,36,46
8885448.0,42,49
8885449.0,44,44
8885487.0,46,50
8885539.0,40,57
8885576.0,43,48
8885645.0,33,50
8885654.0,44,45
8885664.0,36,47
8885695.0,48,47
8885701.0,33,45
8885706.0,42,43
8885722.0,42,40
8885731.0,39,57
8885737.0,40,56
8885745.0,43,49
8885759.0,41,39
8885781.0,41,38
8885784.0,47,48
8885793.0,39,45
8885841.0,34,44
8885905.0,33,56
8885925.0,46,43
8885926.0,40,56
8885928.0,42,41
8885976.0,43,40
8885981.0,47,47
8886019.0,36,46
8886024.0,39,40
8886089.0,41,44
8886137.0,37,42
8886180.0,42,38
8886189.0,34,45
8886205.0,33,45
8886208.0,40,57
8886215.0,43,55
8886219.0,41,45
8886234.0,36,41
8886265.0,30,66
8886270.0,46,50
8886278.0,38,46
8886299.0,48,47
8886328.0,36,46
8886390.0,41,38
8886429.0,39,57
8886441.0,44,48
8886518.0,31,64
8886521.0,47,47
8886552.0,45,48
8886568.0,47,50
8886594.0,39,41
8886602.0,37,43
8886707.0,44,43
8886707.0,45,47
8886764.0,46,47
8886767.0,32,60
8886767.0,41,50
8886770.0,33,53
8886781.0,39,57
8886794.0,46,48
8886824.0,44,42
8886829.0,36,41
8886880.0,45,42
8886881.0,40,39
8886945.0,46,50
8886978.0,47,50
8887041.0,33,55
8887049.0,48,47
8887054.0,34,44
8887083.0,41,43
8887085.0,39,41
8887086.0,43,46
8887095.0,41,38
8887104.0,38,39
8887109.0,39,60
8887116.0,43,48
8887125.0,40,57
8887138.0,36,42
8887140.0,46,46
8887147.0,46,48
8887227.0,47,47
8887239.0,38,45
8887242.0,33,49
8887260.0,41,42
8887294.0,40,41
8887309.0,40,56
8887318.0,43,49
8887395.0,41,55
8887494.0,48,47
8887526.0,42,52
8887573.0,39,60
8887584.0,42,39
8887589.0,41,38
8887606.0,36,41
8887636.0,40,57
8887701.0,43,48
8887763.0,40,38
8887791.0,46,49
8887823.0,39,41
8887853.0,43,45
8887905.0,36,41
8887910.0,43,53
8887917.0,45,50
8887957.0,45,42
8887966.0,44,49
8887975.0,40,56
8888024.0,46,48
8888046.0,37,41
8888157.0,31,60
8888171.0,46,49
8888179.0,45,51
8888216.0,43,40
8888217.0,40,39
8888226.0,40,40
8888228.0,42,48
8888264.0,46,48
8888273.0,34,48
8888307.0,45,52
8888316.0,41,89
8888318.0,41,88
8888329.0,47,47
8888334.0,41,51
8888347.0,39,56
8888409.0,39,63
8888423.0,43,53
8888430.0,31,58
8888437.0,41,45
8888457.0,42,40
8888475.0,42,43
8888481.0,45,46
8888505.0,41,38
8888553.0,39,41
8888564.0,43,41
8888586.0,45,44
8888600.0,45,42
8888612.0,45,47
8888622.0,34,47
8888630.0,39,40
8888680.0,34,45
8888697.0,41,44
8888709.0,49,88
8888737.0,42,47
8888748.0,34,43
8888766.0,42,42
8888767.0,39,63
8888811.0,41,51
8888850.0,42,38
8888855.0,44,47
8888863.0,39,42
8888871.0,33,50
8888872.0,37,40
8888892.0,49,89
8888898.0,42,54
8888900.0,44,41
8888903.0,40,38
8888932.0,44,40
8888973.0,40,42
8888992.0,42,41
8889005.0,44,51
8889007.0,45,42
8889037.0,40,56
8889046.0,42,56
8889072.0,44,42
8889090.0,37,42
8889098.0,42,49
8889166.0,35,44
8889217.0,39,41
8889220.0,33,48
8889222.0,39,39
8889239.0,41,38
8889281.0,40,56
8889423.0,37,41
8889445.0,39,41
8889452.0,43,39
8889488.0,41,38
8889537.0,41,41
8889602.0,47,48
8889632.0,39,43
8889636.0,41,42
8889729.0,45,46
8889811.0,34,55
8889837.0,43,44
8889855.0,34,41
8889862.0,40,44
8889921.0,37,41
8889929.0,47,48
8889943.0,45,49
8889954.0,42,40
8889960.0,35,43
8889963.0,32,59
8889965.0,39,40
8889996.0,39,39
8890013.0,43,45
8890063.0,43,46
8890072.0,36,45
8890082.0,46,47
8890168.0,43,53
8890218.0,41,44
8890235.0,38,42
8890255.0,39,41
8890266.0,35,45
8890296.0,37,41
8890302.0,40,55
8890371.0,42,53
8890380.0,41,40
8890407.0,43,52
8890412.0,33,49
8890413.0,43,46
8890415.0,44,47
8890418.0,44,54
8890426.0,45,50
8890438.0,37,39
8890473.0,33,54
8890484.0,38,62
8890507.0,41,48
8890555.0,46,48
8890615.0,41,42
8890631.0,35,41
8890632.0,33,48
8890644.0,36,44
8890659.0,46,46
8890662.0,46,47
8890666.0,44,48
8890770.0,37,40
8890824.0,43,52
8890855.0,41,48
8890898.0,36,43
8890963.0,41,54
8890966.0,41,43
8891033.0,38,41
8891093.0,45,48
8891179.0,43,43
8891259.0,45,46
8891285.0,43,48
8891293.0,42,47
8891321.0,42,55
8891394.0,36,42
8891407.0,44,50
8891465.0,46,47
8891467.0,41,39
8891502.0,44,52
8891507.0,43,44
8891543.0,40,44
8891608.0,33,47
8891700.0,39,60
8891727.0,43,50
8891762.0,42,49
8891779.0,42,39
8891783.0,32,55
8891880.0,40,44
8891882.0,41,38
8891904.0,43,44
8891942.0,43,52
8891955.0,45,49
8891977.0,42,46
8891982.0,35,42
8892039.0,42,41
8892123.0,42,48
8892152.0,39,56
8892155.0,45,52
8892158.0,43,52
8892164.0,44,52
8892174.0,43,42
8892241.0,46,47
8892287.0,44,46
8892370.0,39,59
8892393.0,43,46
8892416.0,44,97
8892436.0,35,42
8892523.0,33,45
8892538.0,32,56
8892579.0,45,49
8892608.0,33,48
8892610.0,42,55
8892648.0,39,40
8892652.0,46,46
8892662.0,33,46
8892780.0,45,48
8892795.0,45,47
8892813.0,43,47
8892814.0,41,42
8892844.0,43,39
8892938.0,50,97
8893008.0,41,48
8893027.0,40,43
8893091.0,43,40
8893114.0,43,41
8893119.0,39,59
8893131.0,41,49
8893198.0,40,42
8893211.0,50,97
8893215.0,36,41
8893310.0,33,53
8893311.0,43,51
8893383.0,44,43
8893412.0,33,43
8893416.0,41,48
8893444.0,35,42
8893452.0,42,53
8893473.0,32,51
8893510.0,44,52
8893566.0,43,49
8893583.0,44,51
8893590.0,32,53
8893595.0,42,45
8893622.0,40,45
8893675.0,40,41
8893689.0,40,42
8893695.0,41,54
8893713.0,38,40
8893740.0,43,46
8893751.0,43,43
8893857.0,35,42
8893870.0,44,43
8893878.0,42,40
8893896.0,32,54
8893897.0,41,41
8893968.0,45,49
8893988.0,43,48
8894000.0,43,52
8894008.0,42,48
8894050.0,41,40
8894097.0,40,44
8894145.0,40,41
8894198.0,44,49
8894226.0,41,48
8894258.0,29,70
8894272.0,36,40
8894324.0,35,41
8894353.0,44,52
8894413.0,33,42
8894414.0,44,50
8894421.0,32,50
8894435.0,44,46
8894507.0,44,47
8894508.0,44,41
8894573.0,45,47
8894641.0,39,39
8894663.0,42,50
8894671.0,32,49
8894690.0,43,47
8894694.0,43,50
8894726.0,43,52
8894735.0,40,40
8894736.0,39,38
8894743.0,40,41
8894764.0,39,61
8894803.0,38,40
8894808.0,37,41
8894811.0,34,62
8894889.0,33,43
8894908.0,37,56
8894912.0,38,41
8894932.0,37,60
8894936.0,33,44
8895034.0,42,45
8895037.0,40,39
8895054.0,33,57
8895084.0,40,42
8895092.0,35,41
8895125.0,43,40
8895157.0,41,53
8895236.0,41,47
8895300.0,40,41
8895327.0,43,51
8895352.0,30,71
8895375.0,33,41
8895461.0,43,44
8895593.0,39,45
8895600.0,37,43
8895617.0,34,43
8895623.0,37,42
8895629.0,42,43
8895633.0,39,58
8895635.0,38,38
8895650.0,41,39
8895678.0,43,48
8895780.0,39,56
8895863.0,43,41
8895869.0,42,44
8895883.0,44,40
8895938.0,42,48
8895943.0,34,41
8895983.0,43,44
8895989.0,37,40
8896007.0,43,46
8896014.0,32,46
8896070.0,38,62
8896120.0,41,46
8896140.0,40,41
8896197.0,40,42
8896221.0,42,52
8896240.0,43,50
8896264.0,39,37
8896284.0,40,43
8896340.0,35,44
8896355.0,34,44
8896373.0,39,43
8896404.0,39,44
8896432.0,32,48
8896437.0,44,49
8896440.0,33,45
8896444.0,40,55
8896450.0,41,46
8896467.0,34,45
8896575.0,45,48
8896610.0,37,43
8896641.0,38,56
8896664.0,38,60
8896699.0,44,48
8896726.0,44,46
8896745.0,44,45
8896801.0,39,44
8896844.0,32,49
8896890.0,43,44
8896894.0,34,42
8896905.0,47,48
8896921.0,31,60
8896924.0,39,55
8896953.0,39,57
8897020.0,44,95
8897073.0,40,55
8897112.0,36,39
8897145.0,74,57
8897147.0,35,43
8897166.0,42,49
8897188.0,41,47
8897245.0,45,48
8897259.0,44,44
8897296.0,39,57
8897309.0,44,47
8897317.0,43,92
8897369.0,74,57
8897380.0,37,45
8897390.0,42,47
8897426.0,32,47
8897426.0,43,44
8897453.0,33,49
8897457.0,40,38
8897465.0,42,42
8897472.0,41,47
8897493.0,35,42
8897522.0,32,53
8897578.0,42,41
8897663.0,40,43
8897707.0,38,63
8897707.0,40,54
8897710.0,41,40
8897734.0,37,64
8897792.0,44,44
8897819.0,42,43
8897829.0,43,47
8897832.0,39,45
8897841.0,33,50
8897857.0,32,45
8897884.0,37,39
8897890.0,35,45
8897952.0,36,45
8898016.0,39,42
8898026.0,42,40
8898035.0,38,49
8898044.0,46,47
8898052.0,43,44
8898054.0,37,49
8898062.0,32,51
8898065.0,39,53
8898069.0,40,41
8898094.0,31,60
8898099.0,47,48
8898101.0,41,41
8898113.0,37,50
8898180.0,41,46
8898200.0,44,45
8898220.0,32,48
8898237.0,44,48
8898241.0,37,64
8898257.0,55,82
8898268.0,32,44
8898271.0,41,43
8898310.0,39,52
8898348.0,43,50
8898355.0,32,61
8898375.0,39,41
8898386.0,43,46
8898404.0,41,90
8898429.0,35,41
8898464.0,41,50
8898520.0,40,40
8898584.0,37,50
8898613.0,42,51
8898727.0,42,39
8898727.0,45,48
8898744.0,32,50
8898768.0,41,45
8898785.0,41,46
8898788.0,44,44
8898792.0,40,42
8898803.0,32,46
8898829.0,43,44
8898836.0,42,51
8898841.0,39,40
8898844.0,43,42
8898884.0,45,46
8898901.0,46,47
8898967.0,37,55
8899046.0,41,90
8899074.0,38,39
8899094.0,47,48
8899140.0,31,58
8899161.0,37,64
8899168.0,35,40
8899174.0,40,44
8899211.0,44,44
8899242.0,43,44
8899261.0,43,49
8899267.0,41,46
8899270.0,43,45
8899288.0,39,44
8899373.0,32,45
8899419.0,43,42
8899428.0,45,48
8899501.0,38,38
8899527.0,45,46
8899603.0,41,44
8899657.0,38,41
8899713.0,54,83
8899715.0,39,38
8899738.0,41,46
8899740.0,47,48
8899763.0,40,39
8899797.0,42,47
8899854.0,41,53
8899871.0,40,47
8899894.0,42,51
8899941.0,40,48
8899942.0,42,48
8899966.0,41,38
8899983.0,30,65
8900006.0,42,90
8900023.0,36,51
8900087.0,59,52
8900098.0,41,48
8900122.0,44,46
8900141.0,38,58
8900153.0,39,38
8900178.0,40,41
8900179.0,44,47
8900202.0,44,44
8900204.0,27,69
8900226.0,32,43
8900249.0,39,39
8900323.0,38,68
8900324.0,35,52
8900330.0,59,52
8900333.0,38,37
8900359.0,39,55
8900372.0,38,65
8900377.0,45,46
8900402.0,45,48
8900423.0,44,44
8900478.0,44,47
8900496.0,30,58
8900543.0,41,38
8900563.0,39,45
8900598.0,38,40
8900609.0,41,43
8900634.0,43,45
8900636.0,39,37
8900676.0,47,48
8900682.0,41,46
8900700.0,41,41
8900732.0,40,54
8900734.0,37,41
8900746.0,35,39
8900815.0,39,38
8900829.0,42,40
8900907.0,39,37
8900909.0,45,46
8900937.0,33,43
8900943.0,41,45
8900945.0,39,40
8900967.0,37,38
8901040.0,51,96
8901040.0,34,43
8901056.0,32,42
8901077.0,40,40
8901100.0,38,56
8901134.0,41,40
8901146.0,41,41
8901155.0,34,88
8901176.0,36,41
8901275.0,41,42
8901287.0,41,46
8901304.0,42,40
8901368.0,44,46
8901430.0,39,40
8901450.0,36,41
8901454.0,39,42
8901526.0,37,40
8901540.0,33,44
8901546.0,38,45
8901572.0,43,49
8901574.0,40,46
8901595.0,35,88
8901653.0,59,51
8901667.0,42,50
8901675.0,33,45
8901676.0,41,40
8901724.0,39,41
8901737.0,42,46
8901770.0,34,42
8901832.0,34,88
8901833.0,35,45
8901834.0,37,39
8901837.0,41,52
8901850.0,41,47
8901925.0,41,91
8901953.0,35,88
8902002.0,28,70
8902074.0,38,45
8902077.0,41,41
8902079.0,41,44
8902106.0,43,49
8902122.0,41,46
8902130.0,36,40
8902156.0,35,45
8902193.0,40,55
8902331.0,41,39
8902342.0,38,44
8902345.0,60,52
8902347.0,44,47
8902352.0,41,46
8902373.0,32,46
8902407.0,36,42
8902449.0,41,40
8902474.0,33,42
8902479.0,34,41
8902492.0,31,51
8902543.0,41,44
8902572.0,38,44
8902599.0,38,41
8902622.0,40,53
8902636.0,42,47
8902670.0,31,50
8902671.0,41,49
8902687.0,44,47
8902702.0,34,45
8902719.0,36,42
8902753.0,38,43
8902759.0,39,43
8902770.0,35,45
8902782.0,43,45
8902807.0,31,49
8902827.0,36,40
8902838.0,60,52
8902840.0,42,42
8902861.0,34,44
8902919.0,43,48
8902942.0,41,40
8903001.0,34,43
8903011.0,36,55
8903022.0,39,40
8903082.0,31,45
8903119.0,44,45
8903127.0,36,45
8903132.0,40,89
8903159.0,42,51
8903283.0,37,49
8903295.0,39,54
8903300.0,40,45
8903308.0,60,50
8903315.0,31,43
8903365.0,43,44
8903426.0,31,48
8903442.0,40,47
8903446.0,39,39
8903528.0,36,50
8903552.0,41,44
8903660.0,38,40
8903679.0,32,49
8903689.0,32,56
8903707.0,42,49
8903708.0,37,49
8903717.0,41,89
8903723.0,41,47
8903864.0,34,40
8903887.0,40,47
8903897.0,38,42
8903908.0,33,45
8903915.0,38,38
8903982.0,31,53
8903988.0,40,44
8904013.0,40,46
8904051.0,33,56
8904069.0,41,52
8904114.0,42,51
8904119.0,43,47
8904167.0,43,49
8904192.0,42,41
8904194.0,36,38
8904252.0,36,41
8904254.0,38,38
8904421.0,42,45
8904507.0,43,47
8904513.0,31,47
8904578.0,31,46
8904588.0,41,43
8904599.0,43,49
8904616.0,31,43
8904634.0,32,57
8904646.0,38,39
8904653.0,37,64
8904731.0,41,51
8904787.0,37,49
8904815.0,34,39
8904817.0,31,44
8904828.0,33,56
8904833.0,42,50
8904980.0,35,51
8905008.0,31,42
8905064.0,38,58
8905065.0,43,46
8905126.0,31,56
8905148.0,31,52
8905160.0,39,41
8905163.0,42,40
8905202.0,35,51
8905242.0,37,49
8905251.0,31,45
8905319.0,42,50
8905324.0,38,38
8905337.0,34,45
8905501.0,38,58
8905522.0,35,42
8905551.0,41,46
8905562.0,39,37
8905594.0,40,43
8905608.0,41,48
8905630.0,33,56
8905675.0,41,42
8905693.0,36,43
8905837.0,35,43
8905849.0,40,53
8905869.0,38,56
8905873.0,35,40
8905877.0,31,53
8905880.0,33,44
8905933.0,43,47
8906003.0,40,49
8906028.0,31,48
8906031.0,37,60
8906034.0,38,42
8906037.0,31,49
8906040.0,32,48
8906067.0,43,49
8906082.0,40,40
8906151.0,35,43
8906151.0,38,56
8906206.0,40,41
8906210.0,33,43
8906226.0,38,43
8906233.0,38,60
8906260.0,45,43
8906271.0,42,49
8906277.0,41,42
8906320.0,36,49
8906321.0,43,48
8906330.0,32,43
8906334.0,39,38
8906336.0,35,40
8906375.0,39,53
8906385.0,40,40
8906426.0,39,37
8906436.0,30,61
8906440.0,39,48
8906491.0,43,47
8906505.0,44,43
8906508.0,36,40
8906515.0,35,39
8906543.0,45,43
8906544.0,40,42
8906555.0,40,45
8906557.0,36,39
8906582.0,31,61
8906582.0,43,49
8906599.0,32,51
8906613.0,31,54
8906620.0,36,49
8906647.0,42,45
8906724.0,39,47
8906758.0,31,60
8906771.0,43,46
8906798.0,41,51
8906833.0,40,39
8906860.0,37,57
8906866.0,39,39
8906886.0,40,44
8906893.0,31,55
8906924.0,42,48
8906936.0,39,46
8906940.0,42,50
8906955.0,40,42
8906956.0,31,57
8906984.0,35,44
8907014.0,38,44
8907035.0,43,46
8907049.0,40,39
8907109.0,35,41
8907144.0,39,54
8907241.0,28,43
8907247.0,38,58
8907253.0,37,44
8907254.0,35,40
8907352.0,33,43
8907368.0,41,46
8907389.0,38,57
8907393.0,33,42
8907397.0,43,45
8907403.0,31,47
8907408.0,39,54
8907411.0,37,56
8907418.0,37,57
8907446.0,40,40
8907491.0,41,47
8907505.0,39,40
8907540.0,40,53
8907570.0,35,40
8907593.0,33,45
8907603.0,33,41
8907613.0,43,47
8907652.0,40,44
8907660.0,28,43
8907703.0,32,42
8907780.0,40,42
8907781.0,39,37
8907788.0,35,45
8907792.0,35,44
8907802.0,42,44
8907824.0,40,52
8907848.0,37,40
8907850.0,39,55
8907853.0,32,44
8907860.0,40,40
8907867.0,37,37
8907891.0,31,50
8907897.0,37,61
8907922.0,35,41
8907922.0,38,40
8907972.0,38,57
8908049.0,44,43
8908058.0,39,37
8908085.0,33,44
8908106.0,40,52
8908236.0,33,40
8908236.0,38,39
8908294.0,36,38
8908297.0,41,45
8908318.0,41,90
8908326.0,38,55
8908339.0,38,41
8908361.0,40,41
8908391.0,40,39
8908430.0,31,46
8908516.0,41,50
8908539.0,32,45
8908593.0,35,45
8908613.0,37,62
8908631.0,40,47
8908637.0,39,45
8908696.0,37,37
8908752.0,42,90
8908755.0,30,45
8908790.0,32,45
8908817.0,41,90
8908895.0,37,42
8908927.0,34,45
8908971.0,37,38
8908982.0,33,45
8908999.0,39,45
8909008.0,37,39
8909017.0,40,52
8909064.0,45,43
8909117.0,30,44
8909141.0,47,112
8909172.0,42,47
8909308.0,40,43
8909310.0,40,52
8909319.0,37,41
8909349.0,30,43
8909357.0,39,38
8909466.0,42,48
8909480.0,47,112
8909548.0,30,42
8909551.0,45,43
8909649.0,39,44
8909689.0,30,46
8909693.0,39,39
8909707.0,39,46
8909784.0,39,45
8909798.0,35,40
8909817.0,35,39
8909855.0,37,63
8909880.0,37,55
8909891.0,38,75
8909934.0,42,44
8909951.0,42,48
8910083.0,40,46
8910116.0,40,44
8910192.0,43,45
8910205.0,41,45
8910269.0,41,49
8910304.0,41,44
8910308.0,35,38
8910310.0,31,41
8910369.0,37,63
8910405.0,37,64
8910431.0,64,100
8910439.0,30,63
8910483.0,42,87
8910501.0,40,48
8910518.0,41,50
8910557.0,43,49
8910591.0,39,46
8910629.0,40,44
8910646.0,32,46
8910671.0,41,49
8910686.0,34,44
8910713.0,35,50
8910715.0,43,45
8910725.0,37,59
8910736.0,35,43
8910787.0,43,49
8910853.0,28,67
8910882.0,34,42
8910943.0,36,60
8910961.0,30,45
8910979.0,35,89
8910985.0,42,46
8911009.0,40,51
8911046.0,37,56
8911082.0,34,43
8911104.0,42,45
8911105.0,32,44
8911137.0,39,39
8911153.0,39,50
8911243.0,38,58
8911267.0,34,60
8911281.0,39,40
8911354.0,39,39
8911361.0,37,41
8911374.0,34,42
8911387.0,42,45
8911436.0,39,42
8911540.0,36,44
8911552.0,30,47
8911556.0,37,63
8911567.0,39,44
8911576.0,39,52
8911621.0,38,57
8911670.0,32,42
8911698.0,37,45
8911706.0,34,39
8911740.0,30,46
8911742.0,34,40
8911769.0,39,43
8911817.0,40,40
8911860.0,30,51
8911862.0,39,44
8911887.0,36,37
8911984.0,41,44
8911997.0,34,41
8911999.0,30,48
8912005.0,40,45
8912006.0,40,86
8912086.0,37,40
8912087.0,39,43
8912135.0,34,40
8912195.0,42,45
8912242.0,41,48
8912244.0,37,39
8912333.0,31,48
8912336.0,35,41
8912364.0,36,39
8912394.0,36,38
8912411.0,37,65
8912439.0,36,43
8912442.0,38,73
8912537.0,32,43
8912567.0,41,39
8912591.0,40,39
8912591.0,40,46
8912593.0,30,49
8912626.0,53,86
8912627.0,39,39
8912633.0,42,47
8912768.0,41,48
8912775.0,43,44
8912791.0,42,45
8912800.0,31,42
8912802.0,38,57
8912850.0,43,46
8912887.0,41,88
8912908.0,43,88
8912968.0,31,43
8912969.0,35,37
8912986.0,39,41
8912988.0,32,41
8912993.0,42,48
8913008.0,34,39
8913013.0,39,48
8913072.0,31,58
8913102.0,41,39
8913118.0,29,42
8913162.0,36,41
8913164.0,37,42
8913198.0,42,88
8913228.0,31,44
8913256.0,39,43
8913264.0,39,39
8913298.0,29,43
8913327.0,43,44
8913334.0,37,62
8913352.0,32,45
8913370.0,37,63
8913382.0,43,46
8913386.0,34,41
8913398.0,39,41
8913436.0,41,48
8913444.0,31,43
8913499.0,40,45
8913533.0,33,45
8913589.0,38,46
8913659.0,42,44
8913672.0,32,42
8913677.0,30,44
8913690.0,31,42
8913694.0,30,57
8913698.0,31,59
8913742.0,29,44
8913812.0,42,45
8913823.0,42,46
8913895.0,42,48
8913973.0,36,40
8913976.0,37,63
8914004.0,32,59
8914026.0,34,44
8914028.0,37,38
8914043.0,41,47
8914065.0,41,48
8914084.0,38,47
8914086.0,41,44
8914097.0,38,46
8914111.0,43,44
8914152.0,31,45
8914164.0,32,40
8914214.0,36,40
8914337.0,44,45
8914390.0,30,60
8914440.0,34,43
8914442.0,37,41
8914447.0,32,60
8914464.0,37,60
8914467.0,43,44
8914500.0,29,45
8914504.0,37,59
8914508.0,38,44
8914600.0,41,49
8914617.0,38,47
8914620.0,34,38
8914676.0,38,71
8914691.0,44,43
8914717.0,33,39
8914762.0,38,45
8914810.0,36,43
8914832.0,38,39
8914838.0,36,89
8914887.0,30,52
8914905.0,42,46
8914949.0,38,46
8914971.0,43,49
8914999.0,37,43
8915073.0,36,44
8915076.0,33,41
8915132.0,43,46
8915172.0,33,40
8915213.0,36,41
8915229.0,33,42
8915332.0,31,46
8915346.0,43,46
8915351.0,43,49
8915373.0,33,43
8915430.0,38,40
8915430.0,37,58
8915443.0,37,40
8915448.0,39,52
8915454.0,44,93
8915481.0,38,47
8915521.0,32,44
8915578.0,33,44
8915627.0,29,65
8915638.0,38,41
8915665.0,38,46
8915728.0,42,46
8915793.0,38,47
8915812.0,34,42
8915939.0,38,53
8915953.0,40,52
8915975.0,44,45
8915999.0,37,43
8916024.0,40,50
8916064.0,29,46
8916087.0,29,44
8916140.0,41,46
8916144.0,40,49
8916153.0,31,44
8916159.0,41,48
8916167.0,39,53
8916178.0,38,41
8916193.0,30,43
8916217.0,39,51
8916228.0,34,41
8916281.0,35,41
8916324.0,38,42
8916366.0,38,46
8916373.0,38,43
8916384.0,41,46
8916411.0,39,41
8916468.0,29,63
8916504.0,29,42
8916583.0,40,46
8916587.0,41,45
8916594.0,35,44
8916608.0,31,42
8916632.0,34,39
8916694.0,31,41
8916794.0,39,49
8916801.0,43,90
8916801.0,38,46
8916973.0,29,66
8916995.0,39,46
8917023.0,38,44
8917080.0,39,41
8917122.0,38,41
8917132.0,39,47
8917145.0,43,91
8917186.0,33,63
8917243.0,41,47
8917279.0,30,42
8917328.0,35,38
8917359.0,31,40
8917365.0,38,54
8917515.0,39,40
8917522.0,31,43
8917527.0,36,41
8917539.0,33,41
8917584.0,36,38
8917601.0,35,43
8917605.0,36,62
8917626.0,30,44
8917664.0,31,53
8917755.0,38,44
8917772.0,37,45
8917781.0,31,45
8917814.0,35,40
8917816.0,39,39
8917832.0,36,39
8917840.0,37,54
8917843.0,44,91
8917872.0,34,40
8917883.0,29,48
8917889.0,58,91
8917913.0,35,38
8917965.0,37,63
8917999.0,32,54
8918069.0,35,40
8918085.0,42,44
8918095.0,39,41
8918100.0,37,38
8918185.0,31,44
8918209.0,30,53
8918248.0,33,40
8918261.0,41,44
8918334.0,35,39
8918344.0,43,91
8918373.0,33,38
8918417.0,39,39
8918418.0,32,40
8918438.0,38,44
8918452.0,29,49
8918458.0,35,41
8918462.0,58,91
8918488.0,39,45
8918513.0,40,45
8918583.0,36,40
8918583.0,31,42
8918584.0,30,49
8918605.0,43,45
8918621.0,37,47
8918684.0,35,39
8918755.0,37,40
8918799.0,38,53
8918803.0,39,41
8918829.0,33,42
8918836.0,40,43
8918866.0,42,44
8918868.0,38,47
8918884.0,40,48
8918928.0,41,46
8918931.0,29,47
8918958.0,29,49
8918974.0,41,45
8919007.0,35,42
8919014.0,35,38
8919051.0,36,64
8919066.0,40,47
8919081.0,39,46
8919092.0,37,40
8919196.0,41,46
8919201.0,33,41
8919210.0,40,49
8919234.0,43,91
8919239.0,33,39
8919275.0,33,43
8919331.0,43,45
8919336.0,37,41
8919373.0,30,45
8919436.0,31,39
8919437.0,39,52
8919526.0,29,51
8919559.0,41,45
8919601.0,37,46
8919623.0,38,44
8919629.0,30,52
8919685.0,37,39
8919751.0,37,57
8919759.0,33,44
8919769.0,35,42
8919789.0,37,40
8919867.0,37,42
8919917.0,29,61
8920006.0,41,42
8920097.0,37,40
8920098.0,29,50
8920128.0,35,44
8920142.0,31,45
8920161.0,37,50
8920163.0,28,45
8920175.0,37,45
8920188.0,29,45
8920220.0,39,44
8920268.0,37,56
8920269.0,41,45
8920288.0,30,55
8920337.0,35,41
8920410.0,28,43
8920451.0,31,43
8920651.0,43,45
8920661.0,29,60
8920679.0,42,90
8920687.0,40,43
8920695.0,41,44
8920701.0,44,90
8920738.0,29,48
8920743.0,32,43
8920752.0,38,48
8920770.0,32,42
8920796.0,34,38
8920798.0,34,39
8920821.0,30,54
8920831.0,36,56
8920835.0,29,49
8920911.0,29,42
8920953.0,42,46
8920957.0,39,50
8920968.0,31,46
8920968.0,37,43
8920973.0,41,90
8920979.0,44,90
8920986.0,37,44
8921024.0,30,42
8921064.0,41,45
8921084.0,31,56
8921148.0,32,43
8921175.0,29,43
8921235.0,43,45
8921252.0,52,113
8921255.0,51,112
8921296.0,41,44
8921303.0,34,40
8921321.0,32,44
8921353.0,28,44
8921401.0,35,46
8921406.0,35,43
8921414.0,38,89
8921424.0,33,40
8921427.0,30,43
8921440.0,38,69
8921634.0,37,40
8921657.0,36,38
8921660.0,51,112
8921689.0,40,45
8921699.0,34,41
8921758.0,38,70
8921775.0,30,40
8921790.0,35,40
8921828.0,38,71
8921841.0,29,47
8921890.0,36,61
8921942.0,29,39
8922010.0,35,39
8922022.0,29,44
8922049.0,30,39
8922149.0,39,45
8922157.0,41,44
8922226.0,31,39
8922308.0,29,44
8922375.0,40,46
8922383.0,35,38
8922395.0,28,46
8922463.0,28,45
8922503.0,32,45
8922507.0,33,88
8922631.0,34,42
8922642.0,30,50
8922643.0,34,87
8922693.0,30,41
8922720.0,30,44
8922735.0,36,62
8922747.0,34,88
8922754.0,38,45
8922755.0,34,44
8922766.0,32,45
8922782.0,41,44
8922894.0,42,89
8922914.0,41,45
8922941.0,32,40
8923032.0,35,44
8923091.0,37,53
8923098.0,32,42
8923150.0,36,40
8923172.0,32,39
8923222.0,40,44
8923288.0,34,43
8923311.0,37,41
8923404.0,38,40
8923415.0,29,44
8923425.0,33,88
8923481.0,37,54
8923638.0,37,46
8923671.0,38,51
8923680.0,28,47
8923740.0,40,45
8923789.0,35,42
8923864.0,36,55
8923867.0,37,54
8923892.0,30,45
8923948.0,30,42
8923985.0,29,58
8924030.0,34,43
8924043.0,36,47
8924151.0,44,47
8924209.0,40,43
8924210.0,36,39
8924258.0,37,46
8924306.0,29,44
8924311.0,32,38
8924362.0,38,46
8924400.0,31,40
8924471.0,44,47
8924485.0,31,43
8924549.0,29,51
8924573.0,41,45
8924584.0,37,58
8924601.0,43,90
8924615.0,39,44
8924619.0,33,50
8924641.0,29,58
8924664.0,35,50
8924669.0,37,51
8924675.0,29,50
8924769.0,32,44
8924792.0,32,42
8924830.0,30,43
8924834.0,37,59
8924927.0,29,45
8924943.0,29,44
8924946.0,44,96
8924992.0,37,54
8924994.0,33,38
8925074.0,29,58
8925088.0,36,45
8925089.0,36,41
8925129.0,45,96
8925196.0,33,49
8925211.0,29,45
8925219.0,28,46
8925232.0,36,59
8925244.0,30,59
8925301.0,33,50
8925311.0,31,41
8925313.0,34,38
8925389.0,39,48
8925394.0,28,49
8925406.0,29,44
8925458.0,32,45
8925495.0,32,43
8925498.0,28,48
8925507.0,29,49
8925518.0,38,44
8925526.0,36,41
8925533.0,37,54
8925534.0,31,38
8925573.0,41,45
8925599.0,36,50
8925603.0,33,49
8925696.0,44,96
8925720.0,34,49
8925734.0,31,42
8925759.0,51,100
8925773.0,30,44
8925828.0,34,42
8925855.0,34,40
8925867.0,27,44
8925890.0,31,45
8925921.0,34,48
8925991.0,39,49
8926025.0,31,39
8926028.0,39,47
8926065.0,44,48
8926123.0,34,49
8926124.0,28,43
8926135.0,31,41
8926165.0,36,44
8926171.0,36,46
8926174.0,30,55
8926196.0,36,42
8926228.0,33,40
8926279.0,43,49
8926384.0,32,41
8926451.0,29,43
8926462.0,28,43
8926486.0,36,41
8926504.0,38,45
8926510.0,39,43
8926539.0,31,43
8926643.0,34,43
8926664.0,34,41
8926676.0,31,44
8926700.0,33,39
8926811.0,36,60
8926818.0,45,97
8926878.0,36,55
8926917.0,28,44
8926921.0,33,41
8926926.0,28,42
8926932.0,36,66
8926951.0,36,43
8927017.0,33,39
8927022.0,29,56
8927060.0,29,46
8927066.0,74,57
8927073.0,33,44
8927078.0,31,43
8927087.0,38,47
8927106.0,30,57
8927138.0,27,45
8927175.0,28,44
8927189.0,38,50
8927215.0,39,45
8927221.0,39,71
8927280.0,69,45
8927310.0,33,50
8927313.0,36,54
8927375.0,35,40
8927384.0,38,53
8927432.0,39,44
8927611.0,30,61
8927663.0,34,45
8927673.0,39,54
8927675.0,29,44
8927784.0,33,50
8927798.0,36,55
8927799.0,39,47
8927854.0,37,53
8927857.0,36,56
8927884.0,27,46
8927885.0,69,45
8927899.0,39,50
8927922.0,30,45
8927974.0,37,52
8928009.0,39,71
8928029.0,33,43
8928064.0,33,42
8928065.0,28,47
8928117.0,39,46
8928180.0,31,40
8928185.0,36,65
8928214.0,26,68
8928226.0,30,73
8928267.0,32,38
8928334.0,27,70
8928465.0,36,59
8928478.0,33,49
8928516.0,45,98
8928584.0,28,48
8928646.0,29,45
8928700.0,74,49
8928756.0,39,50
8928897.0,28,51
8928931.0,29,41
8928950.0,33,40
8928992.0,37,47
8929004.0,36,40
8929054.0,36,46
8929061.0,31,42
8929064.0,34,49
8929088.0,38,43
8929100.0,30,41
8929105.0,36,58
8929135.0,74,49
8929178.0,28,44
8929209.0,28,71
8929228.0,27,70
8929239.0,35,44
8929255.0,29,43
8929304.0,35,39
8929409.0,36,40
8929456.0,26,44
8929462.0,35,41
8929468.0,37,46
8929493.0,33,41
8929526.0,26,70
8929578.0,39,45
8929596.0,38,45
8929623.0,30,41
8929629.0,37,51
8929642.0,31,44
8929661.0,30,42
8929667.0,37,47
8929807.0,37,45
8929888.0,27,47
8929901.0,28,45
8929917.0,28,49
8929953.0,36,58
8929994.0,36,46
8930059.0,55,116
8930060.0,27,70
8930084.0,28,40
8930133.0,38,49
8930173.0,39,43
8930182.0,35,42
8930218.0,39,50
8930314.0,34,38
8930342.0,30,43
8930395.0,33,42
8930535.0,29,62
8930555.0,32,39
8930582.0,34,88
8930651.0,33,40
8930695.0,31,57
8930709.0,36,57
8930712.0,32,40
8930740.0,38,50
8930761.0,37,49
8930784.0,39,50
8930829.0,26,45
8930834.0,31,45
8930850.0,37,57
8930857.0,32,39
8930882.0,33,43
8930941.0,37,47
8930946.0,31,43
8931094.0,37,45
8931100.0,34,88
8931111.0,35,45
8931150.0,36,62
8931266.0,37,48
8931371.0,37,88
8931468.0,37,87
8931495.0,28,51
8931499.0,29,52
8931507.0,35,41
8931525.0,37,44
8931542.0,40,44
8931575.0,43,89
8931604.0,31,56
8931617.0,30,45
8931618.0,32,41
8931671.0,37,63
8931739.0,30,44
8931743.0,34,40
8931748.0,28,41
8931766.0,55,116
8931798.0,33,39
8931848.0,36,64
8931856.0,35,56
8931857.0,37,87
8931860.0,38,48
8931864.0,112,56
8931893.0,29,44
8931905.0,34,39
8931909.0,26,44
8931918.0,36,58
8931932.0,38,47
8931934.0,37,48
8931971.0,28,43
8932011.0,35,46
8932180.0,35,47
8932185.0,112,57
8932303.0,28,42
8932331.0,29,46
8932355.0,35,56
8932371.0,30,58
8932432.0,29,40
8932435.0,28,44
8932443.0,37,48
8932453.0,31,41
8932477.0,33,41
8932560.0,27,43
8932650.0,28,40
8932665.0,35,61
8932832.0,28,46
8932860.0,27,47
8932878.0,43,90
8932931.0,39,46
8932935.0,29,44
8932976.0,27,46
8933013.0,35,55
8933030.0,27,44
8933037.0,29,41
8933040.0,48,83
8933069.0,36,46
8933090.0,36,59
8933100.0,44,90
8933138.0,31,41
8933176.0,37,63
8933193.0,27,43
8933214.0,29,44
8933235.0,32,42
8933248.0,28,61
8933287.0,26,46
8933354.0,28,50
8933361.0,42,89
8933466.0,30,40
8933480.0,26,45
8933507.0,30,41
8933563.0,31,41
8933563.0,38,45
8933573.0,30,42
8933669.0,31,39
8933676.0,42,89
8933736.0,32,40
8933767.0,39,46
8933842.0,35,44
8933880.0,32,43
8933886.0,30,43
8933948.0,44,91
8933960.0,43,90
8933961.0,34,41
8933975.0,44,92
8933996.0,25,44
8934024.0,27,49
8934030.0,27,43
8934040.0,38,48
8934052.0,38,44
8934114.0,32,43
8934117.0,28,45
8934164.0,29,44
8934216.0,32,41
8934287.0,37,43
8934299.0,36,61
8934392.0,30,44
8934445.0,29,44
8934451.0,38,46
8934469.0,27,41
8934471.0,39,48
8934501.0,39,46
8934506.0,43,90
8934511.0,38,44
8934532.0,29,45
8934552.0,32,42
8934619.0,31,55
8934670.0,27,45
8934675.0,33,39
8934678.0,45,90
8934679.0,43,90
8934701.0,27,43
8934836.0,36,47
8934914.0,38,47
8934941.0,38,46
8935030.0,35,45
8935041.0,39,44
8935073.0,45,98
8935152.0,31,40
8935169.0,29,39
8935296.0,35,44
8935302.0,35,41
8935338.0,39,46
8935372.0,35,46
8935446.0,28,44
8935449.0,35,40
8935472.0,45,98
8935501.0,27,43
8935529.0,36,48
8935539.0,38,44
8935571.0,27,48
8935603.0,35,46
8935603.0,26,47
8935607.0,36,88
8935610.0,29,40
8935623.0,29,42
8935638.0,35,44
8935639.0,32,46
8935672.0,28,46
8935672.0,38,43
8935716.0,37,49
8935774.0,34,40
8935784.0,45,99
8935798.0,34,43
8935800.0,34,42
8935817.0,29,43
8935866.0,38,46
8935904.0,69,49
8935908.0,28,52
8935916.0,33,49
8935932.0,37,68
8935944.0,29,38
8935978.0,38,44
8936014.0,31,41
8936025.0,37,50
8936063.0,38,71
8936065.0,34,40
8936122.0,27,43
8936139.0,34,44
8936183.0,39,46
8936217.0,33,40
8936236.0,38,46
8936282.0,29,44
8936341.0,32,50
8936455.0,29,41
8936476.0,37,51
8936510.0,28,49
8936596.0,38,70
8936642.0,39,46
8936756.0,29,48
8936807.0,30,38
8936827.0,35,41
8936922.0,38,71
8936927.0,26,44
8936945.0,37,48
8936969.0,25,45
8936987.0,36,53
8936998.0,33,49
8937033.0,34,45
8937249.0,28,40
8937270.0,35,55
8937302.0,36,44
8937317.0,27,41
8937345.0,38,49
8937372.0,27,42
8937400.0,33,49
8937421.0,111,80
8937494.0,27,49
8937538.0,28,41
8937559.0,30,39
8937568.0,35,41
8937607.0,33,41
8937609.0,35,59
8937611.0,31,39
8937614.0,29,55
8937718.0,29,57
8937724.0,36,52
8937740.0,31,42
8937873.0,38,70
8937882.0,53,89
8937891.0,29,61
8937963.0,29,40
8938015.0,30,54
8938038.0,25,46
8938102.0,27,44
8938119.0,27,51
8938172.0,28,39
8938230.0,36,45
8938249.0,28,45
8938268.0,38,49
8938402.0,52,89
8938450.0,31,43
8938713.0,35,54
8938834.0,26,43
8938835.0,26,46
8938870.0,28,46
8938881.0,31,40
8938891.0,29,42
8938954.0,50,89
8938987.0,32,39
8938995.0,29,39
8939032.0,36,46
8939121.0,29,45
8939127.0,47,40
8939177.0,34,47
8939209.0,32,48
8939240.0,47,39
8939242.0,25,44
8939247.0,31,44
8939308.0,29,43
8939310.0,50,89
8939311.0,30,40
8939364.0,27,52
8939422.0,29,45
8939505.0,31,41
8939515.0,32,39
8939600.0,30,45
8939630.0,27,44
8939674.0,34,46
8939715.0,31,40
8939716.0,36,43
8939719.0,31,44
8939870.0,35,46
8939922.0,30,40
8939927.0,29,39
8939952.0,28,40
8939958.0,36,47
8939986.0,27,45
8939998.0,47,39
8940004.0,45,88
8940046.0,47,40
8940094.0,28,42
8940163.0,37,47
8940210.0,26,45
8940254.0,31,44
8940257.0,28,53
8940362.0,32,39
8940365.0,29,44
8940403.0,47,39
8940406.0,24,44
8940417.0,28,39
8940441.0,37,46
8940566.0,25,46
8940602.0,29,39
8940607.0,31,44
8940614.0,37,48
8940745.0,33,47
8940837.0,26,42
8940853.0,32,39
8940881.0,28,43
8940891.0,37,49
8940966.0,33,43
8940989.0,35,61
8940998.0,26,43
8941050.0,35,45
8941064.0,28,43
8941068.0,33,41
8941077.0,37,44
8941079.0,31,41
8941159.0,36,50
8941171.0,35,58
8941188.0,37,48
8941195.0,29,39
8941219.0,34,45
8941336.0,29,38
8941394.0,33,41
8941428.0,33,45
8941544.0,25,47
8941547.0,37,45
8941564.0,24,45
8941609.0,37,49
8941660.0,64,32
8941666.0,34,45
8941740.0,29,55
8941800.0,30,39
8941818.0,30,41
8941839.0,28,41
8941841.0,28,40
8941843.0,28,59
8941934.0,28,44
8941951.0,28,67
8941951.0,31,43
8942053.0,26,49
8942184.0,29,38
8942197.0,28,43
8942207.0,25,44
8942240.0,36,51
8942300.0,29,39
8942322.0,27,41
8942473.0,37,43
8942572.0,45,91
8942655.0,37,48
8942667.0,27,39
8942687.0,31,44
8942692.0,31,38
8942711.0,30,41
8942779.0,29,59
8942845.0,28,42
8942888.0,26,46
8942991.0,29,38
8943049.0,43,92
8943087.0,31,39
8943104.0,31,43
8943114.0,27,41
8943131.0,32,40
8943144.0,26,43
8943151.0,27,48
8943293.0,27,42
8943381.0,33,44
8943385.0,33,41
8943473.0,28,45
8943513.0,28,54
8943523.0,27,60
8943535.0,31,43
8943571.0,34,48
8943683.0,32,41
8943692.0,28,43
8943747.0,26,44
8943779.0,45,92
8943802.0,27,41
8943852.0,27,50
8943925.0,26,49
8943960.0,27,46
8943991.0,45,94
8944003.0,30,60
8944068.0,27,52
8944090.0,33,41
8944156.0,45,92
8944179.0,27,53
8944180.0,30,45
8944209.0,26,46
8944228.0,27,41
8944239.0,35,52
8944249.0,38,88
8944371.0,37,49
8944387.0,33,45
8944473.0,36,50
8944475.0,45,94
8944485.0,33,87
8944486.0,30,43
8944508.0,39,89
8944534.0,27,50
8944614.0,28,55
8944714.0,37,88
8944793.0,34,87
8944818.0,38,88
8944910.0,33,87
8944935.0,36,49
8944938.0,27,50
8944947.0,28,57
8944999.0,25,47
8945010.0,46,92
8945110.0,26,45
8945133.0,27,40
8945164.0,29,75
8945183.0,26,48
8945224.0,33,47
8945272.0,31,61
8945294.0,25,42
8945404.0,25,48
8945406.0,37,88
8945509.0,26,51
8945529.0,25,45
8945576.0,28,44
8945625.0,38,88
8945639.0,32,39
8945650.0,37,88
8945696.0,30,39
8945872.0,44,89
8945937.0,50,95
8945962.0,28,39
8946031.0,30,39
8946068.0,43,88
8946079.0,32,42
8946128.0,36,55
8946155.0,42,89
8946187.0,28,43
8946212.0,55,116
8946226.0,35,60
8946263.0,35,44
8946285.0,32,43
8946296.0,28,71
8946336.0,27,42
8946342.0,25,43
8946420.0,35,59
8946479.0,38,69
8946495.0,52,94
8946512.0,29,42
8946581.0,56,116
8946599.0,31,41
8946603.0,34,44
8946614.0,36,47
8946646.0,35,61
8946672.0,27,44
8946673.0,26,46
8946694.0,24,45
8946708.0,38,45
8946714.0,34,46
8946802.0,24,47
8946805.0,33,41
8946820.0,27,43
8946914.0,27,62
8946915.0,26,47
8946933.0,33,43
8946949.0,55,116
8946952.0,35,45
8946955.0,27,41
8946963.0,39,71
8946999.0,25,48
8947010.0,28,61
8947015.0,35,47
8947015.0,31,49
8947049.0,35,44
8947175.0,35,62
8947253.0,35,59
8947270.0,32,44
8947328.0,36,48
8947338.0,27,51
8947352.0,33,43
8947377.0,27,59
8947385.0,36,46
8947392.0,27,43
8947403.0,35,44
8947480.0,26,50
8947509.0,27,41
8947548.0,25,44
8947575.0,36,44
8947579.0,23,45
8947623.0,32,44
8947650.0,27,82
8947682.0,35,63
8947703.0,35,62
8947774.0,36,48
8947781.0,32,57
8947842.0,33,41
8947894.0,27,60
8947909.0,26,41
8947931.0,35,59
8947947.0,28,58
8947953.0,36,44
8947956.0,33,46
8947961.0,27,66
8947983.0,37,55
8947993.0,30,43
8948037.0,31,48
8948052.0,25,46
8948117.0,27,59
8948183.0,27,41
8948196.0,25,49
8948225.0,37,87
8948237.0,34,47
8948333.0,35,44
8948390.0,35,52
8948395.0,26,41
8948448.0,35,51
8948449.0,25,46
8948465.0,24,46
8948516.0,35,58
8948557.0,37,69
8948596.0,27,59
8948613.0,32,44
8948644.0,33,46
8948658.0,24,44
8948663.0,26,40
8948880.0,35,44
8948890.0,27,42
8948914.0,26,52
8948930.0,24,48
8948999.0,23,46
8949006.0,29,42
8949059.0,36,43
8949113.0,37,68
8949126.0,31,43
8949195.0,24,45
8949210.0,25,45
8949357.0,25,46
8949362.0,36,45
8949457.0,33,46
8949485.0,34,44
8949513.0,28,40
8949662.0,37,42
8949663.0,25,46
8949710.0,29,44
8949837.0,27,65
8949903.0,28,40
8949936.0,34,45
8949948.0,35,50
8949979.0,32,45
8949993.0,35,46
8950077.0,25,41
8950163.0,27,39
8950225.0,34,54
8950263.0,32,45
8950350.0,31,42
8950404.0,28,54
8950419.0,34,55
8950486.0,24,42
8950583.0,29,39
8950609.0,35,54
8950615.0,27,54
8950737.0,36,44
8950865.0,28,64
8950890.0,29,53
8951259.0,35,56
8951332.0,26,46
8951363.0,34,55
8951456.0,36,49
8951517.0,29,39
8951543.0,25,45
8951567.0,30,45
8951661.0,28,56
8951664.0,31,40
8951689.0,27,46
8951761.0,35,49
8951807.0,27,44
8951835.0,35,51
8951865.0,30,40
8951908.0,32,46
8951912.0,30,41
8951949.0,31,40
8951953.0,25,46
8952025.0,29,40
8952029.0,35,56
8952085.0,25,44
8952091.0,24,43
8952140.0,35,44
8952199.0,24,44
8952246.0,34,43
8952263.0,27,41
8952377.0,35,50
8952477.0,32,45
8952484.0,35,53
8952577.0,26,53
8952598.0,31,94
8952679.0,25,47
8952702.0,25,49
8952731.0,30,41
8952811.0,26,47
8952817.0,27,45
8952820.0,34,53
8952866.0,26,41
8952875.0,26,44
8952899.0,31,95
8952955.0,35,53
8952969.0,24,46
8952997.0,25,42
8953037.0,29,56
8953156.0,33,46
8953208.0,27,53
8953241.0,25,47
8953320.0,25,40
8953322.0,35,47
8953372.0,31,44
8953375.0,32,45
8953376.0,26,42
8953506.0,26,39
8953544.0,35,47
8953587.0,35,64
8953741.0,28,60
8953872.0,28,59
8953984.0,23,45
8954007.0,31,95
8954020.0,24,44
8954023.0,32,45
8954057.0,25,41
8954119.0,26,51
8954167.0,51,96
8954187.0,51,95
8954237.0,35,65
8954265.0,32,51
8954354.0,26,43
8954432.0,24,48
8954547.0,33,45
8954558.0,22,46
8954584.0,22,45
8954593.0,35,48
8954631.0,25,47
8954680.0,32,45
8954735.0,25,40
8954944.0,39,88
8954947.0,24,45
8954961.0,35,48
8955048.0,29,44
8955055.0,26,50
8955077.0,25,46
8955153.0,35,47
8955283.0,35,45
8955330.0,51,95
8955338.0,39,88
8955354.0,25,47
8955432.0,33,44
8955452.0,26,45
8955508.0,28,43
8955519.0,26,44
8955587.0,35,64
8955658.0,29,43
8955706.0,30,41
8955711.0,35,57
8955744.0,29,44
8955754.0,34,56
8955765.0,29,41
8955787.0,28,43
8955950.0,23,43
8955955.0,51,95
8956009.0,34,62
8956031.0,29,44
8956048.0,25,42
8956096.0,26,40
8956193.0,23,48
8956316.0,35,56
8956333.0,27,42
8956349.0,32,46
8956388.0,24,49
8956415.0,25,44
8956420.0,34,45
8956421.0,35,49
8956430.0,35,44
8956464.0,28,40
8956497.0,22,47
8956534.0,32,47
8956555.0,24,42
8956576.0,29,47
8956626.0,35,48
8956845.0,27,42
8957041.0,35,48
8957044.0,35,43
8957065.0,26,53
8957081.0,39,43
8957091.0,33,47
8957123.0,30,43
8957133.0,26,52
8957223.0,34,60
8957319.0,35,46
8957378.0,29,63
8957402.0,45,90
8957433.0,33,55
8957466.0,34,58
8957489.0,28,48
8957645.0,27,46
8957683.0,31,45
8957766.0,32,46
8957771.0,25,51
8957786.0,21,46
8957787.0,30,61
8957798.0,30,63
8957850.0,38,88
8957873.0,34,53
8957887.0,27,64
8957902.0,22,45
8957957.0,27,63
8957971.0,26,45
8957975.0,32,56
8958163.0,29,63
8958191.0,29,40
8958275.0,38,88
8958315.0,37,88
8958343.0,24,43
8958350.0,23,44
8958437.0,28,58
8958502.0,44,89
8958506.0,27,54
8958657.0,54,88
8958686.0,39,88
8958688.0,27,55
8958689.0,31,43
8958749.0,32,46
8958776.0,24,41
8958885.0,29,48
8958904.0,23,46
8959119.0,24,50
8959227.0,39,88
8959254.0,45,91
8959291.0,22,46
8959307.0,30,52
8959406.0,46,91
8959406.0,25,43
8959444.0,27,58
8959647.0,25,40
8959769.0,30,44
8959772.0,21,46
8959792.0,23,45
8959855.0,33,43
8959979.0,33,42
8960028.0,25,40
8960109.0,34,57
8960180.0,23,42
8960222.0,23,49
8960264.0,23,48
8960276.0,40,50
8960301.0,25,42
8960405.0,26,42
8960609.0,33,43
8960617.0,40,50
8960620.0,34,44
8960654.0,23,42
8960796.0,31,46
8960851.0,24,42
8960879.0,27,40
8961028.0,33,43
8961086.0,34,55
8961152.0,22,48
8961198.0,29,43
8961220.0,25,40
8961259.0,33,55
8961323.0,22,43
8961422.0,27,40
8961490.0,34,50
8961618.0,38,44
8961659.0,35,56
8961663.0,39,43
8961671.0,39,50
8961699.0,21,47
8961711.0,34,55
8961831.0,34,87
8961833.0,22,47
8961883.0,28,41
8961980.0,25,44
8962012.0,23,46
8962017.0,24,43
8962046.0,34,49
8962112.0,39,50
8962163.0,25,45
8962176.0,22,44
8962222.0,34,45
8962268.0,22,46
8962283.0,34,51
8962346.0,34,43
8962361.0,40,43
8962394.0,32,47
8962423.0,23,49
8962460.0,23,43
8962466.0,38,44
8962508.0,33,45
8962528.0,23,45
8962543.0,24,47
8962704.0,33,46
8962732.0,28,55
8962764.0,25,52
8962771.0,27,43
8962776.0,24,48
8962821.0,34,61
8962938.0,34,62
8962953.0,65,62
8962962.0,28,56
8962967.0,57,55
8963048.0,32,44
8963057.0,34,63
8963072.0,25,53
8963108.0,33,45
8963152.0,32,45
8963173.0,34,60
8963221.0,24,40
8963331.0,33,63
8963332.0,29,46
8963372.0,29,44
8963397.0,27,45
8963469.0,23,43
8963493.0,34,62
8963508.0,33,45
8963541.0,34,63
8963546.0,25,40
8963616.0,25,46
8963825.0,27,40
8963840.0,26,43
8963853.0,26,42
8963861.0,33,74
8963875.0,24,42
8963973.0,33,63
8964012.0,23,46
8964044.0,26,40
8964073.0,23,43
8964157.0,29,46
8964215.0,24,50
8964348.0,26,40
8964352.0,26,46
8964381.0,34,46
8964382.0,56,57
8964415.0,28,42
8964430.0,35,65
8964431.0,23,43
8964452.0,34,63
8964463.0,29,43
8964509.0,27,84
8964634.0,24,43
8964673.0,25,42
8964712.0,35,66
8964728.0,42,89
8964731.0,40,88
8964853.0,22,45
8964870.0,24,52
8964872.0,33,63
8964899.0,23,42
8964911.0,25,42
8965020.0,27,63
8965026.0,25,40
8965175.0,34,49
8965263.0,29,43
8965273.0,22,41
8965348.0,22,49
8965423.0,32,64
8965446.0,25,40
8965481.0,32,46
8965482.0,34,49
8965647.0,21,46
8965678.0,31,46
8965803.0,34,45
8965978.0,29,44
8966005.0,27,41
8966078.0,24,44
8966094.0,21,44
8966297.0,34,47
8966374.0,25,46
8966485.0,29,43
8966500.0,27,55
8966544.0,30,44
8966627.0,26,43
8966657.0,20,46
8966765.0,27,42
8966769.0,32,44
8966820.0,34,64
8966859.0,73,60
8966870.0,31,46
8966871.0,44,88
8966922.0,33,43
8966964.0,20,47
8966972.0,33,48
8966996.0,25,45
8967007.0,23,44
8967034.0,73,60
8967105.0,23,50
8967146.0,24,45
8967249.0,30,44
8967285.0,23,44
8967340.0,30,52
8967343.0,22,43
8967381.0,33,54
8967456.0,22,47
8967470.0,22,46
8967532.0,25,43
8967535.0,26,66
8967549.0,24,51
8967556.0,34,44
8967610.0,27,65
8967639.0,27,45
8967675.0,34,48
8967696.0,34,54
8967737.0,23,43
8967800.0,26,67
8967881.0,25,43
8967891.0,32,43
8967920.0,34,44
8967961.0,34,48
8967984.0,28,48
8968069.0,22,47
8968137.0,33,65
8968150.0,22,45
8968215.0,33,54
8968310.0,28,43
8968582.0,28,43
8968587.0,31,47
8968679.0,28,48
8968702.0,21,48
8968743.0,22,46
8968746.0,34,54
8968857.0,47,84
8968934.0,22,47
8969076.0,23,45
8969114.0,24,52
8969178.0,33,54
8969201.0,33,44
8969230.0,21,45
8969275.0,22,47
8969314.0,23,48
8969361.0,22,42
8969401.0,33,53
8969402.0,21,44
8969412.0,32,42
8969423.0,21,43
8969456.0,27,42
8969516.0,33,43
8969541.0,33,51
8969552.0,35,48
8969598.0,22,41
8969613.0,23,48
8969671.0,34,54
8969686.0,28,49
8969702.0,33,44
8969713.0,23,47
8969717.0,28,43
8969754.0,30,46
8969757.0,35,48
8969758.0,26,41
8969873.0,26,44
8969919.0,33,54
8970033.0,33,45
8970039.0,28,49
8970056.0,25,43
8970093.0,27,42
8970173.0,24,42
8970376.0,33,44
8970464.0,33,58
8970528.0,23,44
8970623.0,23,41
8970642.0,34,54
8970648.0,27,44
8970665.0,33,42
8970698.0,25,54
8970722.0,34,55
8970736.0,26,55
8970738.0,22,49
8970739.0,25,43
8970768.0,33,44
8970908.0,26,41
8970948.0,22,44
8970979.0,28,44
8971026.0,21,45
8971109.0,20,46
8971181.0,34,48
8971186.0,34,55
8971236.0,25,43
8971306.0,33,42
8971335.0,26,41
8971360.0,32,55
8971361.0,28,44
8971490.0,33,46
8971620.0,26,62
8971634.0,21,49
8971717.0,20,44
8971733.0,19,47
8971734.0,33,59
8971780.0,34,57
8971840.0,20,48
8971942.0,24,45
8971960.0,27,42
8972073.0,25,43
8972102.0,42,89
8972132.0,27,43
8972171.0,34,62
8972226.0,34,55
8972291.0,22,43
8972299.0,33,49
8972302.0,32,49
8972494.0,22,50
8972540.0,25,44
8972653.0,33,51
8972656.0,26,55
8972720.0,28,44
8972770.0,31,44
8972788.0,27,42
8972847.0,21,46
8972861.0,27,43
8972931.0,24,43
8972973.0,33,86
8973050.0,23,51
8973097.0,33,48
8973156.0,24,42
8973160.0,33,63
8973190.0,33,51
8973221.0,25,41
8973311.0,33,45
8973328.0,23,43
8973329.0,31,45
8973333.0,21,47
8973382.0,26,41
8973404.0,26,42
8973422.0,23,50
8973605.0,32,45
8973647.0,26,41
8973652.0,27,43
8973661.0,33,86
8974011.0,31,46
8974032.0,24,43
8974036.0,33,56
8974072.0,23,44
8974095.0,23,43
8974129.0,22,45
8974177.0,28,73
8974460.0,33,47
8974508.0,27,43
8974623.0,20,45
8974873.0,27,58
8974929.0,49,85
8974963.0,22,43
8975011.0,22,44
8975063.0,33,57
8975064.0,23,46
8975442.0,34,52
8975511.0,45,89
8975562.0,34,49
8975669.0,33,49
8975757.0,44,96
8975757.0,28,59
8975818.0,33,48
8975844.0,33,61
8976064.0,33,60
8976175.0,21,44
8976303.0,33,56
8976514.0,25,44
8976693.0,32,43
8976775.0,33,59
8976907.0,36,46
8977171.0,32,53
8977204.0,39,88
8977252.0,29,46
8977265.0,33,59
8977346.0,23,52
8977376.0,36,46
8977395.0,20,46
8977453.0,46,93
8977930.0,27,42
8977991.0,21,43
8978041.0,21,50
8978133.0,36,47
8978138.0,19,45
8978220.0,19,44
8978304.0,20,42
8978329.0,20,44
8978374.0,28,45
8978393.0,27,46
8978465.0,21,42
8978521.0,21,47
8978637.0,20,44
8978687.0,27,46
8978728.0,23,46
8978743.0,32,52
8978967.0,24,44
8979145.0,23,47
8979176.0,20,46
8979208.0,20,47
8979295.0,21,48
8979297.0,33,47
8979322.0,21,42
8979419.0,21,45
8979720.0,22,46
8979764.0,27,46
8979816.0,26,43
8979865.0,21,48
8979906.0,33,59
8979928.0,25,42
8980134.0,21,45
8980142.0,21,42
8980213.0,20,47
8980269.0,22,44
8980308.0,25,42
8980343.0,31,56
8980562.0,32,45
8980596.0,31,47
8980632.0,22,45
8980810.0,21,45
8980939.0,27,44
8980970.0,25,42
8980993.0,21,44
8981034.0,32,45
8981219.0,20,44
8981261.0,20,43
8981264.0,25,42
8981321.0,40,88
8981348.0,27,44
8981359.0,23,51
8981509.0,23,46
8981556.0,21,42
8981637.0,21,45
8981682.0,25,45
8981709.0,19,44
8981817.0,41,88
8981832.0,20,42
8981837.0,31,45
8981873.0,21,44
8981889.0,23,44
8981923.0,19,44
8981949.0,19,46
8982242.0,23,44
8982259.0,32,45
8982282.0,18,48
8982286.0,21,45
8982353.0,21,50
8982429.0,31,45
8982465.0,24,45
8982822.0,21,45
8982881.0,25,55
8982913.0,19,47
8982977.0,22,50
8983131.0,46,82
8983162.0,47,82
8983268.0,23,44
8983348.0,25,55
8983365.0,32,53
8983371.0,31,55
8983431.0,31,45
8983494.0,26,56
8983554.0,19,47
8983573.0,21,45
8983613.0,32,53
8983623.0,20,50
8983668.0,32,44
8983780.0,29,39
8983817.0,25,55
8983929.0,32,52
8984037.0,23,44
8984064.0,32,44
8984097.0,20,45
8984408.0,21,45
8984416.0,22,46
8984503.0,30,46
8984596.0,44,88
8984642.0,23,53
8984681.0,21,46
8984724.0,27,45
8984740.0,30,45
8984757.0,20,45
8984773.0,32,46
8984790.0,28,46
8985040.0,24,42
8985068.0,33,47
8985069.0,33,50
8985662.0,33,47
8985740.0,44,89
8985794.0,22,49
8985874.0,19,49
8985911.0,26,61
8985992.0,26,69
8986017.0,25,47
8986028.0,27,55
8986064.0,34,86
8986079.0,30,44
8986153.0,27,57
8986356.0,26,55
8986367.0,22,45
8986470.0,20,47
8986672.0,25,43
8986705.0,33,47
8986766.0,19,46
8986840.0,20,44
8986851.0,32,48
8986961.0,22,46
8986991.0,31,43
8987037.0,21,45
8987230.0,18,46
8987294.0,33,47
8987486.0,45,89
8987505.0,21,51
8987822.0,31,43
8987950.0,32,47
8988199.0,29,61
8988221.0,21,48
8988230.0,20,42
8988233.0,32,43
8988424.0,22,47
8988462.0,34,64
8988491.0,68,46
8988521.0,32,43
8988571.0,30,47
8988666.0,67,46
8988671.0,22,47
8988766.0,20,46
8988826.0,68,46
8988828.0,26,44
8988855.0,34,65
8988883.0,31,43
8988959.0,28,60
8989066.0,30,43
8989196.0,23,44
8989327.0,32,50
8989363.0,25,43
8989500.0,19,47
8989511.0,19,48
8989562.0,21,43
8989584.0,25,43
8989617.0,18,49
8989679.0,19,45
8989870.0,32,50
8989962.0,23,45
8990029.0,19,45
8990378.0,19,48
8990431.0,17,48
8990459.0,19,47
8990519.0,24,46
8990524.0,30,44
8990649.0,23,47
8990819.0,22,48
8990883.0,18,45
8991047.0,32,56
8991175.0,21,47
8991333.0,32,58
8991382.0,18,45
8991422.0,22,44
8991497.0,31,44
8991693.0,32,49
8991708.0,21,46
8992509.0,26,57
8992954.0,18,47
8993232.0,20,45
8993356.0,19,44
8993401.0,17,46
8993554.0,19,43
8993596.0,48,80
8993601.0,25,71
8993683.0,22,51
8993961.0,19,46
8994401.0,18,43
8994592.0,55,112
8994764.0,19,46
8995297.0,22,52
8995312.0,24,52
8995590.0,32,44
8995712.0,31,46
8995839.0,19,45
8995845.0,21,47
8995990.0,26,45
8996120.0,24,43
8996196.0,29,45
8996286.0,28,46
8996335.0,20,43
8996408.0,29,46
8996614.0,21,51
8996653.0,19,45
8996669.0,20,51
8996889.0,24,53
8996909.0,18,50
8997173.0,32,45
8997199.0,19,45
8997208.0,25,44
8997227.0,19,44
8997576.0,31,45
8997871.0,19,45
8997941.0,38,87
8998250.0,19,46
8998272.0,27,46
8998302.0,25,63
8998368.0,23,46
8998452.0,20,47
8998487.0,37,87
8998578.0,21,46
8998691.0,23,46
8998762.0,22,45
8998776.0,20,47
8998871.0,19,46
8998872.0,24,54
8998915.0,27,45
8999037.0,25,55
8999331.0,38,70
8999358.0,37,71
8999615.0,37,70
8999681.0,21,47
8999727.0,19,48
8999840.0,37,71
8999855.0,38,70
8999880.0,22,44
8999897.0,32,60
8999910.0,19,46
9000130.0,31,55
9000248.0,18,46
9000361.0,21,44
9000365.0,20,47
9000367.0,31,47
9000372.0,33,60
9000451.0,31,55
9000540.0,19,46
9000710.0,21,44
9000755.0,20,48
9000900.0,17,47
9000909.0,37,70
9001020.0,37,71
9001098.0,33,60
9001244.0,18,46
9001392.0,25,60
9001430.0,45,92
9001686.0,18,50
9001894.0,33,60
9001897.0,32,71
9001930.0,45,92
9002227.0,19,46
9002345.0,46,94
9002456.0,19,51
9002489.0,46,95
9002546.0,17,48
9002557.0,21,49
9002627.0,18,46
9002930.0,19,46
9002993.0,18,43
9003023.0,19,43
9003306.0,23,45
9003728.0,28,46
9003770.0,17,46
9003853.0,16,47
9003856.0,22,48
9003954.0,18,48
9004005.0,23,46
9004035.0,28,46
9004078.0,18,43
9004417.0,23,46
9004449.0,20,46
9004470.0,19,46
9004789.0,33,65
9005269.0,19,46
9005430.0,27,74
9005596.0,39,87
9005668.0,40,87
9005893.0,31,54
9006101.0,39,87
9006262.0,19,46
9006838.0,31,49
9006927.0,17,49
9007005.0,16,49
9007194.0,21,47
9007279.0,20,45
9007677.0,40,88
9008301.0,19,46
9008926.0,19,47
9008987.0,19,46
9009204.0,28,72
9010010.0,25,46
9010115.0,19,46
9010285.0,25,46
9010340.0,31,51
9010663.0,29,44
9010700.0,111,81
9010952.0,31,51
9011548.0,19,45
9012532.0,31,52
9012687.0,31,50
9012966.0,31,52
9013168.0,31,51
9013367.0,22,54
9013538.0,49,83
9013980.0,30,48
9013986.0,18,45
9014266.0,55,95
9014283.0,21,52
9014286.0,19,45
9014574.0,18,45
9014723.0,31,52
9015190.0,19,45
9018632.0,24,44
9019314.0,25,44
9021139.0,47,99
9021920.0,47,99
9025041.0,21,36
9027222.0,17,46
9028369.0,19,45
9029494.0,19,46
9029654.0,19,47
9030104.0,18,47
9030114.0,18,46
9030318.0,19,46
9030441.0,17,46
9030792.0,18,46
9031138.0,18,46
9032324.0,19,45
9032621.0,56,102
9034634.0,47,90
9034809.0,16,47
9035219.0,31,48
9035248.0,55,98
9035366.0,34,48
9035513.0,47,90
9035731.0,16,49
9036673.0,29,44
9037385.0,29,44
9037812.0,17,48
9038088.0,16,49
9038299.0,28,45
9038428.0,29,44
9039189.0,29,44
9039656.0,30,86
9039869.0,29,44
9040073.0,21,44
9040153.0,29,44
9040738.0,19,44
9040793.0,22,44
9040829.0,18,44
9041044.0,28,44
9041342.0,28,44
9041449.0,17,48
9041985.0,25,44
9042197.0,20,45
9042523.0,31,50
9043311.0,24,43
9043664.0,21,46
9043898.0,21,46
9043970.0,19,46
9044313.0,21,47
9044911.0,29,43
9045008.0,31,45
9045197.0,24,46
9045275.0,18,43
9045484.0,21,52
9045548.0,42,88
9045773.0,68,48
9045775.0,22,47
9045796.0,18,47
9045881.0,29,47
9045922.0,69,47
9045942.0,25,44
9045963.0,16,46
9045980.0,19,48
9046021.0,68,48
9046110.0,18,43
9046115.0,22,47
9046160.0,29,47
9046183.0,29,44
9046208.0,20,42
9046248.0,18,47
9046405.0,22,44
9046410.0,29,46
9046456.0,31,54
9046585.0,19,44
9046703.0,21,46
9046807.0,29,46
9046808.0,21,43
9046836.0,22,53
9046840.0,17,45
9046847.0,29,44
9047020.0,16,46
9047044.0,23,45
9047204.0,18,43
9047224.0,18,50
9047363.0,24,43
9047456.0,19,44
9047488.0,21,47
9047537.0,19,48
9047554.0,22,54
9047582.0,29,44
9047742.0,18,43
9047767.0,23,42
9047827.0,20,44
9048086.0,29,45
9048099.0,22,48
9048104.0,18,47
9048107.0,19,44
9048212.0,31,55
9048213.0,31,46
9048269.0,29,44
9048304.0,19,44
9048491.0,29,45
9048599.0,32,47
9048635.0,22,47
9048652.0,20,46
9048654.0,19,48
9048743.0,23,48
9048770.0,18,48
9048926.0,32,48
9049023.0,18,43
9049057.0,29,46
9049219.0,31,43
9049282.0,17,46
9049302.0,23,46
9049377.0,22,47
9049447.0,19,48
9049538.0,29,46
9049555.0,18,45
9049579.0,31,45
9049594.0,24,45
9049653.0,18,43
9049689.0,19,43
9049930.0,19,50
9049937.0,29,44
9049974.0,29,45
9050010.0,24,46
9050031.0,20,51
9050060.0,17,46
9050363.0,18,50
9050454.0,29,46
9050507.0,19,48
9050593.0,19,50
9050646.0,19,43
9050779.0,17,46
9050815.0,29,46
9051280.0,30,45
9051352.0,17,46
9051376.0,23,44
9051402.0,18,50
9051640.0,32,49
9051668.0,26,44
9051692.0,18,46
9051705.0,20,48
9051842.0,29,46
9051842.0,19,50
9051874.0,30,45
9051961.0,17,46
9052036.0,20,46
9052052.0,21,49
9052059.0,20,48
9052148.0,29,46
9052199.0,21,45
9052205.0,17,46
9052224.0,23,45
9052257.0,18,46
9052287.0,26,45
9052374.0,25,46
9052618.0,23,44
9052640.0,27,45
9052715.0,25,46
9052741.0,21,45
9052793.0,22,46
9052924.0,23,44
9052947.0,19,45
9052993.0,18,50
9053194.0,18,46
9053317.0,32,50
9053478.0,17,46
9053650.0,46,104
9053673.0,45,104
9053673.0,22,47
9053715.0,28,46
9053812.0,21,46
9053938.0,36,87
9054128.0,17,46
9054176.0,57,50
9054358.0,18,47
9054360.0,17,48
9054531.0,38,86
9054620.0,20,47
9054640.0,35,87
9054718.0,25,43
9055224.0,19,47
9055255.0,31,43
9055337.0,18,49
9055432.0,57,50
9055624.0,35,87
9055700.0,23,43
9055709.0,32,48
9056167.0,23,44
9056215.0,20,43
9056227.0,20,44
9056239.0,23,47
9056298.0,24,46
9056351.0,32,51
9056491.0,21,46
9056503.0,21,44
9056510.0,17,45
9056662.0,30,46
9056729.0,32,49
9056771.0,30,45
9056805.0,23,47
9056862.0,48,44
9056986.0,30,46
9057174.0,32,43
9057186.0,17,45
9057244.0,33,47
9057311.0,22,52
9057422.0,32,46
9057584.0,31,43
9057592.0,16,46
9057661.0,28,46
9057690.0,23,47
9057819.0,23,53
9057899.0,16,46
9057936.0,33,47
9057955.0,24,45
9058000.0,23,47
9058092.0,31,43
9058301.0,23,53
9058409.0,31,49
9058504.0,30,44
9058901.0,30,48
9058923.0,32,44
9058964.0,24,54
9058991.0,32,58
9059154.0,23,53
9059184.0,24,54
9059202.0,44,89
9059420.0,19,47
9059483.0,18,48
9059590.0,31,43
9059625.0,23,46
9059695.0,17,46
9059702.0,26,43
9059854.0,25,42
9059869.0,21,41
9059925.0,25,46
9059950.0,22,45
9059990.0,27,44
9060007.0,28,45
9060011.0,32,43
9060020.0,19,46
9060102.0,23,46
9060116.0,21,48
9060212.0,23,54
9060257.0,18,45
9060295.0,25,45
9060439.0,29,47
9060645.0,32,45
9060773.0,20,42
9060780.0,21,43
9060898.0,21,46
9060931.0,30,45
9061013.0,23,46
9061048.0,26,60
9061107.0,19,42
9061297.0,17,46
9061352.0,20,42
9061566.0,19,42
9061612.0,22,42
9061686.0,19,44
9061759.0,23,46
9061876.0,17,46
9062104.0,19,49
9062225.0,20,42
9062395.0,19,42
9062487.0,22,44
9062511.0,27,44
9062571.0,34,65
9062663.0,23,42
9062684.0,20,42
9062698.0,22,41
9062738.0,23,47
9062774.0,21,45
9062966.0,22,46
9063268.0,31,45
9063272.0,32,53
9063293.0,23,46
9063331.0,45,98
9063518.0,21,51
9063569.0,24,43
9063648.0,33,63
9063659.0,33,62
9063716.0,28,45
9063731.0,30,45
9063847.0,24,43
9064019.0,32,52
9064041.0,40,88
9064141.0,35,87
9064377.0,29,46
9064383.0,24,47
9064477.0,54,115
9064526.0,32,54
9064546.0,33,49
9064567.0,24,41
9064654.0,22,41
9064661.0,33,62
9064799.0,23,45
9064824.0,32,46
9064865.0,37,86
9065204.0,32,44
9065214.0,29,46
9065232.0,33,45
9065325.0,20,44
9065337.0,20,46
9065352.0,23,42
9065408.0,22,44
9065429.0,29,46
9065466.0,32,53
9065600.0,33,62
9065656.0,31,43
9065690.0,33,50
9065712.0,33,46
9065759.0,25,41
9065784.0,22,46
9065857.0,21,47
9065904.0,46,89
9065930.0,21,48
9065940.0,32,48
9065963.0,32,49
9065973.0,22,48
9065991.0,32,47
9066000.0,19,45
9066014.0,26,42
9066090.0,19,48
9066090.0,20,46
9066126.0,27,43
9066288.0,20,47
9066303.0,32,54
9066340.0,21,47
9066352.0,33,48
9066365.0,33,47
9066384.0,23,47
9066456.0,28,47
9066534.0,31,43
9066615.0,32,55
9066636.0,19,45
9066691.0,33,43
9066808.0,32,61
9066810.0,23,46
9066894.0,33,49
9066895.0,19,46
9066986.0,18,47
9067133.0,20,46
9067177.0,23,45
9067177.0,22,44
9067237.0,33,44
9067251.0,22,43
9067324.0,21,47
9067377.0,22,45
9067424.0,28,44
9067502.0,33,46
9067605.0,20,46
9067648.0,21,47
9067664.0,17,47
9067748.0,31,46
9067863.0,24,44
9067963.0,29,45
9068049.0,24,46
9068118.0,27,56
9068316.0,29,46
9068445.0,25,45
9068715.0,27,56
9068775.0,38,88
9068780.0,31,44
9068783.0,33,50
9068815.0,24,46
9068834.0,23,46
9068911.0,33,87
9068937.0,33,45
9068952.0,17,46
9068988.0,32,86
9069165.0,31,47
9069190.0,29,46
9069218.0,21,42
9069349.0,33,44
9069402.0,27,56
9069566.0,22,42
9069569.0,17,46
9069589.0,21,42
9069625.0,24,46
9069627.0,33,51
9069632.0,31,44
9069661.0,31,43
9069720.0,32,50
9069867.0,26,55
9069901.0,29,46
9069906.0,21,41
9069907.0,27,56
9069920.0,31,45
9069945.0,29,45
9070031.0,33,43
9070126.0,25,46
9070141.0,30,47
9070246.0,26,50
9070377.0,18,47
9070423.0,26,41
9070494.0,23,51
9070500.0,31,43
9070519.0,31,44
9070567.0,33,52
9070600.0,27,42
9070628.0,32,56
9070695.0,53,74
9070763.0,17,46
9070844.0,22,45
9070868.0,18,47
9070874.0,20,43
9070887.0,27,56
9070905.0,31,43
9071015.0,28,43
9071017.0,21,44
9071045.0,27,57
9071191.0,26,45
9071286.0,33,47
9071301.0,23,48
9071329.0,32,52
9071383.0,32,55
9071418.0,21,47
9071464.0,33,63
9071478.0,32,43
9071520.0,26,44
9071536.0,33,51
9071540.0,28,44
9071559.0,20,48
9071564.0,17,46
9071577.0,33,61
9071612.0,21,49
9071660.0,20,45
9071669.0,28,46
9071723.0,25,55
9071738.0,23,43
9071881.0,24,47
9072002.0,22,47
9072015.0,27,42
9072023.0,20,46
9072030.0,26,58
9072037.0,24,46
9072078.0,26,44
9072105.0,32,43
9072117.0,17,46
9072195.0,27,59
9072340.0,22,50
9072359.0,33,52
9072418.0,53,102
9072625.0,24,45
9072711.0,23,48
9072906.0,28,43
9073074.0,32,54
9073195.0,29,45
9073544.0,110,102
9073560.0,23,45
9073567.0,33,58
9073748.0,23,40
9073781.0,33,53
9073801.0,22,44
9073811.0,24,52
9073822.0,25,46
9074274.0,21,43
9074413.0,32,44
9074413.0,24,46
9074451.0,29,44
9074658.0,24,44
9074712.0,20,44
9074740.0,26,67
9074881.0,22,41
9075200.0,23,42
9075217.0,22,41
9075220.0,32,45
9075233.0,34,49
9075251.0,32,46
9075367.0,19,46
9075390.0,33,59
9075486.0,24,47
9075523.0,34,48
9075655.0,23,45
9075661.0,34,46
9075732.0,22,47
9075841.0,19,46
9075854.0,21,46
9075855.0,27,41
9075873.0,22,44
9075905.0,31,47
9076130.0,21,45
9076158.0,25,45
9076178.0,23,51
9076209.0,33,60
9076242.0,25,42
9076345.0,22,41
9076376.0,26,44
9076408.0,26,64
9076415.0,23,41
9076422.0,34,85
9076467.0,34,50
9076477.0,37,88
9076531.0,33,52
9076586.0,22,41
9076637.0,20,47
9076854.0,33,53
9076865.0,22,46
9076874.0,73,48
9076928.0,26,64
9076991.0,23,47
9077018.0,26,40
9077030.0,33,61
9077156.0,34,46
9077161.0,34,44
9077196.0,34,43
9077217.0,20,45
9077549.0,24,40
9077793.0,24,48
9078025.0,24,43
9078032.0,29,43
9078065.0,30,45
9078162.0,33,62
9078640.0,34,47
9078716.0,33,43
9078806.0,33,58
9078943.0,26,55
9079040.0,33,55
9079386.0,34,49
9079388.0,21,48
9079430.0,30,46
9079576.0,25,46
9079709.0,23,48
9079717.0,34,50
9079728.0,24,48
9079739.0,89,120
9079925.0,25,54
9079961.0,24,46
9080066.0,32,47
9080102.0,29,47
9080239.0,25,54
9080249.0,23,44
9080320.0,30,52
9080348.0,21,48
9080382.0,89,120
9080421.0,21,47
9080465.0,26,62
9080508.0,28,41
9080542.0,27,62
9080597.0,33,53
9080600.0,26,54
9080620.0,25,44
9080652.0,34,51
9080768.0,24,45
9080785.0,32,46
9080813.0,22,46
9080905.0,31,46
9080914.0,34,52
9081024.0,20,46
9081104.0,89,120
9081247.0,22,48
9081290.0,26,46
9081292.0,25,53
9081359.0,24,42
9081382.0,21,48
9081462.0,24,52
9081516.0,24,45
9081555.0,23,49
9081567.0,33,87
9081763.0,42,89
9081875.0,42,88
9081931.0,22,45
9081940.0,33,54
9081988.0,29,43
9081996.0,24,51
9082133.0,29,42
9082187.0,24,45
9082253.0,21,48
9082385.0,20,43
9082487.0,24,51
9082569.0,33,47
9082589.0,33,55
9082593.0,20,45
9082611.0,32,45
9082632.0,24,48
9082680.0,23,46
9082735.0,33,48
9082774.0,35,44
9082792.0,24,41
9082813.0,21,45
9082816.0,30,51
9082821.0,32,45
9082822.0,21,43
9082841.0,22,46
9082883.0,21,48
9082948.0,33,45
9082951.0,24,47
9082982.0,23,43
9083082.0,35,49
9083149.0,23,46
9083170.0,33,47
9083190.0,22,44
9083196.0,35,45
9083296.0,24,41
9083383.0,28,44
9083461.0,22,42
9083595.0,31,45
9083650.0,25,45
9083799.0,27,60
9083809.0,26,46
9083834.0,33,60
9083849.0,35,43
9083871.0,33,47
9083965.0,25,61
9084036.0,23,46
9084073.0,25,52
9084083.0,35,47
9084104.0,38,88
9084140.0,35,46
9084180.0,23,49
9084342.0,35,48
9084438.0,24,44
9084482.0,26,63
9084490.0,23,46
9084499.0,33,47
9084573.0,34,52
9084650.0,22,48
9084658.0,21,44
9084686.0,27,62
9084709.0,33,46
9084804.0,21,47
9084812.0,24,50
9084853.0,41,89
9084876.0,25,40
9084918.0,37,88
9084932.0,33,44
9084932.0,25,39
9084962.0,25,42
9085021.0,22,45
9085087.0,25,43
9085103.0,21,48
9085123.0,21,46
9085180.0,21,52
9085254.0,29,62
9085255.0,25,42
9085307.0,24,40
9085364.0,28,43
9085378.0,25,43
9085383.0,32,47
9085389.0,26,44
9085392.0,27,43
9085395.0,21,47
9085420.0,24,51
9085517.0,24,41
9085537.0,34,51
9085556.0,26,45
9085588.0,21,46
9085674.0,24,51
9085694.0,28,43
9085710.0,21,48
9085728.0,46,89
9085782.0,33,56
9085840.0,36,88
9085894.0,24,49
9085927.0,36,68
9085931.0,34,57
9085970.0,25,45
9085999.0,33,47
9086014.0,34,61
9086252.0,35,49
9086306.0,32,46
9086313.0,34,43
9086327.0,23,46
9086332.0,33,45
9086358.0,34,60
9086359.0,34,53
9086448.0,21,46
9086452.0,24,47
9086485.0,23,47
9086529.0,29,48
9086554.0,22,43
9086614.0,25,43
9086617.0,25,42
9086664.0,24,46
9086673.0,21,46
9086697.0,35,44
9086883.0,35,51
9086909.0,25,42
9086937.0,31,44
9086974.0,23,48
9086987.0,30,48
9087078.0,37,70
9087117.0,35,50
9087146.0,34,58
9087236.0,28,44
9087259.0,25,43
9087381.0,23,45
9087538.0,33,56
9087556.0,32,56
9087590.0,34,59
9087714.0,26,46
9087734.0,30,43
9087737.0,25,47
9087981.0,25,43
9087994.0,36,43
9088011.0,26,44
9088051.0,32,46
9088112.0,29,41
9088144.0,27,46
9088149.0,23,42
9088204.0,25,47
9088216.0,24,43
9088220.0,34,54
9088295.0,25,42
9088343.0,27,56
9088460.0,36,44
9088495.0,28,60
9088507.0,28,42
9088510.0,34,44
9088521.0,25,42
9088529.0,25,44
9088545.0,25,53
9088558.0,30,42
9088625.0,23,44
9088627.0,35,52
9088628.0,28,57
9088742.0,22,47
9088812.0,22,45
9088892.0,36,45
9088932.0,25,43
9089014.0,23,44
9089033.0,26,45
9089065.0,35,47
9089076.0,25,41
9089090.0,35,51
9089211.0,27,50
9089296.0,26,43
9089312.0,28,59
9089332.0,28,45
9089345.0,34,57
9089352.0,21,45
9089409.0,25,43
9089479.0,27,58
9089493.0,34,60
9089511.0,23,44
9089575.0,28,59
9089587.0,34,55
9089631.0,31,43
9089648.0,24,45
9089660.0,29,59
9089808.0,25,43
9089822.0,21,45
9089917.0,34,45
9089979.0,29,40
9090010.0,28,42
9090013.0,34,61
9090030.0,34,62
9090040.0,22,42
9090053.0,35,43
9090122.0,27,45
9090140.0,33,55
9090180.0,29,43
9090182.0,36,46
9090229.0,40,88
9090231.0,29,59
9090258.0,25,51
9090265.0,35,50
9090379.0,26,54
9090404.0,36,43
9090435.0,36,48
9090497.0,23,45
9090518.0,36,47
9090524.0,34,54
9090542.0,24,42
9090551.0,25,40
9090594.0,34,59
9090620.0,36,49
9090730.0,22,46
9090744.0,21,45
9090753.0,32,44
9090765.0,29,45
9090806.0,35,52
9090925.0,31,44
9090952.0,23,50
9091022.0,21,47
9091031.0,36,45
9091077.0,27,44
9091106.0,35,44
9091126.0,28,43
9091148.0,30,41
9091273.0,27,55
9091304.0,25,44
9091342.0,23,50
9091430.0,33,61
9091447.0,32,44
9091449.0,23,47
9091480.0,34,58
9091532.0,23,43
9091548.0,31,43
9091586.0,26,41
9091667.0,27,55
9091713.0,29,39
9091730.0,27,39
9091765.0,21,47
9091810.0,23,48
9091890.0,34,60
9091920.0,36,44
9091981.0,25,43
9091984.0,24,46
9092004.0,26,52
9092011.0,26,42
9092127.0,36,48
9092207.0,25,39
9092280.0,23,43
9092351.0,35,51
9092370.0,26,42
9092488.0,34,55
9092541.0,35,53
9092544.0,34,47
9092586.0,31,52
9092647.0,28,55
9092761.0,26,45
9092784.0,32,51
9092797.0,34,46
9092806.0,31,42
9092836.0,27,43
9092857.0,26,44
9092987.0,28,55
9093021.0,31,46
9093042.0,36,47
9093136.0,24,45
9093140.0,27,55
9093154.0,34,56
9093299.0,26,53
9093302.0,23,42
9093397.0,36,49
9093402.0,25,46
9093464.0,23,43
9093468.0,32,84
9093486.0,23,44
9093499.0,36,50
9093539.0,24,44
9093546.0,30,53
9093668.0,37,43
9093675.0,36,46
9093697.0,57,50
9093725.0,26,42
9093825.0,23,43
9093845.0,30,53
9093847.0,34,63
9093864.0,24,45
9093907.0,35,47
9093936.0,25,47
9093980.0,29,43
9094004.0,23,42
9094014.0,29,42
9094089.0,26,42
9094120.0,31,41
9094125.0,35,52
9094164.0,46,90
9094244.0,22,45
9094272.0,35,45
9094286.0,46,100
9094286.0,26,44
9094378.0,25,46
9094394.0,47,99
9094432.0,33,46
9094443.0,35,43
9094448.0,32,46
9094454.0,35,53
9094458.0,23,43
9094463.0,27,55
9094497.0,26,39
9094498.0,30,40
9094528.0,31,42
9094545.0,46,98
9094590.0,23,42
9094750.0,32,45
9094828.0,32,43
9094864.0,26,41
9094874.0,27,55
9094898.0,40,73
9094920.0,24,48
9094986.0,37,72
9095043.0,25,42
9095050.0,25,49
9095082.0,57,49
9095118.0,23,42
9095383.0,23,43
9095402.0,27,45
9095433.0,37,74
9095433.0,28,49
9095435.0,30,43
9095447.0,27,44
9095454.0,37,45
9095490.0,26,41
9095638.0,63,101
9095657.0,34,55
9095702.0,33,45
9095716.0,27,43
9095734.0,26,43
9095745.0,24,45
9095762.0,28,55
9095764.0,37,44
9095822.0,24,43
9095855.0,28,45
9095883.0,23,46
9095890.0,23,43
9095994.0,27,55
9096000.0,34,60
9096037.0,36,43
9096053.0,24,43
9096059.0,36,51
9096100.0,31,41
9096148.0,26,40
9096210.0,27,43
9096227.0,27,63
9096282.0,25,46
9096369.0,27,38
9096373.0,23,46
9096374.0,23,43
9096424.0,27,42
9096452.0,34,59
9096460.0,27,54
9096472.0,53,115
9096511.0,28,59
9096607.0,26,40
9096660.0,25,45
9096662.0,27,41
9096691.0,37,46
9096697.0,28,40
9096700.0,27,55
9096761.0,35,54
9096873.0,28,39
9096909.0,52,115
9096920.0,38,89
9096958.0,36,50
9097016.0,27,41
9097018.0,24,47
9097027.0,37,43
9097030.0,37,47
9097075.0,27,54
9097091.0,19,42
9097127.0,27,44
9097183.0,35,44
9097223.0,28,44
9097257.0,35,49
9097321.0,36,51
9097330.0,23,46
9097349.0,53,104
9097491.0,26,43
9097520.0,37,49
9097573.0,40,89
9097574.0,53,115
9097576.0,32,42
9097577.0,25,41
9097621.0,56,56
9097635.0,34,56
9097663.0,28,43
9097667.0,29,56
9097709.0,25,44
9097714.0,28,54
9097801.0,32,44
9097816.0,24,44
9097819.0,35,49
9097882.0,37,45
9097918.0,27,54
9097923.0,43,87
9097998.0,49,85
9098003.0,23,46
9098033.0,29,61
9098046.0,19,42
9098088.0,25,48
9098136.0,25,70
9098174.0,25,44
9098187.0,26,51
9098191.0,34,54
9098244.0,35,53
9098267.0,33,46
9098287.0,45,103
9098323.0,27,54
9098323.0,39,89
9098395.0,26,40
9098421.0,37,48
9098468.0,32,87
9098564.0,33,86
9098565.0,26,51
9098583.0,27,44
9098586.0,36,50
9098701.0,27,41
9098708.0,27,40
9098757.0,19,42
9098802.0,38,42
9098848.0,33,44
9098934.0,23,46
9098953.0,26,40
9098962.0,35,54
9098964.0,29,85
9099008.0,34,65
9099032.0,35,57
9099034.0,24,43
9099042.0,50,46
9099080.0,24,47
9099115.0,35,58
9099131.0,30,39
9099158.0,25,44
9099166.0,32,41
9099180.0,36,52
9099202.0,28,60
9099219.0,27,47
9099277.0,23,46
9099340.0,27,67
9099344.0,27,60
9099426.0,23,45
9099444.0,29,86
9099445.0,26,46
9099485.0,24,42
9099517.0,27,53
9099618.0,26,42
9099630.0,27,47
9099643.0,34,53
9099685.0,29,39
9099707.0,27,39
9099717.0,37,49
9099911.0,27,66
9099935.0,28,38
9099943.0,35,45
9099980.0,33,47
9100004.0,28,43
9100040.0,25,44
9100082.0,34,47
9100128.0,36,44
9100146.0,37,47
9100164.0,35,66
9100175.0,24,46
9100230.0,29,57
9100247.0,27,40
9100271.0,28,43
9100306.0,32,47
9100306.0,33,43
9100329.0,38,43
9100386.0,27,43
9100491.0,36,87
9100502.0,30,44
9100511.0,26,50
9100562.0,24,46
9100654.0,34,46
9100691.0,26,45
9100704.0,24,43
9100753.0,35,63
9100761.0,37,50
9100817.0,35,55
9100836.0,25,45
9100842.0,25,44
9100931.0,28,46
9100932.0,38,45
9100947.0,35,47
9100954.0,31,39
9100992.0,37,43
9101015.0,26,47
9101019.0,28,42
9101029.0,28,43
9101031.0,23,47
9101055.0,29,39
9101068.0,38,44
9101094.0,33,44
9101145.0,35,62
9101150.0,33,47
9101166.0,25,50
9101200.0,28,45
9101224.0,35,61
9101299.0,28,43
9101301.0,26,65
9101302.0,35,47
9101305.0,46,83
9101417.0,23,47
9101437.0,37,48
9101487.0,27,40
9101498.0,33,47
9101499.0,32,40
9101544.0,26,51
9101567.0,25,43
9101600.0,29,55
9101617.0,26,41
9101673.0,24,46
9101680.0,33,45
9101709.0,31,43
9101742.0,25,47
9101757.0,33,43
9101816.0,22,46
9101848.0,26,49
9101862.0,37,49
9101912.0,29,45
9102030.0,28,45
9102052.0,28,55
9102099.0,24,46
9102127.0,36,46
9102147.0,35,47
9102241.0,36,45
9102248.0,25,50
9102308.0,41,90
9102350.0,28,41
9102357.0,25,44
9102358.0,25,47
9102398.0,110,101
9102401.0,38,46
9102422.0,25,43
9102451.0,29,38
9102573.0,35,60
9102653.0,30,42
9102813.0,38,45
9102833.0,37,50
9102916.0,33,42
9102922.0,29,60
9102938.0,35,47
9102951.0,25,42
9102971.0,25,48
9103008.0,25,43
9103026.0,23,42
9103104.0,31,42
9103195.0,25,42
9103197.0,36,52
9103266.0,29,44
9103294.0,28,53
9103326.0,28,44
9103362.0,25,48
9103372.0,25,47
9103421.0,32,48
9103424.0,35,60
9103427.0,35,61
9103460.0,25,43
9103475.0,28,40
9103488.0,35,47
9103512.0,30,39
9103677.0,35,58
9103680.0,25,47
9103748.0,35,47
9103775.0,28,53
9103803.0,27,42
9103813.0,27,52
9103830.0,37,51
9103836.0,28,40
9103863.0,30,39
9103884.0,29,43
9103920.0,26,44
9103951.0,38,46
9103964.0,35,62
9103982.0,25,44
9103994.0,34,44
9104003.0,36,52
9104057.0,38,89
9104172.0,37,89
9104199.0,27,43
9104224.0,33,44
9104244.0,27,52
9104255.0,31,43
9104384.0,29,83
9104424.0,33,41
9104430.0,27,54
9104455.0,24,41
9104466.0,38,49
9104549.0,28,61
9104563.0,27,62
9104576.0,24,45
9104679.0,32,41
9104738.0,28,54
9104763.0,36,52
9104778.0,25,41
9104869.0,37,52
9104935.0,28,39
9104974.0,35,57
9104996.0,38,47
9105149.0,24,41
9105166.0,27,52
9105172.0,30,62
9105172.0,26,46
9105227.0,46,90
9105254.0,36,51
9105261.0,25,43
9105284.0,31,62
9105360.0,36,53
9105391.0,27,51
9105396.0,27,54
9105426.0,37,74
9105468.0,29,62
9105472.0,34,64
9105495.0,26,43
9105496.0,26,48
9105545.0,34,47
9105558.0,41,89
9105617.0,37,44
9105636.0,28,43
9105641.0,31,42
9105659.0,27,62
9105669.0,31,43
9105756.0,35,48
9105782.0,30,38
9105830.0,25,46
9105832.0,37,45
9105852.0,29,62
9105868.0,34,45
9105886.0,27,51
9105890.0,29,42
9105892.0,27,50
9105901.0,32,40
9105921.0,26,45
9105941.0,34,88
9105976.0,34,44
9106061.0,27,62
9106066.0,36,54
9106086.0,27,52
9106089.0,32,44
9106105.0,30,51
9106121.0,26,48
9106147.0,33,40
9106170.0,25,46
9106222.0,24,44
9106256.0,36,47
9106346.0,37,69
9106350.0,59,85
9106500.0,37,51
9106511.0,25,47
9106530.0,34,46
9106538.0,27,45
9106549.0,34,43
9106563.0,28,64
9106601.0,32,39
9106690.0,27,64
9106746.0,37,52
9106804.0,35,47
9106857.0,36,48
9106859.0,38,48
9106999.0,28,53
9107088.0,39,45
9107131.0,29,41
9107158.0,25,47
9107264.0,28,43
9107367.0,32,43
9107400.0,29,40
9107427.0,35,46
9107451.0,28,40
9107501.0,26,47
9107514.0,27,40
9107525.0,39,43
9107535.0,32,43
9107565.0,39,44
9107575.0,37,46
9107639.0,34,87
9107716.0,28,42
9107755.0,28,44
9107767.0,35,55
9107809.0,34,42
9107822.0,26,48
9107847.0,29,44
9107861.0,33,39
9107868.0,39,46
9107898.0,35,62
9107922.0,30,44
9108020.0,27,51
9108072.0,38,50
9108083.0,36,66
9108226.0,36,50
9108285.0,38,49
9108380.0,28,62
9108389.0,35,45
9108454.0,30,43
9108459.0,27,62
9108477.0,26,48
9108495.0,29,58
9108535.0,30,45
9108571.0,38,51
9108588.0,37,51
9108590.0,43,90
9108605.0,29,45
9108617.0,35,64
9108625.0,35,62
9108654.0,30,57
9108702.0,27,50
9108703.0,39,45
9108713.0,29,62
9108717.0,36,50
9108729.0,27,45
9108757.0,66,85
9108765.0,33,86
9108970.0,36,55
9109048.0,27,41
9109203.0,30,45
9109212.0,33,40
9109223.0,34,86
9109253.0,27,43
9109270.0,29,39
9109273.0,39,46
9109323.0,25,48
9109363.0,28,46
9109381.0,53,114
9109420.0,35,61
9109428.0,27,44
9109474.0,26,41
9109511.0,32,41
9109522.0,28,52
9109546.0,27,40
9109555.0,28,42
9109579.0,25,45
9109586.0,28,46
9109611.0,34,58
9109638.0,26,46
9109654.0,27,70
9109656.0,25,44
9109659.0,30,42
9109679.0,33,46
9109706.0,35,46
9109717.0,27,49
9109727.0,35,63
9109770.0,36,54
9109785.0,28,41
9109804.0,28,52
9109815.0,38,51
9109892.0,27,43
9109932.0,32,44
9109947.0,38,50
9109983.0,30,44
9110003.0,27,48
9110074.0,27,68
9110080.0,25,46
9110087.0,37,48
9110101.0,32,43
9110104.0,39,48
9110105.0,32,45
9110114.0,29,55
9110152.0,26,43
9110154.0,37,53
9110162.0,27,61
9110171.0,25,44
9110184.0,34,41
9110208.0,35,44
9110262.0,37,69
9110304.0,29,43
9110320.0,32,40
9110323.0,35,45
9110350.0,27,62
9110369.0,28,57
9110370.0,25,46
9110473.0,39,47
9110479.0,37,52
9110499.0,42,90
9110594.0,28,60
9110610.0,27,48
9110625.0,28,51
9110640.0,27,43
9110719.0,37,53
9110719.0,28,40
9110795.0,38,44
9110810.0,30,41
9110893.0,28,53
9110928.0,34,40
9110944.0,36,46
9110981.0,39,43
9111002.0,37,46
9111021.0,35,43
9111046.0,29,39
9111054.0,40,44
9111067.0,29,46
9111193.0,25,44
9111277.0,27,43
9111302.0,38,44
9111313.0,38,46
9111322.0,37,46
9111356.0,37,53
9111444.0,33,44
9111460.0,37,54
9111484.0,33,39
9111497.0,37,68
9111514.0,29,39
9111555.0,28,45
9111569.0,24,43
9111587.0,36,47
9111648.0,38,46
9111697.0,25,44
9111698.0,28,53
9111704.0,28,59
9111773.0,16,46
9111825.0,27,39
9111842.0,30,39
9111889.0,25,43
9111896.0,30,40
9111912.0,32,40
9111920.0,17,46
9111932.0,32,42
9111951.0,35,44
9111961.0,33,44
9111981.0,39,49
9112004.0,24,43
9112008.0,32,41
9112057.0,39,48
9112061.0,27,39
9112107.0,34,42
9112108.0,27,52
9112138.0,40,46
9112228.0,30,44
9112232.0,29,43
9112269.0,38,44
9112328.0,16,46
9112328.0,37,53
9112343.0,30,45
9112398.0,38,46
9112458.0,29,53
9112481.0,27,52
9112524.0,28,44
9112577.0,35,57
9112577.0,36,61
9112585.0,40,50
9112611.0,38,44
9112617.0,29,42
9112625.0,37,47
9112646.0,36,56
9112682.0,40,44
9112740.0,47,86
9112747.0,28,44
9112867.0,36,60
9112880.0,40,45
9112907.0,27,47
9112978.0,38,46
9112984.0,38,52
9113004.0,46,89
9113023.0,26,47
9113056.0,39,50
9113067.0,31,45
9113083.0,35,43
9113131.0,26,45
9113187.0,25,44
9113247.0,29,54
9113251.0,26,46
9113255.0,35,56
9113316.0,31,44
9113367.0,46,89
9113401.0,36,46
9113430.0,40,50
9113448.0,38,45
9113463.0,35,42
9113507.0,29,61
9113516.0,30,44
9113537.0,29,54
9113648.0,38,89
9113655.0,27,44
9113657.0,26,50
9113720.0,25,50
9113730.0,36,55
9113738.0,36,59
9113773.0,25,44
9113809.0,40,46
9113812.0,31,45
9113827.0,40,50
9113883.0,39,44
9113898.0,26,46
9113935.0,33,41
9113937.0,29,61
9113958.0,46,89
9113960.0,26,50
9113997.0,28,50
9114018.0,41,44
9114044.0,28,52
9114046.0,39,49
9114166.0,27,42
9114204.0,28,44
9114230.0,31,43
9114234.0,35,41
9114242.0,27,43
9114333.0,38,53
9114375.0,27,40
9114402.0,40,45
9114467.0,28,49
9114488.0,33,49
9114536.0,37,54
9114537.0,39,51
9114583.0,31,45
9114598.0,29,41
9114628.0,35,40
9114658.0,28,43
9114698.0,39,50
9114717.0,36,57
9114721.0,40,47
9114731.0,31,42
9114958.0,28,45
9115020.0,27,42
9115050.0,29,38
9115058.0,39,48
9115167.0,33,40
9115169.0,28,42
9115175.0,36,66
9115233.0,31,45
9115264.0,26,44
9115311.0,34,40
9115312.0,31,44
9115325.0,26,58
9115356.0,29,45
9115365.0,28,40
9115401.0,38,46
9115429.0,27,59
9115476.0,30,55
9115531.0,36,60
9115723.0,40,47
9115771.0,41,44
9115906.0,28,51
9115923.0,36,46
9116002.0,36,61
9116008.0,38,73
9116038.0,31,41
9116044.0,31,44
9116071.0,36,48
9116122.0,38,47
9116132.0,35,47
9116152.0,36,45
9116156.0,39,51
9116167.0,27,46
9116235.0,28,44
9116272.0,36,44
9116304.0,29,40
9116310.0,31,61
9116349.0,40,48
9116355.0,30,43
9116416.0,33,41
9116515.0,36,62
9116546.0,40,46
9116625.0,31,39
9116654.0,27,41
9116833.0,39,45
9116879.0,36,89
9116923.0,27,46
9117059.0,41,45
9117073.0,36,63
9117075.0,38,52
9117086.0,31,45
9117089.0,30,56
9117139.0,29,51
9117161.0,26,43
9117425.0,40,48
9117478.0,40,44
9117482.0,38,53
9117559.0,35,40
9117594.0,28,40
9117628.0,29,60
9117669.0,36,41
9117715.0,30,42
9117715.0,27,46
9117748.0,30,59
9117822.0,29,40
9117864.0,38,54
9117912.0,33,40
9117927.0,36,42
9117964.0,36,60
9117968.0,39,52
9117969.0,31,57
9118031.0,29,44
9118081.0,31,38
9118128.0,35,57
9118152.0,29,52
9118188.0,34,45
9118194.0,36,43
9118215.0,29,53
9118246.0,36,58
9118267.0,32,43
9118274.0,31,44
9118345.0,28,43
9118362.0,40,90
9118383.0,27,41
9118439.0,35,46
9118474.0,39,54
9118515.0,35,57
9118525.0,27,45
9118578.0,30,46
9118620.0,36,61
9118634.0,36,64
9118748.0,27,46
9118786.0,31,57
9118803.0,41,45
9118834.0,27,45
9118858.0,26,45
9118898.0,37,54
9118941.0,39,52
9118982.0,36,56
9119030.0,30,54
9119032.0,39,51
9119033.0,41,46
9119056.0,32,42
9119064.0,35,83
9119071.0,36,62
9119153.0,27,46
9119164.0,32,45
9119199.0,28,41
9119244.0,37,55
9119292.0,38,48
9119372.0,38,54
9119397.0,30,54
9119437.0,34,57
9119446.0,29,46
9119449.0,34,40
9119452.0,36,41
9119453.0,37,46
9119464.0,26,45
9119472.0,29,43
9119495.0,40,49
9119500.0,30,40
9119505.0,28,47
9119527.0,32,44
9119588.0,30,41
9119611.0,35,57
9119684.0,37,48
9119703.0,32,45
9119704.0,36,44
9119725.0,31,44
9119745.0,34,40
9119830.0,31,43
9119897.0,36,40
9119923.0,27,46
9119970.0,41,46
9119973.0,32,41
9119991.0,27,45
9120030.0,35,88
9120047.0,31,58
9120070.0,29,42
9120072.0,41,47
9120150.0,35,65
9120187.0,37,45
9120205.0,40,50
9120263.0,33,39
9120310.0,30,55
9120354.0,34,39
9120435.0,39,52
9120509.0,28,42
9120614.0,33,87
9120691.0,36,59
9120737.0,27,46
9120759.0,29,49
9120854.0,40,49
9120863.0,36,63
9120947.0,27,44
9121070.0,34,39
9121111.0,29,48
9121124.0,36,62
9121125.0,36,64
9121130.0,29,44
9121160.0,29,45
9121173.0,32,40
9121185.0,36,40
9121197.0,40,46
9121245.0,37,43
9121279.0,35,43
9121327.0,40,45
9121336.0,27,46
9121350.0,39,46
9121458.0,31,42
9121526.0,32,38
9121527.0,38,53
9121542.0,31,54
9121543.0,30,53
9121583.0,40,46
9121589.0,32,39
9121610.0,42,45
9121617.0,53,86
9121669.0,32,42
9121672.0,39,48
9121783.0,35,64
9121832.0,36,39
9121849.0,40,51
9121855.0,40,45
9121874.0,33,45
9121876.0,37,42
9121877.0,28,46
9121920.0,50,91
9121921.0,29,50
9121982.0,38,54
9121989.0,30,46
9122126.0,27,43
9122129.0,37,44
9122177.0,33,88
9122198.0,28,50
9122206.0,37,57
9122215.0,29,47
9122367.0,41,47
9122408.0,32,45
9122425.0,34,43
9122451.0,37,56
9122487.0,32,39
9122538.0,37,43
9122546.0,39,52
9122550.0,39,47
9122562.0,29,50
9122568.0,39,53
9122602.0,41,48
9122610.0,29,41
9122638.0,37,41
9122715.0,37,44
9122730.0,32,44
9122747.0,31,56
9122795.0,30,45
9122796.0,110,91
9122816.0,30,44
9122835.0,42,45
9122955.0,28,45
9122973.0,35,45
9122999.0,33,44
9123005.0,37,68
9123032.0,30,43
9123041.0,29,52
9123070.0,37,44
9123078.0,30,39
9123164.0,40,45
9123182.0,31,40
9123199.0,41,49
9123243.0,33,40
9123251.0,29,50
9123315.0,40,52
9123316.0,36,65
9123352.0,37,46
9123383.0,42,46
9123390.0,37,45
9123395.0,31,41
9123395.0,55,110
9123419.0,29,43
9123470.0,35,45
9123521.0,40,44
9123531.0,29,52
9123549.0,30,43
9123584.0,37,40
9123665.0,32,39
9123670.0,40,51
9123708.0,33,40
9123773.0,38,48
9123779.0,41,48
9123794.0,33,43
9123796.0,34,87
9123848.0,36,61
9123958.0,29,50
9123966.0,39,48
9124017.0,38,55
9124026.0,40,50
9124035.0,30,45
9124047.0,29,42
9124093.0,31,43
9124121.0,40,44
9124128.0,37,51
9124149.0,40,51
9124257.0,31,55
9124279.0,33,39
9124293.0,41,50
9124382.0,30,43
9124461.0,32,42
9124490.0,28,44
9124503.0,30,52
9124526.0,30,55
9124549.0,41,49
9124559.0,32,39
9124574.0,37,41
9124580.0,29,49
9124660.0,29,46
9124693.0,32,43
9124711.0,30,63
9124732.0,30,42
9124756.0,33,40
9124799.0,28,44
9124837.0,31,43
9124857.0,42,47
9124875.0,37,47
9124916.0,40,51
9124924.0,37,40
9124935.0,42,46
9124943.0,28,43
9124958.0,33,42
9125034.0,29,46
9125042.0,41,45
9125046.0,33,40
9125057.0,30,51
9125066.0,53,105
9125091.0,29,51
9125122.0,37,59
9125194.0,28,43
9125241.0,29,64
9125336.0,30,54
9125377.0,39,54
9125381.0,32,44
9125395.0,37,39
9125424.0,30,62
9125426.0,33,41
9125442.0,40,52
9125451.0,40,47
9125457.0,29,51
9125489.0,28,44
9125516.0,28,42
9125539.0,29,50
9125542.0,32,42
9125569.0,40,46
9125648.0,33,45
9125677.0,31,40
9125679.0,38,46
9125680.0,33,41
9125760.0,38,47
9125772.0,31,44
9125774.0,29,46
9125777.0,28,63
9125818.0,37,56
9125851.0,43,45
9125853.0,36,64
9125859.0,28,44
9125917.0,33,38
9125920.0,38,45
9125932.0,40,51
9125949.0,41,50
9125981.0,41,51
9125992.0,31,56
9126024.0,38,56
9126040.0,29,47
9126102.0,42,47
9126154.0,32,43
9126159.0,29,46
9126224.0,30,44
9126284.0,31,45
9126345.0,39,46
9126367.0,31,44
9126374.0,28,43
9126376.0,33,38
9126377.0,34,37
9126469.0,38,43
9126472.0,29,50
9126477.0,32,42
9126516.0,40,51
9126528.0,41,49
9126534.0,29,61
9126538.0,40,53
9126563.0,30,57
9126591.0,39,53
9126650.0,29,65
9126656.0,33,45
9126675.0,33,40
9126710.0,30,39
9126718.0,31,39
9126719.0,31,58
9126766.0,42,48
9126790.0,28,43
9126808.0,40,52
9126831.0,54,104
9126979.0,31,56
9126997.0,37,58
9127022.0,30,41
9127028.0,41,50
9127084.0,41,45
9127187.0,38,46
9127221.0,29,50
9127326.0,31,44
9127335.0,29,45
9127360.0,38,42
9127380.0,42,87
9127397.0,38,44
9127405.0,38,45
9127429.0,30,40
9127442.0,31,46
9127476.0,38,41
9127479.0,30,60
9127489.0,30,50
9127496.0,36,40
9127499.0,32,41
9127514.0,32,56
9127553.0,38,90
9127570.0,38,55
9127571.0,33,38
9127623.0,41,89
9127707.0,30,49
9127794.0,32,40
9127823.0,29,46
9127825.0,46,88
9127829.0,33,44
9127846.0,36,43
9127859.0,40,48
9127874.0,30,52
9127941.0,31,44
9127950.0,31,56
9127965.0,27,39
9128037.0,38,56
9128040.0,43,46
9128080.0,42,48
9128086.0,30,43
9128135.0,36,43
9128147.0,35,39
9128165.0,29,46
9128212.0,34,37
9128221.0,37,61
9128395.0,29,44
9128480.0,28,68
9128488.0,37,57
9128531.0,42,47
9128532.0,30,48
9128556.0,38,40
9128614.0,36,44
9128659.0,29,44
9128674.0,38,42
9128690.0,38,72
9128694.0,34,45
9128747.0,38,43
9128840.0,29,43
9128856.0,34,43
9128867.0,41,47
9128883.0,41,51
9128902.0,38,41
9128904.0,32,39
9128911.0,34,42
9128912.0,35,42
9128918.0,42,45
9128922.0,33,38
9128951.0,29,66
9128964.0,36,44
9128973.0,30,42
9128986.0,35,38
9129019.0,32,38
9129043.0,40,47
9129043.0,34,45
9129056.0,41,46
9129088.0,30,47
9129113.0,30,48
9129115.0,31,43
9129123.0,33,43
9129125.0,31,56
9129127.0,32,41
9129151.0,33,44
9129155.0,33,42
9129167.0,34,38
9129272.0,33,45
9129290.0,31,45
9129294.0,41,52
9129296.0,31,40
9129300.0,42,49
9129309.0,31,42
9129385.0,34,44
9129393.0,53,78
9129434.0,34,39
9129501.0,32,61
9129540.0,36,40
9129542.0,39,54
9129603.0,32,46
9129634.0,38,70
9129646.0,34,40
9129655.0,37,70
9129692.0,34,41
9129697.0,39,55
9129702.0,32,38
9129731.0,64,84
9129731.0,36,62
9129790.0,43,47
9129838.0,31,51
9129885.0,43,46
9129891.0,29,44
9129925.0,34,44
9129932.0,39,43
9130020.0,37,63
9130055.0,31,55
9130109.0,37,60
9130217.0,33,43
9130250.0,36,52
9130260.0,44,90
9130331.0,29,44
9130336.0,39,48
9130340.0,39,46
9130361.0,31,56
9130438.0,41,52
9130515.0,36,38
9130535.0,30,48
9130546.0,39,44
9130548.0,31,41
9130596.0,34,45
9130618.0,37,62
9130626.0,29,42
9130677.0,36,52
9130746.0,38,39
9130767.0,43,48
9130795.0,37,64
9130873.0,30,48
9130912.0,39,47
9130949.0,42,49
9130994.0,31,41
9131004.0,39,42
9131027.0,30,46
9131047.0,43,47
9131061.0,30,47
9131070.0,36,39
9131090.0,32,55
9131127.0,38,56
9131173.0,34,44
9131189.0,34,42
9131197.0,42,50
9131232.0,37,59
9131238.0,31,53
9131314.0,37,44
9131357.0,30,51
9131426.0,35,49
9131431.0,27,47
9131447.0,39,45
9131451.0,32,44
9131490.0,37,45
9131508.0,39,43
9131518.0,30,61
9131539.0,31,44
9131555.0,39,40
9131581.0,39,44
9131584.0,40,53
9131603.0,34,45
9131642.0,39,41
9131645.0,27,47
9131663.0,40,49
9131667.0,33,41
9131668.0,29,46
9131729.0,33,40
9131737.0,43,48
9131760.0,34,44
9131771.0,37,66
9131796.0,42,45
9131819.0,31,43
9131841.0,31,39
9131843.0,30,50
9131876.0,39,46
9132033.0,30,45
9132049.0,40,54
9132068.0,29,46
9132079.0,36,41
9132080.0,110,97
9132124.0,33,42
9132133.0,35,39
9132140.0,37,45
9132174.0,35,38
9132188.0,37,48
9132202.0,31,60
9132257.0,37,63
9132258.0,38,57
9132259.0,33,39
9132330.0,43,47
9132366.0,43,45
9132443.0,44,45
9132478.0,37,39
9132486.0,40,48
9132499.0,44,46
9132503.0,35,41
9132518.0,36,41
9132563.0,39,42
9132565.0,37,40
9132587.0,31,42
9132592.0,31,50
9132702.0,37,41
9132717.0,30,45
9132720.0,32,41
9132730.0,41,47
9132760.0,37,60
9132770.0,41,52
9132771.0,36,41
9132790.0,32,43
9132800.0,42,47
9132841.0,42,51
9132848.0,34,45
9132923.0,41,53
9132957.0,35,40
9133011.0,43,48
9133021.0,38,58
9133036.0,40,50
9133043.0,34,53
9133048.0,42,50
9133084.0,39,41
9133086.0,42,46
9133094.0,35,39
9133107.0,39,45
9133107.0,43,49
9133134.0,31,58
9133207.0,30,49
9133209.0,39,39
9133213.0,35,42
9133257.0,31,49
9133282.0,30,44
9133470.0,38,59
9133483.0,31,59
9133495.0,39,44
9133512.0,37,39
9133512.0,34,43
9133517.0,31,48
9133544.0,26,67
9133545.0,32,42
9133592.0,30,46
9133607.0,44,46
9133610.0,32,58
9133678.0,34,44
9133688.0,31,47
9133785.0,36,37
9133790.0,26,66
9133799.0,41,46
9133859.0,37,61
9133890.0,49,50
9133906.0,37,68
9133941.0,35,43
9134006.0,41,48
9134030.0,39,54
9134051.0,35,86
9134099.0,37,64
9134101.0,34,42
9134119.0,35,39
9134174.0,30,59
9134177.0,33,46
9134184.0,31,51
9134194.0,30,45
9134216.0,40,54
9134225.0,42,51
9134233.0,32,39
9134247.0,39,56
9134344.0,49,50
9134383.0,32,58
9134417.0,28,45
9134462.0,31,50
9134478.0,40,51
9134524.0,35,39
9134603.0,41,46
9134621.0,35,44
9134631.0,41,53
9134636.0,39,40
9134649.0,37,40
9134649.0,37,65
9134690.0,39,55
9134706.0,43,46
9134709.0,31,53
9134725.0,32,57
9134734.0,54,83
9134762.0,38,57
9134827.0,38,73
9134857.0,43,49
9134920.0,32,40
9134926.0,38,60
9134940.0,35,45
9134952.0,37,41
9135040.0,44,47
9135092.0,43,46
9135118.0,34,40
9135133.0,35,40
9135173.0,40,55
9135188.0,39,40
9135201.0,32,58
9135245.0,30,43
9135277.0,37,45
9135289.0,35,44
9135290.0,40,47
9135307.0,40,43
9135310.0,30,42
9135340.0,34,41
9135341.0,40,46
9135355.0,34,42
9135419.0,38,42
9135432.0,40,44
9135442.0,32,40
9135456.0,41,46
9135516.0,37,67
9135549.0,29,74
9135554.0,40,45
9135565.0,30,64
9135622.0,39,40
9135636.0,37,87
9135668.0,39,56
9135693.0,42,90
9135694.0,40,42
9135702.0,39,89
9135710.0,40,90
9135727.0,28,64
9135733.0,40,48
9135743.0,32,56
9135750.0,39,48
9135752.0,43,46
9135760.0,30,42
9135768.0,35,40
9135777.0,35,41
9135787.0,28,75
9135789.0,40,41
9135798.0,31,46
9135851.0,35,39
9135863.0,37,63
9135930.0,34,43
9135936.0,41,53
9135945.0,29,45
9135959.0,33,45
9135960.0,45,46
9135968.0,28,64
9136054.0,43,50
9136055.0,43,46
9136111.0,35,44
9136127.0,57,56
9136130.0,32,58
9136136.0,34,40
9136157.0,29,45
9136158.0,38,41
9136158.0,41,49
9136188.0,43,49
9136237.0,28,69
9136261.0,31,49
9136262.0,38,72
9136302.0,33,44
9136313.0,29,68
9136326.0,32,56
9136348.0,35,40
9136368.0,31,47
9136393.0,31,48
9136396.0,34,41
9136398.0,32,55
9136413.0,40,49
9136440.0,44,47
9136459.0,39,88
9136460.0,38,58
9136475.0,40,43
9136481.0,41,49
9136500.0,36,41
9136506.0,42,46
9136513.0,35,44
9136563.0,30,42
9136575.0,27,68
9136617.0,34,39
9136624.0,32,58
9136624.0,38,41
9136684.0,31,54
9136762.0,31,41
9136771.0,33,42
9136780.0,40,40
9136800.0,110,100
9136807.0,40,47
9136824.0,44,48
9136875.0,42,52
9136885.0,35,45
9136904.0,37,38
9136942.0,40,45
9136946.0,31,44
9136994.0,40,42
9136995.0,40,39
9137013.0,32,44
9137014.0,40,46
9137019.0,30,42
9137020.0,45,46
9137024.0,38,61
9137038.0,33,42
9137064.0,36,39
9137071.0,43,45
9137096.0,36,42
9137104.0,38,43
9137108.0,33,43
9137112.0,37,58
9137121.0,43,46
9137210.0,40,48
9137216.0,43,47
9137248.0,38,67
9137251.0,35,40
9137257.0,41,54
9137268.0,32,56
9137275.0,31,54
9137328.0,33,46
9137333.0,43,50
9137362.0,41,49
9137401.0,33,40
9137426.0,27,68
9137462.0,39,88
9137472.0,31,48
9137662.0,40,44
9137667.0,42,48
9137669.0,41,49
9137683.0,38,58
9137693.0,31,57
9137704.0,44,49
9137705.0,36,40
9137711.0,38,42
9137742.0,38,43
9137751.0,27,68
9137779.0,41,48
9137783.0,33,58
9137811.0,33,42
9137833.0,74,56
9137836.0,38,59
9137919.0,27,65
9137925.0,36,38
9137989.0,32,59
9138022.0,27,53
9138031.0,37,89
9138052.0,40,41
9138054.0,44,48
9138154.0,75,57
9138165.0,30,42
9138202.0,42,47
9138235.0,31,48
9138246.0,37,90
9138259.0,33,42
9138291.0,35,43
9138410.0,33,41
9138464.0,32,54
9138477.0,75,57
9138479.0,33,58
9138488.0,41,48
9138503.0,31,45
9138564.0,37,88
9138597.0,36,41
9138603.0,35,42
9138619.0,38,38
9138629.0,40,46
9138633.0,40,56
9138667.0,33,41
9138723.0,37,62
9138786.0,38,60
9138799.0,35,41
9138801.0,32,49
9138840.0,44,49
9138844.0,32,61
9138850.0,41,49
9138894.0,37,90
9138925.0,32,50
9138953.0,31,44
9138968.0,45,47
9138981.0,65,57
9139045.0,33,61
9139073.0,42,53
9139083.0,31,43
9139101.0,33,58
9139111.0,59,61
9139120.0,33,42
9139158.0,31,41
9139189.0,36,41
9139205.0,39,57
9139214.0,36,42
9139217.0,31,48
9139220.0,33,62
9139277.0,33,61
9139280.0,39,41
9139321.0,40,40
9139378.0,31,42
9139384.0,45,46
9139396.0,41,49
9139408.0,38,61
9139415.0,33,42
9139421.0,36,43
9139427.0,32,41
9139437.0,32,47
9139445.0,38,42
9139503.0,41,41
9139522.0,33,41
9139528.0,34,46
9139542.0,31,41
9139549.0,41,43
9139570.0,40,55
9139616.0,31,46
9139652.0,36,44
9139674.0,35,44
9139749.0,40,43
9139779.0,30,44
9139780.0,35,39
9139790.0,37,63
9139799.0,32,48
9139799.0,36,42
9139827.0,34,50
9139852.0,37,64
9139890.0,39,40
9139917.0,36,45
9139945.0,41,45
9139967.0,34,62
9139988.0,43,51
9139993.0,44,46
9140039.0,29,43
9140087.0,39,41
9140215.0,33,45
9140243.0,41,44
9140263.0,32,51
9140277.0,35,40
9140279.0,43,52
9140302.0,43,50
9140311.0,33,60
9140416.0,33,41
9140426.0,45,47
9140437.0,41,40
9140442.0,41,42
9140445.0,35,43
9140473.0,32,52
9140482.0,40,56
9140489.0,32,53
9140496.0,37,40
9140551.0,29,43
9140651.0,36,45
9140685.0,41,46
9140705.0,41,41
9140734.0,43,47
9140775.0,31,41
9140794.0,39,57
9140884.0,45,48
9140959.0,41,55
9140988.0,32,47
9141024.0,31,64
9141188.0,32,54
9141203.0,39,41
9141276.0,42,49
9141307.0,34,41
9141353.0,41,49
9141358.0,38,62
9141400.0,34,44
9141421.0,35,39
9141465.0,32,55
9141503.0,32,44
9141542.0,39,41
9141550.0,43,52
9141563.0,41,43
9141607.0,42,54
9141659.0,37,39
9141694.0,33,43
9141699.0,41,45
9141742.0,34,42
9141750.0,32,46
9141795.0,37,41
9141813.0,35,42
9141847.0,41,40
9141854.0,44,50
9141868.0,37,38
9141880.0,38,69
9141949.0,33,44
9141984.0,41,48
9141995.0,41,41
9142002.0,42,53
9142004.0,41,46
9142030.0,31,64
9142050.0,33,55
9142061.0,30,65
9142096.0,43,48
9142098.0,39,44
9142101.0,34,45
9142106.0,14,118
9142123.0,40,48
9142129.0,45,46
9142133.0,59,68
9142151.0,34,43
9142153.0,41,47
9142168.0,32,41
9142174.0,40,56
9142178.0,69,71
9142206.0,37,41
9142207.0,37,39
9142218.0,35,41
9142242.0,33,41
9142269.0,38,73
9142279.0,42,48
9142325.0,36,43
9142334.0,33,56
9142355.0,38,63
9142357.0,37,65
9142362.0,32,57
9142374.0,45,48
9142416.0,41,45
9142438.0,54,75
9142448.0,41,39
9142554.0,36,44
9142557.0,34,40
9142574.0,44,47
9142601.0,32,48
9142607.0,45,49
9142638.0,38,57
9142656.0,41,55
9142658.0,46,47
9142715.0,44,50
9142737.0,32,50
9142755.0,42,48
9142759.0,34,46
9142774.0,33,42
9142783.0,39,40
9142810.0,13,118
9142820.0,44,47
9142842.0,32,57
9142855.0,27,70
9142866.0,32,45
9142893.0,33,39
9142899.0,31,41
9142914.0,34,40
9142974.0,43,53
9143032.0,36,42
9143046.0,32,42
9143075.0,37,43
9143106.0,37,39
9143149.0,31,50
9143180.0,30,63
9143196.0,33,39
9143198.0,26,69
9143220.0,38,43
9143223.0,14,118
9143234.0,37,40
9143251.0,41,45
9143262.0,32,43
9143264.0,42,54
9143272.0,37,44
9143333.0,39,39
9143341.0,30,66
9143353.0,41,47
9143392.0,44,46
9143394.0,37,41
9143427.0,41,44
9143453.0,37,42
9143471.0,42,42
9143488.0,39,58
9143490.0,36,40
9143497.0,34,39
9143520.0,42,40
9143574.0,32,48
9143581.0,37,39
9143591.0,31,41
9143618.0,13,118
9143703.0,42,43
9143735.0,36,39
9143747.0,40,43
9143758.0,45,49
9143760.0,35,46
9143790.0,34,40
9143791.0,40,39
9143808.0,37,40
9143822.0,37,41
9143858.0,43,90
9143922.0,38,71
9143925.0,34,39
9143931.0,36,41
9143935.0,32,45
9143944.0,34,45
9143962.0,46,47
9143962.0,40,43
9143989.0,33,54
9144003.0,40,41
9144007.0,42,49
9144009.0,44,46
9144095.0,31,62
9144099.0,34,40
9144110.0,38,62
9144112.0,44,51
9144208.0,32,53
9144210.0,39,44
9144211.0,14,118
9144245.0,38,52
9144251.0,40,39
9144306.0,44,50
9144330.0,28,72
9144333.0,42,50
9144347.0,39,38
9144360.0,42,44
9144390.0,41,49
9144404.0,36,43
9144447.0,45,49
9144482.0,33,48
9144518.0,40,50
9144520.0,33,39
9144521.0,41,46
9144535.0,43,53
9144557.0,32,53
9144594.0,34,44
9144626.0,42,42
9144654.0,46,48
9144666.0,40,40
9144681.0,37,45
9144686.0,42,50
9144693.0,42,41
9144696.0,40,43
9144747.0,43,52
9144781.0,33,49
9144820.0,38,40
9144821.0,45,50
9144836.0,40,50
9144838.0,44,47
9144858.0,33,39
9144874.0,35,41
9144889.0,38,42
9144894.0,37,39
9144904.0,42,43
9144905.0,42,45
9144918.0,33,53
9144919.0,39,45
9144927.0,40,40
9144953.0,41,42
9144966.0,44,46
9145041.0,42,40
9145060.0,40,42
9145072.0,38,38
9145095.0,43,49
9145121.0,37,45
9145147.0,38,39
9145224.0,37,67
9145245.0,13,118
9145259.0,39,59
9145317.0,44,51
9145340.0,35,42
9145363.0,40,38
9145364.0,40,43
9145378.0,45,46
9145400.0,43,48
9145416.0,46,48
9145419.0,35,39
9145428.0,40,44
9145455.0,40,42
9145462.0,39,43
9145476.0,38,63
9145491.0,44,46
9145496.0,42,42
9145504.0,37,41
9145510.0,14,118
9145562.0,35,45
9145563.0,33,50
9145576.0,42,44
9145615.0,41,42
9145673.0,35,43
9145681.0,32,44
9145682.0,39,41
9145729.0,35,42
9145736.0,40,41
9145741.0,41,55
9145762.0,39,61
9145779.0,40,89
9145798.0,33,47
9145801.0,34,43
9145812.0,32,51
9145818.0,41,89
9145852.0,32,45
9145861.0,42,45
9145861.0,33,52
9145867.0,37,41
9145934.0,40,57
9145982.0,41,42
9146037.0,42,54
9146045.0,35,44
9146051.0,33,42
9146067.0,42,46
9146089.0,45,50
9146111.0,35,40
9146171.0,33,56
9146179.0,13,118
9146184.0,37,66
9146187.0,31,54
9146188.0,44,52
9146208.0,36,42
9146216.0,38,41
9146218.0,39,49
9146260.0,37,39
9146274.0,33,57
9146287.0,32,44
9146297.0,39,41
9146311.0,38,64
9146359.0,37,44
9146445.0,45,47
9146491.0,34,41
9146502.0,42,55
9146534.0,33,46
9146549.0,39,58
9146564.0,33,48
9146572.0,42,41
9146572.0,42,40
9146589.0,43,54
9146664.0,14,118
9146714.0,39,41
9146731.0,44,51
9146736.0,37,42
9146741.0,38,58
9146749.0,33,57
9146767.0,40,46
9146771.0,45,91
9146810.0,34,42
9146844.0,38,42
9146863.0,41,56
9146902.0,39,60
9146947.0,33,41
9146952.0,46,48
9146980.0,40,39
9147006.0,37,43
9147017.0,42,43
9147056.0,33,43
9147058.0,33,48
9147086.0,42,48
9147119.0,40,41
9147128.0,33,44
9147151.0,32,44
9147189.0,42,49
9147209.0,43,41
9147253.0,39,57
9147255.0,42,39
9147260.0,40,56
9147269.0,33,41
9147284.0,44,91
9147287.0,35,42
9147323.0,33,45
9147332.0,43,49
9147369.0,44,48
9147378.0,39,61
9147386.0,45,51
9147409.0,45,50
9147474.0,42,47
9147498.0,33,57
9147557.0,41,39
9147566.0,47,48
9147568.0,40,38
9147576.0,42,46
9147597.0,33,44
9147599.0,46,49
9147606.0,41,41
9147612.0,34,88
9147632.0,33,45
9147634.0,32,44
9147675.0,39,41
9147689.0,33,43
9147709.0,39,39
9147723.0,35,42
9147728.0,33,51
9147747.0,40,45
9147751.0,29,68
9147789.0,43,53
9147826.0,41,42
9147831.0,37,43
9147833.0,40,57
9147881.0,33,55
9147931.0,42,55
9147932.0,38,44
9148011.0,40,43
9148016.0,37,41
9148017.0,42,45
9148018.0,37,40
9148123.0,37,44
9148166.0,29,68
9148166.0,43,43
9148182.0,34,89
9148206.0,33,42
9148210.0,43,49
9148211.0,33,45
9148213.0,33,44
9148231.0,40,45
9148276.0,33,43
9148288.0,47,47
9148290.0,41,48
9148324.0,43,44
9148330.0,39,58
9148375.0,44,53
9148375.0,43,54
9148428.0,46,46
9148465.0,43,42
9148475.0,35,45
9148495.0,41,39
9148509.0,33,41
9148521.0,42,49
9148535.0,46,49
9148551.0,33,47
9148562.0,31,59
9148562.0,33,48
9148582.0,33,49
9148626.0,39,40
9148652.0,38,63
9148671.0,33,45
9148675.0,31,60
9148679.0,33,42
9148688.0,40,42
9148691.0,33,58
9148697.0,33,46
9148707.0,42,47
9148741.0,45,51
9148770.0,14,118
9148779.0,32,52
9148799.0,43,41
9148871.0,42,48
9148877.0,43,50
9148976.0,43,49
9148977.0,33,43
9148981.0,33,50
9149018.0,47,48
9149026.0,47,47
9149040.0,46,50
9149080.0,50,96
9149094.0,43,40
9149094.0,27,67
9149101.0,45,47
9149106.0,31,61
9149118.0,39,62
9149136.0,37,42
9149158.0,43,45
9149169.0,33,49
9149170.0,38,62
9149181.0,38,52
9149202.0,46,46
9149232.0,40,49
9149239.0,39,38
9149261.0,47,47
9149279.0,41,44
9149280.0,43,43
9149314.0,33,47
9149335.0,33,54
9149384.0,31,58
9149411.0,13,118
9149432.0,43,54
9149439.0,43,44
9149457.0,43,49
9149497.0,46,49
9149501.0,38,65
9149515.0,30,61
9149519.0,33,52
9149526.0,24,46
9149539.0,33,41
9149556.0,41,38
9149559.0,33,42
9149563.0,34,47
9149578.0,43,42
9149594.0,30,68
9149635.0,34,49
9149685.0,35,46
9149696.0,35,44
9149711.0,50,97
9149716.0,38,43
9149718.0,41,43
9149772.0,44,48
9149786.0,39,39
9149787.0,33,49
9149806.0,46,46
9149808.0,36,41
9149830.0,44,53
9149848.0,41,39
9149863.0,39,41
9149872.0,39,38
9149881.0,14,118
9149897.0,30,61
9149905.0,41,45
9149934.0,43,45
9149967.0,38,61
9149986.0,44,49
9149995.0,36,42
9149997.0,23,47
9150003.0,60,49
9150016.0,41,41
9150018.0,33,43
9150025.0,34,49
9150027.0,38,43
9150033.0,46,47
9150040.0,38,53
9150048.0,41,42
9150058.0,32,53
9150080.0,30,68
9150088.0,61,50
9150105.0,42,50
9150124.0,36,46
9150152.0,39,39
9150181.0,37,45
9150187.0,43,49
9150221.0,43,50
9150233.0,43,51
9150288.0,33,41
9150303.0,39,41
9150309.0,32,62
9150342.0,46,50
9150358.0,41,43
9150374.0,33,49
9150402.0,45,51
9150425.0,46,46
9150497.0,33,47
9150507.0,43,49
9150507.0,61,50
9150526.0,43,50
9150527.0,34,49
9150535.0,43,46
9150568.0,33,42
9150585.0,38,66
9150630.0,32,40
9150636.0,42,41
9150638.0,45,52
9150649.0,33,43
9150684.0,36,43
9150702.0,43,45
9150711.0,38,40
9150733.0,36,40
9150734.0,47,48
9150760.0,23,47
9150809.0,43,40
9150818.0,39,38
9150828.0,44,54
9150839.0,39,42
9150896.0,35,42
9150900.0,38,90
9150904.0,43,51
9150916.0,40,46
9150970.0,34,62
9150975.0,33,39
9151009.0,39,54
9151014.0,38,42
9151033.0,33,47
9151074.0,34,46
9151086.0,34,49
9151102.0,45,48
9151109.0,39,59
9151117.0,42,40
9151125.0,40,39
9151127.0,33,45
9151129.0,38,46
9151133.0,33,42
9151151.0,38,67
9151171.0,41,57
9151172.0,33,41
9151268.0,43,55
9151270.0,40,45
9151286.0,38,45
9151291.0,64,50
9151293.0,42,55
9151295.0,36,39
9151303.0,33,62
9151308.0,39,41
9151331.0,44,50
9151341.0,34,42
9151363.0,38,41
9151373.0,47,49
9151406.0,43,44
9151414.0,38,69
9151435.0,43,50
9151448.0,36,52
9151449.0,42,49
9151466.0,39,50
9151479.0,33,39
9151482.0,39,43
9151509.0,41,46
9151515.0,43,46
9151556.0,38,44
9151595.0,49,89
9151618.0,44,53
9151624.0,36,45
9151628.0,35,38
9151676.0,39,41
9151720.0,33,49
9151722.0,33,42
9151728.0,43,51
9151730.0,34,44
9151759.0,43,47
9151788.0,38,46
9151798.0,34,41
9151850.0,49,87
9151862.0,33,43
9151868.0,46,50
9151869.0,38,43
9151884.0,36,44
9151889.0,30,67
9151931.0,41,49
9151932.0,43,48
9151935.0,40,38
9151940.0,39,43
9151952.0,39,91
9151954.0,34,50
9151969.0,33,41
9151977.0,44,41
9151985.0,34,45
9151995.0,34,55
9152006.0,34,49
9152010.0,36,45
9152034.0,41,43
9152055.0,33,49
9152056.0,36,47
9152069.0,47,47
9152107.0,34,43
9152140.0,33,53
9152147.0,34,47
9152156.0,40,40
9152166.0,39,44
9152173.0,44,43
9152233.0,38,45
9152242.0,42,42
9152273.0,38,39
9152303.0,33,39
9152331.0,33,43
9152343.0,43,51
9152359.0,47,47
9152361.0,43,55
9152366.0,57,58
9152399.0,41,44
9152407.0,42,56
9152530.0,34,45
9152588.0,34,47
9152611.0,37,39
9152622.0,33,41
9152633.0,33,53
9152645.0,44,49
9152678.0,39,43
9152688.0,40,60
9152696.0,27,68
9152717.0,36,44
9152720.0,38,41
9152730.0,40,41
9152731.0,44,40
9152742.0,34,49
9152759.0,35,38
9152827.0,41,57
9152856.0,40,58
9152875.0,46,51
9152917.0,40,57
9152928.0,44,41
9152965.0,47,49
9152973.0,43,49
9152991.0,43,47
9152997.0,43,48
9153023.0,44,42
9153023.0,44,54
9153035.0,42,43
9153040.0,43,51
9153041.0,48,48
9153064.0,36,46
9153113.0,34,48
9153134.0,30,64
9153147.0,34,53
9153149.0,44,44
9153185.0,34,47
9153258.0,40,39
9153302.0,44,45
9153322.0,42,38
9153332.0,34,48
9153350.0,47,47
9153354.0,43,51
9153360.0,45,53
9153379.0,30,68
9153396.0,43,50
9153401.0,33,56
9153454.0,34,56
9153467.0,34,51
9153489.0,38,40
9153497.0,39,45
9153500.0,38,70
9153515.0,42,56
9153532.0,34,57
9153599.0,46,83
9153618.0,46,47
9153673.0,37,40
9153681.0,45,48
9153688.0,44,43
9153700.0,38,65
9153706.0,34,47
9153728.0,45,52
9153734.0,38,66
9153802.0,34,49
9153817.0,44,50
9153852.0,47,50
9153862.0,45,49
9153876.0,47,47
9153889.0,36,41
9153920.0,40,42
9153926.0,42,40
9153927.0,46,48
9153970.0,31,65
9153988.0,34,48
9153988.0,39,63
9153995.0,33,43
9154003.0,34,56
9154025.0,45,48
9154035.0,36,42
9154116.0,43,48
9154124.0,44,50
9154158.0,44,40
9154183.0,39,40
9154190.0,46,51
9154192.0,46,83
9154260.0,45,49
9154265.0,37,41
9154302.0,34,46
9154313.0,33,53
9154341.0,39,59
9154381.0,36,43
9154413.0,45,53
9154435.0,42,44
9154493.0,37,44
9154517.0,48,49
9154590.0,40,43
9154699.0,39,41
9154701.0,43,40
9154736.0,37,46
9154758.0,34,45
9154759.0,37,42
9154759.0,42,44
9154774.0,44,46
9154783.0,44,50
9154786.0,31,87
9154815.0,43,49
9154825.0,37,43
9154846.0,35,46
9154858.0,42,45
9154873.0,44,43
9154875.0,34,52
9154876.0,47,50
9154877.0,39,46
9154887.0,44,45
9154890.0,46,47
9154977.0,35,42
9154978.0,43,50
9154986.0,34,48
9154997.0,37,45
9155048.0,36,45
9155055.0,35,48
9155109.0,39,43
9155133.0,43,46
9155134.0,32,59
9155138.0,37,54
9155148.0,41,46
9155179.0,32,64
9155223.0,39,42
9155235.0,39,39
9155240.0,44,44
9155250.0,36,44
9155324.0,40,58
9155371.0,34,50
9155400.0,33,64
9155410.0,34,56
9155413.0,39,64
9155427.0,39,46
9155455.0,39,62
9155469.0,37,43
9155470.0,47,48
9155473.0,42,41
9155489.0,43,55
9155491.0,45,41
9155498.0,33,60
9155500.0,34,59
9155524.0,45,49
9155561.0,40,41
9155562.0,35,56
9155583.0,40,61
9155613.0,38,46
9155618.0,41,45
9155618.0,37,55
9155643.0,39,63
9155689.0,41,39
9155689.0,46,52
9155717.0,44,46
9155761.0,34,59
9155767.0,35,89
9155847.0,42,43
9155851.0,39,40
9155855.0,46,48
9155895.0,35,47
9155909.0,45,50
9155963.0,45,53
9156041.0,43,39
9156111.0,40,42
9156158.0,35,57
9156162.0,38,40
9156164.0,39,43
9156168.0,40,59
9156189.0,39,44
9156233.0,44,51
9156241.0,37,47
9156248.0,45,43
9156266.0,48,49
9156266.0,44,47
9156274.0,45,42
9156291.0,35,49
9156295.0,47,50
9156318.0,41,46
9156330.0,37,43
9156344.0,44,54
9156346.0,43,42
9156415.0,35,44
9156544.0,40,44
9156566.0,45,41
9156602.0,39,45
9156608.0,41,40
9156675.0,72,58
9156700.0,35,43
9156717.0,45,54
9156719.0,30,73
9156820.0,47,51
9156821.0,37,43
9156845.0,39,41
9156901.0,40,43
9156908.0,42,46
9156945.0,44,55
9156956.0,43,42
9157000.0,38,39
9157054.0,46,49
9157064.0,45,53
9157071.0,45,40
9157078.0,41,40
9157084.0,29,72
9157086.0,33,63
9157110.0,44,40
9157114.0,45,44
9157117.0,41,41
9157125.0,35,45
9157180.0,34,51
9157245.0,35,46
9157263.0,37,68
9157264.0,43,43
9157267.0,38,41
9157277.0,45,43
9157277.0,40,61
9157283.0,38,67
9157283.0,41,39
9157288.0,40,45
9157314.0,39,42
9157324.0,43,56
9157331.0,46,52
9157358.0,40,43
9157360.0,39,46
9157365.0,56,72
9157387.0,39,44
9157401.0,43,40
9157423.0,44,40
9157460.0,44,46
9157474.0,39,41
9157493.0,29,72
9157589.0,34,55
9157673.0,29,75
9157676.0,43,43
9157696.0,37,41
9157696.0,35,45
9157724.0,45,41
9157741.0,39,41
9157764.0,45,42
9157768.0,42,56
9157789.0,44,48
9157806.0,41,89
9157831.0,43,56
9157877.0,45,45
9157885.0,41,38
9157895.0,44,45
9157903.0,42,44
9157940.0,44,47
9158013.0,41,58
9158050.0,47,51
9158089.0,39,45
9158120.0,55,82
9158154.0,35,52
9158192.0,45,43
9158194.0,6,91
9158215.0,29,75
9158229.0,34,55
9158244.0,38,43
9158247.0,37,42
9158294.0,34,53
9158300.0,28,76
9158309.0,45,42
9158319.0,41,43
9158320.0,35,60
9158363.0,41,42
9158404.0,47,48
9158426.0,37,43
9158447.0,42,45
9158461.0,43,42
9158464.0,48,50
9158473.0,44,49
9158522.0,45,50
9158533.0,45,46
9158550.0,45,49
9158570.0,41,38
9158574.0,48,49
9158576.0,40,40
9158597.0,46,53
9158634.0,35,50
9158638.0,39,61
9158697.0,45,42
9158706.0,43,56
9158712.0,45,54
9158718.0,40,46
9158726.0,42,57
9158732.0,35,45
9158734.0,35,49
9158734.0,40,42
9158752.0,38,40
9158754.0,43,48
9158769.0,44,40
9158798.0,44,55
9158825.0,36,42
9158854.0,45,40
9158943.0,44,50
9158958.0,45,44
9158963.0,42,40
9158979.0,45,49
9158992.0,42,38
9158997.0,35,47
9158997.0,41,42
9159039.0,34,59
9159077.0,40,39
9159083.0,34,40
9159102.0,38,42
9159107.0,45,48
9159113.0,36,42
9159118.0,38,40
9159129.0,43,44
9159138.0,41,57
9159165.0,40,41
9159182.0,35,48
9159217.0,46,49
9159232.0,37,47
9159249.0,38,46
9159258.0,34,56
9159260.0,35,59
9159262.0,48,48
9159313.0,37,53
9159323.0,41,38
9159382.0,47,47
9159386.0,44,48
9159392.0,45,42
9159399.0,36,41
9159428.0,43,44
9159465.0,49,49
9159497.0,38,42
9159510.0,41,41
9159512.0,35,49
9159526.0,46,41
9159537.0,40,43
9159548.0,40,59
9159574.0,41,42
9159598.0,35,47
9159659.0,34,58
9159669.0,39,39
9159693.0,44,41
9159713.0,40,42
9159714.0,35,59
9159719.0,41,38
9159742.0,45,42
9159749.0,45,46
9159753.0,39,40
9159761.0,37,45
9159763.0,46,49
9159776.0,46,53
9159838.0,40,44
9159838.0,44,49
9159899.0,46,42
9159918.0,34,55
9159921.0,36,41
9159961.0,47,47
9159986.0,35,49
9159993.0,42,39
9159994.0,41,42
9160018.0,39,39
9160042.0,44,43
9160068.0,47,52
9160071.0,41,41
9160075.0,45,45
9160076.0,34,44
9160095.0,39,41
9160098.0,37,44
9160136.0,45,49
9160137.0,33,61
9160164.0,42,47
9160180.0,47,49
9160249.0,42,46
9160279.0,43,51
9160281.0,33,61
9160312.0,41,43
9160321.0,38,44
9160343.0,31,62
9160357.0,45,47
9160377.0,48,50
9160381.0,36,44
9160388.0,44,50
9160391.0,42,41
9160400.0,36,42
9160403.0,36,43
9160406.0,43,45
9160408.0,31,63
9160418.0,46,41
9160446.0,39,73
9160475.0,44,40
9160486.0,27,63
9160514.0,44,42
9160529.0,28,64
9160552.0,35,51
9160559.0,45,51
9160566.0,46,49
9160581.0,41,38
9160598.0,35,47
9160629.0,46,43
9160632.0,44,39
9160675.0,46,44
9160702.0,39,41
9160709.0,49,49
9160727.0,34,44
9160762.0,45,55
9160795.0,36,45
9160811.0,36,41
9160823.0,27,63
9160903.0,35,47
9160935.0,40,44
9160953.0,46,42
9160955.0,35,55
9160955.0,38,45
9160978.0,46,50
9160997.0,43,45
9161027.0,42,40
9161032.0,47,47
9161051.0,43,43
9161055.0,40,45
9161117.0,38,83
9161139.0,41,41
9161156.0,35,49
9161165.0,29,68
9161172.0,43,46
9161189.0,39,41
9161260.0,45,47
9161294.0,49,50
9161296.0,35,55
9161306.0,42,50
9161325.0,41,44
9161376.0,38,83
9161386.0,36,48
9161389.0,45,46
9161423.0,46,44
9161444.0,36,41
9161477.0,39,41
9161485.0,45,48
9161572.0,35,49
9161587.0,44,42
9161587.0,37,82
9161605.0,43,46
9161607.0,40,43
9161687.0,34,50
9161753.0,45,40
9161775.0,54,94
9161820.0,39,42
9161827.0,41,40
9161889.0,36,48
9161908.0,42,42
9161932.0,39,40
9161933.0,35,50
9161973.0,44,91
9162003.0,41,45
9162013.0,43,46
9162034.0,41,41
9162070.0,46,54
9162078.0,45,40
9162090.0,46,45
9162142.0,44,41
9162147.0,46,53
9162202.0,29,68
9162206.0,34,64
9162209.0,49,50
9162221.0,44,56
9162231.0,36,46
9162233.0,39,39
9162239.0,40,46
9162251.0,35,59
9162283.0,44,44
9162288.0,44,50
9162301.0,40,73
9162302.0,36,45
9162305.0,37,82
9162325.0,36,47
9162327.0,39,63
9162342.0,45,47
9162364.0,48,51
9162397.0,47,52
9162405.0,40,61
9162408.0,44,45
9162468.0,42,53
9162471.0,45,42
9162482.0,46,44
9162489.0,42,58
9162492.0,41,42
9162497.0,44,52
9162504.0,34,54
9162531.0,29,72
9162533.0,42,41
9162562.0,44,51
9162563.0,45,48
9162583.0,38,41
9162595.0,42,57
9162605.0,45,41
9162614.0,47,49
9162635.0,41,45
9162644.0,40,62
9162674.0,30,85
9162697.0,44,45
9162700.0,39,39
9162716.0,34,47
9162723.0,35,51
9162726.0,42,53
9162745.0,48,51
9162769.0,46,43
9162793.0,39,41
9162797.0,39,40
9162805.0,46,41
9162825.0,42,47
9162826.0,46,45
9162878.0,44,52
9162880.0,39,43
9162885.0,38,42
9162889.0,39,65
9162907.0,49,51
9162907.0,40,91
9162958.0,35,54
9162986.0,48,51
9163001.0,44,40
9163029.0,38,44
9163040.0,45,42
9163058.0,38,43
9163079.0,43,46
9163108.0,46,54
9163109.0,35,51
9163140.0,43,47
9163148.0,35,53
9163181.0,43,40
9163230.0,41,43
9163250.0,46,46
9163256.0,45,55
9163356.0,45,51
9163360.0,40,59
9163379.0,36,48
9163387.0,37,41
9163410.0,48,49
9163413.0,44,48
9163430.0,41,45
9163443.0,44,49
9163448.0,46,50
9163464.0,49,50
9163469.0,37,42
9163511.0,45,42
9163515.0,43,39
9163533.0,44,42
9163534.0,42,43
9163536.0,43,91
9163549.0,48,52
9163560.0,45,39
9163565.0,41,42
9163573.0,43,57
9163578.0,39,44
9163584.0,111,76
9163588.0,40,46
9163617.0,45,49
9163671.0,41,46
9163675.0,58,61
9163729.0,41,39
9163795.0,47,52
9163814.0,47,42
9163818.0,35,52
9163833.0,35,55
9163856.0,44,45
9163858.0,43,52
9163930.0,48,51
9163949.0,39,40
9163953.0,47,43
9163994.0,49,49
9163997.0,40,40
9164025.0,41,44
9164043.0,36,44
9164053.0,45,93
9164069.0,36,51
9164069.0,36,63
9164110.0,39,39
9164114.0,37,44
9164137.0,45,42
9164145.0,45,40
9164155.0,40,90
9164156.0,35,51
9164161.0,39,45
9164163.0,43,46
9164191.0,44,45
9164203.0,43,45
9164215.0,44,56
9164216.0,47,41
9164220.0,39,71
9164221.0,36,49
9164276.0,46,46
9164280.0,41,45
9164304.0,38,46
9164325.0,43,39
9164356.0,42,44
9164428.0,46,51
9164432.0,35,49
9164435.0,40,40
9164451.0,39,40
9164485.0,44,46
9164497.0,45,52
9164529.0,45,41
9164531.0,36,51
9164534.0,48,52
9164568.0,39,39
9164579.0,42,40
9164628.0,43,52
9164630.0,47,50
9164639.0,44,43
9164642.0,46,47
9164656.0,47,43
9164740.0,33,57
9164752.0,35,49
9164756.0,48,50
9164780.0,45,43
9164784.0,46,45
9164857.0,36,44
9164859.0,39,64
9164860.0,47,53
9164870.0,42,42
9164885.0,41,43
9164887.0,35,51
9164896.0,43,41
9164905.0,50,50
9164925.0,44,44
9164945.0,41,41
9164977.0,47,42
9164978.0,47,50
9164997.0,43,50
9165004.0,45,49
9165026.0,37,43
9165119.0,40,39
9165172.0,47,44
9165188.0,49,51
9165205.0,56,83
9165209.0,40,63
9165212.0,45,42
9165213.0,110,91
9165230.0,42,58
9165254.0,43,39
9165323.0,43,57
9165328.0,48,52
9165345.0,45,44
9165352.0,45,50
9165387.0,46,41
9165410.0,42,41
9165422.0,40,39
9165428.0,36,51
9165440.0,45,42
9165450.0,39,40
9165523.0,46,47
9165541.0,39,72
9165552.0,42,40
9165630.0,40,41
9165632.0,43,42
9165671.0,44,56
9165683.0,42,42
9165696.0,39,44
9165703.0,40,40
9165708.0,39,47
9165731.0,36,50
9165737.0,39,41
9165777.0,39,42
9165781.0,47,41
9165785.0,35,63
9165822.0,41,45
9165823.0,38,42
9165831.0,47,50
9165835.0,47,45
9165893.0,43,47
9165904.0,45,48
9165934.0,39,39
9165945.0,37,45
9165948.0,39,73
9165954.0,28,66
9165958.0,35,51
9165972.0,47,44
9165972.0,28,67
9166007.0,50,50
9166015.0,38,47
9166095.0,41,44
9166111.0,39,40
9166134.0,36,50
9166152.0,39,39
9166155.0,40,42
9166157.0,45,43
9166166.0,46,54
9166188.0,38,67
9166231.0,35,51
9166247.0,39,66
9166344.0,47,53
9166376.0,46,47
9166399.0,45,56
9166419.0,28,67
9166426.0,38,41
9166433.0,42,45
9166451.0,41,46
9166470.0,28,66
9166531.0,48,50
9166659.0,40,43
9166676.0,49,51
9166708.0,46,48
9166724.0,47,43
9166780.0,45,45
9166781.0,49,49
9166798.0,45,50
9166835.0,48,53
9166837.0,34,61
9166877.0,44,45
9166903.0,41,59
9166934.0,45,49
9166945.0,42,41
9166962.0,38,74
9166962.0,36,52
9166965.0,47,54
9166994.0,39,66
9167000.0,42,44
9167020.0,37,44
9167032.0,43,43
9167083.0,44,40
9167123.0,39,55
9167146.0,37,46
9167149.0,47,49
9167150.0,46,43
9167174.0,46,51
9167178.0,28,66
9167219.0,46,42
9167222.0,37,47
9167238.0,45,51
9167238.0,39,46
9167242.0,47,45
9167248.0,45,44
9167276.0,40,42
9167281.0,39,65
9167305.0,44,41
9167306.0,49,49
9167336.0,45,43
9167342.0,46,40
9167343.0,39,43
9167356.0,36,50
9167378.0,36,52
9167400.0,46,55
9167440.0,45,41
9167446.0,37,48
9167553.0,42,44
9167557.0,42,42
9167570.0,48,42
9167585.0,42,43
9167591.0,50,51
9167651.0,45,44
9167660.0,47,49
9167662.0,47,46
9167678.0,45,55
9167737.0,43,48
9167741.0,44,40
9167770.0,39,46
9167783.0,45,42
9167816.0,44,57
9167818.0,46,49
9167825.0,44,47
9167855.0,48,43
9167874.0,39,66
9167901.0,44,39
9167904.0,47,54
9167966.0,48,52
9168011.0,35,53
9168059.0,39,66
9168087.0,49,52
9168093.0,39,68
9168094.0,44,47
9168133.0,43,47
9168155.0,39,69
9168160.0,48,49
9168169.0,36,53
9168210.0,40,43
9168210.0,45,50
9168266.0,41,40
9168279.0,40,44
9168281.0,42,46
9168331.0,46,48
9168346.0,44,40
9168364.0,36,49
9168381.0,48,53
9168382.0,44,48
9168382.0,41,41
9168399.0,37,49
9168422.0,40,64
9168428.0,45,42
9168447.0,48,49
9168457.0,44,46
9168535.0,47,41
9168552.0,44,39
9168569.0,52,101
9168592.0,29,70
9168600.0,47,51
9168608.0,45,56
9168633.0,47,47
9168643.0,39,47
9168652.0,43,48
9168657.0,41,46
9168660.0,48,42
9168665.0,50,51
9168667.0,45,42
9168681.0,45,46
9168684.0,40,43
9168702.0,46,41
9168705.0,39,44
9168705.0,35,54
9168714.0,35,53
9168714.0,40,44
9168766.0,38,42
9168814.0,43,58
9168815.0,45,39
9168823.0,42,44
9168826.0,41,60
9168834.0,44,42
9168865.0,47,46
9168892.0,45,51
9168896.0,49,50
9168962.0,44,57
9168972.0,47,54
9168988.0,48,43
9169014.0,36,49
9169029.0,43,44
9169036.0,40,42
9169054.0,43,43
9169083.0,48,44
9169164.0,41,42
9169213.0,43,41
9169215.0,46,44
9169226.0,41,59
9169230.0,49,52
9169234.0,44,42
9169237.0,48,50
9169249.0,49,50
9169275.0,48,51
9169325.0,44,50
9169375.0,41,39
9169377.0,35,53
9169385.0,40,60
9169463.0,50,51
9169520.0,40,45
9169587.0,39,45
9169588.0,48,51
9169607.0,46,42
9169638.0,40,44
9169645.0,32,59
9169685.0,42,47
9169740.0,44,39
9169746.0,46,55
9169761.0,48,45
9169774.0,37,46
9169782.0,36,52
9169806.0,35,54
9169811.0,43,40
9169825.0,36,48
9169869.0,41,42
9169893.0,40,39
9169909.0,40,44
9169946.0,45,44
9169965.0,42,40
9169988.0,38,43
9169988.0,37,48
9169991.0,23,45
9170005.0,41,39
9170073.0,43,45
9170074.0,46,56
9170104.0,47,47
9170110.0,46,52
9170144.0,35,58
9170147.0,35,59
9170157.0,37,47
9170161.0,40,62
9170183.0,36,52
9170216.0,40,63
9170227.0,38,91
9170229.0,44,42
9170248.0,46,49
9170266.0,44,39
9170268.0,41,43
9170298.0,40,42
9170304.0,35,54
9170309.0,45,40
9170312.0,35,55
9170314.0,48,44
9170323.0,22,44
9170324.0,49,50
9170371.0,40,47
9170382.0,38,43
9170409.0,43,43
9170421.0,42,45
9170454.0,44,41
9170459.0,43,42
9170548.0,35,59
9170548.0,40,46
9170580.0,47,94
9170661.0,46,50
9170667.0,46,45
9170668.0,45,52
9170687.0,47,50
9170702.0,44,43
9170704.0,40,47
9170755.0,44,57
9170789.0,36,48
9170829.0,42,59
9170835.0,47,51
9170854.0,46,43
9170858.0,33,62
9170881.0,47,48
9170881.0,48,46
9170886.0,44,47
9170905.0,49,50
9170954.0,48,51
9170956.0,40,43
9171042.0,41,42
9171057.0,42,46
9171105.0,48,53
9171113.0,51,51
9171128.0,39,90
9171130.0,44,43
9171146.0,40,89
9171180.0,36,52
9171182.0,32,62
9171191.0,45,41
9171200.0,43,41
9171238.0,38,44
9171256.0,36,51
9171276.0,48,45
9171291.0,47,42
9171300.0,23,45
9171333.0,46,56
9171413.0,48,54
9171415.0,47,50
9171416.0,64,92
9171421.0,33,62
9171427.0,45,57
9171464.0,35,54
9171498.0,47,43
9171499.0,42,41
9171580.0,47,52
9171628.0,35,52
9171659.0,49,50
9171660.0,43,43
9171700.0,38,56
9171719.0,45,45
9171747.0,46,50
9171751.0,38,46
9171761.0,47,48
9171769.0,35,56
9171769.0,40,47
9171770.0,48,46
9171773.0,41,43
9171784.0,35,59
9171786.0,43,44
9171798.0,43,58
9171849.0,49,43
9171867.0,34,89
9171909.0,36,51
9171911.0,50,50
9171923.0,41,42
9171929.0,41,44
9171938.0,49,44
9171939.0,37,49
9171970.0,37,42
9171980.0,32,62
9172036.0,58,72
9172050.0,45,42
9172063.0,37,56
9172065.0,50,52
9172101.0,39,90
9172114.0,47,55
9172157.0,43,42
9172188.0,45,46
9172204.0,44,41
9172214.0,44,43
9172254.0,37,51
9172259.0,35,54
9172277.0,48,54
9172315.0,40,44
9172318.0,39,47
9172349.0,39,42
9172385.0,33,62
9172443.0,46,44
9172459.0,41,42
9172462.0,46,51
9172470.0,47,42
9172484.0,35,52
9172504.0,49,42
9172508.0,25,58
9172511.0,47,44
9172594.0,46,45
9172594.0,44,43
9172596.0,36,51
9172599.0,47,41
9172608.0,36,54
9172611.0,40,45
9172624.0,41,58
9172637.0,43,46
9172659.0,43,43
9172670.0,38,48
9172674.0,39,42
9172686.0,49,43
9172690.0,43,40
9172726.0,44,44
9172750.0,49,50
9172753.0,48,47
9172788.0,49,53
9172813.0,43,44
9172831.0,38,45
9172840.0,46,45
9172851.0,38,47
9172856.0,43,46
9172886.0,25,58
9172918.0,39,90
9172923.0,35,57
9172930.0,39,69
9172932.0,37,52
9172948.0,46,49
9172985.0,49,44
9172995.0,46,50
9173000.0,46,46
9173040.0,45,41
9173139.0,35,56
9173155.0,41,42
9173190.0,44,58
9173216.0,39,41
9173217.0,39,43
9173235.0,46,53
9173273.0,42,42
9173276.0,35,54
9173279.0,32,63
9173306.0,42,91
9173334.0,46,56
9173338.0,38,45
9173360.0,50,52
9173370.0,48,46
9173377.0,36,53
9173397.0,47,55
9173401.0,36,54
9173405.0,47,49
9173434.0,37,52
9173450.0,45,42
9173474.0,49,45
9173481.0,51,51
9173488.0,37,50
9173535.0,46,45
9173550.0,44,41
9173563.0,47,43
9173623.0,47,48
9173658.0,44,42
9173667.0,41,42
9173678.0,48,42
9173686.0,45,42
9173711.0,48,51
9173729.0,41,45
9173767.0,39,43
9173826.0,35,56
9173830.0,49,53
9173830.0,48,54
9173859.0,42,47
9173866.0,46,51
9173928.0,47,43
9173930.0,33,42
9173936.0,41,42
9173966.0,35,54
9174001.0,40,43
9174044.0,49,44
9174050.0,42,43
9174066.0,48,52
9174079.0,45,57
9174109.0,48,47
9174116.0,47,52
9174149.0,41,44
9174161.0,41,46
9174171.0,41,61
9174193.0,43,45
9174193.0,40,46
9174221.0,51,52
9174260.0,36,55
9174262.0,40,47
9174271.0,47,42
9174359.0,40,65
9174360.0,39,43
9174367.0,49,51
9174373.0,37,52
9174388.0,35,56
9174417.0,48,83
9174437.0,39,42
9174447.0,47,45
9174449.0,35,54
9174456.0,48,48
9174463.0,44,43
9174478.0,43,47
9174486.0,39,44
9174512.0,38,43
9174512.0,39,41
9174560.0,35,58
9174590.0,41,42
9174609.0,33,42
9174621.0,47,56
9174703.0,45,43
9174715.0,49,46
9174721.0,45,42
9174725.0,44,40
9174773.0,43,41
9174800.0,35,56
9174831.0,41,44
9174880.0,49,45
9174910.0,44,42
9174933.0,45,47
9175002.0,41,43
9175005.0,40,64
9175024.0,44,45
9175034.0,46,45
9175069.0,46,41
9175070.0,39,43
9175076.0,36,52
9175082.0,50,43
9175089.0,65,95
9175099.0,48,41
9175101.0,45,43
9175165.0,43,46
9175189.0,39,67
9175241.0,38,49
9175267.0,46,53
9175291.0,41,62
9175304.0,49,54
9175311.0,51,52
9175360.0,45,48
9175375.0,39,45
9175386.0,37,53
9175419.0,46,47
9175462.0,50,53
9175465.0,40,63
9175479.0,43,45
9175488.0,48,48
9175524.0,50,51
9175536.0,44,58
9175553.0,46,46
9175566.0,48,43
9175570.0,39,41
9175600.0,45,41
9175631.0,49,46
9175655.0,38,48
9175660.0,36,52
9175661.0,46,53
9175662.0,36,54
9175728.0,42,43
9175762.0,43,59
9175780.0,40,47
9175800.0,42,41
9175812.0,47,44
9175819.0,46,47
9175842.0,47,46
9175863.0,44,43
9175864.0,47,50
9175878.0,43,42
9175900.0,39,43
9175915.0,46,40
9175982.0,49,49
9176094.0,45,44
9176097.0,45,48
9176102.0,49,51
9176141.0,50,51
9176151.0,39,41
9176220.0,45,43
9176231.0,47,53
9176262.0,46,42
9176263.0,50,53
9176276.0,49,54
9176354.0,48,55
9176370.0,40,42
9176377.0,45,51
9176378.0,41,47
9176392.0,42,44
9176420.0,41,46
9176429.0,50,44
9176447.0,39,47
9176466.0,48,44
9176480.0,39,43
9176485.0,49,47
9176490.0,45,43
9176536.0,40,43
9176564.0,64,94
9176571.0,45,42
9176625.0,47,49
9176643.0,46,52
9176649.0,38,47
9176649.0,38,46
9176676.0,41,46
9176681.0,39,41
9176691.0,46,42
9176701.0,48,53
9176720.0,48,48
9176744.0,46,47
9176746.0,36,56
9176763.0,44,46
9176769.0,49,42
9176797.0,46,57
9176800.0,41,47
9176816.0,48,41
9176840.0,45,57
9176855.0,42,58
9176864.0,44,44
9176877.0,45,41
9176916.0,49,49
9176935.0,50,51
9176945.0,57,55
9176952.0,51,51
9176959.0,38,45
9176961.0,39,46
9176974.0,41,45
9176987.0,38,46
9176990.0,42,41
9176995.0,50,43
9176998.0,44,45
9177005.0,46,46
9177006.0,39,47
9177007.0,37,51
9177056.0,47,46
9177126.0,47,43
9177126.0,50,53
9177141.0,41,44
9177146.0,50,45
9177234.0,49,46
9177250.0,47,50
9177261.0,48,42
9177264.0,39,40
9177272.0,66,100
9177278.0,50,44
9177288.0,44,46
9177293.0,43,43
9177359.0,43,59
9177382.0,48,55
9177406.0,45,92
9177424.0,49,47
9177427.0,47,40
9177436.0,46,42
9177457.0,39,46
9177499.0,43,47
9177514.0,41,47
9177566.0,39,41
9177589.0,39,43
9177618.0,37,51
9177619.0,48,43
9177651.0,49,54
9177670.0,48,49
9177671.0,43,42
9177674.0,49,50
9177678.0,39,40
9177716.0,39,47
9177730.0,47,40
9177797.0,51,52
9177818.0,46,47
9177834.0,46,54
9177838.0,52,84
9177911.0,42,45
9177916.0,46,42
9178037.0,44,41
9178061.0,48,45
9178089.0,47,45
9178093.0,47,41
9178095.0,46,48
9178116.0,39,44
9178126.0,39,43
9178156.0,46,43
9178177.0,39,45
9178190.0,47,56
9178192.0,45,42
9178200.0,41,47
9178204.0,45,58
9178205.0,47,51
9178209.0,50,45
9178210.0,49,48
9178218.0,44,45
9178268.0,49,43
9178277.0,42,42
9178283.0,43,48
9178310.0,44,100
9178345.0,85,88
9178371.0,46,51
9178389.0,39,74
9178407.0,44,40
9178412.0,39,44
9178424.0,50,53
9178440.0,35,64
9178451.0,47,53
9178492.0,40,43
9178534.0,51,53
9178550.0,47,40
9178561.0,48,52
9178591.0,45,45
9178625.0,47,47
9178690.0,49,47
9178697.0,57,54
9178724.0,42,43
9178735.0,48,43
9178760.0,35,59
9178761.0,45,53
9178774.0,45,43
9178783.0,41,45
9178794.0,39,46
9178806.0,45,100
9178823.0,43,48
9178838.0,47,57
9178858.0,46,57
9178862.0,36,52
9178889.0,41,48
9178899.0,39,43
9178900.0,50,46
9178966.0,58,57
9178971.0,30,69
9178982.0,37,51
9179056.0,57,55
9179057.0,40,64
9179137.0,50,54
9179142.0,49,48
9179199.0,41,91
9179206.0,45,48
9179231.0,44,40
9179252.0,39,43
9179268.0,52,52
9179292.0,46,42
9179302.0,72,53
9179315.0,44,42
9179331.0,51,53
9179357.0,41,47
9179361.0,45,58
9179402.0,57,55
9179458.0,49,42
9179468.0,41,46
9179472.0,49,41
9179475.0,48,50
9179485.0,36,52
9179498.0,51,44
9179511.0,46,42
9179526.0,48,55
9179533.0,48,44
9179551.0,41,59
9179619.0,38,50
9179620.0,40,65
9179636.0,44,47
9179658.0,37,51
9179662.0,46,53
9179666.0,53,91
9179667.0,39,41
9179693.0,49,44
9179724.0,47,46
9179740.0,46,41
9179746.0,41,42
9179750.0,57,54
9179766.0,50,46
9179782.0,48,46
9179787.0,40,58
9179804.0,48,49
9179820.0,41,47
9179854.0,46,49
9179875.0,34,58
9179880.0,51,51
9179882.0,43,43
9179916.0,47,51
9179916.0,49,48
9179931.0,36,51
9179967.0,40,44
9179977.0,42,42
9179991.0,46,44
9180033.0,37,91
9180060.0,37,49
9180063.0,42,59
9180067.0,41,41
9180073.0,47,42
9180086.0,49,55
9180108.0,43,44
9180119.0,72,53
9180141.0,74,53
9180180.0,36,53
9180182.0,45,44
9180218.0,48,53
9180220.0,32,62
9180221.0,47,47
9180250.0,49,52
9180267.0,37,52
9180353.0,37,54
9180369.0,41,59
9180396.0,34,58
9180434.0,51,51
9180444.0,48,56
9180445.0,38,49
9180483.0,45,41
9180514.0,37,50
9180519.0,43,44
9180532.0,46,47
9180534.0,38,52
9180538.0,49,42
9180573.0,36,57
9180579.0,39,67
9180584.0,40,58
9180606.0,50,47
9180613.0,47,47
9180618.0,47,52
9180634.0,44,59
9180664.0,50,52
9180689.0,43,59
9180695.0,33,60
9180740.0,44,45
9180745.0,48,50
9180771.0,34,62
9180782.0,43,41
9180788.0,42,46
9180843.0,41,41
9180849.0,48,44
9180871.0,44,58
9180877.0,50,54
9180881.0,43,45
9180887.0,37,49
9180897.0,33,60
9180904.0,51,53
9180922.0,42,43
9180924.0,40,58
9180938.0,38,44
9180943.0,57,54
9180994.0,44,46
9181015.0,38,40
9181028.0,37,58
9181028.0,45,46
9181063.0,43,41
9181075.0,38,91
9181082.0,49,48
9181116.0,43,44
9181124.0,45,58
9181135.0,51,45
9181148.0,40,90
9181161.0,37,51
9181165.0,49,45
9181205.0,47,43
9181225.0,39,49
9181231.0,47,57
9181246.0,44,43
9181251.0,42,47
9181313.0,41,63
9181353.0,36,56
9181356.0,50,43
9181364.0,42,61
9181372.0,49,49
9181385.0,49,55
9181414.0,42,44
9181422.0,52,119
9181433.0,47,41
9181436.0,45,44
9181473.0,49,44
9181499.0,41,41
9181513.0,36,55
9181519.0,39,47
9181526.0,46,48
9181542.0,43,44
9181588.0,33,59
9181591.0,37,51
9181592.0,40,66
9181610.0,46,52
9181616.0,46,42
9181663.0,51,52
9181697.0,37,55
9181729.0,40,45
9181767.0,41,60
9181794.0,50,47
9181820.0,48,41
9181823.0,49,43
9181878.0,50,51
9181886.0,46,45
9181986.0,45,45
9182148.0,49,44
9182176.0,41,48
9182192.0,48,45
9182224.0,38,51
9182236.0,35,62
9182240.0,34,58
9182284.0,49,52
9182286.0,37,49
9182296.0,46,43
9182307.0,46,49
9182310.0,50,48
9182311.0,43,43
9182340.0,48,56
9182348.0,40,46
9182449.0,44,47
9182521.0,52,53
9182527.0,48,47
9182529.0,49,49
9182537.0,38,58
9182548.0,43,48
9182589.0,46,49
9182597.0,53,95
9182600.0,51,46
9182641.0,43,44
9182718.0,41,59
9182752.0,51,45
9182755.0,50,44
9182837.0,39,50
9182855.0,47,47
9182856.0,52,53
9182899.0,42,45
9182945.0,46,58
9182946.0,47,48
9182960.0,43,44
9182961.0,47,52
9182970.0,48,51
9182986.0,44,42
9182995.0,51,54
9183032.0,44,41
9183036.0,50,51
9183058.0,48,53
9183079.0,50,50
9183087.0,43,42
9183101.0,37,51
9183115.0,45,42
9183169.0,48,50
9183177.0,41,44
9183182.0,41,43
9183201.0,44,43
9183214.0,50,48
9183268.0,49,46
9183272.0,45,49
9183273.0,47,54
9183303.0,48,42
9183315.0,50,55
9183373.0,50,52
9183401.0,45,41
9183500.0,52,53
9183513.0,41,43
9183540.0,49,46
9183577.0,51,46
9183601.0,41,44
9183681.0,42,46
9183754.0,49,44
9183761.0,45,47
9183763.0,51,54
9183771.0,35,60
9183810.0,44,43
9183866.0,45,41
9183887.0,43,45
9183919.0,44,44
9183952.0,49,50
9184001.0,48,46
9184006.0,37,51
9184020.0,48,51
9184052.0,43,43
9184081.0,47,46
9184095.0,40,47
9184150.0,49,46
9184158.0,49,53
9184160.0,45,58
9184172.0,45,46
9184190.0,51,47
9184196.0,46,45
9184204.0,47,44
9184211.0,47,57
9184235.0,42,42
9184325.0,47,53
9184363.0,42,48
9184399.0,39,51
9184442.0,40,46
9184461.0,43,46
9184486.0,47,96
9184496.0,43,45
9184512.0,47,42
9184550.0,47,48
9184578.0,48,56
9184592.0,50,48
9184611.0,46,46
9184621.0,41,45
9184622.0,46,44
9184632.0,41,43
9184635.0,46,58
9184643.0,46,45
9184720.0,49,46
9184742.0,40,48
9184758.0,50,55
9184780.0,51,54
9184885.0,50,49
9184898.0,52,45
9184925.0,48,43
9184951.0,39,48
9184976.0,50,44
9184997.0,48,48
9185008.0,41,45
9185024.0,47,49
9185029.0,49,50
9185060.0,43,44
9185080.0,49,47
9185108.0,45,41
9185115.0,39,49
9185121.0,41,44
9185128.0,49,55
9185129.0,29,71
9185132.0,50,45
9185156.0,51,52
9185157.0,42,47
9185195.0,44,45
9185232.0,49,56
9185253.0,49,45
9185260.0,51,47
9185276.0,46,42
9185308.0,37,52
9185321.0,45,43
9185338.0,42,43
9185370.0,46,41
9185374.0,48,54
9185392.0,46,49
9185422.0,45,42
9185442.0,50,43
9185463.0,50,44
9185465.0,44,48
9185468.0,49,46
9185533.0,37,53
9185613.0,45,41
9185636.0,36,60
9185649.0,39,46
9185652.0,47,48
9185667.0,45,44
9185687.0,49,41
9185690.0,47,43
9185700.0,43,45
9185702.0,47,51
9185721.0,46,94
9185759.0,45,59
9185765.0,48,42
9185788.0,49,53
9185861.0,40,65
9185864.0,49,46
9185881.0,46,60
9185882.0,52,54
9185924.0,45,47
9185924.0,43,46
9185926.0,47,53
9185936.0,41,45
9185975.0,34,53
9185993.0,46,45
9186000.0,40,44
9186003.0,45,46
9186026.0,42,46
9186028.0,48,42
9186030.0,37,53
9186044.0,36,54
9186080.0,49,41
9186119.0,33,52
9186134.0,37,52
9186138.0,45,42
9186168.0,38,89
9186172.0,52,46
9186178.0,38,53
9186204.0,43,46
9186215.0,46,60
9186236.0,43,48
9186252.0,50,53
9186321.0,37,53
9186334.0,47,58
9186343.0,40,47
9186345.0,48,47
9186379.0,50,55
9186388.0,43,45
9186433.0,51,52
9186458.0,48,52
9186462.0,41,42
9186502.0,33,53
9186523.0,40,44
9186578.0,34,59
9186586.0,51,48
9186597.0,50,53
9186632.0,37,63
9186649.0,37,54
9186658.0,43,47
9186662.0,47,52
9186668.0,36,54
9186683.0,51,52
9186722.0,48,57
9186732.0,32,40
9186742.0,51,56
9186780.0,41,42
9186798.0,50,49
9186807.0,38,88
9186820.0,39,46
9186872.0,51,44
9186881.0,45,41
9186887.0,52,53
9186915.0,38,52
9186973.0,52,52
9186985.0,48,54
9186990.0,34,53
9187003.0,33,53
9187032.0,49,50
9187043.0,50,50
9187050.0,38,88
9187057.0,44,40
9187071.0,52,45
9187087.0,49,51
9187106.0,39,54
9187117.0,37,54
9187134.0,48,44
9187139.0,47,44
9187148.0,50,44
9187161.0,37,52
9187170.0,49,56
9187302.0,48,51
9187303.0,49,47
9187307.0,44,43
9187337.0,46,96
9187341.0,45,42
9187366.0,52,54
9187394.0,46,42
9187397.0,38,52
9187403.0,48,52
9187425.0,52,46
9187427.0,47,45
9187474.0,50,46
9187490.0,45,48
9187549.0,44,40
9187569.0,22,53
9187580.0,51,56
9187628.0,37,52
9187634.0,50,53
9187637.0,39,46
9187641.0,39,52
9187645.0,47,54
9187646.0,49,46
9187666.0,71,54
9187683.0,49,48
9187703.0,51,53
9187767.0,46,47
9187776.0,52,47
9187785.0,46,45
9187791.0,43,45
9187814.0,45,48
9187815.0,56,49
9187833.0,49,42
9187836.0,47,58
9187840.0,46,46
9187894.0,41,46
9187899.0,38,50
9187904.0,43,42
9187917.0,47,45
9187921.0,50,50
9187938.0,37,54
9187938.0,48,57
9187990.0,39,52
9188004.0,45,59
9188019.0,45,44
9188025.0,50,56
9188036.0,51,49
9188041.0,33,76
9188056.0,49,54
9188083.0,39,46
9188131.0,51,48
9188151.0,48,42
9188156.0,44,45
9188170.0,44,48
9188228.0,38,51
9188245.0,49,47
9188249.0,44,46
9188255.0,41,45
9188259.0,42,43
9188262.0,56,49
9188316.0,41,46
9188335.0,51,43
9188349.0,45,42
9188386.0,41,63
9188425.0,47,43
9188457.0,51,55
9188461.0,45,49
9188503.0,49,51
9188528.0,43,46
9188567.0,43,48
9188572.0,42,44
9188658.0,40,46
9188661.0,39,49
9188690.0,38,50
9188692.0,44,46
9188740.0,43,42
9188743.0,50,50
9188808.0,48,49
9188834.0,42,48
9188867.0,46,95
9188893.0,45,49
9188903.0,43,48
9189008.0,48,52
9189023.0,47,46
9189038.0,47,42
9189061.0,50,45
9189079.0,44,43
9189088.0,52,47
9189089.0,41,46
9189100.0,51,45
9189101.0,49,43
9189119.0,40,46
9189192.0,40,48
9189199.0,47,43
9189236.0,37,55
9189242.0,48,47
9189262.0,40,49
9189282.0,44,59
9189300.0,51,47
9189306.0,38,51
9189308.0,51,49
9189356.0,49,48
9189381.0,53,46
9189405.0,48,43
9189452.0,44,46
9189463.0,45,47
9189464.0,46,43
9189479.0,41,46
9189489.0,45,42
9189520.0,48,46
9189566.0,43,48
9189585.0,48,53
9189625.0,50,56
9189690.0,48,48
9189708.0,42,60
9189710.0,53,45
9189713.0,45,49
9189727.0,50,47
9189733.0,43,60
9189750.0,47,58
9189777.0,51,42
9189791.0,43,48
9189798.0,46,58
9189816.0,49,51
9189861.0,44,46
9189883.0,52,48
9189891.0,51,55
9189899.0,44,44
9189962.0,50,47
9189984.0,45,42
9189991.0,46,59
9189999.0,45,59
9190113.0,51,43
9190182.0,38,52
9190189.0,51,46
9190205.0,51,53
9190231.0,50,50
9190235.0,45,92
9190359.0,45,45
9190374.0,47,50
9190421.0,36,58
9190450.0,53,46
9190457.0,43,46
9190462.0,49,47
9190468.0,52,55
9190517.0,50,42
9190519.0,47,49
9190537.0,38,52
9190582.0,45,42
9190587.0,47,53
9190596.0,51,44
9190660.0,51,46
9190663.0,41,47
9190679.0,46,44
9190698.0,53,54
9190736.0,50,47
9190783.0,48,45
9190811.0,44,47
9190823.0,49,42
9190825.0,46,47
9190850.0,44,46
9190936.0,50,53
9190989.0,50,46
9191059.0,49,54
9191068.0,47,45
9191074.0,38,51
9191098.0,52,54
9191119.0,53,54
9191174.0,42,45
9191182.0,45,46
9191229.0,50,51
9191248.0,51,46
9191255.0,43,47
9191287.0,45,42
9191313.0,44,45
9191315.0,48,53
9191331.0,40,70
9191343.0,49,52
9191371.0,50,54
9191400.0,49,42
9191425.0,53,47
9191448.0,52,45
9191473.0,50,53
9191491.0,52,55
9191534.0,45,44
9191607.0,51,50
9191650.0,53,54
9191650.0,36,59
9191651.0,46,59
9191670.0,44,60
9191677.0,47,54
9191693.0,48,50
9191695.0,43,43
9191739.0,49,44
9191838.0,44,46
9191916.0,50,46
9191930.0,47,46
9191950.0,48,44
9191980.0,48,55
9191987.0,52,48
9192007.0,48,46
9192015.0,29,67
9192057.0,38,51
9192059.0,53,76
9192066.0,50,51
9192082.0,51,49
9192090.0,46,46
9192146.0,53,46
9192213.0,45,44
9192227.0,47,47
9192260.0,49,43
9192296.0,50,42
9192304.0,38,52
9192308.0,43,40
9192318.0,53,55
9192338.0,44,45
9192356.0,44,48
9192369.0,49,49
9192373.0,53,47
9192376.0,51,56
9192409.0,47,43
9192439.0,41,46
9192451.0,51,47
9192477.0,52,49
9192491.0,49,52
9192505.0,53,54
9192544.0,49,55
9192627.0,50,43
9192633.0,50,48
9192655.0,51,52
9192703.0,42,40
9192724.0,45,43
9192768.0,45,45
9192818.0,51,50
9192825.0,49,49
9192855.0,51,42
9192975.0,52,55
9193033.0,51,45
9193041.0,42,46
9193042.0,46,45
9193046.0,48,42
9193053.0,42,45
9193061.0,53,55
9193116.0,43,48
9193120.0,45,42
9193143.0,48,49
9193251.0,49,48
9193308.0,47,50
9193314.0,52,49
9193341.0,41,48
9193382.0,51,42
9193395.0,41,47
9193417.0,45,42
9193499.0,52,45
9193504.0,52,43
9193523.0,44,47
9193552.0,39,50
9193578.0,43,44
9193585.0,39,72
9193598.0,48,58
9193610.0,50,47
9193613.0,39,51
9193645.0,48,50
9193653.0,46,44
9193682.0,38,56
9193843.0,39,52
9193877.0,51,56
9193877.0,53,45
9193890.0,48,45
9193916.0,50,57
9193923.0,48,52
9193927.0,51,50
9193929.0,40,45
9193937.0,53,47
9193945.0,52,46
9193957.0,41,47
9193982.0,49,49
9193986.0,54,46
9194004.0,44,46
9194041.0,39,66
9194043.0,48,50
9194071.0,53,55
9194080.0,52,45
9194138.0,40,71
9194140.0,51,54
9194145.0,45,46
9194149.0,48,55
9194154.0,39,50
9194167.0,52,44
9194285.0,45,49
9194300.0,40,50
9194300.0,48,54
9194311.0,53,45
9194355.0,46,44
9194369.0,49,45
9194373.0,53,48
9194378.0,49,57
9194389.0,48,46
9194393.0,50,44
9194410.0,49,52
9194413.0,47,59
9194415.0,47,55
9194419.0,52,46
9194425.0,51,42
9194432.0,49,49
9194437.0,51,46
9194438.0,45,43
9194465.0,52,49
9194471.0,45,46
9194489.0,39,51
9194492.0,51,43
9194495.0,43,48
9194497.0,53,107
9194587.0,38,53
9194590.0,52,53
9194594.0,49,48
9194608.0,50,47
9194609.0,49,57
9194671.0,48,55
9194733.0,44,43
9194769.0,51,47
9194772.0,50,51
9194786.0,47,51
9194803.0,50,48
9194814.0,45,44
9194864.0,40,51
9194883.0,48,43
9194889.0,47,47
9194913.0,47,44
9194923.0,51,43
9194937.0,54,47
9194965.0,50,57
9194994.0,41,49
9194999.0,51,42
9195026.0,41,47
9195034.0,51,51
9195041.0,49,44
9195088.0,53,45
9195139.0,40,51
9195158.0,52,53
9195162.0,50,54
9195170.0,46,49
9195217.0,42,44
9195230.0,46,45
9195240.0,47,51
9195244.0,52,44
9195276.0,37,55
9195310.0,50,55
9195340.0,52,54
9195352.0,48,54
9195354.0,52,46
9195363.0,48,46
9195365.0,52,56
9195373.0,44,45
9195398.0,48,49
9195413.0,50,49
9195432.0,38,54
9195499.0,45,46
9195521.0,54,46
9195545.0,43,42
9195552.0,53,54
9195598.0,53,45
9195608.0,32,61
9195622.0,52,50
9195635.0,47,44
9195665.0,51,46
9195667.0,49,55
9195683.0,49,53
9195703.0,44,48
9195707.0,50,52
9195711.0,46,45
9195714.0,40,66
9195723.0,39,51
9195771.0,42,46
9195786.0,48,47
9195800.0,51,42
9195812.0,46,49
9195883.0,43,44
9195888.0,38,90
9195928.0,40,51
9195938.0,39,51
9196036.0,45,47
9196045.0,54,47
9196140.0,48,58
9196143.0,43,44
9196153.0,44,46
9196156.0,45,45
9196159.0,33,61
9196167.0,49,58
9196186.0,49,50
9196205.0,51,42
9196218.0,48,47
9196225.0,53,54
9196238.0,51,48
9196264.0,44,47
9196268.0,51,51
9196285.0,51,43
9196371.0,43,60
9196384.0,46,46
9196399.0,46,45
9196402.0,50,48
9196442.0,47,42
9196479.0,41,47
9196493.0,47,59
9196522.0,50,57
9196567.0,41,48
9196594.0,51,54
9196628.0,37,59
9196651.0,53,49
9196698.0,52,45
9196833.0,48,45
9196848.0,41,65
9196867.0,52,47
9196871.0,52,53
9196898.0,39,52
9196903.0,47,44
9196915.0,49,49
9196946.0,51,57
9196968.0,47,48
9196981.0,48,47
9196994.0,37,59
9197023.0,48,53
9197026.0,41,47
9197033.0,52,50
9197037.0,48,46
9197069.0,49,58
9197137.0,49,44
9197150.0,110,94
9197164.0,53,54
9197187.0,46,48
9197209.0,51,47
9197314.0,49,53
9197328.0,48,47
9197395.0,54,48
9197450.0,53,46
9197480.0,53,54
9197483.0,43,45
9197511.0,42,47
9197534.0,52,54
9197609.0,35,58
9197632.0,47,48
9197688.0,50,49
9197694.0,44,47
9197769.0,49,45
9197827.0,45,45
9197830.0,52,56
9197850.0,48,54
9197852.0,50,48
9197876.0,49,55
9197967.0,47,59
9198006.0,33,63
9198023.0,53,49
9198045.0,43,45
9198051.0,45,59
9198055.0,53,44
9198098.0,51,57
9198128.0,51,44
9198131.0,34,60
9198146.0,51,48
9198189.0,52,53
9198233.0,51,47
9198239.0,37,58
9198247.0,49,58
9198298.0,53,56
9198299.0,36,59
9198323.0,40,49
9198343.0,50,45
9198350.0,33,60
9198350.0,46,98
9198352.0,52,45
9198365.0,54,47
9198388.0,45,47
9198393.0,49,46
9198436.0,48,59
9198461.0,50,44
9198462.0,54,46
9198478.0,56,60
9198508.0,47,47
9198514.0,50,52
9198593.0,46,44
9198605.0,48,44
9198636.0,47,45
9198668.0,42,62
9198688.0,53,47
9198690.0,33,60
9198729.0,47,49
9198734.0,49,55
9198739.0,52,46
9198753.0,52,47
9198768.0,48,56
9198773.0,48,55
9198797.0,42,48
9198804.0,44,48
9198874.0,45,92
9198876.0,52,53
9198885.0,37,56
9198938.0,54,48
9198969.0,45,43
9198977.0,41,49
9199007.0,48,50
9199008.0,58,56
9199010.0,49,46
9199022.0,53,50
9199073.0,51,52
9199143.0,49,49
9199168.0,44,44
9199186.0,45,93
9199239.0,48,56
9199253.0,45,46
9199320.0,43,46
9199321.0,52,53
9199398.0,53,44
9199426.0,49,54
9199447.0,37,56
9199451.0,40,50
9199520.0,44,43
9199591.0,49,43
9199627.0,49,46
9199692.0,48,59
9199739.0,48,43
9199753.0,45,60
9199798.0,51,49
9199809.0,43,46
9199826.0,52,46
9199838.0,38,54
9199896.0,50,44
9199898.0,47,42
9199909.0,46,46
9199923.0,38,53
9199973.0,40,50
9199990.0,52,51
9199993.0,53,50
9199999.0,48,43
9200014.0,46,44
9200026.0,49,46
9200035.0,46,49
9200048.0,47,43
9200079.0,49,57
9200080.0,48,47
9200081.0,54,49
9200113.0,53,44
9200118.0,42,47
9200153.0,44,43
9200170.0,49,43
9200175.0,48,51
9200180.0,33,53
9200185.0,52,48
9200221.0,45,46
9200224.0,46,100
9200257.0,53,46
9200284.0,50,53
9200289.0,43,45
9200295.0,51,54
9200301.0,44,48
9200305.0,32,53
9200315.0,47,48
9200322.0,52,55
9200338.0,45,100
9200362.0,39,53
9200398.0,37,56
9200414.0,39,52
9200427.0,44,43
9200431.0,50,50
9200459.0,47,43
9200477.0,50,49
9200488.0,34,61
9200545.0,45,48
9200561.0,52,53
9200567.0,43,46
9200571.0,41,50
9200580.0,39,54
9200585.0,52,48
9200619.0,49,57
9200644.0,53,45
9200656.0,33,62
9200661.0,51,54
9200667.0,55,47
9200679.0,46,60
9200709.0,51,50
9200715.0,44,91
9200730.0,54,56
9200746.0,51,48
9200750.0,46,99
9200781.0,50,55
9200790.0,44,45
9200797.0,50,58
9200820.0,33,60
9200840.0,45,48
9200901.0,52,50
9200943.0,47,55
9200955.0,53,55
9200989.0,52,57
9200993.0,51,50
9201042.0,33,60
9201062.0,52,47
9201072.0,43,46
9201082.0,49,54
9201087.0,54,46
9201159.0,46,45
9201201.0,33,62
9201201.0,48,48
9201202.0,50,45
9201270.0,33,53
9201288.0,40,50
9201290.0,50,53
9201311.0,50,46
9201317.0,52,43
9201360.0,52,48
9201369.0,53,50
9201374.0,53,47
9201378.0,54,49
9201383.0,51,45
9201473.0,48,47
9201495.0,45,46
9201509.0,46,43
9201530.0,55,48
9201589.0,49,51
9201593.0,45,47
9201600.0,50,49
9201634.0,46,60
9201659.0,49,50
9201718.0,43,43
9201742.0,45,48
9201748.0,49,43
9201800.0,47,45
9201812.0,52,44
9201848.0,49,51
9201886.0,41,47
9201916.0,43,46
9201918.0,52,53
9201923.0,50,58
9201973.0,51,49
9202009.0,43,43
9202033.0,48,45
9202058.0,49,44
9202071.0,43,46
9202073.0,53,115
9202109.0,46,47
9202128.0,51,52
9202159.0,49,56
9202187.0,52,51
9202199.0,33,63
9202207.0,52,47
9202219.0,45,48
9202284.0,47,45
9202331.0,51,48
9202348.0,40,47
9202377.0,51,55
9202405.0,45,49
9202407.0,40,51
9202468.0,42,48
9202469.0,46,45
9202495.0,54,56
9202528.0,53,46
9202540.0,47,60
9202564.0,47,46
9202582.0,43,55
9202631.0,42,55
9202643.0,42,49
9202672.0,52,49
9202673.0,52,55
9202732.0,68,49
9202770.0,51,55
9202788.0,53,55
9202872.0,48,51
9202875.0,52,49
9202878.0,48,59
9202898.0,45,47
9202934.0,55,48
9203001.0,52,52
9203028.0,39,52
9203049.0,49,59
9203080.0,53,55
9203084.0,51,50
9203142.0,50,49
9203145.0,40,51
9203165.0,37,57
9203211.0,41,50
9203235.0,47,44
9203254.0,50,45
9203329.0,54,47
9203369.0,53,57
9203421.0,45,48
9203441.0,53,51
9203630.0,44,45
9203640.0,50,50
9203654.0,40,47
9203694.0,52,49
9203715.0,49,51
9203725.0,39,52
9203755.0,51,55
9203757.0,48,45
9203774.0,43,46
9203785.0,54,49
9203805.0,50,53
9203859.0,43,47
9203894.0,51,58
9203936.0,37,56
9203944.0,37,57
9203955.0,55,49
9203974.0,40,51
9204000.0,45,44
9204004.0,49,54
9204034.0,40,52
9204062.0,53,48
9204075.0,49,51
9204097.0,44,49
9204107.0,54,50
9204127.0,53,46
9204145.0,53,55
9204163.0,51,55
9204216.0,48,48
9204233.0,49,47
9204246.0,43,46
9204258.0,52,52
9204277.0,42,64
9204333.0,38,55
9204343.0,41,51
9204355.0,52,45
9204405.0,40,52
9204419.0,53,57
9204426.0,51,44
9204460.0,49,50
9204467.0,44,44
9204488.0,49,59
9204511.0,37,50
9204522.0,50,50
9204635.0,53,55
9204668.0,45,43
9204671.0,49,44
9204737.0,52,57
9204749.0,40,51
9204857.0,51,49
9204894.0,54,45
9204904.0,44,46
9204924.0,44,44
9204993.0,46,59
9205005.0,38,55
9205064.0,55,49
9205194.0,48,49
9205198.0,46,48
9205209.0,51,46
9205260.0,49,55
9205264.0,53,51
9205343.0,49,56
9205379.0,52,48
9205419.0,47,44
9205430.0,50,51
9205465.0,49,58
9205489.0,49,48
9205492.0,48,44
9205496.0,51,58
9205511.0,55,84
9205516.0,45,47
9205521.0,51,53
9205541.0,50,44
9205557.0,45,43
9205580.0,37,50
9205583.0,49,46
9205621.0,54,50
9205659.0,39,55
9205749.0,54,47
9205832.0,44,44
9205856.0,50,47
9205873.0,39,55
9205924.0,51,45
9205925.0,51,50
9205952.0,47,60
9205963.0,50,50
9205977.0,48,52
9205977.0,53,44
9206016.0,52,47
9206020.0,38,55
9206118.0,46,43
9206169.0,44,44
9206172.0,51,50
9206191.0,46,83
9206200.0,53,47
9206200.0,45,48
9206217.0,53,57
9206224.0,42,40
9206261.0,54,45
9206277.0,52,55
9206307.0,47,47
9206312.0,49,57
9206341.0,50,54
9206352.0,44,111
9206379.0,47,50
9206410.0,38,55
9206441.0,50,46
9206441.0,49,51
9206443.0,49,55
9206464.0,46,47
9206535.0,52,49
9206564.0,45,83
9206573.0,46,43
9206583.0,52,45
9206586.0,51,55
9206594.0,54,57
9206612.0,49,47
9206642.0,43,47
9206677.0,45,44
9206679.0,45,110
9206680.0,52,48
9206701.0,52,50
9206703.0,54,46
9206749.0,47,47
9206751.0,54,48
9206783.0,53,48
9206794.0,52,55
9206805.0,46,83
9206816.0,51,50
9206834.0,50,56
9206855.0,46,46
9206874.0,57,82
9206885.0,37,54
9206921.0,49,59
9206945.0,51,49
9206970.0,41,50
9207007.0,52,49
9207055.0,46,45
9207083.0,53,55
9207137.0,48,60
9207140.0,52,45
9207165.0,44,61
9207204.0,46,47
9207241.0,49,45
9207258.0,55,49
9207258.0,37,54
9207259.0,55,47
9207263.0,47,60
9207266.0,51,55
9207267.0,52,58
9207295.0,53,48
9207358.0,53,49
9207382.0,51,50
9207384.0,52,44
9207387.0,53,55
9207390.0,55,50
9207398.0,52,52
9207406.0,42,50
9207477.0,47,47
9207521.0,53,52
9207602.0,45,49
9207631.0,54,51
9207649.0,45,48
9207689.0,39,55
9207709.0,49,55
9207752.0,52,45
9207760.0,42,49
9207769.0,51,53
9207789.0,46,45
9207804.0,42,50
9207819.0,53,49
9207828.0,49,53
9207852.0,48,46
9208068.0,56,48
9208127.0,45,49
9208157.0,40,52
9208158.0,47,45
9208169.0,52,45
9208199.0,51,50
9208220.0,54,46
9208231.0,52,55
9208271.0,39,55
9208280.0,51,56
9208344.0,51,55
9208365.0,50,50
9208412.0,46,49
9208443.0,45,45
9208472.0,26,40
9208480.0,52,50
9208498.0,52,46
9208507.0,50,51
9208535.0,46,44
9208555.0,27,39
9208602.0,51,50
9208612.0,54,48
9208618.0,37,60
9208639.0,50,58
9208656.0,55,50
9208659.0,46,48
9208688.0,48,56
9208697.0,53,55
9208698.0,53,49
9208777.0,51,56
9208811.0,50,54
9208817.0,49,52
9208855.0,54,51
9208860.0,50,44
9208954.0,43,48
9208956.0,50,59
9209017.0,49,51
9209055.0,53,52
9209095.0,48,60
9209099.0,44,60
9209117.0,39,53
9209126.0,40,69
9209172.0,53,55
9209188.0,39,69
9209334.0,27,39
9209337.0,53,49
9209403.0,52,56
9209433.0,51,50
9209437.0,53,47
9209446.0,56,49
9209491.0,72,59
9209503.0,43,48
9209532.0,43,61
9209547.0,46,47
9209594.0,51,56
9209624.0,44,61
9209648.0,44,46
9209680.0,40,54
9209734.0,52,56
9209788.0,51,50
9209819.0,47,50
9209869.0,52,53
9209947.0,54,56
9209954.0,53,55
9210009.0,49,56
9210099.0,51,45
9210117.0,53,49
9210128.0,38,56
9210202.0,27,39
9210304.0,45,61
9210323.0,53,56
9210362.0,48,49
9210372.0,50,47
9210418.0,56,49
9210430.0,52,56
9210540.0,55,50
9210544.0,49,49
9210545.0,53,55
9210588.0,54,47
9210627.0,51,46
9210641.0,38,56
9210752.0,53,58
9210828.0,40,53
9210871.0,51,54
9210925.0,44,47
9210971.0,38,54
9211025.0,52,58
9211027.0,50,51
9211105.0,54,51
9211131.0,42,50
9211143.0,46,100
9211172.0,53,55
9211212.0,50,48
9211279.0,54,46
9211312.0,51,48
9211335.0,52,49
9211353.0,56,49
9211426.0,48,55
9211433.0,52,45
9211461.0,53,48
9211484.0,51,50
9211503.0,51,47
9211509.0,39,54
9211518.0,50,97
9211522.0,43,49
9211554.0,43,62
9211568.0,54,49
9211578.0,43,48
9211615.0,48,54
9211681.0,55,48
9211784.0,53,55
9211803.0,52,46
9211819.0,51,44
9211864.0,37,89
9211868.0,48,46
9211900.0,51,51
9211906.0,50,47
9211920.0,42,50
9211937.0,43,49
9211977.0,55,48
9211984.0,52,53
9212016.0,48,50
9212046.0,43,48
9212058.0,47,47
9212208.0,47,46
9212238.0,52,50
9212289.0,51,46
9212293.0,49,52
9212298.0,54,47
9212383.0,53,56
9212394.0,49,56
9212427.0,51,54
9212449.0,48,46
9212508.0,47,48
9212545.0,47,47
9212551.0,50,45
9212555.0,45,46
9212585.0,49,57
9212597.0,42,63
9212658.0,48,52
9212700.0,49,60
9212721.0,55,51
9212742.0,55,48
9212770.0,48,48
9212873.0,52,50
9212933.0,49,46
9212995.0,53,58
9213087.0,45,98
9213097.0,44,47
9213224.0,42,50
9213228.0,55,46
9213256.0,56,50
9213282.0,50,52
9213337.0,42,61
9213378.0,38,55
9213445.0,54,52
9213466.0,54,58
9213630.0,50,55
9213675.0,53,53
9213780.0,40,67
9213791.0,38,56
9213897.0,53,48
9213959.0,50,51
9213995.0,43,49
9214006.0,42,64
9214020.0,51,56
9214056.0,52,49
9214083.0,48,45
9214241.0,53,50
9214282.0,38,56
9214294.0,51,56
9214300.0,46,49
9214435.0,47,47
9214450.0,42,60
9214509.0,43,49
9214514.0,47,46
9214515.0,51,54
9214579.0,55,51
9214623.0,54,52
9214662.0,46,48
9214688.0,52,56
9214716.0,43,56
9214721.0,52,51
9214729.0,49,48
9214778.0,53,52
9214851.0,54,45
9214999.0,42,60
9215009.0,48,44
9215032.0,43,49
9215047.0,56,50
9215061.0,49,59
9215065.0,46,45
9215135.0,54,49
9215219.0,50,57
9215254.0,45,49
9215389.0,37,63
9215417.0,48,47
9215462.0,47,47
9215513.0,45,46
9215513.0,50,49
9215536.0,47,50
9215693.0,54,49
9215734.0,52,47
9215845.0,47,44
9215872.0,52,54
9215920.0,37,59
9215933.0,53,46
9215943.0,45,46
9215952.0,51,48
9216134.0,50,48
9216167.0,49,45
9216208.0,44,47
9216237.0,52,59
9216371.0,55,46
9216384.0,53,49
9216404.0,52,46
9216418.0,51,57
9216425.0,53,58
9216532.0,43,44
9216546.0,54,48
9216662.0,44,44
9216771.0,48,50
9216788.0,43,44
9216830.0,51,50
9216882.0,55,47
9216908.0,51,59
9216976.0,53,45
9217008.0,44,47
9217040.0,49,45
9217071.0,54,49
9217073.0,45,43
9217185.0,44,48
9217216.0,54,47
9217237.0,48,45
9217332.0,45,60
9217356.0,46,60
9217397.0,47,48
9217402.0,49,46
9217435.0,46,45
9217566.0,53,50
9217586.0,44,48
9217618.0,49,50
9217632.0,52,50
9217632.0,43,50
9217736.0,53,45
9217765.0,46,48
9217767.0,53,53
9217768.0,49,49
9217825.0,54,50
9217869.0,52,59
9217873.0,49,50
9217911.0,44,47
9217923.0,51,47
9217931.0,55,51
9218028.0,49,45
9218086.0,53,49
9218157.0,50,54
9218295.0,46,61
9218303.0,51,45
9218321.0,54,58
9218324.0,41,51
9218344.0,43,49
9218405.0,49,56
9218478.0,54,52
9218480.0,44,61
9218481.0,52,51
9218553.0,40,51
9218621.0,49,45
9218640.0,44,48
9218656.0,41,51
9218696.0,55,49
9218707.0,43,49
9218761.0,55,47
9218962.0,44,48
9218967.0,52,54
9219064.0,51,48
9219135.0,51,52
9219156.0,48,48
9219184.0,50,51
9219221.0,49,56
9219313.0,54,48
9219373.0,53,53
9219377.0,50,57
9219437.0,52,46
9219440.0,50,48
9219518.0,46,49
9219539.0,43,49
9219553.0,49,49
9219563.0,47,47
9219668.0,50,57
9219668.0,51,51
9219728.0,51,57
9219868.0,45,47
9219899.0,41,51
9219941.0,42,51
9219980.0,43,49
9220144.0,50,49
9220151.0,48,46
9220168.0,50,60
9220319.0,39,50
9220412.0,53,46
9220416.0,52,50
9220425.0,49,50
9220427.0,51,57
9220442.0,42,50
9220626.0,49,50
9220635.0,49,47
9220726.0,43,49
9220738.0,54,46
9220765.0,38,50
9220803.0,42,50
9220987.0,43,49
9221148.0,39,50
9221158.0,50,46
9221271.0,46,46
9221290.0,48,46
9221340.0,37,90
9221404.0,45,46
9221510.0,40,52
9221572.0,45,99
9221605.0,52,57
9221673.0,51,57
9221698.0,50,57
9221826.0,38,90
9222040.0,37,90
9222046.0,54,57
9222107.0,37,49
9222165.0,41,52
9222172.0,48,50
9222179.0,55,52
9222180.0,48,51
9222183.0,51,57
9222246.0,40,52
9222556.0,46,80
9222569.0,37,49
9222573.0,41,52
9222599.0,53,59
9222600.0,47,49
9222607.0,50,56
9222611.0,44,94
9222643.0,53,47
9222652.0,45,80
9222660.0,51,47
9222666.0,48,60
9222917.0,52,59
9223021.0,47,44
9223115.0,48,61
9223242.0,54,53
9223293.0,49,52
9223339.0,54,49
9223345.0,40,52
9223392.0,41,52
9223438.0,50,60
9223447.0,47,44
9223565.0,47,45
9223576.0,57,50
9223623.0,47,60
9223674.0,56,51
9223824.0,31,87
9223871.0,51,55
9223908.0,40,52
9223937.0,49,57
9224116.0,50,52
9224116.0,47,61
9224139.0,53,59
9224160.0,46,61
9224204.0,47,44
9224248.0,53,49
9224269.0,53,50
9224424.0,38,63
9224441.0,37,64
9224477.0,47,48
9224502.0,47,44
9224626.0,41,53
9224708.0,44,49
9225061.0,38,57
9225167.0,51,52
9225249.0,37,64
9225350.0,38,90
9225384.0,47,44
9225523.0,52,54
9225527.0,54,50
9225540.0,31,71
9225696.0,53,51
9225778.0,54,46
9225862.0,39,62
9225869.0,44,50
9225874.0,52,48
9225967.0,63,91
9226019.0,51,51
9226176.0,53,51
9226184.0,48,48
9226204.0,54,46
9226210.0,43,91
9226237.0,41,54
9226299.0,50,49
9226309.0,37,57
9226344.0,49,47
9226399.0,46,46
9226449.0,50,53
9226599.0,63,91
9226656.0,52,47
9226663.0,48,46
9226732.0,47,47
9226788.0,68,45
9226798.0,50,53
9226838.0,53,51
9226949.0,57,50
9226991.0,68,44
9227047.0,46,46
9227082.0,49,45
9227090.0,52,57
9227185.0,32,51
9227276.0,51,46
9227353.0,52,45
9227360.0,54,57
9227387.0,55,52
9227486.0,53,51
9227553.0,44,94
9227606.0,53,56
9227678.0,41,49
9227729.0,42,50
9227858.0,49,45
9227896.0,40,54
9227910.0,36,58
9227931.0,43,50
9227992.0,54,49
9228038.0,55,52
9228086.0,50,56
9228125.0,41,49
9228258.0,53,56
9228378.0,46,46
9228382.0,43,50
9228459.0,32,51
9228517.0,50,60
9228623.0,49,45
9228628.0,49,46
9228841.0,29,68
9229040.0,42,50
9229143.0,43,50
9229206.0,46,45
9229461.0,46,46
9229505.0,50,46
9229506.0,44,93
9229587.0,48,47
9229794.0,42,50
9229810.0,44,92
9229889.0,47,49
9229904.0,47,48
9230093.0,38,60
9230111.0,51,45
9230212.0,46,45
9230233.0,54,53
9230320.0,50,46
9230353.0,51,60
9230384.0,53,47
9230622.0,51,86
9230645.0,48,47
9230662.0,45,48
9230710.0,83,121
9230924.0,53,47
9230943.0,51,48
9231140.0,51,49
9231552.0,48,47
9231584.0,53,47
9231605.0,50,49
9231666.0,45,100
9231902.0,49,47
9232220.0,56,47
9232335.0,54,46
9232543.0,47,46
9232617.0,49,47
9232776.0,50,46
9232972.0,34,61
9233506.0,44,96
9233945.0,42,51
9234295.0,41,51
9234360.0,48,45
9234504.0,42,51
9234988.0,47,45
9235233.0,41,51
9235449.0,42,51
9235673.0,41,51
9235789.0,42,51
9236194.0,53,51
9236369.0,49,46
9236423.0,62,63
9236639.0,62,63
9236963.0,41,51
9237275.0,41,51
9237287.0,53,51
9237437.0,42,65
9243244.0,36,90
9244140.0,45,101
9245427.0,44,96
9248783.0,45,98
9249318.0,44,98
9249917.0,56,51
9250067.0,52,51
9250110.0,52,47
9250196.0,52,52
9250206.0,57,50
9250438.0,53,51
9251107.0,54,53
9251225.0,57,49
9251324.0,54,49
9251349.0,49,47
9251428.0,56,47
9251634.0,53,46
9251635.0,53,54
9251808.0,53,47
9251850.0,49,46
9251959.0,53,46
9251981.0,51,48
9252442.0,48,47
9252600.0,81,104
9252672.0,49,46
9252738.0,47,46
9252772.0,52,45
9252923.0,54,50
9253093.0,49,50
9253116.0,48,47
9253172.0,54,46
9253257.0,55,49
9253260.0,60,99
9253499.0,59,99
9253659.0,49,46
9253802.0,47,49
9253940.0,57,50
9253980.0,43,93
9253994.0,48,47
9253997.0,53,46
9254022.0,46,50
9254028.0,49,46
9254030.0,56,51
9254193.0,43,50
9254208.0,52,47
9254286.0,48,47
9254348.0,56,51
9254396.0,57,50
9254399.0,57,49
9254562.0,59,99
9254910.0,55,52
9255025.0,49,46
9255126.0,56,51
9255229.0,47,50
9255243.0,50,46
9255293.0,50,52
9255294.0,49,46
9255400.0,48,48
9255554.0,57,50
9255650.0,56,51
9255657.0,50,59
9255756.0,53,50
9255798.0,55,52
9255815.0,42,51
9256047.0,49,61
9256303.0,53,57
9256393.0,57,50
9256518.0,53,49
9256764.0,48,47
9256777.0,54,48
9256795.0,56,48
9256811.0,50,60
9256868.0,47,48
9256873.0,48,51
9256988.0,51,51
9257191.0,54,53
9257206.0,50,60
9257356.0,51,57
9257375.0,48,47
9257475.0,54,53
9257525.0,51,58
9257537.0,53,47
9257820.0,51,44
9257870.0,50,46
9257883.0,49,47
9258168.0,52,51
9258170.0,55,52
9258189.0,48,47
9258319.0,56,51
9258447.0,57,50
9258620.0,55,58
9258679.0,47,49
9258684.0,46,47
9258819.0,46,49
9258873.0,51,43
9258904.0,52,54
9258958.0,48,49
9259009.0,52,50
9259057.0,51,60
9259068.0,47,45
9259083.0,48,47
9259183.0,50,60
9259325.0,51,43
9259475.0,44,49
9259560.0,49,60
9259740.0,43,51
9259754.0,50,60
9259775.0,45,47
9259818.0,54,48
9259847.0,52,51
9259926.0,51,52
9259972.0,54,58
9259992.0,52,47
9260177.0,45,103
9260190.0,49,60
9260208.0,45,102
9260245.0,47,47
9260294.0,51,47
9260312.0,50,47
9260318.0,54,58
9260422.0,56,50
9260446.0,51,48
9260449.0,46,50
9260523.0,51,57
9260569.0,50,60
9260769.0,47,47
9260941.0,50,58
9260956.0,50,49
9261009.0,48,46
9261012.0,55,58
9261031.0,53,49
9261032.0,49,60
9261035.0,55,47
9261112.0,50,48
9261268.0,55,51
9261273.0,50,56
9261424.0,52,45
9261475.0,47,47
9261487.0,53,46
9261581.0,46,61
9261631.0,42,52
9261659.0,55,57
9261770.0,51,51
9262036.0,55,58
9262083.0,49,49
9262122.0,48,44
9262133.0,52,46
9262414.0,50,46
9262432.0,49,45
9262641.0,46,61
9262674.0,54,58
9262776.0,47,45
9262816.0,55,58
9262819.0,53,50
9262903.0,48,50
9262993.0,54,52
9263025.0,53,58
9263116.0,49,50
9263158.0,51,59
9263165.0,48,46
9263171.0,54,46
9263183.0,52,50
9263263.0,54,49
9263342.0,55,58
9263417.0,54,52
9263532.0,56,50
9263693.0,48,48
9263701.0,55,48
9263724.0,52,54
9263858.0,46,46
9264040.0,49,47
9264073.0,50,47
9264092.0,50,51
9264413.0,48,47
9264435.0,50,47
9264550.0,55,58
9264580.0,49,47
9264606.0,51,54
9264804.0,45,47
9265159.0,39,56
9265184.0,54,58
9265236.0,51,51
9265360.0,52,46
9265393.0,54,45
9265486.0,49,46
9265537.0,53,46
9265820.0,39,55
9265870.0,21,51
9265883.0,21,52
9265961.0,53,53
9266162.0,53,50
9266194.0,21,51
9266413.0,41,65
9266438.0,55,48
9266536.0,54,47
9266644.0,52,49
9266666.0,52,50
9266675.0,44,50
9266753.0,51,50
9266818.0,55,57
9266905.0,52,56
9266917.0,52,57
9266931.0,51,50
9266948.0,48,47
9267006.0,53,48
9267052.0,47,48
9267070.0,42,50
9267119.0,53,56
9267140.0,56,49
9267185.0,43,49
9267210.0,51,55
9267350.0,44,48
9267392.0,52,49
9267497.0,50,51
9267728.0,54,56
9267731.0,53,51
9267781.0,56,49
9267854.0,46,48
9267866.0,53,58
9267985.0,57,49
9268165.0,55,57
9268248.0,46,45
9268320.0,52,46
9268372.0,54,50
9268385.0,44,61
9268431.0,51,50
9268478.0,46,61
9268483.0,55,50
9268532.0,50,59
9268545.0,49,60
9268601.0,50,52
9268632.0,51,54
9268642.0,56,49
9268666.0,55,57
9268677.0,51,51
9268745.0,53,45
9268749.0,57,49
9268819.0,50,47
9268821.0,51,49
9268876.0,52,45
9268900.0,53,52
9269138.0,49,60
9269282.0,47,60
9269493.0,44,61
9269510.0,48,61
9269591.0,41,52
9269594.0,54,51
9269737.0,51,46
9269836.0,45,46
9269870.0,41,51
9269942.0,53,49
9269944.0,47,45
9269958.0,50,45
9269967.0,49,60
9270001.0,36,58
9270043.0,54,48
9270051.0,40,53
9270061.0,54,56
9270211.0,43,61
9270215.0,42,53
9270228.0,47,44
9270259.0,51,46
9270280.0,52,50
9270425.0,49,46
9270429.0,53,48
9270441.0,56,50
9270444.0,55,57
9270461.0,47,45
9270481.0,40,51
9270524.0,55,50
9270546.0,43,61
9270580.0,50,55
9270642.0,39,50
9270684.0,51,47
9270749.0,42,50
9270788.0,51,56
9270791.0,51,46
9270887.0,55,50
9270917.0,45,47
9270962.0,49,48
9271032.0,44,47
9271155.0,61,51
9271204.0,51,46
9271213.0,54,47
9271215.0,47,45
9271239.0,43,50
9271241.0,49,60
9271303.0,32,67
9271307.0,55,47
9271365.0,50,54
9271369.0,48,60
9271374.0,53,48
9271409.0,55,48
9271435.0,53,52
9271551.0,48,47
9271571.0,48,49
9271588.0,53,49
9271606.0,52,46
9271640.0,44,61
9271672.0,46,45
9271778.0,45,46
9271794.0,41,50
9271821.0,61,50
9271897.0,55,50
9271955.0,49,56
9271973.0,49,60
9271974.0,52,51
9271995.0,38,51
9272024.0,48,46
9272044.0,51,46
9272112.0,48,50
9272218.0,53,48
9272230.0,35,60
9272248.0,54,51
9272273.0,49,60
9272275.0,47,46
9272294.0,54,48
9272329.0,54,46
9272339.0,55,50
9272359.0,47,49
9272463.0,50,59
9272486.0,50,48
9272527.0,52,49
9272584.0,47,47
9272607.0,56,48
9272663.0,52,53
9272719.0,48,44
9272754.0,61,50
9272813.0,50,49
9272824.0,46,47
9272890.0,43,62
9272908.0,53,48
9272945.0,51,49
9272974.0,52,49
9272986.0,46,49
9273071.0,53,59
9273093.0,55,47
9273097.0,55,50
9273109.0,51,48
9273126.0,52,50
9273152.0,47,47
9273297.0,52,59
9273352.0,53,59
9273365.0,53,47
9273446.0,54,47
9273648.0,47,47
9273838.0,52,56
9273847.0,49,45
9273945.0,49,55
9273973.0,53,56
9273978.0,55,50
9274013.0,47,46
9274016.0,49,59
9274190.0,52,59
9274374.0,49,51
9274394.0,51,57
9274451.0,47,46
9274464.0,41,51
9274574.0,52,59
9274730.0,49,56
9274747.0,56,49
9274808.0,43,48
9274840.0,50,50
9274840.0,38,56
9274841.0,51,45
9274945.0,49,49
9274985.0,48,46
9275077.0,55,49
9275084.0,47,60
9275126.0,52,45
9275180.0,50,54
9275196.0,53,57
9275230.0,54,46
9275254.0,49,56
9275274.0,50,46
9275299.0,54,50
9275321.0,47,45
9275336.0,46,60
9275341.0,51,46
9275356.0,49,45
9275359.0,37,57
9275375.0,50,51
9275375.0,51,50
9275416.0,47,46
9275451.0,47,60
9275454.0,39,54
9275457.0,51,47
9275500.0,54,47
9275544.0,54,46
9275652.0,53,47
9275672.0,52,58
9275723.0,48,60
9275805.0,50,46
9275817.0,40,72
9275833.0,52,48
9275864.0,53,49
9275903.0,47,45
9275913.0,49,55
9275946.0,42,49
9276051.0,51,58
9276101.0,41,67
9276134.0,43,63
9276203.0,47,60
9276253.0,46,47
9276259.0,52,49
9276262.0,43,48
9276336.0,54,57
9276404.0,47,46
9276461.0,46,44
9276467.0,51,49
9276512.0,45,45
9276524.0,45,101
9276527.0,54,45
9276534.0,50,46
9276632.0,50,59
9276661.0,53,48
9276693.0,44,48
9276734.0,47,60
9276838.0,47,45
9276954.0,46,48
9277145.0,54,50
9277151.0,49,51
9277174.0,50,50
9277231.0,48,51
9277240.0,41,50
9277280.0,47,47
9277401.0,50,46
9277418.0,54,47
9277427.0,50,47
9277439.0,51,51
9277456.0,52,55
9277505.0,49,59
9277539.0,50,56
9277565.0,54,55
9277615.0,49,51
9277663.0,49,48
9277742.0,54,48
9277890.0,49,55
9277913.0,44,46
9277914.0,49,47
9277921.0,44,47
9277961.0,53,51
9277986.0,48,56
9278029.0,47,49
9278039.0,52,52
9278105.0,45,48
9278115.0,53,55
9278172.0,46,46
9278215.0,43,62
9278299.0,55,48
9278343.0,45,48
9278356.0,53,55
9278391.0,53,46
9278392.0,53,44
9278526.0,51,55
9278566.0,47,49
9278587.0,50,49
9278616.0,51,53
9278660.0,55,49
9278778.0,30,60
9278800.0,53,48
9278874.0,52,49
9278928.0,50,49
9278955.0,42,49
9279103.0,42,63
9279120.0,48,48
9279133.0,42,50
9279171.0,52,55
9279192.0,50,44
9279199.0,50,50
9279216.0,47,46
9279376.0,47,49
9279389.0,46,49
9279396.0,31,60
9279398.0,50,53
9279408.0,52,44
9279485.0,43,48
9279498.0,48,49
9279640.0,30,60
9279700.0,43,47
9279712.0,50,49
9279797.0,55,48
9279906.0,52,47
9279918.0,48,45
9279945.0,46,60
9280024.0,51,59
9280072.0,50,49
9280098.0,51,50
9280100.0,47,60
9280121.0,30,60
9280130.0,53,47
9280155.0,46,47
9280297.0,46,60
9280400.0,49,44
9280554.0,50,58
9280572.0,47,46
9280583.0,52,52
9280655.0,31,60
9280660.0,51,48
9280700.0,45,47
9280705.0,47,60
9280764.0,51,46
9280854.0,52,57
9280856.0,50,58
9280876.0,51,55
9280878.0,54,56
9280886.0,53,52
9280886.0,48,59
9280908.0,40,52
9280953.0,40,51
9280961.0,47,44
9281015.0,46,43
9281021.0,53,55
9281024.0,44,46
9281042.0,50,46
9281073.0,48,57
9281145.0,38,56
9281153.0,50,45
9281179.0,47,60
9281236.0,31,60
9281352.0,51,56
9281385.0,51,45
9281440.0,49,46
9281440.0,41,50
9281449.0,47,50
9281513.0,51,44
9281518.0,50,49
9281520.0,43,47
9281543.0,49,56
9281561.0,52,45
9281564.0,54,49
9281605.0,45,60
9281622.0,49,50
9281645.0,53,47
9281686.0,50,58
9281698.0,54,55
9281824.0,50,54
9281880.0,50,50
9281927.0,51,52
9281939.0,49,51
9281944.0,50,53
9282070.0,49,50
9282117.0,31,60
9282191.0,46,47
9282259.0,52,55
9282262.0,47,60
9282419.0,52,44
9282538.0,49,56
9282593.0,53,56
9282593.0,46,48
9282593.0,49,47
9282618.0,42,48
9282621.0,47,60
9282676.0,46,60
9282684.0,41,54
9282703.0,52,48
9282719.0,52,57
9282726.0,45,47
9282747.0,45,83
9282763.0,53,45
9282767.0,48,47
9282815.0,52,47
9282816.0,39,54
9282836.0,51,49
9282923.0,41,64
9282979.0,38,54
9282999.0,43,47
9283041.0,46,49
9283126.0,46,60
9283156.0,50,43
9283248.0,52,49
9283261.0,45,47
9283273.0,48,47
9283301.0,47,60
9283342.0,52,47
9283478.0,49,50
9283487.0,52,51
9283565.0,48,59
9283616.0,45,44
9283704.0,54,46
9283713.0,39,53
9283724.0,52,46
9283725.0,41,53
9283771.0,40,68
9283827.0,46,45
9283872.0,45,45
9283886.0,48,48
9283938.0,54,48
9283995.0,51,55
9284006.0,48,47
9284007.0,51,48
9284016.0,47,60
9284064.0,52,48
9284072.0,40,53
9284097.0,45,43
9284184.0,47,48
9284211.0,49,58
9284276.0,48,47
9284417.0,47,59
9284474.0,47,60
9284550.0,44,60
9284592.0,49,43
9284632.0,46,60
9284689.0,53,45
9284767.0,50,55
9284790.0,39,55
9284803.0,47,60
9284819.0,49,57
9284829.0,50,44
9284887.0,51,52
9284900.0,42,48
9284915.0,53,50
9284936.0,53,56
9285044.0,48,47
9285058.0,44,60
9285067.0,44,48
9285114.0,50,53
9285157.0,51,52
9285221.0,51,57
9285223.0,53,44
9285244.0,48,44
9285317.0,46,60
9285349.0,51,47
9285424.0,50,56
9285493.0,46,59
9285517.0,44,48
9285531.0,47,45
9285559.0,51,44
9285572.0,45,47
9285586.0,49,54
9285599.0,53,49
9285642.0,51,49
9285688.0,39,52
9285743.0,51,45
9285767.0,49,53
9285818.0,38,54
9285833.0,53,47
9285854.0,49,45
9285919.0,51,47
9285961.0,40,50
9285963.0,49,54
9285997.0,46,45
9286098.0,54,46
9286128.0,46,46
9286220.0,45,46
9286315.0,52,51
9286343.0,49,45
9286352.0,52,46
9286352.0,38,55
9286375.0,54,48
9286438.0,46,45
9286450.0,54,55
9286467.0,50,50
9286515.0,45,60
9286524.0,53,54
9286614.0,44,60
9286673.0,52,43
9286680.0,49,43
9286705.0,50,48
9286710.0,51,47
9286772.0,52,54
9286801.0,46,60
9286804.0,52,47
9286808.0,49,49
9286833.0,40,51
9286890.0,49,54
9286898.0,36,60
9286915.0,44,60
9287018.0,44,48
9287026.0,51,48
9287027.0,49,45
9287043.0,41,49
9287050.0,48,44
9287062.0,52,45
9287065.0,43,61
9287090.0,38,88
9287149.0,50,48
9287151.0,47,45
9287167.0,42,49
9287171.0,51,51
9287208.0,44,45
9287283.0,48,50
9287337.0,48,45
9287343.0,47,59
9287414.0,52,45
9287494.0,51,47
9287589.0,51,52
9287657.0,37,59
9287736.0,46,60
9287755.0,39,90
9287763.0,53,46
9287797.0,49,50
9287842.0,50,45
9287870.0,45,48
9287873.0,46,47
9287892.0,50,52
9287896.0,53,54
9287929.0,51,46
9287947.0,52,45
9287995.0,37,56
9288014.0,53,49
9288050.0,48,54
9288081.0,50,55
9288098.0,49,55
9288134.0,49,54
9288145.0,50,48
9288161.0,44,44
9288208.0,45,47
9288225.0,52,47
9288236.0,51,52
9288249.0,52,45
9288317.0,49,49
9288322.0,51,47
9288327.0,51,46
9288343.0,47,49
9288352.0,43,46
9288362.0,48,43
9288377.0,51,48
9288396.0,52,50
9288409.0,50,48
9288422.0,48,46
9288451.0,54,49
9288508.0,41,50
9288514.0,49,58
9288564.0,43,60
9288682.0,40,66
9288685.0,53,49
9288685.0,52,54
9288751.0,48,47
9288767.0,48,55
9288773.0,45,43
9288792.0,51,57
9288792.0,33,66
9288842.0,46,60
9288858.0,49,55
9288862.0,47,47
9289066.0,51,52
9289083.0,41,64
9289110.0,50,49
9289134.0,54,47
9289142.0,46,59
9289145.0,46,44
9289205.0,52,45
9289216.0,51,46
9289233.0,51,47
9289252.0,45,45
9289289.0,43,55
9289303.0,50,57
9289305.0,44,60
9289342.0,44,47
9289349.0,51,51
9289359.0,49,54
9289369.0,42,47
9289377.0,51,54
9289383.0,35,61
9289427.0,17,46
9289502.0,49,46
9289504.0,45,43
9289556.0,51,46
9289576.0,18,45
9289697.0,50,46
9289717.0,51,52
9289766.0,53,44
9289831.0,43,45
9289838.0,51,55
9289873.0,17,46
9289905.0,43,55
9289913.0,40,50
9289914.0,52,56
9289943.0,51,43
9290001.0,50,54
9290003.0,51,44
9290043.0,53,48
9290071.0,46,60
9290102.0,48,56
9290124.0,45,43
9290145.0,48,50
9290200.0,51,46
9290218.0,42,48
9290283.0,53,44
9290326.0,47,55
9290346.0,54,46
9290365.0,46,46
9290415.0,53,55
9290469.0,50,52
9290476.0,17,46
9290574.0,18,45
9290612.0,45,43
9290625.0,47,55
9290667.0,53,55
9290668.0,54,48
9290853.0,49,45
9290872.0,48,45
9290875.0,52,46
9290926.0,41,48
9290977.0,44,44
9290988.0,55,47
9291030.0,46,45
9291038.0,52,56
9291104.0,50,47
9291115.0,53,49
9291122.0,47,44
9291141.0,46,43
9291202.0,49,55
9291228.0,44,43
9291257.0,53,45
9291276.0,54,48
9291345.0,43,45
9291388.0,47,55
9291426.0,53,54
9291430.0,48,49
9291443.0,53,44
9291501.0,49,44
9291541.0,49,51
9291578.0,49,57
9291579.0,46,43
9291639.0,55,47
9291652.0,48,54
9291683.0,53,55
9291685.0,48,50
9291692.0,18,45
9291758.0,52,44
9291780.0,51,47
9291863.0,53,49
9291919.0,47,55
9291934.0,49,52
9291953.0,17,46
9291956.0,52,49
9292103.0,45,47
9292137.0,39,53
9292145.0,53,44
9292151.0,52,50
9292161.0,41,49
9292164.0,42,46
9292200.0,40,52
9292203.0,52,44
9292206.0,46,48
9292238.0,49,53
9292241.0,47,48
9292278.0,51,43
9292336.0,42,47
9292398.0,50,48
9292406.0,46,48
9292416.0,53,55
9292463.0,51,46
9292473.0,49,49
9292569.0,53,49
9292610.0,50,54
9292616.0,50,44
9292644.0,49,48
9292673.0,18,45
9292691.0,51,56
9292704.0,48,43
9292738.0,38,54
9292751.0,48,46
9292784.0,51,46
9292834.0,55,48
9292894.0,53,49
9292914.0,53,48
9292925.0,45,45
9292953.0,41,48
9292966.0,53,55
9293017.0,49,45
9293067.0,44,46
9293076.0,50,51
9293079.0,46,48
9293138.0,48,58
9293155.0,48,55
9293163.0,50,49
9293195.0,45,46
9293231.0,52,55
9293235.0,52,49
9293241.0,49,57
9293277.0,54,47
9293285.0,46,45
9293290.0,54,46
9293299.0,55,48
9293306.0,18,45
9293335.0,44,48
9293384.0,53,48
9293392.0,45,45
9293433.0,46,59
9293453.0,48,49
9293487.0,40,50
9293514.0,50,43
9293635.0,51,42
9293643.0,53,44
9293663.0,53,55
9293686.0,51,45
9293704.0,18,45
9293742.0,54,48
9293786.0,43,60
9293797.0,72,54
9293826.0,40,49
9293831.0,38,53
9293864.0,49,49
9293870.0,50,54
9293905.0,52,44
9293906.0,44,59
9293989.0,54,47
9294125.0,43,48
9294199.0,53,47
9294226.0,48,50
9294280.0,54,48
9294331.0,39,54
9294357.0,52,43
9294407.0,45,43
9294410.0,50,48
9294420.0,53,55
9294442.0,53,45
9294459.0,53,44
9294475.0,39,51
9294509.0,37,55
9294573.0,47,47
9294679.0,54,55
9294695.0,46,47
9294704.0,49,52
9294734.0,52,43
9294736.0,39,52
9294739.0,52,46
9294754.0,50,47
9294756.0,49,43
9294781.0,40,66
9294817.0,48,54
9294882.0,47,46
9294927.0,43,44
9294941.0,53,55
9294957.0,43,54
9294983.0,55,48
9294989.0,52,55
9294994.0,53,44
9295028.0,45,44
9295040.0,48,51
9295048.0,51,47
9295051.0,48,42
9295058.0,52,45
9295081.0,50,46
9295089.0,51,56
9295139.0,54,48
9295193.0,47,58
9295238.0,47,44
9295239.0,44,48
9295286.0,44,47
9295292.0,47,43
9295298.0,53,44
9295299.0,43,54
9295343.0,51,50
9295437.0,45,59
9295446.0,50,42
9295526.0,55,48
9295538.0,42,45
9295577.0,46,44
9295584.0,52,56
9295593.0,44,43
9295597.0,48,44
9295606.0,53,55
9295613.0,49,54
9295659.0,52,54
9295667.0,52,48
9295672.0,51,44
9295840.0,53,55
9295863.0,42,46
9295935.0,51,54
9296025.0,51,45
9296033.0,43,45
9296035.0,52,53
9296085.0,51,51
9296104.0,44,45
9296220.0,51,53
9296235.0,41,47
9296243.0,50,47
9296292.0,53,54
9296348.0,50,51
9296432.0,49,47
9296446.0,52,43
9296460.0,51,42
9296557.0,51,51
9296558.0,48,42
9296598.0,51,46
9296671.0,40,51
9296737.0,50,55
9296768.0,50,56
9296814.0,52,43
9296870.0,39,51
9296986.0,46,58
9297025.0,45,46
9297047.0,49,44
9297112.0,51,45
9297161.0,53,47
9297172.0,52,45
9297177.0,51,55
9297182.0,53,48
9297274.0,51,49
9297291.0,38,52
9297417.0,50,43
9297441.0,50,51
9297467.0,39,59
9297472.0,47,45
9297491.0,51,44
9297505.0,50,47
9297509.0,43,44
9297558.0,45,45
9297596.0,46,48
9297616.0,47,44
9297627.0,43,47
9297645.0,49,48
9297669.0,46,44
9297681.0,50,53
9297689.0,48,52
9297703.0,48,57
9297721.0,47,47
9297721.0,42,45
9297725.0,45,43
9297762.0,38,55
9297814.0,49,54
9297838.0,51,51
9297851.0,45,44
9297890.0,53,48
9297978.0,52,43
9298005.0,43,59
9298012.0,47,54
9298040.0,47,42
9298057.0,47,58
9298131.0,49,51
9298166.0,53,46
9298170.0,47,43
9298173.0,41,46
9298174.0,43,43
9298235.0,45,43
9298270.0,39,50
9298324.0,37,54
9298336.0,47,46
9298340.0,52,43
9298442.0,48,49
9298463.0,48,55
9298473.0,51,51
9298505.0,42,63
9298568.0,48,48
9298577.0,50,56
9298603.0,49,54
9298620.0,48,45
9298644.0,45,44
9298661.0,50,42
9298662.0,53,45
9298675.0,51,55
9298706.0,51,43
9298729.0,40,48
9298754.0,51,53
9298845.0,52,54
9298847.0,50,50
9298895.0,48,43
9298948.0,42,61
9298951.0,52,48
9298977.0,48,54
9298996.0,52,53
9299004.0,50,53
9299074.0,50,45
9299137.0,44,45
9299148.0,49,48
9299169.0,49,44
9299181.0,44,47
9299207.0,49,54
9299217.0,47,53
9299246.0,42,63
9299317.0,42,44
9299367.0,43,48
9299376.0,51,45
9299381.0,46,58
9299566.0,51,49
9299648.0,44,46
9299650.0,41,47
9299766.0,41,46
9299772.0,49,47
9299794.0,36,56
9299821.0,47,49
9299872.0,51,49
9299878.0,43,46
9299879.0,41,64
9299887.0,48,57
9299891.0,40,65
9299895.0,42,65
9299899.0,57,109
9300012.0,46,46
9300047.0,49,43
9300063.0,46,43
9300144.0,43,43
9300174.0,52,47
9300180.0,52,44
9300187.0,49,47
9300218.0,53,54
9300245.0,49,46
9300308.0,37,57
9300346.0,40,49
9300371.0,39,67
9300375.0,44,45
9300394.0,36,58
9300447.0,51,51
9300550.0,49,51
9300709.0,50,97
9300741.0,49,56
9300761.0,48,54
9300762.0,50,53
9300797.0,53,54
9300882.0,40,48
9300898.0,41,63
9300900.0,44,102
9300910.0,45,58
9300917.0,52,54
9300951.0,50,47
9301087.0,44,44
9301109.0,45,44
9301118.0,47,42
9301149.0,48,44
9301199.0,39,50
9301249.0,41,62
9301250.0,51,43
9301313.0,41,48
9301385.0,51,48
9301387.0,42,44
9301392.0,43,59
9301400.0,39,49
9301471.0,44,44
9301488.0,51,42
9301522.0,31,66
9301526.0,51,49
9301570.0,44,43
9301579.0,43,42
9301638.0,51,43
9301682.0,50,49
9301713.0,42,65
9301717.0,51,55
9301732.0,40,66
9301761.0,47,48
9301765.0,44,59
9301817.0,48,47
9301818.0,48,49
9301858.0,37,53
9301909.0,44,100
9301934.0,48,51
9301938.0,43,45
9302055.0,51,46
9302070.0,49,47
9302120.0,48,47
9302132.0,50,44
9302141.0,40,66
9302152.0,50,42
9302169.0,49,48
9302176.0,35,57
9302212.0,51,55
9302217.0,46,47
9302225.0,50,54
9302230.0,51,42
9302255.0,50,46
9302295.0,48,42
9302359.0,41,45
9302394.0,42,45
9302423.0,44,44
9302443.0,35,61
9302464.0,46,43
9302482.0,51,54
9302536.0,52,46
9302594.0,46,58
9302693.0,49,42
9302694.0,50,50
9302708.0,36,59
9302832.0,38,59
9302838.0,47,44
9302840.0,39,49
9302843.0,40,47
9302849.0,51,42
9302894.0,49,46
9302935.0,50,55
9302963.0,48,47
9302964.0,48,48
9302973.0,47,46
9303012.0,49,53
9303091.0,51,51
9303110.0,47,57
9303112.0,47,44
9303126.0,44,45
9303139.0,51,45
9303157.0,52,47
9303166.0,43,42
9303199.0,51,55
9303396.0,49,45
9303477.0,47,49
9303492.0,44,48
9303493.0,48,52
9303575.0,44,46
9303701.0,51,44
9303717.0,51,52
9303811.0,45,47
9303821.0,48,52
9303859.0,47,48
9303876.0,37,56
9303880.0,46,45
9303891.0,50,49
9303927.0,49,50
9303975.0,46,42
9304044.0,52,52
9304108.0,42,43
9304113.0,40,65
9304125.0,43,45
9304179.0,44,43
9304201.0,49,50
9304245.0,47,45
9304262.0,50,44
9304274.0,21,49
9304301.0,35,60
9304302.0,49,51
9304308.0,49,47
9304369.0,47,43
9304385.0,38,51
9304423.0,53,107
9304468.0,49,46
9304486.0,21,48
9304508.0,51,47
9304539.0,45,58
9304552.0,49,43
9304557.0,50,52
9304695.0,35,59
9304742.0,47,41
9304760.0,21,49
9304784.0,47,43
9304796.0,47,53
9304819.0,43,45
9304819.0,53,107
9304823.0,52,53
9304835.0,49,50
9304843.0,49,47
9304857.0,48,51
9304859.0,46,46
9304869.0,49,53
9304879.0,52,45
9304885.0,39,66
9304889.0,48,56
9304894.0,50,53
9304948.0,43,44
9304961.0,49,42
9304995.0,38,57
9305017.0,50,55
9305024.0,47,52
9305072.0,50,43
9305079.0,49,47
9305101.0,52,53
9305132.0,51,48
9305134.0,49,51
9305150.0,52,46
9305176.0,50,45
9305181.0,48,43
9305191.0,53,52
9305231.0,43,44
9305329.0,41,44
9305468.0,46,42
9305488.0,48,52
9305498.0,49,45
9305519.0,47,57
9305549.0,40,48
9305558.0,49,44
9305650.0,49,46
9305656.0,37,52
9305658.0,52,53
9305676.0,43,46
9305713.0,44,44
9305756.0,47,49
9305761.0,51,52
9305778.0,48,53
9305828.0,47,43
9305846.0,44,58
9305858.0,49,45
9305878.0,40,49
9305881.0,48,52
9305891.0,47,47
9305910.0,48,48
9305918.0,51,54
9305958.0,45,46
9305991.0,45,43
9306026.0,42,44
9306036.0,42,43
9306106.0,39,48
9306107.0,48,46
9306173.0,43,44
9306366.0,45,44
9306373.0,48,44
9306376.0,40,46
9306432.0,39,49
9306455.0,50,42
9306482.0,48,54
9306486.0,42,47
9306577.0,49,55
9306667.0,36,55
9306696.0,50,45
9306703.0,38,52
9306723.0,51,46
9306773.0,48,47
9306798.0,38,50
9306815.0,44,45
9306835.0,50,48
9306867.0,52,45
9306900.0,39,48
9306929.0,50,44
9306929.0,50,52
9306954.0,49,41
9306970.0,45,97
9307083.0,43,47
9307085.0,41,61
9307090.0,47,48
9307100.0,37,53
9307119.0,48,56
9307153.0,42,47
9307157.0,47,52
9307218.0,45,58
9307251.0,39,48
9307286.0,39,50
9307315.0,48,52
9307364.0,46,44
9307388.0,49,45
9307392.0,39,51
9307461.0,46,41
9307594.0,48,53
9307609.0,42,53
9307694.0,47,56
9307699.0,49,44
9307717.0,42,42
9307745.0,46,53
9307785.0,39,90
9307787.0,45,47
9307794.0,48,56
9307809.0,34,60
9307826.0,42,46
9307849.0,44,44
9307929.0,47,47
9307981.0,42,53
9307986.0,44,47
9308005.0,49,52
9308023.0,47,44
9308111.0,47,42
9308159.0,50,54
9308242.0,45,42
9308243.0,50,46
9308247.0,48,53
9308300.0,51,46
9308422.0,48,42
9308518.0,51,53
9308568.0,43,45
9308589.0,43,43
9308605.0,46,48
9308609.0,51,47
9308682.0,42,45
9308709.0,41,43
9308719.0,49,46
9308727.0,35,62
9308750.0,34,62
9308776.0,38,50
9308829.0,44,48
9308867.0,51,46
9308890.0,50,48
9308895.0,51,52
9308913.0,50,47
9308948.0,49,49
9308966.0,48,47
9308966.0,86,122
9308977.0,34,59
9309055.0,49,45
9309062.0,33,63
9309108.0,48,53
9309135.0,50,44
9309153.0,48,49
9309162.0,51,47
9309179.0,47,43
9309276.0,46,57
9309292.0,47,48
9309299.0,49,55
9309338.0,41,63
9309355.0,50,49
9309414.0,44,43
9309428.0,46,43
9309475.0,50,52
9309494.0,49,49
9309514.0,48,49
9309558.0,38,49
9309574.0,42,59
9309580.0,48,45
9309583.0,51,102
9309618.0,47,53
9309635.0,51,46
9309661.0,48,53
9309662.0,43,59
9309739.0,47,52
9309777.0,47,51
9309800.0,52,53
9309839.0,45,42
9309844.0,50,48
9309883.0,43,46
9309917.0,41,63
9309931.0,48,41
9309935.0,40,45
9309991.0,46,45
9310005.0,47,51
9310017.0,51,53
9310035.0,41,45
9310070.0,45,46
9310099.0,49,52
9310104.0,48,53
9310112.0,45,41
9310130.0,49,53
9310193.0,49,48
9310198.0,39,88
9310231.0,51,45
9310265.0,49,43
9310381.0,44,58
9310385.0,42,59
9310393.0,52,53
9310398.0,36,58
9310439.0,52,54
9310445.0,37,51
9310467.0,49,49
9310469.0,36,55
9310475.0,47,56
9310489.0,50,54
9310539.0,39,47
9310549.0,47,53
9310574.0,47,52
9310623.0,40,63
9310640.0,49,45
9310673.0,45,57
9310690.0,42,42
9310697.0,41,63
9310715.0,36,53
9310718.0,42,44
9310744.0,42,63
9310744.0,42,47
9310808.0,31,69
9310879.0,41,47
9310887.0,43,42
9310897.0,50,47
9310924.0,49,49
9310962.0,47,46
9310983.0,43,45
9311028.0,48,52
9311044.0,42,59
9311046.0,47,51
9311050.0,47,54
9311073.0,46,44
9311096.0,43,44
9311098.0,40,47
9311100.0,41,61
9311137.0,45,44
9311138.0,49,42
9311180.0,45,45
9311227.0,48,46
9311244.0,50,54
9311247.0,41,47
9311278.0,49,44
9311281.0,47,42
9311356.0,40,67
9311378.0,44,43
9311388.0,42,46
9311407.0,50,53
9311442.0,42,59
9311560.0,41,61
9311655.0,44,46
9311669.0,47,52
9311690.0,48,49
9311719.0,37,52
9311728.0,52,53
9311759.0,48,50
9311874.0,47,47
9311998.0,39,47
9312001.0,39,67
9312004.0,48,44
9312092.0,45,45
9312118.0,45,57
9312260.0,39,71
9312350.0,41,47
9312477.0,50,46
9312481.0,43,47
9312494.0,34,64
9312541.0,46,47
9312542.0,50,51
9312551.0,41,42
9312552.0,29,70
9312554.0,52,54
9312582.0,50,43
9312582.0,41,47
9312604.0,46,42
9312622.0,47,42
9312624.0,48,46
9312699.0,46,52
9312756.0,37,51
9312769.0,45,41
9312776.0,43,42
9312806.0,51,52
9312826.0,49,48
9312900.0,48,51
9312904.0,39,69
9312933.0,43,58
9312993.0,40,44
9313006.0,45,52
9313039.0,31,72
9313042.0,39,46
9313100.0,52,52
9313112.0,48,52
9313115.0,44,47
9313133.0,49,42
9313155.0,46,48
9313165.0,49,44
9313217.0,38,51
9313256.0,39,48
9313257.0,48,51
9313265.0,47,50
9313278.0,43,44
9313295.0,38,49
9313316.0,49,51
9313327.0,37,89
9313357.0,49,54
9313368.0,30,70
9313371.0,45,44
9313378.0,46,52
9313459.0,35,64
9313490.0,47,45
9313500.0,47,51
9313501.0,49,41
9313507.0,51,44
9313522.0,48,49
9313669.0,47,43
9313683.0,58,56
9313705.0,31,65
9313719.0,50,53
9313769.0,42,43
9313823.0,47,47
9313874.0,47,52
9313901.0,33,64
9313910.0,46,51
9313949.0,41,45
9313952.0,50,54
9313965.0,44,57
9314044.0,45,53
9314076.0,46,56
9314078.0,32,62
9314081.0,49,49
9314143.0,48,55
9314165.0,37,55
9314201.0,44,57
9314238.0,46,52
9314253.0,37,90
9314265.0,47,55
9314266.0,46,43
9314274.0,30,71
9314276.0,35,57
9314287.0,33,61
9314359.0,49,47
9314370.0,44,45
9314382.0,40,65
9314384.0,45,43
9314388.0,28,71
9314426.0,48,45
9314430.0,44,42
9314483.0,50,53
9314547.0,50,45
9314641.0,51,52
9314644.0,48,43
9314686.0,42,58
9314692.0,46,52
9314729.0,41,46
9314827.0,50,54
9314884.0,49,43
9314888.0,37,50
9314911.0,43,42
9314913.0,44,46
9314966.0,43,43
9314967.0,50,46
9314997.0,38,48
9315003.0,36,54
9315015.0,45,48
9315023.0,41,59
9315096.0,47,56
9315099.0,42,58
9315164.0,49,54
9315241.0,51,52
9315280.0,51,43
9315284.0,41,46
9315302.0,42,46
9315306.0,41,42
9315307.0,40,65
9315375.0,50,51
9315394.0,48,40
9315459.0,49,52
9315467.0,50,46
9315514.0,43,42
9315584.0,43,58
9315647.0,47,46
9315652.0,46,46
9315664.0,41,45
9315720.0,45,44
9315737.0,47,50
9315740.0,46,52
9315748.0,48,49
9315762.0,41,53
9315790.0,52,44
9315829.0,40,44
9315854.0,42,45
9315855.0,42,42
9315859.0,50,54
9315868.0,47,55
9315958.0,41,46
9315977.0,46,44
9315978.0,47,53
9315986.0,47,45
9316006.0,45,46
9316028.0,50,45
9316029.0,41,45
9316040.0,40,43
9316065.0,37,53
9316103.0,44,41
9316103.0,43,58
9316104.0,50,49
9316106.0,48,54
9316120.0,46,46
9316124.0,45,57
9316126.0,41,46
9316166.0,35,56
9316193.0,40,42
9316195.0,51,52
9316225.0,48,45
9316239.0,50,52
9316244.0,39,45
9316259.0,47,50
9316324.0,45,42
9316356.0,47,52
9316410.0,47,55
9316419.0,49,47
9316460.0,42,58
9316465.0,46,52
9316471.0,48,48
9316477.0,42,53
9316497.0,40,59
9316525.0,47,45
9316625.0,41,62
9316708.0,50,54
9316733.0,49,51
9316748.0,45,47
9316762.0,38,47
9316765.0,46,51
9316766.0,42,53
9316803.0,40,63
9316866.0,44,57
9316884.0,49,53
9316910.0,46,46
9316954.0,49,47
9316982.0,47,44
9317019.0,48,42
9317074.0,40,62
9317109.0,47,50
9317113.0,46,56
9317175.0,43,46
9317246.0,46,47
9317279.0,44,57
9317313.0,47,55
9317349.0,42,44
9317357.0,48,44
9317360.0,41,41
9317387.0,51,52
9317438.0,41,45
9317536.0,50,53
9317573.0,32,64
9317598.0,44,41
9317602.0,50,54
9317606.0,39,41
9317618.0,47,50
9317625.0,48,52
9317678.0,46,42
9317716.0,48,51
9317738.0,39,44
9317773.0,47,41
9317791.0,46,54
9317823.0,41,44
9317850.0,43,57
9317890.0,36,53
9317897.0,50,52
9317942.0,43,42
9317955.0,43,58
9317976.0,50,44
9318009.0,36,52
9318027.0,49,47
9318062.0,48,54
9318069.0,44,57
9318110.0,41,60
9318179.0,47,49
9318201.0,50,53
9318233.0,39,45
9318286.0,40,42
9318297.0,50,50
9318306.0,43,57
9318308.0,47,50
9318335.0,39,47
9318349.0,42,45
9318424.0,49,46
9318429.0,51,51
9318477.0,36,51
9318488.0,51,52
9318506.0,45,43
9318527.0,41,47
9318605.0,43,58
9318629.0,46,50
9318655.0,41,41
9318676.0,44,57
9318683.0,41,46
9318750.0,40,89
9318771.0,50,54
9318780.0,39,46
9318788.0,47,50
9318800.0,47,44
9318807.0,49,43
9318826.0,51,45
9318838.0,47,54
9318864.0,46,50
9318876.0,43,43
9318889.0,50,43
9318901.0,43,47
9318908.0,47,43
9318933.0,48,43
9318942.0,45,56
9318965.0,39,65
9319018.0,44,45
9319055.0,46,45
9319120.0,43,57
9319175.0,47,54
9319200.0,54,88
9319208.0,48,48
9319234.0,52,54
9319272.0,47,45
9319325.0,39,41
9319344.0,43,41
9319368.0,47,40
9319399.0,44,43
9319408.0,42,47
9319435.0,48,47
9319465.0,46,51
9319482.0,41,43
9319526.0,43,42
9319565.0,47,44
9319588.0,49,42
9319593.0,50,54
9319596.0,46,43
9319601.0,48,51
9319602.0,39,44
9319614.0,53,54
9319643.0,38,47
9319697.0,49,52
9319708.0,48,41
9319719.0,49,50
9319753.0,44,40
9319919.0,47,54
9319971.0,49,45
9319988.0,46,55
9319991.0,54,88
9320021.0,47,51
9320097.0,40,46
9320125.0,49,53
9320172.0,46,52
9320287.0,44,57
9320305.0,45,51
9320322.0,39,72
9320327.0,46,46
9320332.0,47,49
9320362.0,39,66
9320418.0,46,50
9320422.0,46,53
9320506.0,37,48
9320554.0,43,46
9320567.0,52,54
9320572.0,39,43
9320682.0,40,42
9320695.0,49,53
9320697.0,45,46
9320708.0,42,44
9320748.0,40,66
9320776.0,46,44
9320794.0,47,48
9320840.0,46,41
9320846.0,50,50
9320849.0,39,66
9320936.0,42,58
9320947.0,43,41
9320983.0,41,45
9320997.0,47,52
9321126.0,42,43
9321129.0,51,106
9321174.0,40,45
9321232.0,45,43
9321261.0,45,41
9321262.0,35,53
9321267.0,38,46
9321287.0,50,54
9321290.0,45,48
9321334.0,48,43
9321343.0,50,42
9321345.0,40,66
9321349.0,37,61
9321377.0,44,44
9321380.0,47,42
9321410.0,50,44
9321427.0,43,58
9321430.0,52,54
9321454.0,49,53
9321463.0,39,41
9321480.0,43,45
9321490.0,32,60
9321491.0,50,51
9321524.0,48,50
9321584.0,45,47
9321592.0,41,45
9321738.0,41,42
9321780.0,47,42
9321820.0,45,41
9321827.0,39,41
9321849.0,38,45
9321854.0,49,50
9321878.0,40,44
9321884.0,47,54
9321889.0,35,55
9321890.0,43,45
9321915.0,39,66
9321923.0,48,53
9321926.0,48,42
9321971.0,47,51
9322007.0,40,41
9322023.0,37,51
9322043.0,48,47
9322063.0,43,58
9322080.0,44,56
9322084.0,45,53
9322097.0,28,73
9322184.0,48,46
9322266.0,49,52
9322308.0,46,47
9322318.0,45,42
9322330.0,47,44
9322343.0,46,40
9322375.0,44,52
9322389.0,45,41
9322485.0,47,42
9322508.0,36,50
9322547.0,41,45
9322603.0,43,40
9322631.0,47,54
9322656.0,41,44
9322663.0,47,41
9322705.0,43,57
9322718.0,35,56
9322724.0,39,42
9322731.0,40,61
9322752.0,45,46
9322815.0,41,58
9322827.0,39,43
9322843.0,46,43
9322864.0,48,47
9322879.0,49,43
9322883.0,49,45
9322892.0,46,55
9322895.0,49,44
9322942.0,42,46
9322962.0,45,51
9322984.0,46,49
9323047.0,47,42
9323160.0,49,50
9323194.0,43,44
9323224.0,44,42
9323262.0,37,49
9323312.0,38,46
9323375.0,42,51
9323384.0,42,47
9323388.0,45,41
9323390.0,46,55
9323415.0,45,47
9323452.0,46,44
9323458.0,50,51
9323513.0,47,48
9323547.0,47,54
9323552.0,46,45
9323626.0,43,41
9323691.0,49,45
9323707.0,34,60
9323708.0,50,42
9323729.0,38,45
9323729.0,44,47
9323737.0,43,44
9323783.0,46,54
9323815.0,47,42
9323852.0,48,45
9323857.0,41,41
9323863.0,42,57
9323910.0,42,47
9323918.0,48,47
9323931.0,47,47
9323980.0,35,58
9324020.0,37,48
9324038.0,38,44
9324044.0,54,53
9324069.0,42,42
9324087.0,44,43
9324091.0,47,54
9324102.0,45,55
9324246.0,45,41
9324254.0,48,47
9324307.0,41,58
9324327.0,48,53
9324378.0,43,40
9324386.0,54,53
9324400.0,47,42
9324428.0,38,74
9324429.0,42,47
9324433.0,48,50
9324504.0,46,55
9324509.0,47,44
9324531.0,46,46
9324533.0,41,41
9324545.0,45,41
9324572.0,43,44
9324580.0,49,51
9324595.0,35,59
9324640.0,47,54
9324721.0,47,51
9324754.0,39,70
9324767.0,45,50
9324786.0,41,59
9324798.0,43,45
9324822.0,41,42
9324861.0,49,51
9324879.0,43,43
9324922.0,49,43
9324926.0,46,44
9324941.0,40,44
9324955.0,43,44
9324972.0,44,41
9324994.0,40,58
9325023.0,40,46
9325042.0,45,100
9325069.0,48,53
9325080.0,46,52
9325082.0,41,58
9325086.0,46,43
9325139.0,46,51
9325217.0,50,50
9325230.0,45,45
9325245.0,45,46
9325247.0,37,47
9325255.0,41,41
9325260.0,49,49
9325323.0,47,42
9325331.0,35,53
9325341.0,46,49
9325344.0,43,43
9325355.0,41,42
9325385.0,44,42
9325391.0,44,56
9325403.0,42,45
9325431.0,46,40
9325441.0,48,42
9325444.0,36,49
9325447.0,47,43
9325468.0,45,51
9325499.0,46,43
9325503.0,47,42
9325522.0,35,55
9325559.0,42,41
9325567.0,41,43
9325598.0,41,59
9325608.0,40,43
9325629.0,47,53
9325631.0,39,46
9325679.0,45,40
9325697.0,48,52
9325704.0,40,63
9325733.0,37,50
9325757.0,46,45
9325759.0,40,61
9325777.0,39,62
9325819.0,49,51
9325864.0,48,53
9325951.0,40,44
9325951.0,44,40
9325974.0,48,52
9325995.0,43,40
9326001.0,47,50
9326053.0,36,50
9326091.0,43,39
9326205.0,41,58
9326221.0,38,43
9326236.0,40,64
9326238.0,44,46
9326267.0,49,51
9326307.0,39,65
9326323.0,54,108
9326341.0,40,45
9326353.0,34,56
9326370.0,46,49
9326383.0,38,49
9326441.0,40,53
9326449.0,41,41
9326453.0,34,57
9326458.0,46,42
9326551.0,36,52
9326554.0,17,45
9326565.0,46,54
9326589.0,40,42
9326596.0,48,52
9326611.0,45,55
9326611.0,43,43
9326615.0,40,52
9326624.0,47,42
9326652.0,45,56
9326663.0,49,49
9326820.0,43,42
9326847.0,48,45
9326870.0,48,49
9326911.0,46,49
9326927.0,48,44
9326951.0,41,59
9326980.0,42,57
9327024.0,42,46
9327025.0,46,44
9327030.0,39,63
9327032.0,47,47
9327047.0,39,41
9327062.0,42,41
9327064.0,40,53
9327081.0,17,45
9327086.0,37,46
9327095.0,48,46
9327119.0,48,47
9327201.0,45,50
9327297.0,47,45
9327360.0,41,41
9327367.0,44,47
9327375.0,40,41
9327444.0,49,51
9327449.0,56,111
9327459.0,41,59
9327462.0,55,111
9327502.0,44,42
9327510.0,16,45
9327560.0,47,53
9327566.0,35,57
9327600.0,48,47
9327622.0,40,41
9327643.0,49,50
9327655.0,38,66
9327667.0,45,46
9327712.0,43,43
9327727.0,49,49
9327739.0,39,41
9327748.0,48,45
9327831.0,41,41
9327848.0,46,51
9327884.0,42,52
9327914.0,40,60
9327928.0,38,43
9327942.0,44,50
9327982.0,44,41
9327984.0,47,46
9328010.0,39,41
9328066.0,40,44
9328131.0,49,45
9328180.0,35,51
9328187.0,46,41
9328277.0,45,44
9328280.0,42,40
9328287.0,44,51
9328295.0,44,44
9328331.0,39,45
9328338.0,37,45
9328358.0,47,45
9328369.0,39,62
9328382.0,41,59
9328388.0,48,43
9328414.0,44,45
9328418.0,48,47
9328463.0,41,42
9328473.0,37,52
9328473.0,41,43
9328523.0,49,45
9328551.0,42,44
9328567.0,45,51
9328576.0,44,43
9328602.0,46,48
9328618.0,39,88
9328627.0,43,56
9328643.0,45,45
9328664.0,46,40
9328676.0,40,45
9328680.0,45,49
9328686.0,38,89
9328747.0,46,47
9328766.0,35,50
9328855.0,41,46
9328879.0,45,44
9328879.0,39,64
9328947.0,47,50
9328950.0,48,51
9329004.0,46,48
9329013.0,46,43
9329014.0,43,47
9329078.0,48,47
9329081.0,44,52
9329090.0,37,46
9329092.0,35,52
9329178.0,46,47
9329198.0,46,44
9329198.0,43,41
9329208.0,48,49
9329238.0,36,49
9329317.0,44,55
9329367.0,46,54
9329383.0,38,42
9329401.0,45,40
9329455.0,48,51
9329498.0,39,44
9329538.0,45,43
9329602.0,46,54
9329723.0,46,53
9329740.0,49,44
9329750.0,37,45
9329754.0,43,44
9329793.0,39,63
9329814.0,31,66
9329821.0,45,55
9329866.0,48,43
9329880.0,46,48
9329934.0,44,40
9329952.0,46,53
9329973.0,46,47
9330065.0,48,42
9330068.0,54,88
9330123.0,48,43
9330151.0,37,44
9330154.0,44,41
9330187.0,40,43
9330225.0,45,51
9330265.0,48,44
9330283.0,49,93
9330284.0,46,48
9330307.0,40,58
9330346.0,41,41
9330450.0,46,42
9330468.0,43,40
9330549.0,47,44
9330553.0,47,52
9330628.0,49,44
9330634.0,45,49
9330658.0,48,51
9330675.0,45,48
9330703.0,44,47
9330708.0,49,50
9330723.0,50,49
9330755.0,35,60
9330756.0,47,45
9330766.0,36,48
9330773.0,39,43
9330776.0,43,56
9330799.0,35,51
9330811.0,46,48
9330830.0,48,52
9330831.0,43,42
9330917.0,37,43
9330925.0,49,42
9330936.0,36,51
9330943.0,44,44
9330967.0,42,45
9330981.0,48,51
9331009.0,38,41
9331011.0,39,64
9331016.0,36,53
9331033.0,47,49
9331049.0,49,50
9331049.0,46,43
9331126.0,42,44
9331178.0,46,49
9331182.0,48,52
9331188.0,42,56
9331200.0,44,51
9331204.0,44,44
9331209.0,33,60
9331258.0,32,61
9331280.0,39,45
9331284.0,40,51
9331298.0,44,46
9331298.0,43,56
9331329.0,45,42
9331346.0,43,43
9331346.0,46,46
9331439.0,44,56
9331443.0,38,65
9331458.0,34,61
9331520.0,46,53
9331619.0,34,54
9331621.0,43,46
9331660.0,38,42
9331703.0,46,50
9331773.0,40,44
9331781.0,31,62
9331825.0,41,46
9331888.0,46,46
9331928.0,36,47
9331938.0,44,44
9332012.0,48,51
9332021.0,46,53
9332031.0,43,47
9332042.0,40,57
9332088.0,49,50
9332093.0,47,44
9332121.0,39,42
9332143.0,50,49
9332157.0,34,56
9332162.0,45,54
9332222.0,43,51
9332245.0,67,98
9332264.0,44,40
9332287.0,45,41
9332310.0,43,42
9332324.0,33,62
9332330.0,44,50
9332376.0,48,50
9332383.0,46,40
9332401.0,49,49
9332411.0,44,39
9332414.0,43,48
9332415.0,33,57
9332472.0,48,51
9332488.0,48,52
9332507.0,35,49
9332543.0,49,50
9332552.0,44,44
9332640.0,45,41
9332658.0,44,55
9332668.0,46,53
9332710.0,45,48
9332715.0,39,46
9332743.0,47,52
9332760.0,41,40
9332825.0,45,52
9332884.0,45,44
9332928.0,40,43
9332932.0,48,52
9332961.0,42,42
9332964.0,42,52
9332989.0,46,42
9332993.0,41,57
9332996.0,47,44
9333005.0,47,43
9333063.0,44,43
9333085.0,32,58
9333094.0,38,46
9333108.0,48,51
9333116.0,39,41
9333123.0,46,41
9333138.0,34,53
9333193.0,44,44
9333232.0,45,55
9333257.0,37,43
9333261.0,37,44
9333300.0,39,58
9333301.0,37,47
9333327.0,45,51
9333360.0,43,55
9333377.0,35,50
9333381.0,34,52
9333447.0,41,44
9333457.0,48,51
9333467.0,42,44
9333482.0,44,44
9333491.0,42,42
9333544.0,49,50
9333564.0,44,49
9333598.0,45,44
9333640.0,39,61
9333655.0,39,45
9333732.0,32,63
9333739.0,32,62
9333832.0,47,44
9333877.0,45,44
9333895.0,43,45
9334011.0,49,50
9334022.0,39,44
9334093.0,44,51
9334096.0,40,61
9334136.0,37,44
9334142.0,47,49
9334170.0,47,44
9334199.0,45,40
9334201.0,46,45
9334203.0,43,41
9334208.0,46,54
9334239.0,40,59
9334242.0,36,45
9334249.0,33,59
9334267.0,41,45
9334288.0,36,50
9334333.0,48,48
9334353.0,41,46
9334365.0,45,43
9334413.0,43,45
9334414.0,47,51
9334468.0,43,94
9334470.0,45,45
9334482.0,45,41
9334496.0,38,44
9334510.0,41,40
9334548.0,40,42
9334573.0,42,56
9334598.0,46,50
9334604.0,49,94
9334640.0,46,49
9334664.0,49,49
9334701.0,46,45
9334736.0,45,42
9334784.0,42,41
9334795.0,41,43
9334865.0,49,50
9334872.0,37,44
9334886.0,29,64
9334902.0,44,54
9334909.0,47,44
9334927.0,44,45
9334940.0,48,50
9334949.0,37,42
9334985.0,38,43
9334989.0,41,39
9335020.0,48,51
9335076.0,36,46
9335081.0,42,56
9335086.0,34,53
9335111.0,46,52
9335188.0,44,50
9335202.0,49,50
9335282.0,43,45
9335286.0,45,41
9335292.0,38,45
9335501.0,46,45
9335506.0,46,44
9335577.0,39,43
9335610.0,45,39
9335654.0,44,43
9335671.0,48,51
9335693.0,44,51
9335701.0,47,48
9335703.0,43,46
9335713.0,38,67
9335736.0,49,45
9335738.0,44,42
9335751.0,39,41
9335766.0,44,44
9335828.0,43,55
9335836.0,47,51
9335846.0,43,47
9335886.0,44,50
9335887.0,45,39
9335910.0,42,56
9335977.0,43,40
9335980.0,46,44
9336006.0,43,39
9336035.0,45,42
9336114.0,43,45
9336137.0,47,43
9336205.0,32,59
9336208.0,40,41
9336215.0,46,41
9336249.0,44,49
9336254.0,30,68
9336254.0,41,55
9336280.0,48,49
9336377.0,32,88
9336433.0,45,53
9336437.0,45,50
9336483.0,29,41
9336496.0,43,44
9336512.0,39,41
9336544.0,43,50
9336554.0,46,44
9336609.0,38,42
9336609.0,44,43
9336688.0,42,42
9336706.0,41,44
9336714.0,41,43
9336718.0,47,42
9336722.0,42,46
9336724.0,44,48
9336744.0,45,46
9336779.0,36,45
9336796.0,43,44
9336836.0,44,41
9336859.0,46,46
9336879.0,41,56
9336924.0,34,50
9336936.0,39,44
9336944.0,34,52
9336952.0,32,88
9336955.0,35,49
9336958.0,40,40
9336978.0,40,57
9336980.0,48,43
9336992.0,44,56
9336992.0,41,42
9337005.0,48,52
9337011.0,29,41
9337026.0,36,44
9337047.0,36,47
9337051.0,47,50
9337065.0,46,48
9337152.0,43,56
9337154.0,42,40
9337173.0,38,64
9337196.0,35,47
9337217.0,38,45
9337233.0,39,39
9337248.0,47,42
9337276.0,41,43
9337276.0,47,48
9337291.0,41,41
9337302.0,39,71
9337312.0,41,56
9337324.0,36,43
9337337.0,48,43
9337362.0,41,45
9337376.0,40,57
9337434.0,40,44
9337445.0,39,42
9337501.0,41,42
9337506.0,39,41
9337512.0,46,52
9337517.0,43,44
9337524.0,54,115
9337526.0,37,41
9337535.0,38,68
9337554.0,43,39
9337565.0,41,41
9337612.0,36,42
9337690.0,42,40
9337789.0,29,41
9337829.0,39,39
9337831.0,43,44
9337836.0,40,45
9337843.0,39,41
9337856.0,44,54
9337925.0,44,40
9337950.0,34,51
9337960.0,39,43
9337982.0,41,56
9338019.0,46,43
9338059.0,41,45
9338060.0,45,52
9338071.0,45,49
9338117.0,35,50
9338285.0,44,48
9338292.0,42,41
9338309.0,35,48
9338340.0,47,42
9338429.0,46,42
9338451.0,39,39
9338533.0,41,41
9338541.0,41,42
9338577.0,44,43
9338607.0,45,47
9338638.0,46,49
9338663.0,43,49
9338699.0,44,41
9338730.0,40,40
9338747.0,47,42
9338778.0,37,46
9338792.0,38,46
9338811.0,38,41
9338824.0,41,45
9338845.0,44,50
9338852.0,40,39
9338903.0,44,108
9338952.0,41,42
9338971.0,45,41
9339058.0,43,43
9339117.0,40,57
9339131.0,38,67
9339159.0,38,45
9339230.0,44,41
9339234.0,43,49
9339244.0,37,42
9339320.0,39,39
9339323.0,42,55
9339346.0,44,42
9339393.0,36,49
9339422.0,45,53
9339429.0,41,45
9339494.0,34,54
9339497.0,47,42
9339523.0,38,42
9339528.0,43,43
9339532.0,44,39
9339539.0,43,45
9339540.0,43,50
9339572.0,38,41
9339596.0,33,57
9339619.0,36,43
9339645.0,39,39
9339658.0,46,41
9339664.0,44,53
9339664.0,45,53
9339678.0,45,106
9339705.0,43,55
9339738.0,47,48
9339772.0,44,40
9339773.0,42,45
9339781.0,47,50
9339788.0,45,46
9339840.0,39,41
9339845.0,43,49
9339854.0,46,48
9339899.0,44,50
9339901.0,39,42
9339931.0,36,42
9339955.0,38,44
9339962.0,42,55
9340004.0,37,44
9340074.0,40,45
9340102.0,31,63
9340125.0,47,49
9340129.0,42,43
9340132.0,42,42
9340148.0,45,52
9340152.0,42,40
9340208.0,47,42
9340233.0,42,45
9340259.0,46,42
9340328.0,32,57
9340331.0,45,44
9340373.0,43,49
9340375.0,43,43
9340475.0,47,49
9340480.0,43,55
9340483.0,45,54
9340489.0,44,40
9340567.0,33,57
9340591.0,45,49
9340602.0,41,44
9340604.0,34,53
9340634.0,43,42
9340657.0,44,42
9340722.0,38,41
9340785.0,34,49
9340789.0,40,43
9340881.0,44,47
9340964.0,46,42
9340983.0,41,43
9340989.0,43,43
9341001.0,40,39
9341006.0,42,55
9341013.0,42,45
9341022.0,43,49
9341022.0,42,41
9341048.0,47,41
9341065.0,36,41
9341072.0,35,52
9341090.0,41,56
9341100.0,37,53
9341104.0,43,48
9341118.0,43,54
9341121.0,46,51
9341138.0,58,58
9341188.0,47,42
9341189.0,45,54
9341206.0,35,46
9341216.0,47,49
9341217.0,33,54
9341268.0,45,45
9341278.0,43,41
9341283.0,42,45
9341284.0,43,44
9341312.0,49,52
9341324.0,44,50
9341354.0,43,48
9341401.0,32,58
9341404.0,34,48
9341429.0,48,48
9341436.0,37,42
9341441.0,46,48
9341448.0,37,45
9341448.0,43,55
9341523.0,41,42
9341534.0,40,43
9341560.0,42,55
9341612.0,36,44
9341618.0,59,59
9341618.0,44,46
9341631.0,42,46
9341651.0,49,52
9341698.0,43,55
9341761.0,58,58
9341792.0,41,41
9341804.0,44,41
9341822.0,35,44
9341951.0,37,43
9342008.0,47,42
9342074.0,35,54
9342127.0,44,97
9342129.0,44,53
9342173.0,38,42
9342218.0,45,50
9342233.0,41,40
9342247.0,40,43
9342274.0,33,57
9342279.0,47,48
9342286.0,44,54
9342414.0,42,55
9342436.0,46,42
9342443.0,45,43
9342490.0,41,46
9342493.0,40,42
9342495.0,43,48
9342506.0,36,45
9342508.0,42,39
9342562.0,46,41
9342573.0,39,40
9342598.0,39,58
9342627.0,40,43
9342631.0,46,50
9342704.0,35,43
9342713.0,47,42
9342788.0,45,54
9342802.0,40,44
9342804.0,40,56
9342818.0,43,42
9342830.0,45,48
9342868.0,34,48
9342915.0,39,39
9342935.0,47,47
9342937.0,43,40
9342941.0,31,86
9342950.0,41,40
9342952.0,47,42
9342981.0,39,41
9343000.0,40,56
9343061.0,43,91
9343063.0,45,44
9343074.0,35,56
9343123.0,46,50
9343163.0,46,42
9343175.0,33,53
9343192.0,39,58
9343207.0,42,55
9343256.0,39,57
9343261.0,38,43
9343364.0,43,42
9343381.0,43,54
9343385.0,35,44
9343397.0,45,51
9343411.0,45,44
9343459.0,43,91
9343471.0,37,45
9343525.0,44,49
9343536.0,33,54
9343543.0,35,45
9343559.0,34,47
9343564.0,43,55
9343585.0,41,55
9343587.0,39,57
9343672.0,45,42
9343712.0,40,41
9343768.0,37,42
9343793.0,42,43
9343810.0,43,43
9343841.0,47,48
9343866.0,41,42
9343894.0,35,42
9343915.0,42,42
9344001.0,39,44
9344022.0,46,49
9344067.0,43,54
9344089.0,43,50
9344131.0,45,49
9344178.0,35,48
9344221.0,44,40
9344234.0,46,47
9344258.0,34,57
9344280.0,39,44
9344333.0,33,52
9344336.0,33,56
9344353.0,40,40
9344358.0,38,41
9344360.0,43,55
9344396.0,44,45
9344471.0,41,41
9344478.0,46,50
9344513.0,38,42
9344588.0,46,42
9344612.0,39,39
9344647.0,51,108
9344653.0,37,41
9344657.0,33,51
9344688.0,45,44
9344722.0,43,47
9344733.0,41,39
9344759.0,36,41
9344818.0,40,43
9344837.0,43,54
9344867.0,37,41
9344944.0,40,42
9345013.0,46,42
9345055.0,45,41
9345058.0,39,57
9345093.0,70,71
9345155.0,45,51
9345206.0,50,108
9345208.0,43,55
9345212.0,44,52
9345247.0,43,54
9345465.0,70,71
9345466.0,38,44
9345469.0,43,48
9345507.0,45,48
9345528.0,43,42
9345562.0,45,41
9345598.0,38,63
9345615.0,33,58
9345710.0,42,54
9345731.0,33,53
9345751.0,58,58
9345756.0,37,44
9345762.0,42,41
9345769.0,45,43
9345786.0,38,40
9345788.0,41,45
9345794.0,43,39
9345820.0,41,39
9345825.0,50,108
9345830.0,37,45
9345851.0,34,49
9345965.0,43,41
9345993.0,46,49
9346010.0,39,43
9346030.0,45,42
9346084.0,36,45
9346095.0,45,43
9346103.0,35,58
9346108.0,35,42
9346146.0,41,44
9346168.0,39,61
9346171.0,38,61
9346184.0,33,49
9346189.0,35,43
9346204.0,43,55
9346206.0,45,51
9346209.0,38,41
9346230.0,35,41
9346240.0,30,66
9346257.0,58,58
9346269.0,44,48
9346292.0,39,43
9346308.0,40,41
9346323.0,42,42
9346359.0,47,48
9346363.0,40,56
9346378.0,40,39
9346391.0,42,49
9346401.0,39,59
9346403.0,36,44
9346410.0,43,49
9346471.0,39,61
9346491.0,70,71
9346499.0,37,43
9346536.0,33,50
9346590.0,41,55
9346595.0,44,44
9346631.0,30,74
9346638.0,39,44
9346640.0,45,41
9346667.0,39,41
9346686.0,33,52
9346690.0,44,45
9346700.0,36,43
9346713.0,32,64
9346762.0,43,48
9346788.0,34,50
9346799.0,35,46
9346824.0,34,51
9346829.0,34,52
9346831.0,43,50
9346886.0,38,43
9346890.0,39,42
9346899.0,45,50
9346928.0,34,47
9346935.0,47,48
9346981.0,40,42
9347001.0,43,47
9347010.0,45,47
9347036.0,45,41
9347084.0,40,56
9347147.0,39,45
9347166.0,37,42
9347237.0,41,40
9347286.0,45,43
9347312.0,32,61
9347360.0,41,46
9347458.0,43,55
9347476.0,34,48
9347499.0,43,40
9347518.0,44,43
9347527.0,39,41
9347553.0,43,53
9347579.0,46,48
9347614.0,45,43
9347653.0,38,40
9347683.0,47,48
9347690.0,43,39
9347693.0,43,55
9347763.0,40,56
9347794.0,43,46
9347801.0,45,41
9347806.0,43,48
9347828.0,47,47
9347856.0,45,51
9347927.0,43,42
9347934.0,44,43
9347953.0,46,47
9347962.0,39,56
9347988.0,36,41
9348013.0,42,39
9348063.0,43,46
9348069.0,40,39
9348079.0,30,65
9348087.0,39,41
9348105.0,34,50
9348149.0,43,49
9348194.0,43,39
9348238.0,42,48
9348291.0,33,61
9348320.0,47,47
9348322.0,44,49
9348366.0,42,42
9348368.0,38,39
9348385.0,41,42
9348421.0,44,42
9348423.0,43,48
9348467.0,42,43
9348469.0,36,41
9348478.0,39,41
9348546.0,34,45
9348568.0,34,46
9348596.0,36,42
9348598.0,34,44
9348601.0,47,48
9348605.0,41,38
9348609.0,42,44
9348625.0,42,54
9348629.0,44,51
9348654.0,39,44
9348666.0,41,43
9348726.0,44,43
9348776.0,37,42
9348782.0,41,42
9348829.0,41,50
9348837.0,45,47
9348868.0,45,51
9348868.0,47,47
9348915.0,40,56
9348953.0,36,42
9349034.0,42,38
9349100.0,42,40
9349124.0,33,48
9349196.0,40,55
9349204.0,46,43
9349212.0,34,43
9349229.0,43,53
9349286.0,36,41
9349290.0,42,47
9349303.0,43,46
9349306.0,41,53
9349356.0,43,45
9349390.0,45,50
9349412.0,47,48
9349471.0,44,46
9349473.0,44,43
9349490.0,41,45
9349502.0,42,90
9349504.0,34,42
9349508.0,41,42
9349584.0,40,40
9349669.0,38,44
9349731.0,38,45
9349737.0,42,40
9349763.0,43,52
9349766.0,36,42
9349767.0,40,39
9349769.0,39,40
9349785.0,47,47
9349806.0,45,49
9349834.0,44,41
9349858.0,46,48
9349891.0,39,39
9349896.0,42,90
9349915.0,43,46
9349974.0,43,91
9350011.0,45,51
9350051.0,33,54
9350083.0,42,42
9350098.0,37,66
9350101.0,44,51
9350106.0,44,48
9350130.0,38,45
9350141.0,38,39
9350148.0,39,39
9350149.0,40,41
9350197.0,39,42
9350201.0,44,40
9350206.0,43,52
9350243.0,46,47
9350256.0,44,47
9350318.0,44,46
9350342.0,38,67
9350378.0,42,53
9350383.0,32,52
9350388.0,39,61
9350395.0,47,47
9350417.0,40,45
9350427.0,39,49
9350536.0,29,84
9350578.0,46,47
9350582.0,31,51
9350588.0,44,40
9350591.0,47,48
9350605.0,36,42
9350636.0,45,47
9350666.0,30,42
9350694.0,43,48
9350719.0,43,91
9350808.0,45,51
9350811.0,41,46
9350961.0,43,46
9350974.0,42,48
9350982.0,58,54
9351030.0,43,44
9351101.0,43,52
9351111.0,41,41
9351128.0,44,46
9351216.0,47,47
9351264.0,46,47
9351280.0,43,46
9351287.0,41,54
9351312.0,37,41
9351315.0,36,45
9351316.0,38,63
9351327.0,43,92
9351367.0,44,52
9351423.0,39,50
9351452.0,42,41
9351483.0,41,41
9351495.0,43,52
9351503.0,42,47
9351530.0,44,46
9351559.0,31,51
9351594.0,46,47
9351672.0,39,63
9351718.0,37,43
9351728.0,37,63
9351736.0,37,40
9351737.0,35,46
9351743.0,40,39
9351755.0,49,89
9351763.0,43,43
9351765.0,44,50
9351799.0,39,50
9351825.0,45,51
9351873.0,45,40
9351930.0,47,47
9351944.0,31,51
9351949.0,44,47
9352031.0,41,40
9352036.0,45,46
9352041.0,41,44
9352041.0,39,41
9352047.0,33,50
9352150.0,44,52
9352171.0,42,47
9352194.0,40,44
9352207.0,32,60
9352240.0,43,45
9352256.0,45,40
9352266.0,43,43
9352283.0,40,38
9352288.0,42,53
9352305.0,34,43
9352321.0,35,46
9352344.0,37,44
9352387.0,47,47
9352389.0,45,51
9352408.0,38,42
9352413.0,35,45
9352488.0,33,49
9352512.0,41,41
9352515.0,35,43
9352521.0,38,57
9352530.0,46,47
9352576.0,35,44
9352590.0,36,43
9352643.0,39,58
9352645.0,41,43
9352704.0,53,105
9352750.0,33,48
9352790.0,43,52
9352804.0,32,56
9352826.0,43,43
9352874.0,46,47
9352886.0,38,43
9352889.0,40,43
9352892.0,41,41
9352948.0,42,46
9352976.0,43,49
9352988.0,47,47
9352995.0,39,40
9353009.0,38,60
9353024.0,40,55
9353094.0,35,46
9353115.0,44,52
9353121.0,33,47
9353128.0,43,42
9353141.0,33,46
9353210.0,43,43
9353222.0,38,43
9353230.0,34,44
9353239.0,38,44
9353250.0,38,41
9353263.0,45,49
9353267.0,42,47
9353316.0,41,54
9353323.0,33,44
9353329.0,37,64
9353347.0,43,52
9353352.0,35,44
9353370.0,32,51
9353385.0,43,46
9353387.0,45,51
9353389.0,44,52
9353393.0,38,57
9353422.0,40,54
9353485.0,37,39
9353495.0,40,45
9353495.0,32,53
9353534.0,33,53
9353560.0,39,58
9353562.0,34,41
9353590.0,35,46
9353598.0,43,46
9353615.0,41,38
9353628.0,41,42
9353642.0,32,55
9353664.0,36,42
9353695.0,45,48
9353724.0,38,41
9353727.0,43,51
9353777.0,42,40
9353829.0,42,49
9353845.0,43,48
9353853.0,39,38
9353868.0,37,45
9353894.0,47,47
9353914.0,45,46
9353942.0,38,57
9353956.0,41,48
9353965.0,32,52
9354028.0,37,51
9354079.0,32,50
9354175.0,37,65
9354179.0,42,90
9354221.0,43,41
9354375.0,41,49
9354387.0,45,48
9354412.0,41,39
9354570.0,45,51
9354595.0,39,39
9354680.0,43,40
9354681.0,42,51
9354749.0,39,58
9354788.0,33,46
9354791.0,35,42
9354821.0,44,46
9354824.0,42,45
9354901.0,41,39
9354968.0,32,59
9354994.0,43,47
9355008.0,41,49
9355040.0,36,41
9355053.0,39,43
9355097.0,44,47
9355102.0,35,41
9355114.0,42,48
9355116.0,41,53
9355205.0,38,59
9355259.0,43,42
9355263.0,41,46
9355311.0,40,59
9355319.0,43,91
9355324.0,39,45
9355330.0,37,44
9355363.0,37,43
9355418.0,43,44
9355456.0,40,42
9355461.0,57,58
9355473.0,44,91
9355483.0,56,58
9355520.0,38,42
9355534.0,30,63
9355534.0,39,42
9355542.0,41,46
9355553.0,38,56
9355562.0,45,47
9355581.0,39,59
9355600.0,32,49
9355639.0,33,42
9355680.0,40,44
9355695.0,43,44
9355733.0,30,61
9355754.0,32,58
9355764.0,41,58
9355815.0,38,40
9355853.0,39,56
9355854.0,31,57
9355886.0,44,49
9355902.0,40,59
9355922.0,38,58
9355923.0,33,60
9355960.0,40,41
9355974.0,45,48
9356008.0,41,49
9356025.0,41,40
9356041.0,44,50
9356139.0,30,64
9356146.0,41,47
9356224.0,42,44
9356245.0,36,40
9356350.0,40,40
9356404.0,41,41
9356425.0,40,55
9356466.0,42,53
9356470.0,38,39
9356470.0,41,48
9356482.0,39,39
9356506.0,38,40
9356596.0,33,44
9356605.0,44,46
9356660.0,39,59
9356741.0,43,43
9356891.0,44,43
9356892.0,41,53
9356973.0,39,55
9356989.0,42,53
9356995.0,41,46
9357009.0,42,52
9357016.0,41,42
9357048.0,32,48
9357050.0,40,39
9357225.0,42,43
9357234.0,40,54
9357300.0,33,41
9357313.0,33,45
9357336.0,43,51
9357417.0,41,93
9357425.0,42,48
9357477.0,27,70
9357514.0,34,56
9357581.0,44,43
9357593.0,43,50
9357611.0,39,38
9357636.0,42,47
9357658.0,41,50
9357691.0,40,42
9357750.0,41,47
9357768.0,44,48
9357789.0,41,49
9357791.0,43,47
9357804.0,33,47
9357815.0,37,41
9357846.0,34,44
9357883.0,37,42
9357907.0,36,41
9357956.0,34,42
9357964.0,42,46
9357970.0,45,47
9358063.0,33,41
9358090.0,42,42
9358111.0,42,45
9358113.0,28,69
9358180.0,43,48
9358220.0,35,44
9358247.0,40,43
9358247.0,44,48
9358276.0,42,51
9358297.0,42,40
9358344.0,40,38
9358401.0,38,39
9358439.0,37,41
9358455.0,33,41
9358558.0,33,42
9358559.0,32,48
9358572.0,36,41
9358594.0,36,51
9358597.0,42,45
9358603.0,40,89
9358610.0,33,88
9358624.0,39,43
9358659.0,46,47
9358750.0,41,53
9358784.0,34,45
9358810.0,42,41
9358812.0,34,88
9358838.0,36,41
9358845.0,40,45
9358853.0,44,49
9358870.0,42,44
9358886.0,39,44
9358917.0,38,38
9358929.0,35,42
9358956.0,43,52
9358983.0,44,44
9358984.0,34,43
9359000.0,38,41
9359004.0,37,63
9359010.0,35,43
9359034.0,36,51
9359066.0,39,44
9359067.0,39,55
9359068.0,44,43
9359087.0,36,40
9359121.0,37,66
9359175.0,37,67
9359178.0,32,47
9359193.0,43,52
9359194.0,34,41
9359202.0,44,47
9359218.0,44,44
9359235.0,38,56
9359248.0,35,45
9359252.0,34,45
9359252.0,41,90
9359268.0,39,45
9359296.0,39,42
9359311.0,44,48
9359338.0,42,44
9359402.0,37,41
9359427.0,40,87
9359474.0,44,47
9359477.0,37,66
9359491.0,40,41
9359567.0,34,46
9359577.0,43,46
9359581.0,41,45
9359584.0,40,48
9359605.0,41,39
9359618.0,37,40
9359623.0,45,46
9359664.0,33,43
9359670.0,35,41
9359696.0,37,44
9359720.0,37,64
9359744.0,42,43
9359782.0,45,49
9359798.0,44,43
9359827.0,41,46
9359852.0,28,70
9359866.0,34,46
9359917.0,42,40
9359919.0,37,41
9359972.0,40,40
9360144.0,41,90
9360197.0,42,45
9360201.0,37,39
9360258.0,40,42
9360305.0,42,47
9360318.0,44,45
9360355.0,37,42
9360412.0,31,60
9360427.0,32,44
9360490.0,42,40
9360499.0,40,49
9360548.0,43,44
9360571.0,41,40
9360584.0,32,56
9360587.0,39,45
9360601.0,38,40
9360606.0,32,49
9360629.0,42,51
9360640.0,42,39
9360671.0,31,56
9360698.0,43,49
9360791.0,37,41
9360841.0,31,50
9360843.0,30,60
9360846.0,40,44
9360906.0,40,54
9360994.0,31,52
9361056.0,43,44
9361064.0,39,41
9361187.0,38,39
9361235.0,42,45
9361263.0,45,50
9361274.0,32,46
9361301.0,42,52
9361365.0,41,52
9361375.0,33,61
9361389.0,41,44
9361433.0,36,45
9361436.0,44,47
9361443.0,38,59
9361467.0,37,41
9361500.0,41,48
9361562.0,40,39
9361577.0,34,44
9361638.0,39,40
9361666.0,34,59
9361670.0,42,47
9361762.0,32,43
9361801.0,40,47
9361904.0,39,39
9361971.0,42,48
9362040.0,52,85
9362065.0,37,61
9362097.0,31,51
9362117.0,39,38
9362128.0,43,46
9362129.0,40,50
9362131.0,39,55
9362134.0,41,45
9362149.0,35,40
9362193.0,37,43
9362243.0,43,49
9362251.0,42,50
9362338.0,42,41
9362379.0,35,41
9362381.0,41,42
9362391.0,37,57
9362399.0,34,43
9362447.0,32,47
9362491.0,39,39
9362527.0,43,50
9362535.0,32,60
9362559.0,42,50
9362583.0,41,50
9362601.0,42,46
9362638.0,35,42
9362649.0,31,48
9362670.0,43,49
9362729.0,43,45
9362735.0,40,89
9362738.0,41,43
9362811.0,36,50
9362835.0,39,55
9362866.0,43,50
9362895.0,41,39
9362923.0,42,90
9362936.0,31,50
9363049.0,36,41
9363056.0,41,40
9363103.0,41,44
9363132.0,36,42
9363149.0,33,42
9363152.0,43,48
9363165.0,31,55
9363197.0,40,48
9363203.0,37,40
9363221.0,38,55
9363254.0,31,49
9363259.0,31,48
9363270.0,39,39
9363278.0,42,40
9363299.0,34,45
9363334.0,39,54
9363337.0,35,42
9363349.0,33,43
9363396.0,41,41
9363413.0,36,42
9363429.0,37,39
9363447.0,42,50
9363477.0,40,48
9363488.0,36,40
9363497.0,51,84
9363530.0,44,46
9363548.0,39,55
9363588.0,43,49
9363631.0,40,53
9363638.0,32,41
9363685.0,41,52
9363747.0,39,43
9363757.0,38,44
9363767.0,42,40
9363854.0,38,55
9363949.0,40,45
9363951.0,40,46
9363966.0,35,42
9364016.0,39,42
9364062.0,33,41
9364104.0,35,45
9364109.0,33,44
9364111.0,39,51
9364115.0,45,46
9364127.0,32,45
9364250.0,43,41
9364262.0,41,42
9364281.0,40,40
9364336.0,30,57
9364365.0,38,44
9364373.0,36,40
9364383.0,39,40
9364390.0,30,58
9364419.0,33,44
9364435.0,39,39
9364446.0,38,73
9364452.0,31,46
9364531.0,35,45
9364558.0,39,55
9364589.0,39,41
9364609.0,36,89
9364611.0,41,42
9364645.0,35,89
9364694.0,36,51
9364697.0,44,47
9364725.0,31,58
9364731.0,42,40
9364734.0,31,48
9364782.0,37,64
9364783.0,38,55
9364827.0,37,62
9364835.0,43,41
9364840.0,43,48
9364879.0,37,56
9364948.0,40,47
9365017.0,33,45
9365019.0,34,43
9365065.0,45,46
9365074.0,39,55
9365086.0,43,45
9365093.0,34,41
9365124.0,41,40
9365160.0,41,43
9365173.0,33,56
9365175.0,40,44
9365181.0,36,40
9365194.0,30,59
9365318.0,38,55
9365328.0,43,44
9365349.0,43,47
9365365.0,38,41
9365394.0,37,62
9365397.0,36,39
9365415.0,38,40
9365447.0,34,42
9365482.0,34,44
9365487.0,36,40
9365509.0,39,48
9365530.0,33,46
9365546.0,37,57
9365554.0,41,51
9365575.0,42,46
9365598.0,31,44
9365611.0,43,44
9365612.0,41,48
9365616.0,30,56
9365666.0,40,49
9365673.0,43,41
9365802.0,33,45
9365952.0,38,39
9365994.0,39,55
9366004.0,39,39
9366022.0,31,45
9366033.0,39,52
9366039.0,42,40
9366044.0,40,45
9366056.0,37,68
9366098.0,33,61
9366161.0,37,57
9366189.0,41,47
9366217.0,36,41
9366298.0,41,39
9366300.0,37,38
9366343.0,38,55
9366387.0,41,49
9366445.0,28,68
9366453.0,36,38
9366501.0,45,46
9366514.0,43,45
9366518.0,42,49
9366693.0,34,40
9366788.0,33,63
9366797.0,31,42
9366883.0,39,40
9367066.0,43,46
9367100.0,31,46
9367106.0,31,47
9367120.0,35,44
9367123.0,43,50
9367142.0,40,43
9367176.0,31,48
9367235.0,35,43
9367249.0,43,47
9367318.0,43,46
9367359.0,36,57
9367455.0,41,46
9367551.0,34,39
9367594.0,35,44
9367639.0,40,48
9367673.0,35,41
9367675.0,31,43
9367678.0,39,54
9367690.0,39,47
9367726.0,40,39
9367730.0,40,42
9367735.0,43,47
9367814.0,35,42
9367864.0,37,44
9367865.0,37,60
9367873.0,41,50
9367915.0,39,54
9367930.0,40,41
9367945.0,43,50
9367984.0,40,52
9368013.0,42,45
9368041.0,38,70
9368045.0,39,71
9368071.0,39,55
9368075.0,43,90
9368081.0,34,63
9368129.0,40,39
9368146.0,43,91
9368156.0,40,44
9368166.0,31,51
9368178.0,41,51
9368190.0,38,38
9368209.0,40,40
9368221.0,40,52
9368254.0,35,44
9368291.0,40,43
9368325.0,43,46
9368380.0,43,90
9368420.0,37,45
9368423.0,36,40
9368513.0,70,73
9368519.0,29,65
9368524.0,39,46
9368599.0,43,48
9368648.0,39,71
9368657.0,40,43
9368677.0,31,56
9368682.0,37,52
9368699.0,35,45
9368713.0,40,44
9368716.0,43,46
9368717.0,39,73
9368767.0,31,41
9368775.0,36,41
9368781.0,41,51
9368887.0,35,44
9368899.0,32,41
9368929.0,33,44
9368936.0,37,45
9368941.0,47,82
9369012.0,40,73
9369016.0,41,52
9369019.0,39,53
9369022.0,31,49
9369029.0,42,57
9369100.0,37,56
9369104.0,42,51
9369117.0,41,41
9369149.0,41,57
9369176.0,39,46
9369208.0,35,40
9369212.0,52,115
9369217.0,41,47
9369243.0,36,42
9369323.0,39,45
9369400.0,31,44
9369413.0,41,51
9369484.0,44,45
9369487.0,36,39
9369500.0,43,46
9369506.0,37,45
9369551.0,41,52
9369560.0,37,43
9369577.0,35,44
9369583.0,40,52
9369626.0,41,50
9369705.0,32,45
9369715.0,41,51
9369766.0,39,54
9369767.0,30,44
9369781.0,40,47
9369789.0,39,46
9369795.0,33,45
9369856.0,43,47
9369882.0,42,48
9369903.0,40,43
9369932.0,35,44
9369949.0,31,44
9369950.0,43,46
9369957.0,41,41
9369980.0,39,54
9369990.0,44,45
9370010.0,34,41
9370022.0,35,40
9370034.0,33,42
9370075.0,32,43
9370149.0,35,43
9370215.0,31,45
9370221.0,33,46
9370251.0,41,46
9370252.0,41,52
9370257.0,32,42
9370268.0,40,43
9370286.0,42,49
9370384.0,39,46
9370429.0,30,52
9370430.0,31,44
9370487.0,43,47
9370524.0,38,40
9370549.0,33,43
9370572.0,43,45
9370624.0,40,42
9370641.0,33,41
9370660.0,42,45
9370726.0,32,42
9370732.0,41,41
9370746.0,41,52
9370823.0,37,41
9370850.0,43,46
9370860.0,31,45
9370865.0,26,69
9371035.0,33,46
9371054.0,43,46
9371080.0,30,63
9371115.0,43,45
9371141.0,36,38
9371156.0,39,47
9371164.0,34,45
9371174.0,30,51
9371189.0,33,40
9371192.0,34,41
9371236.0,33,45
9371239.0,30,50
9371272.0,36,64
9371274.0,34,51
9371278.0,38,54
9371410.0,36,65
9371515.0,41,45
9371557.0,37,39
9371589.0,34,44
9371602.0,35,42
9371666.0,37,44
9371681.0,41,41
9371709.0,40,44
9371742.0,30,45
9371804.0,36,37
9371841.0,39,46
9371876.0,37,38
9371911.0,35,41
9372016.0,39,44
9372037.0,37,58
9372043.0,41,46
9372075.0,41,50
9372127.0,30,48
9372145.0,37,42
9372172.0,39,41
9372283.0,39,53
9372303.0,30,44
9372308.0,30,43
9372335.0,37,59
9372362.0,43,45
9372362.0,37,40
9372379.0,42,47
9372410.0,56,53
9372419.0,35,38
9372432.0,38,48
9372460.0,41,49
9372464.0,39,38
9372508.0,38,39
9372525.0,42,50
9372539.0,41,41
9372585.0,39,53
9372598.0,37,55
9372607.0,39,39
9372610.0,39,42
9372625.0,33,39
9372626.0,39,45
9372629.0,30,41
9372646.0,35,51
9372647.0,39,40
9372648.0,35,39
9372678.0,42,48
9372705.0,39,43
9372752.0,37,42
9372848.0,39,42
9372876.0,40,51
9372894.0,43,45
9372928.0,30,49
9372959.0,39,52
9372961.0,42,47
9373048.0,37,60
9373049.0,39,43
9373102.0,38,56
9373126.0,41,45
9373149.0,37,55
9373164.0,36,66
9373199.0,40,47
9373244.0,34,40
9373255.0,39,45
9373257.0,42,46
9373286.0,31,41
9373293.0,37,59
9373352.0,36,62
9373371.0,55,54
9373373.0,41,88
9373444.0,37,40
9373462.0,31,47
9373473.0,36,63
9373517.0,30,45
9373654.0,34,42
9373658.0,43,45
9373749.0,37,43
9373766.0,34,40
9373835.0,38,62
9373862.0,30,46
9373877.0,39,53
9373898.0,31,44
9373910.0,38,54
9374014.0,40,46
9374079.0,34,39
9374096.0,39,41
9374134.0,39,42
9374171.0,38,44
9374202.0,39,53
9374232.0,38,56
9374253.0,42,47
9374269.0,34,43
9374276.0,36,56
9374287.0,37,55
9374305.0,31,44
9374340.0,39,44
9374383.0,43,45
9374471.0,31,43
9374518.0,37,41
9374639.0,30,47
9374646.0,38,46
9374658.0,44,92
9374684.0,41,51
9374689.0,36,41
9374694.0,38,47
9374725.0,39,45
9374725.0,39,43
9374729.0,39,44
9374747.0,38,44
9374750.0,34,43
9374772.0,40,53
9374901.0,42,45
9374910.0,33,45
9374933.0,31,45
9374966.0,39,42
9374977.0,42,46
9375005.0,31,44
9375044.0,32,42
9375060.0,31,43
9375062.0,35,50
9375089.0,85,86
9375106.0,36,41
9375111.0,31,42
9375127.0,38,56
9375184.0,32,45
9375196.0,37,40
9375234.0,34,45
9375250.0,33,45
9375281.0,36,40
9375282.0,38,46
9375316.0,38,53
9375406.0,39,52
9375491.0,39,43
9375567.0,32,41
9375577.0,36,43
9375602.0,40,53
9375691.0,35,40
9375711.0,41,44
9375724.0,38,45
9375730.0,35,51
9375736.0,31,43
9375849.0,36,39
9375852.0,43,45
9375899.0,35,37
9375945.0,43,96
9376026.0,40,50
9376081.0,30,46
9376187.0,36,41
9376225.0,29,44
9376246.0,39,43
9376256.0,36,42
9376298.0,40,48
9376396.0,39,42
9376397.0,41,49
9376416.0,37,39
9376419.0,37,51
9376436.0,31,54
9376628.0,38,46
9376638.0,34,42
9376647.0,31,43
9376648.0,43,45
9376651.0,29,42
9376665.0,35,37
9376703.0,40,51
9376719.0,39,43
9376846.0,40,45
9376864.0,31,45
9376881.0,41,48
9376927.0,30,43
9376930.0,52,101
9376931.0,38,40
9376989.0,39,42
9377191.0,38,39
9377268.0,42,45
9377279.0,41,48
9377331.0,32,40
9377347.0,38,40
9377352.0,30,51
9377398.0,40,51
9377404.0,51,101
9377443.0,33,43
9377517.0,32,44
9377537.0,40,46
9377588.0,28,67
9377588.0,32,54
9377608.0,41,44
9377631.0,32,43
9377634.0,43,45
9377643.0,37,58
9377645.0,31,45
9377647.0,36,43
9377665.0,33,45
9377666.0,51,101
9377873.0,33,43
9377874.0,30,41
9377885.0,30,60
9377896.0,38,41
9377920.0,30,43
9377923.0,30,58
9377935.0,39,47
9377998.0,30,55
9378037.0,39,51
9378099.0,41,52
9378106.0,38,43
9378108.0,41,48
9378132.0,34,39
9378139.0,39,42
9378151.0,39,46
9378161.0,41,49
9378242.0,30,54
9378317.0,36,59
9378320.0,43,45
9378323.0,29,49
9378324.0,33,42
9378332.0,38,40
9378357.0,29,44
9378393.0,41,49
9378396.0,36,39
9378433.0,34,41
9378467.0,29,43
9378492.0,30,43
9378503.0,37,42
9378544.0,38,42
9378545.0,36,42
9378635.0,33,43
9378643.0,38,44
9378654.0,40,44
9378657.0,41,48
9378664.0,41,46
9378715.0,33,41
9378756.0,39,40
9378771.0,41,52
9378779.0,33,46
9378799.0,36,40
9378802.0,30,52
9378867.0,40,50
9378872.0,29,42
9378897.0,33,44
9378921.0,38,53
9378930.0,41,46
9378931.0,30,63
9378934.0,36,41
9378950.0,40,49
9378978.0,29,45
9379066.0,39,48
9379069.0,29,47
9379156.0,29,50
9379160.0,31,44
9379175.0,38,40
9379208.0,43,45
9379226.0,39,40
9379296.0,52,100
9379340.0,40,47
9379380.0,31,42
9379386.0,30,48
9379395.0,33,43
9379401.0,40,50
9379432.0,29,59
9379479.0,29,57
9379510.0,31,43
9379583.0,38,45
9379635.0,33,41
9379643.0,31,60
9379729.0,35,42
9379739.0,39,52
9379771.0,31,40
9379797.0,35,41
9379798.0,35,89
9379875.0,34,43
9379901.0,41,46
9379920.0,40,45
9379934.0,29,44
9379969.0,30,42
9380024.0,31,41
9380057.0,31,63
9380073.0,35,40
9380135.0,41,47
9380170.0,41,46
9380193.0,33,43
9380213.0,29,49
9380271.0,41,48
9380346.0,39,45
9380352.0,32,86
9380382.0,30,43
9380383.0,35,88
9380396.0,33,43
9380406.0,29,46
9380409.0,35,44
9380418.0,31,44
9380468.0,29,53
9380476.0,34,44
9380516.0,29,48
9380569.0,36,60
9380579.0,36,55
9380585.0,41,47
9380602.0,35,39
9380616.0,36,62
9380672.0,37,48
9380712.0,29,44
9380714.0,37,47
9380721.0,36,65
9380783.0,30,47
9380795.0,45,100
9380845.0,41,48
9380862.0,35,44
9380865.0,30,43
9380870.0,41,45
9380896.0,31,61
9380912.0,37,39
9380968.0,37,48
9380973.0,39,51
9380992.0,36,65
9381008.0,30,53
9381037.0,37,72
9381087.0,37,65
9381089.0,40,44
9381115.0,37,40
9381133.0,34,38
9381136.0,30,44
9381147.0,35,39
9381147.0,31,40
9381163.0,30,59
9381208.0,33,38
9381276.0,29,47
9381407.0,33,43
9381410.0,35,38
9381413.0,40,48
9381417.0,39,51
9381437.0,38,52
9381509.0,31,39
9381536.0,29,52
9381539.0,37,47
9381575.0,31,45
9381627.0,37,72
9381713.0,39,45
9381750.0,41,47
9381795.0,33,45
9381873.0,30,55
9381880.0,31,55
9381901.0,41,46
9381947.0,40,50
9381969.0,37,65
9381970.0,37,71
9382025.0,37,47
9382034.0,44,99
9382039.0,39,46
9382044.0,41,46
9382059.0,29,51
9382065.0,29,46
9382081.0,36,59
9382095.0,41,47
9382107.0,28,44
9382186.0,37,46
9382384.0,41,48
9382561.0,39,51
9382610.0,37,44
9382618.0,29,50
9382643.0,28,43
9382649.0,30,45
9382681.0,37,54
9382684.0,28,45
9382702.0,37,41
9382719.0,32,40
9382781.0,28,42
9382799.0,36,56
9382817.0,40,50
9382817.0,36,55
9382911.0,38,53
9382938.0,29,62
9382952.0,37,41
9382962.0,37,47
9382984.0,33,44
9382994.0,33,40
9383107.0,29,60
9383156.0,39,50
9383157.0,40,44
9383188.0,37,40
9383205.0,41,47
9383287.0,40,47
9383363.0,29,50
9383376.0,32,43
9383412.0,41,44
9383462.0,41,47
9383466.0,37,53
9383491.0,37,43
9383698.0,37,41
9383705.0,33,42
9383753.0,29,63
9383765.0,32,45
9383766.0,32,44
9383949.0,37,42
9383995.0,40,50
9384003.0,41,48
9384051.0,32,41
9384072.0,37,53
9384085.0,28,64
9384119.0,41,44
9384193.0,32,39
9384216.0,30,46
9384415.0,33,39
9384441.0,32,39
9384516.0,38,48
9384583.0,42,89
9384586.0,32,42
9384611.0,42,88
9384642.0,38,47
9384666.0,28,62
9384675.0,37,41
9384685.0,32,41
9384736.0,34,40
9384839.0,40,46
9384884.0,34,38
9384894.0,29,42
9384899.0,40,48
9384904.0,31,43
9385009.0,30,43
9385033.0,32,42
9385049.0,30,42
9385132.0,28,43
9385136.0,36,57
9385151.0,30,41
9385161.0,30,40
9385230.0,29,52
9385271.0,28,44
9385289.0,28,45
9385319.0,37,41
9385331.0,31,41
9385342.0,30,57
9385363.0,37,44
9385395.0,30,44
9385427.0,34,39
9385480.0,36,57
9385638.0,37,41
9385643.0,30,39
9385662.0,43,90
9385697.0,34,41
9385712.0,41,45
9385736.0,34,43
9385742.0,29,54
9385807.0,39,46
9385811.0,39,49
9385812.0,33,45
9385817.0,38,46
9385886.0,39,45
9386102.0,30,45
9386111.0,38,45
9386125.0,40,45
9386172.0,36,54
9386210.0,29,43
9386238.0,28,46
9386264.0,35,53
9386285.0,40,47
9386291.0,41,89
9386294.0,35,41
9386318.0,39,47
9386352.0,31,39
9386365.0,36,55
9386383.0,39,50
9386387.0,34,39
9386503.0,29,43
9386634.0,37,44
9386662.0,37,53
9386699.0,29,44
9386726.0,38,89
9386779.0,40,50
9386804.0,33,43
9386870.0,29,48
9386998.0,30,40
9387002.0,40,49
9387091.0,37,53
9387099.0,32,44
9387165.0,28,48
9387188.0,38,51
9387200.0,32,40
9387205.0,29,44
9387209.0,37,46
9387245.0,37,43
9387261.0,35,56
9387295.0,39,44
9387310.0,37,52
9387316.0,31,40
9387373.0,40,46
9387375.0,29,43
9387380.0,36,39
9387421.0,31,41
9387461.0,36,41
9387512.0,39,48
9387569.0,28,50
9387582.0,39,49
9387654.0,36,40
9387690.0,32,43
9387743.0,40,50
9387760.0,28,47
9387761.0,32,45
9387763.0,32,38
9387765.0,31,40
9387774.0,29,43
9387805.0,32,39
9387814.0,33,43
9387873.0,34,40
9387894.0,37,47
9387912.0,36,40
9387962.0,37,43
9387994.0,30,45
9387998.0,37,89
9388030.0,44,45
9388059.0,27,42
9388075.0,34,43
9388086.0,30,41
9388123.0,36,48
9388139.0,40,44
9388166.0,34,44
9388199.0,29,46
9388239.0,37,52
9388244.0,59,52
9388253.0,35,52
9388255.0,33,43
9388261.0,38,43
9388300.0,34,52
9388365.0,36,42
9388376.0,34,41
9388380.0,38,45
9388408.0,29,44
9388429.0,44,45
9388494.0,36,44
9388554.0,27,69
9388562.0,36,45
9388616.0,43,44
9388634.0,29,45
9388638.0,36,47
9388654.0,31,43
9388672.0,30,44
9388728.0,28,51
9388734.0,37,53
9388751.0,30,45
9388764.0,27,44
9388842.0,29,44
9388857.0,37,52
9388859.0,31,42
9388863.0,43,44
9388914.0,29,58
9388933.0,32,41
9388963.0,29,49
9388986.0,59,52
9389039.0,38,43
9389055.0,36,47
9389071.0,31,43
9389102.0,31,45
9389108.0,28,52
9389120.0,37,52
9389134.0,36,43
9389149.0,30,45
9389202.0,36,44
9389217.0,37,53
9389229.0,32,42
9389233.0,35,62
9389244.0,30,46
9389258.0,29,45
9389266.0,53,95
9389359.0,33,38
9389424.0,37,73
9389429.0,27,43
9389486.0,28,49
9389617.0,45,97
9389626.0,28,43
9389629.0,29,55
9389632.0,31,44
9389635.0,29,40
9389664.0,35,47
9389695.0,33,40
9389697.0,37,74
9389721.0,28,48
9389732.0,33,38
9389754.0,30,43
9389886.0,41,44
9389892.0,35,47
9389926.0,36,47
9389930.0,38,52
9389931.0,45,98
9389948.0,36,44
9389958.0,31,44
9390012.0,30,42
9390054.0,33,43
9390090.0,27,43
9390119.0,33,41
9390156.0,35,59
9390189.0,27,45
9390205.0,29,42
9390217.0,58,53
9390240.0,36,53
9390305.0,36,46
9390320.0,28,42
9390340.0,33,42
9390348.0,27,43
9390354.0,31,38
9390383.0,37,74
9390449.0,31,43
9390456.0,35,51
9390460.0,33,41
9390466.0,29,41
9390533.0,33,40
9390553.0,52,91
9390575.0,29,43
9390600.0,38,44
9390620.0,35,50
9390655.0,65,60
9390656.0,27,42
9390658.0,45,98
9390689.0,36,54
9390691.0,58,53
9390720.0,28,42
9390731.0,31,44
9390860.0,33,39
9390869.0,37,70
9390902.0,39,47
9390973.0,28,50
9391005.0,36,46
9391010.0,40,45
9391059.0,33,44
9391059.0,33,39
9391135.0,28,44
9391149.0,36,41
9391170.0,37,52
9391180.0,37,74
9391203.0,37,49
9391205.0,33,41
9391210.0,37,71
9391225.0,27,46
9391240.0,38,51
9391292.0,29,44
9391309.0,36,54
9391394.0,28,44
9391433.0,31,43
9391437.0,31,41
9391506.0,36,41
9391517.0,35,50
9391524.0,37,46
9391592.0,35,41
9391610.0,35,39
9391622.0,29,50
9391647.0,31,44
9391652.0,31,42
9391672.0,33,40
9391752.0,33,41
9391780.0,28,68
9391812.0,35,55
9391930.0,38,50
9392043.0,34,51
9392052.0,30,39
9392165.0,30,40
9392188.0,34,86
9392216.0,38,45
9392332.0,35,42
9392345.0,35,60
9392373.0,35,39
9392450.0,30,41
9392491.0,35,55
9392498.0,35,40
9392507.0,27,47
9392542.0,38,44
9392543.0,30,42
9392611.0,35,42
9392667.0,39,45
9392669.0,39,48
9392716.0,31,40
9392797.0,35,56
9392801.0,30,39
9392809.0,31,39
9392868.0,29,45
9392917.0,39,47
9392936.0,39,46
9392973.0,35,46
9393061.0,57,86
9393090.0,43,89
9393124.0,29,42
9393126.0,35,47
9393197.0,35,39
9393301.0,38,49
9393329.0,35,65
9393345.0,28,44
9393370.0,27,48
9393521.0,35,62
9393529.0,35,43
9393538.0,26,43
9393597.0,35,42
9393610.0,28,43
9393688.0,35,45
9393697.0,35,55
9393706.0,28,44
9393717.0,32,38
9393782.0,35,44
9393791.0,30,43
9393819.0,30,62
9393825.0,28,43
9393890.0,35,59
9393926.0,35,39
9394009.0,26,44
9394048.0,36,54
9394101.0,30,60
9394133.0,28,53
9394232.0,28,45
9394251.0,35,55
9394291.0,35,41
9394356.0,29,55
9394383.0,32,39
9394413.0,35,60
9394416.0,33,40
9394440.0,35,42
9394474.0,39,44
9394527.0,29,62
9394536.0,35,54
9394565.0,37,53
9394567.0,35,58
9394621.0,28,45
9394640.0,36,54
9394678.0,38,48
9394725.0,30,38
9394748.0,27,47
9394762.0,36,53
9394816.0,28,51
9394946.0,27,46
9394967.0,32,42
9394972.0,28,41
9395030.0,31,57
9395045.0,58,52
9395066.0,28,47
9395165.0,30,39
9395181.0,32,40
9395190.0,35,42
9395204.0,27,43
9395212.0,28,43
9395237.0,27,49
9395252.0,35,55
9395291.0,37,46
9395301.0,59,53
9395325.0,26,44
9395385.0,32,42
9395385.0,29,56
9395401.0,36,47
9395505.0,37,89
9395542.0,29,44
9395562.0,31,45
9395565.0,28,57
9395568.0,38,43
9395594.0,58,52
9395613.0,35,42
9395645.0,27,43
9395648.0,34,47
9395740.0,32,41
9395751.0,28,40
9395763.0,27,45
9395768.0,33,43
9395789.0,35,57
9395807.0,29,43
9395943.0,35,46
9395973.0,41,60
9395979.0,32,43
9396009.0,35,88
9396026.0,26,46
9396089.0,28,46
9396094.0,35,43
9396107.0,28,42
9396163.0,27,51
9396164.0,29,58
9396211.0,36,57
9396216.0,27,50
9396237.0,65,58
9396296.0,37,89
9396337.0,26,45
9396357.0,27,45
9396432.0,45,94
9396449.0,28,46
9396465.0,30,44
9396565.0,37,44
9396596.0,45,92
9396638.0,27,48
9396689.0,30,40
9396706.0,58,52
9396792.0,33,41
9396845.0,30,44
9396863.0,35,43
9396881.0,36,57
9396928.0,36,48
9396953.0,27,45
9396972.0,27,43
9397004.0,44,91
9397099.0,45,94
9397309.0,28,45
9397338.0,28,53
9397409.0,36,47
9397419.0,44,91
9397438.0,27,43
9397474.0,37,45
9397491.0,34,39
9397617.0,27,66
9397625.0,35,47
9397641.0,26,66
9397686.0,34,40
9397719.0,29,57
9397843.0,27,45
9397862.0,30,39
9397867.0,32,40
9397869.0,34,39
9397894.0,28,54
9397984.0,34,40
9398079.0,29,40
9398101.0,48,83
9398147.0,28,52
9398263.0,29,41
9398273.0,30,42
9398296.0,29,42
9398440.0,28,44
9398653.0,34,41
9398678.0,29,43
9398699.0,30,43
9398728.0,31,39
9398798.0,32,41
9398805.0,42,87
9398955.0,29,40
9399031.0,27,44
9399098.0,61,60
9399115.0,28,56
9399139.0,34,40
9399226.0,31,40
9399240.0,37,70
9399317.0,38,46
9399322.0,37,44
9399415.0,27,44
9399444.0,35,64
9399460.0,31,38
9399487.0,34,42
9399491.0,34,39
9399517.0,38,44
9399518.0,35,63
9399548.0,35,66
9399557.0,31,86
9399564.0,29,44
9399574.0,26,46
9399574.0,29,59
9399635.0,30,86
9399709.0,29,39
9399717.0,29,38
9399882.0,34,39
9399911.0,38,89
9399918.0,29,44
9399966.0,25,44
9399978.0,34,40
9399988.0,37,71
9400180.0,31,86
9400325.0,34,43
9400336.0,35,53
9400398.0,37,89
9400418.0,34,44
9400472.0,37,49
9400476.0,33,39
9400510.0,30,86
9400545.0,25,43
9400602.0,37,50
9400612.0,80,122
9400631.0,50,90
9400662.0,27,41
9400675.0,38,45
9400831.0,37,49
9400854.0,34,45
9400896.0,38,49
9400985.0,27,42
9401022.0,38,43
9401037.0,37,43
9401076.0,25,45
9401110.0,36,52
9401116.0,38,46
9401135.0,34,40
9401137.0,37,50
9401152.0,38,45
9401153.0,30,44
9401163.0,29,44
9401170.0,43,89
9401174.0,37,51
9401191.0,34,50
9401194.0,36,44
9401196.0,39,89
9401218.0,25,43
9401243.0,27,51
9401250.0,38,43
9401314.0,33,40
9401314.0,35,47
9401444.0,28,40
9401520.0,25,43
9401530.0,25,44
9401605.0,39,89
9401686.0,34,40
9401850.0,37,51
9401879.0,26,50
9401901.0,49,88
9401918.0,27,50
9401996.0,28,40
9401996.0,26,47
9402016.0,37,88
9402059.0,27,61
9402071.0,49,87
9402098.0,38,46
9402112.0,27,43
9402128.0,35,47
9402178.0,26,48
9402180.0,29,40
9402213.0,25,46
9402320.0,37,49
9402342.0,28,55
9402348.0,35,47
9402419.0,36,51
9402468.0,28,61
9402547.0,29,42
9402556.0,36,45
9402578.0,27,48
9402676.0,35,62
9402693.0,27,46
9402761.0,34,55
9402800.0,37,51
9402821.0,26,44
9402873.0,31,40
9402874.0,33,41
9402977.0,28,62
9403007.0,25,45
9403043.0,37,48
9403073.0,27,44
9403192.0,28,60
9403248.0,33,41
9403256.0,26,49
9403286.0,37,51
9403419.0,28,39
9403432.0,37,47
9403451.0,28,42
9403494.0,28,41
9403537.0,34,47
9403552.0,34,54
9403650.0,34,39
9403667.0,28,46
9403702.0,29,45
9403755.0,28,41
9403760.0,35,46
9403771.0,35,57
9403858.0,34,54
9403974.0,34,47
9403990.0,28,38
9404003.0,35,48
9404039.0,38,43
9404083.0,33,42
9404111.0,37,48
9404125.0,29,45
9404154.0,32,39
9404172.0,33,43
9404173.0,27,48
9404234.0,29,39
9404248.0,38,44
9404271.0,25,46
9404293.0,24,44
9404334.0,26,42
9404364.0,27,45
9404396.0,33,43
9404415.0,29,47
9404417.0,35,53
9404568.0,34,56
9404569.0,33,42
9404613.0,34,46
9404683.0,28,54
9404689.0,34,47
9404722.0,25,43
9404747.0,37,48
9404800.0,29,44
9404814.0,34,54
9404828.0,29,53
9404851.0,32,39
9404853.0,38,40
9404905.0,38,45
9404950.0,39,46
9405045.0,29,39
9405071.0,26,50
9405079.0,27,59
9405084.0,28,43
9405135.0,36,50
9405194.0,25,43
9405195.0,30,54
9405197.0,37,48
9405228.0,36,43
9405262.0,27,52
9405265.0,35,53
9405285.0,37,50
9405316.0,33,42
9405326.0,29,39
9405335.0,36,44
9405365.0,37,44
9405373.0,25,47
9405413.0,34,47
9405424.0,45,100
9405430.0,35,52
9405474.0,28,39
9405489.0,26,45
9405498.0,28,43
9405499.0,35,60
9405502.0,30,38
9405598.0,27,49
9405627.0,28,59
9405636.0,33,43
9405636.0,28,58
9405648.0,36,50
9405652.0,26,51
9405668.0,29,43
9405694.0,34,46
9405705.0,29,57
9405729.0,27,60
9405731.0,24,45
9405805.0,30,40
9405876.0,64,100
9405916.0,40,47
9405957.0,33,41
9405992.0,27,41
9406010.0,34,59
9406024.0,28,41
9406059.0,33,42
9406066.0,35,53
9406095.0,35,54
9406105.0,33,44
9406131.0,45,100
9406196.0,33,41
9406250.0,35,60
9406267.0,27,41
9406295.0,37,50
9406329.0,29,39
9406347.0,28,44
9406357.0,27,40
9406374.0,30,40
9406406.0,31,86
9406427.0,34,60
9406486.0,35,53
9406498.0,33,45
9406507.0,28,42
9406509.0,25,44
9406512.0,26,44
9406529.0,30,39
9406530.0,28,44
9406553.0,30,42
9406591.0,27,64
9406614.0,28,40
9406615.0,37,46
9406629.0,64,100
9406629.0,29,39
9406631.0,36,49
9406644.0,26,49
9406652.0,37,43
9406686.0,37,45
9406719.0,25,43
9406729.0,34,55
9406769.0,35,45
9406842.0,35,54
9406849.0,23,43
9406864.0,27,39
9406892.0,30,41
9406913.0,37,49
9406957.0,26,41
9407028.0,33,42
9407134.0,35,47
9407210.0,25,44
9407214.0,23,43
9407249.0,35,60
9407370.0,27,46
9407442.0,26,50
9407471.0,26,43
9407533.0,35,46
9407600.0,36,49
9407603.0,37,47
9407671.0,25,43
9407681.0,26,46
9407693.0,36,43
9407709.0,35,54
9407934.0,30,43
9407979.0,25,44
9407981.0,29,39
9407981.0,25,48
9407984.0,35,60
9408009.0,24,46
9408028.0,28,42
9408047.0,27,41
9408050.0,26,42
9408075.0,35,49
9408126.0,30,44
9408262.0,35,54
9408546.0,25,44
9408619.0,34,61
9408625.0,32,40
9408628.0,32,39
9408654.0,36,49
9408693.0,37,44
9408803.0,28,43
9408874.0,26,44
9408889.0,33,47
9409040.0,36,50
9409168.0,34,62
9409235.0,25,43
9409249.0,26,45
9409266.0,27,43
9409317.0,32,41
9409393.0,25,41
9409438.0,36,49
9409465.0,24,44
9409553.0,28,44
9409564.0,31,39
9409674.0,26,68
9409677.0,27,42
9409732.0,34,64
9409793.0,29,40
9409824.0,27,53
9409835.0,35,51
9409839.0,30,41
9409935.0,26,48
9409955.0,27,43
9409996.0,36,68
9410096.0,45,101
9410105.0,30,42
9410110.0,26,52
9410194.0,26,51
9410229.0,32,42
9410261.0,24,47
9410293.0,35,51
9410307.0,54,96
9410312.0,27,57
9410404.0,25,42
9410419.0,27,42
9410513.0,29,40
9410536.0,27,43
9410541.0,35,60
9410664.0,31,40
9410703.0,27,41
9410779.0,27,40
9411002.0,37,68
9411019.0,24,43
9411075.0,25,45
9411118.0,27,40
9411179.0,26,41
9411249.0,26,46
9411293.0,45,92
9411315.0,25,43
9411335.0,36,48
9411346.0,24,43
9411378.0,35,43
9411382.0,35,45
9411402.0,34,53
9411459.0,26,41
9411489.0,26,47
9411554.0,34,60
9411686.0,23,45
9411707.0,32,43
9411721.0,29,56
9411817.0,27,44
9411844.0,34,54
9411857.0,28,45
9411893.0,35,50
9411906.0,30,43
9412012.0,32,43
9412013.0,23,44
9412072.0,25,44
9412111.0,35,43
9412132.0,25,42
9412152.0,28,39
9412194.0,29,38
9412322.0,35,51
9412334.0,27,44
9412374.0,34,46
9412419.0,35,43
9412419.0,56,54
9412440.0,35,52
9412462.0,32,44
9412470.0,28,39
9412562.0,29,42
9412607.0,34,54
9412656.0,30,39
9412667.0,25,46
9412698.0,27,39
9412765.0,24,44
9412787.0,36,43
9412816.0,28,38
9412824.0,33,56
9412968.0,25,50
9412978.0,32,44
9413000.0,32,43
9413003.0,35,52
9413019.0,26,41
9413044.0,27,42
9413100.0,26,45
9413252.0,29,43
9413265.0,23,46
9413333.0,32,43
9413372.0,59,52
9413388.0,27,44
9413416.0,33,56
9413447.0,55,54
9413462.0,33,46
9413469.0,26,46
9413502.0,40,89
9413546.0,24,41
9413547.0,44,90
9413561.0,36,44
9413576.0,43,90
9413577.0,29,43
9413584.0,29,44
9413649.0,32,44
9413823.0,27,43
9413856.0,39,89
9413936.0,27,44
9413941.0,64,51
9413951.0,55,54
9413993.0,43,90
9414043.0,26,40
9414056.0,40,89
9414086.0,34,58
9414099.0,29,40
9414129.0,29,44
9414176.0,26,47
9414208.0,36,47
9414252.0,35,44
9414284.0,25,48
9414310.0,27,41
9414317.0,26,42
9414362.0,36,45
9414398.0,32,45
9414449.0,64,51
9414478.0,28,40
9414480.0,25,43
9414538.0,32,43
9414539.0,25,44
9414595.0,25,51
9414595.0,26,42
9414600.0,36,47
9414621.0,34,47
9414661.0,25,45
9414680.0,34,55
9414690.0,27,45
9414709.0,36,46
9414729.0,24,42
9414790.0,27,41
9414791.0,26,41
9414798.0,36,45
9414805.0,26,39
9414831.0,32,45
9414933.0,43,90
9414983.0,33,55
9415003.0,29,43
9415017.0,28,41
9415050.0,61,49
9415052.0,42,89
9415087.0,32,43
9415097.0,29,42
9415100.0,33,87
9415103.0,64,49
9415142.0,27,41
9415149.0,32,57
9415195.0,27,66
9415270.0,24,47
9415380.0,33,87
9415442.0,26,52
9415474.0,34,52
9415489.0,26,43
9415519.0,32,46
9415548.0,23,46
9415552.0,50,89
9415624.0,61,50
9415671.0,24,45
9415672.0,29,44
9415713.0,23,47
9415810.0,34,59
9415819.0,42,89
9415832.0,50,89
9415936.0,29,44
9415988.0,35,50
9415995.0,27,44
9416014.0,24,48
9416054.0,35,49
9416073.0,24,45
9416090.0,28,40
9416122.0,27,54
9416207.0,34,44
9416234.0,34,62
9416246.0,30,45
9416271.0,43,90
9416399.0,28,44
9416478.0,29,43
9416488.0,34,63
9416513.0,34,43
9416641.0,27,76
9416662.0,33,54
9416729.0,27,39
9416811.0,34,45
9416879.0,27,45
9416888.0,31,43
9416968.0,23,44
9417013.0,29,39
9417072.0,26,44
9417169.0,32,45
9417176.0,35,44
9417179.0,35,49
9417240.0,31,42
9417312.0,25,47
9417323.0,30,40
9417347.0,33,86
9417367.0,29,39
9417383.0,28,76
9417388.0,24,43
9417389.0,27,46
9417423.0,25,46
9417434.0,27,39
9417473.0,24,49
9417488.0,32,45
9417511.0,31,43
9417514.0,23,44
9417565.0,24,44
9417623.0,35,48
9417656.0,25,47
9417689.0,28,42
9417748.0,23,47
9417785.0,33,46
9417909.0,25,42
9417916.0,31,48
9418067.0,35,48
9418089.0,26,42
9418201.0,25,41
9418220.0,27,46
9418346.0,25,42
9418347.0,25,40
9418451.0,31,43
9418471.0,25,43
9418485.0,26,43
9418518.0,28,43
9418618.0,28,41
9418684.0,30,41
9418710.0,28,43
9418741.0,35,43
9418768.0,29,39
9418772.0,28,44
9418795.0,34,43
9418818.0,31,43
9418879.0,22,45
9418967.0,31,44
9418993.0,27,40
9419015.0,26,39
9419027.0,34,87
9419048.0,28,44
9419172.0,24,46
9419181.0,23,44
9419189.0,22,46
9419237.0,25,46
9419363.0,27,56
9419375.0,28,56
9419452.0,31,44
9419470.0,29,40
9419581.0,35,46
9419617.0,33,55
9419622.0,25,45
9419655.0,26,45
9419719.0,25,47
9419734.0,27,41
9419777.0,25,42
9419811.0,23,44
9419812.0,24,46
9419817.0,28,42
9419930.0,35,46
9419965.0,24,44
9420052.0,25,41
9420128.0,31,44
9420133.0,25,42
9420136.0,29,44
9420218.0,24,49
9420236.0,25,46
9420243.0,27,40
9420270.0,31,45
9420340.0,28,44
9420376.0,42,89
9420408.0,23,44
9420427.0,43,89
9420453.0,26,75
9420593.0,28,60
9420598.0,36,45
9420625.0,30,42
9420641.0,28,54
9420669.0,23,44
9420693.0,43,88
9420786.0,25,40
9420789.0,22,46
9420818.0,25,50
9420850.0,31,44
9421028.0,35,46
9421043.0,25,46
9421048.0,24,50
9421090.0,43,88
9421090.0,24,45
9421228.0,26,75
9421249.0,26,46
9421329.0,36,70
9421441.0,23,43
9421606.0,33,54
9421781.0,23,45
9421812.0,26,75
9421812.0,22,47
9421831.0,32,43
9421908.0,26,60
9421911.0,26,43
9421959.0,34,55
9422025.0,35,46
9422092.0,31,43
9422146.0,26,44
9422262.0,21,45
9422303.0,33,45
9422344.0,26,54
9422354.0,33,53
9422486.0,31,43
9422571.0,26,63
9422614.0,28,39
9422616.0,32,46
9422636.0,25,44
9422661.0,32,43
9422729.0,33,53
9422756.0,31,46
9422823.0,33,44
9422861.0,31,45
9422886.0,27,42
9422915.0,25,47
9422930.0,34,52
9422974.0,33,57
9422981.0,26,44
9422997.0,31,46
9423004.0,26,64
9423007.0,27,45
9423009.0,25,44
9423113.0,25,42
9423154.0,24,42
9423155.0,27,42
9423231.0,25,53
9423235.0,32,46
9423246.0,24,47
9423309.0,35,45
9423313.0,26,44
9423317.0,33,58
9423331.0,33,57
9423338.0,35,47
9423410.0,24,42
9423469.0,30,43
9423505.0,31,45
9423514.0,26,45
9423520.0,33,47
9423533.0,23,46
9423676.0,23,43
9423681.0,35,47
9423738.0,31,46
9423795.0,33,58
9423801.0,33,53
9423809.0,24,47
9423876.0,25,44
9423971.0,35,45
9424047.0,33,58
9424074.0,27,62
9424103.0,23,46
9424107.0,38,88
9424125.0,33,53
9424189.0,33,47
9424206.0,23,44
9424333.0,33,43
9424357.0,25,41
9424430.0,25,52
9424473.0,35,47
9424506.0,38,88
9424507.0,24,50
9424552.0,24,51
9424722.0,33,47
9424742.0,24,43
9424904.0,23,46
9424955.0,23,45
9425036.0,25,45
9425098.0,27,43
9425117.0,26,40
9425153.0,26,41
9425320.0,24,43
9425428.0,27,41
9425468.0,29,42
9425475.0,26,41
9425606.0,22,48
9425629.0,31,45
9425634.0,34,59
9425640.0,28,40
9425655.0,22,42
9425807.0,33,60
9425845.0,34,48
9425852.0,34,43
9425862.0,22,43
9425868.0,23,46
9425902.0,37,88
9425911.0,35,47
9426030.0,34,57
9426031.0,33,59
9426041.0,27,44
9426082.0,33,57
9426119.0,34,44
9426181.0,43,88
9426277.0,34,48
9426330.0,38,88
9426336.0,35,47
9426368.0,27,42
9426434.0,30,44
9426444.0,25,51
9426450.0,33,60
9426499.0,29,48
9426504.0,43,88
9426609.0,23,46
9426612.0,22,45
9426635.0,28,42
9426681.0,30,45
9426688.0,33,42
9426697.0,34,47
9426716.0,35,47
9426776.0,35,45
9426794.0,34,60
9426825.0,23,45
9426831.0,27,43
9426840.0,25,43
9426850.0,25,44
9426863.0,24,46
9426865.0,23,48
9426883.0,30,44
9426884.0,33,52
9426927.0,29,48
9427010.0,33,61
9427033.0,38,47
9427063.0,34,60
9427066.0,35,47
9427110.0,26,54
9427206.0,22,45
9427372.0,28,44
9427392.0,34,47
9427400.0,25,40
9427411.0,26,40
9427484.0,32,44
9427499.0,25,44
9427513.0,33,44
9427639.0,23,42
9427703.0,24,47
9427747.0,26,55
9427774.0,34,49
9427822.0,28,45
9427877.0,24,44
9427989.0,23,46
9428003.0,34,47
9428055.0,26,42
9428193.0,23,47
9428211.0,25,44
9428232.0,24,52
9428236.0,24,51
9428258.0,24,41
9428303.0,22,44
9428311.0,34,47
9428431.0,28,41
9428503.0,23,46
9428736.0,23,46
9428807.0,34,46
9428845.0,27,45
9428850.0,27,43
9428866.0,23,47
9428881.0,25,47
9429005.0,24,42
9429155.0,25,46
9429182.0,29,43
9429216.0,24,41
9429222.0,28,43
9429244.0,23,46
9429251.0,46,83
9429261.0,34,45
9429324.0,23,41
9429326.0,34,47
9429381.0,26,41
9429456.0,28,59
9429465.0,23,43
9429490.0,34,48
9429515.0,25,46
9429526.0,30,59
9429557.0,22,46
9429568.0,26,47
9429579.0,23,47
9429610.0,32,45
9429694.0,34,47
9429729.0,24,48
9429859.0,20,46
9429885.0,22,44
9429951.0,29,43
9430027.0,33,50
9430051.0,34,48
9430063.0,24,43
9430083.0,23,47
9430088.0,23,50
9430152.0,27,43
9430229.0,21,43
9430245.0,24,48
9430252.0,33,46
9430283.0,33,45
9430406.0,29,44
9430449.0,26,43
9430487.0,31,53
9430568.0,30,45
9430580.0,25,46
9430677.0,30,44
9430686.0,34,48
9430833.0,26,42
9430865.0,34,47
9430883.0,25,45
9430895.0,30,45
9430952.0,29,44
9430966.0,28,42
9430971.0,21,45
9430981.0,27,42
9431024.0,25,46
9431079.0,32,44
9431170.0,39,90
9431192.0,26,44
9431214.0,31,53
9431243.0,20,45
9431280.0,22,48
9431322.0,27,40
9431364.0,34,48
9431414.0,22,49
9431433.0,26,55
9431450.0,23,46
9431546.0,25,41
9431645.0,24,40
9431841.0,27,61
9431864.0,27,56
9431889.0,27,42
9431893.0,27,41
9431926.0,23,42
9431944.0,26,59
9431944.0,24,45
9432072.0,25,69
9432102.0,21,48
9432118.0,42,88
9432191.0,29,43
9432221.0,29,44
9432309.0,27,54
9432398.0,33,57
9432469.0,27,44
9432547.0,23,44
9432555.0,32,55
9432607.0,30,53
9432617.0,29,44
9432639.0,27,56
9432752.0,21,44
9432790.0,27,57
9432964.0,24,44
9432982.0,23,44
9433008.0,33,56
9433119.0,33,59
9433126.0,25,42
9433315.0,26,44
9433327.0,33,57
9433412.0,22,46
9433420.0,22,45
9433425.0,29,44
9433448.0,34,58
9433540.0,22,43
9433545.0,23,47
9433569.0,22,42
9433663.0,27,39
9433746.0,30,47
9433779.0,29,47
9433824.0,23,44
9433852.0,33,43
9433981.0,24,43
9433998.0,21,43
9434023.0,33,50
9434053.0,33,57
9434063.0,23,42
9434135.0,26,43
9434148.0,34,58
9434206.0,22,41
9434240.0,23,44
9434247.0,22,47
9434249.0,22,42
9434278.0,33,43
9434322.0,26,40
9434383.0,24,41
9434400.0,31,45
9434532.0,23,43
9434670.0,27,45
9434736.0,26,66
9434851.0,28,43
9434855.0,22,46
9434990.0,33,45
9435010.0,33,43
9435027.0,24,46
9435060.0,20,43
9435064.0,24,51
9435094.0,26,68
9435114.0,21,46
9435175.0,30,45
9435185.0,21,45
9435251.0,33,44
9435255.0,34,58
9435311.0,33,51
9435324.0,33,43
9435395.0,29,45
9435424.0,32,43
9435505.0,21,44
9435527.0,33,56
9435579.0,21,46
9435732.0,24,45
9435770.0,22,47
9435921.0,19,46
9435923.0,29,45
9435936.0,30,45
9436001.0,26,45
9436049.0,32,56
9436103.0,33,44
9436324.0,21,44
9436363.0,23,48
9436442.0,25,46
9436469.0,32,53
9436509.0,22,44
9436512.0,21,46
9436584.0,24,47
9436604.0,23,45
9436637.0,23,50
9436666.0,33,44
9436741.0,24,52
9436780.0,23,51
9436785.0,23,48
9436807.0,29,45
9436836.0,24,53
9436837.0,21,46
9436913.0,22,44
9436922.0,31,45
9436946.0,33,43
9436952.0,21,45
9436976.0,26,44
9436995.0,33,44
9437009.0,29,45
9437078.0,24,49
9437198.0,24,47
9437212.0,26,42
9437278.0,21,48
9437288.0,20,48
9437294.0,24,42
9437393.0,21,49
9437411.0,31,44
9437425.0,23,48
9437534.0,22,49
9437718.0,27,42
9437741.0,23,48
9437823.0,21,44
9437838.0,28,44
9437872.0,23,44
9437896.0,25,44
9437946.0,32,46
9437987.0,33,46
9438057.0,20,44
9438072.0,28,44
9438091.0,21,43
9438103.0,26,41
9438207.0,31,43
9438361.0,33,46
9438532.0,24,41
9438575.0,22,47
9438669.0,33,48
9438680.0,21,46
9438706.0,32,45
9438716.0,24,46
9438779.0,24,47
9438885.0,25,55
9438942.0,31,46
9438963.0,25,54
9439053.0,19,47
9439111.0,33,45
9439363.0,22,44
9439406.0,25,43
9439430.0,23,46
9439447.0,20,46
9439478.0,24,43
9439616.0,23,41
9439709.0,22,43
9439966.0,20,46
9439987.0,22,48
9440020.0,29,52
9440026.0,32,43
9440030.0,27,41
9440077.0,21,47
9440190.0,22,42
9440345.0,21,47
9440436.0,26,56
9440486.0,25,44
9440502.0,23,41
9440590.0,20,45
9440705.0,24,42
9440738.0,22,44
9440800.0,21,44
9440807.0,21,42
9440957.0,33,62
9440969.0,22,46
9441104.0,21,41
9441132.0,20,48
9441430.0,33,48
9441479.0,21,47
9441517.0,36,54
9441614.0,31,48
9441751.0,27,43
9441853.0,28,43
9441903.0,22,45
9441908.0,21,47
9441945.0,33,49
9442166.0,24,43
9442176.0,28,43
9442262.0,25,41
9442476.0,26,42
9442489.0,23,45
9442494.0,23,42
9442507.0,22,45
9442601.0,27,43
9442646.0,21,42
9442704.0,23,46
9442732.0,22,41
9442747.0,35,66
9442826.0,20,43
9442848.0,22,47
9443095.0,22,43
9443108.0,26,44
9443228.0,22,41
9443299.0,19,44
9443366.0,32,57
9443439.0,30,44
9443549.0,31,47
9443656.0,25,44
9444068.0,33,58
9444103.0,22,44
9444139.0,23,46
9444164.0,27,43
9444208.0,22,48
9444334.0,24,43
9444386.0,32,46
9444404.0,32,58
9444486.0,22,41
9444537.0,21,50
9444547.0,21,43
9444641.0,19,47
9444642.0,33,58
9444651.0,21,46
9444656.0,32,52
9444696.0,21,44
9444726.0,30,46
9444775.0,32,44
9444877.0,32,45
9444920.0,20,46
9444998.0,19,46
9445024.0,32,59
9445067.0,19,48
9445116.0,32,52
9445152.0,21,48
9445168.0,19,45
9445193.0,20,47
9445297.0,18,47
9445444.0,33,58
9445445.0,27,48
9445451.0,24,44
9445498.0,25,44
9445580.0,33,47
9445610.0,27,44
9445716.0,20,47
9445792.0,33,65
9445804.0,21,47
9445823.0,19,48
9445973.0,33,46
9445977.0,32,51
9446069.0,20,44
9446115.0,21,49
9446211.0,20,42
9446220.0,22,46
9446274.0,23,47
9446283.0,33,65
9446335.0,21,41
9446366.0,32,54
9446369.0,33,47
9446408.0,24,46
9446421.0,33,46
9446488.0,21,45
9446524.0,19,48
9446584.0,21,47
9446595.0,23,47
9446651.0,30,45
9446670.0,32,50
9446794.0,22,41
9446803.0,23,42
9446821.0,20,47
9446832.0,29,46
9446834.0,31,45
9446891.0,21,47
9446898.0,60,50
9446927.0,22,42
9446957.0,21,50
9446986.0,22,49
9447096.0,32,49
9447160.0,20,47
9447209.0,22,42
9447226.0,29,46
9447273.0,27,49
9447293.0,22,49
9447324.0,32,47
9447328.0,22,41
9447379.0,24,43
9447385.0,33,47
9447477.0,23,43
9447494.0,30,46
9447536.0,33,46
9447612.0,23,47
9447711.0,25,46
9447712.0,21,44
9447724.0,32,47
9447744.0,24,53
9447791.0,33,47
9447824.0,32,52
9447922.0,29,46
9447986.0,22,44
9448054.0,25,45
9448068.0,33,46
9448120.0,29,46
9448134.0,55,102
9448138.0,23,47
9448185.0,19,47
9448552.0,30,44
9448721.0,32,47
9448724.0,19,46
9448739.0,19,47
9448740.0,26,57
9448790.0,33,46
9448870.0,30,43
9448997.0,18,48
9449021.0,25,42
9449205.0,26,43
9449375.0,32,45
9449391.0,28,46
9449469.0,26,41
9449470.0,25,42
9449492.0,32,48
9449493.0,31,46
9449595.0,32,46
9449647.0,19,49
9449667.0,26,42
9449681.0,26,41
9449724.0,33,60
9449799.0,18,45
9450019.0,33,46
9450205.0,31,42
9450236.0,19,47
9450258.0,26,42
9450451.0,20,45
9450484.0,24,41
9450554.0,22,45
9450598.0,32,61
9450619.0,29,47
9450676.0,27,45
9450893.0,32,61
9450929.0,34,61
9450936.0,21,44
9450960.0,25,42
9450960.0,20,43
9451013.0,22,43
9451017.0,26,44
9451073.0,24,45
9451192.0,31,43
9451229.0,21,42
9451263.0,30,47
9451330.0,23,43
9451533.0,25,55
9451578.0,19,44
9451679.0,18,45
9451704.0,25,42
9451864.0,23,44
9451963.0,21,42
9452478.0,19,44
9452564.0,32,58
9452568.0,23,46
9452703.0,21,42
9452815.0,22,46
9452843.0,22,52
9452926.0,22,47
9452977.0,24,42
9453012.0,25,46
9453063.0,21,51
9453068.0,31,44
9453082.0,19,44
9453082.0,19,46
9453126.0,25,42
9453416.0,19,44
9453437.0,21,46
9453525.0,20,44
9453579.0,20,50
9453645.0,19,47
9453887.0,31,53
9454062.0,19,46
9454144.0,32,59
9454157.0,31,54
9454173.0,21,45
9454182.0,18,46
9454223.0,23,43
9454426.0,26,46
9454430.0,19,43
9454543.0,22,46
9454730.0,25,43
9454882.0,19,46
9454937.0,23,43
9455251.0,30,45
9455340.0,28,43
9455465.0,19,46
9455543.0,30,44
9455612.0,22,44
9455653.0,23,43
9455748.0,17,48
9455958.0,26,44
9455964.0,27,45
9455983.0,18,47
9456096.0,27,47
9456131.0,28,46
9456164.0,23,45
9456203.0,29,43
9456239.0,25,67
9456240.0,28,43
9456257.0,21,45
9456312.0,73,56
9456320.0,28,47
9456332.0,19,46
9456422.0,24,67
9456490.0,27,47
9456685.0,28,47
9456698.0,27,45
9456709.0,31,46
9456751.0,23,45
9456864.0,31,45
9456890.0,20,46
9456901.0,19,47
9457027.0,29,43
9457030.0,19,50
9457079.0,18,48
9457090.0,29,45
9457092.0,24,68
9457095.0,24,45
9457133.0,31,45
9457154.0,27,45
9457272.0,19,46
9457301.0,23,44
9457355.0,18,47
9457470.0,28,47
9457774.0,29,45
9457803.0,23,45
9458035.0,19,46
9458043.0,31,45
9458073.0,28,47
9458183.0,23,44
9458262.0,21,47
9458297.0,21,46
9458384.0,23,44
9458614.0,29,46
9458618.0,31,45
9458762.0,18,45
9458810.0,29,45
9459011.0,84,93
9459016.0,32,63
9459115.0,19,46
9459149.0,29,45
9459272.0,22,44
9459279.0,17,46
9459400.0,20,45
9459402.0,28,58
9459495.0,31,44
9459497.0,21,43
9459517.0,29,58
9459572.0,21,42
9459615.0,31,51
9459851.0,32,43
9459931.0,20,42
9460074.0,21,42
9460119.0,31,51
9460135.0,19,42
9460150.0,23,41
9460157.0,28,47
9460181.0,24,43
9460287.0,32,43
9460369.0,29,47
9460391.0,22,41
9460393.0,27,50
9460394.0,28,47
9460410.0,24,43
9460412.0,20,44
9460482.0,25,44
9460552.0,18,47
9460606.0,21,43
9460654.0,31,51
9460770.0,21,42
9460898.0,18,43
9460927.0,28,43
9460940.0,22,47
9460950.0,21,43
9460991.0,23,41
9461000.0,31,54
9461003.0,24,55
9461009.0,19,50
9461124.0,28,43
9461188.0,23,42
9461194.0,32,50
9461204.0,25,56
9461320.0,29,47
9461361.0,24,43
9461434.0,19,45
9461505.0,22,52
9461693.0,21,42
9461871.0,26,45
9461907.0,19,45
9461914.0,33,64
9461920.0,19,42
9462036.0,19,44
9462119.0,29,47
9462193.0,23,41
9462207.0,30,46
9462247.0,21,42
9462294.0,32,50
9462345.0,41,89
9462354.0,21,52
9462439.0,23,47
9462576.0,42,89
9462590.0,15,104
9462605.0,17,49
9462645.0,22,43
9462772.0,21,46
9462963.0,41,89
9463020.0,29,47
9463213.0,23,46
9463236.0,31,50
9463264.0,31,46
9463293.0,23,47
9463383.0,22,44
9463548.0,29,47
9463600.0,19,46
9463635.0,36,70
9463644.0,18,50
9463649.0,21,44
9463677.0,25,60
9463762.0,36,71
9463848.0,23,47
9463976.0,30,47
9464010.0,24,46
9464063.0,20,43
9464347.0,29,47
9464393.0,37,71
9464414.0,31,46
9464448.0,23,47
9464675.0,20,47
9464684.0,29,47
9464694.0,23,47
9464785.0,31,47
9464894.0,31,49
9464963.0,25,58
9465294.0,36,67
9465450.0,30,43
9465478.0,32,49
9465700.0,20,51
9465759.0,36,67
9465895.0,29,43
9465959.0,31,46
9466066.0,23,45
9466116.0,25,63
9466221.0,32,49
9466246.0,26,63
9466354.0,43,88
9466947.0,55,99
9467075.0,34,40
9467525.0,19,45
9467679.0,23,46
9467860.0,33,63
9468009.0,18,49
9468038.0,34,40
9468102.0,18,50
9468134.0,17,49
9469723.0,27,60
9469848.0,57,114
9470635.0,21,48
9470697.0,16,47
9471618.0,20,49
9471638.0,19,47
9471709.0,21,45
9471917.0,19,43
9472129.0,21,43
9472179.0,20,43
9472279.0,25,44
9472308.0,22,42
9472546.0,22,43
9472929.0,18,43
9472989.0,25,44
9473062.0,25,57
9473310.0,21,42
9473477.0,31,50
9473561.0,17,50
9473605.0,17,44
9473652.0,23,55
9474381.0,24,55
9474387.0,21,42
9474445.0,17,44
9474713.0,17,44
9474849.0,18,45
9475145.0,19,47
9475379.0,17,46
9475780.0,19,47
9475917.0,17,47
9476786.0,23,46
9476825.0,21,45
9476841.0,45,90
9477357.0,21,45
9477448.0,44,89
9477450.0,45,91
9477469.0,45,90
9478028.0,22,46
9478041.0,20,46
9478099.0,45,91
9478253.0,21,45
9478629.0,21,45
9478713.0,28,44
9478955.0,45,90
9479023.0,18,45
9479148.0,28,45
9479416.0,23,54
9480137.0,16,47
9480265.0,19,45
9480489.0,19,46
9481480.0,17,48
9481537.0,18,47
9481651.0,20,52
9481765.0,30,52
9482256.0,21,44
9482281.0,30,52
9482628.0,16,49
9482660.0,18,51
9482856.0,30,52
9482913.0,25,56
9483170.0,31,51
9483656.0,31,51
9484774.0,31,51
9485576.0,69,47
9486376.0,69,47
9488406.0,32,47
9488514.0,17,50
9493740.0,20,45
9494058.0,20,45
9495106.0,23,44
9496096.0,24,67
9496829.0,25,79
9496845.0,26,79
9497235.0,23,67
9497872.0,23,67
9498650.0,46,102
9502980.0,47,85
9506192.0,29,47
9506450.0,29,47
9506585.0,50,96
9506763.0,37,74
9506806.0,17,45
9507099.0,45,103
9509050.0,46,97
9509653.0,28,45
9509975.0,18,45
9510139.0,28,45
9510291.0,20,47
9510760.0,28,44
9511352.0,28,45
9511459.0,31,49
9511700.0,30,44
9511755.0,27,44
9512127.0,31,51
9513817.0,31,48
9514247.0,22,45
9514274.0,21,53
9514742.0,21,53
9514776.0,19,51
9514784.0,80,127
9515100.0,64,50
9515123.0,23,44
9515242.0,21,45
9515477.0,18,51
9515537.0,64,50
9515612.0,21,44
9515784.0,22,46
9516196.0,63,50
9516516.0,24,44
9516906.0,17,44
9516909.0,63,50
9517253.0,18,45
9517275.0,30,44
9517555.0,25,45
9517609.0,29,45
9518055.0,18,43
9518743.0,22,48
9519090.0,29,43
9519277.0,16,49
9519353.0,28,43
9519566.0,29,43
9519883.0,28,43
9520087.0,21,47
9520364.0,53,106
9520365.0,30,43
9520428.0,21,45
9520506.0,28,43
9520532.0,21,47
9520633.0,31,46
9520711.0,19,44
9520724.0,19,45
9520818.0,29,43
9520927.0,32,61
9520974.0,20,47
9521066.0,19,45
9521120.0,28,43
9521236.0,29,43
9521414.0,30,49
9521652.0,29,48
9521679.0,31,45
9521713.0,46,87
9521741.0,17,47
9521852.0,18,49
9521879.0,19,45
9521951.0,55,107
9522094.0,21,47
9522099.0,21,53
9522279.0,20,46
9522328.0,29,48
9522376.0,19,43
9522559.0,31,50
9522711.0,29,48
9522854.0,20,46
9523082.0,31,55
9523876.0,23,46
9523986.0,31,49
9524256.0,29,45
9524308.0,31,53
9524543.0,22,45
9524627.0,29,45
9524640.0,21,44
9524716.0,41,89
9524719.0,22,44
9524885.0,20,47
9525000.0,19,51
9525224.0,17,45
9525298.0,18,50
9525396.0,29,43
9525543.0,20,47
9525549.0,29,45
9525563.0,20,51
9525766.0,20,47
9525786.0,20,51
9525926.0,21,43
9526060.0,23,46
9526087.0,17,48
9526186.0,24,46
9526315.0,23,43
9526400.0,21,52
9526674.0,28,47
9526693.0,17,49
9526801.0,26,45
9526808.0,18,48
9526916.0,37,88
9527127.0,19,46
9527134.0,25,44
9527200.0,31,47
9527359.0,16,46
9527386.0,21,44
9527419.0,20,51
9527481.0,18,46
9527513.0,31,45
9527605.0,22,46
9527803.0,32,60
9527860.0,24,43
9527962.0,30,46
9528030.0,31,46
9528058.0,17,47
9528360.0,20,43
9528373.0,32,48
9528683.0,19,48
9529221.0,26,58
9529344.0,21,49
9529484.0,18,50
9529592.0,17,46
9529954.0,23,42
9529973.0,21,47
9529983.0,32,49
9530032.0,20,45
9530213.0,24,58
9530388.0,19,45
9530447.0,26,69
9530549.0,32,48
9530585.0,32,50
9530661.0,18,47
9530862.0,23,55
9531045.0,22,47
9531065.0,30,43
9531173.0,23,55
9531305.0,22,48
9531526.0,32,61
9531568.0,18,45
9531596.0,22,45
9531631.0,19,48
9531787.0,32,58
9531852.0,19,44
9531875.0,23,44
9531881.0,22,44
9531890.0,31,44
9531890.0,22,47
9531920.0,20,46
9531953.0,31,42
9532160.0,19,48
9532362.0,19,48
9532385.0,23,44
9532489.0,32,49
9532923.0,21,43
9533044.0,32,47
9533083.0,32,52
9533220.0,32,45
9533441.0,23,45
9533513.0,24,45
9533664.0,23,44
9533667.0,26,44
9534067.0,46,89
9534169.0,23,54
9534260.0,28,46
9534300.0,36,71
9534662.0,22,44
9534685.0,31,56
9534694.0,23,55
9534737.0,18,46
9534772.0,23,44
9534785.0,32,48
9534786.0,25,43
9534900.0,23,53
9534901.0,27,46
9534931.0,19,47
9534996.0,19,48
9535036.0,22,52
9535068.0,44,89
9535123.0,29,47
9535124.0,24,46
9535130.0,20,46
9535158.0,21,51
9535239.0,18,49
9535278.0,20,44
9535465.0,27,45
9535518.0,22,52
9535531.0,18,47
9535586.0,23,44
9535667.0,30,44
9535753.0,30,45
9535786.0,23,55
9535876.0,19,50
9536003.0,26,57
9536090.0,36,72
9536091.0,24,42
9536106.0,25,46
9536137.0,21,45
9536287.0,31,52
9536410.0,23,44
9536532.0,19,50
9536754.0,22,46
9536767.0,32,46
9536808.0,22,47
9536920.0,25,62
9537047.0,19,45
9537184.0,30,46
9537268.0,25,56
9537414.0,32,47
9537553.0,21,46
9537583.0,26,45
9537759.0,32,51
9538057.0,22,47
9538087.0,20,50
9538289.0,32,58
9538291.0,23,47
9538324.0,23,43
9538435.0,19,50
9538627.0,32,55
9538670.0,23,43
9538760.0,23,47
9538777.0,24,45
9538863.0,31,51
9539497.0,32,43
9539533.0,23,44
9539596.0,30,51
9539781.0,31,47
9539879.0,30,47
9539956.0,23,43
9540164.0,32,54
9540165.0,33,64
9540182.0,20,49
9540256.0,21,48
9540286.0,28,46
9540318.0,23,43
9540363.0,34,87
9540387.0,33,49
9540392.0,25,46
9540498.0,26,56
9540558.0,32,53
9540583.0,33,66
9540585.0,21,48
9540740.0,20,43
9540791.0,32,49
9540851.0,22,43
9540966.0,27,55
9541028.0,33,48
9541157.0,21,48
9541169.0,25,55
9541193.0,20,45
9541332.0,24,44
9541363.0,19,46
9541370.0,21,44
9541388.0,27,44
9541392.0,25,45
9541505.0,25,55
9541528.0,18,45
9541538.0,32,45
9541583.0,25,43
9541667.0,33,63
9541676.0,31,44
9541824.0,31,45
9541845.0,25,45
9541852.0,19,47
9541869.0,31,43
9541986.0,22,52
9542219.0,25,43
9542246.0,19,44
9542374.0,21,49
9542477.0,33,62
9542490.0,31,43
9542532.0,22,52
9542677.0,20,47
9542904.0,24,54
9543139.0,33,46
9543140.0,21,50
9543170.0,33,47
9543180.0,25,43
9543190.0,22,45
9543195.0,23,46
9543239.0,21,49
9543322.0,45,95
9543537.0,26,46
9543589.0,33,48
9543610.0,26,43
9543694.0,23,46
9543700.0,33,51
9543721.0,46,95
9543726.0,22,46
9543859.0,69,73
9543908.0,25,42
9543920.0,28,45
9543924.0,29,47
9543937.0,33,50
9544033.0,33,61
9544126.0,21,49
9544141.0,31,57
9544215.0,45,95
9544314.0,46,95
9544385.0,20,49
9544451.0,23,46
9544479.0,24,50
9544561.0,25,42
9544699.0,46,95
9544723.0,23,43
9544729.0,25,42
9544772.0,23,46
9544812.0,24,44
9544818.0,45,95
9544954.0,25,46
9544955.0,33,45
9545000.0,25,60
9545005.0,24,43
9545041.0,22,51
9545219.0,33,60
9545230.0,32,56
9545332.0,21,45
9545346.0,24,45
9545384.0,27,44
9545449.0,23,52
9545450.0,60,98
9545473.0,45,95
9545492.0,22,46
9545530.0,33,52
9545611.0,23,47
9545679.0,34,66
9545701.0,29,52
9545884.0,24,47
9545901.0,31,47
9545902.0,24,41
9546174.0,45,95
9546264.0,25,44
9546298.0,25,45
9546341.0,21,41
9546381.0,19,48
9546530.0,22,44
9546595.0,33,46
9546611.0,18,47
9546654.0,22,48
9546755.0,31,44
9546843.0,26,45
9546856.0,20,47
9546917.0,33,59
9546947.0,24,47
9546966.0,33,44
9547029.0,32,53
9547043.0,18,47
9547084.0,31,44
9547161.0,30,47
9547192.0,27,43
9547234.0,25,42
9547338.0,21,44
9547400.0,33,57
9547489.0,21,47
9547515.0,20,49
9547520.0,31,45
9547603.0,25,41
9547644.0,26,41
9547768.0,22,46
9547815.0,21,43
9548009.0,33,47
9548020.0,20,42
9548027.0,31,45
9548054.0,33,60
9548219.0,26,65
9548241.0,32,55
9548247.0,21,50
9548309.0,41,87
9548330.0,20,46
9548362.0,21,44
9548508.0,19,45
9548532.0,27,45
9548569.0,28,44
9548611.0,23,42
9548737.0,33,50
9548742.0,31,45
9548772.0,19,45
9548782.0,32,45
9548956.0,20,44
9548995.0,23,45
9549012.0,31,45
9549032.0,33,51
9549158.0,36,69
9549313.0,32,45
9549428.0,40,89
9549549.0,26,46
9549589.0,24,43
9549601.0,20,46
9549611.0,25,43
9549652.0,21,46
9549671.0,32,43
9549820.0,24,46
9549888.0,22,43
9549914.0,33,51
9550007.0,26,55
9550250.0,39,89
9550256.0,22,41
9550271.0,31,45
9550273.0,26,42
9550288.0,21,46
9550334.0,22,45
9550470.0,25,41
9550522.0,27,58
9550524.0,29,45
9550537.0,25,44
9550547.0,24,44
9550549.0,24,47
9550551.0,27,46
9550593.0,22,47
9550651.0,35,86
9550680.0,26,44
9550746.0,25,47
9550798.0,23,46
9550839.0,21,42
9550910.0,19,47
9550920.0,18,47
9550987.0,22,44
9550990.0,31,45
9551109.0,24,43
9551113.0,24,42
9551137.0,22,50
9551178.0,21,49
9551224.0,19,45
9551238.0,32,63
9551291.0,25,47
9551293.0,21,44
9551333.0,21,47
9551336.0,33,59
9551387.0,30,44
9551433.0,33,52
9551459.0,31,44
9551459.0,29,50
9551483.0,28,44
9551531.0,23,49
9551569.0,20,48
9551586.0,32,54
9551586.0,34,48
9551687.0,31,45
9551720.0,30,46
9551767.0,19,44
9551771.0,21,42
9551815.0,19,45
9551829.0,30,44
9551857.0,32,48
9551947.0,29,45
9551988.0,22,44
9552052.0,28,49
9552069.0,20,45
9552077.0,35,88
9552115.0,25,42
9552133.0,21,46
9552173.0,26,41
9552235.0,27,42
9552295.0,31,45
9552323.0,34,46
9552497.0,25,47
9552546.0,33,54
9552568.0,24,45
9552572.0,21,49
9552637.0,25,44
9552638.0,21,46
9552648.0,25,42
9552764.0,24,42
9552817.0,20,45
9552884.0,31,44
9552897.0,22,41
9553077.0,21,42
9553170.0,27,59
9553183.0,23,46
9553203.0,23,41
9553234.0,21,49
9553263.0,32,45
9553289.0,21,46
9553326.0,23,44
9553425.0,26,41
9553492.0,26,45
9553575.0,31,44
9553653.0,34,47
9553671.0,30,46
9553672.0,32,44
9553723.0,28,43
9553752.0,33,57
9553784.0,33,53
9553826.0,21,42
9553845.0,23,44
9553892.0,31,44
9553942.0,32,46
9553996.0,29,44
9554025.0,34,49
9554082.0,33,56
9554089.0,25,42
9554192.0,22,43
9554244.0,33,62
9554318.0,21,42
9554328.0,31,46
9554335.0,33,55
9554348.0,32,44
9554358.0,20,45
9554497.0,31,43
9554531.0,33,54
9554621.0,25,42
9554637.0,27,45
9554735.0,34,51
9554821.0,24,45
9554832.0,34,43
9554936.0,27,42
9554966.0,31,43
9554999.0,27,45
9555044.0,25,46
9555047.0,23,45
9555076.0,22,45
9555111.0,24,46
9555174.0,21,43
9555186.0,34,46
9555208.0,25,42
9555391.0,21,41
9555554.0,26,55
9555595.0,25,46
9555599.0,31,47
9555647.0,32,47
9555686.0,22,44
9555689.0,19,46
9555796.0,25,47
9555818.0,23,44
9556016.0,23,43
9556032.0,34,45
9556045.0,24,42
9556060.0,34,47
9556075.0,32,47
9556076.0,21,46
9556162.0,23,44
9556213.0,20,47
9556229.0,27,56
9556239.0,33,56
9556363.0,19,46
9556545.0,46,97
9556580.0,23,41
9556592.0,33,45
9556607.0,25,42
9556614.0,33,55
9556630.0,27,55
9556695.0,27,58
9556709.0,26,43
9556806.0,22,42
9556847.0,32,44
9556898.0,22,41
9556920.0,23,50
9556945.0,21,45
9556989.0,26,55
9557028.0,20,44
9557078.0,25,46
9557095.0,24,52
9557099.0,25,42
9557148.0,33,43
9557153.0,24,44
9557157.0,27,55
9557234.0,34,50
9557268.0,22,41
9557313.0,27,44
9557336.0,19,46
9557366.0,22,49
9557390.0,34,44
9557499.0,25,41
9557559.0,20,46
9557591.0,26,44
9557626.0,27,44
9557626.0,25,46
9557690.0,31,46
9557878.0,26,55
9557923.0,25,43
9557925.0,27,41
9557937.0,25,41
9558038.0,21,43
9558087.0,22,41
9558114.0,27,57
9558125.0,23,43
9558149.0,24,53
9558207.0,22,46
9558269.0,24,41
9558422.0,23,44
9558428.0,27,55
9558428.0,25,54
9558457.0,25,43
9558553.0,21,48
9558596.0,23,47
9558627.0,22,41
9558628.0,24,51
9558665.0,26,55
9558667.0,23,43
9558683.0,34,61
9558832.0,22,46
9558887.0,30,45
9558900.0,26,54
9558946.0,28,43
9558982.0,25,54
9559041.0,25,43
9559069.0,26,47
9559111.0,25,47
9559147.0,25,46
9559203.0,27,44
9559333.0,21,48
9559356.0,35,45
9559403.0,34,62
9559459.0,23,44
9559502.0,26,63
9559504.0,27,45
9559506.0,23,43
9559539.0,27,46
9559561.0,25,43
9559598.0,34,52
9559662.0,28,42
9559696.0,25,41
9559754.0,27,44
9559792.0,29,43
9559807.0,23,43
9559807.0,35,46
9559816.0,25,53
9559837.0,35,47
9559925.0,22,43
9560087.0,40,89
9560101.0,26,42
9560200.0,25,43
9560224.0,23,42
9560276.0,24,45
9560292.0,25,45
9560334.0,26,43
9560347.0,31,46
9560409.0,25,53
9560454.0,35,49
9560510.0,23,50
9560511.0,22,44
9560529.0,35,48
9560556.0,28,42
9560654.0,38,89
9560804.0,25,43
9560830.0,23,45
9560846.0,27,63
9560868.0,25,46
9560868.0,35,45
9560883.0,28,42
9560937.0,28,48
9560973.0,32,48
9560985.0,46,99
9561010.0,20,45
9561031.0,34,53
9561083.0,35,88
9561102.0,35,48
9561128.0,24,52
9561154.0,35,44
9561170.0,24,43
9561190.0,27,60
9561225.0,34,63
9561231.0,29,50
9561247.0,35,49
9561254.0,33,63
9561268.0,29,48
9561286.0,34,64
9561293.0,28,63
9561313.0,22,41
9561359.0,35,48
9561400.0,33,58
9561411.0,34,58
9561433.0,31,47
9561464.0,33,46
9561548.0,37,88
9561614.0,25,53
9561641.0,34,66
9561649.0,21,44
9561698.0,24,45
9561786.0,35,43
9561804.0,23,52
9561894.0,35,50
9561930.0,30,47
9561999.0,35,49
9562026.0,22,43
9562104.0,26,46
9562164.0,21,45
9562183.0,28,41
9562185.0,21,47
9562243.0,35,67
9562265.0,26,60
9562338.0,23,46
9562352.0,24,40
9562366.0,24,50
9562388.0,32,49
9562415.0,23,52
9562505.0,22,46
9562507.0,35,49
9562556.0,34,88
9562582.0,21,47
9562636.0,34,51
9562652.0,23,49
9562714.0,34,60
9562803.0,22,45
9562815.0,35,45
9562829.0,26,60
9562833.0,34,54
9562865.0,27,44
9562906.0,23,47
9562917.0,35,49
9562936.0,28,44
9562980.0,22,53
9563002.0,25,44
9563075.0,33,64
9563088.0,27,43
9563145.0,34,65
9563190.0,34,52
9563218.0,26,42
9563230.0,24,42
9563307.0,23,52
9563312.0,33,45
9563371.0,35,88
9563379.0,23,41
9563434.0,26,43
9563437.0,35,44
9563528.0,29,42
9563564.0,27,43
9563570.0,25,47
9563573.0,25,52
9563655.0,35,46
9563881.0,33,57
9563966.0,21,47
9563990.0,34,44
9564046.0,33,45
9564144.0,34,61
9564192.0,22,48
9564274.0,23,52
9564295.0,35,88
9564322.0,34,64
9564354.0,35,51
9564371.0,29,51
9564393.0,34,59
9564417.0,34,86
9564421.0,22,49
9564462.0,26,41
9564583.0,27,42
9564658.0,33,54
9564678.0,30,43
9564721.0,26,41
9564759.0,42,90
9564766.0,33,45
9564876.0,33,43
9564972.0,33,55
9565009.0,34,45
9565128.0,35,52
9565209.0,26,42
9565242.0,23,43
9565254.0,35,50
9565495.0,28,59
9565512.0,22,42
9565548.0,33,43
9565616.0,27,61
9565621.0,34,43
9565635.0,22,44
9565708.0,26,47
9565709.0,23,44
9565742.0,27,56
9565746.0,34,53
9565798.0,24,42
9565807.0,30,44
9565925.0,28,59
9565951.0,26,46
9566044.0,23,45
9566061.0,23,44
9566148.0,34,54
9566225.0,27,43
9566316.0,28,43
9566394.0,33,43
9566397.0,24,51
9566444.0,25,45
9566450.0,25,40
9566453.0,26,67
9566471.0,22,45
9566479.0,30,43
9566522.0,49,90
9566614.0,28,43
9566614.0,37,73
9566644.0,35,51
9566679.0,33,43
9566756.0,25,41
9566806.0,21,43
9566816.0,34,55
9566852.0,36,46
9567098.0,35,52
9567113.0,21,46
9567128.0,36,45
9567143.0,34,61
9567154.0,27,46
9567185.0,36,49
9567286.0,28,45
9567317.0,34,58
9567325.0,25,43
9567370.0,27,59
9567406.0,33,61
9567415.0,23,46
9567423.0,21,46
9567541.0,28,44
9567543.0,28,43
9567558.0,26,46
9567571.0,31,45
9567576.0,33,53
9567585.0,29,58
9567597.0,27,55
9567642.0,29,41
9567659.0,35,53
9567679.0,28,59
9567734.0,23,42
9567757.0,27,68
9567863.0,28,43
9567897.0,27,59
9568003.0,32,46
9568013.0,27,41
9568039.0,31,46
9568056.0,30,42
9568124.0,34,47
9568140.0,31,45
9568166.0,21,46
9568176.0,34,63
9568187.0,28,57
9568208.0,24,49
9568261.0,31,44
9568277.0,26,44
9568284.0,36,47
9568288.0,27,44
9568346.0,22,47
9568350.0,27,42
9568353.0,36,46
9568355.0,21,45
9568366.0,26,41
9568372.0,31,45
9568420.0,24,50
9568434.0,37,74
9568437.0,24,41
9568449.0,25,42
9568463.0,31,42
9568504.0,36,44
9568509.0,28,59
9568527.0,24,44
9568553.0,21,46
9568563.0,27,41
9568644.0,29,45
9568650.0,36,48
9568659.0,35,43
9568668.0,34,59
9568685.0,35,45
9568725.0,28,42
9568755.0,21,45
9568768.0,36,45
9568772.0,25,47
9568846.0,25,42
9568865.0,34,44
9568880.0,27,44
9568940.0,29,44
9568976.0,34,45
9568980.0,36,50
9568983.0,28,59
9569033.0,23,48
9569042.0,24,40
9569049.0,35,45
9569081.0,23,44
9569154.0,36,49
9569227.0,29,45
9569265.0,27,44
9569335.0,29,44
9569363.0,37,70
9569387.0,25,48
9569436.0,34,60
9569505.0,31,42
9569550.0,34,46
9569559.0,35,52
9569565.0,25,42
9569668.0,27,75
9569670.0,29,57
9569681.0,23,42
9569761.0,26,40
9569814.0,25,42
9569849.0,23,44
9569879.0,26,75
9569888.0,27,44
9569966.0,35,44
9570093.0,25,44
9570099.0,27,44
9570151.0,29,57
9570191.0,35,53
9570222.0,31,43
9570259.0,29,44
9570332.0,35,44
9570417.0,35,50
9570441.0,27,75
9570516.0,33,47
9570545.0,31,42
9570618.0,22,43
9570650.0,23,44
9570684.0,30,42
9570694.0,26,53
9570760.0,35,53
9570782.0,28,60
9570796.0,36,48
9570867.0,29,44
9570870.0,34,56
9570879.0,23,44
9570901.0,28,44
9570922.0,36,44
9570926.0,37,71
9570992.0,36,50
9571067.0,23,41
9571124.0,24,43
9571153.0,24,49
9571169.0,28,43
9571228.0,25,41
9571232.0,31,42
9571338.0,30,41
9571403.0,41,91
9571434.0,45,103
9571464.0,40,89
9571545.0,25,50
9571682.0,27,45
9571720.0,36,49
9571749.0,35,54
9571814.0,29,44
9571869.0,25,44
9571889.0,30,51
9571925.0,26,45
9572013.0,35,45
9572124.0,35,44
9572170.0,29,45
9572182.0,24,42
9572194.0,23,45
9572275.0,36,51
9572279.0,36,47
9572369.0,29,44
9572407.0,28,56
9572520.0,23,44
9572529.0,26,43
9572562.0,31,43
9572818.0,23,41
9572830.0,23,44
9572857.0,23,47
9572956.0,32,44
9572957.0,30,41
9573056.0,41,91
9573186.0,27,59
9573223.0,27,58
9573322.0,27,46
9573420.0,26,50
9573514.0,29,43
9573525.0,35,61
9573580.0,24,42
9573582.0,36,50
9573665.0,35,59
9573680.0,35,46
9573702.0,34,62
9573705.0,38,88
9573751.0,26,42
9573806.0,29,43
9573864.0,35,62
9573928.0,26,74
9573942.0,24,45
9573953.0,33,46
9573981.0,34,55
9574073.0,28,46
9574107.0,27,44
9574180.0,36,52
9574327.0,27,53
9574359.0,37,44
9574362.0,28,42
9574365.0,37,49
9574393.0,34,64
9574411.0,25,46
9574429.0,27,73
9574465.0,25,49
9574506.0,37,46
9574518.0,25,43
9574525.0,26,74
9574612.0,24,45
9574624.0,36,51
9574679.0,28,41
9574715.0,23,43
9574748.0,24,48
9574757.0,25,46
9574806.0,29,40
9574856.0,26,44
9574978.0,29,57
9574990.0,32,46
9575019.0,25,49
9575027.0,25,73
9575111.0,35,55
9575124.0,27,40
9575137.0,35,60
9575229.0,30,44
9575235.0,29,57
9575279.0,25,73
9575321.0,37,48
9575413.0,26,41
9575482.0,27,73
9575490.0,33,49
9575543.0,28,60
9575654.0,36,52
9575721.0,24,44
9575727.0,23,43
9575791.0,26,44
9575794.0,27,43
9575813.0,25,49
9575818.0,37,44
9575830.0,28,60
9575834.0,25,40
9575848.0,35,87
9575862.0,27,73
9575937.0,33,45
9575957.0,35,64
9575966.0,28,40
9576008.0,32,43
9576020.0,33,49
9576104.0,34,63
9576111.0,27,75
9576128.0,37,49
9576135.0,25,49
9576173.0,37,43
9576212.0,35,49
9576227.0,37,46
9576253.0,25,47
9576259.0,27,45
9576287.0,28,73
9576312.0,27,43
9576342.0,37,47
9576396.0,23,44
9576396.0,24,46
9576453.0,30,40
9576456.0,35,47
9576535.0,35,49
9576563.0,22,45
9576588.0,23,43
9576602.0,36,53
9576635.0,35,66
9576660.0,23,46
9576665.0,37,73
9576672.0,42,89
9576822.0,27,60
9576836.0,21,46
9576875.0,23,43
9576902.0,41,89
9576909.0,31,41
9576928.0,35,47
9577056.0,28,64
9577059.0,35,46
9577081.0,23,42
9577099.0,40,90
9577120.0,29,43
9577137.0,35,62
9577147.0,33,49
9577196.0,21,46
9577209.0,22,42
9577233.0,35,59
9577310.0,25,45
9577370.0,45,90
9577378.0,34,87
9577388.0,35,63
9577414.0,27,43
9577516.0,36,43
9577544.0,35,58
9577578.0,36,44
9577620.0,30,43
9577701.0,35,47
9577777.0,37,43
9577865.0,34,47
9577894.0,28,62
9577936.0,39,90
9577975.0,29,41
9577996.0,35,47
9578001.0,37,50
9578030.0,26,43
9578032.0,36,48
9578064.0,35,46
9578069.0,26,51
9578072.0,28,40
9578154.0,25,42
9578200.0,35,56
9578222.0,28,44
9578267.0,24,43
9578338.0,45,90
9578356.0,35,59
9578359.0,27,62
9578385.0,27,43
9578390.0,37,48
9578401.0,36,48
9578474.0,42,90
9578488.0,34,47
9578562.0,39,90
9578574.0,30,63
9578581.0,28,45
9578594.0,26,51
9578609.0,29,56
9578653.0,28,46
9578663.0,45,90
9578678.0,36,51
9578720.0,27,42
9578738.0,35,64
9578798.0,34,47
9578880.0,35,60
9578883.0,35,54
9578889.0,25,48
9579043.0,28,40
9579075.0,20,47
9579114.0,29,56
9579134.0,26,40
9579140.0,29,41
9579186.0,24,43
9579236.0,30,44
9579240.0,27,43
9579288.0,29,40
9579327.0,28,41
9579360.0,32,42
9579360.0,45,89
9579381.0,35,47
9579423.0,24,44
9579443.0,32,45
9579514.0,30,42
9579538.0,36,53
9579569.0,25,44
9579596.0,72,60
9579629.0,38,43
9579672.0,37,53
9579686.0,59,54
9579703.0,27,43
9579708.0,33,44
9579748.0,37,51
9579759.0,33,46
9579800.0,27,39
9579802.0,29,40
9579865.0,29,42
9579901.0,27,44
9579908.0,36,68
9579920.0,29,62
9579921.0,24,46
9579988.0,38,46
9579990.0,35,47
9580038.0,24,43
9580039.0,36,52
9580076.0,32,44
9580136.0,34,46
9580157.0,27,53
9580255.0,30,39
9580345.0,24,43
9580383.0,28,39
9580467.0,27,41
9580542.0,25,41
9580543.0,37,53
9580559.0,37,52
9580567.0,35,65
9580643.0,35,47
9580670.0,25,43
9580675.0,23,44
9580695.0,38,44
9580730.0,35,57
9580749.0,36,46
9580753.0,27,53
9580789.0,59,99
9580800.0,31,41
9580838.0,28,43
9580844.0,34,48
9580846.0,35,61
9580848.0,30,43
9580863.0,36,54
9580883.0,27,47
9580895.0,38,45
9580914.0,26,43
9580933.0,37,53
9580947.0,38,47
9581009.0,28,43
9581032.0,28,44
9581050.0,35,48
9581138.0,31,40
9581143.0,25,46
9581166.0,35,47
9581212.0,28,45
9581241.0,28,44
9581266.0,33,43
9581362.0,53,84
9581393.0,31,51
9581488.0,28,65
9581543.0,27,52
9581600.0,23,45
9581659.0,26,42
9581688.0,26,46
9581689.0,33,52
9581689.0,31,44
9581690.0,26,49
9581693.0,26,50
9581725.0,33,45
9581755.0,32,41
9581784.0,29,41
9581797.0,27,52
9581821.0,30,41
9581840.0,24,44
9582102.0,38,46
9582144.0,24,42
9582184.0,27,47
9582269.0,27,53
9582297.0,35,64
9582317.0,38,45
9582334.0,29,45
9582354.0,29,55
9582464.0,28,46
9582478.0,28,60
9582493.0,35,47
9582495.0,37,43
9582553.0,28,43
9582558.0,29,45
9582569.0,40,90
9582608.0,32,45
9582658.0,37,52
9582672.0,27,40
9582692.0,31,43
9582700.0,31,52
9582750.0,36,47
9582766.0,33,42
9582804.0,35,47
9582822.0,28,43
9582829.0,38,47
9582838.0,26,45
9582844.0,33,43
9582865.0,27,52
9582870.0,37,51
9582954.0,25,43
9582961.0,28,45
9582968.0,29,40
9582970.0,28,53
9582972.0,32,45
9582978.0,27,47
9583221.0,28,42
9583251.0,37,44
9583285.0,27,41
9583302.0,38,44
9583302.0,27,47
9583417.0,27,51
9583461.0,36,48
9583576.0,24,46
9583658.0,34,51
9583684.0,27,40
9583717.0,27,43
9583739.0,25,45
9583739.0,37,44
9583786.0,27,51
9583814.0,32,40
9583844.0,27,39
9583895.0,31,44
9583906.0,38,50
9583906.0,35,61
9583946.0,32,45
9584057.0,25,44
9584072.0,25,47
9584143.0,34,51
9584190.0,27,44
9584219.0,28,44
9584226.0,28,43
9584263.0,30,42
9584266.0,26,41
9584289.0,37,89
9584311.0,33,42
9584334.0,34,46
9584334.0,38,51
9584354.0,29,44
9584386.0,35,60
9584405.0,36,60
9584427.0,27,43
9584456.0,36,54
9584501.0,27,51
9584595.0,29,45
9584611.0,29,39
9584617.0,35,47
9584635.0,37,46
9584732.0,37,44
9584739.0,26,44
9584748.0,29,44
9584761.0,37,53
9584762.0,39,44
9584782.0,36,58
9584787.0,27,40
9584794.0,30,43
9584911.0,25,42
