timestamp,x,y
7782482.0,101,58
7782488.0,106,64
7782493.0,106,58
7782528.0,105,61
7782529.0,102,60
7782530.0,86,77
7782535.0,91,80
7782574.0,85,76
7782628.0,99,59
7782638.0,85,89
7782644.0,93,78
7782658.0,101,61
7782662.0,97,64
7782701.0,96,72
7782718.0,109,61
7782751.0,91,89
7782754.0,109,60
7782760.0,103,59
7782805.0,94,86
7782813.0,108,62
7782841.0,109,59
7782848.0,98,61
7782853.0,102,72
7782860.0,55,50
7782940.0,102,74
7783000.0,95,89
7783032.0,101,59
7783034.0,104,58
7783036.0,99,60
7783049.0,106,62
7783079.0,98,60
7783091.0,106,67
7783092.0,109,64
7783095.0,97,72
7783100.0,105,57
7783143.0,102,60
7783150.0,108,59
7783164.0,108,58
7783190.0,109,60
7783196.0,100,71
7783271.0,104,61
7783283.0,109,65
7783343.0,109,59
7783361.0,106,66
7783363.0,82,72
7783370.0,100,63
7783422.0,104,60
7783433.0,99,58
7783452.0,105,68
7783472.0,107,65
7783479.0,101,61
7783495.0,102,71
7783504.0,99,59
7783511.0,106,56
7783526.0,109,61
7783529.0,90,79
7783556.0,96,92
7783571.0,108,57
7783591.0,96,72
7783594.0,109,65
7783609.0,104,68
7783613.0,108,60
7783616.0,106,57
7783626.0,90,81
7783659.0,100,71
7783674.0,97,62
7783679.0,97,63
7783681.0,108,64
7783697.0,103,70
7783717.0,95,73
7783720.0,96,67
7783749.0,103,65
7783752.0,102,60
7783765.0,104,60
7783787.0,101,63
7783792.0,104,57
7783836.0,89,79
7783837.0,93,85
7783840.0,101,60
7783841.0,87,77
7783861.0,104,62
7783868.0,93,79
7783870.0,105,56
7783872.0,101,58
7783880.0,92,79
7783889.0,105,63
7783893.0,107,57
7783954.0,107,65
7783955.0,98,60
7783967.0,101,81
7784004.0,102,78
7784019.0,101,63
7784020.0,101,70
7784036.0,96,68
7784051.0,105,57
7784061.0,87,86
7784071.0,98,63
7784073.0,103,69
7784095.0,103,58
7784095.0,106,56
7784100.0,105,62
7784165.0,109,62
7784167.0,101,58
7784204.0,96,69
7784205.0,91,81
7784249.0,102,69
7784263.0,101,81
7784273.0,101,82
7784300.0,94,74
7784361.0,103,75
7784392.0,109,61
7784433.0,97,91
7784435.0,108,62
7784443.0,105,60
7784444.0,100,62
7784513.0,95,75
7784530.0,107,66
7784535.0,105,67
7784545.0,93,83
7784557.0,97,71
7784592.0,106,67
7784615.0,93,85
7784621.0,97,82
7784671.0,92,83
7784699.0,96,66
7784709.0,95,82
7784728.0,107,56
7784773.0,103,75
7784781.0,98,60
7784872.0,93,76
7784884.0,109,65
7784929.0,101,82
7784932.0,108,65
7784938.0,108,57
7784949.0,97,82
7784965.0,96,65
7784994.0,95,70
7784997.0,106,59
7785010.0,101,78
7785014.0,104,59
7785039.0,99,63
7785080.0,105,69
7785082.0,104,57
7785096.0,109,59
7785097.0,99,58
7785104.0,101,67
7785115.0,104,70
7785117.0,97,91
7785217.0,102,65
7785244.0,99,57
7785259.0,104,67
7785316.0,107,59
7785332.0,94,85
7785347.0,98,81
7785349.0,93,85
7785361.0,109,61
7785366.0,96,67
7785370.0,109,63
7785383.0,108,65
7785435.0,103,71
7785437.0,104,59
7785447.0,100,77
7785493.0,106,59
7785501.0,102,67
7785518.0,103,58
7785527.0,102,74
7785529.0,102,72
7785531.0,100,61
7785547.0,100,63
7785558.0,106,57
7785606.0,105,56
7785608.0,97,62
7785614.0,104,57
7785619.0,100,62
7785640.0,98,81
7785670.0,104,64
7785691.0,88,78
7785694.0,96,80
7785701.0,106,64
7785705.0,101,80
7785726.0,102,59
7785754.0,109,61
7785770.0,93,85
7785807.0,94,85
7785814.0,101,63
7785882.0,100,61
7785887.0,95,73
7785899.0,105,57
7785912.0,107,56
7785921.0,109,65
7785940.0,98,59
7785958.0,109,62
7785962.0,99,58
7785974.0,103,73
7785996.0,96,80
7786050.0,103,75
7786052.0,95,76
7786095.0,100,79
7786121.0,94,74
7786126.0,99,59
7786127.0,96,65
7786144.0,106,59
7786147.0,107,61
7786162.0,107,58
7786163.0,96,69
7786170.0,103,58
7786179.0,109,79
7786197.0,99,60
7786204.0,105,57
7786219.0,96,66
7786252.0,104,57
7786257.0,101,75
7786287.0,97,61
7786322.0,104,59
7786323.0,101,65
7786323.0,102,59
7786327.0,103,75
7786329.0,103,65
7786337.0,108,65
7786354.0,95,76
7786387.0,104,60
7786388.0,103,59
7786398.0,103,60
7786415.0,105,61
7786421.0,97,65
7786432.0,100,58
7786450.0,96,64
7786455.0,105,66
7786492.0,104,58
7786493.0,101,60
7786508.0,108,57
7786525.0,107,63
7786533.0,106,59
7786540.0,110,62
7786558.0,97,62
7786558.0,104,59
7786563.0,100,77
7786579.0,103,60
7786582.0,98,59
7786583.0,96,68
7786628.0,104,75
7786636.0,107,59
7786646.0,99,57
7786708.0,89,90
7786739.0,95,74
7786780.0,99,62
7786793.0,109,60
7786816.0,102,76
7786818.0,104,63
7786818.0,105,68
7786820.0,86,79
7786833.0,105,57
7786853.0,101,75
7786860.0,92,81
7786866.0,100,75
7786873.0,101,58
7786895.0,105,67
7786898.0,104,68
7786919.0,100,60
7786921.0,109,79
7786969.0,104,75
7786989.0,107,65
7786996.0,102,59
7787028.0,106,59
7787028.0,108,61
7787043.0,101,60
7787046.0,97,61
7787054.0,106,63
7787078.0,103,60
7787081.0,102,63
7787082.0,106,58
7787093.0,89,79
7787185.0,105,62
7787212.0,96,65
7787217.0,96,64
7787236.0,102,70
7787238.0,102,60
7787243.0,107,57
7787270.0,103,60
7787276.0,101,58
7787301.0,100,76
7787312.0,105,57
7787315.0,109,60
7787320.0,96,63
7787321.0,93,84
7787326.0,106,65
7787337.0,104,68
7787356.0,102,63
7787357.0,98,59
7787374.0,103,75
7787402.0,93,86
7787421.0,109,62
7787427.0,96,66
7787445.0,106,56
7787449.0,106,59
7787461.0,97,60
7787477.0,100,59
7787498.0,100,61
7787531.0,95,72
7787535.0,99,57
7787567.0,104,56
7787570.0,107,57
7787579.0,93,75
7787581.0,97,61
7787605.0,109,79
7787612.0,85,86
7787613.0,101,60
7787626.0,93,86
7787692.0,92,87
7787747.0,101,78
7787772.0,100,58
7787860.0,101,58
7787871.0,104,68
7787876.0,106,66
7787894.0,103,75
7787940.0,89,89
7787976.0,95,75
7787988.0,95,76
7788009.0,96,64
7788023.0,106,57
7788038.0,108,62
7788055.0,108,60
7788076.0,98,58
7788109.0,103,60
7788111.0,94,75
7788132.0,106,67
7788138.0,104,69
7788161.0,92,87
7788165.0,107,57
7788184.0,95,71
7788223.0,108,59
7788279.0,108,63
7788280.0,104,57
7788287.0,101,58
7788323.0,108,67
7788328.0,100,60
7788331.0,108,61
7788351.0,101,75
7788359.0,94,75
7788362.0,108,64
7788383.0,103,57
7788400.0,103,59
7788416.0,104,56
7788423.0,104,60
7788474.0,98,62
7788490.0,84,89
7788492.0,101,76
7788509.0,103,75
7788511.0,107,57
7788518.0,95,77
7788539.0,104,68
7788606.0,106,67
7788615.0,96,63
7788682.0,108,63
7788685.0,105,59
7788693.0,105,64
7788705.0,104,62
7788706.0,102,75
7788709.0,102,58
7788732.0,96,64
7788736.0,100,59
7788737.0,101,58
7788764.0,100,62
7788802.0,98,58
7788805.0,93,76
7788822.0,103,75
7788835.0,101,75
7788835.0,101,71
7788841.0,99,77
7788911.0,103,62
7788934.0,100,58
7788948.0,103,64
7789024.0,106,56
7789025.0,109,62
7789037.0,103,57
7789042.0,94,74
7789050.0,99,62
7789060.0,108,68
7789063.0,105,57
7789078.0,101,76
7789089.0,97,61
7789124.0,84,85
7789150.0,101,58
7789153.0,103,68
7789154.0,83,86
7789195.0,105,67
7789203.0,108,67
7789246.0,105,65
7789273.0,107,57
7789275.0,99,58
7789286.0,107,58
7789346.0,101,72
7789383.0,101,74
7789409.0,102,75
7789418.0,97,60
7789455.0,106,67
7789466.0,98,58
7789476.0,105,67
7789500.0,100,60
7789534.0,102,58
7789558.0,101,58
7789638.0,87,93
7789694.0,101,59
7789708.0,103,57
7789711.0,103,70
7789720.0,96,63
7789814.0,106,63
7789833.0,103,58
7789859.0,101,74
7789890.0,101,72
7789892.0,107,58
7789919.0,102,63
7789965.0,104,61
7790037.0,108,59
7790057.0,107,56
7790105.0,104,69
7790116.0,98,57
7790121.0,98,60
7790138.0,53,75
7790142.0,104,64
7790151.0,107,59
7790166.0,107,65
7790181.0,105,67
7790203.0,108,66
7790232.0,103,60
7790262.0,101,58
7790288.0,107,64
7790315.0,107,66
7790325.0,87,92
7790341.0,104,57
7790363.0,102,72
7790377.0,95,69
7790385.0,104,67
7790394.0,99,59
7790399.0,104,69
7790415.0,102,71
7790419.0,98,60
7790463.0,101,59
7790508.0,95,74
7790531.0,75,69
7790531.0,96,62
7790548.0,91,79
7790550.0,99,61
7790583.0,89,79
7790588.0,99,62
7790589.0,102,58
7790612.0,103,69
7790623.0,53,75
7790627.0,101,72
7790649.0,104,58
7790657.0,102,61
7790666.0,105,55
7790673.0,107,57
7790680.0,102,75
7790690.0,99,63
7790694.0,100,73
7790748.0,90,79
7790756.0,102,69
7790759.0,98,57
7790824.0,107,64
7790860.0,106,64
7790871.0,97,60
7790904.0,104,68
7790914.0,104,60
7790916.0,106,57
7790922.0,97,59
7790930.0,100,66
7790970.0,103,56
7790984.0,107,63
7790987.0,99,72
7790991.0,101,70
7791055.0,102,64
7791073.0,101,74
7791084.0,106,65
7791088.0,104,55
7791106.0,91,82
7791112.0,101,59
7791216.0,107,56
7791227.0,99,57
7791244.0,101,72
7791261.0,105,66
7791275.0,98,57
7791284.0,102,65
7791313.0,103,57
7791325.0,107,58
7791345.0,106,57
7791394.0,87,92
7791398.0,100,60
7791408.0,108,63
7791452.0,105,64
7791520.0,105,57
7791561.0,99,72
7791647.0,102,59
7791724.0,100,67
7791737.0,99,61
7791743.0,104,55
7791757.0,102,57
7791852.0,105,57
7791866.0,102,72
7791886.0,104,62
7791934.0,88,78
7791938.0,108,61
7791952.0,96,61
7791962.0,98,57
7791975.0,96,73
7792001.0,89,78
7792027.0,107,64
7792041.0,106,58
7792051.0,98,60
7792059.0,101,72
7792083.0,106,66
7792109.0,102,58
7792144.0,96,71
7792202.0,100,60
7792202.0,105,58
7792206.0,105,65
7792227.0,105,60
7792274.0,108,71
7792291.0,105,67
7792323.0,99,72
7792331.0,107,60
7792340.0,98,60
7792342.0,103,64
7792349.0,105,62
7792369.0,103,61
7792380.0,99,61
7792381.0,101,72
7792401.0,97,58
7792421.0,95,89
7792422.0,92,82
7792427.0,104,55
7792447.0,103,70
7792486.0,105,58
7792493.0,99,57
7792494.0,102,57
7792529.0,99,58
7792542.0,103,57
7792581.0,107,70
7792624.0,95,67
7792727.0,101,58
7792731.0,99,60
7792746.0,105,67
7792771.0,96,61
7792824.0,105,57
7792860.0,95,70
7792917.0,88,79
7792934.0,106,58
7792951.0,94,89
7792981.0,97,59
7792991.0,102,74
7792993.0,102,59
7793001.0,103,56
7793003.0,102,60
7793043.0,102,57
7793079.0,108,62
7793081.0,98,60
7793089.0,104,68
7793105.0,99,60
7793127.0,102,72
7793185.0,104,67
7793187.0,94,79
7793230.0,104,55
7793233.0,99,67
7793237.0,94,77
7793253.0,96,74
7793255.0,108,58
7793277.0,101,80
7793288.0,95,79
7793296.0,101,76
7793298.0,106,57
7793321.0,55,68
7793396.0,103,63
7793401.0,102,61
7793404.0,95,63
7793417.0,101,58
7793423.0,102,59
7793436.0,108,61
7793473.0,89,92
7793509.0,103,56
7793513.0,97,58
7793525.0,95,89
7793532.0,97,57
7793534.0,105,67
7793538.0,103,68
7793541.0,100,71
7793543.0,98,60
7793544.0,104,63
7793562.0,96,74
7793578.0,95,65
7793583.0,99,58
7793595.0,106,57
7793622.0,96,61
7793641.0,99,72
7793651.0,95,66
7793668.0,99,59
7793791.0,103,59
7793794.0,93,80
7793821.0,103,62
7793832.0,106,56
7793846.0,96,60
7793916.0,107,58
7793917.0,95,67
7793932.0,96,66
7793939.0,101,58
7793951.0,109,61
7793958.0,103,55
7793979.0,103,56
7794033.0,95,64
7794036.0,107,59
7794040.0,102,79
7794046.0,105,55
7794120.0,55,68
7794165.0,100,72
7794170.0,104,58
7794178.0,97,58
7794179.0,105,67
7794197.0,91,79
7794220.0,105,66
7794225.0,94,76
7794255.0,87,81
7794272.0,100,59
7794315.0,95,68
7794394.0,93,75
7794419.0,107,60
7794430.0,97,62
7794452.0,109,61
7794465.0,99,72
7794466.0,96,62
7794480.0,95,89
7794480.0,108,61
7794504.0,106,64
7794533.0,97,60
7794592.0,106,65
7794627.0,97,57
7794629.0,101,69
7794643.0,108,58
7794668.0,102,56
7794703.0,94,76
7794711.0,105,55
7794714.0,95,69
7794742.0,105,56
7794747.0,96,61
7794754.0,106,57
7794768.0,95,64
7794779.0,95,65
7794802.0,96,60
7794805.0,101,69
7794812.0,100,59
7794821.0,105,64
7794829.0,103,55
7794838.0,103,60
7794839.0,95,70
7794853.0,100,72
7794861.0,102,73
7794890.0,108,61
7794905.0,105,67
7794915.0,106,65
7794933.0,103,58
7794955.0,107,58
7794992.0,97,58
7795033.0,109,61
7795092.0,95,67
7795093.0,107,60
7795120.0,103,60
7795127.0,105,55
7795133.0,103,55
7795136.0,95,66
7795138.0,96,59
7795143.0,101,75
7795206.0,97,57
7795214.0,101,61
7795311.0,73,121
7795353.0,102,60
7795357.0,105,67
7795372.0,100,59
7795383.0,109,61
7795409.0,99,60
7795412.0,106,56
7795432.0,101,73
7795442.0,99,58
7795451.0,103,69
7795512.0,107,59
7795514.0,96,60
7795530.0,95,63
7795545.0,108,61
7795560.0,86,75
7795600.0,104,66
7795624.0,101,57
7795634.0,99,71
7795662.0,107,60
7795673.0,101,59
7795675.0,103,57
7795693.0,105,65
7795709.0,97,57
7795716.0,95,65
7795730.0,98,57
7795755.0,103,67
7795796.0,96,70
7795846.0,103,55
7795857.0,102,61
7795900.0,94,75
7795907.0,102,59
7795908.0,107,59
7795914.0,102,56
7795919.0,105,63
7795919.0,101,73
7795934.0,103,56
7795936.0,105,55
7796027.0,103,60
7796029.0,99,59
7796061.0,101,74
7796070.0,103,57
7796093.0,92,85
7796115.0,87,77
7796118.0,99,60
7796212.0,96,59
7796256.0,97,57
7796301.0,95,69
7796363.0,102,59
7796390.0,107,58
7796393.0,103,56
7796456.0,107,63
7796483.0,95,63
7796520.0,102,70
7796548.0,99,59
7796551.0,101,57
7796565.0,95,64
7796612.0,101,58
7796618.0,91,84
7796690.0,98,57
7796697.0,105,67
7796712.0,106,57
7796722.0,102,68
7796727.0,100,58
7796771.0,89,82
7796785.0,101,60
7796796.0,106,56
7796820.0,107,58
7796835.0,103,69
7796855.0,100,70
7796878.0,106,65
7796879.0,82,71
7796887.0,107,59
7796895.0,101,71
7796898.0,102,69
7796921.0,102,57
7796958.0,102,58
7797098.0,105,67
7797114.0,97,57
7797148.0,107,61
7797156.0,103,56
7797159.0,95,75
7797165.0,93,74
7797173.0,91,84
7797202.0,95,62
7797249.0,96,59
7797275.0,103,57
7797304.0,101,70
7797330.0,89,83
7797338.0,104,55
7797411.0,106,56
7797418.0,103,56
7797458.0,98,61
7797492.0,101,69
7797577.0,55,69
7797583.0,101,73
7797596.0,99,72
7797608.0,104,67
7797612.0,100,58
7797615.0,102,55
7797626.0,100,75
7797662.0,91,84
7797663.0,93,75
7797688.0,103,67
7797691.0,95,62
7797770.0,88,78
7797801.0,92,83
7797807.0,101,64
7797810.0,98,60
7797829.0,98,62
7797860.0,90,84
7797909.0,105,56
7797958.0,101,69
7797967.0,98,57
7797983.0,96,58
7797988.0,87,79
7798003.0,105,67
7798039.0,102,64
7798059.0,101,73
7798080.0,96,75
7798101.0,96,57
7798115.0,105,57
7798127.0,91,84
7798142.0,100,58
7798157.0,102,59
7798174.0,102,72
7798177.0,90,84
7798180.0,99,57
7798190.0,101,58
7798196.0,104,67
7798222.0,106,57
7798223.0,92,79
7798253.0,95,61
7798263.0,103,63
7798286.0,86,85
7798321.0,97,63
7798345.0,96,63
7798376.0,106,64
7798377.0,102,55
7798381.0,98,58
7798388.0,95,62
7798393.0,91,79
7798394.0,105,58
7798402.0,104,66
7798445.0,61,57
7798450.0,101,56
7798451.0,101,69
7798497.0,101,74
7798533.0,76,69
7798541.0,105,63
7798554.0,99,57
7798560.0,101,58
7798573.0,98,59
7798645.0,107,62
7798645.0,105,62
7798670.0,104,55
7798680.0,84,85
7798735.0,99,85
7798779.0,101,69
7798788.0,105,67
7798803.0,96,58
7798851.0,104,65
7798870.0,99,59
7798929.0,106,56
7798930.0,91,84
7798994.0,105,57
7799088.0,102,55
7799143.0,101,75
7799156.0,104,56
7799163.0,106,56
7799241.0,104,67
7799243.0,103,59
7799304.0,84,85
7799331.0,101,58
7799342.0,104,63
7799368.0,98,58
7799370.0,106,60
7799374.0,96,57
7799377.0,97,59
7799390.0,105,67
7799390.0,105,57
7799412.0,102,67
7799418.0,101,68
7799419.0,102,58
7799434.0,96,58
7799450.0,90,79
7799454.0,103,66
7799472.0,102,74
7799492.0,99,85
7799502.0,99,60
7799509.0,95,60
7799526.0,99,59
7799539.0,106,59
7799541.0,103,58
7799547.0,101,58
7799556.0,103,67
7799561.0,94,76
7799568.0,96,80
7799593.0,96,74
7799622.0,99,62
7799654.0,104,64
7799677.0,101,59
7799700.0,100,64
7799701.0,98,59
7799707.0,87,85
7799791.0,105,64
7799823.0,103,67
7799856.0,100,57
7799884.0,84,85
7799888.0,96,57
7799917.0,105,55
7799918.0,95,63
7799925.0,105,65
7799934.0,101,76
7799950.0,106,58
7799952.0,106,60
7800013.0,105,57
7800034.0,101,56
7800041.0,101,71
7800046.0,99,57
7800085.0,105,66
7800089.0,99,85
7800125.0,103,58
7800135.0,100,59
7800187.0,99,67
7800207.0,99,59
7800271.0,106,57
7800309.0,98,60
7800356.0,105,56
7800358.0,105,66
7800361.0,101,69
7800374.0,98,62
7800391.0,103,56
7800392.0,96,57
7800400.0,101,58
7800403.0,99,63
7800419.0,105,65
7800485.0,102,60
7800583.0,100,57
7800591.0,106,57
7800613.0,105,67
7800638.0,90,85
7800727.0,95,61
7800732.0,101,58
7800754.0,103,57
7800763.0,101,61
7800828.0,103,58
7800840.0,94,74
7800861.0,101,79
7800869.0,98,61
7800899.0,102,59
7800905.0,103,68
7800914.0,89,80
7800993.0,105,55
7801001.0,97,57
7801012.0,103,67
7801032.0,99,65
7801038.0,95,60
7801046.0,103,57
7801057.0,104,66
7801077.0,98,68
7801116.0,102,62
7801170.0,99,58
7801177.0,90,86
7801202.0,85,87
7801203.0,94,89
7801225.0,96,57
7801285.0,98,60
7801299.0,104,66
7801305.0,101,55
7801307.0,93,88
7801308.0,101,57
7801310.0,105,66
7801321.0,94,66
7801364.0,90,85
7801424.0,94,74
7801537.0,95,88
7801544.0,105,67
7801560.0,55,65
7801574.0,95,59
7801579.0,106,58
7801616.0,106,57
7801617.0,102,56
7801631.0,94,64
7801638.0,93,88
7801647.0,97,57
7801672.0,106,63
7801756.0,94,67
7801781.0,97,70
7801837.0,102,57
7801851.0,106,57
7801861.0,105,58
7801885.0,94,89
7801890.0,100,81
7801935.0,94,63
7801970.0,101,55
7801984.0,84,88
7801996.0,104,65
7802002.0,85,87
7802037.0,97,72
7802063.0,99,58
7802090.0,94,65
7802148.0,101,56
7802159.0,97,70
7802175.0,106,59
7802190.0,103,56
7802227.0,100,58
7802254.0,107,62
7802272.0,96,73
7802276.0,103,59
7802316.0,104,64
7802381.0,98,67
7802382.0,84,79
7802399.0,101,59
7802429.0,107,60
7802437.0,104,66
7802469.0,103,57
7802482.0,87,86
7802484.0,94,62
7802520.0,95,59
7802556.0,94,71
7802573.0,84,86
7802582.0,107,62
7802640.0,108,62
7802642.0,107,61
7802656.0,79,70
7802672.0,101,74
7802695.0,102,54
7802703.0,102,69
7802744.0,93,88
7802747.0,94,63
7802760.0,99,64
7802793.0,107,59
7802805.0,97,61
7802825.0,104,60
7802836.0,94,66
7802842.0,94,64
7802844.0,85,87
7802856.0,97,60
7802856.0,105,61
7802868.0,83,85
7802869.0,101,55
7802924.0,95,89
7802938.0,100,56
7802945.0,102,61
7802996.0,108,65
7803002.0,95,88
7803002.0,78,69
7803021.0,93,88
7803024.0,97,57
7803041.0,106,60
7803043.0,86,86
7803047.0,95,70
7803132.0,95,60
7803207.0,103,54
7803218.0,102,54
7803250.0,95,58
7803257.0,105,67
7803257.0,95,89
7803263.0,84,86
7803267.0,103,62
7803290.0,106,59
7803293.0,97,62
7803310.0,85,87
7803340.0,95,88
7803361.0,105,65
7803376.0,98,59
7803393.0,99,57
7803405.0,103,67
7803422.0,103,55
7803437.0,102,63
7803460.0,103,58
7803497.0,94,62
7803525.0,100,60
7803545.0,97,58
7803570.0,101,64
7803595.0,109,65
7803602.0,100,65
7803618.0,100,56
7803623.0,94,70
7803663.0,99,59
7803682.0,105,64
7803686.0,94,67
7803702.0,94,64
7803737.0,103,62
7803742.0,95,57
7803743.0,87,76
7803754.0,104,55
7803771.0,107,60
7803781.0,78,69
7803788.0,104,62
7803789.0,94,74
7803793.0,97,61
7803805.0,95,70
7803809.0,105,67
7803815.0,94,75
7803837.0,104,54
7803873.0,94,65
7803963.0,102,56
7803979.0,105,55
7803981.0,96,59
7804029.0,104,57
7804035.0,105,60
7804045.0,99,59
7804061.0,100,57
7804064.0,107,60
7804087.0,95,71
7804091.0,80,70
7804114.0,101,54
7804152.0,98,62
7804152.0,97,57
7804175.0,98,59
7804187.0,95,58
7804200.0,82,84
7804247.0,104,65
7804267.0,94,63
7804284.0,85,88
7804287.0,105,60
7804304.0,88,105
7804312.0,99,57
7804326.0,102,55
7804330.0,97,59
7804356.0,103,54
7804360.0,106,62
7804361.0,83,85
7804374.0,101,58
7804390.0,105,55
7804422.0,101,82
7804476.0,100,57
7804588.0,104,56
7804592.0,95,88
7804662.0,89,78
7804673.0,94,74
7804680.0,100,58
7804718.0,107,60
7804730.0,102,58
7804751.0,95,57
7804762.0,102,67
7804780.0,103,66
7804843.0,94,61
7804859.0,84,86
7804890.0,105,56
7804903.0,101,54
7804924.0,85,88
7804928.0,87,85
7804930.0,95,58
7804948.0,104,56
7804949.0,101,60
7804952.0,101,82
7804953.0,95,88
7804956.0,102,67
7804987.0,102,61
7804997.0,91,79
7805087.0,97,58
7805095.0,107,60
7805123.0,102,57
7805129.0,89,105
7805148.0,98,59
7805166.0,99,57
7805170.0,83,85
7805189.0,101,56
7805200.0,94,62
7805201.0,100,55
7805237.0,95,73
7805293.0,102,60
7805375.0,103,54
7805380.0,92,82
7805405.0,102,58
7805431.0,83,78
7805439.0,104,55
7805439.0,85,85
7805455.0,105,63
7805460.0,93,73
7805469.0,100,59
7805475.0,94,71
7805486.0,105,56
7805489.0,95,70
7805492.0,105,62
7805531.0,88,105
7805540.0,97,60
7805595.0,101,82
7805626.0,98,58
7805635.0,84,86
7805698.0,100,70
7805702.0,101,54
7805709.0,83,78
7805711.0,104,56
7805736.0,83,85
7805747.0,97,63
7805752.0,85,85
7805759.0,104,65
7805810.0,89,105
7805825.0,97,59
7805826.0,102,68
7805832.0,92,82
7805839.0,101,82
7805844.0,101,62
7805895.0,105,62
7805895.0,93,75
7805899.0,95,73
7805916.0,94,70
7805931.0,95,57
7805948.0,103,67
7805952.0,94,61
7805962.0,100,55
7805971.0,100,71
7806000.0,86,75
7806002.0,101,61
7806009.0,94,59
7806031.0,99,56
7806105.0,94,60
7806118.0,99,59
7806126.0,101,57
7806137.0,85,84
7806183.0,97,60
7806183.0,106,61
7806199.0,85,89
7806236.0,101,71
7806244.0,101,55
7806257.0,104,60
7806257.0,88,105
7806266.0,101,59
7806289.0,98,58
7806318.0,83,78
7806327.0,104,56
7806364.0,105,57
7806387.0,84,86
7806391.0,106,56
7806453.0,94,69
7806492.0,83,85
7806521.0,96,57
7806539.0,107,60
7806585.0,102,69
7806588.0,104,55
7806603.0,100,70
7806607.0,104,65
7806612.0,103,55
7806648.0,100,71
7806668.0,83,78
7806681.0,105,58
7806686.0,106,60
7806695.0,105,59
7806733.0,100,56
7806735.0,85,89
7806737.0,96,58
7806741.0,104,56
7806766.0,35,106
7806780.0,84,89
7806794.0,98,58
7806799.0,100,59
7806802.0,100,57
7806818.0,91,81
7806831.0,102,57
7806841.0,85,85
7806893.0,105,62
7806920.0,99,57
7806943.0,105,63
7806950.0,102,54
7806969.0,99,56
7806997.0,95,63
7807052.0,83,85
7807058.0,103,57
7807066.0,97,61
7807071.0,92,82
7807119.0,94,60
7807125.0,83,78
7807129.0,102,60
7807165.0,94,59
7807213.0,98,62
7807240.0,35,105
7807244.0,103,65
7807273.0,95,74
7807280.0,88,105
7807285.0,96,62
7807287.0,102,57
7807291.0,99,58
7807297.0,103,57
7807336.0,104,64
7807337.0,106,62
7807345.0,101,77
7807381.0,106,59
7807404.0,105,57
7807406.0,101,81
7807437.0,95,57
7807466.0,101,67
7807474.0,85,85
7807474.0,104,56
7807509.0,94,68
7807527.0,94,61
7807537.0,88,105
7807568.0,102,54
7807626.0,105,58
7807628.0,86,84
7807648.0,100,54
7807650.0,101,56
7807660.0,100,71
7807669.0,105,63
7807676.0,96,57
7807693.0,94,63
7807752.0,101,68
7807778.0,100,76
7807784.0,105,59
7807785.0,92,82
7807813.0,99,69
7807898.0,100,68
7807907.0,100,74
7807921.0,101,58
7807922.0,102,66
7807999.0,99,56
7808034.0,101,71
7808036.0,98,57
7808039.0,97,59
7808050.0,100,54
7808058.0,90,82
7808072.0,103,63
7808073.0,104,61
7808110.0,84,86
7808118.0,94,58
7808126.0,107,60
7808135.0,93,64
7808142.0,103,66
7808154.0,103,56
7808213.0,91,87
7808235.0,101,76
7808242.0,84,90
7808252.0,103,64
7808286.0,85,81
7808291.0,100,68
7808317.0,104,63
7808320.0,94,59
7808322.0,106,62
7808339.0,82,86
7808340.0,102,54
7808362.0,101,58
7808410.0,94,57
7808469.0,105,57
7808483.0,85,82
7808490.0,88,77
7808506.0,100,58
7808526.0,100,76
7808557.0,106,59
7808559.0,103,57
7808561.0,104,62
7808582.0,101,75
7808612.0,96,58
7808644.0,98,59
7808720.0,106,60
7808745.0,105,63
7808748.0,100,73
7808754.0,106,63
7808765.0,90,79
7808767.0,96,60
7808769.0,93,63
7808771.0,105,61
7808797.0,98,57
7808849.0,103,62
7808862.0,106,58
7808876.0,93,86
7808923.0,100,77
7808938.0,105,57
7808988.0,106,62
7809022.0,90,78
7809027.0,106,57
7809040.0,106,61
7809044.0,102,56
7809086.0,101,58
7809099.0,102,77
7809131.0,95,58
7809148.0,85,82
7809162.0,94,58
7809174.0,105,61
7809228.0,105,63
7809259.0,96,57
7809272.0,106,57
7809281.0,107,58
7809282.0,98,56
7809288.0,98,57
7809290.0,106,63
7809407.0,87,76
7809426.0,94,57
7809476.0,106,62
7809482.0,99,55
7809590.0,97,59
7809612.0,103,56
7809614.0,106,59
7809623.0,101,58
7809641.0,104,57
7809661.0,107,58
7809753.0,93,62
7809759.0,105,57
7809766.0,99,59
7809828.0,103,54
7809834.0,102,67
7809852.0,100,56
7809886.0,100,60
7809886.0,96,58
7809902.0,105,58
7809904.0,96,59
7809913.0,94,58
7809918.0,93,65
7809924.0,97,59
7809947.0,102,66
7809966.0,101,55
7809966.0,106,59
7809991.0,101,69
7810014.0,100,55
7810016.0,97,58
7810033.0,101,58
7810043.0,99,59
7810058.0,105,57
7810067.0,103,55
7810076.0,104,59
7810083.0,96,89
7810097.0,100,67
7810136.0,89,78
7810209.0,99,58
7810214.0,99,61
7810215.0,104,64
7810227.0,96,58
7810228.0,93,63
7810256.0,97,59
7810260.0,102,68
7810282.0,94,57
7810283.0,102,55
7810293.0,101,58
7810297.0,96,61
7810305.0,90,90
7810326.0,99,57
7810357.0,96,60
7810368.0,92,74
7810436.0,91,89
7810447.0,105,60
7810461.0,90,80
7810492.0,106,57
7810549.0,103,56
7810561.0,92,76
7810565.0,105,62
7810568.0,99,55
7810591.0,93,62
7810600.0,97,68
7810656.0,94,89
7810667.0,104,56
7810693.0,105,58
7810698.0,103,65
7810723.0,99,56
7810724.0,98,56
7810745.0,100,57
7810747.0,97,58
7810783.0,99,60
7810808.0,81,87
7810843.0,93,61
7810880.0,73,77
7810923.0,106,57
7810967.0,100,76
7810998.0,101,57
7811028.0,103,54
7811100.0,102,56
7811101.0,93,64
7811118.0,104,56
7811152.0,82,87
7811189.0,101,73
7811195.0,93,88
7811213.0,105,58
7811221.0,82,88
7811231.0,99,54
7811241.0,98,56
7811344.0,93,66
7811349.0,100,68
7811382.0,93,65
7811393.0,103,54
7811402.0,91,89
7811456.0,96,58
7811477.0,104,56
7811477.0,93,56
7811479.0,106,59
7811493.0,93,62
7811495.0,97,58
7811561.0,101,66
7811589.0,98,57
7811597.0,100,72
7811605.0,105,59
7811613.0,104,59
7811621.0,101,69
7811625.0,101,70
7811637.0,81,87
7811640.0,99,55
7811656.0,95,57
7811666.0,97,70
7811677.0,94,89
7811683.0,95,59
7811701.0,101,72
7811709.0,96,60
7811732.0,104,56
7811741.0,93,88
7811761.0,91,89
7811767.0,93,63
7811769.0,100,56
7811786.0,105,61
7811805.0,103,64
7811814.0,101,54
7811865.0,85,85
7811915.0,102,57
7811926.0,98,57
7811954.0,97,57
7812007.0,102,67
7812009.0,104,58
7812026.0,99,71
7812033.0,99,72
7812114.0,99,54
7812120.0,94,58
7812133.0,103,55
7812158.0,91,89
7812196.0,101,72
7812208.0,97,58
7812273.0,101,71
7812280.0,101,75
7812294.0,93,88
7812319.0,87,81
7812332.0,98,56
7812337.0,102,57
7812342.0,95,59
7812347.0,98,55
7812373.0,93,60
7812384.0,97,62
7812391.0,98,58
7812397.0,99,75
7812428.0,90,81
7812430.0,104,57
7812440.0,102,65
7812449.0,95,57
7812468.0,93,66
7812493.0,101,67
7812518.0,94,57
7812593.0,100,72
7812593.0,93,67
7812636.0,104,58
7812640.0,82,89
7812642.0,87,76
7812644.0,101,75
7812662.0,103,54
7812666.0,98,57
7812695.0,104,56
7812697.0,99,54
7812730.0,101,56
7812750.0,94,62
7812797.0,93,59
7812809.0,99,75
7812846.0,87,79
7812910.0,101,74
7812914.0,83,89
7812930.0,104,63
7812933.0,81,87
7812948.0,101,72
7812951.0,93,61
7812980.0,93,88
7812984.0,97,57
7813017.0,97,59
7813040.0,100,80
7813081.0,88,93
7813117.0,91,78
7813184.0,95,64
7813202.0,89,78
7813213.0,82,89
7813227.0,93,60
7813235.0,103,55
7813241.0,96,59
7813248.0,95,65
7813347.0,96,91
7813399.0,100,58
7813403.0,103,64
7813429.0,104,58
7813497.0,99,74
7813499.0,101,55
7813512.0,100,70
7813527.0,101,74
7813538.0,90,78
7813576.0,97,57
7813686.0,96,63
7813717.0,93,57
7813732.0,101,72
7813747.0,98,55
7813747.0,99,58
7813757.0,88,93
7813758.0,93,58
7813758.0,96,61
7813792.0,101,58
7813823.0,75,101
7813829.0,99,55
7813870.0,93,59
7813898.0,93,74
7813910.0,96,72
7813923.0,92,78
7813924.0,96,91
7813925.0,92,74
7813949.0,96,59
7813966.0,93,61
7813968.0,98,72
7813969.0,104,58
7814003.0,95,57
7814027.0,93,65
7814082.0,97,57
7814114.0,104,62
7814155.0,93,72
7814170.0,103,55
7814186.0,101,59
7814188.0,93,67
7814196.0,101,72
7814197.0,96,72
7814226.0,93,62
7814255.0,95,60
7814282.0,96,59
7814326.0,95,58
7814340.0,95,57
7814383.0,97,56
7814387.0,105,60
7814393.0,102,66
7814445.0,102,76
7814446.0,93,57
7814478.0,100,55
7814586.0,102,56
7814601.0,101,58
7814611.0,102,54
7814630.0,103,55
7814680.0,105,61
7814706.0,98,59
7814731.0,99,57
7814779.0,95,59
7814787.0,100,57
7814787.0,101,66
7814796.0,101,53
7814841.0,93,63
7814853.0,94,63
7814876.0,99,56
7814966.0,93,58
7815004.0,105,58
7815077.0,105,59
7815107.0,102,63
7815124.0,93,57
7815144.0,99,60
7815147.0,98,56
7815228.0,104,61
7815235.0,104,57
7815240.0,97,56
7815263.0,103,63
7815294.0,91,86
7815313.0,98,58
7815330.0,103,62
7815336.0,100,74
7815338.0,96,58
7815368.0,98,54
7815380.0,95,62
7815397.0,92,62
7815411.0,97,58
7815421.0,102,63
7815488.0,95,58
7815519.0,100,75
7815536.0,95,57
7815554.0,103,65
7815590.0,100,71
7815591.0,93,58
7815602.0,99,56
7815607.0,87,118
7815800.0,96,58
7815833.0,95,57
7815839.0,103,65
7815862.0,102,65
7815874.0,95,60
7815881.0,103,63
7815921.0,97,56
7815946.0,94,64
7815964.0,102,64
7815977.0,95,58
7816025.0,100,68
7816029.0,92,63
7816125.0,100,79
7816132.0,102,63
7816140.0,93,57
7816150.0,88,77
7816179.0,102,54
7816246.0,100,80
7816264.0,102,63
7816271.0,99,53
7816346.0,99,75
7816351.0,91,81
7816356.0,100,69
7816394.0,105,58
7816471.0,98,54
7816482.0,96,58
7816557.0,97,57
7816583.0,100,68
7816588.0,96,57
7816590.0,103,58
7816599.0,94,57
7816605.0,105,59
7816664.0,83,82
7816707.0,100,77
7816722.0,83,81
7816728.0,102,61
7816757.0,99,75
7816760.0,100,76
7816769.0,100,70
7816785.0,102,54
7816787.0,100,55
7816830.0,100,79
7816868.0,96,62
7816893.0,98,60
7816910.0,105,58
7816920.0,100,74
7816934.0,98,59
7816951.0,103,57
7816961.0,95,62
7817005.0,92,62
7817011.0,95,74
7817027.0,99,74
7817029.0,87,76
7817069.0,95,57
7817084.0,103,63
7817088.0,100,54
7817095.0,96,62
7817102.0,95,75
7817115.0,90,78
7817163.0,92,63
7817204.0,95,61
7817231.0,101,53
7817250.0,63,63
7817251.0,99,58
7817278.0,100,79
7817314.0,95,58
7817336.0,91,80
7817375.0,97,55
7817387.0,103,57
7817401.0,100,53
7817448.0,96,57
7817465.0,95,57
7817516.0,99,74
7817519.0,99,68
7817525.0,104,62
7817536.0,92,64
7817540.0,93,64
7817596.0,103,63
7817609.0,105,58
7817628.0,96,62
7817671.0,90,87
7817683.0,99,75
7817697.0,100,75
7817710.0,96,66
7817721.0,93,76
7817767.0,94,57
7817776.0,92,61
7817838.0,95,58
7817866.0,103,58
7817921.0,103,57
7817991.0,92,59
7818093.0,103,63
7818096.0,92,75
7818110.0,102,55
7818132.0,105,58
7818136.0,98,53
7818146.0,92,65
7818178.0,96,57
7818197.0,99,74
7818217.0,100,53
7818227.0,103,57
7818234.0,93,69
7818262.0,101,65
7818272.0,99,75
7818323.0,93,76
7818331.0,92,63
7818339.0,102,66
7818404.0,92,64
7818435.0,101,68
7818440.0,101,75
7818484.0,93,74
7818493.0,93,77
7818496.0,90,88
7818518.0,89,78
7818526.0,103,56
7818545.0,97,57
7818579.0,102,65
7818602.0,100,58
7818633.0,92,60
7818673.0,93,70
7818680.0,100,76
7818685.0,101,53
7818732.0,96,56
7818741.0,100,74
7818763.0,103,63
7818824.0,93,74
7818828.0,92,59
7818840.0,92,62
7818864.0,100,53
7818875.0,104,61
7818878.0,100,78
7818890.0,101,55
7818913.0,102,66
7818933.0,102,54
7818944.0,91,78
7818951.0,103,62
7818962.0,99,57
7819019.0,101,56
7819042.0,101,54
7819043.0,103,58
7819053.0,93,76
7819067.0,98,55
7819141.0,100,73
7819163.0,97,67
7819179.0,103,63
7819233.0,93,76
7819241.0,101,67
7819273.0,92,58
7819314.0,95,59
7819329.0,99,55
7819332.0,102,63
7819361.0,104,60
7819390.0,97,54
7819393.0,94,58
7819427.0,98,56
7819444.0,104,59
7819487.0,99,59
7819501.0,96,59
7819517.0,98,53
7819543.0,102,64
7819546.0,103,63
7819560.0,94,57
7819566.0,96,56
7819574.0,92,73
7819580.0,92,66
7819619.0,92,57
7819642.0,92,61
7819652.0,100,66
7819669.0,92,65
7819672.0,103,61
7819687.0,97,59
7819702.0,98,58
7819704.0,92,59
7819706.0,102,63
7819721.0,96,59
7819807.0,99,59
7819815.0,93,58
7819847.0,103,56
7819853.0,90,78
7819872.0,99,53
7819918.0,109,65
7819928.0,97,56
7819952.0,92,64
7820024.0,96,56
7820028.0,102,60
7820039.0,105,58
7820076.0,102,59
7820100.0,101,55
7820101.0,92,57
7820121.0,93,69
7820164.0,103,60
7820165.0,103,56
7820174.0,93,71
7820233.0,101,54
7820273.0,92,58
7820294.0,105,58
7820299.0,53,117
7820397.0,97,58
7820413.0,103,61
7820444.0,94,58
7820470.0,99,76
7820482.0,99,69
7820550.0,95,61
7820580.0,95,58
7820622.0,98,57
7820687.0,97,55
7820746.0,92,57
7820798.0,102,67
7820817.0,92,62
7820818.0,101,55
7820830.0,104,58
7820841.0,99,69
7820845.0,100,72
7820858.0,103,62
7820883.0,105,58
7820900.0,97,54
7820950.0,95,62
7821039.0,95,58
7821046.0,96,57
7821057.0,102,58
7821061.0,100,73
7821119.0,92,58
7821129.0,98,56
7821193.0,94,59
7821209.0,103,57
7821215.0,100,67
7821227.0,96,55
7821241.0,92,67
7821361.0,92,74
7821365.0,101,55
7821411.0,93,63
7821430.0,99,53
7821431.0,100,65
7821448.0,98,53
7821457.0,104,60
7821548.0,91,86
7821560.0,93,57
7821569.0,80,70
7821574.0,98,54
7821583.0,102,63
7821684.0,92,66
7821694.0,102,61
7821715.0,95,63
7821729.0,102,55
7821785.0,103,57
7821821.0,100,71
7821825.0,90,86
7821921.0,99,54
7821956.0,100,54
7821959.0,105,58
7821965.0,102,62
7821965.0,93,62
7821967.0,96,55
7821972.0,98,58
7822008.0,95,80
7822015.0,97,53
7822056.0,103,56
7822063.0,101,67
7822071.0,88,85
7822083.0,101,61
7822093.0,95,57
7822108.0,96,57
7822146.0,100,75
7822152.0,104,58
7822157.0,74,97
7822202.0,99,54
7822204.0,104,60
7822224.0,99,64
7822278.0,87,82
7822294.0,102,57
7822300.0,99,76
7822340.0,103,61
7822365.0,93,57
7822396.0,100,56
7822399.0,91,78
7822415.0,91,86
7822417.0,103,57
7822511.0,102,56
7822528.0,101,66
7822530.0,94,60
7822565.0,99,53
7822585.0,102,59
7822615.0,92,67
7822709.0,100,57
7822709.0,96,55
7822716.0,104,59
7822768.0,102,65
7822770.0,95,57
7822802.0,98,55
7822854.0,90,86
7822868.0,97,53
7822870.0,78,87
7822879.0,97,57
7822882.0,98,53
7822885.0,99,76
7822963.0,101,59
7822981.0,100,55
7823001.0,93,68
7823035.0,91,86
7823077.0,100,53
7823103.0,102,55
7823152.0,90,86
7823232.0,102,65
7823237.0,95,81
7823265.0,69,53
7823273.0,92,63
7823287.0,101,64
7823288.0,97,58
7823305.0,99,54
7823314.0,91,62
7823328.0,96,64
7823346.0,101,62
7823366.0,96,63
7823393.0,100,68
7823419.0,95,56
7823433.0,94,61
7823440.0,99,53
7823465.0,104,60
7823474.0,99,55
7823483.0,103,64
7823534.0,96,64
7823544.0,102,58
7823547.0,101,65
7823566.0,92,61
7823572.0,92,58
7823573.0,93,68
7823574.0,99,56
7823584.0,89,77
7823599.0,104,59
7823614.0,94,59
7823615.0,97,53
7823631.0,102,60
7823663.0,97,60
7823728.0,91,59
7823732.0,96,54
7823751.0,93,60
7823764.0,100,55
7823776.0,99,76
7823788.0,95,57
7823834.0,100,68
7823864.0,96,56
7823873.0,69,53
7823916.0,95,81
7823951.0,95,56
7823982.0,100,56
7824045.0,46,115
7824068.0,98,53
7824086.0,104,60
7824093.0,96,58
7824096.0,91,61
7824118.0,91,63
7824156.0,93,57
7824180.0,91,58
7824188.0,91,64
7824203.0,91,57
7824223.0,97,57
7824263.0,104,58
7824267.0,102,56
7824288.0,99,55
7824295.0,96,59
7824306.0,100,53
7824374.0,98,57
7824377.0,96,55
7824454.0,94,71
7824467.0,101,54
7824481.0,95,56
7824497.0,96,54
7824514.0,102,63
7824519.0,104,59
7824567.0,84,79
7824572.0,99,70
7824653.0,102,57
7824663.0,91,60
7824664.0,100,54
7824666.0,97,57
7824678.0,91,62
7824681.0,93,57
7824702.0,94,59
7824716.0,91,57
7824745.0,81,90
7824746.0,101,65
7824773.0,100,55
7824784.0,99,57
7824796.0,93,58
7824801.0,69,53
7824808.0,101,59
7824834.0,104,59
7824845.0,98,57
7824863.0,102,56
7824882.0,90,91
7824947.0,102,64
7825029.0,104,60
7825157.0,91,58
7825173.0,91,64
7825189.0,47,115
7825208.0,95,57
7825227.0,91,57
7825303.0,100,65
7825363.0,91,63
7825369.0,102,57
7825423.0,102,62
7825446.0,98,53
7825467.0,103,60
7825472.0,46,115
7825497.0,101,60
7825534.0,47,115
7825536.0,45,116
7825547.0,92,65
7825572.0,91,59
7825608.0,99,57
7825640.0,104,60
7825710.0,96,53
7825721.0,97,56
7825722.0,94,58
7825742.0,60,56
7825752.0,91,57
7825756.0,95,80
7825792.0,95,60
7825796.0,100,70
7825836.0,91,62
7826002.0,92,57
7826028.0,102,57
7826031.0,99,71
7826031.0,96,67
7826045.0,91,58
7826137.0,91,61
7826170.0,103,57
7826195.0,101,64
7826207.0,97,54
7826240.0,99,73
7826252.0,100,57
7826264.0,96,53
7826286.0,93,59
7826345.0,94,61
7826373.0,100,71
7826425.0,94,73
7826429.0,93,58
7826439.0,94,74
7826440.0,103,59
7826448.0,101,58
7826452.0,91,64
7826455.0,93,59
7826462.0,100,72
7826526.0,101,71
7826539.0,100,53
7826550.0,99,75
7826580.0,91,65
7826649.0,99,57
7826670.0,100,57
7826697.0,99,71
7826704.0,94,57
7826710.0,100,70
7826753.0,92,57
7826764.0,94,58
7826802.0,100,73
7826831.0,99,70
7826842.0,86,81
7826862.0,93,73
7826870.0,99,72
7826884.0,99,69
7826922.0,101,59
7826958.0,100,71
7826972.0,101,58
7826982.0,93,58
7827008.0,98,56
7827020.0,80,70
7827046.0,96,53
7827115.0,45,116
7827192.0,93,59
7827216.0,99,75
7827240.0,99,55
7827247.0,93,73
7827266.0,103,57
7827276.0,78,75
7827307.0,92,64
7827312.0,102,57
7827321.0,99,69
7827343.0,101,63
7827347.0,93,59
7827378.0,103,58
7827389.0,99,74
7827400.0,100,67
7827402.0,99,72
7827424.0,99,71
7827598.0,99,53
7827601.0,94,57
7827611.0,91,57
7827638.0,99,70
7827642.0,91,59
7827647.0,101,58
7827649.0,96,53
7827652.0,98,55
7827703.0,92,58
7827751.0,95,67
7827781.0,85,74
7827782.0,100,59
7827792.0,101,57
7827860.0,107,58
7827914.0,99,67
7827952.0,98,71
7827952.0,101,56
7827961.0,99,71
7828026.0,97,72
7828067.0,91,65
7828084.0,101,66
7828102.0,101,58
7828102.0,95,57
7828117.0,92,67
7828143.0,99,70
7828165.0,91,66
7828203.0,92,57
7828204.0,101,57
7828220.0,99,72
7828226.0,100,71
7828238.0,99,68
7828238.0,99,67
7828242.0,101,55
7828252.0,93,58
7828317.0,99,70
7828336.0,99,71
7828352.0,94,56
7828355.0,101,64
7828363.0,88,82
7828381.0,99,75
7828392.0,97,53
7828431.0,95,54
7828533.0,101,61
7828544.0,99,54
7828587.0,96,55
7828602.0,93,64
7828607.0,100,66
7828657.0,99,69
7828697.0,99,75
7828714.0,100,74
7828765.0,101,55
7828779.0,95,56
7828781.0,103,58
7828785.0,91,63
7828787.0,103,57
7828814.0,101,66
7828816.0,70,50
7828848.0,87,76
7828857.0,88,76
7828866.0,95,55
7828893.0,97,56
7828898.0,90,57
7828919.0,99,55
7828946.0,98,54
7829009.0,99,54
7829030.0,99,69
7829031.0,93,60
7829082.0,79,90
7829096.0,99,53
7829119.0,91,62
7829121.0,91,58
7829128.0,95,66
7829149.0,92,58
7829156.0,93,58
7829191.0,96,54
7829258.0,103,57
7829272.0,101,62
7829314.0,101,63
7829358.0,92,68
7829377.0,92,63
7829392.0,101,66
7829415.0,93,62
7829419.0,85,89
7829432.0,95,59
7829451.0,94,65
7829453.0,103,58
7829462.0,91,85
7829469.0,93,65
7829499.0,90,78
7829517.0,91,78
7829519.0,101,55
7829562.0,91,57
7829589.0,100,73
7829600.0,90,62
7829608.0,100,65
7829611.0,90,58
7829637.0,93,59
7829643.0,93,68
7829652.0,95,53
7829791.0,94,55
7829809.0,101,62
7829831.0,91,66
7829836.0,101,66
7829836.0,93,81
7829885.0,101,55
7829891.0,96,61
7829898.0,90,57
7829900.0,101,63
7829903.0,91,85
7829908.0,95,59
7830076.0,103,57
7830083.0,100,59
7830138.0,90,64
7830144.0,94,56
7830174.0,79,90
7830200.0,92,58
7830206.0,93,57
7830218.0,96,63
7830242.0,91,57
7830243.0,103,57
7830246.0,100,60
7830280.0,101,63
7830289.0,91,64
7830304.0,97,53
7830324.0,95,58
7830339.0,84,89
7830385.0,90,59
7830391.0,100,64
7830394.0,90,63
7830404.0,102,60
7830415.0,93,59
7830431.0,99,55
7830449.0,90,79
7830466.0,99,66
7830517.0,94,74
7830534.0,90,57
7830592.0,90,58
7830608.0,90,61
7830768.0,94,55
7830770.0,92,69
7830784.0,91,79
7830824.0,101,63
7830844.0,92,74
7830892.0,98,57
7830909.0,103,61
7830910.0,96,55
7830915.0,103,57
7830916.0,100,67
7830959.0,99,67
7830978.0,98,68
7830983.0,95,59
7830993.0,95,57
7831010.0,100,58
7831047.0,91,57
7831048.0,101,57
7831065.0,102,61
7831071.0,95,53
7831121.0,94,74
7831163.0,89,77
7831171.0,103,57
7831177.0,90,57
7831183.0,101,62
7831187.0,91,67
7831196.0,92,68
7831198.0,95,57
7831208.0,101,60
7831216.0,80,70
7831219.0,78,90
7831269.0,98,57
7831277.0,100,67
7831301.0,90,62
7831330.0,101,63
7831334.0,90,63
7831340.0,90,59
7831387.0,103,61
7831459.0,100,66
7831517.0,93,58
7831538.0,93,59
7831576.0,90,60
7831623.0,97,58
7831635.0,90,58
7831648.0,89,81
7831665.0,91,74
7831679.0,94,55
7831732.0,92,70
7831749.0,100,59
7831804.0,99,70
7831814.0,94,57
7831823.0,92,72
7831850.0,92,59
7831873.0,101,63
7831903.0,91,61
7831905.0,94,54
7831919.0,95,53
7831929.0,102,57
7831954.0,94,58
7831978.0,90,61
7831990.0,100,62
7832038.0,102,61
7832064.0,93,57
7832075.0,92,61
7832118.0,92,71
7832141.0,103,61
7832151.0,96,53
7832171.0,91,63
7832211.0,89,81
7832333.0,91,57
7832361.0,90,63
7832384.0,88,76
7832407.0,100,55
7832427.0,94,63
7832465.0,101,61
7832469.0,99,54
7832477.0,102,59
7832500.0,98,70
7832504.0,87,81
7832520.0,95,75
7832524.0,94,54
7832559.0,97,54
7832570.0,99,72
7832572.0,100,65
7832585.0,85,74
7832588.0,95,61
7832630.0,100,67
7832651.0,85,83
7832656.0,98,72
7832659.0,100,57
7832705.0,93,57
7832710.0,90,64
7832730.0,94,55
7832754.0,100,56
7832829.0,91,75
7832850.0,91,57
7832860.0,95,64
7832868.0,93,75
7832906.0,93,56
7832910.0,94,74
7832925.0,100,75
7832970.0,98,53
7832983.0,100,74
7832984.0,102,57
7833013.0,94,53
7833051.0,90,62
7833068.0,100,57
7833075.0,95,75
7833076.0,103,61
7833118.0,93,61
7833159.0,98,59
7833292.0,96,53
7833361.0,100,67
7833408.0,94,75
7833420.0,99,70
7833446.0,100,74
7833446.0,101,56
7833452.0,100,63
7833455.0,99,76
7833507.0,84,117
7833568.0,87,75
7833622.0,98,75
7833632.0,100,64
7833712.0,90,57
7833728.0,93,63
7833746.0,95,57
7833752.0,99,73
7833801.0,90,62
7833815.0,100,55
7833819.0,99,74
7833849.0,95,75
7833958.0,100,57
7833976.0,102,58
7834003.0,96,53
7834004.0,90,64
7834012.0,89,58
7834025.0,103,58
7834036.0,96,55
7834064.0,91,58
7834075.0,94,53
7834092.0,98,55
7834180.0,95,58
7834186.0,83,116
7834217.0,93,56
7834239.0,99,65
7834242.0,92,60
7834284.0,99,72
7834352.0,98,54
7834414.0,98,53
7834426.0,99,76
7834434.0,95,75
7834445.0,102,57
7834469.0,99,68
7834483.0,90,66
7834506.0,100,58
7834599.0,90,63
7834655.0,100,57
7834667.0,89,57
7834670.0,100,63
7834697.0,92,69
7834698.0,100,72
7834704.0,90,57
7834712.0,67,76
7834712.0,93,55
7834729.0,100,67
7834766.0,103,58
7834792.0,90,58
7834808.0,99,60
7834818.0,91,66
7834835.0,101,61
7834847.0,99,76
7834860.0,99,59
7834866.0,100,74
7834872.0,90,65
7834878.0,89,58
7834881.0,101,56
7834924.0,83,116
7834961.0,100,76
7834998.0,92,64
7835153.0,90,86
7835157.0,93,60
7835205.0,100,72
7835260.0,84,117
7835264.0,100,61
7835291.0,94,56
7835398.0,98,54
7835445.0,93,59
7835508.0,94,59
7835518.0,91,58
7835529.0,89,59
7835534.0,46,116
7835539.0,99,77
7835568.0,99,74
7835621.0,101,59
7835631.0,101,60
7835633.0,89,58
7835691.0,88,76
7835705.0,90,59
7835721.0,92,59
7835726.0,91,85
7835740.0,100,67
7835782.0,93,59
7835818.0,93,55
7835838.0,101,60
7835846.0,45,116
7835855.0,99,54
7835864.0,100,78
7835935.0,91,58
7835966.0,94,55
7836000.0,93,57
7836006.0,100,57
7836018.0,100,64
7836024.0,93,54
7836079.0,90,77
7836093.0,91,67
7836112.0,99,71
7836114.0,46,87
7836125.0,99,58
7836127.0,98,73
7836133.0,92,58
7836159.0,97,55
7836182.0,91,76
7836215.0,83,116
7836230.0,95,53
7836244.0,100,65
7836272.0,45,116
7836275.0,100,77
7836278.0,94,55
7836488.0,93,56
7836542.0,97,56
7836568.0,92,57
7836571.0,91,85
7836575.0,86,87
7836582.0,89,59
7836586.0,99,58
7836623.0,89,58
7836636.0,46,116
7836658.0,99,59
7836678.0,44,101
7836705.0,89,60
7836719.0,99,73
7836752.0,98,54
7836820.0,101,60
7836822.0,100,63
7836828.0,92,59
7836829.0,91,58
7836883.0,91,75
7836917.0,101,75
7836946.0,91,59
7836952.0,90,57
7836963.0,91,77
7836970.0,91,63
7837028.0,92,58
7837070.0,100,56
7837125.0,89,61
7837144.0,83,116
7837170.0,97,56
7837200.0,99,58
7837201.0,91,58
7837205.0,91,59
7837224.0,94,67
7837238.0,99,55
7837247.0,95,53
7837254.0,93,71
7837270.0,93,54
7837287.0,99,54
7837337.0,99,57
7837394.0,92,61
7837422.0,92,57
7837457.0,98,59
7837462.0,92,56
7837487.0,98,54
7837498.0,90,61
7837500.0,101,56
7837566.0,97,53
7837580.0,95,53
7837605.0,97,60
7837656.0,101,59
7837666.0,89,59
7837700.0,91,59
7837718.0,93,53
7837753.0,98,66
7837797.0,99,76
7837805.0,84,84
7837907.0,100,56
7837952.0,101,59
7837979.0,100,62
7837996.0,91,59
7838001.0,91,64
7838040.0,99,74
7838089.0,100,66
7838097.0,76,69
7838098.0,99,67
7838177.0,93,59
7838226.0,99,55
7838265.0,94,55
7838285.0,88,76
7838305.0,99,58
7838344.0,99,72
7838365.0,99,56
7838369.0,99,59
7838443.0,92,56
7838483.0,93,53
7838497.0,94,55
7838508.0,97,55
7838540.0,93,55
7838551.0,101,56
7838556.0,93,58
7838565.0,98,70
7838573.0,101,58
7838607.0,91,58
7838647.0,89,62
7838686.0,93,59
7838704.0,90,58
7838716.0,90,77
7838736.0,91,60
7838742.0,90,64
7838750.0,90,66
7838810.0,89,58
7838820.0,101,58
7838822.0,88,75
7838857.0,100,66
7838857.0,90,78
7838902.0,97,61
7838926.0,90,62
7838961.0,91,58
7838964.0,89,61
7839019.0,99,70
7839024.0,99,56
7839083.0,101,59
7839103.0,93,59
7839107.0,92,70
7839122.0,91,79
7839124.0,99,55
7839139.0,92,56
7839185.0,101,57
7839193.0,97,70
7839213.0,88,58
7839233.0,99,75
7839242.0,93,53
7839244.0,100,61
7839276.0,99,73
7839312.0,93,59
7839334.0,92,65
7839346.0,89,63
7839414.0,96,59
7839433.0,97,53
7839452.0,89,77
7839472.0,73,98
7839559.0,89,61
7839566.0,86,74
7839572.0,98,69
7839574.0,99,66
7839580.0,100,56
7839603.0,100,61
7839603.0,99,58
7839627.0,101,59
7839648.0,92,55
7839687.0,99,70
7839691.0,97,54
7839721.0,99,61
7839775.0,90,58
7839878.0,96,59
7839914.0,98,54
7839990.0,98,59
7839991.0,89,59
7840014.0,89,64
7840016.0,88,58
7840059.0,97,68
7840087.0,93,57
7840111.0,93,62
7840130.0,99,59
7840147.0,99,76
7840223.0,99,70
7840243.0,90,63
7840249.0,86,76
7840272.0,90,58
7840308.0,91,65
7840350.0,92,54
7840352.0,89,61
7840367.0,80,83
7840369.0,93,57
7840389.0,99,55
7840397.0,100,61
7840399.0,99,57
7840418.0,94,53
7840419.0,99,65
7840447.0,98,74
7840475.0,98,60
7840477.0,101,56
7840493.0,89,63
7840496.0,97,54
7840507.0,93,56
7840537.0,101,57
7840539.0,93,67
7840547.0,100,60
7840568.0,90,66
7840612.0,92,55
7840622.0,90,61
7840653.0,99,67
7840661.0,90,77
7840707.0,88,58
7840728.0,94,56
7840744.0,99,64
7840750.0,99,55
7840791.0,97,71
7840803.0,91,57
7840889.0,101,59
7840983.0,96,60
7840991.0,91,77
7840997.0,88,59
7841030.0,90,67
7841046.0,96,58
7841063.0,91,78
7841091.0,91,58
7841097.0,94,60
7841114.0,93,53
7841163.0,101,56
7841177.0,99,75
7841206.0,98,54
7841215.0,91,59
7841241.0,85,75
7841244.0,101,57
7841306.0,101,58
7841333.0,91,61
7841338.0,96,53
7841343.0,88,61
7841355.0,97,61
7841373.0,100,66
7841383.0,89,78
7841395.0,98,74
7841398.0,99,55
7841407.0,85,74
7841408.0,91,60
7841426.0,90,82
7841430.0,96,55
7841432.0,99,74
7841443.0,99,62
7841450.0,88,58
7841457.0,90,60
7841488.0,97,60
7841516.0,91,80
7841520.0,99,63
7841538.0,101,58
7841599.0,99,66
7841613.0,92,54
7841616.0,99,56
7841631.0,98,75
7841636.0,98,73
7841644.0,98,58
7841650.0,101,59
7841655.0,89,62
7841681.0,91,81
7841682.0,96,54
7841715.0,92,56
7841718.0,77,95
7841747.0,100,59
7841761.0,99,65
7841767.0,88,59
7841779.0,88,60
7841780.0,89,58
7841787.0,95,55
7841808.0,99,71
7841838.0,96,55
7841886.0,99,55
7841896.0,99,60
7841897.0,99,66
7841898.0,101,56
7841906.0,100,72
7841940.0,89,64
7841974.0,99,57
7841990.0,101,57
7842018.0,90,59
7842028.0,94,53
7842065.0,89,65
7842075.0,91,58
7842093.0,97,72
7842100.0,98,57
7842102.0,95,53
7842110.0,94,55
7842114.0,89,81
7842118.0,95,54
7842129.0,95,55
7842134.0,99,64
7842145.0,98,75
7842166.0,91,57
7842191.0,92,57
7842222.0,98,65
7842231.0,91,64
7842256.0,92,53
7842261.0,98,71
7842272.0,91,59
7842278.0,89,59
7842317.0,96,53
7842367.0,91,56
7842376.0,90,59
7842388.0,99,56
7842395.0,88,59
7842418.0,101,59
7842436.0,95,60
7842452.0,98,67
7842511.0,100,72
7842645.0,99,64
7842667.0,98,55
7842717.0,98,59
7842735.0,92,55
7842751.0,97,59
7842769.0,93,66
7842819.0,95,55
7842834.0,90,77
7842848.0,92,63
7842851.0,97,72
7842868.0,99,72
7842880.0,101,57
7842881.0,75,90
7842883.0,99,63
7842904.0,94,53
7842914.0,91,57
7842915.0,89,58
7842943.0,97,87
7842964.0,98,67
7842995.0,101,56
7843031.0,92,59
7843041.0,89,64
7843045.0,101,59
7843063.0,88,58
7843167.0,88,61
7843209.0,98,54
7843257.0,99,66
7843259.0,95,55
7843276.0,88,60
7843277.0,90,59
7843315.0,89,60
7843317.0,98,68
7843352.0,91,56
7843358.0,100,59
7843371.0,100,56
7843379.0,97,56
7843424.0,94,61
7843462.0,99,62
7843500.0,99,66
7843541.0,94,56
7843581.0,98,70
7843583.0,96,54
7843608.0,75,88
7843630.0,89,65
7843639.0,88,78
7843661.0,75,90
7843705.0,88,62
7843732.0,91,55
7843746.0,101,56
7843770.0,100,60
7843781.0,90,59
7843784.0,90,64
7843806.0,98,56
7843808.0,88,59
7843811.0,100,54
7843825.0,98,54
7843839.0,99,56
7843860.0,98,61
7843928.0,93,56
7843929.0,51,114
7843985.0,89,58
7844002.0,90,60
7844049.0,99,75
7844074.0,97,55
7844090.0,97,73
7844167.0,98,56
7844196.0,96,54
7844202.0,100,58
7844209.0,89,58
7844246.0,91,54
7844337.0,94,74
7844399.0,50,114
7844429.0,101,53
7844464.0,93,59
7844480.0,101,56
7844483.0,93,53
7844498.0,87,59
7844502.0,97,58
7844514.0,100,60
7844525.0,91,55
7844532.0,98,58
7844556.0,86,85
7844633.0,90,59
7844656.0,97,57
7844659.0,96,55
7844688.0,94,55
7844693.0,92,58
7844711.0,94,74
7844750.0,95,54
7844764.0,90,63
7844779.0,98,54
7844787.0,92,53
7844892.0,99,61
7844904.0,93,59
7844955.0,97,61
7844959.0,96,89
7844999.0,88,62
7845019.0,87,85
7845053.0,100,57
7845081.0,91,57
7845108.0,89,58
7845132.0,100,81
7845142.0,97,58
7845145.0,93,74
7845153.0,96,53
7845165.0,99,76
7845178.0,87,58
7845184.0,89,63
7845191.0,85,86
7845194.0,91,65
7845200.0,90,59
7845213.0,96,61
7845266.0,99,58
7845272.0,100,56
7845314.0,92,54
7845335.0,98,75
7845364.0,98,58
7845437.0,95,53
7845442.0,97,59
7845495.0,85,84
7845500.0,89,58
7845513.0,92,73
7845571.0,98,73
7845576.0,86,86
7845580.0,93,53
7845591.0,93,59
7845695.0,51,114
7845724.0,88,76
7845745.0,88,59
7845764.0,93,59
7845767.0,91,54
7845788.0,89,60
7845794.0,90,59
7845805.0,96,54
7845822.0,88,58
7845839.0,86,83
7845841.0,99,72
7845879.0,98,75
7845900.0,86,74
7845912.0,98,73
7845931.0,94,55
7845933.0,60,78
7845983.0,98,57
7845989.0,91,59
7846015.0,89,61
7846084.0,99,58
7846110.0,88,63
7846135.0,97,73
7846151.0,85,84
7846162.0,88,60
7846162.0,87,59
7846163.0,84,83
7846165.0,85,73
7846200.0,90,59
7846211.0,86,86
7846214.0,59,78
7846228.0,94,60
7846265.0,97,54
7846291.0,93,53
7846395.0,50,114
7846427.0,92,62
7846432.0,87,58
7846446.0,98,67
7846470.0,90,60
7846479.0,89,76
7846527.0,95,55
7846534.0,85,84
7846554.0,89,58
7846586.0,95,53
7846595.0,95,56
7846608.0,99,60
7846613.0,95,54
7846638.0,95,57
7846655.0,100,56
7846658.0,60,78
7846679.0,90,77
7846687.0,90,57
7846705.0,99,71
7846720.0,88,58
7846723.0,94,54
7846748.0,94,55
7846751.0,88,85
7846757.0,85,84
7846759.0,89,59
7846763.0,95,56
7846785.0,98,56
7846788.0,59,78
7846812.0,95,55
7846825.0,90,61
7846829.0,88,59
7846844.0,92,65
7846855.0,90,58
7846867.0,51,114
7846874.0,99,73
7846879.0,100,79
7846893.0,90,59
7846937.0,89,58
7846938.0,99,68
7846956.0,99,77
7846979.0,91,53
7847002.0,74,89
7847029.0,100,55
7847065.0,95,53
7847086.0,75,89
7847139.0,91,69
7847148.0,94,55
7847195.0,100,79
7847283.0,102,60
7847296.0,88,64
7847346.0,87,60
7847348.0,93,82
7847360.0,87,59
7847366.0,102,61
7847382.0,99,66
7847405.0,98,64
7847406.0,97,58
7847419.0,97,55
7847422.0,97,54
7847477.0,97,57
7847481.0,99,75
7847498.0,99,71
7847542.0,89,65
7847566.0,90,56
7847580.0,93,53
7847634.0,97,56
7847654.0,98,75
7847656.0,101,62
7847678.0,100,55
7847774.0,59,78
7847796.0,95,53
7847817.0,99,72
7847823.0,97,59
7847841.0,92,53
7847850.0,91,78
7847868.0,99,66
7847917.0,90,60
7847955.0,89,59
7847960.0,96,60
7847968.0,90,59
7848035.0,55,53
7848087.0,99,71
7848094.0,97,58
7848110.0,97,61
7848158.0,98,70
7848166.0,59,78
7848168.0,87,59
7848172.0,97,60
7848181.0,90,57
7848182.0,88,60
7848227.0,96,58
7848254.0,97,55
7848259.0,101,62
7848266.0,93,81
7848268.0,95,54
7848304.0,88,58
7848306.0,96,61
7848324.0,88,63
7848339.0,92,54
7848367.0,91,70
7848384.0,87,78
7848422.0,98,71
7848434.0,90,65
7848441.0,99,71
7848482.0,96,59
7848491.0,95,53
7848558.0,99,72
7848588.0,98,56
7848598.0,89,64
7848623.0,92,53
7848658.0,55,54
7848692.0,54,54
7848706.0,89,62
7848760.0,96,56
7848780.0,91,56
7848782.0,90,55
7848788.0,87,61
7848816.0,97,55
7848881.0,88,64
7848911.0,97,59
7848923.0,75,93
7848970.0,98,62
7848974.0,91,53
7848989.0,98,75
7849012.0,98,66
7849059.0,97,58
7849099.0,91,72
7849115.0,95,54
7849120.0,99,72
7849146.0,54,54
7849150.0,99,66
7849166.0,97,65
7849169.0,90,54
7849187.0,93,81
7849198.0,87,60
7849208.0,96,66
7849210.0,99,58
7849213.0,93,54
7849235.0,90,56
7849258.0,98,60
7849260.0,98,55
7849277.0,89,60
7849421.0,91,66
7849432.0,87,58
7849436.0,97,55
7849454.0,98,72
7849498.0,96,66
7849546.0,88,65
7849603.0,55,54
7849606.0,99,56
7849610.0,99,72
7849635.0,100,57
7849717.0,98,67
7849730.0,88,62
7849737.0,98,64
7849844.0,87,62
7849875.0,92,71
7849882.0,93,54
7849914.0,55,67
7849915.0,53,54
7849922.0,91,69
7849931.0,55,53
7849941.0,93,53
7849945.0,99,76
7849970.0,99,77
7850181.0,90,78
7850224.0,98,71
7850232.0,88,59
7850241.0,90,55
7850255.0,86,59
7850263.0,91,79
7850269.0,98,55
7850296.0,98,63
7850299.0,97,66
7850320.0,89,63
7850385.0,98,65
7850398.0,55,67
7850432.0,97,58
7850478.0,98,67
7850488.0,87,59
7850508.0,90,54
7850516.0,98,62
7850529.0,96,59
7850536.0,94,53
7850558.0,91,73
7850573.0,98,72
7850645.0,94,58
7850691.0,55,53
7850692.0,97,55
7850734.0,98,66
7850741.0,99,72
7850756.0,99,57
7850838.0,90,59
7850845.0,98,61
7850888.0,87,58
7850895.0,90,63
7850905.0,97,72
7850940.0,94,55
7850965.0,89,60
7851002.0,86,59
7851008.0,92,53
7851063.0,88,59
7851064.0,94,59
7851068.0,96,72
7851087.0,92,93
7851141.0,97,55
7851156.0,97,58
7851218.0,99,60
7851231.0,94,57
7851254.0,98,55
7851257.0,89,60
7851300.0,94,55
7851351.0,87,62
7851360.0,96,71
7851363.0,96,54
7851399.0,90,53
7851412.0,95,60
7851427.0,87,60
7851429.0,99,62
7851442.0,89,64
7851496.0,97,59
7851524.0,88,59
7851530.0,86,59
7851540.0,100,79
7851568.0,100,62
7851576.0,89,58
7851592.0,90,76
7851599.0,99,73
7851627.0,91,53
7851641.0,90,68
7851645.0,88,61
7851646.0,98,67
7851649.0,88,62
7851658.0,99,56
7851674.0,94,53
7851679.0,91,62
7851711.0,97,57
7851724.0,96,56
7851728.0,96,58
7851776.0,87,63
7851778.0,87,58
7851782.0,88,63
7851786.0,98,64
7851833.0,98,65
7851848.0,99,63
7851851.0,93,52
7851856.0,97,61
7851870.0,98,63
7851886.0,89,57
7851889.0,91,68
7851905.0,95,60
7851971.0,98,57
7852000.0,97,59
7852034.0,97,56
7852046.0,89,59
7852086.0,99,56
7852122.0,90,56
7852151.0,92,67
7852157.0,89,68
7852176.0,99,62
7852180.0,86,59
7852194.0,94,57
7852216.0,96,56
7852289.0,98,64
7852295.0,74,87
7852311.0,98,72
7852338.0,88,59
7852342.0,91,54
7852360.0,97,57
7852412.0,89,56
7852485.0,99,63
7852492.0,88,65
7852559.0,93,68
7852592.0,98,67
7852595.0,86,60
7852600.0,94,54
7852610.0,100,62
7852637.0,96,55
7852653.0,99,62
7852655.0,98,73
7852681.0,87,60
7852710.0,97,55
7852726.0,98,66
7852740.0,91,53
7852754.0,89,76
7852763.0,92,53
7852777.0,98,60
7852781.0,99,56
7852833.0,96,57
7852872.0,97,70
7852875.0,99,78
7852876.0,89,64
7852878.0,98,55
7852922.0,89,60
7852990.0,96,56
7853001.0,87,61
7853028.0,89,59
7853034.0,87,63
7853059.0,96,55
7853095.0,98,62
7853106.0,98,64
7853108.0,97,60
7853123.0,86,59
7853123.0,89,58
7853170.0,89,55
7853175.0,99,74
7853192.0,99,63
7853199.0,80,77
7853283.0,88,75
7853340.0,88,64
7853365.0,79,77
7853378.0,99,62
7853386.0,97,55
7853394.0,89,56
7853404.0,96,54
7853414.0,96,56
7853462.0,86,60
7853482.0,89,57
7853485.0,90,54
7853509.0,89,54
7853557.0,89,67
7853569.0,88,66
7853575.0,98,72
7853577.0,86,74
7853592.0,89,64
7853676.0,86,75
7853706.0,99,63
7853760.0,90,65
7853762.0,97,55
7853773.0,89,55
7853801.0,92,54
7853895.0,96,59
7853997.0,91,75
7854009.0,89,59
7854067.0,98,71
7854075.0,96,55
7854094.0,90,53
7854111.0,98,59
7854163.0,98,55
7854177.0,97,55
7854394.0,95,61
7854441.0,87,59
7854527.0,89,54
7854543.0,88,60
7854557.0,90,57
7854586.0,90,64
7854595.0,95,60
7854596.0,98,70
7854597.0,99,58
7854604.0,95,55
7854645.0,91,58
7854646.0,89,55
7854648.0,91,54
7854670.0,97,56
7854785.0,95,56
7854802.0,94,64
7854820.0,93,53
7854866.0,82,84
7854881.0,91,63
7854882.0,87,63
7854913.0,96,61
7854947.0,97,55
7854954.0,86,60
7854984.0,87,64
7855050.0,98,69
7855080.0,93,54
7855086.0,89,54
7855089.0,98,58
7855101.0,91,83
7855134.0,96,55
7855160.0,96,56
7855173.0,88,66
7855206.0,91,58
7855216.0,99,58
7855221.0,98,73
7855407.0,87,59
7855414.0,93,55
7855456.0,98,55
7855457.0,95,54
7855493.0,86,61
7855497.0,98,69
7855535.0,93,56
7855547.0,87,60
7855576.0,98,56
7855591.0,97,55
7855639.0,96,58
7855642.0,96,56
7855753.0,92,83
7855772.0,82,84
7855792.0,79,84
7855815.0,87,61
7855825.0,88,60
7855854.0,91,53
7855944.0,93,53
7856048.0,93,55
7856116.0,98,57
7856119.0,89,65
7856161.0,93,64
7856196.0,86,62
7856247.0,90,75
7856314.0,99,81
7856340.0,97,59
7856445.0,89,54
7856457.0,88,66
7856494.0,97,62
7856551.0,88,62
7856552.0,90,53
7856558.0,95,55
7856572.0,89,62
7856589.0,95,54
7856602.0,93,54
7856633.0,87,65
7856667.0,85,60
7856676.0,99,58
7856689.0,88,64
7856719.0,88,63
7856727.0,89,56
7856737.0,89,63
7856760.0,88,56
7856772.0,89,58
7856944.0,90,66
7856954.0,93,66
7856957.0,88,57
7856959.0,91,84
7856972.0,97,70
7856984.0,87,64
7856989.0,95,59
7857021.0,88,58
7857028.0,87,59
7857054.0,95,56
7857062.0,86,60
7857108.0,86,61
7857124.0,88,61
7857134.0,86,59
7857135.0,89,58
7857176.0,90,69
7857213.0,97,72
7857219.0,100,58
7857244.0,89,56
7857268.0,95,56
7857313.0,96,57
7857333.0,88,59
7857363.0,91,66
7857384.0,91,84
7857465.0,94,55
7857649.0,95,57
7857659.0,97,61
7857661.0,98,71
7857672.0,89,58
7857675.0,97,72
7857697.0,96,55
7857709.0,96,56
7857714.0,87,59
7857736.0,93,56
7857739.0,85,60
7857742.0,95,58
7857743.0,96,71
7857748.0,100,58
7857750.0,93,55
7857774.0,98,56
7857788.0,88,58
7857801.0,97,60
7857820.0,86,62
7857823.0,97,63
7857928.0,89,59
7857933.0,88,57
7857960.0,85,59
7857992.0,95,57
7858016.0,97,62
7858029.0,88,56
7858062.0,98,61
7858071.0,88,65
7858078.0,89,68
7858079.0,89,56
7858095.0,97,68
7858105.0,89,58
7858159.0,88,60
7858171.0,87,62
7858182.0,96,60
7858200.0,97,71
7858225.0,86,59
7858235.0,85,60
7858235.0,90,83
7858239.0,97,70
7858240.0,90,65
7858247.0,93,54
7858260.0,95,58
7858262.0,91,67
7858278.0,97,64
7858296.0,88,55
7858301.0,96,68
7858327.0,98,58
7858329.0,89,62
7858357.0,91,53
7858370.0,88,54
7858374.0,96,55
7858384.0,87,59
7858390.0,86,61
7858420.0,87,60
7858458.0,99,74
7858465.0,99,61
7858472.0,89,54
7858481.0,92,54
7858523.0,97,55
7858542.0,94,58
7858560.0,89,56
7858603.0,89,76
7858658.0,100,58
7858661.0,99,57
7858664.0,97,73
7858691.0,92,53
7858737.0,95,55
7858766.0,95,60
7858879.0,96,55
7858925.0,88,59
7858965.0,99,55
7858971.0,87,74
7858983.0,99,74
7858983.0,90,54
7858986.0,85,60
7858990.0,86,63
7859002.0,87,63
7859039.0,97,63
7859141.0,90,76
7859216.0,88,54
7859224.0,90,54
7859318.0,97,65
7859327.0,90,53
7859332.0,86,60
7859349.0,95,56
7859352.0,36,102
7859356.0,91,84
7859361.0,87,65
7859388.0,99,61
7859407.0,87,61
7859416.0,99,71
7859440.0,94,61
7859458.0,87,59
7859503.0,89,65
7859525.0,97,55
7859579.0,87,64
7859595.0,89,66
7859607.0,91,64
7859646.0,97,61
7859697.0,88,86
7859742.0,95,59
7859746.0,97,67
7859757.0,92,54
7859772.0,88,54
7859800.0,97,72
7859803.0,98,70
7859813.0,86,59
7859851.0,99,71
7859878.0,77,85
7859931.0,87,60
7859934.0,89,58
7859942.0,91,85
7859953.0,94,56
7860015.0,92,53
7860017.0,97,64
7860018.0,90,58
7860031.0,78,85
7860036.0,94,54
7860038.0,94,60
7860063.0,88,61
7860091.0,100,58
7860099.0,91,61
7860151.0,76,99
7860159.0,92,63
7860160.0,90,75
7860161.0,92,60
7860173.0,97,66
7860184.0,94,59
7860191.0,98,56
7860192.0,90,53
7860251.0,86,61
7860255.0,91,85
7860275.0,88,86
7860291.0,98,74
7860361.0,88,54
7860363.0,88,67
7860364.0,88,60
7860399.0,90,66
7860422.0,90,56
7860422.0,85,61
7860424.0,95,57
7860429.0,97,60
7860442.0,97,70
7860466.0,85,60
7860477.0,92,54
7860485.0,96,59
7860514.0,87,65
7860541.0,98,71
7860631.0,90,58
7860634.0,100,80
7860635.0,96,55
7860669.0,86,63
7860672.0,92,55
7860685.0,97,63
7860783.0,95,53
7860797.0,97,59
7860836.0,88,65
7860931.0,88,58
7861060.0,97,58
7861073.0,93,54
7861081.0,77,84
7861136.0,88,62
7861153.0,97,55
7861226.0,92,56
7861252.0,97,65
7861280.0,90,79
7861281.0,99,75
7861284.0,80,69
7861291.0,85,59
7861364.0,95,57
7861425.0,92,55
7861429.0,95,58
7861436.0,98,57
7861440.0,97,55
7861446.0,94,54
7861492.0,97,56
7861494.0,97,58
7861502.0,87,57
7861613.0,97,63
7861615.0,75,68
7861617.0,85,61
7861627.0,87,66
7861655.0,88,57
7861694.0,87,60
7861709.0,95,61
7861807.0,94,55
7861815.0,89,76
7861822.0,97,66
7861837.0,92,54
7861837.0,97,62
7861862.0,99,75
7861885.0,87,61
7861906.0,77,83
7861913.0,86,61
7861926.0,87,63
7861986.0,87,62
7861991.0,92,59
7862021.0,89,54
7862022.0,90,60
7862037.0,87,60
7862090.0,95,55
7862127.0,97,64
7862144.0,86,60
7862145.0,94,56
7862168.0,97,58
7862176.0,90,53
7862202.0,97,57
7862216.0,98,58
7862242.0,91,70
7862248.0,86,64
7862253.0,95,56
7862276.0,94,59
7862277.0,97,67
7862307.0,92,67
7862310.0,89,65
7862323.0,84,60
7862344.0,88,75
7862371.0,87,57
7862388.0,94,57
7862417.0,87,59
7862419.0,97,55
7862425.0,92,72
7862481.0,77,83
7862482.0,87,58
7862489.0,97,67
7862546.0,83,72
7862600.0,85,90
7862654.0,97,58
7862679.0,89,58
7862741.0,87,56
7862744.0,77,83
7862787.0,88,54
7862812.0,97,55
7862840.0,88,67
7862841.0,92,60
7862846.0,89,54
7862893.0,86,60
7862910.0,89,56
7862926.0,85,61
7862929.0,97,73
7862951.0,87,61
7863002.0,102,83
7863016.0,93,68
7863038.0,90,115
7863085.0,98,72
7863155.0,95,57
7863168.0,94,58
7863179.0,91,53
7863237.0,97,73
7863295.0,95,55
7863297.0,85,60
7863314.0,90,76
7863346.0,87,55
7863356.0,84,60
7863388.0,95,56
7863408.0,85,62
7863419.0,89,115
7863453.0,92,59
7863458.0,97,58
7863484.0,96,61
7863524.0,93,61
7863528.0,101,83
7863558.0,96,55
7863649.0,102,83
7863660.0,93,55
7863735.0,93,73
7863741.0,94,58
7863844.0,87,54
7863876.0,88,63
7863889.0,87,66
7863932.0,95,60
7863938.0,89,66
7863959.0,96,63
7863967.0,87,64
7863967.0,98,75
7863975.0,92,54
7863986.0,84,60
7863997.0,95,56
7864005.0,86,60
7864020.0,101,83
7864058.0,99,75
7864091.0,90,63
7864109.0,80,84
7864115.0,91,71
7864129.0,89,55
7864178.0,86,64
7864184.0,93,56
7864215.0,89,53
7864255.0,84,61
7864274.0,95,56
7864284.0,96,73
7864295.0,101,83
7864338.0,99,74
7864431.0,87,60
7864460.0,93,54
7864469.0,88,65
7864494.0,89,54
7864496.0,98,65
7864501.0,97,71
7864575.0,89,55
7864577.0,90,71
7864621.0,98,74
7864638.0,97,56
7864643.0,89,63
7864646.0,96,57
7864653.0,102,83
7864655.0,90,115
7864656.0,85,61
7864708.0,97,70
7864717.0,91,54
7864727.0,94,58
7864749.0,96,55
7864777.0,96,60
7864784.0,87,54
7864792.0,92,58
7864832.0,87,62
7864887.0,91,53
7864905.0,85,84
7864947.0,99,74
7864969.0,87,59
7864980.0,89,59
7865023.0,93,58
7865038.0,88,54
7865041.0,85,84
7865054.0,89,56
7865081.0,96,61
7865085.0,94,58
7865189.0,92,58
7865213.0,95,55
7865222.0,85,60
7865258.0,86,62
7865285.0,84,60
7865307.0,85,63
7865316.0,91,55
7865337.0,89,53
7865338.0,97,55
7865370.0,97,72
7865391.0,91,54
7865395.0,76,88
7865455.0,102,83
7865492.0,98,65
7865496.0,93,60
7865508.0,93,55
7865557.0,86,65
7865561.0,80,85
7865591.0,86,74
7865600.0,41,76
7865604.0,84,61
7865607.0,91,71
7865611.0,87,65
7865629.0,93,54
7865630.0,96,62
7865671.0,87,61
7865682.0,97,58
7865689.0,91,56
7865714.0,96,55
7865802.0,97,55
7865820.0,97,56
7865836.0,99,74
7865896.0,94,59
7865947.0,93,59
7865949.0,87,54
7866026.0,81,86
7866101.0,97,65
7866136.0,94,60
7866142.0,102,83
7866142.0,88,54
7866151.0,90,53
7866155.0,98,72
7866215.0,97,66
7866220.0,91,56
7866243.0,96,59
7866248.0,97,71
7866288.0,88,56
7866298.0,85,61
7866310.0,88,59
7866318.0,96,63
7866369.0,96,57
7866375.0,89,69
7866382.0,90,72
7866416.0,84,61
7866419.0,92,66
7866424.0,91,71
7866445.0,89,53
7866458.0,85,60
7866465.0,79,77
7866476.0,91,54
7866516.0,97,58
7866520.0,93,56
7866558.0,89,59
7866577.0,85,62
7866590.0,94,58
7866596.0,96,56
7866628.0,89,76
7866646.0,86,61
7866702.0,97,66
7866785.0,97,72
7866866.0,76,92
7866890.0,88,75
7866914.0,87,55
7866927.0,88,56
7866961.0,91,71
7867021.0,96,58
7867037.0,86,56
7867059.0,93,55
7867073.0,94,55
7867092.0,96,62
7867094.0,96,55
7867119.0,87,61
7867197.0,87,85
7867223.0,97,58
7867290.0,86,63
7867384.0,89,63
7867389.0,86,55
7867402.0,93,55
7867413.0,91,55
7867422.0,94,55
7867450.0,81,86
7867467.0,105,55
7867479.0,93,58
7867499.0,94,56
7867504.0,105,56
7867513.0,83,72
7867517.0,86,57
7867553.0,88,56
7867625.0,97,58
7867634.0,96,55
7867663.0,94,57
7867691.0,84,61
7867717.0,84,60
7867726.0,75,92
7867732.0,86,61
7867755.0,96,57
7867756.0,80,87
7867766.0,92,62
7867779.0,82,87
7867806.0,97,73
7867806.0,90,62
7867865.0,91,54
7867891.0,92,68
7867895.0,81,86
7867906.0,86,58
7867911.0,89,60
7867914.0,92,72
7867939.0,96,63
7867944.0,92,55
7867969.0,94,55
7867991.0,88,55
7867998.0,85,60
7868003.0,85,64
7868007.0,86,55
7868030.0,86,59
7868048.0,93,57
7868075.0,86,61
7868114.0,97,73
7868177.0,95,57
7868185.0,87,54
7868189.0,89,60
7868199.0,97,72
7868213.0,105,55
7868282.0,86,64
7868306.0,96,68
7868316.0,84,62
7868333.0,96,55
7868355.0,88,54
7868401.0,99,80
7868421.0,92,54
7868422.0,89,54
7868424.0,88,60
7868515.0,86,56
7868529.0,94,55
7868540.0,92,72
7868568.0,92,56
7868588.0,96,57
7868619.0,98,71
7868636.0,88,66
7868642.0,85,62
7868658.0,75,92
7868665.0,96,64
7868672.0,92,55
7868685.0,79,91
7868710.0,86,65
7868758.0,80,80
7868775.0,93,88
7868822.0,89,66
7868867.0,93,59
7868937.0,84,61
7868943.0,55,73
7868975.0,81,86
7868990.0,86,61
7869014.0,90,67
7869017.0,79,90
7869040.0,86,59
7869046.0,87,65
7869090.0,93,56
7869128.0,88,55
7869137.0,84,60
7869186.0,90,53
7869232.0,97,71
7869251.0,93,61
7869255.0,79,91
7869267.0,90,55
7869282.0,88,54
7869339.0,81,86
7869389.0,96,73
7869430.0,90,54
7869447.0,84,72
7869458.0,87,54
7869463.0,95,55
7869501.0,86,66
7869511.0,102,56
7869584.0,86,60
7869635.0,79,91
7869665.0,96,72
7869670.0,89,53
7869705.0,99,74
7869722.0,90,53
7869735.0,91,61
7869746.0,97,72
7869772.0,86,55
7869794.0,92,54
7869797.0,85,64
7869805.0,102,56
7869808.0,85,62
7869815.0,88,56
7869852.0,95,62
7869873.0,96,65
7869889.0,96,57
7869908.0,86,65
7869948.0,96,55
7870009.0,90,54
7870017.0,84,62
7870058.0,84,63
7870083.0,81,70
7870183.0,90,73
7870224.0,85,73
7870231.0,88,53
7870239.0,79,91
7870253.0,90,53
7870285.0,83,61
7870338.0,86,63
7870364.0,92,55
7870455.0,92,74
7870474.0,86,60
7870520.0,95,55
7870565.0,89,53
7870566.0,90,53
7870622.0,87,67
7870638.0,100,62
7870658.0,81,69
7870697.0,87,63
7870755.0,96,66
7870805.0,86,66
7870850.0,90,56
7870938.0,84,73
7870958.0,85,63
7870981.0,85,61
7871047.0,92,58
7871065.0,86,62
7871075.0,96,64
7871093.0,95,61
7871138.0,96,66
7871144.0,86,61
7871169.0,84,61
7871181.0,88,66
7871187.0,78,69
7871310.0,101,62
7871322.0,83,61
7871327.0,87,66
7871353.0,92,59
7871381.0,90,54
7871414.0,100,62
7871437.0,93,59
7871455.0,99,62
7871485.0,99,65
7871495.0,85,56
7871501.0,90,55
7871565.0,95,55
7871573.0,99,66
7871620.0,81,100
7871631.0,98,72
7871633.0,91,55
7871652.0,84,62
7871663.0,99,62
7871668.0,101,62
7871679.0,95,63
7871682.0,81,69
7871693.0,99,73
7871698.0,87,55
7871744.0,83,72
7871749.0,96,66
7871806.0,84,63
7871813.0,93,70
7871822.0,85,55
7871823.0,95,56
7871877.0,86,55
7871888.0,93,55
7871894.0,95,55
7871928.0,88,68
7871939.0,92,56
7871949.0,99,65
7871958.0,85,65
7871967.0,85,57
7871985.0,85,61
7871986.0,86,61
7872026.0,85,58
7872065.0,82,99
7872129.0,89,56
7872130.0,95,60
7872135.0,93,56
7872139.0,82,71
7872182.0,95,57
7872210.0,85,61
7872250.0,95,58
7872284.0,90,57
7872352.0,90,54
7872367.0,93,96
7872379.0,92,73
7872452.0,92,55
7872469.0,87,54
7872494.0,84,61
7872501.0,86,64
7872509.0,89,54
7872522.0,86,73
7872525.0,95,90
7872536.0,96,65
7872554.0,95,55
7872575.0,95,57
7872586.0,95,67
7872609.0,85,55
7872626.0,85,56
7872671.0,93,96
7872681.0,96,63
7872683.0,95,61
7872765.0,91,54
7872785.0,98,74
7872885.0,65,69
7872890.0,85,59
7872893.0,93,58
7872920.0,96,70
7872922.0,86,61
7872928.0,93,55
7872930.0,83,62
7872935.0,93,60
7872955.0,92,58
7872961.0,92,55
7872967.0,92,61
7872970.0,90,67
7872980.0,93,56
7872982.0,93,57
7872986.0,86,59
7872989.0,96,67
7873010.0,96,65
7873023.0,96,56
7873029.0,98,73
7873047.0,93,59
7873056.0,95,61
7873059.0,85,57
7873084.0,95,67
7873088.0,91,72
7873142.0,88,54
7873154.0,94,57
7873160.0,100,62
7873175.0,90,62
7873196.0,97,71
7873208.0,90,71
7873230.0,91,56
7873262.0,89,67
7873281.0,96,64
7873291.0,95,69
7873341.0,85,61
7873385.0,87,54
7873463.0,95,62
7873467.0,86,65
7873487.0,84,62
7873491.0,85,55
7873498.0,90,62
7873512.0,92,59
7873513.0,85,58
7873557.0,95,57
7873571.0,84,61
7873675.0,96,71
7873703.0,96,65
7873716.0,89,66
7873735.0,89,54
7873765.0,92,57
7873782.0,95,61
7873872.0,84,64
7873882.0,95,69
7873940.0,85,63
7873960.0,91,54
7873992.0,92,60
7874007.0,97,73
7874035.0,89,54
7874039.0,83,62
7874066.0,96,65
7874092.0,97,72
7874130.0,87,65
7874139.0,86,63
7874142.0,92,72
7874153.0,55,65
7874164.0,91,68
7874167.0,88,55
7874201.0,96,71
7874317.0,89,55
7874342.0,85,64
7874368.0,96,56
7874394.0,86,62
7874417.0,92,71
7874430.0,95,61
7874430.0,88,66
7874468.0,55,66
7874481.0,86,55
7874496.0,89,53
7874609.0,89,69
7874630.0,85,55
7874667.0,95,62
7874682.0,83,62
7874690.0,92,68
7874712.0,85,59
7874721.0,84,61
7874762.0,96,65
7874769.0,87,54
7874834.0,89,55
7874844.0,94,55
7874849.0,85,62
7874854.0,88,55
7874881.0,92,72
7874895.0,94,59
7874941.0,83,61
7874977.0,87,66
7874994.0,85,65
7875049.0,88,53
7875131.0,91,55
7875154.0,84,63
7875166.0,98,79
7875168.0,92,59
7875202.0,95,61
7875215.0,62,66
7875230.0,97,70
7875262.0,96,65
7875313.0,95,71
7875381.0,97,66
7875428.0,95,63
7875458.0,78,91
7875505.0,85,64
7875510.0,77,91
7875524.0,86,55
7875569.0,85,60
7875573.0,89,56
7875618.0,96,66
7875624.0,75,87
7875637.0,91,57
7875748.0,86,65
7875764.0,96,65
7875776.0,76,85
7875818.0,90,55
7875818.0,97,66
7875851.0,90,76
7875855.0,96,66
7875858.0,95,61
7875919.0,84,56
7875922.0,85,61
7875950.0,79,91
7875951.0,85,62
7876049.0,89,54
7876057.0,93,65
7876083.0,96,70
7876131.0,96,67
7876134.0,89,56
7876170.0,75,87
7876172.0,87,68
7876234.0,83,62
7876308.0,91,59
7876309.0,91,56
7876350.0,91,69
7876381.0,83,61
7876386.0,85,62
7876564.0,90,54
7876580.0,78,91
7876583.0,95,63
7876609.0,88,54
7876612.0,88,67
7876617.0,84,57
7876617.0,94,62
7876705.0,79,91
7876748.0,85,56
7876804.0,84,63
7876829.0,88,74
7876889.0,85,55
7876898.0,92,55
7876911.0,95,61
7876918.0,87,54
7876946.0,94,63
7876969.0,94,66
7876970.0,87,63
7877026.0,86,66
7877038.0,89,68
7877067.0,79,91
7877075.0,84,56
7877119.0,97,70
7877161.0,95,61
7877229.0,94,59
7877240.0,86,54
7877241.0,92,59
7877272.0,89,54
7877346.0,78,91
7877382.0,90,69
7877473.0,88,56
7877484.0,92,56
7877495.0,90,54
7877519.0,91,55
7877532.0,85,62
7877538.0,94,56
7877546.0,91,57
7877598.0,85,61
7877601.0,94,57
7877639.0,86,56
7877684.0,84,57
7877688.0,92,55
7877699.0,84,56
7877741.0,94,60
7877760.0,96,66
7877766.0,83,62
7877777.0,88,54
7877817.0,85,62
7877831.0,85,55
7877856.0,91,56
7877978.0,85,66
7878026.0,91,55
7878046.0,92,57
7878072.0,83,63
7878169.0,93,56
7878198.0,82,62
7878216.0,93,57
7878226.0,88,66
7878234.0,90,80
7878248.0,88,69
7878318.0,87,60
7878354.0,86,56
7878382.0,86,67
7878383.0,93,62
7878425.0,92,56
7878463.0,94,59
7878467.0,84,58
7878472.0,87,59
7878479.0,86,55
7878502.0,87,86
7878518.0,90,56
7878523.0,78,91
7878527.0,88,57
7878532.0,94,58
7878565.0,87,55
7878578.0,92,60
7878622.0,97,73
7878645.0,86,57
7878680.0,92,55
7878706.0,84,56
7878785.0,92,58
7878792.0,95,63
7878798.0,91,60
7878914.0,94,61
7878920.0,84,62
7878984.0,91,72
7879074.0,89,70
7879138.0,89,55
7879140.0,89,67
7879205.0,90,66
7879248.0,86,57
7879313.0,83,63
7879320.0,85,55
7879343.0,67,66
7879347.0,89,66
7879382.0,90,59
7879398.0,86,54
7879402.0,79,92
7879409.0,91,57
7879471.0,84,59
7879534.0,86,66
7879567.0,91,58
7879576.0,84,65
7879579.0,94,60
7879601.0,87,66
7879637.0,90,55
7879685.0,93,57
7879720.0,85,64
7879818.0,84,63
7879822.0,91,85
7879828.0,97,74
7879846.0,90,54
7879854.0,86,54
7879855.0,91,59
7879897.0,84,60
7879898.0,67,66
7879931.0,89,54
7879956.0,82,62
7880014.0,85,63
7880020.0,96,71
7880023.0,93,63
7880068.0,91,60
7880079.0,67,66
7880106.0,95,70
7880132.0,82,63
7880188.0,77,90
7880196.0,90,57
7880205.0,95,64
7880253.0,90,54
7880303.0,91,85
7880356.0,91,71
7880395.0,85,66
7880399.0,84,64
7880424.0,87,60
7880431.0,81,100
7880490.0,93,59
7880496.0,98,85
7880501.0,85,65
7880502.0,94,61
7880519.0,88,61
7880521.0,97,74
7880554.0,62,48
7880615.0,84,62
7880628.0,93,55
7880693.0,96,69
7880773.0,87,61
7880784.0,44,90
7880791.0,84,56
7880840.0,90,62
7880851.0,88,55
7880858.0,84,62
7880880.0,83,62
7880903.0,83,63
7880906.0,81,100
7880933.0,90,56
7880944.0,87,54
7880966.0,90,55
7880968.0,91,94
7880973.0,87,65
7881022.0,83,57
7881062.0,89,54
7881068.0,82,63
7881085.0,87,55
7881185.0,85,63
7881261.0,89,55
7881276.0,88,61
7881329.0,91,59
7881391.0,88,67
7881415.0,78,83
7881466.0,44,119
7881680.0,85,62
7881683.0,91,55
7881761.0,92,59
7881855.0,85,56
7881868.0,87,56
7881873.0,85,63
7881916.0,82,63
7881943.0,84,62
7881974.0,87,54
7881993.0,88,57
7882070.0,83,64
7882087.0,83,56
7882114.0,88,54
7882151.0,91,59
7882152.0,84,64
7882153.0,93,56
7882157.0,86,55
7882263.0,95,70
7882277.0,83,62
7882281.0,86,64
7882298.0,85,55
7882300.0,88,60
7882353.0,87,55
7882373.0,89,61
7882465.0,91,55
7882471.0,98,80
7882543.0,85,56
7882566.0,76,68
7882580.0,91,60
7882592.0,93,60
7882599.0,90,60
7882678.0,93,55
7882683.0,83,57
7882686.0,82,63
7882750.0,90,57
7882768.0,92,57
7882814.0,91,56
7882990.0,96,73
7883027.0,87,67
7883033.0,89,56
7883035.0,93,57
7883086.0,85,65
7883104.0,83,65
7883107.0,84,57
7883141.0,91,55
7883146.0,85,55
7883155.0,85,67
7883161.0,85,56
7883172.0,83,56
7883217.0,93,55
7883319.0,83,58
7883331.0,84,56
7883360.0,89,57
7883410.0,96,73
7883411.0,93,56
7883483.0,83,64
7883485.0,91,57
7883493.0,83,63
7883518.0,83,57
7883583.0,82,62
7883621.0,85,56
7883637.0,91,58
7883644.0,91,56
7883654.0,89,55
7883659.0,88,55
7883689.0,100,82
7883709.0,85,57
7883730.0,83,59
7883793.0,85,58
7883846.0,90,70
7883852.0,93,55
7883868.0,100,83
7883897.0,67,77
7883919.0,78,69
7883968.0,84,64
7883996.0,83,57
7884024.0,83,58
7884045.0,89,59
7884060.0,84,63
7884072.0,84,66
7884075.0,90,58
7884103.0,93,56
7884123.0,93,57
7884151.0,86,54
7884182.0,94,57
7884218.0,85,57
7884218.0,84,62
7884226.0,87,55
7884303.0,83,58
7884333.0,91,57
7884366.0,85,55
7884367.0,86,67
7884450.0,86,66
7884471.0,92,57
7884490.0,94,57
7884522.0,93,59
7884525.0,87,65
7884583.0,90,57
7884636.0,91,58
7884647.0,84,56
7884659.0,91,59
7884667.0,82,63
7884670.0,85,66
7884717.0,90,54
7884732.0,83,59
7884736.0,87,68
7884795.0,93,60
7884801.0,90,60
7884924.0,126,100
7885009.0,87,55
7885011.0,90,77
7885025.0,93,58
7885049.0,88,54
7885060.0,85,54
7885078.0,89,54
7885082.0,92,56
7885085.0,92,55
7885096.0,85,55
7885097.0,90,54
7885098.0,93,60
7885105.0,89,56
7885114.0,83,64
7885152.0,85,56
7885180.0,83,66
7885317.0,86,54
7885332.0,85,64
7885347.0,82,64
7885350.0,90,71
7885378.0,87,64
7885428.0,92,57
7885466.0,93,56
7885467.0,83,60
7885479.0,83,65
7885486.0,89,55
7885487.0,89,57
7885496.0,86,56
7885511.0,95,65
7885525.0,84,61
7885546.0,83,62
7885565.0,91,67
7885576.0,84,63
7885603.0,89,54
7885603.0,88,67
7885609.0,86,68
7885655.0,91,61
7885659.0,85,65
7885669.0,84,65
7885691.0,93,62
7885738.0,86,55
7885807.0,85,87
7885892.0,90,59
7885911.0,85,59
7885963.0,84,63
7885966.0,83,57
7885981.0,86,61
7885992.0,93,60
7885996.0,93,56
7886069.0,85,57
7886106.0,126,100
7886139.0,77,87
7886144.0,89,55
7886146.0,87,69
7886155.0,95,62
7886213.0,84,56
7886245.0,84,73
7886365.0,92,55
7886369.0,83,64
7886376.0,89,69
7886457.0,83,56
7886468.0,86,56
7886476.0,87,67
7886478.0,89,68
7886503.0,84,66
7886565.0,82,64
7886568.0,93,63
7886604.0,89,56
7886610.0,85,92
7886633.0,82,57
7886640.0,84,63
7886648.0,84,56
7886654.0,76,78
7886680.0,127,100
7886692.0,90,60
7886695.0,81,63
7886710.0,83,57
7886723.0,77,88
7886726.0,83,56
7886733.0,85,58
7886737.0,90,55
7886825.0,92,60
7886828.0,84,62
7886843.0,83,63
7886885.0,85,67
7886907.0,86,55
7886911.0,84,57
7886925.0,92,58
7886969.0,89,55
7886970.0,92,56
7886976.0,89,56
7887072.0,86,74
7887082.0,94,63
7887190.0,87,56
7887199.0,89,57
7887215.0,126,100
7887248.0,87,74
7887288.0,90,55
7887298.0,84,55
7887300.0,88,56
7887340.0,85,55
7887346.0,89,59
7887365.0,85,74
7887376.0,93,61
7887401.0,83,61
7887410.0,83,56
7887425.0,85,92
7887462.0,88,55
7887468.0,89,55
7887540.0,82,57
7887561.0,89,57
7887593.0,85,91
7887596.0,91,68
7887603.0,85,63
7887611.0,86,87
7887615.0,87,56
7887627.0,83,56
7887635.0,90,59
7887650.0,86,74
7887698.0,84,76
7887732.0,90,56
7887734.0,95,66
7887782.0,92,63
7887874.0,84,65
7887886.0,83,63
7887945.0,96,55
7887953.0,96,67
7887960.0,84,55
7888007.0,82,64
7888013.0,87,55
7888100.0,89,57
7888101.0,82,57
7888101.0,92,61
7888153.0,76,77
7888184.0,93,56
7888252.0,84,63
7888267.0,85,91
7888298.0,93,61
7888300.0,92,57
7888300.0,91,57
7888319.0,92,68
7888373.0,92,56
7888516.0,87,60
7888528.0,90,55
7888539.0,88,55
7888542.0,95,56
7888576.0,88,60
7888583.0,93,56
7888629.0,90,60
7888633.0,85,68
7888637.0,96,55
7888687.0,84,56
7888705.0,74,83
7888733.0,90,57
7888816.0,90,56
7888846.0,95,56
7888879.0,85,60
7888905.0,88,60
7888924.0,85,66
7888930.0,97,71
7888965.0,86,67
7888987.0,99,79
7888988.0,95,66
7889010.0,82,57
7889029.0,94,70
7889070.0,89,62
7889146.0,91,59
7889179.0,81,64
7889190.0,82,63
7889245.0,90,60
7889256.0,85,92
7889283.0,95,65
7889287.0,83,63
7889293.0,84,55
7889330.0,88,57
7889337.0,90,55
7889350.0,86,55
7889361.0,82,58
7889404.0,83,64
7889462.0,91,56
7889483.0,84,56
7889495.0,83,62
7889509.0,91,83
7889509.0,87,67
7889629.0,46,100
7889672.0,90,58
7889705.0,77,92
7889706.0,82,64
7889713.0,95,66
7889727.0,84,64
7889727.0,92,57
7889782.0,86,56
7889793.0,84,66
7889802.0,82,60
7889844.0,86,60
7889931.0,100,79
7889978.0,45,100
7889997.0,88,59
7890002.0,92,62
7890002.0,89,58
7890006.0,90,57
7890020.0,88,56
7890029.0,94,66
7890031.0,93,61
7890069.0,95,65
7890094.0,88,58
7890156.0,92,57
7890169.0,83,66
7890332.0,90,59
7890378.0,83,57
7890379.0,84,57
7890418.0,86,56
7890422.0,91,55
7890499.0,95,66
7890517.0,86,55
7890525.0,83,65
7890542.0,92,58
7890590.0,84,58
7890633.0,95,65
7890708.0,93,61
7890708.0,89,60
7890712.0,92,57
7890716.0,85,60
7890767.0,82,59
7890801.0,81,64
7890805.0,91,69
7890826.0,84,65
7890862.0,83,58
7890868.0,90,58
7890898.0,84,58
7890910.0,45,100
7890919.0,82,63
7890954.0,89,70
7890966.0,87,54
7890989.0,84,55
7891029.0,84,59
7891063.0,62,59
7891063.0,91,57
7891080.0,92,59
7891088.0,85,67
7891088.0,85,55
7891102.0,87,56
7891105.0,95,65
7891110.0,88,64
7891174.0,88,69
7891200.0,85,65
7891208.0,92,54
7891216.0,84,64
7891261.0,86,59
7891267.0,84,72
7891297.0,93,59
7891298.0,87,55
7891335.0,92,57
7891411.0,83,62
7891415.0,87,68
7891440.0,90,59
7891445.0,85,56
7891511.0,84,67
7891533.0,89,59
7891548.0,85,61
7891553.0,83,57
7891568.0,89,55
7891593.0,86,63
7891597.0,93,62
7891647.0,88,56
7891662.0,81,64
7891675.0,88,67
7891774.0,84,63
7891787.0,93,59
7891787.0,82,65
7891847.0,86,59
7891871.0,87,54
7891905.0,67,64
7891938.0,92,54
7891940.0,91,55
7891994.0,88,59
7892062.0,75,68
7892063.0,82,64
7892071.0,85,55
7892090.0,82,58
7892100.0,86,55
7892180.0,82,60
7892223.0,67,64
7892227.0,84,66
7892228.0,82,61
7892289.0,87,55
7892290.0,81,58
7892295.0,92,57
7892296.0,85,64
7892375.0,82,57
7892378.0,89,68
7892400.0,88,60
7892476.0,89,55
7892531.0,85,68
7892539.0,88,57
7892591.0,87,64
7892603.0,86,59
7892629.0,81,64
7892660.0,92,60
7892751.0,84,58
7892772.0,89,59
7892798.0,93,59
7892815.0,83,59
7892826.0,89,69
7892851.0,87,55
7892855.0,91,56
7892948.0,83,58
7892962.0,86,69
7892972.0,84,56
7893043.0,92,58
7893051.0,92,59
7893115.0,91,56
7893161.0,93,62
7893223.0,89,67
7893264.0,89,60
7893330.0,83,65
7893337.0,89,56
7893348.0,89,55
7893374.0,81,58
7893377.0,92,57
7893388.0,87,57
7893421.0,81,121
7893449.0,85,58
7893483.0,82,57
7893511.0,85,67
7893555.0,92,58
7893577.0,88,63
7893577.0,83,56
7893589.0,93,59
7893606.0,82,58
7893609.0,82,65
7893613.0,82,63
7893613.0,81,59
7893658.0,90,60
7893663.0,87,61
7893686.0,86,68
7893766.0,83,63
7893799.0,83,64
7893803.0,87,55
7893817.0,98,86
7893842.0,86,55
7893883.0,88,68
7893916.0,92,63
7893926.0,99,76
7893937.0,86,67
7893956.0,96,86
7893987.0,84,55
7894065.0,87,60
7894139.0,87,55
7894161.0,91,56
7894175.0,81,58
7894177.0,82,63
7894199.0,93,62
7894203.0,92,60
7894251.0,83,56
7894253.0,84,60
7894287.0,83,62
7894288.0,87,67
7894289.0,98,85
7894339.0,87,57
7894358.0,88,59
7894406.0,91,59
7894433.0,91,56
7894447.0,88,62
7894475.0,93,62
7894492.0,83,86
7894497.0,90,56
7894535.0,83,58
7894560.0,87,56
7894582.0,86,56
7894608.0,91,57
7894624.0,84,56
7894703.0,84,59
7894712.0,84,60
7894741.0,79,95
7894799.0,97,85
7894867.0,97,84
7894906.0,87,69
7894922.0,81,65
7894925.0,91,58
7894930.0,86,60
7894934.0,89,55
7894950.0,90,55
7894964.0,89,56
7894964.0,87,62
7894976.0,95,85
7895062.0,92,62
7895063.0,83,58
7895150.0,83,57
7895152.0,81,59
7895156.0,89,57
7895171.0,84,55
7895187.0,79,94
7895196.0,97,85
7895225.0,85,61
7895325.0,98,75
7895328.0,90,56
7895389.0,89,60
7895391.0,82,65
7895442.0,88,58
7895455.0,86,55
7895459.0,84,67
7895501.0,83,59
7895510.0,91,62
7895524.0,83,56
7895603.0,81,58
7895609.0,91,60
7895644.0,84,66
7895664.0,87,58
7895666.0,98,75
7895732.0,90,57
7895752.0,83,65
7895792.0,83,64
7895818.0,84,65
7895879.0,83,60
7895884.0,83,58
7895911.0,86,61
7895932.0,91,57
7896000.0,89,57
7896042.0,92,61
7896062.0,82,62
7896070.0,84,58
7896073.0,83,57
7896086.0,83,67
7896092.0,89,58
7896107.0,81,60
7896115.0,87,56
7896125.0,93,61
7896169.0,83,58
7896198.0,82,64
7896215.0,88,57
7896222.0,93,62
7896225.0,84,57
7896230.0,81,65
7896306.0,82,66
7896311.0,91,56
7896315.0,87,56
7896331.0,84,62
7896335.0,94,65
7896342.0,90,55
7896520.0,83,66
7896526.0,94,62
7896539.0,97,73
7896561.0,84,61
7896580.0,84,60
7896600.0,86,74
7896713.0,91,58
7896737.0,96,73
7896757.0,88,57
7896764.0,90,57
7896772.0,87,60
7896894.0,93,61
7896916.0,83,61
7896919.0,81,65
7896942.0,86,55
7896999.0,82,58
7897042.0,82,59
7897072.0,81,64
7897085.0,94,64
7897089.0,88,59
7897101.0,87,55
7897128.0,89,60
7897149.0,94,61
7897181.0,92,60
7897269.0,88,57
7897333.0,83,59
7897345.0,81,59
7897364.0,88,55
7897372.0,87,56
7897421.0,87,61
7897446.0,92,60
7897458.0,83,56
7897461.0,89,59
7897482.0,55,68
7897495.0,87,57
7897541.0,85,67
7897543.0,95,66
7897565.0,91,61
7897580.0,95,67
7897597.0,89,60
7897637.0,82,64
7897708.0,85,60
7897710.0,85,56
7897791.0,87,55
7897826.0,85,68
7897827.0,89,58
7897827.0,82,65
7897901.0,82,58
7897907.0,95,67
7897916.0,84,68
7897925.0,83,66
7897931.0,87,68
7897977.0,86,59
7897999.0,88,57
7898088.0,86,57
7898161.0,88,55
7898165.0,84,67
7898181.0,92,61
7898184.0,90,56
7898203.0,91,59
7898209.0,91,58
7898218.0,83,60
7898235.0,85,75
7898244.0,78,76
7898303.0,84,57
7898343.0,88,56
7898353.0,90,56
7898357.0,81,65
7898380.0,87,58
7898380.0,82,65
7898440.0,88,60
7898474.0,96,72
7898482.0,88,59
7898504.0,84,56
7898593.0,87,55
7898641.0,95,66
7898706.0,89,59
7898719.0,83,73
7898726.0,83,56
7898749.0,86,68
7898760.0,84,58
7898796.0,83,67
7898812.0,87,55
7898864.0,83,63
7898912.0,90,60
7898915.0,84,56
7898938.0,81,64
7898947.0,88,59
7899011.0,93,64
7899040.0,81,58
7899042.0,90,58
7899095.0,89,56
7899109.0,85,69
7899111.0,83,59
7899124.0,96,85
7899187.0,85,59
7899216.0,90,59
7899374.0,83,66
7899433.0,89,55
7899442.0,86,56
7899444.0,95,66
7899445.0,81,59
7899459.0,88,56
7899460.0,93,63
7899473.0,84,63
7899481.0,84,56
7899503.0,73,89
7899541.0,88,74
7899555.0,80,73
7899557.0,87,59
7899575.0,82,64
7899660.0,82,56
7899709.0,91,59
7899713.0,85,56
7899718.0,66,70
7899782.0,88,55
7899786.0,77,77
7899854.0,95,66
7899875.0,82,61
7899919.0,84,56
7899927.0,81,58
7899935.0,86,60
7899954.0,82,66
7899961.0,88,59
7899968.0,91,60
7900025.0,84,62
7900031.0,87,62
7900043.0,89,68
7900056.0,80,59
7900085.0,82,57
7900097.0,83,57
7900103.0,83,66
7900135.0,81,66
7900157.0,94,64
7900161.0,88,59
7900192.0,90,57
7900215.0,95,85
7900217.0,83,59
7900230.0,91,60
7900281.0,82,63
7900350.0,78,98
7900383.0,89,64
7900395.0,84,61
7900404.0,84,55
7900424.0,89,60
7900427.0,87,58
7900432.0,89,55
7900445.0,86,58
7900460.0,82,60
7900474.0,80,60
7900517.0,81,65
7900603.0,91,71
7900617.0,89,57
7900652.0,82,59
7900705.0,88,68
7900741.0,74,89
7900752.0,85,55
7900763.0,91,60
7900766.0,80,59
7900777.0,95,85
7900805.0,87,57
7900811.0,94,64
7900859.0,88,57
7900868.0,84,67
7900910.0,87,60
7900931.0,85,68
7900934.0,83,65
7900945.0,84,58
7900958.0,87,61
7900981.0,99,76
7901054.0,87,59
7901074.0,90,71
7901090.0,82,57
7901098.0,84,68
7901115.0,91,60
7901126.0,85,58
7901177.0,90,57
7901192.0,81,81
7901213.0,81,58
7901272.0,86,59
7901272.0,84,56
7901276.0,91,71
7901326.0,85,55
7901337.0,95,67
7901340.0,81,64
7901405.0,86,67
7901429.0,77,78
7901499.0,90,61
7901519.0,80,59
7901583.0,87,58
7901636.0,87,68
7901657.0,82,66
7901660.0,91,71
7901660.0,88,60
7901707.0,85,66
7901713.0,89,56
7901726.0,82,56
7901754.0,80,60
7901771.0,83,64
7901792.0,86,68
7901821.0,94,66
7901825.0,88,57
7901843.0,88,70
7901879.0,89,55
7901921.0,87,70
7901970.0,91,60
7901982.0,84,57
7902023.0,87,58
7902068.0,93,63
7902081.0,83,57
7902087.0,81,59
7902101.0,85,55
7902106.0,82,59
7902160.0,82,57
7902205.0,83,56
7902268.0,85,66
7902327.0,81,60
7902337.0,89,55
7902344.0,90,60
7902393.0,86,57
7902420.0,94,65
7902469.0,80,59
7902488.0,83,65
7902507.0,87,70
7902548.0,91,60
7902583.0,96,72
7902587.0,85,57
7902589.0,81,65
7902600.0,85,65
7902614.0,87,58
7902617.0,91,71
7902628.0,93,65
7902697.0,88,60
7902719.0,81,61
7902731.0,85,55
7902795.0,88,58
7902801.0,89,56
7902834.0,86,58
7902838.0,89,57
7902850.0,81,66
7902867.0,87,58
7902925.0,92,62
7902953.0,91,57
7902962.0,95,70
7902977.0,84,56
7903022.0,83,66
7903039.0,85,56
7903070.0,83,68
7903074.0,83,56
7903094.0,82,67
7903114.0,88,56
7903233.0,86,56
7903256.0,80,60
7903260.0,90,58
7903315.0,87,56
7903325.0,82,60
7903399.0,90,56
7903443.0,82,58
7903469.0,91,57
7903512.0,85,64
7903546.0,82,64
7903556.0,83,57
7903579.0,86,56
7903583.0,83,60
7903628.0,87,59
7903629.0,84,59
7903663.0,86,57
7903685.0,90,56
7903697.0,95,69
7903729.0,89,58
7903746.0,82,66
7903759.0,85,57
7903800.0,88,69
7903855.0,88,58
7903876.0,81,66
7903898.0,89,56
7903914.0,85,56
7904013.0,86,60
7904041.0,87,55
7904050.0,67,57
7904073.0,91,57
7904098.0,84,66
7904109.0,88,60
7904118.0,81,60
7904119.0,87,85
7904120.0,87,86
7904123.0,85,54
7904139.0,90,55
7904140.0,95,72
7904181.0,90,79
7904189.0,80,61
7904204.0,81,59
7904205.0,85,61
7904255.0,92,61
7904359.0,88,60
7904364.0,83,66
7904369.0,56,69
7904388.0,81,63
7904407.0,82,57
7904445.0,87,69
7904452.0,88,55
7904553.0,82,61
7904603.0,90,55
7904710.0,83,58
7904728.0,84,58
7904757.0,87,56
7904760.0,84,68
7904796.0,91,61
7904911.0,83,68
7904912.0,85,58
7904919.0,87,85
7904961.0,86,61
7904976.0,88,59
7904984.0,89,69
7904985.0,90,58
7905012.0,91,62
7905032.0,82,56
7905041.0,81,59
7905042.0,89,70
7905074.0,91,63
7905077.0,83,67
7905128.0,89,56
7905140.0,82,59
7905164.0,82,65
7905202.0,83,61
7905222.0,87,86
7905255.0,90,58
7905265.0,92,62
7905267.0,87,59
7905270.0,90,69
7905363.0,87,60
7905384.0,87,55
7905407.0,81,59
7905410.0,81,66
7905426.0,85,56
7905431.0,90,59
7905505.0,82,66
7905516.0,89,82
7905541.0,81,65
7905655.0,92,62
7905659.0,91,60
7905745.0,80,60
7905769.0,93,63
7905778.0,81,60
7905799.0,87,85
7905801.0,80,61
7905815.0,89,82
7905818.0,88,56
7905822.0,90,73
7905843.0,88,55
7905883.0,86,73
7905885.0,87,57
7905886.0,80,59
7905912.0,93,77
7905912.0,73,90
7905919.0,82,60
7905932.0,86,59
7905959.0,81,59
7905963.0,94,65
7905985.0,89,68
7906049.0,81,57
7906067.0,87,86
7906092.0,96,71
7906103.0,84,57
7906120.0,90,57
7906167.0,84,62
7906207.0,93,77
7906208.0,90,73
7906230.0,82,59
7906240.0,55,70
7906277.0,88,59
7906305.0,96,81
7906318.0,87,62
7906319.0,81,59
7906331.0,82,57
7906344.0,91,60
7906365.0,83,67
7906368.0,91,68
7906369.0,84,64
7906445.0,89,57
7906472.0,84,67
7906514.0,92,62
7906520.0,87,85
7906534.0,86,58
7906559.0,82,65
7906623.0,94,84
7906625.0,91,61
7906724.0,95,85
7906735.0,82,62
7906747.0,83,62
7906783.0,92,62
7906806.0,90,57
7906809.0,82,61
7906810.0,89,58
7906867.0,86,84
7906883.0,84,66
7906885.0,93,77
7906929.0,88,61
7906947.0,85,58
7906956.0,87,57
7906981.0,83,57
7907036.0,91,61
7907053.0,80,62
7907155.0,85,68
7907188.0,81,57
7907252.0,91,60
7907261.0,83,64
7907275.0,89,60
7907277.0,90,59
7907286.0,86,69
7907309.0,88,60
7907311.0,88,57
7907358.0,81,59
7907450.0,80,60
7907458.0,81,65
7907466.0,90,66
7907511.0,92,63
7907581.0,80,59
7907590.0,89,57
7907603.0,86,60
7907613.0,85,69
7907613.0,77,98
7907621.0,92,62
7907707.0,89,59
7907736.0,90,61
7907742.0,86,61
7907757.0,84,56
7907833.0,83,58
7907835.0,85,57
7907876.0,91,60
7907897.0,81,58
7907907.0,91,61
7908053.0,66,72
7908069.0,84,68
7908154.0,87,56
7908174.0,85,64
7908176.0,88,85
7908202.0,81,66
7908208.0,87,61
7908213.0,89,57
7908236.0,87,60
7908267.0,80,66
7908268.0,86,58
7908277.0,89,73
7908290.0,81,59
7908294.0,82,65
7908299.0,82,60
7908314.0,85,83
7908357.0,91,60
7908427.0,87,68
7908503.0,83,57
7908566.0,82,64
7908598.0,84,57
7908603.0,83,59
7908624.0,81,60
7908639.0,88,57
7908671.0,91,60
7908730.0,88,56
7908733.0,81,57
7908738.0,81,61
7908770.0,88,55
7908777.0,90,60
7908826.0,87,55
7908834.0,85,61
7908842.0,85,58
7908897.0,85,63
7908938.0,87,58
7908977.0,86,55
7909004.0,86,56
7909008.0,81,66
7909075.0,81,58
7909077.0,82,66
7909113.0,84,56
7909156.0,79,60
7909162.0,89,57
7909207.0,80,62
7909217.0,83,59
7909265.0,85,57
7909366.0,94,67
7909404.0,87,57
7909424.0,82,58
7909444.0,85,63
7909457.0,81,65
7909467.0,83,59
7909491.0,83,67
7909530.0,88,60
7909536.0,84,69
7909563.0,97,70
7909579.0,89,57
7909592.0,82,60
7909627.0,85,62
7909657.0,87,64
7909680.0,84,65
7909707.0,90,62
7909716.0,81,64
7909760.0,89,58
7909785.0,84,58
7909855.0,80,62
7909869.0,80,66
7909882.0,89,59
7909886.0,87,60
7909897.0,87,58
7909906.0,82,61
7909913.0,98,87
7909966.0,86,56
7910003.0,81,67
7910053.0,84,59
7910073.0,88,56
7910123.0,94,65
7910141.0,81,60
7910216.0,89,57
7910218.0,84,68
7910267.0,87,60
7910271.0,87,55
7910348.0,80,62
7910387.0,83,66
7910404.0,86,60
7910414.0,81,58
7910445.0,89,57
7910512.0,89,62
7910549.0,87,65
7910700.0,82,68
7910704.0,84,66
7910724.0,83,58
7910843.0,82,65
7910850.0,81,62
7910869.0,97,72
7910880.0,79,61
7910884.0,91,64
7910899.0,89,58
7910899.0,82,58
7910925.0,82,57
7910945.0,90,68
7910957.0,97,71
7910957.0,88,68
7910993.0,90,60
7911016.0,84,61
7911032.0,82,67
7911146.0,86,59
7911155.0,97,74
7911189.0,83,62
7911208.0,86,56
7911328.0,80,63
7911350.0,95,64
7911401.0,87,59
7911410.0,80,61
7911438.0,85,61
7911441.0,87,60
7911698.0,76,68
7911723.0,90,60
7911726.0,87,56
7911838.0,83,66
7911858.0,88,58
7911858.0,91,61
7911861.0,83,57
7911897.0,87,58
7911955.0,84,58
7911966.0,83,65
7911967.0,89,67
7912007.0,81,59
7912050.0,79,61
7912065.0,86,57
7912098.0,41,107
7912102.0,89,60
7912133.0,86,61
7912137.0,81,57
7912155.0,83,67
7912163.0,83,63
7912168.0,87,60
7912185.0,91,80
7912186.0,82,57
7912226.0,91,61
7912339.0,55,69
7912383.0,87,55
7912414.0,83,68
7912486.0,87,69
7912498.0,85,58
7912510.0,82,62
7912612.0,85,59
7912636.0,84,57
7912652.0,87,57
7912737.0,89,58
7912758.0,87,59
7912789.0,84,58
7912797.0,85,58
7912840.0,81,67
7912971.0,82,61
7913004.0,93,65
7913020.0,88,57
7913062.0,79,61
7913102.0,86,70
7913113.0,81,58
7913311.0,89,58
7913314.0,91,61
7913324.0,80,61
7913448.0,78,61
7913452.0,89,59
7913459.0,86,57
7913536.0,88,61
7913599.0,86,69
7913679.0,80,60
7913774.0,86,56
7913872.0,84,57
7913955.0,85,56
7914003.0,88,61
7914045.0,79,61
7914170.0,83,60
7914294.0,82,67
7914412.0,85,58
7914415.0,81,61
7914417.0,83,61
7914424.0,81,57
7914426.0,88,58
7914445.0,83,72
7914493.0,83,59
7914500.0,92,63
7914505.0,88,57
7914574.0,84,68
7914669.0,89,59
7914686.0,81,58
7914732.0,62,125
7914761.0,88,83
7914790.0,83,57
7914829.0,84,60
7914846.0,82,59
7914898.0,82,66
7914917.0,90,62
7914923.0,87,56
7914993.0,85,58
7915049.0,82,65
7915076.0,91,61
7915085.0,85,62
7915134.0,86,59
7915149.0,85,56
7915218.0,84,58
7915243.0,62,125
7915281.0,80,60
7915387.0,91,61
7915445.0,85,69
7915459.0,80,58
7915459.0,84,61
7915462.0,81,67
7915502.0,89,61
7915502.0,80,67
7915527.0,84,59
7915549.0,85,70
7915600.0,85,58
7915604.0,84,57
7915637.0,86,60
7915700.0,81,64
7915736.0,80,64
7915873.0,90,61
7915896.0,86,58
7915909.0,85,58
7915936.0,87,57
7916009.0,85,56
7916012.0,79,62
7916018.0,86,59
7916026.0,88,59
7916106.0,84,57
7916152.0,87,60
7916203.0,96,72
7916226.0,80,61
7916228.0,87,56
7916236.0,84,69
7916239.0,82,57
7916262.0,83,58
7916328.0,61,124
7916411.0,84,67
7916458.0,86,56
7916469.0,82,66
7916581.0,64,48
7916674.0,83,59
7916720.0,90,63
7916743.0,84,62
7916760.0,88,60
7916763.0,85,56
7916783.0,88,58
7916827.0,96,72
7916892.0,83,69
7916921.0,81,67
7916938.0,86,60
7917008.0,81,63
7917018.0,87,61
7917078.0,84,66
7917099.0,83,57
7917137.0,80,64
7917145.0,80,82
7917171.0,91,62
7917194.0,81,60
7917310.0,79,61
7917358.0,83,68
7917374.0,86,58
7917415.0,81,58
7917492.0,87,60
7917497.0,83,56
7917500.0,81,66
7917507.0,86,55
7917591.0,87,61
7917605.0,85,61
7917638.0,84,58
7917712.0,89,60
7917785.0,89,58
7917791.0,83,56
7917802.0,85,59
7917806.0,90,71
7917810.0,83,69
7917849.0,81,59
7917865.0,85,57
7918049.0,87,58
7918063.0,90,61
7918102.0,92,63
7918103.0,91,63
7918122.0,89,58
7918143.0,88,58
7918160.0,81,65
7918231.0,85,60
7918283.0,83,69
7918296.0,97,72
7918343.0,67,76
7918347.0,83,57
7918392.0,86,61
7918410.0,63,57
7918411.0,80,83
7918435.0,95,66
7918454.0,80,59
7918533.0,86,60
7918534.0,79,62
7918540.0,81,66
7918571.0,86,57
7918575.0,81,61
7918601.0,91,62
7918605.0,97,72
7918607.0,82,60
7918609.0,88,71
7918625.0,80,67
7918641.0,90,60
7918674.0,84,61
7918717.0,84,59
7918720.0,85,56
7918723.0,99,86
7918788.0,69,49
7918855.0,89,60
7918874.0,91,62
7918900.0,105,76
7918950.0,82,59
7918962.0,82,62
7918964.0,87,70
7918998.0,82,67
7919010.0,85,67
7919047.0,90,60
7919068.0,84,58
7919099.0,89,60
7919118.0,80,66
7919147.0,89,58
7919161.0,87,57
7919166.0,68,49
7919175.0,85,59
7919196.0,99,85
7919213.0,83,57
7919214.0,85,57
7919284.0,82,66
7919392.0,85,62
7919407.0,86,56
7919416.0,91,62
7919457.0,83,58
7919502.0,80,59
7919544.0,83,56
7919549.0,96,72
7919550.0,88,58
7919563.0,89,58
7919597.0,87,68
7919732.0,85,59
7919764.0,81,62
7919831.0,87,58
7919890.0,99,77
7919919.0,88,58
7919966.0,80,67
7920001.0,83,63
7920057.0,83,66
7920115.0,79,63
7920121.0,86,59
7920172.0,81,59
7920341.0,99,77
7920344.0,80,62
7920356.0,83,56
7920359.0,86,77
7920373.0,80,59
7920396.0,86,69
7920407.0,83,61
7920412.0,86,56
7920484.0,82,68
7920502.0,80,61
7920579.0,81,61
7920730.0,87,57
7920734.0,85,63
7920746.0,81,58
7920752.0,81,66
7920770.0,88,58
7920774.0,68,66
7920803.0,85,59
7920815.0,86,56
7920875.0,89,60
7920976.0,82,69
7920982.0,83,57
7920992.0,84,58
7921054.0,81,67
7921084.0,84,64
7921101.0,82,59
7921162.0,83,62
7921189.0,88,58
7921272.0,85,64
7921290.0,68,66
7921343.0,85,59
7921353.0,82,63
7921390.0,91,61
7921394.0,83,59
7921471.0,97,71
7921508.0,86,58
7921545.0,84,60
7921610.0,83,64
7921663.0,82,58
7921707.0,89,61
7921728.0,90,61
7921742.0,86,57
7921759.0,85,69
7921761.0,88,60
7921775.0,84,62
7921809.0,83,56
7921824.0,84,69
7921849.0,89,60
7921909.0,86,56
7921917.0,80,61
7921936.0,84,65
7921938.0,87,61
7921992.0,87,69
7922004.0,82,57
7922007.0,86,59
7922027.0,85,57
7922064.0,86,60
7922114.0,89,60
7922147.0,81,58
7922177.0,83,68
7922254.0,84,56
7922258.0,92,63
7922281.0,83,67
7922306.0,85,58
7922352.0,88,59
7922428.0,82,60
7922544.0,84,70
7922630.0,85,59
7922638.0,69,54
7922682.0,79,60
7922683.0,81,65
7922732.0,82,61
7922813.0,82,65
7922954.0,81,59
7923040.0,84,59
7923069.0,95,68
7923119.0,83,60
7923237.0,79,62
7923281.0,85,59
7923598.0,80,61
7923672.0,84,71
7923682.0,84,57
7923711.0,80,59
7923821.0,86,70
7923841.0,87,59
7923845.0,84,72
7923861.0,79,61
7923920.0,80,61
7924008.0,84,56
7924040.0,85,61
7924094.0,85,58
7924114.0,85,56
7924115.0,88,58
7924158.0,80,60
7924288.0,81,58
7924289.0,86,71
7924300.0,81,57
7924310.0,87,58
7924332.0,86,61
7924334.0,90,63
7924365.0,88,59
7924385.0,89,60
7924421.0,90,59
7924504.0,85,60
7924577.0,74,68
7924632.0,89,59
7924665.0,85,57
7924680.0,91,62
7924682.0,86,60
7924690.0,81,57
7924711.0,82,60
7924727.0,84,57
7924783.0,88,59
7924827.0,88,58
7924915.0,90,59
7924937.0,83,59
7925047.0,86,57
7925053.0,86,58
7925067.0,91,62
7925070.0,85,56
7925071.0,83,58
7925110.0,82,58
7925167.0,84,59
7925177.0,79,61
7925330.0,81,67
7925425.0,90,59
7925602.0,86,71
7925714.0,89,62
7925746.0,86,60
7925862.0,80,61
7925879.0,81,61
7925989.0,97,74
7926022.0,84,57
7926182.0,87,58
7926207.0,91,62
7926266.0,80,58
7926344.0,90,59
7926365.0,100,75
7926409.0,88,59
7926414.0,79,62
7926454.0,81,60
7926466.0,84,59
7926499.0,92,63
7926535.0,85,56
7926596.0,83,58
7926633.0,86,61
7926662.0,81,58
7926693.0,87,59
7926848.0,85,70
7926902.0,68,56
7926940.0,91,62
7926968.0,84,69
7927120.0,79,63
7927128.0,86,57
7927151.0,93,64
7927229.0,100,75
7927263.0,55,107
7927275.0,86,71
7927417.0,85,60
7927422.0,79,61
7927437.0,80,59
7927490.0,82,68
7927678.0,84,60
7927754.0,87,60
7927807.0,86,58
7927874.0,88,87
7927970.0,85,60
7927974.0,85,59
7928120.0,83,59
7928158.0,87,58
7928176.0,86,62
7928178.0,81,63
7928267.0,87,70
7928273.0,79,64
7928285.0,85,58
7928385.0,84,58
7928396.0,87,58
7928411.0,82,60
7928463.0,80,60
7928474.0,87,61
7928505.0,88,61
7928636.0,99,75
7928665.0,85,57
7928730.0,82,66
7928808.0,85,60
7928881.0,81,68
7928916.0,85,69
7929037.0,57,73
7929112.0,43,87
7929272.0,85,60
7929392.0,84,70
7929406.0,57,73
7929414.0,83,70
7929463.0,89,61
7929487.0,87,58
7929527.0,84,62
7929536.0,84,56
7929595.0,80,61
7929610.0,97,73
7929630.0,98,76
7929695.0,99,75
7929697.0,80,69
7929698.0,84,59
7929738.0,84,58
7929748.0,87,58
7929779.0,80,115
7929809.0,83,58
7929932.0,57,73
7929933.0,82,73
7929977.0,83,62
7929983.0,88,62
7930037.0,99,75
7930080.0,81,75
7930088.0,54,69
7930120.0,82,61
7930155.0,57,72
7930156.0,87,69
7930174.0,55,58
7930279.0,57,73
7930348.0,82,64
7930357.0,79,62
7930407.0,86,73
7930433.0,81,60
7930456.0,88,124
7930479.0,84,57
7930497.0,81,64
7930532.0,81,62
7930545.0,88,60
7930593.0,80,68
7930664.0,83,60
7930837.0,91,70
7930846.0,80,63
7930890.0,84,63
7931039.0,83,61
7931139.0,84,67
7931153.0,81,59
7931245.0,87,74
7931248.0,84,58
7931260.0,84,57
7931318.0,82,59
7931424.0,83,57
7931453.0,85,57
7931588.0,55,77
7931631.0,82,60
7931634.0,83,69
7931634.0,87,124
7931646.0,72,90
7931658.0,86,59
7931662.0,85,58
7931728.0,88,124
7931732.0,83,59
7931990.0,86,70
7932008.0,80,67
7932036.0,80,65
7932109.0,79,62
7932155.0,85,68
7932163.0,64,95
7932206.0,85,59
7932252.0,87,124
7932386.0,80,62
7932409.0,81,63
7932436.0,65,95
7932500.0,83,57
7932536.0,82,58
7932693.0,85,63
7932806.0,71,52
7932814.0,87,58
7932876.0,80,62
7932959.0,64,95
7932980.0,86,57
7933005.0,86,58
7933009.0,82,57
7933048.0,81,63
7933134.0,87,58
7933364.0,87,59
7933365.0,85,57
7933398.0,87,71
7933410.0,85,62
7933484.0,83,57
7933619.0,87,124
7933671.0,82,57
7933905.0,55,60
7934183.0,87,58
7934245.0,89,61
7934339.0,85,58
7934376.0,86,58
7934480.0,87,58
7934578.0,81,67
7934706.0,87,60
7934826.0,86,61
7934973.0,81,68
7934987.0,81,66
7934996.0,87,58
7935132.0,82,58
7935172.0,80,60
7935460.0,85,57
7935542.0,87,59
7935559.0,89,64
7935657.0,82,67
7935726.0,83,59
7935912.0,82,59
7936003.0,80,59
7936102.0,84,58
7936156.0,80,61
7936177.0,85,56
7936207.0,88,60
7936393.0,80,67
7936437.0,83,57
7936538.0,86,58
7936542.0,81,60
7936642.0,84,56
7936670.0,86,60
7936801.0,83,58
7936865.0,60,78
7937128.0,84,69
7937176.0,59,78
7937287.0,60,78
7937300.0,85,56
7937372.0,79,61
7937449.0,81,58
7937485.0,109,100
7937554.0,82,68
7937635.0,85,60
7937738.0,84,59
7937784.0,81,59
7937884.0,84,56
7937936.0,79,61
7938164.0,59,78
7938389.0,85,70
7938510.0,60,78
7938625.0,93,64
7938678.0,82,64
7938755.0,86,61
7938860.0,75,85
7938867.0,56,71
7938874.0,59,78
7938901.0,84,56
7939103.0,76,85
7939250.0,83,58
7939285.0,60,78
7939309.0,82,62
7939346.0,84,57
7939465.0,82,58
7939502.0,75,85
7939552.0,86,59
7939564.0,84,56
7939612.0,59,78
7939625.0,87,59
7939788.0,83,59
7939935.0,60,78
7939988.0,82,58
7940007.0,85,71
7940058.0,98,71
7940063.0,95,67
7940263.0,69,54
7940524.0,85,58
7940563.0,85,59
7940633.0,97,72
7940745.0,79,86
7940749.0,59,78
7940880.0,60,78
7940995.0,77,86
7941020.0,85,60
7941038.0,98,72
7941075.0,96,86
7941237.0,84,58
7941669.0,82,58
7941675.0,59,78
7941790.0,95,85
7942201.0,95,85
7942310.0,84,85
7942393.0,59,78
7942517.0,85,61
7942546.0,101,72
7942612.0,84,85
7943037.0,61,115
7943089.0,85,85
7943149.0,84,57
7943731.0,84,56
7944269.0,91,72
7944413.0,94,69
7944503.0,98,73
7944625.0,97,73
7944670.0,84,56
7944831.0,98,72
7944846.0,91,71
7945349.0,91,71
7945420.0,95,69
7945928.0,54,70
7946482.0,95,67
7946874.0,83,58
7947303.0,94,66
7947318.0,64,78
7947363.0,83,59
7947407.0,85,59
7947915.0,64,78
7948642.0,40,104
7948825.0,85,58
7949256.0,82,58
7949568.0,99,76
7949782.0,84,58
7949888.0,100,75
7949897.0,101,75
7950443.0,55,79
7950592.0,105,84
7950790.0,83,59
7950894.0,84,57
7950970.0,96,68
7951069.0,93,64
7951094.0,101,75
7951236.0,91,72
7951238.0,82,58
7951342.0,81,63
7951342.0,94,65
7951451.0,80,62
7951720.0,101,75
7951766.0,80,61
7952070.0,42,83
7952196.0,55,61
7952717.0,83,57
7952798.0,97,70
7952820.0,97,71
7953237.0,96,71
7953250.0,82,58
7953327.0,79,63
7953587.0,92,63
7953607.0,82,60
7954009.0,84,62
7954176.0,83,65
7954358.0,88,60
7954433.0,91,62
7954479.0,82,62
7954492.0,81,60
7954603.0,85,63
7954631.0,93,67
7954777.0,81,60
7954804.0,69,103
7954985.0,82,59
7955068.0,82,62
7955188.0,82,68
7955227.0,97,71
7955508.0,69,103
7955568.0,81,60
7955594.0,80,62
7955672.0,93,64
7955848.0,56,76
7955874.0,87,59
7955944.0,81,59
7955958.0,58,70
7956123.0,93,68
7956216.0,88,60
7956238.0,83,63
7956287.0,81,66
7956325.0,80,65
7956502.0,81,63
7956507.0,57,75
7956595.0,82,66
7956802.0,94,65
7956838.0,57,75
7956852.0,80,60
7956896.0,82,58
7957010.0,83,67
7957017.0,81,68
7957077.0,89,75
7957104.0,88,60
7957242.0,84,63
7957417.0,92,63
7957432.0,69,102
7957435.0,82,61
7957461.0,79,62
7957470.0,82,63
7957770.0,95,66
7957969.0,82,60
7958015.0,87,59
7958020.0,91,62
7958047.0,82,67
7958259.0,84,67
7958263.0,80,63
7958328.0,98,73
7958358.0,86,58
7958410.0,79,60
7958547.0,99,74
7958650.0,93,73
7958772.0,88,60
7958788.0,90,61
7958825.0,85,59
7958877.0,89,74
7958918.0,98,73
7958960.0,91,71
7958997.0,91,74
7959061.0,99,75
7959099.0,81,67
7959126.0,91,62
7959163.0,87,59
7959199.0,86,66
7959217.0,94,65
7959254.0,90,71
7959550.0,89,74
7959586.0,99,75
7959593.0,84,68
7959690.0,84,59
7959716.0,91,61
7959724.0,86,58
7959973.0,98,73
7959987.0,88,61
7960121.0,83,59
7960166.0,80,60
7960170.0,95,66
7960263.0,90,61
7960296.0,88,74
7960354.0,81,60
7960369.0,88,60
7960369.0,98,73
7960382.0,84,58
7960387.0,80,61
7960408.0,79,63
7960427.0,85,70
7960457.0,90,75
7960457.0,97,70
7960493.0,67,58
7960533.0,85,60
7960543.0,81,60
7960694.0,97,71
7960732.0,83,58
7960831.0,67,67
7960958.0,85,67
7960966.0,79,63
7961045.0,85,68
7961108.0,97,71
7961285.0,96,68
7961393.0,87,59
7961415.0,85,67
7961545.0,80,61
7961570.0,91,62
7961588.0,89,62
7961617.0,79,63
7961641.0,81,68
7961662.0,81,62
7961749.0,96,67
7961809.0,97,71
7961818.0,98,71
7961837.0,90,61
7961944.0,83,67
7962084.0,81,68
7962201.0,82,68
7962205.0,84,59
7962350.0,83,68
7962378.0,80,59
7962393.0,86,58
7962401.0,86,61
7962405.0,93,64
7962476.0,85,60
7962481.0,82,62
7962488.0,86,59
7962540.0,85,68
7962540.0,79,62
7962596.0,97,71
7962616.0,80,61
7962694.0,84,57
7962698.0,89,70
7962764.0,90,61
7962790.0,81,61
7962817.0,86,62
7962969.0,81,62
7963021.0,84,69
7963104.0,85,57
7963132.0,85,69
7963215.0,94,64
7963218.0,81,59
7963245.0,83,57
7963278.0,83,60
7963321.0,93,63
7963344.0,84,60
7963363.0,92,71
7963370.0,82,59
7963374.0,86,58
7963432.0,82,60
7963461.0,81,58
7963478.0,93,70
7963490.0,89,60
7963510.0,82,63
7963627.0,85,70
7963628.0,83,66
7963653.0,91,70
7963675.0,83,67
7963690.0,87,64
7963709.0,97,71
7963785.0,80,59
7963857.0,83,59
7963989.0,80,61
7963993.0,87,60
7964007.0,93,71
7964014.0,94,69
7964109.0,83,66
7964204.0,97,70
7964272.0,54,67
7964352.0,87,61
7964410.0,55,61
7964425.0,90,61
7964434.0,83,63
7964465.0,93,63
7964526.0,90,62
7964603.0,94,65
7964605.0,85,62
7964623.0,83,64
7964638.0,91,64
7964663.0,83,69
7964800.0,81,58
7964810.0,85,57
7964813.0,97,71
7964835.0,85,59
7964931.0,86,70
7965090.0,89,60
7965122.0,83,59
7965192.0,92,62
7965215.0,94,64
7965238.0,92,64
7965310.0,85,63
7965351.0,97,71
7965359.0,83,59
7965374.0,98,72
7965378.0,82,69
7965410.0,82,66
7965439.0,84,63
7965545.0,98,71
7965591.0,84,67
7965595.0,79,62
7965637.0,81,65
7965668.0,82,58
7965844.0,81,58
7965844.0,100,75
7965846.0,84,62
7965852.0,84,70
7965891.0,97,70
7965919.0,84,61
7965935.0,91,61
7965939.0,79,62
7966024.0,83,67
7966030.0,88,59
7966043.0,98,59
7966053.0,93,63
7966181.0,83,70
7966270.0,97,58
7966287.0,87,58
7966348.0,89,60
7966636.0,80,59
7966678.0,86,69
7966678.0,97,58
7966759.0,81,67
7966773.0,92,62
7966777.0,86,60
7966806.0,83,67
7966863.0,81,59
7966866.0,100,75
7966868.0,99,76
7966877.0,98,59
7966889.0,88,59
7966905.0,80,60
7966916.0,82,63
7966941.0,85,59
7966977.0,80,64
7966999.0,85,64
7967002.0,83,61
7967063.0,85,58
7967195.0,81,59
7967220.0,80,64
7967222.0,83,70
7967225.0,88,61
7967337.0,80,62
7967345.0,87,58
7967347.0,95,66
7967391.0,81,60
7967434.0,97,71
7967462.0,85,67
7967467.0,93,63
7967496.0,81,61
7967604.0,84,59
7967622.0,84,66
7967632.0,81,59
7967632.0,88,59
7967645.0,97,58
7967675.0,82,60
7967729.0,94,64
7967733.0,81,58
7967734.0,86,67
7967795.0,83,66
7967935.0,85,69
7967976.0,80,67
7967990.0,86,67
7967997.0,81,59
7968000.0,97,58
7968102.0,87,59
7968117.0,92,62
7968133.0,89,60
7968179.0,87,58
7968199.0,82,65
7968330.0,79,62
7968386.0,85,59
7968413.0,53,59
7968580.0,81,59
7968635.0,88,60
7968649.0,82,65
7968700.0,89,60
7968712.0,83,58
7968762.0,84,65
7968785.0,84,58
7968804.0,83,57
7968812.0,88,59
7968827.0,86,60
7968836.0,81,59
7968839.0,81,67
7968908.0,91,61
7968910.0,82,67
7968942.0,82,59
7968980.0,87,58
7969000.0,84,57
7969084.0,86,67
7969175.0,86,57
7969351.0,81,66
7969366.0,88,71
7969418.0,82,61
7969421.0,90,80
7969458.0,81,61
7969568.0,87,71
7969575.0,83,57
7969588.0,82,66
7969665.0,84,69
7969692.0,91,61
7969914.0,83,68
7969915.0,87,58
7969925.0,93,63
7969943.0,86,57
7969960.0,87,71
7969985.0,92,70
7970023.0,82,65
7970033.0,86,59
7970045.0,83,59
7970058.0,98,71
7970063.0,88,59
7970113.0,84,64
7970153.0,92,62
7970162.0,63,46
7970196.0,99,71
7970201.0,82,62
7970213.0,87,70
7970393.0,81,66
7970399.0,88,69
7970421.0,81,68
7970470.0,87,61
7970520.0,85,70
7970529.0,81,60
7970604.0,98,72
7970656.0,82,66
7970687.0,84,60
7970736.0,86,57
7970758.0,80,63
7970792.0,91,61
7970796.0,90,60
7970874.0,88,62
7970874.0,92,62
7970888.0,87,60
7970890.0,91,63
7971048.0,85,60
7971072.0,81,60
7971072.0,83,63
7971181.0,82,58
7971184.0,85,70
7971230.0,84,63
7971304.0,91,71
7971373.0,82,61
7971523.0,86,57
7971567.0,80,61
7971577.0,94,64
7971606.0,85,56
7971618.0,85,62
7971624.0,82,62
7971644.0,81,59
7971662.0,84,62
7971683.0,90,76
7971705.0,86,58
7971734.0,80,60
7971739.0,83,111
7971792.0,81,67
7971825.0,84,59
7971832.0,86,60
7971841.0,83,62
7971847.0,97,70
7971883.0,91,61
7971890.0,95,65
7971902.0,61,57
7971914.0,83,60
7971929.0,89,61
7971991.0,90,75
7972023.0,84,110
7972151.0,89,68
7972173.0,84,61
7972193.0,82,68
7972271.0,85,58
7972374.0,89,70
7972458.0,90,60
7972463.0,91,72
7972519.0,92,71
7972537.0,82,68
7972600.0,89,59
7972622.0,84,68
7972628.0,85,64
7972662.0,82,66
7972663.0,86,64
7972734.0,95,65
7972757.0,82,59
7972778.0,86,59
7972797.0,86,69
7972809.0,85,58
7972879.0,84,68
7972902.0,97,71
7972914.0,97,72
7972916.0,85,69
7972999.0,81,64
7973010.0,81,59
7973019.0,84,58
7973022.0,93,64
7973040.0,85,56
7973048.0,90,70
7973062.0,83,66
7973142.0,80,60
7973162.0,91,72
7973188.0,96,68
7973209.0,82,59
7973224.0,84,58
7973287.0,84,56
7973315.0,86,70
7973323.0,90,60
7973327.0,97,69
7973333.0,88,61
7973341.0,68,60
7973376.0,81,58
7973377.0,99,73
7973383.0,79,61
7973425.0,88,58
7973497.0,87,59
7973535.0,97,68
7973652.0,88,68
7973678.0,81,60
7973807.0,89,57
7973850.0,82,67
7973859.0,84,69
7973915.0,85,57
7973967.0,89,69
7973972.0,79,61
7973979.0,82,65
7973985.0,91,72
7974062.0,84,58
7974078.0,85,58
7974145.0,83,67
7974160.0,85,56
7974184.0,83,69
7974190.0,85,70
7974274.0,90,60
7974282.0,83,66
7974370.0,82,57
7974458.0,88,58
7974462.0,85,67
7974481.0,89,59
7974514.0,79,61
7974522.0,89,57
7974570.0,98,72
7974582.0,91,61
7974687.0,85,59
7974710.0,86,59
7974774.0,97,68
7974792.0,85,56
7974801.0,81,60
7974817.0,87,57
7974840.0,89,57
7974854.0,80,62
7974878.0,88,59
7974891.0,95,68
7974895.0,79,61
7974921.0,84,66
7974976.0,82,58
7974998.0,91,71
7975024.0,83,58
7975062.0,83,66
7975084.0,80,62
7975098.0,84,68
7975125.0,88,58
7975131.0,92,61
7975164.0,82,60
7975184.0,90,60
7975184.0,84,66
7975358.0,82,68
7975373.0,83,64
7975375.0,89,59
7975378.0,97,71
7975411.0,84,59
7975550.0,89,63
7975555.0,87,60
7975555.0,70,55
7975581.0,98,70
7975596.0,91,73
7975666.0,81,58
7975680.0,82,57
7975778.0,86,58
7975780.0,87,57
7975795.0,69,55
7975817.0,84,64
7975820.0,94,63
7975830.0,68,55
7975835.0,88,58
7975885.0,83,58
7975889.0,80,63
7975964.0,90,83
7975976.0,80,61
7976090.0,84,66
7976141.0,91,62
7976179.0,93,62
7976226.0,89,60
7976240.0,86,59
7976246.0,89,59
7976303.0,70,55
7976315.0,82,57
7976414.0,85,66
7976418.0,85,127
7976474.0,91,60
7976477.0,68,54
7976489.0,96,69
7976601.0,84,60
7976608.0,86,56
7976652.0,84,66
7976675.0,85,69
7976703.0,85,67
7976705.0,87,58
7976711.0,83,66
7976714.0,85,63
7976750.0,85,66
7976796.0,86,69
7976915.0,96,68
7976923.0,94,63
7976930.0,85,63
7976943.0,82,61
7976944.0,88,64
7977038.0,83,67
7977055.0,77,68
7977091.0,88,60
7977096.0,69,55
7977103.0,84,59
7977111.0,78,68
7977123.0,87,63
7977236.0,90,74
7977238.0,84,58
7977241.0,85,69
7977258.0,80,62
7977286.0,66,69
7977300.0,92,61
7977309.0,87,60
7977328.0,98,70
7977331.0,89,68
7977341.0,77,68
7977354.0,91,60
7977409.0,83,60
7977498.0,81,58
7977571.0,87,57
7977629.0,85,60
7977660.0,86,67
7977674.0,86,56
7977710.0,83,57
7977740.0,93,62
7977837.0,90,59
7977854.0,81,63
7977883.0,84,63
7977900.0,91,60
7977902.0,99,74
7977932.0,83,65
7977937.0,83,62
7977938.0,70,55
7977945.0,83,61
7977984.0,82,58
7977990.0,92,61
7978011.0,81,61
7978048.0,83,59
7978078.0,88,61
7978088.0,85,65
7978119.0,86,57
7978126.0,89,61
7978158.0,89,74
7978196.0,83,58
7978236.0,93,62
7978310.0,80,61
7978374.0,83,65
7978391.0,81,59
7978395.0,84,56
7978487.0,99,74
7978512.0,94,63
7978624.0,84,62
7978646.0,81,62
7978649.0,86,60
7978670.0,82,59
7978760.0,50,88
7978820.0,89,70
7978822.0,92,61
7978879.0,83,68
7978927.0,63,62
7978939.0,91,70
7978942.0,85,68
7978976.0,85,60
7978983.0,81,62
7979044.0,83,63
7979126.0,80,60
7979131.0,82,67
7979135.0,93,62
7979174.0,98,71
7979179.0,94,63
7979180.0,81,59
7979201.0,85,69
7979245.0,83,67
7979305.0,85,66
7979310.0,89,70
7979325.0,84,66
7979328.0,91,60
7979338.0,85,58
7979347.0,86,67
7979394.0,84,68
7979548.0,83,65
7979555.0,82,65
7979589.0,87,59
7979590.0,85,57
7979594.0,63,62
7979610.0,95,64
7979646.0,85,66
7979672.0,84,56
7979718.0,83,63
7979725.0,84,65
7979746.0,81,66
7979791.0,92,61
7979832.0,83,65
7979942.0,92,63
7979997.0,83,63
7979999.0,82,66
7980007.0,86,68
7980101.0,89,58
7980155.0,85,59
7980173.0,81,59
7980193.0,83,61
7980206.0,91,60
7980207.0,84,57
7980218.0,81,66
7980258.0,82,60
7980315.0,85,108
7980324.0,85,56
7980344.0,84,56
7980396.0,88,57
7980402.0,88,60
7980462.0,90,61
7980471.0,88,59
7980488.0,90,75
7980580.0,85,59
7980593.0,86,58
7980620.0,90,59
7980648.0,80,60
7980656.0,91,69
7980659.0,91,60
7980742.0,84,58
7980747.0,84,66
7980763.0,82,64
7980767.0,99,72
7980767.0,82,65
7980825.0,95,64
7980853.0,83,58
7980861.0,93,62
7980864.0,89,58
7980898.0,90,64
7980899.0,96,65
7980939.0,87,56
7980942.0,81,66
7980961.0,81,59
7981077.0,83,61
7981098.0,89,62
7981121.0,94,63
7981135.0,87,59
7981215.0,88,57
7981242.0,90,59
7981294.0,82,59
7981308.0,83,57
7981496.0,85,56
7981559.0,91,60
7981577.0,89,58
7981602.0,85,69
7981627.0,81,59
7981717.0,82,59
7981789.0,89,60
7981838.0,88,69
7981877.0,87,69
7981949.0,86,59
7981950.0,86,67
7981976.0,84,69
7981984.0,85,69
7981991.0,82,65
7982025.0,88,57
7982077.0,86,69
7982081.0,90,59
7982100.0,87,57
7982113.0,88,60
7982163.0,83,68
7982170.0,94,62
7982181.0,87,68
7982201.0,82,66
7982225.0,95,64
7982237.0,92,61
7982245.0,97,71
7982251.0,86,57
7982261.0,97,70
7982277.0,87,58
7982280.0,87,69
7982294.0,96,72
7982296.0,84,69
7982301.0,83,66
7982335.0,87,59
7982359.0,89,64
7982460.0,87,58
7982489.0,94,70
7982537.0,85,62
7982551.0,96,72
7982574.0,85,61
7982647.0,83,65
7982659.0,88,63
7982679.0,96,66
7982696.0,89,69
7982761.0,81,60
7982849.0,85,59
7982899.0,95,70
7982927.0,87,69
7982931.0,85,61
7983010.0,87,56
7983046.0,94,70
7983171.0,88,65
7983179.0,82,57
7983187.0,90,70
7983195.0,87,61
7983199.0,84,59
7983254.0,83,56
7983256.0,91,70
7983267.0,84,62
7983278.0,87,58
7983317.0,88,58
7983397.0,94,72
7983407.0,82,65
7983418.0,82,58
7983425.0,84,61
7983466.0,88,60
7983499.0,86,55
7983514.0,92,70
7983524.0,87,69
7983550.0,90,69
7983567.0,86,60
7983574.0,87,58
7983578.0,91,60
7983582.0,85,68
7983603.0,90,70
7983626.0,85,61
7983690.0,89,59
7983713.0,82,58
7983718.0,83,65
7983743.0,85,56
7983779.0,94,72
7983819.0,86,55
7983838.0,97,69
7983850.0,82,59
7983854.0,87,62
7983863.0,85,60
7983870.0,82,63
7983905.0,85,57
7983924.0,86,68
7983933.0,87,69
7983949.0,90,69
7984022.0,83,64
7984086.0,98,71
7984093.0,90,59
7984095.0,85,61
7984096.0,95,70
7984125.0,97,67
7984135.0,99,75
7984186.0,84,68
7984313.0,82,58
7984328.0,88,59
7984329.0,91,61
7984333.0,95,80
7984410.0,86,57
7984427.0,84,68
7984430.0,87,69
7984442.0,83,56
7984451.0,83,65
7984456.0,82,66
7984476.0,82,58
7984514.0,84,67
7984533.0,83,57
7984539.0,89,57
7984553.0,84,63
7984634.0,91,61
7984651.0,85,61
7984669.0,83,66
7984712.0,82,57
7984721.0,83,60
7984758.0,98,69
7984788.0,86,55
7984806.0,86,56
7984812.0,82,59
7984822.0,83,56
7984829.0,87,69
7984829.0,83,58
7984844.0,85,61
7984894.0,99,76
7984908.0,92,60
7984930.0,84,56
7984934.0,96,66
7984939.0,95,81
7984965.0,81,60
7984977.0,90,69
7984991.0,84,57
7984996.0,83,56
7985069.0,94,62
7985108.0,85,62
7985111.0,63,61
7985128.0,88,56
7985158.0,86,61
7985166.0,95,81
7985185.0,91,62
7985207.0,87,57
7985209.0,86,58
7985224.0,80,68
7985227.0,87,69
7985261.0,86,63
7985262.0,89,57
7985380.0,99,76
7985565.0,90,69
7985577.0,87,61
7985602.0,87,55
7985626.0,93,61
7985731.0,42,85
7985765.0,84,57
7985777.0,87,63
7985857.0,100,78
7985892.0,91,68
7985926.0,99,75
7985928.0,89,57
7985959.0,90,60
7985977.0,89,62
7985984.0,99,76
7986015.0,80,61
7986019.0,87,60
7986081.0,83,59
7986125.0,85,66
7986167.0,89,68
7986171.0,66,76
7986184.0,90,58
7986186.0,42,85
7986194.0,81,62
7986203.0,65,77
7986209.0,101,77
7986210.0,90,60
7986216.0,83,67
7986240.0,90,69
7986284.0,100,78
7986328.0,81,61
7986343.0,96,65
7986370.0,94,62
7986394.0,95,63
7986396.0,92,60
7986397.0,87,58
7986409.0,84,68
7986413.0,80,61
7986419.0,82,63
7986458.0,87,68
7986477.0,84,65
7986491.0,99,75
7986555.0,66,76
7986569.0,81,62
7986610.0,82,57
7986630.0,89,57
7986656.0,90,69
7986734.0,93,68
7986759.0,85,68
7986785.0,87,68
7986813.0,91,59
7986835.0,85,58
7986883.0,84,66
7986901.0,97,67
7986923.0,97,68
7986970.0,88,57
7986974.0,85,67
7987016.0,85,65
7987025.0,90,65
7987042.0,83,57
7987047.0,41,85
7987066.0,88,67
7987086.0,83,60
7987088.0,93,69
7987114.0,82,57
7987122.0,82,66
7987134.0,86,65
7987156.0,88,68
7987214.0,85,57
7987239.0,88,56
7987256.0,85,68
7987293.0,85,59
7987352.0,81,62
7987422.0,86,68
7987448.0,94,62
7987454.0,88,59
7987456.0,84,62
7987469.0,98,66
7987471.0,88,63
7987489.0,95,63
7987558.0,100,78
7987563.0,87,56
7987592.0,90,62
7987595.0,98,70
7987606.0,93,63
7987637.0,87,55
7987647.0,89,59
7987674.0,84,65
7987718.0,82,66
7987736.0,81,62
7987739.0,92,60
7987745.0,70,69
7987788.0,87,69
7987808.0,85,57
7987903.0,90,62
7987940.0,82,57
7987946.0,87,66
7987946.0,82,65
7987951.0,90,67
7987984.0,88,69
7988021.0,91,59
7988040.0,87,69
7988064.0,90,59
7988083.0,85,66
7988101.0,91,69
7988152.0,84,57
7988177.0,88,59
7988196.0,92,70
7988237.0,83,67
7988250.0,90,58
7988261.0,93,61
7988290.0,85,62
7988292.0,82,57
7988323.0,84,60
7988353.0,94,62
7988387.0,83,65
7988389.0,90,70
7988402.0,84,64
7988409.0,89,58
7988465.0,92,60
7988514.0,86,69
7988519.0,94,72
7988521.0,99,73
7988548.0,84,61
7988555.0,93,70
7988605.0,95,63
7988633.0,82,58
7988640.0,90,70
7988651.0,92,62
7988767.0,83,63
7988788.0,89,58
7988835.0,68,58
7988854.0,85,65
7988874.0,85,64
7988882.0,89,64
7988883.0,87,69
7988947.0,86,55
7988962.0,84,58
7989079.0,90,69
7989142.0,90,58
7989233.0,84,65
7989263.0,86,66
7989275.0,85,68
7989279.0,69,59
7989289.0,95,63
7989310.0,93,71
7989311.0,88,55
7989331.0,82,58
7989347.0,89,56
7989371.0,83,66
7989384.0,81,60
7989388.0,85,56
7989391.0,87,69
7989399.0,93,61
7989400.0,82,65
7989410.0,89,60
7989415.0,83,71
7989426.0,85,55
7989429.0,89,69
7989433.0,87,60
7989438.0,82,62
7989487.0,81,61
7989493.0,91,59
7989521.0,81,59
7989527.0,69,59
7989542.0,93,66
7989572.0,92,68
7989603.0,84,67
7989605.0,84,66
7989610.0,95,64
7989628.0,86,57
7989698.0,85,68
7989711.0,88,58
7989732.0,83,58
7989796.0,87,68
7989809.0,91,60
7989813.0,90,69
7989827.0,83,59
7989833.0,54,67
7989842.0,95,71
7989880.0,85,61
7989899.0,87,57
7989907.0,86,67
7989918.0,87,69
7990091.0,82,57
7990153.0,85,57
7990165.0,88,55
7990191.0,87,59
7990216.0,83,64
7990298.0,84,57
7990310.0,86,55
7990382.0,55,75
7990390.0,82,58
7990400.0,85,62
7990418.0,96,65
7990426.0,90,57
7990439.0,88,63
7990447.0,82,64
7990456.0,94,70
7990534.0,97,70
7990625.0,89,59
7990631.0,87,66
7990653.0,86,55
7990661.0,81,58
7990697.0,89,56
7990725.0,99,71
7990741.0,87,69
7990791.0,83,56
7990827.0,94,62
7990838.0,83,65
7990842.0,85,67
7990895.0,83,59
7990969.0,89,63
7991087.0,90,69
7991095.0,88,55
7991106.0,90,57
7991111.0,83,55
7991113.0,81,59
7991118.0,90,68
7991120.0,84,55
7991127.0,81,63
7991131.0,87,56
7991132.0,94,70
7991173.0,82,65
7991192.0,80,59
7991243.0,81,65
7991320.0,88,57
7991365.0,87,69
7991386.0,90,69
7991413.0,89,56
7991425.0,94,61
7991442.0,95,63
7991461.0,92,69
7991466.0,85,65
7991477.0,81,65
7991517.0,82,57
7991536.0,80,59
7991652.0,88,58
7991678.0,88,57
7991703.0,83,57
7991723.0,86,55
7991749.0,84,59
7991777.0,89,58
7991788.0,90,57
7991879.0,85,68
7991893.0,84,55
7991986.0,82,62
7991989.0,82,59
7992003.0,91,58
7992020.0,89,58
7992037.0,81,63
7992069.0,86,68
7992217.0,84,63
7992234.0,87,69
7992254.0,89,57
7992260.0,83,63
7992269.0,87,58
7992301.0,84,55
7992363.0,95,69
7992380.0,91,70
7992397.0,90,60
7992405.0,88,63
7992407.0,87,55
7992420.0,84,65
7992443.0,83,58
7992444.0,86,55
7992467.0,93,60
7992499.0,67,57
7992503.0,82,61
7992557.0,88,62
7992568.0,90,69
7992578.0,95,69
7992620.0,88,67
7992652.0,85,58
7992661.0,86,58
7992664.0,83,64
7992677.0,91,58
7992694.0,89,58
7992697.0,84,64
7992706.0,90,62
7992713.0,88,57
7992729.0,86,67
7992732.0,84,63
7992765.0,84,62
7992821.0,85,65
7992859.0,97,67
7992861.0,83,56
7992893.0,90,58
7992940.0,96,64
7992954.0,84,60
7993032.0,85,58
7993065.0,91,58
7993081.0,89,58
7993126.0,88,58
7993150.0,88,56
7993188.0,85,60
7993198.0,87,67
7993225.0,86,60
7993277.0,85,56
7993328.0,87,63
7993330.0,92,59
7993338.0,89,59
7993340.0,84,56
7993390.0,84,55
7993401.0,85,64
7993407.0,94,61
7993416.0,84,64
7993522.0,89,64
7993533.0,89,68
7993563.0,85,66
7993589.0,83,58
7993595.0,87,56
7993639.0,84,63
7993666.0,88,68
7993680.0,91,58
7993715.0,93,60
7993737.0,89,58
7993739.0,98,68
7993761.0,83,66
7993800.0,41,80
7993818.0,98,70
7993829.0,91,64
7993858.0,83,65
7993903.0,89,55
7993960.0,85,61
7993972.0,86,56
7993984.0,96,65
7994003.0,96,64
7994055.0,41,114
7994109.0,87,69
7994129.0,84,64
7994131.0,83,70
7994145.0,86,64
7994155.0,94,61
7994170.0,87,59
7994182.0,92,61
7994189.0,83,56
7994271.0,85,55
7994290.0,92,59
7994349.0,83,66
7994361.0,87,55
7994364.0,82,60
7994389.0,95,62
7994432.0,86,61
7994437.0,86,56
7994519.0,90,56
7994540.0,88,60
7994541.0,85,65
7994557.0,84,58
7994560.0,41,114
7994561.0,86,62
7994597.0,83,61
7994605.0,89,55
7994608.0,82,61
7994614.0,91,58
7994652.0,93,60
7994719.0,98,69
7994722.0,82,60
7994783.0,99,71
7994790.0,87,65
7994797.0,82,58
7994812.0,89,59
7994824.0,92,59
7994825.0,94,61
7994825.0,86,64
7994827.0,91,68
7994932.0,84,65
7994951.0,82,56
7994956.0,97,68
7994958.0,90,59
7994979.0,90,56
7995008.0,96,64
7995042.0,83,61
7995044.0,83,59
7995110.0,81,59
7995136.0,84,67
7995157.0,87,68
7995222.0,83,62
7995235.0,83,65
7995253.0,86,56
7995265.0,90,56
7995281.0,83,66
7995283.0,85,60
7995334.0,88,54
7995342.0,86,67
7995350.0,82,66
7995353.0,84,63
7995366.0,88,69
7995368.0,89,56
7995381.0,89,55
7995386.0,91,61
7995455.0,91,67
7995463.0,90,61
7995474.0,82,56
7995484.0,94,61
7995488.0,89,67
7995493.0,97,67
7995583.0,82,60
7995587.0,88,57
7995592.0,86,56
7995620.0,89,56
7995678.0,86,65
7995709.0,85,57
7995743.0,99,74
7995757.0,90,56
7995775.0,86,57
7995836.0,88,64
7995842.0,86,59
7995869.0,88,55
7995874.0,85,58
7995910.0,91,57
7995919.0,97,66
7995932.0,85,63
7995974.0,95,62
7995975.0,88,56
7995986.0,81,58
7995991.0,86,54
7996006.0,87,57
7996010.0,88,62
7996049.0,83,61
7996061.0,82,64
7996089.0,85,57
7996103.0,84,56
7996151.0,87,60
7996190.0,60,87
7996229.0,92,59
7996236.0,88,61
7996281.0,87,64
7996297.0,82,64
7996333.0,85,59
7996346.0,87,61
7996362.0,93,60
7996376.0,89,56
7996384.0,86,61
7996404.0,94,61
7996429.0,81,64
7996463.0,84,57
7996511.0,85,67
7996521.0,97,72
7996535.0,88,54
7996607.0,85,66
7996625.0,85,61
7996634.0,93,62
7996638.0,96,72
7996686.0,83,57
7996733.0,82,57
7996737.0,84,56
7996743.0,90,56
7996758.0,91,57
7996760.0,87,55
7996809.0,87,61
7996826.0,89,56
7996836.0,89,57
7996838.0,55,61
7996845.0,84,57
7996862.0,84,59
7996958.0,85,64
7997040.0,86,68
7997053.0,89,55
7997135.0,97,72
7997146.0,85,57
7997201.0,82,61
7997346.0,83,57
7997356.0,84,57
7997367.0,86,58
7997387.0,86,54
7997406.0,85,65
7997407.0,82,58
7997414.0,86,65
7997430.0,83,63
7997431.0,95,62
7997443.0,86,68
7997446.0,95,72
7997452.0,88,58
7997475.0,96,63
7997628.0,86,55
7997630.0,83,64
7997639.0,85,64
7997667.0,84,62
7997684.0,60,61
7997691.0,95,64
7997728.0,88,58
7997741.0,89,56
7997763.0,93,68
7997788.0,87,56
7997798.0,92,68
7997852.0,88,60
7997876.0,99,71
7997895.0,91,57
7997924.0,89,58
7997930.0,83,57
7997960.0,83,63
7997997.0,95,64
7998017.0,86,54
7998020.0,96,72
7998076.0,93,65
7998133.0,84,58
7998146.0,90,57
7998148.0,98,71
7998159.0,87,67
7998163.0,95,72
7998166.0,93,63
7998171.0,85,56
7998213.0,91,59
7998218.0,87,58
7998220.0,93,59
7998240.0,83,58
7998266.0,83,63
7998273.0,86,67
7998343.0,55,71
7998348.0,82,59
7998354.0,89,57
7998363.0,89,63
7998376.0,93,68
7998388.0,88,56
7998490.0,92,58
7998496.0,84,55
7998563.0,88,58
7998594.0,86,61
7998614.0,86,56
7998668.0,91,69
7998670.0,84,63
7998674.0,87,68
7998685.0,88,62
7998725.0,84,58
7998783.0,87,65
7998785.0,89,54
7998787.0,99,70
7998791.0,86,64
7998799.0,85,64
7998928.0,83,64
7998932.0,86,66
7998985.0,94,69
7999010.0,69,49
7999025.0,85,54
7999054.0,89,58
7999071.0,90,58
7999090.0,96,63
7999115.0,91,69
7999131.0,96,64
7999135.0,88,67
7999237.0,83,56
7999239.0,87,54
7999272.0,92,58
7999324.0,85,59
7999338.0,84,56
7999345.0,86,63
7999347.0,90,55
7999347.0,85,61
7999389.0,84,64
7999397.0,84,66
7999428.0,82,58
7999433.0,88,68
7999504.0,85,63
7999527.0,80,69
7999533.0,91,56
7999577.0,90,59
7999577.0,83,61
7999616.0,89,66
7999636.0,89,54
7999638.0,84,63
7999699.0,84,54
7999704.0,99,70
7999728.0,85,60
7999731.0,92,70
7999779.0,91,69
7999831.0,85,54
7999845.0,87,65
7999858.0,88,55
7999861.0,84,58
7999872.0,81,70
7999918.0,86,63
7999952.0,89,62
7999965.0,92,67
7999982.0,65,48
7999999.0,94,60
8000026.0,90,55
8000068.0,90,65
8000073.0,83,63
8000076.0,84,55
8000081.0,84,65
8000089.0,96,63
8000105.0,95,69
8000113.0,93,59
8000118.0,93,67
8000122.0,83,55
8000145.0,89,75
8000158.0,88,55
8000193.0,86,57
8000194.0,86,67
8000239.0,92,69
8000247.0,86,61
8000249.0,95,75
8000270.0,87,54
8000276.0,89,54
8000296.0,70,49
8000325.0,91,69
8000405.0,98,67
8000495.0,91,56
8000506.0,89,55
8000530.0,93,67
8000567.0,90,75
8000591.0,89,56
8000608.0,92,58
8000614.0,89,75
8000625.0,85,55
8000649.0,87,55
8000686.0,95,77
8000736.0,90,59
8000769.0,87,56
8000888.0,85,54
8000900.0,86,60
8000917.0,84,62
8000948.0,88,54
8001008.0,95,75
8001030.0,85,58
8001032.0,87,55
8001038.0,90,56
8001040.0,84,66
8001068.0,87,56
8001101.0,55,66
8001130.0,83,95
8001138.0,97,65
8001162.0,84,57
8001169.0,94,60
8001178.0,88,57
8001183.0,89,60
8001199.0,93,59
8001209.0,85,59
8001212.0,82,57
8001309.0,87,67
8001334.0,87,57
8001347.0,91,68
8001363.0,84,63
8001371.0,87,59
8001383.0,94,68
8001449.0,83,96
8001486.0,92,68
8001489.0,86,60
8001533.0,84,55
8001565.0,91,56
8001588.0,85,63
8001601.0,84,64
8001605.0,86,55
8001650.0,95,61
8001650.0,98,71
8001766.0,91,68
8001797.0,93,75
8001798.0,99,72
8001822.0,91,58
8001861.0,74,68
8001911.0,85,66
8001913.0,93,59
8001934.0,89,66
8001935.0,86,66
8001938.0,87,56
8001939.0,92,68
8001982.0,88,54
8002003.0,90,58
8002009.0,87,54
8002013.0,89,67
8002026.0,89,57
8002030.0,91,67
8002034.0,84,57
8002042.0,83,96
8002094.0,83,64
8002104.0,83,57
8002127.0,87,66
8002143.0,88,66
8002150.0,88,55
8002161.0,83,63
8002195.0,90,63
8002204.0,95,61
8002298.0,90,58
8002316.0,89,56
8002362.0,86,54
8002367.0,85,63
8002368.0,94,60
8002376.0,85,59
8002380.0,86,61
8002436.0,90,75
8002439.0,90,69
8002469.0,86,64
8002489.0,90,54
8002607.0,87,56
8002628.0,89,56
8002644.0,87,55
8002724.0,85,64
8002728.0,89,61
8002760.0,90,83
8002858.0,89,75
8002940.0,85,55
8002942.0,95,61
8002989.0,88,74
8003116.0,89,61
8003258.0,89,62
8003265.0,92,57
8003324.0,94,62
8003347.0,88,60
8003367.0,90,57
8003373.0,99,75
8003375.0,86,63
8003392.0,86,60
8003395.0,86,59
8003417.0,85,55
8003473.0,83,56
8003476.0,84,63
8003503.0,88,58
8003522.0,96,62
8003527.0,99,70
8003621.0,89,59
8003642.0,90,67
8003676.0,90,58
8003677.0,87,56
8003696.0,89,61
8003731.0,86,56
8003737.0,83,63
8003767.0,85,65
8003779.0,95,61
8003785.0,90,66
8003830.0,84,61
8003838.0,89,69
8003838.0,84,58
8003853.0,91,66
8003871.0,89,56
8003891.0,89,61
8003899.0,85,57
8003923.0,61,48
8003928.0,85,58
8003929.0,89,64
8003949.0,86,54
8003979.0,83,58
8003983.0,83,56
8003994.0,84,65
8004000.0,86,87
8004005.0,84,56
8004009.0,84,58
8004034.0,86,56
8004036.0,91,55
8004073.0,83,57
8004130.0,89,55
8004145.0,99,71
8004150.0,86,65
8004179.0,93,68
8004197.0,87,58
8004217.0,89,69
8004231.0,83,56
8004268.0,83,59
8004269.0,89,54
8004302.0,88,54
8004309.0,85,55
8004330.0,97,68
8004358.0,91,57
8004372.0,90,54
8004399.0,84,59
8004420.0,84,56
8004426.0,88,115
8004450.0,87,61
8004458.0,85,62
8004464.0,84,62
8004520.0,92,69
8004526.0,76,69
8004534.0,99,69
8004543.0,93,58
8004570.0,83,60
8004608.0,93,69
8004615.0,92,68
8004617.0,86,64
8004621.0,86,55
8004624.0,88,56
8004659.0,93,68
8004695.0,84,64
8004733.0,91,68
8004734.0,85,57
8004748.0,85,64
8004809.0,85,58
8004842.0,85,56
8004846.0,91,55
8004849.0,87,66
8004868.0,84,56
8004876.0,86,60
8004912.0,90,57
8004931.0,87,114
8004990.0,91,69
8004995.0,82,58
8004996.0,92,70
8005036.0,90,56
8005053.0,96,62
8005105.0,90,58
8005171.0,85,56
8005172.0,88,54
8005196.0,89,56
8005205.0,84,58
8005227.0,86,56
8005233.0,92,55
8005253.0,89,68
8005261.0,87,53
8005265.0,87,60
8005277.0,92,56
8005286.0,83,76
8005329.0,93,58
8005336.0,84,55
8005339.0,85,64
8005344.0,82,58
8005371.0,96,9
8005396.0,95,61
8005453.0,91,59
8005462.0,87,54
8005488.0,63,61
8005497.0,84,62
8005538.0,92,71
8005540.0,87,64
8005567.0,84,56
8005575.0,88,55
8005647.0,94,59
8005662.0,85,58
8005686.0,85,54
8005727.0,88,67
8005747.0,86,56
8005751.0,87,59
8005768.0,92,56
8005804.0,91,58
8005832.0,90,62
8005834.0,87,55
8005951.0,85,56
8005968.0,86,66
8006047.0,83,57
8006063.0,83,63
8006169.0,84,61
8006185.0,96,62
8006204.0,88,66
8006208.0,87,57
8006219.0,91,56
8006236.0,91,62
8006274.0,92,69
8006282.0,84,57
8006313.0,92,56
8006332.0,84,63
8006339.0,87,59
8006366.0,90,53
8006431.0,87,67
8006471.0,85,56
8006476.0,83,63
8006487.0,88,59
8006488.0,85,57
8006503.0,89,55
8006504.0,90,57
8006505.0,93,58
8006536.0,85,66
8006555.0,90,61
8006602.0,88,68
8006622.0,87,53
8006664.0,94,59
8006708.0,83,58
8006709.0,87,55
8006721.0,90,68
8006723.0,89,58
8006788.0,84,62
8006795.0,86,63
8006857.0,89,54
8006903.0,86,53
8006929.0,90,56
8006987.0,86,58
8006995.0,99,72
8007004.0,88,57
8007064.0,89,58
8007119.0,90,63
8007119.0,86,59
8007128.0,83,57
8007144.0,90,57
8007198.0,89,60
8007203.0,85,56
8007222.0,92,61
8007222.0,90,55
8007235.0,85,62
8007237.0,87,63
8007245.0,88,64
8007266.0,97,65
8007272.0,88,53
8007275.0,94,59
8007294.0,95,60
8007381.0,85,61
8007395.0,90,53
8007408.0,97,64
8007421.0,85,55
8007431.0,89,55
8007436.0,91,54
8007472.0,89,56
8007495.0,86,65
8007495.0,83,63
8007575.0,98,71
8007592.0,98,72
8007668.0,85,56
8007681.0,83,56
8007699.0,98,70
8007716.0,84,63
8007743.0,85,65
8007767.0,91,58
8007773.0,86,63
8007807.0,85,57
8007854.0,86,53
8007863.0,89,56
8007900.0,98,69
8007911.0,83,63
8007921.0,86,62
8007933.0,85,63
8007940.0,83,56
8007946.0,86,65
8007948.0,88,53
8007961.0,86,57
8007964.0,94,59
8008113.0,85,54
8008198.0,90,54
8008200.0,87,66
8008230.0,95,60
8008246.0,91,54
8008275.0,84,60
8008277.0,92,64
8008367.0,85,57
8008383.0,87,65
8008410.0,93,57
8008430.0,88,54
8008431.0,87,60
8008441.0,86,60
8008450.0,90,53
8008464.0,97,64
8008471.0,86,53
8008482.0,88,53
8008484.0,88,63
8008509.0,89,56
8008551.0,91,64
8008552.0,85,56
8008649.0,85,78
8008652.0,99,71
8008663.0,98,74
8008687.0,98,75
8008704.0,88,56
8008719.0,87,56
8008724.0,90,66
8008734.0,83,56
8008774.0,85,57
8008801.0,92,55
8008855.0,83,63
8008898.0,90,55
8008919.0,85,63
8008935.0,89,67
8008957.0,53,58
8008961.0,89,56
8008974.0,84,63
8008993.0,85,56
8009032.0,95,60
8009040.0,86,65
8009050.0,99,70
8009077.0,83,57
8009082.0,88,66
8009147.0,89,63
8009170.0,89,54
8009174.0,83,63
8009185.0,89,57
8009187.0,94,70
8009199.0,92,58
8009204.0,86,55
8009204.0,90,56
8009207.0,93,57
8009224.0,84,56
8009252.0,85,62
8009349.0,88,64
8009388.0,99,69
8009401.0,91,58
8009404.0,99,71
8009410.0,86,57
8009426.0,99,70
8009432.0,97,63
8009455.0,89,57
8009461.0,86,65
8009482.0,91,57
8009488.0,86,58
8009501.0,90,67
8009532.0,86,56
8009610.0,92,55
8009641.0,92,69
8009669.0,85,57
8009672.0,97,69
8009674.0,86,54
8009687.0,93,66
8009688.0,93,67
8009707.0,87,60
8009725.0,93,57
8009725.0,96,61
8009729.0,89,54
8009743.0,87,59
8009745.0,89,56
8009805.0,94,70
8009829.0,98,68
8009852.0,87,53
8009903.0,91,57
8009930.0,88,61
8009990.0,99,71
8010011.0,84,59
8010027.0,99,68
8010040.0,90,67
8010057.0,89,56
8010065.0,95,60
8010066.0,91,58
8010104.0,85,57
8010175.0,93,68
8010358.0,84,55
8010370.0,99,70
8010373.0,91,55
8010385.0,98,68
8010392.0,90,55
8010398.0,84,62
8010399.0,86,62
8010451.0,86,64
8010487.0,92,55
8010507.0,87,53
8010521.0,97,64
8010521.0,85,61
8010550.0,85,65
8010573.0,87,65
8010587.0,97,63
8010614.0,85,54
8010627.0,85,59
8010668.0,89,55
8010689.0,93,68
8010696.0,86,61
8010712.0,91,57
8010715.0,88,67
8010720.0,88,64
8010724.0,93,57
8010744.0,90,55
8010770.0,100,72
8010780.0,85,57
8010812.0,91,66
8010813.0,89,56
8010817.0,86,65
8010823.0,91,55
8010830.0,85,64
8010841.0,87,66
8010914.0,88,54
8010953.0,92,70
8010982.0,92,57
8010987.0,86,66
8011003.0,85,55
8011004.0,91,57
8011060.0,86,58
8011085.0,89,53
8011088.0,93,56
8011106.0,96,61
8011106.0,91,56
8011127.0,85,57
8011199.0,87,65
8011256.0,87,55
8011274.0,87,53
8011294.0,91,70
8011310.0,88,55
8011365.0,84,55
8011439.0,86,62
8011466.0,85,59
8011479.0,97,63
8011501.0,91,55
8011540.0,90,55
8011542.0,85,54
8011572.0,84,62
8011581.0,86,57
8011597.0,90,65
8011601.0,87,63
8011617.0,94,58
8011646.0,87,58
8011690.0,85,55
8011719.0,86,53
8011725.0,88,58
8011732.0,86,63
8011775.0,87,65
8011775.0,85,58
8011791.0,84,59
8011797.0,88,65
8011806.0,87,62
8011867.0,90,54
8011910.0,84,58
8011921.0,89,65
8012051.0,92,54
8012055.0,93,69
8012077.0,89,53
8012082.0,93,56
8012111.0,92,69
8012113.0,88,58
8012128.0,94,58
8012130.0,89,57
8012142.0,85,54
8012185.0,55,74
8012214.0,87,59
8012228.0,85,62
8012281.0,87,54
8012294.0,91,56
8012305.0,91,53
8012336.0,90,55
8012345.0,83,74
8012351.0,85,55
8012377.0,84,56
8012432.0,90,54
8012483.0,85,61
8012510.0,88,54
8012515.0,91,57
8012527.0,88,56
8012562.0,96,86
8012562.0,89,54
8012581.0,84,61
8012586.0,85,60
8012595.0,86,55
8012632.0,84,58
8012646.0,85,54
8012648.0,94,58
8012740.0,88,58
8012770.0,86,55
8012773.0,97,85
8012869.0,92,54
8012894.0,92,58
8012911.0,90,53
8012929.0,86,57
8013121.0,97,62
8013170.0,84,57
8013174.0,95,59
8013213.0,90,54
8013219.0,90,60
8013267.0,90,58
8013295.0,88,63
8013345.0,91,57
8013405.0,85,56
8013455.0,91,56
8013460.0,85,61
8013470.0,86,54
8013554.0,89,55
8013560.0,86,53
8013595.0,92,75
8013632.0,89,56
8013638.0,92,66
8013643.0,93,55
8013644.0,94,58
8013681.0,87,52
8013684.0,86,56
8013704.0,94,64
8013711.0,90,54
8013717.0,87,64
8013873.0,84,64
8013900.0,91,56
8013981.0,85,63
8014031.0,95,59
8014067.0,88,60
8014128.0,100,72
8014186.0,84,62
8014261.0,85,60
8014300.0,90,53
8014323.0,91,54
8014324.0,84,64
8014342.0,88,59
8014361.0,85,63
8014387.0,86,60
8014424.0,87,57
8014461.0,93,55
8014463.0,85,62
8014536.0,89,66
8014576.0,90,65
8014661.0,86,81
8014667.0,90,67
8014713.0,88,65
8014713.0,87,57
8014729.0,99,69
8014760.0,90,54
8014772.0,89,52
8014792.0,96,61
8014801.0,85,63
8014824.0,69,59
8014838.0,94,57
8014841.0,91,59
8014852.0,90,58
8014878.0,88,54
8014905.0,86,53
8014907.0,95,65
8014955.0,85,60
8014963.0,97,62
8014970.0,87,52
8014999.0,88,66
8015012.0,92,62
8015026.0,95,59
8015035.0,94,58
8015041.0,89,63
8015042.0,91,55
8015055.0,87,61
8015078.0,86,61
8015102.0,92,73
8015141.0,86,54
8015213.0,92,53
8015300.0,96,60
8015301.0,70,59
8015357.0,85,59
8015376.0,86,55
8015396.0,69,59
8015412.0,86,64
8015525.0,92,57
8015563.0,64,64
8015637.0,84,56
8015702.0,87,58
8015707.0,92,53
8015709.0,94,57
8015754.0,88,57
8015755.0,87,52
8015778.0,89,55
8015790.0,60,64
8015803.0,99,70
8015807.0,91,68
8015812.0,91,56
8015830.0,92,68
8015861.0,97,62
8015887.0,87,53
8015903.0,88,55
8015931.0,87,56
8015948.0,98,71
8015976.0,97,71
8015982.0,97,72
8016011.0,92,67
8016013.0,85,55
8016029.0,88,62
8016066.0,85,81
8016067.0,98,67
8016076.0,86,55
8016082.0,86,61
8016099.0,96,60
8016106.0,92,55
8016115.0,93,69
8016144.0,93,70
8016162.0,91,65
8016173.0,87,85
8016176.0,89,61
8016211.0,90,53
8016243.0,86,62
8016283.0,85,62
8016297.0,97,71
8016314.0,89,54
8016330.0,92,58
8016368.0,89,61
8016381.0,98,66
8016393.0,89,52
8016411.0,91,54
8016418.0,87,84
8016471.0,69,59
8016494.0,92,72
8016505.0,97,72
8016517.0,97,65
8016538.0,87,62
8016542.0,84,56
8016543.0,92,53
8016551.0,87,65
8016562.0,88,54
8016599.0,93,69
8016613.0,98,69
8016613.0,91,74
8016667.0,89,60
8016669.0,93,57
8016684.0,89,58
8016694.0,89,54
8016695.0,89,55
8016703.0,88,63
8016712.0,85,73
8016753.0,99,70
8016777.0,88,52
8016783.0,87,59
8016795.0,91,55
8016873.0,98,65
8016874.0,93,54
8016874.0,93,64
8016917.0,94,70
8016923.0,95,58
8016933.0,69,59
8016942.0,91,61
8016949.0,88,64
8016976.0,95,59
8016988.0,84,58
8017087.0,92,56
8017097.0,86,53
8017175.0,84,56
8017179.0,90,53
8017184.0,93,57
8017195.0,68,48
8017252.0,99,70
8017262.0,87,64
8017269.0,86,57
8017308.0,96,60
8017334.0,89,52
8017359.0,100,71
8017372.0,88,66
8017377.0,90,55
8017415.0,87,57
8017441.0,93,54
8017474.0,94,56
8017483.0,89,53
8017508.0,88,52
8017508.0,97,61
8017519.0,87,55
8017581.0,85,72
8017611.0,89,61
8017642.0,88,59
8017665.0,94,57
8017683.0,91,55
8017684.0,95,61
8017688.0,93,57
8017712.0,85,58
8017716.0,97,62
8017730.0,86,53
8017745.0,86,60
8017750.0,91,53
8017819.0,90,66
8017829.0,88,61
8017843.0,87,55
8017874.0,91,60
8017881.0,85,55
8017902.0,89,57
8017905.0,86,54
8017918.0,99,67
8017919.0,91,66
8017970.0,94,61
8017981.0,86,64
8017985.0,84,56
8017992.0,93,57
8018001.0,88,52
8018010.0,91,54
8018015.0,93,60
8018051.0,99,69
8018065.0,85,61
8018102.0,93,54
8018104.0,96,60
8018113.0,86,65
8018135.0,99,71
8018152.0,66,76
8018156.0,94,56
8018168.0,90,54
8018222.0,91,77
8018227.0,92,66
8018271.0,91,60
8018275.0,91,67
8018295.0,88,58
8018317.0,84,61
8018334.0,94,69
8018341.0,85,54
8018343.0,95,58
8018386.0,86,73
8018389.0,91,54
8018391.0,93,67
8018394.0,90,52
8018398.0,91,62
8018401.0,86,54
8018430.0,85,60
8018437.0,98,68
8018452.0,87,55
8018471.0,89,62
8018473.0,89,54
8018483.0,93,62
8018504.0,85,57
8018513.0,89,65
8018526.0,93,58
8018537.0,88,53
8018556.0,92,57
8018561.0,88,58
8018573.0,87,61
8018601.0,88,59
8018602.0,90,67
8018607.0,109,65
8018609.0,89,60
8018632.0,92,55
8018656.0,87,54
8018683.0,85,59
8018703.0,92,56
8018766.0,87,55
8018781.0,91,53
8018817.0,87,60
8018821.0,84,61
8018824.0,109,65
8018862.0,86,58
8018897.0,91,60
8018906.0,90,60
8018962.0,88,53
8018965.0,94,55
8018983.0,86,54
8018987.0,90,52
8018996.0,67,55
8019003.0,97,61
8019034.0,85,61
8019100.0,86,65
8019107.0,83,60
8019116.0,87,54
8019121.0,94,56
8019187.0,87,53
8019274.0,87,56
8019298.0,84,72
8019298.0,85,61
8019303.0,99,70
8019355.0,85,55
8019367.0,90,53
8019388.0,94,66
8019394.0,84,61
8019395.0,98,64
8019399.0,85,60
8019410.0,91,54
8019432.0,88,53
8019455.0,95,70
8019459.0,90,52
8019486.0,90,76
8019495.0,86,55
8019525.0,92,55
8019538.0,83,60
8019542.0,99,70
8019575.0,95,58
8019580.0,87,61
8019616.0,86,54
8019636.0,97,61
8019645.0,76,101
8019698.0,93,53
8019728.0,94,55
8019757.0,94,58
8019777.0,89,59
8019820.0,88,65
8019866.0,100,71
8019872.0,96,59
8019882.0,88,53
8019892.0,89,83
8019922.0,93,63
8019978.0,88,64
8019979.0,84,61
8019990.0,87,52
8020038.0,86,60
8020039.0,90,52
8020045.0,91,58
8020067.0,89,66
8020069.0,87,63
8020148.0,83,60
8020159.0,89,52
8020167.0,95,58
8020174.0,85,56
8020197.0,85,61
8020215.0,87,62
8020245.0,89,53
8020262.0,99,69
8020283.0,87,66
8020297.0,94,55
8020344.0,86,63
8020357.0,89,83
8020408.0,87,56
8020417.0,94,67
8020421.0,83,60
8020439.0,88,58
8020462.0,87,55
8020465.0,87,53
8020476.0,99,73
8020516.0,93,57
8020522.0,88,62
8020535.0,85,61
8020547.0,86,60
8020555.0,92,57
8020565.0,92,52
8020569.0,96,59
8020585.0,88,57
8020589.0,89,63
8020615.0,84,62
8020617.0,86,61
8020634.0,93,56
8020664.0,84,61
8020671.0,93,58
8020675.0,85,55
8020699.0,92,56
8020713.0,94,67
8020727.0,87,66
8020744.0,82,87
8020817.0,87,54
8020824.0,93,53
8020834.0,62,56
8020865.0,98,63
8020888.0,92,54
8020904.0,86,65
8020919.0,95,57
8020924.0,89,62
8020939.0,84,54
8020939.0,94,55
8021011.0,83,86
8021036.0,89,64
8021053.0,94,54
8021084.0,91,53
8021108.0,85,62
8021157.0,89,56
8021159.0,93,68
8021197.0,96,59
8021203.0,84,61
8021238.0,91,56
8021298.0,85,61
8021347.0,84,57
8021354.0,91,62
8021401.0,88,56
8021439.0,87,52
8021447.0,91,56
8021460.0,92,56
8021509.0,86,60
8021513.0,86,59
8021530.0,90,62
8021548.0,102,67
8021563.0,89,56
8021639.0,87,54
8021639.0,91,57
8021660.0,95,57
8021664.0,98,63
8021670.0,85,61
8021685.0,84,61
8021697.0,93,53
8021728.0,92,65
8021736.0,93,57
8021743.0,89,59
8021751.0,86,59
8021796.0,91,59
8021843.0,91,58
8021847.0,90,59
8021854.0,91,53
8022023.0,84,61
8022050.0,96,59
8022079.0,90,59
8022094.0,84,57
8022096.0,87,64
8022114.0,95,57
8022126.0,88,55
8022167.0,86,63
8022181.0,91,60
8022208.0,90,64
8022283.0,85,55
8022298.0,88,63
8022323.0,93,65
8022353.0,85,62
8022409.0,94,54
8022418.0,93,69
8022423.0,92,54
8022494.0,90,55
8022517.0,98,63
8022567.0,90,58
8022571.0,93,59
8022584.0,93,58
8022609.0,89,58
8022618.0,85,61
8022639.0,90,59
8022657.0,86,62
8022732.0,88,57
8022757.0,86,63
8022772.0,87,54
8022780.0,91,64
8022785.0,89,56
8022806.0,89,59
8022811.0,98,62
8022817.0,85,63
8022833.0,86,61
8022844.0,90,59
8022889.0,90,54
8022903.0,99,72
8022928.0,93,60
8022943.0,93,66
8022982.0,93,56
8023041.0,95,56
8023054.0,92,54
8023081.0,85,61
8023084.0,89,64
8023086.0,87,60
8023092.0,94,73
8023104.0,92,73
8023131.0,86,62
8023147.0,92,60
8023162.0,95,57
8023187.0,92,55
8023208.0,91,52
8023212.0,91,57
8023215.0,100,73
8023239.0,92,53
8023250.0,89,56
8023284.0,91,55
8023348.0,99,71
8023375.0,97,60
8023377.0,85,63
8023414.0,98,63
8023447.0,94,54
8023481.0,85,60
8023516.0,98,64
8023559.0,91,73
8023560.0,91,60
8023563.0,95,64
8023565.0,91,54
8023621.0,86,63
8023624.0,93,52
8023629.0,89,53
8023640.0,86,54
8023647.0,98,60
8023653.0,84,54
8023707.0,93,68
8023724.0,94,60
8023736.0,91,67
8023752.0,87,63
8023782.0,91,56
8023814.0,86,62
8023849.0,88,65
8023860.0,88,52
8023908.0,95,56
8023925.0,87,60
8023931.0,67,46
8024071.0,90,74
8024108.0,88,54
8024152.0,98,62
8024156.0,94,67
8024227.0,85,63
8024255.0,93,68
8024261.0,91,52
8024271.0,91,67
8024280.0,94,53
8024281.0,88,63
8024311.0,93,56
8024367.0,86,62
8024374.0,87,61
8024376.0,88,64
8024377.0,91,56
8024383.0,90,52
8024398.0,85,58
8024399.0,93,55
8024419.0,91,74
8024428.0,92,54
8024450.0,92,53
8024471.0,100,72
8024496.0,88,56
8024510.0,97,60
8024529.0,89,65
8024569.0,93,57
8024622.0,87,55
8024657.0,88,53
8024659.0,95,56
8024681.0,88,65
8024683.0,93,55
8024719.0,89,51
8024720.0,96,58
8024724.0,88,54
8024727.0,89,62
8024817.0,87,53
8024820.0,67,46
8024879.0,89,65
8024899.0,89,57
8024913.0,98,62
8024917.0,89,66
8024938.0,93,52
8024939.0,94,53
8024962.0,67,60
8024977.0,93,53
8024978.0,91,66
8024989.0,85,58
8024998.0,89,58
8025012.0,87,56
8025013.0,94,68
8025041.0,91,67
8025055.0,93,54
8025059.0,85,56
8025071.0,86,61
8025099.0,85,63
8025101.0,93,68
8025113.0,86,60
8025121.0,91,53
8025129.0,88,52
8025235.0,95,55
8025244.0,87,59
8025251.0,97,60
8025268.0,86,56
8025285.0,92,53
8025298.0,89,57
8025314.0,86,58
8025316.0,94,53
8025339.0,91,53
8025372.0,86,54
8025393.0,86,59
8025428.0,86,57
8025471.0,67,60
8025474.0,98,63
8025490.0,90,65
8025496.0,93,68
8025510.0,93,55
8025519.0,88,54
8025525.0,89,51
8025538.0,93,57
8025574.0,89,54
8025581.0,86,54
8025663.0,93,52
8025673.0,63,48
8025686.0,98,62
8025701.0,86,55
8025723.0,93,55
8025727.0,89,64
8025798.0,87,54
8025827.0,87,53
8025844.0,89,65
8025869.0,85,54
8025884.0,85,58
8025888.0,94,55
8025893.0,89,66
8025928.0,94,53
8025937.0,92,66
8025965.0,95,55
8025970.0,91,64
8025977.0,92,75
8025981.0,86,55
8025994.0,88,64
8026009.0,91,67
8026048.0,56,50
8026051.0,86,62
8026060.0,91,53
8026088.0,90,84
8026098.0,90,55
8026124.0,94,58
8026141.0,99,68
8026143.0,88,54
8026148.0,89,58
8026199.0,86,54
8026213.0,99,67
8026245.0,86,59
8026262.0,85,60
8026292.0,91,56
8026298.0,90,62
8026306.0,88,55
8026333.0,85,58
8026346.0,86,62
8026372.0,89,57
8026408.0,86,60
8026411.0,92,53
8026416.0,93,56
8026446.0,98,62
8026472.0,89,67
8026504.0,90,59
8026537.0,88,52
8026578.0,89,65
8026601.0,86,55
8026612.0,91,58
8026618.0,85,54
8026638.0,89,57
8026652.0,94,57
8026716.0,90,62
8026747.0,99,67
8026750.0,95,59
8026844.0,89,67
8026879.0,89,52
8026907.0,89,63
8026987.0,88,64
8026998.0,92,59
8027082.0,93,54
8027103.0,91,65
8027104.0,93,55
8027106.0,55,51
8027109.0,85,54
8027110.0,95,54
8027120.0,89,65
8027131.0,88,52
8027143.0,87,60
8027147.0,92,52
8027154.0,89,56
8027190.0,90,66
8027268.0,93,64
8027282.0,87,62
8027295.0,96,57
8027303.0,93,56
8027337.0,90,64
8027402.0,98,62
8027426.0,93,67
8027437.0,87,63
8027457.0,92,57
8027503.0,97,59
8027533.0,89,61
8027546.0,90,57
8027568.0,91,52
8027574.0,99,67
8027584.0,88,54
8027596.0,94,52
8027608.0,79,86
8027621.0,88,64
8027636.0,91,57
8027640.0,90,51
8027641.0,100,69
8027701.0,92,58
8027727.0,98,61
8027729.0,90,66
8027733.0,94,56
8027759.0,95,66
8027769.0,85,54
8027773.0,89,61
8027800.0,88,52
8027812.0,89,85
8027818.0,86,60
8027837.0,92,64
8027854.0,89,57
8027877.0,98,85
8027894.0,95,54
8027910.0,93,55
8027926.0,89,65
8027950.0,88,63
8027996.0,92,52
8028045.0,47,109
8028052.0,88,52
8028062.0,85,61
8028066.0,86,62
8028077.0,87,59
8028079.0,88,53
8028138.0,89,55
8028156.0,80,87
8028161.0,91,51
8028218.0,92,69
8028234.0,91,84
8028247.0,97,59
8028258.0,96,57
8028267.0,99,66
8028287.0,99,67
8028289.0,88,64
8028359.0,87,54
8028361.0,100,68
8028398.0,91,54
8028459.0,89,65
8028465.0,93,52
8028488.0,90,66
8028511.0,92,60
8028516.0,92,67
8028555.0,85,61
8028571.0,100,73
8028579.0,87,58
8028634.0,88,59
8028665.0,90,51
8028685.0,91,59
8028691.0,47,86
8028707.0,93,53
8028749.0,93,65
8028754.0,88,64
8028798.0,87,59
8028799.0,87,54
8028819.0,94,52
8028830.0,89,65
8028834.0,79,88
8028857.0,94,57
8028859.0,88,60
8028922.0,89,51
8028923.0,99,71
8028951.0,100,71
8028984.0,92,71
8028989.0,88,53
8029031.0,98,61
8029033.0,93,54
8029062.0,49,89
8029074.0,86,54
8029123.0,95,53
8029149.0,89,57
8029273.0,90,63
8029280.0,98,71
8029309.0,99,67
8029312.0,85,61
8029345.0,89,54
8029349.0,92,65
8029360.0,93,70
8029362.0,94,52
8029363.0,92,71
8029408.0,85,54
8029415.0,93,60
8029515.0,90,52
8029543.0,99,67
8029551.0,89,61
8029554.0,86,54
8029637.0,85,63
8029654.0,96,56
8029665.0,92,54
8029684.0,91,53
8029708.0,89,53
8029711.0,93,54
8029718.0,93,52
8029721.0,92,51
8029724.0,85,61
8029739.0,91,51
8029742.0,88,64
8029753.0,89,64
8029781.0,88,63
8029795.0,92,53
8029800.0,89,54
8029822.0,89,51
8029823.0,87,60
8029827.0,99,66
8029848.0,94,60
8029898.0,89,56
8029908.0,90,65
8029917.0,62,58
8029918.0,85,63
8029941.0,99,70
8029955.0,49,89
8030003.0,95,53
8030013.0,88,62
8030054.0,94,54
8030077.0,92,61
8030085.0,49,90
8030107.0,93,66
8030138.0,92,54
8030182.0,99,65
8030197.0,86,59
8030294.0,87,62
8030326.0,94,56
8030404.0,87,57
8030420.0,86,56
8030457.0,90,54
8030475.0,90,57
8030475.0,49,89
8030559.0,86,60
8030566.0,99,68
8030573.0,87,53
8030605.0,94,55
8030648.0,87,58
8030693.0,94,57
8030721.0,89,63
8030753.0,100,78
8030767.0,92,51
8030769.0,95,58
8030783.0,96,56
8030790.0,95,53
8030796.0,89,62
8030798.0,96,58
8030842.0,95,69
8030856.0,96,55
8030872.0,61,58
8030882.0,90,54
8030966.0,87,58
8031012.0,100,68
8031017.0,86,56
8031025.0,89,60
8031043.0,91,65
8031122.0,90,62
8031162.0,91,66
8031179.0,87,61
8031184.0,93,53
8031279.0,94,69
8031279.0,88,59
8031288.0,89,53
8031297.0,90,58
8031310.0,94,59
8031312.0,88,61
8031322.0,89,51
8031360.0,93,68
8031386.0,87,54
8031393.0,90,53
8031407.0,88,54
8031412.0,97,58
8031422.0,93,61
8031424.0,49,89
8031444.0,89,55
8031456.0,87,56
8031464.0,86,59
8031518.0,88,61
8031585.0,94,54
8031586.0,93,58
8031608.0,91,61
8031629.0,89,52
8031657.0,90,53
8031732.0,95,52
8031803.0,96,55
8031834.0,87,53
8031850.0,95,69
8031882.0,49,89
8031891.0,88,54
8031895.0,92,52
8031923.0,91,56
8031945.0,89,53
8031964.0,89,52
8031977.0,87,84
8031996.0,91,54
8032029.0,94,53
8032052.0,89,59
8032077.0,93,69
8032093.0,90,63
8032095.0,91,64
8032109.0,91,63
8032134.0,94,56
8032180.0,89,84
8032193.0,93,60
8032237.0,93,52
8032250.0,86,61
8032271.0,100,69
8032292.0,94,57
8032297.0,78,69
8032301.0,88,63
8032305.0,88,53
8032309.0,92,51
8032309.0,95,52
8032311.0,87,58
8032311.0,98,60
8032325.0,94,53
8032337.0,87,53
8032338.0,89,64
8032379.0,90,56
8032392.0,77,68
8032488.0,91,64
8032513.0,94,55
8032543.0,96,54
8032547.0,88,52
8032551.0,99,64
8032554.0,86,56
8032574.0,87,59
8032589.0,90,57
8032654.0,89,60
8032656.0,95,57
8032691.0,94,59
8032704.0,96,56
8032722.0,97,58
8032727.0,78,69
8032732.0,89,52
8032733.0,89,53
8032750.0,90,56
8032778.0,86,61
8032781.0,96,55
8032803.0,91,51
8032896.0,91,64
8032911.0,93,51
8032951.0,87,85
8033017.0,88,60
8033021.0,87,53
8033025.0,94,61
8033027.0,92,64
8033060.0,89,54
8033080.0,95,52
8033090.0,96,54
8033118.0,93,52
8033127.0,89,62
8033139.0,91,64
8033201.0,99,63
8033217.0,87,58
8033251.0,89,51
8033265.0,87,55
8033278.0,90,54
8033278.0,90,64
8033288.0,94,53
8033323.0,93,57
8033367.0,94,56
8033383.0,90,51
8033430.0,90,57
8033442.0,87,54
8033449.0,94,52
8033455.0,89,52
8033467.0,94,55
8033506.0,92,64
8033510.0,93,51
8033517.0,88,58
8033532.0,90,64
8033587.0,99,64
8033644.0,96,68
8033671.0,93,64
8033718.0,77,68
8033724.0,89,51
8033743.0,88,52
8033795.0,93,51
8033807.0,87,59
8033945.0,95,68
8033991.0,90,61
8034022.0,85,61
8034051.0,96,54
8034056.0,88,62
8034064.0,87,53
8034210.0,89,63
8034232.0,95,52
8034235.0,87,58
8034242.0,99,63
8034301.0,93,51
8034311.0,91,50
8034313.0,94,52
8034325.0,90,63
8034347.0,90,55
8034357.0,89,61
8034372.0,97,57
8034403.0,90,58
8034472.0,87,60
8034491.0,96,53
8034553.0,87,53
8034610.0,89,64
8034712.0,93,60
8034746.0,90,53
8034771.0,94,55
8034789.0,95,54
8034806.0,100,71
8034815.0,92,53
8034830.0,89,51
8034836.0,99,64
8034845.0,90,54
8034848.0,90,50
8034861.0,87,61
8034864.0,95,57
8034876.0,92,59
8034889.0,91,58
8034892.0,97,57
8034917.0,87,53
8034927.0,94,54
8034944.0,89,52
8035000.0,100,72
8035012.0,87,59
8035063.0,98,59
8035071.0,88,75
8035138.0,92,51
8035147.0,87,57
8035173.0,93,52
8035216.0,91,52
8035275.0,95,57
8035284.0,89,51
8035288.0,96,53
8035307.0,88,58
8035322.0,95,56
8035326.0,87,61
8035368.0,97,57
8035378.0,99,65
8035452.0,90,52
8035456.0,89,52
8035461.0,88,75
8035462.0,91,52
8035468.0,93,51
8035511.0,89,59
8035512.0,67,52
8035529.0,99,62
8035585.0,99,63
8035598.0,100,70
8035630.0,88,52
8035696.0,95,55
8035711.0,90,56
8035807.0,91,57
8035855.0,89,62
8035857.0,95,70
8035908.0,91,50
8035908.0,90,51
8035928.0,97,57
8035933.0,92,51
8035952.0,88,58
8035962.0,61,75
8035963.0,90,55
8035992.0,99,67
8035996.0,88,53
8036140.0,91,57
8036150.0,99,68
8036163.0,94,53
8036179.0,88,57
8036240.0,95,61
8036285.0,99,72
8036308.0,96,52
8036339.0,89,63
8036368.0,90,62
8036371.0,97,56
8036416.0,39,100
8036434.0,93,57
8036450.0,91,61
8036462.0,97,57
8036465.0,89,61
8036485.0,88,61
8036513.0,88,57
8036533.0,98,59
8036667.0,97,55
8036669.0,96,63
8036703.0,91,63
8036731.0,90,55
8036761.0,93,53
8036791.0,95,53
8036794.0,93,58
8036798.0,91,64
8036811.0,95,54
8036815.0,92,52
8036840.0,93,65
8036846.0,90,64
8036858.0,99,62
8036870.0,95,56
8036873.0,91,58
8036875.0,91,57
8036900.0,96,52
8036974.0,99,64
8037009.0,95,62
8037056.0,99,66
8037059.0,88,59
8037071.0,94,52
8037157.0,90,54
8037168.0,95,55
8037177.0,87,59
8037179.0,90,51
8037191.0,88,57
8037205.0,91,57
8037237.0,88,52
8037263.0,95,56
8037276.0,92,50
8037276.0,87,58
8037280.0,97,55
8037302.0,97,56
8037306.0,88,58
8037316.0,91,56
8037325.0,61,61
8037360.0,96,52
8037439.0,89,60
8037476.0,100,69
8037507.0,68,53
8037512.0,95,57
8037558.0,94,64
8037619.0,88,56
8037683.0,94,51
8037705.0,92,66
8037716.0,88,54
8037747.0,95,55
8037786.0,92,50
8037789.0,97,54
8037807.0,100,67
8037833.0,91,65
8037834.0,88,53
8037848.0,90,53
8037904.0,99,61
8037922.0,88,57
8037984.0,90,52
8038064.0,92,64
8038082.0,95,58
8038086.0,95,52
8038150.0,93,50
8038165.0,97,55
8038167.0,89,76
8038189.0,91,76
8038199.0,98,79
8038260.0,87,58
8038266.0,95,54
8038272.0,90,59
8038289.0,95,52
8038292.0,100,76
8038409.0,96,59
8038433.0,95,53
8038438.0,91,51
8038448.0,85,63
8038449.0,92,57
8038455.0,96,52
8038481.0,97,54
8038490.0,99,63
8038554.0,65,77
8038556.0,92,50
8038616.0,94,59
8038635.0,90,65
8038638.0,83,80
8038651.0,95,56
8038657.0,88,57
8038669.0,90,54
8038707.0,85,86
8038710.0,90,52
8038721.0,91,60
8038760.0,94,65
8038772.0,94,51
8038776.0,89,57
8038777.0,95,55
8038807.0,93,51
8038828.0,95,54
8038836.0,97,54
8038869.0,91,57
8038893.0,98,58
8038946.0,100,80
8038959.0,92,54
8038973.0,91,76
8039005.0,90,65
8039084.0,93,50
8039141.0,78,77
8039168.0,90,50
8039283.0,92,50
8039361.0,97,54
8039396.0,97,53
8039406.0,89,58
8039425.0,88,57
8039441.0,87,58
8039544.0,93,50
8039547.0,95,52
8039554.0,91,59
8039568.0,92,75
8039574.0,88,58
8039618.0,110,62
8039651.0,89,52
8039655.0,95,55
8039678.0,95,56
8039710.0,91,54
8039717.0,95,54
8039726.0,88,75
8039749.0,90,50
8039765.0,87,58
8039796.0,96,55
8039837.0,91,53
8039897.0,99,62
8039920.0,91,55
8039920.0,99,71
8039923.0,91,62
8039951.0,93,53
8040014.0,93,55
8040055.0,95,55
8040069.0,96,57
8040071.0,91,50
8040103.0,63,62
8040150.0,92,58
8040218.0,89,58
8040259.0,55,68
8040262.0,91,56
8040270.0,88,57
8040331.0,95,57
8040372.0,97,53
8040387.0,52,58
8040393.0,96,56
8040545.0,95,55
8040549.0,92,80
8040551.0,100,73
8040560.0,93,50
8040582.0,88,59
8040606.0,91,52
8040720.0,67,49
8040725.0,95,53
8040743.0,98,59
8040771.0,91,51
8040873.0,94,50
8040886.0,100,68
8040894.0,99,61
8040975.0,88,60
8041004.0,93,51
8041042.0,87,58
8041049.0,98,57
8041055.0,93,50
8041060.0,97,52
8041060.0,95,54
8041062.0,91,57
8041087.0,89,57
8041151.0,91,51
8041155.0,89,59
8041173.0,99,60
8041174.0,90,51
8041185.0,88,57
8041188.0,88,53
8041202.0,90,58
8041207.0,91,50
8041209.0,110,63
8041248.0,93,64
8041259.0,97,53
8041264.0,98,58
8041274.0,90,63
8041366.0,87,58
8041421.0,91,56
8041421.0,88,61
8041421.0,89,52
8041432.0,89,60
8041445.0,98,60
8041487.0,93,67
8041531.0,98,56
8041595.0,90,61
8041616.0,91,51
8041625.0,89,57
8041654.0,97,52
8041654.0,96,56
8041697.0,95,52
8041753.0,91,60
8041761.0,91,50
8041787.0,95,53
8041793.0,93,50
8041798.0,90,51
8041814.0,87,75
8041856.0,87,58
8041888.0,98,57
8041914.0,99,60
8041927.0,91,55
8041936.0,92,56
8042018.0,90,62
8042030.0,91,51
8042035.0,88,61
8042049.0,96,55
8042111.0,88,58
8042125.0,98,55
8042139.0,95,51
8042165.0,90,51
8042175.0,87,58
8042215.0,94,50
8042306.0,97,52
8042319.0,96,54
8042324.0,98,56
8042328.0,89,53
8042349.0,94,56
8042398.0,89,61
8042410.0,92,63
8042429.0,89,52
8042437.0,89,58
8042470.0,88,59
8042490.0,54,69
8042493.0,93,50
8042495.0,101,72
8042504.0,93,55
8042563.0,88,58
8042568.0,92,52
8042573.0,91,50
8042607.0,95,51
8042626.0,91,54
8042642.0,89,54
8042670.0,89,55
8042676.0,92,57
8042676.0,89,57
8042725.0,88,59
8042728.0,100,74
8042784.0,88,54
8042797.0,93,56
8042799.0,89,52
8042853.0,98,55
8042866.0,92,66
8042871.0,88,55
8042890.0,91,51
8042893.0,95,52
8042920.0,91,52
8042920.0,90,51
8042950.0,92,50
8042955.0,93,55
8042967.0,99,60
8043010.0,95,66
8043062.0,92,57
8043074.0,89,57
8043078.0,94,51
8043087.0,89,56
8043127.0,95,51
8043134.0,89,55
8043157.0,94,55
8043207.0,99,59
8043209.0,101,74
8043261.0,90,58
8043298.0,98,54
8043402.0,93,55
8043472.0,91,51
8043541.0,96,53
8043552.0,98,57
8043557.0,100,78
8043560.0,98,55
8043607.0,99,69
8043612.0,98,56
8043615.0,88,58
8043658.0,89,57
8043750.0,96,52
8043806.0,91,63
8043808.0,98,54
8043810.0,62,45
8043860.0,93,54
8043954.0,86,75
8044002.0,89,55
8044081.0,89,52
8044104.0,88,59
8044119.0,89,53
8044172.0,93,55
8044201.0,92,56
8044318.0,86,75
8044331.0,96,54
8044361.0,92,57
8044363.0,94,55
8044364.0,90,60
8044400.0,91,64
8044453.0,89,55
8044457.0,95,50
8044466.0,98,53
8044472.0,98,54
8044487.0,99,59
8044517.0,89,57
8044519.0,95,55
8044521.0,91,63
8044526.0,93,55
8044577.0,99,60
8044680.0,96,56
8044691.0,92,53
8044721.0,97,86
8044729.0,91,60
8044738.0,96,67
8044749.0,90,58
8044913.0,90,63
8044918.0,91,51
8044920.0,88,59
8045042.0,91,62
8045095.0,98,53
8045121.0,89,58
8045177.0,92,55
8045191.0,96,54
8045194.0,96,55
8045199.0,92,64
8045244.0,92,51
8045258.0,96,52
8045263.0,94,63
8045271.0,92,56
8045292.0,91,63
8045317.0,92,50
8045320.0,95,65
8045341.0,90,51
8045391.0,92,54
8045407.0,90,65
8045525.0,89,53
8045535.0,98,52
8045555.0,92,51
8045579.0,88,57
8045593.0,100,68
8045621.0,92,62
8045690.0,93,49
8045729.0,92,64
8045745.0,100,67
8045750.0,97,53
8045783.0,94,69
8045803.0,90,62
8045812.0,96,56
8045836.0,96,53
8045899.0,88,58
8045913.0,89,53
8045938.0,90,61
8045952.0,100,61
8045961.0,92,52
8045975.0,95,52
8045981.0,98,52
8045994.0,97,54
8046015.0,99,59
8046044.0,90,59
8046066.0,90,76
8046109.0,100,67
8046126.0,92,56
8046150.0,91,63
8046196.0,96,55
8046222.0,92,51
8046259.0,66,67
8046337.0,92,64
8046375.0,96,52
8046387.0,98,53
8046400.0,100,66
8046412.0,96,51
8046430.0,92,53
8046450.0,93,55
8046470.0,95,50
8046476.0,89,61
8046478.0,96,54
8046520.0,65,67
8046544.0,90,76
8046564.0,93,70
8046592.0,100,71
8046707.0,99,61
8046712.0,92,51
8046716.0,88,57
8046737.0,97,55
8046767.0,95,73
8046809.0,89,61
8046837.0,92,50
8046843.0,96,53
8046944.0,95,57
8046992.0,98,52
8047005.0,97,57
8047058.0,89,57
8047124.0,94,50
8047125.0,65,67
8047129.0,89,56
8047138.0,99,58
8047163.0,90,52
8047168.0,100,67
8047192.0,89,54
8047264.0,92,76
8047277.0,93,76
8047291.0,97,56
8047307.0,65,67
8047308.0,90,76
8047362.0,90,57
8047369.0,92,55
8047372.0,89,61
8047379.0,92,53
8047401.0,92,74
8047491.0,94,58
8047504.0,97,54
8047519.0,93,73
8047576.0,91,61
8047586.0,97,53
8047609.0,99,56
8047650.0,89,60
8047675.0,89,61
8047694.0,90,76
8047707.0,92,54
8047769.0,101,72
8047808.0,92,65
8047825.0,97,52
8047833.0,83,80
8047835.0,91,58
8047854.0,89,54
8047903.0,99,58
8047908.0,89,56
8047932.0,93,76
8047947.0,90,60
8047974.0,96,51
8047993.0,93,65
8048086.0,99,57
8048089.0,97,55
8048131.0,99,55
8048149.0,96,52
8048152.0,100,64
8048197.0,92,51
8048283.0,92,55
8048360.0,69,55
8048393.0,92,52
8048410.0,90,56
8048420.0,96,50
8048428.0,99,54
8048468.0,93,57
8048483.0,96,57
8048487.0,89,56
8048509.0,99,56
8048520.0,100,61
8048571.0,93,50
8048573.0,91,56
8048576.0,97,53
8048576.0,100,62
8048624.0,95,50
8048660.0,88,57
8048679.0,99,57
8048684.0,90,56
8048690.0,89,59
8048702.0,92,57
8048710.0,95,56
8048712.0,89,58
8048723.0,93,53
8048729.0,92,59
8048757.0,97,56
8048802.0,90,52
8048811.0,91,56
8048880.0,92,58
8048901.0,100,66
8048903.0,99,55
8048910.0,101,68
8048957.0,97,52
8048959.0,90,54
8048967.0,93,56
8048971.0,92,51
8048973.0,91,57
8048980.0,99,54
8048987.0,99,66
8049005.0,90,53
8049058.0,95,56
8049145.0,99,53
8049156.0,99,56
8049171.0,89,57
8049233.0,93,61
8049244.0,93,57
8049285.0,89,58
8049312.0,89,56
8049323.0,90,51
8049336.0,98,56
8049340.0,100,65
8049363.0,89,51
8049364.0,89,76
8049366.0,96,50
8049399.0,97,54
8049419.0,97,57
8049431.0,99,57
8049451.0,100,64
8049461.0,90,61
8049463.0,84,81
8049542.0,99,66
8049548.0,95,51
8049559.0,94,49
8049631.0,98,66
8049660.0,101,69
8049681.0,93,51
8049711.0,100,61
8049711.0,90,58
8049757.0,90,53
8049799.0,95,50
8049845.0,93,66
8049858.0,89,76
8049865.0,90,55
8049921.0,89,58
8049932.0,90,62
8049937.0,89,51
8049944.0,93,49
8049958.0,93,64
8049970.0,93,50
8049985.0,90,58
8049996.0,100,62
8050001.0,99,66
8050018.0,98,66
8050038.0,90,61
8050081.0,92,63
8050093.0,99,54
8050094.0,97,56
8050101.0,100,70
8050143.0,93,62
8050153.0,99,58
8050161.0,68,58
8050176.0,99,66
8050186.0,93,55
8050217.0,100,68
8050254.0,93,52
8050284.0,100,63
8050286.0,67,58
8050313.0,86,82
8050342.0,100,60
8050359.0,99,53
8050388.0,94,49
8050400.0,101,68
8050412.0,92,65
8050438.0,88,75
8050474.0,88,60
8050496.0,90,53
8050533.0,95,50
8050556.0,93,53
8050581.0,97,55
8050653.0,97,53
8050682.0,98,86
8050698.0,89,83
8050728.0,99,52
8050782.0,91,51
8050787.0,90,56
8050788.0,89,58
8050817.0,97,54
8050838.0,96,64
8050838.0,91,53
8050844.0,96,50
8050849.0,90,62
8050859.0,90,53
8050861.0,97,57
8050878.0,68,58
8050880.0,97,56
8050885.0,88,76
8050908.0,88,83
8050908.0,92,50
8050920.0,89,57
8050924.0,93,63
8050949.0,91,60
8050995.0,90,60
8051022.0,92,57
8051037.0,89,51
8051112.0,92,65
8051119.0,67,58
8051132.0,100,61
8051141.0,91,56
8051152.0,91,64
8051174.0,89,57
8051180.0,90,56
8051203.0,58,63
8051231.0,97,51
8051241.0,98,58
8051259.0,89,51
8051266.0,93,63
8051284.0,93,56
8051296.0,97,52
8051298.0,100,69
8051299.0,99,59
8051310.0,98,54
8051314.0,90,60
8051326.0,93,50
8051336.0,93,51
8051356.0,100,64
8051381.0,95,51
8051382.0,118,84
8051384.0,99,53
8051415.0,90,76
8051434.0,89,58
8051455.0,100,60
8051497.0,92,50
8051520.0,118,85
8051555.0,90,61
8051566.0,91,57
8051569.0,57,63
8051600.0,99,52
8051612.0,58,63
8051618.0,97,53
8051629.0,95,49
8051637.0,91,64
8051720.0,91,51
8051749.0,91,84
8051770.0,100,71
8051773.0,97,56
8051786.0,97,55
8051790.0,89,58
8051792.0,99,55
8051823.0,94,53
8051827.0,90,56
8051837.0,93,55
8051858.0,97,50
8051859.0,93,54
8051864.0,91,76
8051893.0,90,76
8051905.0,94,63
8051919.0,97,51
8051922.0,94,57
8051971.0,91,61
8051976.0,98,53
8051993.0,87,81
8052010.0,93,63
8052011.0,91,51
8052044.0,95,53
8052075.0,92,50
8052078.0,93,56
8052138.0,88,83
8052140.0,93,52
8052189.0,100,59
8052199.0,92,61
8052204.0,89,57
8052272.0,92,59
8052281.0,90,61
8052288.0,100,65
8052300.0,94,76
8052308.0,95,49
8052311.0,91,62
8052329.0,95,65
8052331.0,88,84
8052335.0,91,55
8052376.0,93,55
8052414.0,98,54
8052429.0,98,52
8052431.0,91,64
8052433.0,95,50
8052603.0,92,65
8052632.0,95,64
8052657.0,90,57
8052673.0,100,60
8052692.0,93,51
8052706.0,89,56
8052708.0,93,52
8052722.0,92,62
8052781.0,95,65
8052789.0,97,50
8052794.0,91,51
8052808.0,100,72
8052840.0,94,49
8052846.0,96,50
8052851.0,89,84
8052916.0,94,55
8052920.0,101,71
8052931.0,90,60
8052961.0,98,56
8053050.0,94,65
8053052.0,100,59
8053055.0,98,55
8053073.0,93,55
8053115.0,93,53
8053188.0,100,55
8053188.0,98,53
8053212.0,89,75
8053230.0,91,51
8053234.0,89,52
8053252.0,92,65
8053386.0,93,51
8053408.0,90,60
8053413.0,95,49
8053431.0,91,60
8053465.0,98,52
8053482.0,60,48
8053489.0,96,56
8053499.0,97,50
8053501.0,85,84
8053525.0,86,83
8053531.0,100,61
8053685.0,92,53
8053743.0,98,54
8053766.0,93,61
8053782.0,96,50
8053790.0,95,56
8053804.0,91,53
8053806.0,91,56
8053839.0,89,56
8053848.0,100,56
8053867.0,100,59
8053918.0,84,85
8053937.0,91,51
8053996.0,99,56
8054016.0,90,60
8054034.0,96,53
8054085.0,89,74
8054088.0,91,56
8054099.0,100,54
8054106.0,92,51
8054130.0,100,58
8054139.0,92,74
8054143.0,100,57
8054163.0,91,52
8054178.0,100,55
8054217.0,91,51
8054261.0,90,59
8054271.0,83,72
8054283.0,100,52
8054313.0,100,60
8054326.0,95,63
8054358.0,94,49
8054368.0,98,56
8054384.0,91,53
8054391.0,91,63
8054396.0,100,56
8054399.0,98,55
8054402.0,100,66
8054427.0,85,74
8054429.0,93,50
8054462.0,91,58
8054559.0,89,83
8054578.0,91,59
8054594.0,96,51
8054603.0,98,57
8054651.0,91,54
8054693.0,94,50
8054761.0,94,57
8054839.0,98,56
8054862.0,100,53
8054862.0,100,57
8054864.0,91,55
8054881.0,98,57
8054894.0,91,62
8054897.0,96,50
8054910.0,91,56
8054916.0,100,56
8054993.0,93,50
8055023.0,94,52
8055033.0,90,55
8055033.0,89,58
8055042.0,100,54
8055052.0,93,54
8055087.0,55,54
8055136.0,93,62
8055151.0,94,51
8055259.0,99,57
8055308.0,91,63
8055343.0,91,51
8055347.0,100,58
8055361.0,91,53
8055414.0,90,57
8055443.0,88,59
8055458.0,100,59
8055466.0,90,58
8055478.0,91,54
8055488.0,96,50
8055569.0,90,55
8055591.0,91,56
8055640.0,100,55
8055693.0,100,57
8055711.0,92,89
8055733.0,89,58
8055735.0,92,50
8055795.0,94,56
8055798.0,59,78
8055812.0,100,63
8055815.0,96,49
8055833.0,91,53
8055886.0,94,64
8055924.0,92,54
8055928.0,94,55
8055941.0,88,59
8056090.0,98,51
8056098.0,91,54
8056101.0,91,63
8056103.0,94,53
8056164.0,100,52
8056179.0,90,55
8056187.0,99,54
8056209.0,94,55
8056224.0,90,56
8056227.0,94,54
8056281.0,90,59
8056288.0,91,78
8056327.0,59,78
8056333.0,97,69
8056370.0,98,52
8056388.0,94,49
8056391.0,92,52
8056395.0,98,54
8056405.0,94,52
8056485.0,94,53
8056525.0,99,53
8056548.0,98,53
8056592.0,81,76
8056645.0,98,50
8056712.0,98,55
8056724.0,90,55
8056730.0,90,59
8056754.0,99,52
8056784.0,98,57
8056822.0,94,52
8056825.0,92,64
8056827.0,91,54
8056846.0,96,49
8056870.0,98,56
8056934.0,94,51
8056980.0,92,78
8056988.0,94,56
8056992.0,98,50
8057007.0,100,52
8057019.0,99,52
8057195.0,90,64
8057203.0,100,58
8057209.0,98,51
8057214.0,99,54
8057256.0,95,62
8057274.0,90,57
8057284.0,92,50
8057412.0,98,50
8057424.0,92,52
8057509.0,92,64
8057512.0,94,51
8057514.0,97,57
8057554.0,92,51
8057591.0,96,58
8057623.0,89,57
8057637.0,99,55
8057644.0,99,58
8057667.0,98,55
8057704.0,92,50
8057747.0,94,50
8057767.0,94,56
8057937.0,92,60
8057976.0,90,58
8058018.0,90,64
8058083.0,98,56
8058093.0,86,56
8058126.0,97,50
8058127.0,94,50
8058194.0,99,52
8058271.0,89,58
8058287.0,94,55
8058346.0,89,57
8058355.0,92,50
8058390.0,87,56
8058418.0,99,53
8058451.0,90,56
8058487.0,101,55
8058495.0,91,61
8058525.0,89,56
8058570.0,93,65
8058610.0,91,54
8058618.0,94,50
8058672.0,101,54
8058700.0,100,52
8058728.0,91,55
8058741.0,90,56
8058749.0,89,57
8058761.0,89,56
8058803.0,94,62
8058807.0,92,61
8058881.0,92,50
8058932.0,92,56
8058960.0,98,50
8058961.0,91,57
8058962.0,99,54
8058979.0,97,50
8059027.0,99,55
8059114.0,89,58
8059138.0,95,56
8059175.0,90,82
8059224.0,90,56
8059234.0,95,51
8059237.0,99,56
8059255.0,89,57
8059258.0,91,55
8059290.0,95,49
8059311.0,101,55
8059313.0,95,50
8059371.0,90,84
8059386.0,91,54
8059405.0,101,53
8059418.0,92,56
8059435.0,91,60
8059460.0,100,56
8059461.0,97,50
8059573.0,91,83
8059590.0,97,51
8059631.0,100,57
8059648.0,92,53
8059649.0,90,56
8059659.0,92,52
8059668.0,95,50
8059707.0,92,51
8059720.0,96,51
8059734.0,101,56
8059764.0,89,57
8059766.0,101,55
8059797.0,101,54
8059816.0,91,54
8059848.0,93,50
8059853.0,99,51
8059861.0,97,51
8059869.0,94,54
8059877.0,99,50
8059982.0,97,50
8059997.0,101,52
8060005.0,92,52
8060070.0,92,50
8060074.0,91,83
8060149.0,95,50
8060204.0,89,57
8060264.0,99,57
8060275.0,92,55
8060281.0,100,52
8060283.0,91,55
8060300.0,90,56
8060323.0,95,52
8060327.0,99,56
8060442.0,91,56
8060473.0,101,61
8060477.0,101,56
8060479.0,97,50
8060491.0,91,52
8060518.0,90,56
8060561.0,92,54
8060565.0,95,55
8060617.0,93,52
8060623.0,95,50
8060664.0,99,50
8060677.0,99,55
8060699.0,99,52
8060701.0,101,60
8060701.0,101,53
8060702.0,99,56
8060704.0,101,52
8060710.0,89,57
8060715.0,91,59
8060737.0,97,49
8060745.0,90,55
8060758.0,95,52
8060777.0,95,54
8060799.0,101,57
8060847.0,101,59
8060852.0,101,63
8060861.0,93,50
8060881.0,99,51
8060925.0,92,73
8060931.0,101,55
8060947.0,92,62
8060958.0,91,54
8060962.0,89,57
8060970.0,100,58
8060971.0,91,52
8060986.0,99,55
8060995.0,92,54
8060996.0,97,50
8061005.0,95,49
8061044.0,93,50
8061070.0,96,50
8061076.0,97,56
8061084.0,101,52
8061123.0,100,52
8061150.0,91,60
8061186.0,99,50
8061237.0,92,52
8061277.0,100,59
8061297.0,97,50
8061364.0,101,58
8061371.0,90,59
8061395.0,96,55
8061402.0,99,54
8061447.0,88,56
8061451.0,101,62
8061462.0,92,56
8061470.0,95,52
8061479.0,99,53
8061484.0,99,56
8061491.0,88,85
8061520.0,93,53
8061520.0,94,52
8061555.0,101,61
8061568.0,91,52
8061576.0,90,56
8061578.0,101,57
8061588.0,100,61
8061619.0,97,52
8061625.0,91,62
8061670.0,99,52
8061676.0,85,57
8061682.0,93,52
8061700.0,99,81
8061728.0,84,57
8061757.0,101,59
8061782.0,93,50
8061796.0,98,50
8061807.0,99,50
8061813.0,97,54
8061814.0,90,59
8061861.0,86,57
8061869.0,90,55
8061879.0,95,64
8061897.0,85,57
8061974.0,101,63
8061995.0,101,56
8062002.0,95,53
8062007.0,101,52
8062022.0,92,54
8062029.0,95,52
8062036.0,91,52
8062043.0,100,54
8062050.0,92,52
8062061.0,95,50
8062071.0,96,71
8062122.0,100,52
8062124.0,98,58
8062146.0,99,56
8062187.0,95,64
8062212.0,100,53
8062219.0,84,57
8062307.0,91,59
8062332.0,90,57
8062347.0,101,58
8062387.0,93,57
8062397.0,97,49
8062407.0,86,57
8062421.0,101,57
8062433.0,95,54
8062439.0,99,54
8062464.0,97,58
8062493.0,101,59
8062501.0,101,71
8062543.0,98,57
8062565.0,91,62
8062623.0,99,50
8062626.0,95,56
8062631.0,95,50
8062668.0,93,54
8062748.0,99,55
8062887.0,91,58
8062894.0,90,57
8062909.0,99,57
8062916.0,91,56
8062987.0,96,49
8063029.0,100,62
8063075.0,92,55
8063091.0,99,56
8063104.0,101,69
8063110.0,90,55
8063142.0,100,54
8063217.0,67,55
8063237.0,91,56
8063273.0,91,54
8063317.0,101,58
8063465.0,100,55
8063475.0,93,49
8063492.0,98,50
8063584.0,102,53
8063610.0,93,51
8063620.0,90,85
8063634.0,94,51
8063649.0,67,55
8063670.0,92,55
8063673.0,97,51
8063706.0,99,55
8063714.0,100,53
8063723.0,63,57
8063734.0,101,60
8063786.0,98,49
8063796.0,93,51
8063862.0,86,79
8063873.0,100,70
8063886.0,102,54
8063891.0,93,50
8063948.0,95,55
8063990.0,91,56
8063998.0,100,53
8064017.0,95,54
8064034.0,101,72
8064070.0,96,50
8064105.0,91,54
8064140.0,93,52
8064185.0,102,53
8064193.0,95,56
8064225.0,98,52
8064240.0,94,53
8064275.0,100,72
8064324.0,94,58
8064327.0,102,55
8064349.0,98,51
8064400.0,63,57
8064413.0,101,59
8064456.0,96,49
8064469.0,92,59
8064478.0,95,49
8064506.0,100,55
8064529.0,98,49
8064538.0,87,54
8064559.0,91,54
8064568.0,102,53
8064573.0,92,57
8064591.0,102,54
8064593.0,101,52
8064600.0,100,51
8064604.0,92,55
8064610.0,98,51
8064709.0,95,53
8064714.0,95,52
8064754.0,98,52
8064766.0,93,50
8064766.0,91,58
8064829.0,93,51
8064868.0,91,55
8064923.0,101,64
8064964.0,99,57
8064969.0,94,52
8065027.0,91,57
8065044.0,92,62
8065046.0,96,51
8065085.0,100,50
8065098.0,102,55
8065156.0,98,49
8065167.0,93,55
8065172.0,96,50
8065197.0,102,56
8065210.0,90,54
8065291.0,101,61
8065323.0,98,50
8065326.0,101,58
8065331.0,88,82
8065343.0,89,81
8065381.0,102,52
8065412.0,102,54
8065414.0,101,52
8065414.0,100,52
8065420.0,98,53
8065432.0,91,54
8065440.0,93,51
8065476.0,93,53
8065487.0,100,56
8065499.0,93,60
8065502.0,86,55
8065528.0,94,54
8065536.0,77,104
8065545.0,92,62
8065549.0,96,52
8065557.0,90,54
8065559.0,95,63
8065574.0,100,53
8065599.0,93,50
8065619.0,94,50
8065627.0,95,55
8065638.0,95,54
8065707.0,92,61
8065719.0,95,49
8065757.0,102,55
8065831.0,101,63
8065865.0,100,50
8065871.0,86,55
8065877.0,101,62
8065890.0,91,55
8065938.0,61,54
8065939.0,96,56
8065964.0,100,51
8065984.0,102,56
8066033.0,93,56
8066041.0,100,67
8066076.0,92,58
8066102.0,52,75
8066107.0,93,52
8066165.0,98,51
8066180.0,93,50
8066235.0,100,55
8066246.0,91,55
8066271.0,102,52
8066281.0,94,61
8066363.0,93,54
8066376.0,100,54
8066384.0,52,76
8066388.0,101,53
8066391.0,91,56
8066476.0,99,50
8066487.0,100,52
8066502.0,96,56
8066528.0,92,54
8066530.0,92,62
8066597.0,100,53
8066629.0,96,54
8066656.0,92,56
8066680.0,89,81
8066694.0,93,52
8066718.0,100,56
8066736.0,101,56
8066743.0,93,55
8066769.0,99,75
8066785.0,101,57
8066805.0,100,57
8066907.0,96,50
8066909.0,101,54
8066932.0,98,54
8066979.0,94,53
8067029.0,100,67
8067033.0,96,53
8067085.0,91,55
8067103.0,102,57
8067120.0,94,50
8067126.0,52,75
8067188.0,92,54
8067192.0,101,52
8067212.0,93,52
8067239.0,97,49
8067261.0,92,53
8067264.0,100,54
8067277.0,100,50
8067291.0,89,81
8067331.0,93,53
8067349.0,81,62
8067358.0,91,61
8067427.0,100,55
8067439.0,99,75
8067466.0,91,57
8067478.0,98,56
8067496.0,97,49
8067544.0,100,76
8067550.0,81,63
8067610.0,93,55
8067617.0,101,52
8067618.0,95,61
8067641.0,93,52
8067657.0,100,67
8067693.0,92,63
8067706.0,81,62
8067711.0,102,56
8067769.0,99,49
8067810.0,100,49
8067814.0,91,61
8067819.0,96,49
8067824.0,101,53
8067849.0,92,61
8067883.0,102,57
8067904.0,91,57
8067916.0,97,49
8067918.0,100,53
8067930.0,92,54
8067938.0,94,54
8067943.0,92,60
8067951.0,87,76
8067972.0,92,53
8067976.0,52,75
8068009.0,103,53
8068017.0,87,75
8068031.0,99,56
8068075.0,95,59
8068153.0,96,55
8068198.0,91,63
8068203.0,91,55
8068205.0,96,49
8068208.0,99,51
8068257.0,93,55
8068263.0,91,54
8068276.0,96,56
8068321.0,94,51
8068348.0,99,75
8068351.0,99,50
8068356.0,92,52
8068369.0,103,54
8068375.0,95,52
8068380.0,98,54
8068389.0,100,55
8068399.0,97,53
8068438.0,101,51
8068470.0,99,49
8068485.0,100,56
8068507.0,99,52
8068557.0,96,49
8068583.0,100,57
8068590.0,99,75
8068637.0,93,52
8068649.0,97,50
8068701.0,95,49
8068705.0,94,59
8068710.0,94,52
8068713.0,99,50
8068716.0,91,55
8068770.0,92,52
8068773.0,95,57
8068782.0,96,55
8068837.0,93,55
8068865.0,100,57
8068967.0,101,50
8068990.0,102,52
8069022.0,99,49
8069089.0,101,54
8069101.0,102,57
8069140.0,101,55
8069185.0,97,49
8069197.0,103,54
8069217.0,92,55
8069231.0,93,52
8069245.0,99,69
8069295.0,102,58
8069307.0,100,56
8069363.0,96,49
8069391.0,103,53
8069403.0,91,54
8069448.0,92,59
8069455.0,101,59
8069475.0,103,55
8069492.0,101,55
8069537.0,66,66
8069562.0,101,51
8069615.0,102,59
8069623.0,98,56
8069670.0,95,62
8069743.0,101,50
8069768.0,97,50
8069841.0,96,54
8069851.0,103,54
8069884.0,101,52
8069909.0,93,52
8069940.0,98,52
8069969.0,91,55
8070005.0,101,55
8070006.0,100,50
8070027.0,101,58
8070056.0,99,53
8070096.0,97,51
8070169.0,102,60
8070233.0,97,50
8070234.0,103,55
8070252.0,103,53
8070288.0,100,57
8070308.0,98,51
8070324.0,85,85
8070330.0,101,60
8070336.0,97,51
8070354.0,101,50
8070377.0,94,60
8070395.0,94,50
8070400.0,94,52
8070403.0,96,50
8070406.0,101,53
8070424.0,98,50
8070435.0,92,54
8070469.0,94,54
8070502.0,96,55
8070522.0,65,71
8070536.0,101,52
8070549.0,93,52
8070666.0,99,50
8070672.0,94,50
8070679.0,102,58
8070707.0,97,56
8070714.0,84,85
8070801.0,99,52
8070809.0,99,51
8070809.0,101,52
8070816.0,101,56
8070822.0,95,51
8070833.0,94,53
8070846.0,97,51
8070913.0,90,54
8070933.0,85,84
8070936.0,96,53
8070939.0,101,54
8070973.0,97,52
8070974.0,103,55
8070976.0,95,50
8071039.0,91,54
8071039.0,100,50
8071067.0,101,53
8071081.0,101,50
8071088.0,93,54
8071117.0,43,91
8071151.0,103,56
8071152.0,95,49
8071180.0,96,52
8071233.0,97,49
8071237.0,102,59
8071245.0,102,60
8071289.0,102,61
8071320.0,96,54
8071333.0,100,56
8071359.0,99,55
8071435.0,100,57
8071457.0,90,54
8071463.0,93,63
8071473.0,68,54
8071475.0,99,58
8071495.0,69,55
8071497.0,77,87
8071603.0,67,54
8071615.0,102,52
8071616.0,94,55
8071632.0,98,49
8071634.0,93,54
8071660.0,94,54
8071681.0,99,49
8071684.0,83,84
8071690.0,99,57
8071756.0,101,73
8071785.0,95,54
8071874.0,99,55
8071893.0,68,54
8071957.0,101,56
8071985.0,101,54
8072034.0,97,50
8072048.0,103,56
8072048.0,102,53
8072053.0,92,58
8072075.0,44,92
8072078.0,97,51
8072109.0,93,54
8072131.0,92,55
8072134.0,54,56
8072136.0,102,54
8072138.0,100,50
8072159.0,96,51
8072210.0,102,59
8072233.0,100,51
8072250.0,94,53
8072265.0,102,53
8072295.0,92,60
8072305.0,97,49
8072334.0,99,55
8072349.0,100,49
8072376.0,96,49
8072401.0,94,58
8072452.0,93,61
8072468.0,102,61
8072518.0,102,60
8072524.0,90,54
8072536.0,91,57
8072568.0,97,54
8072573.0,92,60
8072597.0,99,55
8072642.0,102,51
8072657.0,98,49
8072672.0,99,51
8072739.0,92,57
8072754.0,102,57
8072785.0,100,49
8072797.0,96,55
8072818.0,97,56
8072833.0,103,52
8072837.0,97,53
8072859.0,92,54
8072860.0,90,54
8072924.0,95,50
8073023.0,102,58
8073026.0,102,56
8073058.0,93,61
8073063.0,98,56
8073077.0,103,54
8073083.0,103,55
8073091.0,101,55
8073091.0,104,53
8073121.0,98,50
8073137.0,97,53
8073170.0,95,51
8073362.0,93,62
8073371.0,103,57
8073394.0,100,57
8073399.0,104,54
8073418.0,97,49
8073459.0,95,50
8073465.0,84,83
8073466.0,102,51
8073491.0,100,52
8073517.0,95,53
8073527.0,104,53
8073553.0,97,55
8073620.0,102,61
8073650.0,100,50
8073711.0,93,61
8073728.0,99,54
8073775.0,100,49
8073788.0,101,61
8073803.0,102,54
8073814.0,102,53
8073844.0,93,56
8073863.0,101,50
8073882.0,100,53
8073921.0,101,57
8073942.0,97,53
8073952.0,99,56
8073969.0,101,55
8073990.0,92,55
8074044.0,102,52
8074045.0,93,59
8074069.0,104,53
8074089.0,92,53
8074095.0,97,54
8074130.0,102,59
8074131.0,95,50
8074146.0,92,60
8074149.0,94,55
8074156.0,98,57
8074175.0,102,60
8074231.0,100,68
8074295.0,95,77
8074300.0,102,50
8074320.0,99,50
8074335.0,92,56
8074337.0,97,52
8074357.0,95,50
8074410.0,102,62
8074486.0,102,51
8074497.0,104,54
8074502.0,102,53
8074517.0,98,50
8074538.0,101,56
8074626.0,100,50
8074698.0,97,53
8074699.0,96,49
8074735.0,102,55
8074752.0,98,51
8074758.0,99,55
8074781.0,95,52
8074800.0,103,57
8074876.0,104,53
8075056.0,92,57
8075064.0,103,53
8075140.0,102,52
8075206.0,101,50
8075253.0,92,54
8075264.0,104,55
8075290.0,98,50
8075308.0,93,53
8075339.0,99,49
8075387.0,94,55
8075415.0,103,53
8075416.0,100,51
8075432.0,102,50
8075500.0,102,53
8075510.0,97,56
8075527.0,101,56
8075552.0,86,78
8075562.0,102,62
8075722.0,100,53
8075823.0,97,52
8075824.0,104,56
8075880.0,103,58
8075893.0,102,61
8075972.0,93,53
8075987.0,103,53
8075989.0,96,51
8076062.0,95,53
8076067.0,98,49
8076091.0,97,54
8076141.0,96,50
8076180.0,100,48
8076234.0,92,56
8076251.0,87,84
8076278.0,104,55
8076328.0,100,52
8076337.0,99,52
8076366.0,97,63
8076371.0,102,54
8076422.0,92,54
8076435.0,98,50
8076439.0,93,63
8076447.0,99,49
8076469.0,104,56
8076475.0,95,60
8076488.0,101,51
8076521.0,98,55
8076562.0,93,55
8076569.0,95,54
8076574.0,101,49
8076582.0,89,84
8076585.0,102,56
8076601.0,94,54
8076643.0,98,49
8076648.0,98,51
8076650.0,92,55
8076660.0,101,55
8076682.0,97,49
8076700.0,99,49
8076780.0,103,51
8076789.0,103,57
8076796.0,53,54
8076835.0,96,49
8076853.0,103,54
8076856.0,100,51
8076870.0,93,53
8076882.0,101,70
8076894.0,98,52
8076954.0,103,58
8076974.0,97,51
8077008.0,89,84
8077039.0,101,56
8077051.0,97,49
8077065.0,103,56
8077070.0,98,51
8077116.0,90,85
8077159.0,100,54
8077163.0,102,63
8077178.0,94,54
8077236.0,53,51
8077244.0,101,49
8077247.0,87,83
8077262.0,95,52
8077270.0,90,79
8077288.0,98,52
8077296.0,99,49
8077316.0,53,54
8077364.0,103,51
8077365.0,93,53
8077383.0,101,71
8077440.0,102,54
8077468.0,90,80
8077499.0,99,53
8077524.0,102,53
8077530.0,101,62
8077543.0,104,56
8077555.0,97,49
8077563.0,102,58
8077679.0,97,55
8077686.0,101,52
8077696.0,95,54
8077704.0,94,54
8077708.0,68,49
8077709.0,105,54
8077711.0,53,51
8077717.0,95,52
8077723.0,100,55
8077728.0,96,53
8077730.0,103,54
8077747.0,100,53
8077775.0,99,50
8077781.0,99,54
8077870.0,102,56
8077899.0,97,62
8077955.0,101,52
8077969.0,100,50
8077982.0,95,53
8077993.0,101,50
8078000.0,96,51
8078058.0,94,59
8078063.0,101,49
8078143.0,99,50
8078148.0,103,58
8078193.0,103,52
8078215.0,101,57
8078234.0,90,58
8078305.0,95,52
8078340.0,102,50
8078384.0,98,53
8078411.0,97,50
8078414.0,53,54
8078455.0,104,57
8078509.0,96,50
8078512.0,54,52
8078539.0,100,54
8078546.0,101,52
8078547.0,95,52
8078557.0,104,53
8078592.0,95,55
8078611.0,97,49
8078629.0,102,55
8078706.0,104,54
8078732.0,99,56
8078751.0,95,56
8078767.0,54,53
8078787.0,92,54
8078817.0,105,53
8078829.0,103,55
8078837.0,92,58
8078857.0,103,59
8078865.0,102,62
8078872.0,98,53
8078875.0,105,54
8079012.0,98,54
8079078.0,101,52
8079133.0,95,55
8079164.0,102,60
8079251.0,98,56
8079253.0,92,54
8079283.0,95,56
8079288.0,104,53
8079319.0,104,57
8079336.0,102,57
8079337.0,105,55
8079351.0,103,52
8079368.0,99,49
8079385.0,91,54
8079404.0,96,54
8079413.0,65,46
8079423.0,94,63
8079445.0,91,80
8079447.0,96,51
8079449.0,101,57
8079470.0,101,53
8079512.0,99,52
8079517.0,100,54
8079517.0,104,55
8079541.0,93,62
8079599.0,100,68
8079640.0,105,54
8079703.0,99,51
8079709.0,92,59
8079745.0,44,106
8079749.0,101,52
8079775.0,94,53
8079781.0,99,49
8079795.0,97,51
8079804.0,103,53
8079821.0,96,51
8079831.0,93,62
8079884.0,95,55
8079898.0,100,64
8079898.0,105,55
8079904.0,102,56
8079904.0,93,60
8079919.0,96,56
8079948.0,105,53
8079961.0,96,53
8080005.0,103,58
8080023.0,98,55
8080027.0,96,52
8080030.0,103,59
8080191.0,93,57
8080212.0,91,54
8080239.0,103,57
8080280.0,101,50
8080283.0,85,79
8080289.0,103,55
8080303.0,104,56
8080317.0,102,63
8080334.0,101,51
8080356.0,97,55
8080413.0,100,49
8080501.0,102,57
8080503.0,100,55
8080507.0,102,50
8080560.0,93,58
8080586.0,101,52
8080635.0,97,50
8080665.0,95,55
8080669.0,103,60
8080684.0,105,55
8080691.0,93,54
8080704.0,100,56
8080716.0,99,49
8080742.0,103,53
8080755.0,103,55
8080778.0,102,49
8080787.0,98,50
8080830.0,102,51
8080872.0,103,51
8080903.0,102,57
8080912.0,104,58
8080962.0,104,53
8081059.0,91,54
8081064.0,104,51
8081091.0,102,50
8081106.0,98,54
8081142.0,91,81
8081144.0,97,53
8081210.0,102,56
8081238.0,90,83
8081250.0,92,53
8081269.0,105,56
8081300.0,100,51
8081304.0,103,54
8081310.0,93,59
8081320.0,99,49
8081375.0,98,49
8081377.0,104,57
8081409.0,99,52
8081410.0,104,54
8081412.0,100,49
8081415.0,100,52
8081437.0,99,56
8081447.0,93,55
8081456.0,105,55
8081459.0,94,53
8081492.0,96,51
8081516.0,95,67
8081568.0,102,57
8081605.0,93,59
8081628.0,96,52
8081629.0,96,53
8081666.0,91,54
8081675.0,93,61
8081678.0,103,56
8081715.0,95,51
8081826.0,101,54
8081900.0,59,77
8081924.0,97,67
8081926.0,104,51
8081926.0,102,49
8081955.0,101,80
8081989.0,53,58
8082005.0,97,54
8082011.0,95,56
8082021.0,103,60
8082022.0,103,53
8082037.0,92,53
8082059.0,95,58
8082066.0,96,51
8082104.0,93,56
8082106.0,95,51
8082127.0,101,51
8082130.0,97,50
8082165.0,97,51
8082202.0,97,53
8082209.0,102,51
8082226.0,98,54
8082243.0,103,58
8082291.0,101,54
8082295.0,100,80
8082327.0,91,54
8082347.0,97,52
8082385.0,100,50
8082402.0,98,51
8082403.0,93,54
8082444.0,102,57
8082492.0,96,54
8082495.0,93,53
8082533.0,98,49
8082540.0,104,52
8082550.0,101,80
8082587.0,53,58
8082619.0,105,56
8082652.0,105,53
8082690.0,95,54
8082703.0,106,54
8082711.0,102,56
8082743.0,104,54
8082755.0,91,54
8082789.0,103,59
8082798.0,102,50
8082849.0,102,52
8082935.0,102,59
8082979.0,103,56
8082982.0,101,50
8083039.0,103,60
8083063.0,104,58
8083099.0,53,58
8083155.0,101,80
8083203.0,95,55
8083211.0,94,55
8083264.0,93,62
8083274.0,53,59
8083276.0,101,55
8083287.0,102,61
8083303.0,93,58
8083325.0,93,57
8083356.0,104,51
8083359.0,102,52
8083373.0,104,52
8083391.0,93,53
8083393.0,93,55
8083460.0,106,54
8083463.0,99,51
8083464.0,93,59
8083475.0,105,54
8083604.0,94,55
8083642.0,95,54
8083645.0,103,55
8083658.0,101,55
8083670.0,104,57
8083685.0,103,61
8083731.0,97,51
8083740.0,93,57
8083765.0,95,56
8083787.0,102,54
8083801.0,96,53
8083817.0,101,80
8083846.0,102,57
8083856.0,103,51
8083875.0,99,53
8083902.0,99,82
8083917.0,104,55
8083935.0,102,49
8083946.0,96,54
8083969.0,106,54
8083998.0,93,55
8084021.0,102,53
8084086.0,102,51
8084091.0,53,58
8084103.0,93,59
8084104.0,100,49
8084115.0,104,53
8084128.0,94,55
8084142.0,96,53
8084181.0,99,50
8084200.0,101,52
8084204.0,106,55
8084204.0,97,53
8084212.0,104,55
8084221.0,102,55
8084224.0,103,51
8084227.0,101,53
8084268.0,103,59
8084327.0,101,49
8084387.0,100,51
8084390.0,105,57
8084393.0,100,54
8084399.0,101,63
8084400.0,103,54
8084417.0,95,54
8084446.0,93,60
8084466.0,101,55
8084481.0,96,55
8084534.0,98,49
8084566.0,99,54
8084585.0,93,55
8084658.0,104,58
8084661.0,98,53
8084697.0,103,52
8084735.0,98,52
8084746.0,106,54
8084765.0,98,55
8084770.0,93,57
8084785.0,103,51
8084818.0,97,52
8084820.0,104,55
8084829.0,101,55
8084857.0,93,55
8084902.0,106,55
8084909.0,101,54
8084966.0,100,49
8085031.0,98,51
8085148.0,104,53
8085168.0,97,56
8085227.0,93,56
8085237.0,97,49
8085239.0,105,57
8085250.0,105,53
8085257.0,101,56
8085314.0,101,49
8085323.0,98,50
8085346.0,103,57
8085367.0,104,55
8085368.0,101,57
8085389.0,96,57
8085436.0,99,49
8085447.0,100,56
8085461.0,102,79
8085461.0,104,51
8085499.0,95,53
8085511.0,97,49
8085526.0,101,64
8085548.0,93,58
8085581.0,103,56
8085636.0,96,54
8085654.0,105,54
8085660.0,105,52
8085666.0,102,52
8085689.0,104,54
8085704.0,99,53
8085706.0,106,54
8085751.0,103,49
8085769.0,93,54
8085786.0,101,49
8085792.0,99,51
8085807.0,103,60
8085852.0,106,55
8085856.0,101,51
8085870.0,104,55
8085993.0,96,55
8085996.0,105,53
8086010.0,100,50
8086048.0,92,57
8086048.0,54,57
8086076.0,95,53
8086115.0,93,53
8086156.0,103,50
8086171.0,101,55
8086192.0,102,54
8086197.0,102,50
8086209.0,102,51
8086210.0,103,52
8086213.0,102,53
8086240.0,99,55
8086272.0,101,54
8086281.0,102,57
8086281.0,100,49
8086287.0,103,61
8086296.0,103,49
8086324.0,105,55
8086344.0,99,49
8086351.0,99,50
8086368.0,97,49
8086416.0,98,53
8086435.0,103,58
8086440.0,105,56
8086462.0,93,54
8086498.0,102,53
8086517.0,99,52
8086528.0,98,52
8086544.0,105,54
8086579.0,93,53
8086599.0,101,56
8086614.0,101,49
8086620.0,100,52
8086624.0,104,55
8086647.0,99,55
8086660.0,106,56
8086705.0,97,52
8086733.0,105,53
8086752.0,105,51
8086767.0,103,56
8086799.0,104,59
8086805.0,98,51
8086888.0,101,50
8086903.0,103,50
8086907.0,104,54
8086909.0,103,49
8086917.0,99,54
8086992.0,97,58
8087005.0,104,58
8087028.0,101,70
8087033.0,95,53
8087041.0,105,53
8087070.0,103,57
8087113.0,104,56
8087232.0,105,52
8087242.0,104,52
8087242.0,105,57
8087245.0,100,68
8087269.0,98,50
8087313.0,102,52
8087423.0,97,52
8087459.0,102,54
8087549.0,103,54
8087600.0,104,51
8087620.0,99,55
8087686.0,97,53
8087696.0,98,53
8087762.0,55,68
8087812.0,106,56
8087850.0,103,52
8087857.0,91,80
8087891.0,96,53
8087901.0,105,58
8087903.0,93,55
8087908.0,105,51
8087913.0,102,50
8087935.0,101,52
8087939.0,66,69
8087940.0,102,49
8087944.0,102,53
8087973.0,103,59
8087979.0,98,55
8088062.0,94,54
8088122.0,94,52
8088142.0,98,51
8088150.0,100,55
8088179.0,101,49
8088206.0,104,53
8088253.0,99,49
8088278.0,106,56
8088341.0,103,50
8088343.0,105,54
8088349.0,105,55
8088349.0,105,51
8088357.0,103,53
8088378.0,104,56
8088395.0,103,52
8088403.0,104,55
8088434.0,100,56
8088439.0,106,56
8088449.0,104,59
8088526.0,105,51
8088531.0,100,50
8088556.0,105,53
8088625.0,98,53
8088636.0,99,54
8088736.0,95,53
8088764.0,104,51
8088780.0,99,51
8088819.0,97,53
8088822.0,103,49
8088831.0,102,49
8088902.0,101,51
8088946.0,107,55
8088986.0,101,50
8089001.0,103,52
8089049.0,93,61
8089116.0,102,55
8089164.0,98,54
8089178.0,97,53
8089218.0,101,49
8089262.0,103,59
8089262.0,101,56
8089280.0,99,56
8089339.0,97,54
8089353.0,105,52
8089426.0,105,55
8089427.0,104,49
8089457.0,99,50
8089468.0,106,57
8089481.0,103,51
8089493.0,90,84
8089572.0,102,57
8089584.0,96,57
8089598.0,105,58
8089645.0,99,55
8089650.0,99,51
8089651.0,103,52
8089657.0,103,55
8089659.0,100,53
8089668.0,100,52
8089669.0,104,50
8089706.0,106,54
8089719.0,101,53
8089782.0,100,49
8089794.0,102,54
8089805.0,93,61
8089876.0,103,57
8089885.0,93,53
8089891.0,107,54
8089898.0,98,52
8089900.0,107,55
8089909.0,103,51
8089991.0,104,54
8089994.0,97,53
8090008.0,102,51
8090010.0,105,57
8090095.0,94,53
8090116.0,101,51
8090141.0,103,51
8090145.0,103,53
8090153.0,100,53
8090190.0,88,124
8090266.0,104,55
8090290.0,106,55
8090344.0,93,58
8090353.0,99,50
8090383.0,95,52
8090421.0,103,58
8090429.0,85,78
8090443.0,97,51
8090465.0,99,53
8090484.0,101,49
8090513.0,106,57
8090524.0,96,54
8090539.0,99,52
8090576.0,104,52
8090588.0,106,52
8090591.0,101,51
8090595.0,105,54
8090618.0,104,50
8090635.0,97,54
8090677.0,100,54
8090682.0,103,61
8090701.0,100,49
8090730.0,103,50
8090744.0,94,54
8090763.0,106,54
8090812.0,98,51
8090826.0,24,97
8090839.0,96,55
8090861.0,97,52
8090879.0,104,51
8090887.0,100,51
8090911.0,98,69
8090922.0,101,50
8090977.0,97,51
8090994.0,103,52
8091026.0,102,49
8091030.0,98,52
8091033.0,104,49
8091050.0,101,49
8091072.0,95,52
8091077.0,105,51
8091098.0,98,51
8091101.0,101,52
8091102.0,106,52
8091130.0,102,50
8091132.0,105,53
8091138.0,103,54
8091148.0,101,71
8091158.0,24,97
8091159.0,97,63
8091188.0,104,53
8091218.0,106,54
8091232.0,96,54
8091242.0,105,54
8091304.0,102,54
8091323.0,106,56
8091339.0,105,58
8091382.0,107,55
8091439.0,93,57
8091476.0,53,92
8091478.0,104,57
8091574.0,104,50
8091588.0,103,49
8091597.0,106,52
8091600.0,103,54
8091619.0,100,67
8091639.0,94,53
8091699.0,93,59
8091745.0,106,57
8091798.0,105,56
8091813.0,96,60
8091814.0,101,55
8091827.0,104,56
8091838.0,103,60
8091883.0,104,59
8091900.0,95,52
8091901.0,107,56
8091920.0,103,57
8091928.0,104,52
8091932.0,99,53
8091964.0,93,60
8092009.0,102,56
8092051.0,106,54
8092066.0,25,96
8092120.0,96,54
8092121.0,97,55
8092141.0,99,51
8092144.0,70,54
8092145.0,103,56
8092156.0,107,55
8092220.0,105,51
8092239.0,101,72
8092242.0,103,54
8092263.0,102,55
8092284.0,101,54
8092299.0,96,53
8092318.0,106,53
8092322.0,101,74
8092328.0,104,49
8092358.0,103,52
8092369.0,103,58
8092437.0,104,58
8092461.0,98,68
8092518.0,103,53
8092525.0,95,52
8092544.0,103,51
8092549.0,104,57
8092557.0,93,59
8092564.0,100,49
8092589.0,106,54
8092608.0,105,51
8092658.0,98,53
8092685.0,103,54
8092709.0,104,53
8092785.0,103,49
8092807.0,101,52
8092815.0,102,52
8092832.0,104,51
8092851.0,105,54
8092856.0,103,50
8092947.0,107,56
8092954.0,100,55
8093035.0,102,50
8093054.0,101,52
8093057.0,101,49
8093066.0,101,70
8093066.0,99,53
8093102.0,104,60
8093157.0,98,55
8093157.0,105,56
8093164.0,94,53
8093201.0,103,49
8093263.0,101,68
8093287.0,97,55
8093325.0,101,50
8093349.0,96,53
8093352.0,103,59
8093352.0,100,55
8093361.0,102,49
8093383.0,106,58
8093403.0,99,50
8093423.0,101,72
8093427.0,94,54
8093456.0,99,52
8093461.0,106,53
8093523.0,100,51
8093548.0,104,56
8093551.0,71,55
8093574.0,101,68
8093599.0,106,55
8093669.0,102,53
8093713.0,95,75
8093762.0,99,51
8093779.0,101,69
8093791.0,100,50
8093801.0,105,55
8093806.0,106,55
8093820.0,104,51
8093857.0,59,48
8093868.0,104,50
8093871.0,71,55
8093882.0,96,56
8093903.0,103,49
8093984.0,105,50
8094003.0,106,52
8094009.0,98,53
8094041.0,104,53
8094041.0,102,54
8094056.0,101,49
8094060.0,100,55
8094072.0,103,55
8094102.0,105,58
8094154.0,105,53
8094175.0,58,49
8094179.0,106,57
8094181.0,89,82
8094185.0,66,48
8094187.0,94,55
8094195.0,102,49
8094244.0,103,53
8094251.0,96,53
8094260.0,95,52
8094268.0,104,53
8094273.0,102,51
8094334.0,100,55
8094344.0,106,55
8094356.0,96,76
8094360.0,102,56
8094369.0,103,49
8094392.0,101,56
8094425.0,59,48
8094440.0,104,55
8094457.0,101,53
8094507.0,105,59
8094518.0,107,56
8094539.0,96,75
8094582.0,94,55
8094601.0,97,57
8094606.0,102,57
8094607.0,106,56
8094641.0,99,53
8094746.0,99,52
8094754.0,104,59
8094757.0,101,71
8094762.0,56,49
8094777.0,105,51
8094787.0,105,52
8094788.0,103,52
8094807.0,102,50
8094880.0,103,57
8094900.0,102,49
8094909.0,102,55
8094919.0,107,55
8094939.0,100,54
8095041.0,105,50
8095044.0,98,54
8095052.0,103,50
8095056.0,102,62
8095081.0,105,51
8095147.0,100,50
8095201.0,94,55
8095252.0,99,55
8095263.0,58,77
8095269.0,103,49
8095271.0,104,51
8095282.0,93,54
8095284.0,104,57
8095311.0,58,49
8095319.0,106,58
8095330.0,108,55
8095345.0,101,49
8095353.0,94,56
8095426.0,105,59
8095430.0,94,58
8095433.0,100,52
8095439.0,105,54
8095452.0,101,52
8095600.0,103,54
8095613.0,104,49
8095695.0,104,60
8095774.0,96,53
8095784.0,99,53
8095836.0,103,51
8095874.0,104,52
8095882.0,107,52
8095914.0,103,61
8095930.0,99,52
8095938.0,94,55
8095941.0,103,49
8095957.0,102,56
8095968.0,105,50
8096022.0,93,55
8096032.0,98,54
8096047.0,103,50
8096077.0,93,59
8096099.0,102,61
8096184.0,106,53
8096190.0,108,55
8096221.0,104,54
8096240.0,101,50
8096259.0,98,53
8096311.0,102,53
8096354.0,97,55
8096374.0,93,55
8096382.0,107,57
8096388.0,103,50
8096396.0,103,58
8096408.0,105,52
8096479.0,105,56
8096663.0,105,59
8096665.0,103,49
8096684.0,107,52
8096731.0,96,52
8096746.0,108,56
8096751.0,107,53
8096755.0,106,54
8096769.0,102,54
8096794.0,94,55
8096826.0,101,54
8096829.0,101,51
8096840.0,103,56
8096913.0,101,74
8096931.0,96,55
8096937.0,106,56
8096946.0,99,54
8096971.0,101,61
8096976.0,103,62
8096998.0,100,54
8097022.0,106,58
8097042.0,102,50
8097070.0,100,51
8097075.0,100,60
8097109.0,100,56
8097154.0,103,49
8097158.0,105,58
8097164.0,102,52
8097178.0,100,53
8097200.0,107,52
8097211.0,59,49
8097219.0,105,51
8097249.0,98,53
8097269.0,101,51
8097340.0,96,52
8097354.0,104,52
8097358.0,108,55
8097421.0,104,50
8097426.0,103,50
8097483.0,105,57
8097547.0,107,55
8097570.0,96,56
8097587.0,101,56
8097607.0,105,53
8097651.0,104,56
8097658.0,101,50
8097687.0,107,53
8097699.0,101,51
8097701.0,108,56
8097705.0,102,49
8097724.0,97,56
8097773.0,94,56
8097774.0,104,57
8097779.0,100,55
8097784.0,104,54
8097799.0,104,58
8097806.0,107,57
8097834.0,99,53
8097909.0,100,52
8097978.0,103,51
8097983.0,105,53
8098034.0,105,57
8098045.0,103,49
8098057.0,98,53
8098061.0,108,55
8098075.0,94,54
8098098.0,68,58
8098199.0,107,52
8098224.0,101,52
8098242.0,104,53
8098321.0,57,62
8098330.0,106,58
8098336.0,103,58
8098347.0,103,49
8098353.0,102,63
8098380.0,106,55
8098391.0,95,55
8098397.0,106,52
8098404.0,101,75
8098492.0,98,52
8098496.0,101,62
8098504.0,107,55
8098527.0,105,50
8098544.0,106,56
8098561.0,105,53
8098578.0,108,56
8098618.0,104,51
8098636.0,68,58
8098637.0,98,53
8098639.0,105,57
8098648.0,103,55
8098679.0,95,52
8098716.0,100,53
8098721.0,101,50
8098722.0,106,53
8098744.0,102,64
8098784.0,103,56
8098786.0,96,52
8098811.0,107,53
8098813.0,95,57
8098832.0,106,56
8098839.0,105,55
8098860.0,107,56
8098917.0,96,57
8098924.0,102,49
8098929.0,105,57
8098944.0,95,53
8098945.0,102,51
8098965.0,104,61
8099021.0,99,53
8099078.0,105,51
8099147.0,104,50
8099169.0,57,62
8099170.0,104,49
8099192.0,73,88
8099216.0,100,50
8099260.0,100,51
8099266.0,105,60
8099352.0,97,56
8099357.0,98,54
8099360.0,101,76
8099362.0,98,52
8099366.0,98,55
8099431.0,99,52
8099453.0,106,52
8099497.0,106,50
8099551.0,105,59
8099559.0,93,57
8099595.0,52,92
8099598.0,103,53
8099631.0,104,52
8099632.0,97,51
8099642.0,57,62
8099652.0,105,56
8099674.0,100,50
8099709.0,100,52
8099773.0,102,50
8099803.0,103,57
8099811.0,106,59
8099824.0,62,62
8099834.0,76,100
8099838.0,52,90
8099849.0,104,55
8099988.0,99,49
8099995.0,103,50
8100006.0,100,65
8100008.0,106,56
8100015.0,97,51
8100021.0,99,52
8100047.0,106,50
8100063.0,108,56
8100116.0,102,56
8100166.0,104,50
8100206.0,95,52
8100228.0,106,55
8100360.0,103,54
8100373.0,104,60
8100380.0,101,55
8100382.0,98,57
8100391.0,104,57
8100401.0,102,53
8100405.0,102,52
8100443.0,107,58
8100453.0,100,51
8100491.0,107,54
8100498.0,106,50
8100527.0,94,57
8100553.0,104,51
8100563.0,105,54
8100573.0,99,49
8100598.0,104,54
8100685.0,100,53
8100745.0,99,55
8100756.0,105,52
8100766.0,108,55
8100773.0,106,56
8100777.0,101,51
8100780.0,100,52
8100824.0,101,69
8100831.0,95,53
8100836.0,94,56
8100904.0,106,54
8100929.0,97,54
8100931.0,101,49
8100943.0,105,51
8100947.0,106,50
8100950.0,99,49
8101027.0,102,51
8101102.0,99,53
8101130.0,101,54
8101144.0,105,55
8101174.0,105,60
8101175.0,99,52
8101179.0,107,53
8101192.0,96,52
8101198.0,100,55
8101222.0,106,52
8101229.0,54,55
8101263.0,108,57
8101266.0,104,55
8101284.0,102,55
8101317.0,101,68
8101320.0,99,49
8101363.0,57,55
8101372.0,97,53
8101419.0,106,55
8101460.0,99,54
8101529.0,102,52
8101536.0,107,57
8101553.0,107,52
8101562.0,99,52
8101565.0,108,53
8101584.0,102,50
8101586.0,104,61
8101588.0,106,59
8101600.0,103,55
8101624.0,101,53
8101629.0,98,55
8101639.0,106,50
8101664.0,57,55
8101671.0,104,50
8101739.0,103,52
8101755.0,68,55
8101775.0,108,55
8101850.0,58,56
8101851.0,105,57
8101921.0,106,51
8101922.0,107,55
8101939.0,106,53
8101979.0,95,52
8102021.0,105,54
8102039.0,101,50
8102121.0,104,53
8102216.0,101,52
8102255.0,107,58
8102262.0,104,50
8102263.0,108,53
8102354.0,96,55
8102385.0,97,54
8102405.0,106,56
8102441.0,108,57
8102544.0,105,52
8102610.0,101,51
8102625.0,58,56
8102632.0,107,55
8102649.0,101,50
8102699.0,107,52
8102700.0,104,51
8102782.0,99,54
8102824.0,68,54
8102826.0,102,50
8102862.0,105,50
8102888.0,97,52
8103011.0,106,58
8103050.0,107,56
8103076.0,97,53
8103082.0,105,53
8103087.0,106,51
8103093.0,97,55
8103095.0,108,53
8103126.0,104,50
8103131.0,101,51
8103136.0,107,54
8103155.0,100,69
8103209.0,104,52
8103263.0,100,73
8103289.0,58,56
8103290.0,95,53
8103322.0,102,54
8103400.0,106,57
8103424.0,105,56
8103432.0,108,56
8103459.0,105,57
8103529.0,68,54
8103562.0,101,50
8103564.0,106,53
8103595.0,108,53
8103604.0,95,53
8103669.0,107,58
8103706.0,107,52
8103729.0,101,72
8103734.0,105,51
8103754.0,105,58
8103815.0,104,55
8103824.0,104,56
8103836.0,75,95
8103847.0,103,56
8103862.0,106,50
8103886.0,105,59
8103918.0,105,50
8103924.0,58,78
8103999.0,105,58
8104016.0,104,59
8104115.0,100,53
8104137.0,95,52
8104158.0,58,78
8104162.0,95,54
8104250.0,104,54
8104266.0,108,54
8104305.0,99,54
8104327.0,103,54
8104353.0,105,53
8104370.0,102,52
8104385.0,107,52
8104404.0,101,51
8104458.0,108,55
8104468.0,109,56
8104491.0,101,52
8104496.0,102,53
8104498.0,104,52
8104504.0,97,52
8104562.0,105,51
8104603.0,106,56
8104636.0,103,51
8104697.0,107,56
8104756.0,100,52
8104763.0,105,55
8104766.0,107,52
8104787.0,101,50
8104809.0,101,51
8104835.0,106,59
8104869.0,108,55
8104883.0,102,50
8104929.0,97,53
8105060.0,104,55
8105064.0,107,55
8105087.0,106,52
8105119.0,104,60
8105165.0,108,57
8105186.0,101,53
8105198.0,97,52
8105202.0,95,53
8105215.0,108,53
8105269.0,106,55
8105277.0,94,57
8105298.0,102,56
8105317.0,109,56
8105373.0,89,81
8105377.0,107,54
8105408.0,105,52
8105448.0,104,56
8105500.0,100,53
8105514.0,95,53
8105550.0,101,51
8105556.0,106,54
8105582.0,105,57
8105698.0,103,58
8105699.0,104,50
8105714.0,107,51
8105742.0,101,52
8105747.0,108,54
8105769.0,102,51
8105772.0,105,50
8105777.0,94,67
8105804.0,98,55
8105804.0,105,60
8105853.0,108,58
8105862.0,106,51
8105880.0,105,55
8105880.0,60,59
8105903.0,100,55
8105926.0,97,52
8105974.0,108,55
8106089.0,101,51
8106179.0,104,53
8106248.0,103,51
8106397.0,104,52
8106429.0,103,50
8106436.0,68,68
8106492.0,107,53
8106521.0,109,56
8106551.0,67,59
8106570.0,95,54
8106604.0,97,52
8106612.0,104,52
8106653.0,107,51
8106664.0,106,50
8106682.0,106,54
8106722.0,106,56
8106723.0,99,55
8106763.0,73,92
8106775.0,107,59
8106800.0,101,55
8106803.0,103,61
8106822.0,105,54
8106861.0,102,52
8106901.0,90,83
8106903.0,103,53
8106927.0,103,52
8106974.0,105,58
8107023.0,102,54
8107109.0,106,52
8107156.0,101,51
8107263.0,97,56
8107286.0,105,51
8107295.0,107,51
8107366.0,103,53
8107367.0,94,62
8107378.0,101,53
8107412.0,106,59
8107441.0,95,53
8107487.0,106,51
8107489.0,105,58
8107556.0,101,51
8107593.0,105,50
8107609.0,93,63
8107613.0,105,51
8107653.0,97,55
8107738.0,94,53
8107763.0,103,50
8107772.0,104,55
8107776.0,95,53
8107811.0,93,59
8107814.0,108,53
8107895.0,98,56
8107910.0,106,50
8107938.0,95,55
8107960.0,104,52
8108014.0,107,53
8108017.0,106,60
8108022.0,105,58
8108055.0,104,50
8108087.0,93,59
8108138.0,101,52
8108148.0,103,49
8108180.0,103,53
8108198.0,101,72
8108199.0,102,51
8108203.0,108,56
8108204.0,109,57
8108224.0,103,50
8108284.0,107,56
8108308.0,94,53
8108319.0,105,58
8108334.0,101,54
8108385.0,108,54
8108401.0,108,55
8108409.0,94,58
8108489.0,105,52
8108504.0,108,57
8108530.0,94,60
8108533.0,100,72
8108538.0,102,49
8108541.0,107,55
8108642.0,100,54
8108643.0,104,61
8108646.0,107,57
8108702.0,107,53
8108742.0,102,55
8108782.0,107,58
8108875.0,105,50
8108905.0,99,55
8108932.0,107,59
8108935.0,101,72
8108951.0,103,52
8108956.0,103,50
8109038.0,106,53
8109062.0,108,53
8109086.0,104,51
8109141.0,104,56
8109169.0,104,59
8109170.0,109,53
8109178.0,104,50
8109180.0,108,58
8109186.0,101,53
8109218.0,100,70
8109257.0,59,58
8109262.0,104,58
8109302.0,107,53
8109334.0,109,54
8109357.0,103,50
8109535.0,101,72
8109554.0,95,54
8109563.0,108,56
8109595.0,104,54
8109662.0,105,53
8109768.0,108,55
8109785.0,100,55
8109805.0,102,52
8109819.0,100,54
8109839.0,107,52
8109843.0,107,53
8109867.0,103,51
8109868.0,106,50
8109891.0,101,72
8109898.0,106,57
8109930.0,102,53
8110009.0,106,52
8110031.0,103,53
8110041.0,108,53
8110048.0,105,56
8110049.0,107,51
8110092.0,105,60
8110107.0,105,50
8110109.0,95,54
8110180.0,109,57
8110200.0,104,50
8110219.0,101,53
8110237.0,105,57
8110254.0,103,54
8110260.0,105,59
8110268.0,103,55
8110326.0,96,52
8110412.0,95,55
8110434.0,106,50
8110447.0,95,51
8110577.0,106,56
8110653.0,107,56
8110667.0,107,53
8110696.0,103,51
8110714.0,109,54
8110735.0,95,53
8110739.0,106,55
8110748.0,100,77
8110762.0,102,52
8110778.0,103,63
8110787.0,106,58
8110793.0,95,63
8110823.0,106,60
8110833.0,96,53
8110847.0,105,55
8110852.0,95,52
8110865.0,107,54
8110953.0,95,51
8110986.0,108,51
8110987.0,101,69
8110997.0,103,51
8111036.0,108,53
8111181.0,105,61
8111187.0,103,52
8111276.0,97,55
8111280.0,101,56
8111325.0,95,53
8111382.0,108,54
8111384.0,106,57
8111420.0,103,50
8111490.0,104,56
8111511.0,101,71
8111525.0,105,56
8111528.0,103,51
8111596.0,107,51
8111670.0,105,52
8111685.0,98,56
8111687.0,95,51
8111722.0,99,55
8111761.0,106,53
8111801.0,102,54
8111827.0,104,51
8111905.0,102,55
8111918.0,103,50
8111956.0,100,54
8111959.0,106,51
8111985.0,106,50
8111993.0,108,58
8111995.0,95,51
8112017.0,107,54
8112018.0,95,53
8112035.0,108,51
8112049.0,109,54
8112132.0,108,53
8112174.0,94,61
8112181.0,103,56
8112242.0,106,55
8112290.0,104,52
8112318.0,100,54
8112339.0,96,52
8112412.0,107,59
8112434.0,105,50
8112459.0,95,53
8112469.0,101,72
8112493.0,98,54
8112615.0,106,59
8112655.0,106,50
8112676.0,107,52
8112697.0,108,55
8112740.0,103,50
8112794.0,101,53
8112802.0,107,53
8112956.0,109,57
8112961.0,106,54
8112969.0,101,72
8113010.0,109,56
8113039.0,106,60
8113043.0,103,50
8113059.0,108,51
8113223.0,104,53
8113309.0,92,79
8113340.0,104,55
8113381.0,106,52
8113522.0,108,52
8113662.0,100,54
8113662.0,104,57
8113703.0,104,50
8113835.0,102,52
8113857.0,105,60
8113897.0,101,55
8113911.0,106,58
8113935.0,106,51
8113956.0,104,52
8114080.0,105,52
8114146.0,98,53
8114225.0,96,56
8114239.0,105,50
8114242.0,105,53
8114259.0,105,58
8114263.0,105,54
8114330.0,105,51
8114339.0,108,51
8114370.0,103,52
8114470.0,106,54
8114515.0,106,58
8114544.0,98,54
8114568.0,109,55
8114572.0,99,84
8114593.0,104,51
8114600.0,102,54
8114616.0,98,52
8114623.0,108,52
8114723.0,100,68
8114767.0,100,67
8114778.0,104,60
8114793.0,96,55
8114875.0,94,58
8114973.0,107,53
8114976.0,107,52
8114980.0,100,55
8115008.0,101,68
8115026.0,105,55
8115084.0,100,53
8115237.0,109,54
8115259.0,101,54
8115324.0,103,53
8115373.0,96,52
8115395.0,98,52
8115402.0,104,52
8115404.0,102,53
8115456.0,105,61
8115468.0,106,51
8115521.0,109,56
8115530.0,108,53
8115592.0,95,54
8115593.0,106,53
8115611.0,104,58
8115622.0,107,51
8115634.0,96,53
8115642.0,103,52
8115671.0,99,55
8115690.0,100,68
8115756.0,109,56
8115763.0,108,52
8115805.0,96,52
8115879.0,100,70
8115907.0,105,52
8115921.0,104,56
8115928.0,109,55
8116016.0,108,54
8116048.0,95,56
8116051.0,103,52
8116087.0,99,55
8116121.0,108,59
8116155.0,107,55
8116166.0,101,70
8116182.0,96,64
8116209.0,103,53
8116250.0,104,51
8116256.0,97,51
8116376.0,108,58
8116395.0,109,58
8116411.0,105,56
8116477.0,103,52
8116554.0,108,55
8116569.0,96,53
8116572.0,98,54
8116587.0,97,56
8116594.0,101,67
8116619.0,107,51
8116621.0,98,52
8116692.0,107,52
8116782.0,108,56
8116805.0,100,69
8116810.0,103,54
8116822.0,106,52
8116840.0,109,54
8116873.0,103,55
8116919.0,106,60
8116937.0,107,60
8116955.0,103,56
8116964.0,101,55
8116973.0,96,53
8117030.0,104,61
8117075.0,99,55
8117146.0,100,71
8117207.0,100,55
8117238.0,105,50
8117381.0,99,55
8117409.0,101,54
8117418.0,105,54
8117492.0,96,53
8117502.0,100,64
8117503.0,101,72
8117542.0,109,57
8117550.0,84,72
8117647.0,107,57
8117682.0,106,56
8117694.0,109,56
8117762.0,105,53
8117779.0,96,52
8117844.0,99,72
8117885.0,98,56
8117892.0,106,56
8117919.0,108,52
8117942.0,98,55
8117978.0,103,52
8117993.0,107,53
8118042.0,104,53
8118074.0,107,55
8118136.0,107,59
8118238.0,102,53
8118314.0,108,57
8118327.0,109,56
8118348.0,108,59
8118366.0,101,53
8118458.0,106,55
8118537.0,95,68
8118543.0,100,75
8118559.0,107,55
8118580.0,95,76
8118617.0,98,56
8118651.0,107,56
8118730.0,106,56
8118792.0,100,55
8118810.0,103,52
8118816.0,107,51
8118822.0,100,70
8118828.0,106,51
8118852.0,99,72
8118907.0,108,54
8118978.0,109,56
8118985.0,103,54
8119011.0,105,52
8119012.0,99,55
8119014.0,105,51
8119069.0,108,52
8119151.0,101,54
8119292.0,102,55
8119300.0,99,55
8119330.0,101,70
8119343.0,106,56
8119394.0,94,60
8119395.0,103,52
8119406.0,99,54
8119416.0,98,53
8119427.0,98,52
8119485.0,108,53
8119627.0,101,71
8119645.0,97,57
8119674.0,107,52
8119691.0,109,52
8119739.0,107,54
8119755.0,105,57
8119826.0,103,52
8119845.0,99,54
8119913.0,109,56
8119976.0,108,56
8120017.0,106,56
8120030.0,102,56
8120048.0,108,51
8120117.0,105,51
8120221.0,109,55
8120241.0,95,82
8120305.0,109,52
8120341.0,106,56
8120374.0,100,69
8120398.0,104,55
8120490.0,105,55
8120543.0,107,51
8120563.0,104,51
8120565.0,106,53
8120574.0,98,55
8120587.0,104,52
8120588.0,104,59
8120591.0,109,57
8120603.0,96,55
8120614.0,100,73
8120623.0,97,77
8120746.0,98,77
8120978.0,105,56
8121013.0,97,51
8121030.0,103,52
8121034.0,110,55
8121075.0,109,54
8121111.0,103,54
8121225.0,107,57
8121297.0,107,58
8121353.0,109,52
8121394.0,107,53
8121407.0,105,59
8121437.0,109,58
8121443.0,104,52
8121472.0,103,53
8121476.0,108,51
8121477.0,100,77
8121559.0,104,53
8121662.0,103,57
8121715.0,104,52
8121813.0,101,73
8121883.0,105,54
8121889.0,100,71
8121895.0,108,53
8121941.0,106,54
8121990.0,107,51
8122022.0,103,55
8122022.0,108,52
8122050.0,96,54
8122248.0,109,56
8122305.0,104,56
8122312.0,110,55
8122335.0,107,52
8122346.0,95,71
8122440.0,106,58
8122513.0,109,52
8122594.0,78,86
8122678.0,105,52
8122723.0,104,52
8122945.0,106,57
8123093.0,109,54
8123144.0,106,51
8123242.0,103,53
8123263.0,64,74
8123278.0,107,54
8123334.0,102,54
8123341.0,105,53
8123470.0,100,68
8123502.0,109,55
8123564.0,108,55
8123644.0,99,72
8123665.0,103,53
8123719.0,105,51
8123920.0,108,60
8123990.0,96,53
8124053.0,106,53
8124069.0,103,53
8124164.0,97,52
8124299.0,103,53
8124350.0,106,55
8124360.0,106,51
8124414.0,100,73
8124454.0,96,53
8124492.0,107,51
8124743.0,99,56
8124798.0,109,54
8124843.0,110,55
8124901.0,102,54
8124936.0,100,74
8125004.0,106,54
8125011.0,108,59
8125084.0,95,77
8125177.0,108,55
8125227.0,97,52
8125230.0,105,54
8125293.0,106,52
8125303.0,101,68
8125374.0,107,56
8125398.0,108,53
8125494.0,97,52
8125588.0,105,52
8125588.0,99,52
8125709.0,88,82
8125862.0,109,55
8125879.0,100,72
8125900.0,98,56
8125957.0,98,55
8126042.0,100,65
8126053.0,96,54
8126076.0,97,52
8126226.0,106,51
8126378.0,109,53
8126416.0,101,54
8126535.0,100,67
8126561.0,105,56
8126862.0,95,56
8126905.0,106,56
8126956.0,99,52
8127239.0,98,70
8127241.0,90,80
8127251.0,109,56
8127287.0,107,52
8127295.0,108,56
8127312.0,99,79
8127334.0,94,65
8127469.0,105,52
8127483.0,99,70
8127602.0,99,53
8127603.0,96,56
8127619.0,99,64
8127638.0,103,56
8127685.0,110,55
8127689.0,100,70
8127697.0,99,70
8127709.0,107,55
8127732.0,107,53
8127739.0,94,64
8127815.0,108,52
8127822.0,102,54
8127824.0,99,65
8127900.0,107,56
8128088.0,99,52
8128092.0,76,89
8128144.0,109,53
8128152.0,95,55
8128159.0,99,79
8128174.0,108,54
8128185.0,102,55
8128189.0,109,52
8128203.0,100,77
8128225.0,102,54
8128236.0,102,63
8128237.0,109,58
8128258.0,107,54
8128356.0,103,53
8128417.0,105,53
8128425.0,99,65
8128449.0,107,51
8128491.0,103,63
8128520.0,99,53
8128679.0,106,51
8128698.0,102,63
8128728.0,107,51
8128800.0,99,54
8128810.0,101,63
8128838.0,98,56
8128847.0,95,55
8129124.0,103,63
8129165.0,96,55
8129178.0,108,53
8129187.0,110,56
8129190.0,100,71
8129229.0,106,57
8129446.0,100,69
8129491.0,108,57
8129542.0,102,54
8129773.0,99,71
8129792.0,107,51
8129803.0,88,81
8129829.0,100,79
8130001.0,97,54
8130045.0,109,57
8130047.0,96,75
8130101.0,95,55
8130153.0,104,53
8130178.0,99,70
8130231.0,101,55
8130326.0,103,63
8130331.0,107,57
8130351.0,89,80
8130391.0,100,55
8130557.0,97,55
8130739.0,99,70
8130758.0,96,75
8130897.0,109,52
8130937.0,100,75
8130940.0,97,76
8131073.0,105,52
8131117.0,107,53
8131143.0,96,54
8131334.0,99,54
8131494.0,100,72
8131529.0,105,52
8131576.0,109,53
8131718.0,107,54
8131738.0,97,53
8131911.0,104,53
8131943.0,107,52
8132012.0,110,53
8132112.0,97,52
8132153.0,97,53
8132438.0,105,52
8132733.0,109,52
8132758.0,74,98
8132842.0,97,53
8133067.0,106,55
8133193.0,63,48
8133236.0,27,86
8133237.0,104,54
8133255.0,97,52
8133305.0,51,94
8133322.0,110,53
8133363.0,103,52
8133419.0,109,53
8133426.0,91,86
8133512.0,108,52
8133634.0,97,52
8133643.0,107,55
8133733.0,50,94
8133995.0,94,65
8134121.0,51,94
8134279.0,96,75
8134392.0,99,65
8134406.0,107,53
8134527.0,50,94
8134574.0,51,94
8134723.0,104,52
8134730.0,103,52
8134746.0,109,52
8134890.0,106,52
8134912.0,94,66
8134937.0,96,75
8134944.0,99,65
8134959.0,99,75
8135080.0,104,52
8135109.0,27,86
8135173.0,101,75
8135175.0,95,75
8135222.0,100,66
8135231.0,98,69
8135380.0,108,54
8135462.0,99,75
8135468.0,95,56
8135522.0,107,51
8135562.0,101,75
8135599.0,100,76
8135658.0,104,56
8135661.0,96,75
8135861.0,104,52
8135876.0,97,56
8135890.0,95,56
8135965.0,95,75
8135997.0,99,75
8136210.0,104,52
8136243.0,96,75
8136337.0,108,52
8136364.0,95,75
8136420.0,99,75
8136475.0,98,56
8136527.0,99,67
8136625.0,106,57
8136649.0,102,63
8136713.0,105,56
8136849.0,106,57
8137563.0,109,53
8137728.0,87,85
8137789.0,110,53
8137796.0,107,53
8138331.0,87,85
8138340.0,98,51
8138764.0,109,54
8138812.0,97,50
8138870.0,106,53
8139260.0,90,79
8139495.0,97,50
8139778.0,90,82
8139975.0,89,82
8140033.0,110,55
8140343.0,110,55
8140506.0,93,66
8140692.0,108,54
8141393.0,102,75
8141851.0,109,53
8142035.0,99,69
8142222.0,94,75
8142986.0,92,76
8143014.0,98,67
8143215.0,100,69
8143286.0,92,76
8143506.0,107,55
8143635.0,102,62
8143725.0,104,61
8143797.0,98,67
8144085.0,109,55
8144189.0,107,54
8144410.0,101,69
8144561.0,107,60
8144793.0,89,85
8145680.0,110,55
8145790.0,106,60
8146078.0,88,82
8146262.0,98,65
8146772.0,89,82
8146848.0,94,66
8147094.0,103,54
8147218.0,84,85
8147291.0,54,74
8147672.0,98,66
8148058.0,93,66
8148075.0,94,67
8148193.0,94,68
8148594.0,109,58
8148692.0,106,58
8148706.0,104,55
8148804.0,105,59
8149024.0,105,60
8149428.0,109,55
8149665.0,97,53
8149714.0,107,56
8149715.0,96,55
8149852.0,102,62
8149883.0,99,65
8149961.0,100,55
8150127.0,103,61
8150127.0,103,62
8150144.0,109,52
8150424.0,108,52
8150734.0,101,55
8150765.0,99,71
8150933.0,94,59
8151007.0,103,62
8151007.0,107,53
8151101.0,108,57
8151339.0,101,62
8151437.0,103,62
8151499.0,106,57
8151554.0,108,55
8151704.0,101,63
8152113.0,108,59
8152199.0,104,61
8152224.0,106,53
8152327.0,107,57
8152483.0,103,62
8152511.0,107,60
8152707.0,105,61
8152792.0,108,56
8152799.0,106,54
8152885.0,109,58
8153013.0,107,59
8153300.0,99,66
8153428.0,95,56
8153639.0,107,60
8153659.0,99,66
8153827.0,108,57
8153890.0,100,65
8153974.0,93,67
8154040.0,108,55
8154063.0,102,63
8154125.0,105,52
8154141.0,109,56
8154231.0,106,52
8154244.0,109,55
8154308.0,99,56
8154348.0,107,60
8154375.0,99,66
8154398.0,97,52
8154424.0,109,56
8154727.0,103,57
8154840.0,103,56
8154873.0,99,54
8154897.0,107,60
8154902.0,108,54
8154935.0,102,59
8155558.0,104,53
8155646.0,104,60
8155694.0,98,51
8155710.0,94,65
8155740.0,94,59
8155771.0,92,102
8155824.0,98,67
8155860.0,107,59
8155887.0,100,55
8155930.0,109,56
8156057.0,107,54
8156102.0,93,65
8156142.0,94,61
8156156.0,95,56
8156218.0,106,58
8156225.0,99,67
8156250.0,108,58
8156261.0,99,54
8156269.0,109,55
8156375.0,102,61
8156507.0,98,67
8156538.0,99,54
8156623.0,107,55
8156760.0,100,67
8156779.0,92,102
8157253.0,109,55
8157259.0,102,62
8157276.0,106,59
8157337.0,104,54
8157355.0,96,54
8157378.0,106,56
8157693.0,106,53
8157733.0,109,54
8157753.0,105,52
8157997.0,103,53
8158084.0,100,68
8158123.0,97,52
8158132.0,107,53
8158173.0,94,58
8158206.0,100,55
8158372.0,99,54
8158408.0,97,54
8158493.0,107,54
8158692.0,99,52
8158764.0,99,53
8158773.0,106,55
8158779.0,96,54
8158898.0,105,57
8158924.0,105,52
8158974.0,107,55
8158987.0,101,55
8159054.0,99,56
8159100.0,105,53
8159136.0,104,56
8159154.0,103,55
8159242.0,108,56
8159258.0,102,54
8159397.0,109,53
8159442.0,109,55
8159633.0,98,51
8159671.0,109,53
8159839.0,109,55
8159928.0,105,58
8159974.0,106,56
8160009.0,106,57
8160024.0,94,58
8160026.0,98,55
8160105.0,107,53
8160111.0,99,52
8160122.0,105,52
8160128.0,105,58
8160181.0,103,53
8160185.0,106,57
8160220.0,105,59
8160333.0,106,60
8160510.0,107,55
8160543.0,102,55
8160588.0,109,57
8160618.0,105,55
8160638.0,107,60
8160678.0,106,60
8160704.0,100,55
8160767.0,106,57
8160809.0,5,116
8160841.0,104,55
8160847.0,106,51
8160884.0,107,57
8160994.0,100,63
8161002.0,99,53
8161022.0,104,52
8161039.0,109,57
8161048.0,107,59
8161050.0,107,52
8161140.0,105,60
8161196.0,101,54
8161362.0,97,52
8161363.0,103,53
8161429.0,106,60
8161479.0,5,116
8161482.0,105,54
8161492.0,107,60
8161530.0,98,56
8161551.0,99,51
8161624.0,93,69
8161654.0,99,52
8161958.0,108,58
8161990.0,108,51
8162051.0,95,55
8162078.0,98,55
8162104.0,99,51
8162199.0,109,57
8162300.0,107,56
8162333.0,107,60
8162344.0,106,59
8162416.0,108,57
8162421.0,108,56
8162594.0,106,59
8162629.0,106,51
8162687.0,104,61
8162690.0,103,53
8162721.0,107,51
8162762.0,108,52
8162793.0,96,53
8162866.0,94,61
8162958.0,109,57
8163014.0,96,54
8163023.0,99,55
8163037.0,109,55
8163051.0,104,52
8163264.0,95,57
8163370.0,92,73
8163477.0,108,55
8163489.0,109,53
8163491.0,98,51
8163493.0,109,55
8163536.0,94,57
8163542.0,94,65
8163573.0,106,51
8163623.0,96,57
8163642.0,106,59
8163645.0,108,52
8163676.0,105,53
8163727.0,109,57
8163734.0,107,60
8163762.0,107,52
8163834.0,103,57
8163931.0,109,53
8163964.0,106,52
8163972.0,104,52
8164023.0,104,60
8164083.0,109,57
8164151.0,94,63
8164182.0,109,52
8164186.0,103,61
8164198.0,106,53
8164198.0,107,60
8164205.0,104,58
8164213.0,101,55
8164291.0,96,53
8164309.0,107,52
8164318.0,103,54
8164398.0,61,58
8164412.0,93,66
8164461.0,94,58
8164474.0,109,53
8164659.0,93,57
8164676.0,97,51
8164678.0,103,53
8164689.0,103,56
8164704.0,107,58
8164711.0,97,56
8164803.0,109,53
8164861.0,108,52
8164870.0,101,62
8164873.0,105,57
8164903.0,106,51
8164912.0,108,57
8164940.0,107,60
8164946.0,98,56
8164976.0,95,56
8165012.0,107,52
8165058.0,101,54
8165078.0,108,54
8165125.0,93,57
8165128.0,94,62
8165134.0,94,57
8165270.0,95,55
8165292.0,102,61
8165297.0,104,52
8165315.0,105,60
8165353.0,94,66
8165496.0,108,53
8165507.0,98,55
8165533.0,109,53
8165599.0,105,51
8165645.0,103,51
8165814.0,109,53
8165827.0,99,55
8165906.0,102,53
8166021.0,106,53
8166051.0,102,60
8166097.0,94,59
8166143.0,100,59
8166166.0,93,67
8166222.0,95,55
8166252.0,93,57
8166259.0,103,51
8166282.0,106,54
8166348.0,92,84
8166357.0,104,54
8166529.0,98,54
8166550.0,106,54
8166602.0,99,56
8166657.0,98,51
8166669.0,107,54
8166680.0,93,57
8166681.0,106,58
8166692.0,103,52
8166699.0,105,51
8166789.0,104,55
8166852.0,97,55
8166979.0,105,59
8166998.0,94,57
8167040.0,108,55
8167052.0,103,51
8167087.0,104,56
8167118.0,97,55
8167125.0,103,55
8167165.0,101,54
8167198.0,107,52
8167206.0,108,54
8167229.0,108,52
8167244.0,98,51
8167339.0,105,55
8167381.0,98,56
8167481.0,105,58
8167567.0,105,56
8167599.0,102,53
8167626.0,103,54
8167628.0,96,52
8167652.0,99,55
8167704.0,103,51
8167709.0,107,53
8167751.0,95,54
8167755.0,104,53
8167796.0,97,56
8167802.0,103,53
8167845.0,107,54
8167913.0,98,51
8167931.0,103,51
8167965.0,107,55
8167968.0,103,54
8168007.0,106,55
8168063.0,103,53
8168164.0,98,52
8168176.0,107,52
8168209.0,104,54
8168326.0,98,51
8168349.0,103,52
8168427.0,97,51
8168471.0,98,53
8168475.0,98,54
8168548.0,98,60
8168605.0,106,59
8168623.0,48,120
8168625.0,96,52
8168662.0,95,55
8168683.0,101,55
8168693.0,106,57
8168719.0,107,52
8168765.0,105,52
8168811.0,49,120
8169076.0,94,56
8169115.0,102,53
8169120.0,106,55
8169192.0,106,54
8169197.0,98,52
8169200.0,107,54
8169379.0,108,55
8169499.0,99,55
8169502.0,93,61
8169590.0,96,54
8169610.0,105,51
8169629.0,95,51
8169686.0,102,62
8169710.0,109,54
8169854.0,109,53
8169861.0,103,52
8169965.0,109,54
8169967.0,94,57
8169973.0,98,56
8169980.0,108,54
8169981.0,95,54
8169995.0,104,51
8169998.0,108,53
8170017.0,106,52
8170025.0,103,53
8170062.0,105,53
8170065.0,96,52
8170078.0,101,53
8170161.0,104,59
8170168.0,103,60
8170172.0,106,56
8170284.0,107,52
8170292.0,109,53
8170300.0,103,59
8170371.0,106,52
8170386.0,93,59
8170483.0,108,52
8170513.0,103,52
8170522.0,96,56
8170539.0,107,57
8170550.0,93,60
8170577.0,103,54
8170579.0,107,53
8170592.0,107,54
8170684.0,102,54
8170697.0,98,53
8170749.0,98,52
8170852.0,100,54
8170874.0,108,57
8170876.0,94,56
8170918.0,97,55
8171032.0,103,54
8171098.0,108,55
8171195.0,104,51
8171291.0,95,51
8171329.0,104,55
8171341.0,97,51
8171377.0,107,58
8171671.0,105,53
8171675.0,107,51
8171706.0,110,53
8171790.0,93,60
8171796.0,103,52
8171953.0,96,51
8171974.0,106,58
8172001.0,108,53
8172002.0,107,51
8172026.0,110,53
8172073.0,104,51
8172092.0,104,56
8172110.0,103,56
8172123.0,99,55
8172208.0,92,71
8172228.0,106,51
8172249.0,100,54
8172322.0,94,55
8172360.0,104,54
8172386.0,108,54
8172393.0,108,52
8172418.0,106,52
8172422.0,104,56
8172560.0,98,53
8172608.0,97,51
8172632.0,93,61
8172638.0,93,59
8172676.0,105,59
8172729.0,104,51
8172912.0,105,54
8172916.0,101,53
8172963.0,107,51
8173124.0,107,55
8173152.0,94,56
8173182.0,104,60
8173288.0,104,52
8173440.0,96,51
8173572.0,104,51
8173575.0,95,53
8173601.0,106,52
8173617.0,108,52
8173652.0,95,52
8173698.0,106,53
8173707.0,107,55
8173913.0,106,55
8174056.0,106,51
8174081.0,93,62
8174119.0,100,54
8174316.0,101,53
8174412.0,94,65
8174418.0,102,53
8174472.0,95,53
8174486.0,97,51
8174515.0,97,56
8174606.0,98,57
8174610.0,102,52
8174629.0,106,52
8174692.0,98,55
8174737.0,93,58
8174867.0,96,51
8174925.0,102,57
8174932.0,94,57
8174945.0,93,60
8175067.0,105,52
8175109.0,97,55
8175126.0,95,52
8175169.0,107,53
8175178.0,101,53
8175216.0,106,54
8175671.0,97,55
8175698.0,95,53
8175701.0,96,55
8175722.0,103,51
8175757.0,98,55
8175823.0,104,53
8175897.0,102,52
8175936.0,97,52
8175965.0,101,55
8175979.0,106,57
8176017.0,105,58
8176054.0,93,58
8176081.0,97,54
8176090.0,97,56
8176164.0,103,60
8176207.0,93,59
8176251.0,96,56
8176345.0,105,55
8176378.0,94,56
8176383.0,101,53
8176387.0,103,60
8176399.0,94,55
8176406.0,102,55
8176423.0,106,58
8176453.0,99,54
8176517.0,105,53
8176525.0,98,56
8176578.0,106,53
8176587.0,100,53
8176605.0,104,54
8176645.0,95,52
8176656.0,103,54
8176662.0,102,52
8176670.0,96,56
8176708.0,104,52
8176843.0,103,60
8176957.0,105,51
8176960.0,106,54
8177070.0,107,52
8177084.0,105,52
8177094.0,103,51
8177120.0,98,55
8177131.0,104,56
8177166.0,104,55
8177252.0,102,54
8177296.0,97,53
8177362.0,95,52
8177460.0,106,56
8177663.0,94,55
8177706.0,101,56
8177821.0,93,57
8177836.0,107,55
8177900.0,103,59
8177922.0,103,52
8177943.0,105,52
8177988.0,79,85
8178002.0,103,51
8178008.0,107,57
8178111.0,96,59
8178140.0,103,59
8178197.0,95,51
8178235.0,107,55
8178275.0,108,56
8178312.0,104,59
8178429.0,100,55
8178496.0,97,53
8178518.0,97,56
8178542.0,107,57
8178544.0,98,55
8178551.0,95,52
8178578.0,102,52
8178622.0,105,56
8178677.0,106,52
8178691.0,104,59
8178712.0,97,52
8178737.0,101,52
8178798.0,97,54
8178834.0,93,58
8178877.0,104,50
8178881.0,107,55
8178999.0,104,57
8179025.0,107,57
8179037.0,108,56
8179063.0,94,54
8179076.0,97,51
8179102.0,100,53
8179106.0,106,51
8179119.0,95,51
8179128.0,93,57
8179241.0,107,54
8179275.0,99,54
8179277.0,100,63
8179305.0,106,56
8179328.0,96,51
8179383.0,104,59
8179498.0,93,62
8179578.0,95,56
8179591.0,102,58
8179627.0,97,51
8179633.0,102,59
8179636.0,107,57
8179659.0,97,52
8179669.0,104,59
8179710.0,108,56
8179710.0,106,51
8179751.0,105,59
8179795.0,106,55
8179937.0,94,54
8180049.0,105,51
8180067.0,106,59
8180099.0,107,52
8180110.0,106,55
8180113.0,105,53
8180117.0,93,56
8180191.0,107,57
8180194.0,97,51
8180242.0,108,56
8180340.0,103,52
8180344.0,99,54
8180409.0,95,51
8180444.0,97,51
8180481.0,99,68
8180494.0,96,55
8180503.0,93,57
8180610.0,96,56
8180636.0,109,55
8180639.0,106,51
8180756.0,96,51
8180761.0,98,69
8180789.0,106,59
8180822.0,93,59
8180853.0,100,53
8180879.0,93,56
8180959.0,109,55
8181002.0,105,54
8181119.0,90,69
8181174.0,101,53
8181206.0,104,51
8181212.0,100,55
8181259.0,108,53
8181275.0,107,53
8181278.0,102,51
8181286.0,99,54
8181288.0,95,51
8181314.0,107,56
8181355.0,93,64
8181360.0,101,62
8181364.0,109,53
8181439.0,101,52
8181487.0,102,60
8181513.0,94,53
8181525.0,107,54
8181582.0,108,53
8181594.0,100,53
8181620.0,97,53
8181620.0,109,53
8181633.0,98,70
8181670.0,104,60
8181687.0,102,60
8181710.0,104,50
8181829.0,103,50
8181877.0,93,56
8182044.0,103,53
8182053.0,107,52
8182112.0,90,69
8182136.0,106,52
8182178.0,101,52
8182210.0,96,55
8182244.0,94,55
8182247.0,106,57
8182392.0,94,52
8182487.0,94,53
8182511.0,102,62
8182519.0,101,55
8182574.0,96,55
8182583.0,104,55
8182650.0,102,56
8182669.0,105,54
8182676.0,99,54
8182736.0,101,56
8182744.0,93,57
8182823.0,106,58
8182838.0,101,54
8182857.0,102,54
8182886.0,103,59
8182900.0,102,53
8182946.0,94,53
8182971.0,103,54
8183011.0,93,63
8183034.0,96,56
8183060.0,101,63
8183063.0,94,66
8183079.0,105,58
8183111.0,107,56
8183120.0,102,61
8183130.0,102,53
8183183.0,106,55
8183202.0,104,52
8183248.0,97,55
8183298.0,107,54
8183307.0,103,50
8183360.0,105,58
8183366.0,96,52
8183373.0,105,55
8183387.0,103,54
8183398.0,103,55
8183400.0,96,54
8183472.0,106,53
8183610.0,100,53
8183624.0,106,54
8183626.0,102,51
8183633.0,94,52
8183670.0,105,54
8183713.0,108,52
8183716.0,105,51
8183762.0,96,55
8183771.0,103,55
8183952.0,105,55
8184028.0,101,61
8184038.0,96,53
8184046.0,92,59
8184050.0,104,55
8184129.0,93,56
8184130.0,102,52
8184133.0,96,55
8184150.0,101,53
8184189.0,84,82
8184233.0,104,59
8184274.0,103,50
8184356.0,86,81
8184431.0,97,55
8184448.0,96,52
8184456.0,101,55
8184496.0,102,58
8184614.0,94,53
8184660.0,105,51
8184674.0,103,51
8184700.0,104,54
8184749.0,104,51
8184762.0,94,52
8184771.0,95,51
8184843.0,104,53
8184851.0,104,52
8184905.0,103,55
8184953.0,93,54
8184969.0,96,56
8184995.0,106,53
8185007.0,89,82
8185012.0,90,81
8185012.0,104,50
8185092.0,99,53
8185139.0,96,53
8185169.0,105,52
8185176.0,93,55
8185190.0,96,54
8185191.0,103,50
8185223.0,102,60
8185239.0,103,55
8185292.0,92,60
8185379.0,105,59
8185472.0,102,55
8185477.0,105,53
8185487.0,94,55
8185502.0,103,54
8185540.0,89,80
8185591.0,100,62
8185614.0,100,52
8185626.0,97,52
8185688.0,79,91
8185696.0,95,56
8185704.0,94,71
8185711.0,103,56
8185800.0,98,54
8185821.0,100,55
8185827.0,92,57
8185841.0,100,61
8185842.0,102,50
8185864.0,105,58
8185874.0,106,52
8185886.0,97,55
8186013.0,101,51
8186100.0,99,53
8186119.0,97,52
8186196.0,107,54
8186355.0,93,58
8186388.0,92,59
8186414.0,106,52
8186540.0,95,51
8186578.0,103,60
8186585.0,97,56
8186609.0,92,58
8186656.0,97,57
8186670.0,91,78
8186682.0,91,79
8186703.0,93,55
8186761.0,100,52
8186770.0,106,51
8186787.0,101,54
8186848.0,94,51
8186993.0,96,56
8187050.0,104,50
8187105.0,104,56
8187159.0,54,116
8187193.0,99,53
8187308.0,99,60
8187309.0,102,50
8187321.0,102,52
8187358.0,92,60
8187367.0,92,58
8187374.0,103,57
8187413.0,99,67
8187461.0,101,56
8187462.0,106,52
8187474.0,103,52
8187485.0,100,56
8187552.0,100,53
8187569.0,100,52
8187593.0,104,56
8187627.0,98,54
8187647.0,99,54
8187678.0,104,52
8187715.0,101,51
8187751.0,106,55
8187751.0,95,56
8187769.0,106,57
8187806.0,106,51
8187862.0,94,51
8187883.0,104,57
8187886.0,92,61
8187909.0,94,52
8187929.0,99,53
8188008.0,95,55
8188071.0,103,52
8188092.0,97,55
8188112.0,92,53
8188113.0,93,54
8188149.0,104,51
8188201.0,102,54
8188204.0,105,52
8188208.0,92,62
8188243.0,102,50
8188322.0,99,55
8188345.0,106,55
8188387.0,98,54
8188395.0,102,53
8188410.0,105,53
8188536.0,102,61
8188546.0,105,55
8188548.0,89,84
8188564.0,95,51
8188565.0,92,57
8188605.0,104,58
8188683.0,101,51
8188685.0,101,54
8188705.0,100,52
8188782.0,101,62
8188824.0,100,55
8188844.0,92,85
8188884.0,92,59
8188886.0,93,62
8188928.0,104,51
8188975.0,95,62
8188978.0,93,84
8188982.0,105,53
8189042.0,105,55
8189046.0,104,50
8189049.0,93,53
8189125.0,106,51
8189151.0,100,60
8189172.0,93,55
8189240.0,95,52
8189395.0,91,85
8189399.0,104,53
8189477.0,95,56
8189490.0,95,55
8189517.0,106,55
8189580.0,93,61
8189702.0,101,61
8189744.0,106,51
8189751.0,105,55
8189779.0,102,50
8189862.0,93,53
8189931.0,105,53
8189942.0,93,54
8189953.0,101,54
8190011.0,106,55
8190031.0,105,57
8190032.0,92,58
8190049.0,104,59
8190071.0,105,54
8190082.0,92,61
8190084.0,102,51
8190095.0,106,54
8190111.0,101,61
8190125.0,93,52
8190138.0,90,86
8190209.0,100,54
8190210.0,95,57
8190235.0,95,52
8190289.0,105,55
8190366.0,103,59
8190385.0,103,51
8190398.0,102,55
8190431.0,100,51
8190439.0,103,56
8190446.0,104,54
8190451.0,96,56
8190465.0,92,56
8190496.0,93,70
8190527.0,94,51
8190581.0,95,52
8190602.0,105,58
8190627.0,100,53
8190665.0,106,56
8190697.0,103,56
8190747.0,95,55
8190807.0,93,84
8190816.0,105,55
8190828.0,106,53
8190871.0,102,56
8190945.0,101,50
8190950.0,103,55
8190963.0,100,55
8190964.0,93,83
8191042.0,93,53
8191093.0,101,55
8191122.0,93,52
8191146.0,90,84
8191167.0,106,57
8191261.0,93,84
8191268.0,95,54
8191312.0,93,57
8191344.0,92,57
8191350.0,107,57
8191364.0,95,52
8191397.0,67,116
8191468.0,105,52
8191479.0,106,57
8191516.0,101,51
8191541.0,92,83
8191578.0,104,52
8191594.0,99,52
8191635.0,104,56
8191643.0,100,71
8191644.0,92,56
8191657.0,95,53
8191700.0,98,53
8191728.0,101,50
8191775.0,92,62
8191782.0,95,52
8191826.0,102,58
8191875.0,103,53
8191899.0,104,50
8191901.0,99,55
8191904.0,100,53
8191945.0,95,53
8191947.0,89,83
8191969.0,101,52
8191977.0,93,52
8191983.0,103,55
8191994.0,98,72
8192015.0,93,53
8192049.0,104,54
8192104.0,106,53
8192110.0,99,63
8192125.0,93,84
8192132.0,100,53
8192150.0,96,55
8192169.0,97,54
8192215.0,104,53
8192229.0,100,56
8192232.0,103,50
8192239.0,95,55
8192264.0,94,84
8192326.0,90,81
8192326.0,106,53
8192341.0,100,51
8192343.0,99,52
8192364.0,98,53
8192391.0,95,56
8192391.0,93,84
8192405.0,95,53
8192431.0,102,52
8192439.0,92,83
8192470.0,95,52
8192492.0,88,83
8192510.0,105,55
8192532.0,98,72
8192573.0,96,66
8192580.0,103,51
8192639.0,105,53
8192693.0,105,51
8192702.0,94,84
8192725.0,102,53
8192728.0,106,54
8192754.0,95,54
8192772.0,95,55
8192778.0,104,57
8192797.0,95,52
8192816.0,92,56
8192835.0,89,83
8192862.0,95,53
8192865.0,96,55
8192927.0,84,83
8192975.0,101,50
8192996.0,96,52
8193019.0,103,50
8193037.0,106,53
8193044.0,98,53
8193063.0,88,83
8193085.0,94,56
8193091.0,99,51
8193095.0,99,52
8193146.0,104,55
8193251.0,106,56
8193252.0,89,83
8193266.0,102,52
8193295.0,100,51
8193350.0,100,52
8193361.0,104,58
8193383.0,95,56
8193421.0,104,56
8193488.0,104,50
8193507.0,105,57
8193538.0,103,52
8193545.0,95,53
8193548.0,97,54
8193572.0,93,66
8193602.0,95,52
8193608.0,99,52
8193619.0,103,54
8193663.0,92,83
8193689.0,104,58
8193704.0,92,55
8193748.0,100,52
8193922.0,98,53
8193923.0,103,52
8193929.0,96,56
8193930.0,103,54
8193955.0,103,58
8194040.0,102,52
8194078.0,89,83
8194116.0,105,51
8194131.0,96,55
8194173.0,101,50
8194241.0,95,53
8194342.0,104,58
8194361.0,95,52
8194388.0,92,83
8194423.0,93,60
8194423.0,101,54
8194447.0,103,51
8194453.0,106,55
8194463.0,92,55
8194560.0,105,55
8194576.0,101,53
8194584.0,104,50
8194585.0,92,56
8194589.0,94,52
8194599.0,104,53
8194610.0,95,56
8194652.0,97,54
8194712.0,99,53
8194765.0,92,54
8194805.0,89,83
8194815.0,106,55
8194823.0,98,54
8194827.0,102,60
8194940.0,101,59
8194948.0,104,51
8194963.0,94,51
8195084.0,101,58
8195128.0,84,86
8195172.0,102,51
8195221.0,95,53
8195240.0,102,55
8195259.0,93,67
8195311.0,92,55
8195326.0,103,50
8195333.0,101,51
8195385.0,89,86
8195403.0,96,57
8195406.0,105,55
8195416.0,98,69
8195495.0,94,52
8195519.0,104,53
8195573.0,105,51
8195589.0,92,53
8195608.0,103,59
8195614.0,101,52
8195635.0,103,52
8195638.0,106,56
8195647.0,100,49
8195759.0,92,54
8195793.0,92,66
8195821.0,84,86
8195869.0,91,59
8195943.0,100,54
8195963.0,92,57
8195969.0,105,54
8195981.0,101,49
8196042.0,95,56
8196118.0,104,52
8196172.0,97,53
8196207.0,92,68
8196231.0,103,57
8196232.0,106,53
8196293.0,103,53
8196294.0,96,55
8196342.0,105,56
8196352.0,104,56
8196362.0,92,52
8196370.0,88,84
8196385.0,100,50
8196386.0,104,52
8196387.0,94,55
8196448.0,103,56
8196541.0,92,53
8196581.0,94,56
8196603.0,105,56
8196638.0,104,53
8196754.0,99,53
8196773.0,94,52
8196794.0,103,50
8196811.0,100,56
8196814.0,100,50
8196837.0,92,52
8196844.0,97,54
8196872.0,101,60
8196883.0,99,69
8196897.0,104,52
8196946.0,100,51
8196950.0,98,52
8196960.0,92,54
8197022.0,104,57
8197030.0,99,52
8197048.0,91,60
8197050.0,99,51
8197108.0,91,58
8197121.0,95,57
8197139.0,102,51
8197159.0,102,50
8197166.0,98,55
8197198.0,97,85
8197201.0,91,57
8197212.0,101,62
8197233.0,94,55
8197285.0,105,55
8197290.0,104,52
8197320.0,92,67
8197357.0,102,57
8197385.0,92,58
8197445.0,92,71
8197453.0,94,53
8197513.0,101,55
8197518.0,100,50
8197529.0,92,55
8197575.0,93,67
8197589.0,92,70
8197601.0,101,52
8197603.0,103,51
8197614.0,92,52
8197654.0,103,50
8197663.0,99,55
8197690.0,98,64
8197719.0,92,53
8197737.0,96,85
8197743.0,96,55
8197751.0,102,55
8197778.0,99,51
8197880.0,100,52
8197981.0,92,68
8198013.0,101,49
8198096.0,98,52
8198128.0,103,54
8198146.0,98,68
8198166.0,94,54
8198216.0,91,59
8198231.0,104,58
8198233.0,92,59
8198242.0,102,50
8198248.0,101,56
8198259.0,100,52
8198270.0,93,58
8198282.0,95,56
8198286.0,101,52
8198291.0,94,56
8198319.0,100,50
8198366.0,99,54
8198381.0,91,58
8198402.0,105,57
8198416.0,92,52
8198472.0,101,54
8198578.0,104,54
8198619.0,97,53
8198676.0,98,68
8198686.0,102,51
8198696.0,99,66
8198713.0,103,50
8198743.0,102,60
8198769.0,102,52
8198823.0,103,59
8198847.0,102,55
8198890.0,91,61
8198896.0,104,58
8198916.0,90,82
8198919.0,91,59
8198938.0,100,52
8198954.0,104,51
8199100.0,94,55
8199162.0,104,50
8199198.0,100,62
8199201.0,92,65
8199225.0,91,62
8199283.0,94,53
8199303.0,97,53
8199412.0,102,59
8199430.0,88,79
8199469.0,105,53
8199469.0,98,52
8199491.0,102,54
8199495.0,103,55
8199567.0,87,84
8199573.0,96,53
8199584.0,104,58
8199734.0,99,50
8199742.0,91,58
8199767.0,94,53
8199775.0,94,55
8199791.0,93,52
8199821.0,102,50
8199829.0,94,54
8199840.0,103,58
8199865.0,87,84
8199939.0,100,71
8199954.0,97,53
8199970.0,105,56
8199977.0,87,80
8200009.0,104,50
8200054.0,100,53
8200074.0,101,61
8200088.0,96,54
8200091.0,90,83
8200118.0,101,50
8200155.0,103,51
8200156.0,102,50
8200164.0,82,71
8200208.0,103,52
8200290.0,91,60
8200296.0,101,53
8200326.0,96,78
8200356.0,95,52
8200359.0,101,51
8200364.0,94,53
8200392.0,95,55
8200424.0,91,57
8200452.0,94,55
8200483.0,87,80
8200488.0,99,70
8200501.0,104,52
8200554.0,100,55
8200588.0,88,78
8200601.0,97,53
8200662.0,94,53
8200760.0,98,55
8200760.0,104,51
8200776.0,94,55
8200856.0,97,54
8200888.0,91,61
8200889.0,102,54
8200904.0,104,50
8200907.0,105,53
8200915.0,93,52
8200927.0,91,62
8200931.0,105,54
8201052.0,100,49
8201077.0,96,54
8201139.0,98,53
8201141.0,101,59
8201165.0,94,56
8201170.0,100,54
8201191.0,87,80
8201209.0,100,51
8201213.0,91,56
8201223.0,99,74
8201232.0,98,51
8201240.0,99,50
8201281.0,91,55
8201290.0,102,52
8201291.0,93,75
8201299.0,91,54
8201361.0,104,56
8201454.0,93,74
8201522.0,102,53
8201527.0,100,50
8201545.0,99,74
8201560.0,98,53
8201561.0,104,52
8201577.0,99,75
8201584.0,92,52
8201601.0,88,75
8201624.0,102,54
8201656.0,100,63
8201685.0,103,53
8201785.0,95,55
8201786.0,91,52
8201817.0,100,49
8201820.0,102,50
8201883.0,96,54
8201898.0,105,51
8201939.0,99,73
8201988.0,93,75
8201998.0,101,55
8202003.0,98,51
8202021.0,98,52
8202034.0,33,56
8202050.0,93,69
8202079.0,93,52
8202110.0,95,56
8202137.0,104,55
8202175.0,91,56
8202187.0,102,58
8202264.0,94,56
8202282.0,101,51
8202286.0,96,53
8202299.0,104,52
8202370.0,92,58
8202373.0,105,53
8202391.0,99,62
8202393.0,93,59
8202411.0,103,53
8202431.0,100,49
8202460.0,91,53
8202510.0,91,57
8202524.0,102,56
8202532.0,99,54
8202536.0,99,50
8202537.0,99,61
8202630.0,105,51
8202647.0,93,57
8202690.0,93,54
8202694.0,91,54
8202701.0,98,53
8202702.0,103,52
8202708.0,102,50
8202722.0,98,51
8202760.0,103,56
8202789.0,101,49
8202804.0,102,56
8202816.0,91,52
8202906.0,33,56
8202953.0,93,53
8202955.0,97,52
8202958.0,103,59
8202969.0,99,51
8203012.0,91,55
8203031.0,98,54
8203031.0,104,52
8203051.0,93,56
8203063.0,103,53
8203122.0,93,55
8203135.0,103,52
8203210.0,94,56
8203242.0,101,51
8203254.0,99,51
8203296.0,91,53
8203327.0,102,53
8203337.0,105,56
8203345.0,92,53
8203365.0,103,55
8203383.0,105,57
8203385.0,97,55
8203386.0,103,51
8203394.0,93,55
8203397.0,98,60
8203416.0,101,58
8203430.0,98,51
8203440.0,91,58
8203452.0,100,52
8203474.0,91,79
8203516.0,91,56
8203565.0,90,80
8203627.0,91,52
8203650.0,104,57
8203666.0,105,57
8203692.0,97,52
8203721.0,105,55
8203731.0,102,54
8203787.0,91,54
8203788.0,102,51
8203798.0,89,81
8203814.0,91,81
8203818.0,92,52
8203822.0,103,55
8203831.0,88,81
8203841.0,103,52
8203903.0,100,61
8203911.0,96,53
8203920.0,103,60
8204037.0,90,85
8204043.0,102,57
8204066.0,105,53
8204084.0,94,56
8204095.0,93,55
8204097.0,93,56
8204107.0,93,53
8204212.0,95,55
8204231.0,91,52
8204257.0,103,52
8204314.0,89,81
8204322.0,98,55
8204333.0,93,55
8204410.0,100,49
8204424.0,101,57
8204479.0,97,52
8204480.0,99,49
8204525.0,101,55
8204552.0,96,53
8204567.0,93,54
8204578.0,98,70
8204583.0,101,49
8204592.0,103,55
8204607.0,100,62
8204774.0,101,50
8204780.0,102,54
8204855.0,105,55
8204918.0,90,59
8204924.0,103,54
8204928.0,100,59
8205000.0,92,52
8205016.0,102,59
8205027.0,89,85
8205089.0,93,55
8205137.0,100,56
8205206.0,104,53
8205218.0,96,53
8205222.0,93,57
8205222.0,101,50
8205233.0,89,79
8205254.0,101,54
8205326.0,103,54
8205337.0,98,50
8205384.0,102,52
8205421.0,92,52
8205424.0,104,55
8205492.0,103,57
8205558.0,91,53
8205594.0,93,56
8205600.0,91,52
8205636.0,93,57
8205640.0,99,56
8205672.0,95,57
8205677.0,103,57
8205738.0,95,73
8205763.0,99,72
8205767.0,104,54
8205793.0,90,58
8205825.0,89,85
8205836.0,93,54
8205837.0,94,72
8205878.0,91,72
8205880.0,103,52
8205898.0,85,77
8205913.0,86,77
8205939.0,99,51
8205965.0,103,54
8205974.0,101,55
8206032.0,97,53
8206036.0,91,73
8206037.0,84,77
8206104.0,98,50
8206144.0,97,55
8206164.0,104,54
8206210.0,96,53
8206214.0,95,73
8206215.0,104,56
8206276.0,93,65
8206277.0,103,54
8206288.0,99,50
8206297.0,99,49
8206329.0,103,58
8206353.0,100,54
8206371.0,99,72
8206397.0,101,50
8206423.0,105,56
8206436.0,100,58
8206474.0,92,52
8206480.0,95,54
8206482.0,97,51
8206538.0,86,77
8206551.0,105,55
8206558.0,103,55
8206560.0,101,52
8206586.0,103,52
8206603.0,102,49
8206603.0,98,56
8206606.0,100,72
8206734.0,99,72
8206738.0,99,55
8206754.0,93,55
8206755.0,99,53
8206766.0,98,50
8206778.0,102,52
8206784.0,91,59
8206827.0,100,55
8206856.0,100,49
8206863.0,99,73
8206910.0,104,50
8207024.0,101,55
8207055.0,103,52
8207056.0,100,53
8207071.0,104,57
8207110.0,102,52
8207197.0,103,57
8207198.0,93,55
8207201.0,90,58
8207209.0,103,50
8207219.0,90,59
8207227.0,103,51
8207239.0,101,50
8207245.0,101,51
8207306.0,99,49
8207402.0,104,52
8207419.0,97,51
8207428.0,100,50
8207456.0,98,51
8207488.0,104,54
8207501.0,90,57
8207601.0,98,71
8207603.0,96,52
8207619.0,105,56
8207627.0,95,54
8207686.0,92,53
8207687.0,100,49
8207720.0,103,52
8207726.0,91,54
8207799.0,103,54
8207833.0,90,60
8207837.0,102,53
8207843.0,91,53
8207900.0,98,63
8207931.0,92,60
8207940.0,100,51
8207946.0,94,55
8207996.0,99,58
8208017.0,104,54
8208054.0,101,59
8208071.0,103,54
8208074.0,90,55
8208100.0,98,54
8208126.0,97,52
8208140.0,94,76
8208161.0,95,53
8208171.0,97,53
8208190.0,98,71
8208194.0,97,55
8208313.0,92,54
8208367.0,101,53
8208370.0,91,52
8208411.0,91,80
8208418.0,90,58
8208424.0,103,53
8208439.0,98,68
8208468.0,92,68
8208496.0,105,56
8208533.0,95,54
8208549.0,102,53
8208559.0,101,60
8208598.0,92,53
8208607.0,104,52
8208659.0,99,49
8208691.0,90,53
8208770.0,99,52
8208787.0,90,60
8208797.0,90,54
8208801.0,90,56
8208819.0,91,58
8208845.0,103,55
8208853.0,99,54
8208880.0,96,52
8208898.0,102,59
8208909.0,102,58
8208914.0,90,57
8208922.0,101,53
8208933.0,101,56
8208935.0,99,57
8208962.0,105,56
8208984.0,96,54
8208986.0,100,49
8208994.0,103,53
8209007.0,94,55
8209021.0,97,51
8209088.0,101,54
8209181.0,90,59
8209263.0,90,61
8209268.0,90,52
8209272.0,92,61
8209287.0,96,55
8209298.0,102,59
8209303.0,102,51
8209315.0,91,61
8209337.0,100,61
8209357.0,98,49
8209359.0,104,53
8209363.0,92,58
8209388.0,100,74
8209433.0,91,52
8209434.0,100,49
8209458.0,100,55
8209580.0,90,53
8209587.0,102,53
8209620.0,92,53
8209630.0,101,53
8209638.0,104,53
8209654.0,96,52
8209678.0,90,55
8209718.0,103,53
8209740.0,100,55
8209775.0,104,52
8209776.0,94,55
8209785.0,90,54
8209814.0,90,56
8209823.0,97,54
8209835.0,98,72
8209838.0,101,54
8209849.0,102,54
8209881.0,95,53
8209889.0,65,70
8209895.0,103,53
8209919.0,98,66
8209931.0,99,52
8209940.0,94,68
8209952.0,101,49
8209969.0,98,52
8209979.0,104,52
8209988.0,99,67
8209997.0,91,84
8210000.0,98,56
8210012.0,99,61
8210055.0,90,62
8210085.0,90,65
8210094.0,103,58
8210124.0,101,52
8210176.0,92,55
8210178.0,91,81
8210232.0,101,61
8210240.0,102,57
8210242.0,99,51
8210322.0,93,56
8210354.0,102,55
8210374.0,99,75
8210385.0,98,52
8210393.0,90,60
8210401.0,92,57
8210403.0,97,67
8210412.0,91,52
8210469.0,93,60
8210473.0,102,59
8210518.0,98,51
8210520.0,94,55
8210536.0,99,67
8210571.0,104,55
8210578.0,92,54
8210591.0,100,76
8210637.0,90,61
8210662.0,90,53
8210689.0,91,85
8210714.0,95,53
8210733.0,104,53
8210736.0,90,58
8210795.0,104,56
8210800.0,98,67
8210809.0,91,64
8210888.0,97,50
8210945.0,104,52
8210964.0,97,55
8211061.0,97,53
8211066.0,101,55
8211070.0,100,50
8211095.0,90,57
8211132.0,93,57
8211148.0,87,76
8211185.0,98,52
8211189.0,99,74
8211212.0,104,53
8211224.0,90,56
8211230.0,99,68
8211232.0,102,52
8211234.0,99,72
8211272.0,99,73
8211274.0,90,54
8211294.0,101,49
8211344.0,92,56
8211384.0,100,58
8211424.0,104,52
8211506.0,55,67
8211507.0,102,50
8211511.0,101,58
8211516.0,100,50
8211554.0,103,50
8211556.0,91,62
8211560.0,98,72
8211576.0,90,77
8211584.0,100,55
8211592.0,92,83
8211621.0,101,55
8211660.0,97,55
8211661.0,101,54
8211667.0,100,57
8211669.0,88,75
8211684.0,88,83
8211702.0,100,54
8211732.0,103,54
8211745.0,91,66
8211784.0,99,67
8211793.0,93,56
8211796.0,55,67
8211823.0,97,50
8211832.0,98,49
8211858.0,101,52
8211933.0,99,49
8211953.0,99,74
8211957.0,96,51
8212002.0,55,68
8212028.0,99,69
8212041.0,92,55
8212076.0,103,57
8212079.0,102,52
8212087.0,101,59
8212108.0,101,52
8212113.0,92,67
8212117.0,91,59
8212121.0,101,49
8212131.0,94,57
8212167.0,103,50
8212173.0,102,56
8212236.0,92,57
8212237.0,99,51
8212243.0,92,56
8212268.0,93,71
8212273.0,96,74
8212282.0,99,53
8212305.0,92,54
8212318.0,99,50
8212482.0,90,55
8212491.0,101,51
8212515.0,90,62
8212533.0,97,51
8212547.0,102,50
8212585.0,99,56
8212595.0,96,55
8212603.0,96,53
8212618.0,103,53
8212642.0,101,50
8212651.0,98,55
8212671.0,93,56
8212683.0,99,74
8212684.0,92,62
8212685.0,98,68
8212696.0,98,53
8212699.0,93,70
8212724.0,89,53
8212737.0,94,73
8212741.0,95,53
8212754.0,101,57
8212779.0,102,52
8212799.0,93,73
8212802.0,99,51
8212810.0,99,67
8212816.0,99,70
8212833.0,101,51
8212846.0,104,53
8212876.0,100,50
8212917.0,91,53
8212919.0,55,68
8212920.0,99,49
8212921.0,92,54
8212928.0,100,75
8212965.0,96,74
8213001.0,99,55
8213039.0,84,83
8213140.0,99,74
8213167.0,103,53
8213184.0,95,52
8213203.0,94,73
8213235.0,100,55
8213277.0,97,55
8213300.0,96,51
8213307.0,93,61
8213323.0,55,67
8213359.0,101,51
8213371.0,103,56
8213372.0,91,60
8213423.0,98,49
8213456.0,94,54
8213485.0,90,59
8213487.0,105,57
8213499.0,104,52
8213507.0,102,53
8213546.0,99,67
8213563.0,94,55
8213600.0,101,53
8213620.0,91,66
8213629.0,99,50
8213665.0,93,67
8213676.0,92,54
8213691.0,91,53
8213712.0,92,59
8213717.0,100,52
8213747.0,102,54
8213979.0,99,67
8213986.0,104,55
8214000.0,97,49
8214019.0,55,67
8214032.0,90,63
8214042.0,92,67
8214076.0,94,73
8214095.0,99,49
8214116.0,99,74
8214119.0,95,52
8214127.0,95,65
8214148.0,103,54
8214155.0,92,54
8214216.0,98,70
8214244.0,94,54
8214246.0,98,52
8214247.0,94,74
8214267.0,92,55
8214268.0,92,63
8214271.0,103,53
8214328.0,100,49
8214382.0,99,74
8214394.0,97,49
8214395.0,99,49
8214414.0,97,54
8214417.0,96,52
8214465.0,100,53
8214577.0,101,53
8214582.0,97,51
8214593.0,92,56
8214599.0,93,57
8214622.0,96,53
8214678.0,97,56
8214693.0,101,52
8214709.0,102,51
8214729.0,94,74
8214759.0,98,69
8214769.0,89,54
8214779.0,90,54
8214839.0,91,65
8214856.0,100,60
8214875.0,98,50
8214892.0,91,67
8214905.0,90,61
8214907.0,102,50
8214928.0,99,50
8214933.0,101,54
8214950.0,94,54
8214952.0,101,56
8214964.0,91,53
8214966.0,91,78
8214981.0,97,56
8214992.0,96,53
8214996.0,99,55
8215033.0,97,49
8215116.0,93,55
8215129.0,100,54
8215132.0,92,56
8215155.0,95,52
8215159.0,100,49
8215185.0,94,73
8215187.0,101,52
8215190.0,104,55
8215193.0,100,51
8215197.0,101,49
8215256.0,89,55
8215314.0,89,57
8215396.0,99,49
8215406.0,103,54
8215415.0,97,85
8215443.0,90,55
8215452.0,96,55
8215459.0,98,66
8215468.0,96,50
8215488.0,100,55
8215502.0,98,51
8215504.0,93,68
8215516.0,91,68
8215519.0,99,70
8215590.0,102,50
8215592.0,94,74
8215604.0,89,58
8215632.0,89,53
8215642.0,89,54
8215642.0,97,50
8215643.0,99,50
8215648.0,97,53
8215677.0,102,49
8215684.0,97,49
8215722.0,97,55
8215723.0,89,59
8215727.0,100,51
8215742.0,95,54
8215746.0,90,58
8215780.0,103,52
8215818.0,99,55
8215825.0,100,54
8215833.0,96,53
8215867.0,96,85
8215875.0,102,55
8215911.0,99,49
8215948.0,99,73
8215949.0,100,55
8215996.0,99,72
8216004.0,97,55
8216018.0,100,50
8216044.0,99,52
8216054.0,103,52
8216080.0,95,52
8216104.0,94,53
8216104.0,100,49
8216124.0,89,54
8216125.0,96,50
8216182.0,103,53
8216231.0,94,74
8216244.0,89,55
8216266.0,99,50
8216272.0,84,74
8216292.0,103,54
8216307.0,102,49
8216336.0,93,55
8216350.0,90,52
8216364.0,101,59
8216401.0,103,57
8216405.0,101,55
8216423.0,98,68
8216449.0,101,49
8216462.0,97,52
8216469.0,100,59
8216491.0,100,51
8216492.0,103,52
8216494.0,99,58
8216502.0,97,85
8216504.0,90,60
8216518.0,95,55
8216525.0,103,53
8216525.0,90,64
8216540.0,92,57
8216546.0,84,74
8216558.0,91,74
8216566.0,99,63
8216567.0,95,51
8216600.0,89,53
8216602.0,100,52
8216650.0,102,58
8216670.0,91,54
8216673.0,97,55
8216693.0,99,49
8216716.0,89,56
8216760.0,101,50
8216767.0,100,54
8216798.0,98,53
8216800.0,100,49
8216810.0,90,66
8216859.0,90,52
8216868.0,104,54
8216928.0,89,58
8216936.0,100,51
8216942.0,101,49
8216950.0,94,53
8216982.0,100,60
8217009.0,95,53
8217027.0,101,55
8217037.0,89,59
8217056.0,102,51
8217071.0,96,54
8217079.0,93,55
8217088.0,98,69
8217102.0,85,73
8217159.0,97,54
8217173.0,91,83
8217189.0,98,56
8217196.0,99,49
8217203.0,97,56
8217357.0,89,57
8217368.0,92,83
8217387.0,98,49
8217432.0,97,53
8217446.0,98,51
8217483.0,89,55
8217512.0,101,55
8217524.0,90,53
8217528.0,101,49
8217543.0,100,74
8217546.0,102,49
8217592.0,95,51
8217597.0,102,57
8217609.0,99,54
8217645.0,101,52
8217663.0,90,66
8217672.0,89,60
8217676.0,101,51
8217701.0,103,52
8217734.0,98,50
8217739.0,96,55
8217742.0,101,50
8217761.0,99,69
8217773.0,91,55
8217773.0,101,55
8217810.0,93,57
8217849.0,99,57
8217850.0,102,57
8217859.0,96,49
8217876.0,102,49
8217881.0,99,55
8217887.0,93,59
8217925.0,98,56
8217936.0,99,59
8217943.0,98,54
8217960.0,96,50
8217965.0,99,69
8217967.0,101,56
8217989.0,89,54
8218025.0,98,61
8218034.0,96,51
8218039.0,98,50
8218046.0,98,51
8218064.0,89,56
8218069.0,98,70
8218108.0,91,83
8218114.0,91,56
8218159.0,101,49
8218160.0,103,55
8218173.0,104,56
8218247.0,94,53
8218247.0,100,57
8218257.0,102,56
8218258.0,95,52
8218262.0,102,51
8218288.0,102,53
8218324.0,101,52
8218373.0,97,53
8218417.0,90,53
8218418.0,100,53
8218455.0,91,75
8218468.0,92,60
8218500.0,104,55
8218538.0,101,58
8218548.0,89,57
8218549.0,103,55
8218582.0,91,54
8218593.0,104,56
8218617.0,89,54
8218619.0,98,49
8218622.0,102,56
8218670.0,102,53
8218672.0,91,59
8218701.0,96,49
8218730.0,103,56
8218788.0,99,49
8218914.0,99,55
8218926.0,95,51
8219012.0,100,51
8219098.0,103,56
8219108.0,91,56
8219108.0,90,53
8219113.0,101,57
8219127.0,104,55
8219168.0,94,55
8219192.0,98,56
8219200.0,91,55
8219206.0,89,58
8219218.0,98,58
8219289.0,91,57
8219308.0,99,51
8219308.0,101,49
8219317.0,92,56
8219328.0,96,49
8219344.0,91,56
8219426.0,100,75
8219472.0,99,71
8219479.0,99,55
8219524.0,98,67
8219542.0,88,53
8219581.0,99,53
8219592.0,90,53
8219624.0,100,76
8219633.0,91,65
8219634.0,98,69
8219638.0,100,55
8219641.0,93,54
8219643.0,100,56
8219677.0,102,57
8219689.0,95,53
8219690.0,99,55
8219698.0,89,59
8219721.0,102,53
8219733.0,88,54
8219760.0,98,71
8219770.0,94,52
8219774.0,100,53
8219776.0,99,60
8219801.0,91,86
8219802.0,98,62
8219863.0,91,68
8219895.0,98,55
8219898.0,99,49
8219915.0,95,55
8219919.0,85,85
8219950.0,99,71
8219981.0,100,58
8219988.0,97,51
8219992.0,89,61
8220006.0,97,52
8220011.0,92,57
8220025.0,103,56
8220026.0,102,53
8220039.0,91,69
8220047.0,85,86
8220078.0,97,67
8220088.0,90,62
8220111.0,92,56
8220146.0,98,57
8220171.0,89,55
8220193.0,91,56
8220203.0,95,50
8220234.0,99,74
8220254.0,101,51
8220269.0,90,53
8220270.0,96,51
8220404.0,91,57
8220442.0,102,54
8220483.0,92,68
8220485.0,93,54
8220488.0,100,53
8220556.0,103,55
8220585.0,94,62
8220594.0,99,71
8220605.0,91,63
8220621.0,100,49
8220634.0,88,53
8220647.0,103,57
8220663.0,103,54
8220665.0,89,53
8220771.0,102,53
8220818.0,98,50
8220833.0,91,57
8220878.0,95,50
8220878.0,88,54
8220905.0,103,57
8220925.0,99,49
8220968.0,94,52
8220987.0,90,57
8220989.0,90,59
8220993.0,96,54
8221005.0,89,57
8221013.0,90,53
8221020.0,103,56
8221029.0,88,76
8221053.0,93,57
8221054.0,99,54
8221103.0,96,50
8221112.0,93,62
8221126.0,93,58
8221131.0,95,55
8221135.0,90,54
8221172.0,90,76
8221200.0,102,54
8221203.0,99,55
8221212.0,90,55
8221220.0,99,62
8221223.0,91,60
8221227.0,97,50
8221233.0,99,61
8221236.0,92,56
8221291.0,88,55
8221321.0,102,53
8221333.0,91,57
8221354.0,89,58
8221361.0,100,59
8221381.0,99,50
8221387.0,95,50
8221428.0,98,56
8221431.0,93,59
8221449.0,103,54
8221482.0,91,79
8221513.0,90,53
8221529.0,93,53
8221539.0,89,62
8221568.0,89,75
8221573.0,101,49
8221594.0,91,57
8221615.0,99,49
8221624.0,89,53
8221625.0,102,51
8221629.0,100,49
8221637.0,88,53
8221651.0,103,56
8221701.0,98,68
8221714.0,98,70
8221722.0,88,54
8221741.0,102,52
8221744.0,100,51
8221761.0,96,56
8221776.0,90,64
8221795.0,99,54
8221825.0,102,56
8221833.0,89,54
8221850.0,90,60
8221913.0,97,49
8221966.0,102,53
8221991.0,87,84
8221998.0,101,54
8222038.0,98,54
8222039.0,100,50
8222041.0,101,53
8222126.0,98,65
8222134.0,94,51
8222146.0,102,56
8222152.0,99,52
8222153.0,90,54
8222164.0,97,70
8222181.0,90,53
8222193.0,103,56
8222219.0,97,54
8222219.0,97,51
8222229.0,97,53
8222230.0,102,53
8222286.0,95,55
8222287.0,89,75
8222297.0,92,62
8222301.0,103,55
8222316.0,99,54
8222343.0,96,52
8222354.0,91,67
8222397.0,101,54
8222442.0,88,55
8222460.0,90,53
8222472.0,93,53
8222479.0,99,65
8222507.0,101,49
8222556.0,101,51
8222567.0,89,53
8222574.0,100,52
8222583.0,97,65
8222584.0,92,67
8222594.0,90,54
8222608.0,86,82
8222624.0,101,58
8222631.0,88,75
8222635.0,98,71
8222641.0,100,54
8222678.0,102,57
8222681.0,103,54
8222683.0,101,55
8222713.0,92,55
8222732.0,92,59
8222738.0,98,64
8222746.0,95,49
8222770.0,94,51
8222788.0,89,61
8222817.0,98,65
8222846.0,90,66
8222848.0,97,50
8222852.0,97,49
8222857.0,95,55
8222861.0,103,55
8222909.0,106,50
8222910.0,88,54
8222916.0,100,54
8222955.0,103,50
8222959.0,88,56
8222973.0,89,53
8222983.0,89,75
8222985.0,93,53
8222993.0,100,49
8223081.0,88,82
8223095.0,103,53
8223114.0,101,49
8223117.0,102,52
8223123.0,97,51
8223138.0,97,56
8223166.0,92,63
8223169.0,101,54
8223179.0,101,56
8223196.0,91,79
8223201.0,96,53
8223203.0,89,62
8223218.0,55,75
8223241.0,100,52
8223309.0,90,54
8223381.0,94,51
8223406.0,90,55
8223440.0,94,55
8223459.0,89,53
8223460.0,103,53
8223478.0,102,56
8223484.0,98,49
8223488.0,98,55
8223498.0,101,49
8223507.0,100,56
8223514.0,88,55
8223526.0,95,54
8223528.0,95,51
8223535.0,103,50
8223538.0,97,71
8223552.0,104,56
8223570.0,106,50
8223633.0,95,74
8223643.0,88,57
8223652.0,91,52
8223656.0,99,51
8223661.0,103,57
8223662.0,103,55
8223667.0,98,54
8223683.0,89,59
8223744.0,98,51
8223889.0,91,71
8223934.0,89,55
8223972.0,103,57
8224031.0,99,58
8224035.0,103,55
8224044.0,94,53
8224045.0,101,52
8224053.0,97,49
8224053.0,98,49
8224071.0,92,58
8224093.0,95,51
8224147.0,104,56
8224147.0,95,52
8224152.0,98,55
8224190.0,98,65
8224234.0,90,54
8224259.0,94,50
8224272.0,88,58
8224280.0,90,56
8224352.0,88,53
8224397.0,94,52
8224444.0,84,72
8224451.0,91,80
8224459.0,95,55
8224463.0,95,53
8224496.0,100,59
8224538.0,95,52
8224550.0,102,52
8224555.0,93,52
8224572.0,97,71
8224575.0,91,57
8224584.0,99,57
8224588.0,97,49
8224613.0,90,55
8224617.0,87,58
8224617.0,93,53
8224621.0,102,51
8224628.0,100,51
8224636.0,98,49
8224651.0,95,51
8224736.0,99,53
8224757.0,97,50
8224759.0,88,56
8224881.0,100,50
8224901.0,97,66
8224912.0,88,54
8224971.0,91,80
8225004.0,95,49
8225016.0,96,51
8225044.0,95,50
8225050.0,90,54
8225074.0,98,71
8225085.0,99,70
8225135.0,102,52
8225150.0,91,70
8225152.0,100,60
8225162.0,95,51
8225179.0,88,60
8225203.0,93,52
8225221.0,88,57
8225222.0,99,56
8225275.0,99,53
8225298.0,90,59
8225332.0,94,50
8225338.0,95,50
8225347.0,100,51
8225357.0,96,52
8225388.0,98,53
8225428.0,89,54
8225437.0,97,49
8225450.0,88,58
8225507.0,87,54
8225514.0,99,60
8225515.0,100,60
8225582.0,88,55
8225586.0,94,54
8225602.0,99,50
8225628.0,100,53
8225630.0,102,55
8225659.0,100,54
8225677.0,99,49
8225681.0,100,58
8225705.0,93,58
8225746.0,97,55
8225775.0,96,51
8225811.0,88,59
8225813.0,93,55
8225816.0,98,62
8225827.0,97,50
8225830.0,95,51
8225842.0,88,53
8225855.0,99,51
8225856.0,99,50
8225860.0,97,70
8225871.0,101,57
8225929.0,97,56
8225944.0,90,56
8225944.0,97,67
8225953.0,98,53
8225959.0,90,54
8225983.0,101,54
8226003.0,100,53
8226033.0,90,57
8226099.0,99,70
8226105.0,100,51
8226112.0,98,52
8226115.0,97,70
8226125.0,87,54
8226138.0,99,61
8226225.0,99,57
8226257.0,92,54
8226326.0,94,50
8226376.0,99,53
8226407.0,97,57
8226416.0,93,52
8226421.0,89,60
8226429.0,98,52
8226486.0,100,57
8226499.0,89,54
8226522.0,97,49
8226569.0,95,51
8226574.0,88,58
8226607.0,91,56
8226614.0,89,63
8226652.0,88,60
8226676.0,98,54
8226687.0,103,54
8226692.0,94,56
8226711.0,99,49
8226714.0,101,54
8226718.0,101,51
8226761.0,95,54
8226790.0,89,54
8226790.0,91,69
8226791.0,96,49
8226795.0,100,51
8226799.0,86,78
8226812.0,101,60
8226813.0,91,57
8226827.0,97,62
8226866.0,100,53
8226867.0,87,84
8226870.0,87,54
8226883.0,99,50
8226890.0,97,52
8226908.0,85,83
8226909.0,99,60
8226918.0,87,55
8226925.0,92,54
8226933.0,92,55
8227053.0,97,51
8227058.0,90,60
8227086.0,101,53
8227087.0,103,54
8227090.0,89,59
8227094.0,98,57
8227104.0,93,51
8227120.0,92,57
8227141.0,100,55
8227159.0,96,50
8227169.0,86,83
8227190.0,101,52
8227200.0,98,52
8227266.0,95,52
8227316.0,97,54
8227333.0,85,83
8227353.0,98,61
8227368.0,91,56
8227386.0,88,59
8227390.0,95,51
8227448.0,100,55
8227476.0,94,49
8227515.0,90,57
8227524.0,89,54
8227529.0,98,54
8227589.0,97,68
8227594.0,92,53
8227685.0,96,51
8227708.0,93,51
8227708.0,94,55
8227719.0,97,56
8227723.0,97,49
8227730.0,99,52
8227738.0,95,51
8227738.0,87,54
8227761.0,96,49
8227846.0,100,58
8227890.0,92,54
8227899.0,87,55
8227907.0,99,49
8227952.0,101,51
8227972.0,102,55
8227985.0,87,85
8227986.0,90,81
8228013.0,101,57
8228033.0,91,68
8228117.0,103,54
8228147.0,89,56
8228149.0,94,49
8228172.0,87,57
8228177.0,93,51
8228190.0,85,83
8228201.0,98,72
8228217.0,99,49
8228225.0,98,50
8228235.0,94,55
8228243.0,88,56
8228304.0,95,54
8228347.0,94,51
8228357.0,102,52
8228380.0,102,54
8228392.0,93,53
8228395.0,87,85
8228395.0,98,51
8228408.0,88,55
8228454.0,90,58
8228478.0,98,63
8228485.0,97,49
8228487.0,87,54
8228490.0,98,69
8228491.0,89,83
8228498.0,92,53
8228510.0,97,70
8228537.0,100,55
8228538.0,91,56
8228549.0,87,55
8228564.0,98,52
8228573.0,97,67
8228617.0,102,56
8228632.0,90,68
8228666.0,99,52
8228693.0,85,82
8228703.0,90,55
8228709.0,98,54
8228719.0,97,54
8228736.0,99,60
8228779.0,95,53
8228797.0,93,56
8228843.0,90,57
8228853.0,95,56
8228871.0,101,53
8228884.0,102,52
8228909.0,95,52
8228919.0,96,51
8228944.0,103,54
8228974.0,86,85
8228984.0,93,51
8229045.0,94,55
8229048.0,87,56
8229131.0,95,56
8229134.0,97,68
8229140.0,101,52
8229163.0,94,54
8229177.0,84,80
8229191.0,99,54
8229191.0,95,52
8229236.0,99,51
8229257.0,103,54
8229273.0,101,56
8229283.0,89,55
8229298.0,93,52
8229352.0,85,79
8229394.0,97,55
8229399.0,101,51
8229401.0,95,50
8229412.0,88,54
8229431.0,91,67
8229453.0,92,53
8229499.0,100,52
8229534.0,89,57
8229564.0,87,55
8229625.0,91,56
8229627.0,97,51
8229629.0,94,49
8229661.0,96,56
8229664.0,84,88
8229724.0,95,51
8229737.0,92,52
8229744.0,88,61
8229802.0,101,52
8229838.0,101,51
8229869.0,97,51
8229893.0,93,50
8229944.0,83,81
8229957.0,95,56
8229970.0,99,56
8229976.0,99,53
8230010.0,91,53
8230023.0,94,55
8230065.0,99,51
8230094.0,97,49
8230100.0,91,55
8230116.0,98,56
8230134.0,90,61
8230135.0,97,63
8230175.0,102,54
8230194.0,101,53
8230310.0,88,59
8230342.0,96,49
8230351.0,95,51
8230382.0,97,66
8230403.0,99,76
8230409.0,96,50
8230452.0,98,53
8230456.0,90,60
8230471.0,99,57
8230499.0,99,59
8230524.0,97,57
8230538.0,95,52
8230566.0,93,50
8230604.0,89,60
8230616.0,98,66
8230627.0,98,62
8230689.0,101,51
8230694.0,97,69
8230700.0,97,55
8230709.0,99,50
8230719.0,88,54
8230742.0,87,55
8230755.0,101,55
8230767.0,99,55
8230777.0,88,58
8230785.0,100,76
8230825.0,89,58
8230855.0,97,66
8230859.0,94,50
8230864.0,90,67
8230873.0,83,81
8230874.0,87,57
8230886.0,87,56
8230921.0,97,50
8230922.0,99,50
8230922.0,99,51
8230981.0,97,53
8230985.0,98,67
8231000.0,89,55
8231033.0,101,56
8231041.0,98,69
8231044.0,101,53
8231110.0,100,77
8231141.0,99,57
8231143.0,94,55
8231184.0,98,57
8231190.0,92,52
8231230.0,91,68
8231233.0,87,85
8231257.0,98,66
8231299.0,97,66
8231309.0,94,53
8231319.0,89,81
8231338.0,100,76
8231358.0,89,56
8231364.0,91,55
8231376.0,98,49
8231385.0,96,50
8231393.0,97,53
8231411.0,94,54
8231423.0,100,54
8231435.0,102,54
8231456.0,97,68
8231462.0,98,50
8231485.0,98,59
8231518.0,89,55
8231521.0,87,59
8231578.0,98,53
8231611.0,101,56
8231623.0,98,73
8231634.0,101,51
8231701.0,96,56
8231754.0,95,52
8231760.0,95,49
8231766.0,97,69
8231768.0,99,73
8231777.0,91,54
8231782.0,93,51
8231803.0,96,55
8231822.0,96,50
8231840.0,99,72
8231847.0,100,53
8231861.0,86,54
8231885.0,96,49
8231948.0,92,52
8231957.0,93,69
8231964.0,93,63
8231990.0,92,63
8231998.0,87,56
8232000.0,92,55
8232020.0,95,54
8232039.0,93,49
8232045.0,99,71
8232046.0,88,54
8232054.0,93,51
8232058.0,95,50
8232078.0,86,55
8232080.0,90,57
8232082.0,99,49
8232095.0,101,54
8232113.0,97,53
8232118.0,99,58
8232129.0,94,69
8232181.0,98,49
8232195.0,100,53
8232217.0,96,50
8232238.0,88,56
8232241.0,87,54
8232251.0,93,53
8232252.0,101,56
8232284.0,96,54
8232352.0,98,72
8232380.0,100,57
8232388.0,93,72
8232414.0,95,50
8232427.0,96,51
8232431.0,94,49
8232450.0,89,56
8232455.0,98,52
8232469.0,95,51
8232485.0,93,51
8232552.0,99,59
8232564.0,98,63
8232610.0,99,71
8232637.0,88,57
8232637.0,96,49
8232661.0,88,60
8232704.0,92,51
8232714.0,91,55
8232715.0,94,54
8232772.0,97,52
8232778.0,89,61
8232792.0,88,61
8232805.0,89,57
8232809.0,96,50
8232813.0,94,52
8232813.0,87,55
8232815.0,95,49
8232838.0,101,52
8232841.0,89,64
8232845.0,91,54
8232848.0,90,73
8232852.0,99,52
8232878.0,87,57
8232893.0,86,55
8232930.0,98,60
8232945.0,97,65
8232953.0,93,51
8232974.0,59,77
8232983.0,88,55
8232991.0,87,58
8233007.0,86,54
8233021.0,97,54
8233047.0,93,72
8233089.0,96,52
8233108.0,97,52
8233124.0,96,64
8233150.0,57,78
8233163.0,87,54
8233179.0,99,74
8233215.0,100,51
8233244.0,101,52
8233249.0,95,51
8233261.0,93,49
8233263.0,60,78
8233279.0,97,51
8233288.0,90,57
8233292.0,98,55
8233314.0,100,58
8233354.0,87,58
8233381.0,92,53
8233392.0,93,59
8233404.0,98,71
8233407.0,88,62
8233409.0,97,70
8233413.0,92,51
8233443.0,92,64
8233480.0,95,49
8233497.0,95,50
8233506.0,98,58
8233508.0,96,55
8233530.0,98,52
8233554.0,87,58
8233559.0,93,51
8233563.0,93,55
8233569.0,99,57
8233573.0,101,76
8233592.0,91,72
8233611.0,86,55
8233618.0,93,54
8233620.0,97,51
8233628.0,91,53
8233629.0,89,57
8233634.0,101,55
8233639.0,100,58
8233657.0,91,54
8233661.0,96,64
8233684.0,92,50
8233692.0,92,53
8233746.0,88,55
8233750.0,99,51
8233769.0,100,52
8233808.0,90,58
8233819.0,97,52
8233854.0,93,51
8233877.0,92,68
8233881.0,99,55
8233889.0,98,54
8233897.0,95,51
8233898.0,95,57
8233901.0,60,78
8233932.0,57,78
8233953.0,93,55
8233977.0,97,57
8234004.0,96,56
8234028.0,100,53
8234044.0,87,59
8234046.0,96,49
8234064.0,98,53
8234108.0,97,78
8234128.0,97,51
8234140.0,96,54
8234143.0,99,59
8234180.0,99,72
8234209.0,102,53
8234232.0,100,51
8234251.0,99,54
8234270.0,101,76
8234344.0,87,54
8234345.0,58,78
8234357.0,94,53
8234360.0,99,71
8234368.0,97,51
8234369.0,91,53
8234380.0,102,53
8234408.0,92,53
8234425.0,98,70
8234441.0,101,53
8234530.0,57,78
8234570.0,94,51
8234573.0,99,59
8234573.0,95,50
8234616.0,95,59
8234642.0,98,51
8234643.0,94,56
8234670.0,98,56
8234687.0,97,50
8234689.0,92,50
8234698.0,88,55
8234710.0,86,55
8234719.0,92,53
8234735.0,93,55
8234771.0,100,55
8234773.0,94,54
8234781.0,99,72
8234802.0,96,55
8234815.0,90,57
8234825.0,88,57
8234838.0,91,63
8234899.0,93,49
8234928.0,86,56
8234951.0,100,53
8234954.0,98,56
8234958.0,91,53
8234978.0,101,76
8234983.0,88,55
8235041.0,99,58
8235091.0,100,55
8235091.0,99,75
8235214.0,97,69
8235224.0,98,72
8235245.0,94,49
8235253.0,98,59
8235308.0,97,53
8235355.0,98,51
8235367.0,89,58
8235427.0,92,49
8235431.0,90,56
8235432.0,92,50
8235474.0,99,55
8235555.0,92,53
8235570.0,101,54
8235575.0,99,53
8235585.0,100,56
8235592.0,100,55
8235600.0,101,55
8235613.0,88,55
8235644.0,99,59
8235648.0,89,55
8235702.0,93,54
8235713.0,96,54
8235737.0,87,60
8235755.0,91,64
8235776.0,95,50
8235790.0,96,55
8235796.0,96,53
8235822.0,100,55
8235839.0,93,55
8235878.0,99,53
8235890.0,99,72
8235904.0,99,55
8235905.0,88,55
8235921.0,101,53
8235971.0,91,52
8236001.0,98,60
8236003.0,88,59
8236020.0,86,56
8236082.0,89,55
8236086.0,99,55
8236089.0,97,49
8236103.0,86,54
8236104.0,101,55
8236153.0,87,56
8236182.0,94,52
8236209.0,97,72
8236220.0,99,72
8236229.0,87,58
8236285.0,90,56
8236296.0,97,50
8236297.0,97,58
8236303.0,97,51
8236316.0,91,58
8236387.0,94,50
8236394.0,100,57
8236405.0,100,58
8236443.0,99,55
8236444.0,97,53
8236450.0,90,61
8236474.0,88,53
8236524.0,89,58
8236529.0,96,50
8236533.0,94,49
8236544.0,90,58
8236568.0,89,57
8236571.0,97,70
8236573.0,85,55
8236576.0,98,73
8236599.0,99,59
8236636.0,97,58
8236765.0,99,54
8236797.0,97,51
8236801.0,96,55
8236812.0,98,56
8236815.0,89,57
8236830.0,95,49
8236836.0,100,58
8236843.0,89,58
8236848.0,87,57
8236867.0,88,60
8236891.0,87,55
8236895.0,86,56
8236905.0,100,55
8236909.0,104,56
8236917.0,92,49
8236931.0,97,52
8236937.0,91,52
8236943.0,100,53
8236962.0,90,59
8236967.0,91,78
8236971.0,89,55
8236981.0,87,59
8236990.0,100,60
8237005.0,101,54
8237040.0,91,69
8237047.0,88,56
8237050.0,90,68
8237101.0,97,49
8237134.0,90,55
8237165.0,93,55
8237188.0,86,57
8237193.0,93,49
8237220.0,92,52
8237235.0,90,56
8237335.0,87,60
8237348.0,88,53
8237361.0,97,49
8237391.0,92,56
8237416.0,91,51
8237449.0,123,117
8237449.0,87,61
8237452.0,95,52
8237464.0,95,49
8237472.0,98,62
8237477.0,92,52
8237520.0,104,56
8237526.0,98,68
8237538.0,90,62
8237584.0,93,52
8237597.0,95,51
8237612.0,87,56
8237614.0,92,54
8237640.0,98,50
8237642.0,97,51
8237646.0,99,55
8237679.0,99,58
8237688.0,94,51
8237690.0,100,60
8237709.0,97,71
8237730.0,93,70
8237747.0,99,59
8237750.0,89,58
8237751.0,96,54
8237752.0,87,55
8237770.0,103,55
8237821.0,95,52
8237857.0,99,54
8237915.0,91,52
8237921.0,85,55
8237941.0,100,56
8237955.0,98,51
8237961.0,95,55
8237961.0,90,55
8237974.0,88,56
8238012.0,92,59
8238015.0,99,73
8238018.0,99,59
8238021.0,99,52
8238029.0,92,49
8238039.0,97,52
8238045.0,92,70
8238057.0,96,51
8238095.0,87,55
8238116.0,88,55
8238119.0,97,51
8238128.0,92,52
8238131.0,99,57
8238133.0,90,69
8238243.0,89,58
8238255.0,123,117
8238265.0,97,56
8238282.0,88,58
8238292.0,98,60
8238295.0,93,70
8238319.0,97,70
8238327.0,99,51
8238435.0,96,52
8238464.0,88,57
8238467.0,94,51
8238471.0,103,55
8238508.0,89,61
8238538.0,93,69
8238546.0,97,49
8238558.0,99,58
8238590.0,90,74
8238593.0,123,117
8238627.0,92,49
8238644.0,87,55
8238645.0,91,69
8238661.0,100,60
8238666.0,90,54
8238698.0,91,51
8238709.0,88,84
8238745.0,85,55
8238786.0,93,49
8238804.0,98,60
8238833.0,90,55
8238847.0,99,53
8238856.0,97,57
8238864.0,86,58
8238880.0,99,56
8238890.0,98,50
8238893.0,85,56
8238936.0,96,54
8238962.0,87,55
8239062.0,98,58
8239068.0,88,60
8239131.0,87,61
8239133.0,97,52
8239167.0,103,55
8239182.0,93,51
8239184.0,97,49
8239193.0,97,51
8239208.0,91,71
8239222.0,98,71
8239275.0,91,50
8239311.0,97,55
8239331.0,93,56
8239335.0,97,57
8239378.0,95,55
8239401.0,93,54
8239410.0,95,54
8239454.0,99,53
8239456.0,86,56
8239469.0,103,55
8239488.0,98,54
8239517.0,87,55
8239529.0,98,59
8239533.0,98,55
8239533.0,99,58
8239541.0,91,53
8239543.0,94,50
8239596.0,92,49
8239602.0,95,50
8239642.0,95,55
8239665.0,98,60
8239671.0,98,72
8239674.0,90,85
8239718.0,85,55
8239740.0,98,73
8239760.0,89,75
8239786.0,100,55
8239827.0,97,61
8239841.0,97,71
8239842.0,93,50
8239849.0,85,56
8239934.0,97,73
8239939.0,90,53
8239966.0,99,58
8240028.0,99,53
8240046.0,89,60
8240057.0,99,51
8240060.0,97,51
8240083.0,92,51
8240090.0,100,76
8240091.0,88,57
8240098.0,97,58
8240101.0,86,57
8240104.0,89,58
8240107.0,91,50
8240140.0,97,49
8240185.0,87,58
8240194.0,86,55
8240201.0,90,54
8240219.0,96,50
8240301.0,90,85
8240308.0,93,49
8240355.0,96,51
8240365.0,87,57
8240453.0,93,75
8240469.0,97,49
8240500.0,89,62
8240530.0,88,57
8240554.0,87,59
8240563.0,100,53
8240574.0,94,50
8240581.0,96,53
8240583.0,93,49
8240612.0,92,55
8240625.0,100,76
8240632.0,98,55
8240641.0,85,56
8240653.0,86,59
8240660.0,92,72
8240693.0,93,53
8240707.0,96,66
8240751.0,96,57
8240760.0,86,58
8240765.0,96,49
8240776.0,99,77
8240783.0,89,57
8240809.0,97,68
8240854.0,100,54
8240862.0,90,53
8240894.0,97,50
8240940.0,91,49
8240965.0,92,54
8241006.0,99,57
8241040.0,98,53
8241065.0,94,49
8241079.0,89,59
8241087.0,93,50
8241134.0,88,63
8241145.0,96,53
8241158.0,94,75
8241199.0,92,72
8241208.0,88,58
8241220.0,88,57
8241221.0,85,56
8241235.0,51,77
8241246.0,86,55
8241256.0,98,52
8241291.0,91,50
8241309.0,89,58
8241377.0,87,56
8241407.0,98,70
8241418.0,97,71
8241425.0,93,49
8241427.0,90,52
8241470.0,99,57
8241509.0,98,57
8241531.0,98,58
8241554.0,95,53
8241562.0,91,49
8241563.0,98,50
8241628.0,98,59
8241660.0,89,65
8241743.0,93,52
8241747.0,96,65
8241762.0,94,49
8241811.0,89,57
8241823.0,98,57
8241836.0,88,56
8241837.0,91,59
8241850.0,100,53
8241859.0,98,54
8241861.0,91,60
8241905.0,88,64
8241927.0,91,49
8241976.0,97,53
8241977.0,93,53
8242021.0,90,58
8242045.0,99,54
8242048.0,95,56
8242145.0,97,56
8242187.0,96,70
8242197.0,87,56
8242255.0,90,52
8242255.0,101,53
8242258.0,96,65
8242259.0,98,56
8242267.0,86,56
8242311.0,98,59
8242340.0,99,57
8242385.0,93,56
8242416.0,99,56
8242442.0,86,59
8242445.0,96,49
8242461.0,96,52
8242494.0,88,61
8242541.0,85,56
8242565.0,85,55
8242584.0,100,54
8242585.0,87,62
8242586.0,95,55
8242603.0,92,54
8242616.0,86,57
8242632.0,94,49
8242633.0,94,54
8242662.0,89,57
8242675.0,95,52
8242691.0,96,51
8242730.0,93,51
8242768.0,88,58
8242796.0,86,55
8242798.0,95,51
8242808.0,90,51
8242812.0,91,49
8242819.0,98,54
8242873.0,85,57
8242888.0,99,57
8242948.0,89,55
8243016.0,87,55
8243048.0,87,60
8243065.0,98,57
8243068.0,97,50
8243075.0,95,52
8243093.0,91,52
8243104.0,97,55
8243136.0,90,63
8243152.0,98,52
8243247.0,89,56
8243268.0,101,53
8243305.0,99,55
8243332.0,86,55
8243352.0,98,51
8243366.0,93,51
8243426.0,87,81
8243470.0,100,53
8243479.0,97,55
8243496.0,90,51
8243565.0,96,52
8243589.0,92,52
8243602.0,96,56
8243611.0,85,55
8243615.0,85,56
8243633.0,95,52
8243661.0,97,62
8243670.0,87,56
8243736.0,94,56
8243758.0,98,50
8243761.0,98,53
8243771.0,96,55
8243778.0,92,49
8243779.0,98,64
8243823.0,103,56
8243831.0,91,51
8243861.0,85,57
8243876.0,98,58
8243881.0,89,55
8243885.0,100,53
8243890.0,93,52
8243903.0,101,53
8243922.0,94,55
8243925.0,92,56
8243979.0,94,51
8243996.0,95,52
8244022.0,87,62
8244039.0,87,61
8244042.0,89,62
8244045.0,89,61
8244057.0,96,51
8244072.0,86,55
8244076.0,89,54
8244078.0,91,49
8244085.0,90,50
8244089.0,97,64
8244089.0,88,58
8244091.0,92,55
8244099.0,101,55
8244110.0,93,50
8244125.0,94,55
8244131.0,91,51
8244149.0,92,63
8244166.0,96,56
8244189.0,91,63
8244228.0,86,60
8244272.0,84,56
8244274.0,92,64
8244283.0,92,53
8244315.0,101,53
8244316.0,86,61
8244351.0,95,51
8244387.0,98,50
8244390.0,92,54
8244392.0,101,52
8244394.0,103,56
8244424.0,88,60
8244424.0,83,72
8244450.0,88,58
8244464.0,92,50
8244514.0,97,61
8244532.0,99,73
8244535.0,90,51
8244572.0,98,51
8244600.0,86,57
8244614.0,98,53
8244676.0,92,49
8244677.0,99,57
8244697.0,92,51
8244713.0,86,55
8244722.0,97,68
8244731.0,95,52
8244733.0,95,50
8244744.0,89,55
8244748.0,86,75
8244761.0,89,56
8244765.0,99,55
8244769.0,85,57
8244780.0,94,50
8244803.0,93,50
8244825.0,90,50
8244831.0,96,56
8244837.0,84,56
8244850.0,91,51
8244864.0,99,50
8244872.0,95,51
8244879.0,96,51
8244885.0,92,51
8244894.0,96,57
8244911.0,100,57
8244914.0,101,52
8244922.0,95,49
8244923.0,94,55
8244927.0,95,54
8244935.0,97,54
8244944.0,96,68
8244949.0,87,57
8244960.0,89,53
8245021.0,95,52
8245025.0,86,56
8245084.0,92,54
8245093.0,99,73
8245105.0,92,49
8245152.0,86,61
8245158.0,92,53
8245164.0,86,60
8245165.0,97,55
8245168.0,95,50
8245168.0,99,57
8245169.0,98,51
8245172.0,89,54
8245182.0,86,55
8245184.0,97,60
8245190.0,96,50
8245194.0,93,49
8245226.0,88,59
8245256.0,94,56
8245280.0,65,67
8245290.0,94,50
8245292.0,94,55
8245294.0,92,56
8245317.0,91,54
8245351.0,91,55
8245360.0,97,59
8245400.0,99,50
8245401.0,85,58
8245452.0,88,61
8245473.0,90,53
8245475.0,90,50
8245484.0,86,55
8245508.0,97,87
8245576.0,95,50
8245592.0,92,50
8245597.0,84,56
8245605.0,100,53
8245614.0,85,55
8245625.0,93,49
8245629.0,99,56
8245651.0,98,74
8245659.0,97,73
8245676.0,92,56
8245681.0,96,50
8245718.0,97,72
8245730.0,92,49
8245758.0,89,55
8245763.0,97,55
8245772.0,95,53
8245829.0,97,50
8245835.0,98,57
8245843.0,90,53
8245853.0,96,71
8245855.0,90,62
8245873.0,96,58
8245881.0,87,57
8245907.0,87,60
8245915.0,86,60
8245934.0,94,55
8245940.0,95,50
8245967.0,97,87
8245985.0,95,49
8245987.0,85,55
8246001.0,98,52
8246013.0,97,62
8246017.0,94,54
8246041.0,94,50
8246043.0,92,49
8246046.0,89,53
8246064.0,93,49
8246066.0,97,63
8246075.0,93,53
8246095.0,85,57
8246111.0,97,53
8246111.0,92,53
8246119.0,86,56
8246139.0,86,55
8246147.0,98,57
8246183.0,97,73
8246193.0,96,50
8246237.0,99,54
8246238.0,84,56
8246259.0,96,62
8246290.0,87,59
8246312.0,89,52
8246346.0,99,73
8246347.0,91,49
8246363.0,94,55
8246399.0,97,59
8246401.0,88,65
8246466.0,87,57
8246479.0,90,53
8246514.0,95,49
8246643.0,88,59
8246645.0,92,52
8246647.0,86,55
8246680.0,91,55
8246719.0,99,53
8246740.0,95,50
8246779.0,86,58
8246785.0,97,58
8246798.0,86,61
8246813.0,96,70
8246826.0,91,54
8246836.0,90,53
8246845.0,85,55
8246882.0,97,61
8246888.0,97,52
8246889.0,89,53
8246893.0,95,57
8246904.0,97,50
8246908.0,98,57
8246961.0,89,52
8247023.0,87,63
8247047.0,92,60
8247063.0,93,49
8247103.0,87,57
8247110.0,95,57
8247122.0,98,71
8247159.0,96,69
8247169.0,95,49
8247179.0,90,49
8247263.0,98,51
8247289.0,89,64
8247292.0,94,53
8247316.0,85,59
8247321.0,98,52
8247323.0,97,54
8247329.0,97,51
8247336.0,94,52
8247375.0,97,52
8247391.0,95,50
8247425.0,84,57
8247448.0,86,59
8247493.0,96,50
8247535.0,89,51
8247549.0,84,56
8247603.0,97,69
8247650.0,91,49
8247669.0,98,56
8247675.0,92,52
8247693.0,97,51
8247715.0,91,53
8247730.0,99,53
8247757.0,86,56
8247779.0,92,51
8247780.0,95,57
8247790.0,92,54
8247799.0,89,52
8247799.0,96,57
8247872.0,94,55
8247911.0,95,49
8247936.0,90,49
8247945.0,98,51
8247965.0,84,57
8247972.0,96,56
8247984.0,90,53
8247989.0,91,53
8247996.0,95,50
8247999.0,87,57
8248079.0,91,52
8248085.0,95,52
8248114.0,87,58
8248117.0,98,56
8248120.0,99,54
8248131.0,97,51
8248146.0,89,59
8248160.0,97,50
8248174.0,97,59
8248184.0,91,49
8248190.0,95,51
8248190.0,89,83
8248212.0,85,57
8248250.0,92,56
8248271.0,97,57
8248274.0,90,53
8248315.0,98,52
8248324.0,91,54
8248379.0,90,59
8248438.0,91,56
8248448.0,94,51
8248454.0,95,50
8248469.0,85,58
8248501.0,99,72
8248510.0,89,50
8248514.0,95,68
8248529.0,88,57
8248534.0,100,76
8248561.0,90,54
8248564.0,87,57
8248566.0,96,69
8248566.0,96,55
8248582.0,97,60
8248629.0,89,51
8248657.0,97,52
8248661.0,95,71
8248662.0,85,56
8248738.0,84,57
8248859.0,95,49
8248893.0,91,54
8248913.0,92,50
8248915.0,88,58
8248952.0,92,51
8248972.0,87,61
8248990.0,90,63
8249009.0,89,63
8249018.0,95,51
8249022.0,85,59
8249029.0,91,51
8249161.0,91,49
8249164.0,97,53
8249175.0,94,49
8249180.0,88,59
8249198.0,97,58
8249211.0,97,52
8249213.0,96,70
8249218.0,90,54
8249235.0,90,51
8249243.0,98,55
8249247.0,89,83
8249259.0,91,51
8249272.0,87,57
8249274.0,86,62
8249284.0,91,62
8249301.0,98,56
8249330.0,87,58
8249347.0,89,53
8249371.0,91,49
8249388.0,94,54
8249412.0,95,49
8249425.0,91,50
8249432.0,96,68
8249483.0,89,50
8249501.0,91,85
8249527.0,95,50
8249534.0,88,56
8249594.0,84,57
8249613.0,91,54
8249642.0,77,125
8249689.0,96,54
8249745.0,86,57
8249751.0,92,49
8249759.0,85,58
8249773.0,88,57
8249806.0,87,63
8249808.0,85,57
8249816.0,90,57
8249829.0,90,54
8249830.0,91,53
8249841.0,94,50
8249887.0,92,50
8249900.0,88,55
8249902.0,91,54
8249909.0,88,58
8249976.0,89,50
8249999.0,89,83
8250055.0,88,60
8250085.0,90,52
8250099.0,89,54
8250103.0,86,58
8250141.0,95,50
8250144.0,88,62
8250167.0,99,53
8250204.0,96,55
8250205.0,88,54
8250206.0,86,59
8250230.0,95,68
8250246.0,94,50
8250249.0,85,56
8250266.0,91,55
8250268.0,90,54
8250369.0,94,49
8250391.0,91,53
8250439.0,89,62
8250444.0,97,55
8250493.0,84,56
8250510.0,88,56
8250561.0,90,52
8250562.0,96,53
8250569.0,93,55
8250570.0,95,56
8250593.0,86,57
8250610.0,89,57
8250633.0,96,50
8250646.0,90,50
8250668.0,91,50
8250669.0,92,49
8250680.0,90,71
8250681.0,97,52
8250715.0,95,50
8250721.0,94,49
8250745.0,42,75
8250746.0,91,56
8250758.0,96,55
8250785.0,98,52
8250795.0,93,54
8250834.0,95,57
8250882.0,96,65
8250929.0,97,57
8250930.0,93,76
8250970.0,89,50
8250976.0,85,60
8250982.0,84,56
8251008.0,84,58
8251013.0,88,57
8251043.0,97,58
8251072.0,84,57
8251073.0,86,62
8251077.0,98,54
8251148.0,94,53
8251152.0,91,56
8251219.0,98,55
8251236.0,89,52
8251237.0,97,56
8251238.0,91,54
8251266.0,88,61
8251277.0,93,76
8251284.0,91,50
8251308.0,97,52
8251331.0,83,57
8251383.0,90,49
8251457.0,90,52
8251461.0,94,50
8251466.0,91,49
8251541.0,88,55
8251561.0,92,49
8251631.0,95,57
8251638.0,88,54
8251667.0,96,52
8251671.0,90,81
8251684.0,97,52
8251704.0,84,56
8251707.0,94,49
8251714.0,88,52
8251720.0,97,58
8251740.0,90,52
8251763.0,94,58
8251775.0,96,50
8251779.0,86,61
8251812.0,88,53
8251861.0,85,58
8251863.0,93,51
8251891.0,90,58
8251929.0,97,57
8251962.0,92,51
8251968.0,89,66
8251988.0,90,80
8252012.0,98,53
8252021.0,91,52
8252092.0,96,57
8252109.0,90,54
8252125.0,98,52
8252137.0,99,55
8252197.0,93,53
8252201.0,95,55
8252207.0,96,66
8252234.0,88,51
8252274.0,88,53
8252275.0,86,57
8252313.0,83,57
8252357.0,93,52
8252448.0,90,55
8252450.0,88,59
8252454.0,90,56
8252462.0,86,60
8252482.0,97,52
8252508.0,91,70
8252539.0,90,50
8252545.0,96,66
8252582.0,88,53
8252584.0,88,62
8252598.0,84,58
8252601.0,93,54
8252606.0,94,52
8252618.0,96,51
8252621.0,93,50
8252647.0,94,51
8252764.0,88,52
8252809.0,88,50
8252828.0,98,54
8252850.0,90,56
8252860.0,91,51
8252893.0,95,57
8252920.0,96,50
8252922.0,97,57
8252925.0,90,52
8252933.0,96,67
8252935.0,97,58
8252958.0,93,50
8252959.0,90,65
8252966.0,93,51
8252967.0,90,75
8252993.0,99,75
8253048.0,85,57
8253112.0,88,63
8253133.0,91,59
8253137.0,96,51
8253140.0,96,69
8253142.0,93,51
8253150.0,88,77
8253161.0,90,53
8253173.0,91,49
8253232.0,94,50
8253239.0,88,51
8253246.0,99,55
8253263.0,98,53
8253268.0,92,74
8253286.0,91,50
8253346.0,90,50
8253347.0,96,50
8253350.0,87,61
8253351.0,86,59
8253362.0,96,70
8253370.0,85,60
8253389.0,96,58
8253447.0,84,58
8253581.0,90,56
8253634.0,93,55
8253678.0,93,50
8253698.0,83,57
8253707.0,97,58
8253760.0,94,51
8253762.0,89,64
8253826.0,84,57
8253852.0,87,59
8253857.0,94,50
8253875.0,88,50
8253888.0,93,50
8253895.0,93,49
8253902.0,86,58
8253953.0,85,57
8253977.0,99,55
8254047.0,87,62
8254064.0,89,50
8254076.0,96,54
8254083.0,89,59
8254124.0,84,59
8254165.0,89,63
8254180.0,99,57
8254183.0,90,56
8254218.0,91,49
8254229.0,95,56
8254241.0,97,56
8254269.0,86,62
8254283.0,91,50
8254303.0,83,57
8254305.0,97,58
8254307.0,93,54
8254307.0,96,65
8254312.0,90,83
8254314.0,96,51
8254385.0,94,50
8254542.0,88,56
8254588.0,87,64
8254601.0,88,50
8254671.0,92,75
8254685.0,88,82
8254692.0,93,50
8254697.0,96,53
8254743.0,93,76
8254753.0,85,59
8254775.0,95,56
8254820.0,99,57
8254833.0,91,64
8254876.0,90,50
8254881.0,97,58
8254934.0,95,50
8254995.0,96,50
8255017.0,89,83
8255067.0,93,76
8255082.0,93,50
8255103.0,85,58
8255111.0,96,59
8255160.0,85,57
8255201.0,95,50
8255219.0,95,54
8255228.0,91,49
8255269.0,86,58
8255270.0,88,50
8255288.0,97,55
8255332.0,83,58
8255378.0,89,60
8255390.0,94,57
8255395.0,87,55
8255396.0,84,58
8255408.0,94,50
8255508.0,85,57
8255525.0,90,50
8255527.0,99,57
8255607.0,95,55
8255635.0,89,86
8255647.0,96,52
8255648.0,95,53
8255694.0,90,51
8255782.0,92,65
8255788.0,92,54
8255805.0,97,58
8255833.0,97,52
8255834.0,85,61
8255860.0,87,54
8255877.0,91,69
8255933.0,89,83
8255945.0,84,59
8256031.0,93,53
8256036.0,93,76
8256046.0,95,53
8256119.0,91,52
8256141.0,89,62
8256151.0,96,58
8256157.0,97,58
8256172.0,89,82
8256194.0,89,68
8256202.0,96,60
8256226.0,86,61
8256251.0,96,64
8256257.0,90,53
8256312.0,84,57
8256315.0,98,52
8256325.0,89,57
8256354.0,86,63
8256384.0,95,50
8256410.0,100,55
8256431.0,87,55
8256450.0,87,56
8256464.0,83,58
8256488.0,90,64
8256516.0,96,56
8256521.0,95,52
8256576.0,87,53
8256580.0,100,57
8256601.0,90,52
8256606.0,90,54
8256622.0,87,57
8256628.0,95,55
8256629.0,90,60
8256636.0,94,57
8256645.0,97,55
8256646.0,86,60
8256674.0,85,59
8256684.0,92,55
8256709.0,96,59
8256719.0,87,51
8256784.0,87,54
8256792.0,96,52
8256820.0,87,60
8256891.0,92,56
8256892.0,97,52
8256934.0,87,52
8256948.0,95,51
8256976.0,97,54
8256980.0,98,52
8257014.0,87,59
8257016.0,95,53
8257026.0,88,59
8257032.0,85,57
8257033.0,93,49
8257056.0,92,51
8257058.0,91,55
8257059.0,88,52
8257090.0,90,51
8257106.0,87,58
8257118.0,84,57
8257134.0,96,57
8257160.0,89,83
8257168.0,100,55
8257199.0,89,50
8257208.0,93,51
8257210.0,92,49
8257214.0,84,58
8257220.0,92,50
8257221.0,93,50
8257248.0,88,50
8257265.0,96,58
8257273.0,93,52
8257309.0,91,49
8257327.0,88,54
8257335.0,91,60
8257341.0,93,49
8257375.0,98,52
8257384.0,93,54
8257387.0,93,53
8257389.0,90,52
8257424.0,89,82
8257454.0,84,60
8257459.0,85,57
8257471.0,95,50
8257480.0,87,53
8257515.0,88,63
8257519.0,91,65
8257526.0,89,52
8257547.0,92,56
8257556.0,85,60
8257570.0,93,58
8257608.0,91,60
8257614.0,95,53
8257667.0,87,62
8257668.0,86,59
8257671.0,87,56
8257689.0,97,53
8257713.0,96,61
8257720.0,87,52
8257737.0,93,50
8257742.0,87,51
8257805.0,90,50
8257864.0,90,49
8257869.0,92,53
8257878.0,92,54
8257953.0,87,50
8257982.0,87,57
8257991.0,89,83
8258005.0,100,55
8258038.0,95,50
8258055.0,93,49
8258065.0,94,55
8258068.0,96,60
8258092.0,93,50
8258124.0,95,54
8258132.0,92,52
8258142.0,97,52
8258148.0,83,57
8258169.0,94,56
8258173.0,89,65
8258186.0,90,51
8258215.0,96,63
8258224.0,91,60
8258247.0,98,52
8258260.0,87,51
8258274.0,92,49
8258280.0,46,125
8258310.0,89,50
8258317.0,89,54
8258331.0,94,55
8258344.0,84,57
8258353.0,83,58
8258366.0,93,49
8258383.0,87,58
8258392.0,92,50
8258498.0,95,50
8258563.0,98,72
8258580.0,90,50
8258593.0,88,65
8258595.0,93,51
8258602.0,87,59
8258620.0,96,59
8258623.0,89,53
8258628.0,92,54
8258632.0,84,59
8258636.0,84,57
8258644.0,90,55
8258697.0,93,50
8258707.0,96,62
8258739.0,97,56
8258743.0,95,50
8258805.0,85,58
8258811.0,89,50
8258812.0,89,55
8258895.0,94,53
8258975.0,87,57
8259001.0,86,59
8259003.0,85,57
8259042.0,90,49
8259061.0,94,55
8259079.0,89,55
8259091.0,96,57
8259139.0,83,57
8259140.0,94,57
8259140.0,89,53
8259151.0,95,58
8259152.0,91,53
8259168.0,97,54
8259170.0,86,61
8259197.0,97,55
8259219.0,85,61
8259235.0,98,52
8259314.0,89,83
8259317.0,85,57
8259318.0,92,55
8259353.0,95,53
8259356.0,86,63
8259371.0,87,50
8259439.0,83,58
8259439.0,88,50
8259481.0,97,53
8259485.0,94,50
8259535.0,54,67
8259556.0,94,55
8259570.0,89,51
8259594.0,97,55
8259638.0,93,49
8259681.0,89,56
8259707.0,94,56
8259734.0,84,60
8259758.0,84,80
8259813.0,89,53
8259839.0,98,56
8259848.0,85,62
8259878.0,95,52
8259900.0,85,59
8259907.0,85,58
8259913.0,90,49
8259937.0,95,56
8259986.0,95,54
8260022.0,97,53
8260085.0,83,59
8260127.0,84,59
8260135.0,89,56
8260162.0,89,50
8260178.0,87,62
8260185.0,98,56
8260188.0,94,50
8260202.0,98,59
8260241.0,89,53
8260302.0,88,50
8260319.0,93,49
8260358.0,89,55
8260370.0,54,67
8260398.0,96,60
8260462.0,92,55
8260481.0,86,62
8260533.0,96,63
8260537.0,98,52
8260539.0,96,61
8260543.0,87,58
8260603.0,55,67
8260612.0,87,63
8260616.0,96,56
8260638.0,94,53
8260642.0,87,50
8260643.0,89,56
8260647.0,91,49
8260656.0,94,54
8260660.0,91,68
8260665.0,92,54
8260665.0,88,58
8260666.0,95,52
8260681.0,90,52
8260697.0,88,63
8260720.0,54,67
8260742.0,89,64
8260772.0,92,53
8260849.0,97,61
8260856.0,96,61
8260905.0,96,55
8260938.0,94,56
8260964.0,82,58
8260975.0,97,59
8260979.0,90,57
8261017.0,89,54
8261035.0,85,60
8261049.0,95,57
8261064.0,93,50
8261109.0,88,64
8261111.0,92,50
8261197.0,97,61
8261229.0,83,59
8261234.0,88,54
8261236.0,94,52
8261245.0,93,49
8261294.0,98,52
8261306.0,90,49
8261351.0,98,59
8261365.0,94,50
8261392.0,86,53
8261405.0,89,55
8261405.0,92,52
8261411.0,90,65
8261420.0,78,121
8261452.0,94,51
8261458.0,96,52
8261465.0,95,53
8261474.0,91,49
8261479.0,92,51
8261482.0,89,56
8261500.0,88,50
8261502.0,85,58
8261509.0,97,59
8261584.0,91,50
8261633.0,86,56
8261645.0,77,121
8261663.0,91,57
8261666.0,89,51
8261686.0,89,53
8261693.0,92,50
8261697.0,67,59
8261714.0,94,50
8261737.0,86,54
8261770.0,91,54
8261866.0,93,49
8261890.0,92,53
8261935.0,86,51
8261958.0,78,121
8261962.0,98,52
8261973.0,89,50
8261999.0,93,57
8262051.0,91,52
8262060.0,91,51
8262071.0,84,59
8262130.0,88,53
8262207.0,84,58
8262229.0,94,55
8262231.0,82,58
8262245.0,96,55
8262272.0,91,53
8262297.0,86,52
8262332.0,88,51
8262345.0,89,52
8262352.0,89,63
8262358.0,92,50
8262378.0,55,67
8262399.0,92,52
8262435.0,84,61
8262446.0,86,60
8262449.0,89,51
8262459.0,96,52
8262497.0,89,49
8262572.0,86,56
8262580.0,96,53
8262605.0,87,50
8262630.0,86,51
8262646.0,88,51
8262656.0,91,56
8262678.0,87,51
8262725.0,96,54
8262738.0,85,61
8262762.0,98,78
8262764.0,86,55
8262793.0,87,65
8262847.0,86,53
8262876.0,88,52
8262889.0,96,53
8262891.0,97,67
8262917.0,83,59
8262927.0,86,54
8262948.0,89,50
8262972.0,93,49
8262978.0,77,121
8262999.0,94,54
8263059.0,84,57
8263088.0,96,62
8263097.0,91,49
8263112.0,86,57
8263169.0,84,58
8263175.0,85,86
8263197.0,84,74
8263267.0,78,121
8263292.0,91,50
8263319.0,89,49
8263321.0,85,62
8263323.0,63,116
8263331.0,91,54
8263332.0,91,58
8263351.0,86,51
8263370.0,86,60
8263406.0,86,64
8263424.0,93,49
8263436.0,85,60
8263446.0,94,50
8263449.0,91,55
8263475.0,93,50
8263481.0,88,53
8263484.0,84,58
8263515.0,77,106
8263520.0,83,59
8263537.0,96,53
8263544.0,77,121
8263559.0,91,53
8263563.0,93,56
8263576.0,91,49
8263594.0,85,59
8263607.0,86,62
8263638.0,88,54
8263674.0,62,63
8263736.0,78,121
8263747.0,91,55
8263782.0,83,57
8263790.0,88,51
8263799.0,87,60
8263815.0,87,50
8263862.0,91,54
8263867.0,82,59
8263889.0,90,49
8263894.0,96,63
8263939.0,93,49
8263953.0,91,52
8263975.0,88,55
8263982.0,77,107
8263990.0,94,53
8263999.0,94,51
8264001.0,93,55
8264009.0,86,73
8264015.0,96,53
8264045.0,85,59
8264046.0,92,50
8264083.0,83,60
8264087.0,97,51
8264135.0,89,55
8264139.0,93,57
8264197.0,87,50
8264205.0,94,52
8264215.0,89,49
8264219.0,85,63
8264250.0,88,51
8264290.0,86,56
8264370.0,84,58
8264434.0,96,58
8264439.0,86,57
8264442.0,96,52
8264459.0,91,56
8264492.0,94,59
8264523.0,93,50
8264547.0,98,77
8264593.0,83,58
8264603.0,84,58
8264614.0,85,59
8264649.0,87,61
8264658.0,95,58
8264678.0,93,49
8264707.0,96,67
8264711.0,87,59
8264749.0,88,59
8264758.0,91,49
8264759.0,90,56
8264781.0,89,49
8264816.0,93,50
8264821.0,97,51
8264837.0,85,61
8264854.0,91,53
8264878.0,93,51
8264896.0,82,59
8264913.0,93,56
8264924.0,94,53
8264930.0,94,52
8264949.0,93,53
8264987.0,87,50
8264992.0,84,59
8264996.0,77,121
8265000.0,94,54
8265011.0,90,49
8265059.0,87,64
8265171.0,96,53
8265173.0,95,57
8265212.0,95,59
8265224.0,91,50
8265236.0,88,51
8265253.0,97,51
8265290.0,87,50
8265336.0,86,63
8265352.0,83,59
8265359.0,89,56
8265365.0,97,57
8265377.0,86,58
8265382.0,99,77
8265400.0,93,50
8265401.0,84,58
8265404.0,95,57
8265426.0,88,63
8265430.0,88,56
8265447.0,84,60
8265458.0,90,50
8265461.0,91,55
8265465.0,91,49
8265490.0,91,51
8265523.0,96,56
8265534.0,92,58
8265553.0,86,59
8265555.0,86,51
8265572.0,88,51
8265622.0,93,52
8265625.0,82,58
8265649.0,97,53
8265657.0,91,52
8265710.0,83,58
8265742.0,93,54
8265751.0,84,58
8265792.0,92,85
8265798.0,97,51
8265808.0,88,50
8265835.0,93,50
8265842.0,82,59
8265842.0,89,57
8265861.0,91,56
8265864.0,91,54
8265865.0,87,51
8265875.0,96,56
8265888.0,91,53
8265891.0,93,56
8265904.0,85,52
8265916.0,89,56
8265932.0,89,65
8265959.0,93,49
8265995.0,95,57
8266034.0,93,52
8266073.0,90,51
8266119.0,93,51
8266144.0,88,62
8266169.0,91,49
8266198.0,84,79
8266200.0,93,57
8266210.0,93,49
8266215.0,95,57
8266251.0,85,51
8266269.0,87,63
8266284.0,89,56
8266290.0,88,66
8266291.0,91,50
8266306.0,89,66
8266317.0,88,53
8266357.0,88,49
8266396.0,93,50
8266403.0,92,51
8266424.0,91,49
8266434.0,88,50
8266439.0,88,52
8266454.0,87,53
8266465.0,95,55
8266531.0,93,51
8266543.0,91,52
8266547.0,90,50
8266551.0,83,59
8266575.0,95,70
8266633.0,95,56
8266662.0,88,51
8266671.0,95,52
8266766.0,90,52
8266803.0,85,52
8266806.0,90,49
8266839.0,86,59
8266853.0,93,52
8266873.0,85,63
8266885.0,93,50
8266890.0,89,49
8266900.0,88,64
8266936.0,88,50
8266951.0,87,56
8266952.0,83,60
8266976.0,87,51
8266998.0,95,56
8267016.0,93,49
8267022.0,90,64
8267038.0,84,62
8267065.0,89,52
8267080.0,85,53
8267091.0,92,86
8267099.0,91,50
8267139.0,95,60
8267140.0,85,51
8267148.0,87,52
8267156.0,88,57
8267160.0,93,56
8267208.0,93,52
8267209.0,96,57
8267216.0,90,49
8267217.0,85,54
8267223.0,93,51
8267247.0,89,50
8267296.0,87,51
8267298.0,90,53
8267300.0,95,54
8267306.0,76,101
8267343.0,93,50
8267363.0,82,59
8267388.0,88,55
8267421.0,90,54
8267482.0,93,49
8267484.0,85,52
8267514.0,92,50
8267540.0,95,57
8267565.0,88,49
8267571.0,93,55
8267615.0,77,101
8267652.0,93,51
8267658.0,95,55
8267687.0,85,55
8267689.0,95,53
8267744.0,91,85
8267747.0,84,60
8267762.0,87,63
8267775.0,87,53
8267788.0,85,51
8267808.0,90,51
8267816.0,84,59
8267831.0,84,61
8267846.0,95,52
8267856.0,94,58
8267857.0,91,51
8267881.0,89,49
8268121.0,95,59
8268134.0,76,101
8268142.0,87,51
8268161.0,85,60
8268182.0,95,52
8268227.0,77,101
8268254.0,87,58
8268274.0,86,63
8268295.0,91,55
8268302.0,85,56
8268307.0,83,60
8268334.0,93,51
8268340.0,90,52
8268350.0,85,59
8268356.0,87,51
8268399.0,85,54
8268407.0,85,51
8268427.0,93,54
8268451.0,87,54
8268451.0,95,58
8268454.0,88,52
8268482.0,91,59
8268518.0,90,51
8268525.0,93,50
8268536.0,90,57
8268542.0,86,59
8268600.0,91,57
8268612.0,90,66
8268629.0,91,85
8268631.0,83,61
8268655.0,90,55
8268661.0,89,55
8268678.0,87,52
8268700.0,93,52
8268742.0,88,56
8268743.0,93,49
8268756.0,82,59
8268771.0,99,85
8268775.0,93,51
8268794.0,85,61
8268852.0,92,66
8268872.0,84,59
8268913.0,89,49
8268925.0,93,49
8268946.0,92,51
8268949.0,92,50
8268965.0,95,52
8268972.0,77,101
8268978.0,87,52
8269021.0,85,57
8269068.0,92,56
8269095.0,92,55
8269096.0,91,56
8269096.0,95,60
8269112.0,92,65
8269114.0,93,50
8269139.0,85,62
8269158.0,93,56
8269240.0,90,50
8269264.0,93,53
8269277.0,95,54
8269281.0,82,60
8269302.0,83,58
8269302.0,99,85
8269315.0,87,55
8269352.0,95,52
8269364.0,92,50
8269378.0,86,60
8269404.0,85,60
8269418.0,85,56
8269454.0,93,52
8269470.0,95,56
8269474.0,93,50
8269499.0,89,50
8269564.0,86,61
8269568.0,84,62
8269575.0,87,55
8269596.0,89,84
8269605.0,93,54
8269622.0,89,54
8269628.0,90,55
8269637.0,85,59
8269704.0,93,55
8269711.0,84,58
8269719.0,85,60
8269727.0,95,53
8269732.0,92,52
8269754.0,96,55
8269766.0,86,64
8269792.0,86,51
8269798.0,95,61
8269863.0,90,56
8269880.0,90,50
8269979.0,87,50
8270039.0,86,52
8270060.0,90,52
8270089.0,92,57
8270093.0,92,53
8270121.0,82,60
8270137.0,90,54
8270146.0,90,53
8270171.0,90,51
8270210.0,89,51
8270211.0,90,49
8270215.0,85,84
8270227.0,87,51
8270281.0,88,50
8270330.0,87,55
8270360.0,93,52
8270371.0,95,55
8270376.0,92,50
8270430.0,90,50
8270471.0,93,53
8270478.0,85,84
8270481.0,83,60
8270494.0,88,83
8270515.0,85,58
8270520.0,89,67
8270526.0,92,55
8270536.0,86,63
8270558.0,91,65
8270568.0,92,54
8270592.0,87,50
8270622.0,92,51
8270625.0,87,55
8270643.0,92,50
8270690.0,94,53
8270745.0,90,56
8270759.0,87,53
8270764.0,92,56
8270767.0,85,57
8270779.0,85,60
8270784.0,90,53
8270800.0,84,59
8270801.0,89,52
8270865.0,89,50
8270874.0,87,50
8270906.0,86,51
8270913.0,87,51
8270939.0,89,64
8270940.0,87,56
8270972.0,91,50
8270981.0,85,63
8270986.0,87,52
8271009.0,86,54
8271027.0,90,52
8271044.0,83,59
8271073.0,86,52
8271093.0,91,64
8271103.0,92,51
8271113.0,87,60
8271117.0,89,56
8271146.0,82,60
8271208.0,90,49
8271228.0,89,50
8271254.0,84,61
8271309.0,91,51
8271351.0,85,60
8271417.0,88,49
8271440.0,84,53
8271508.0,84,52
8271534.0,90,54
8271536.0,94,52
8271545.0,90,50
8271563.0,85,58
8271580.0,89,68
8271581.0,93,54
8271595.0,85,63
8271616.0,89,51
8271628.0,92,51
8271669.0,94,57
8271680.0,85,52
8271733.0,88,63
8271759.0,85,51
8271789.0,86,57
8271808.0,91,53
8271809.0,87,54
8271819.0,87,63
8271848.0,85,64
8271864.0,85,63
8271939.0,90,55
8271950.0,87,50
8271954.0,87,53
8271966.0,92,51
8271998.0,93,51
8272000.0,96,62
8272013.0,94,56
8272026.0,89,52
8272037.0,94,53
8272043.0,87,52
8272053.0,90,56
8272088.0,83,59
8272106.0,91,50
8272137.0,87,55
8272141.0,93,52
8272214.0,89,53
8272224.0,84,52
8272231.0,89,50
8272260.0,89,52
8272278.0,82,59
8272398.0,96,62
8272400.0,84,54
8272477.0,86,65
8272490.0,88,53
8272500.0,80,69
8272503.0,83,60
8272506.0,88,64
8272509.0,82,60
8272574.0,83,61
8272578.0,94,52
8272592.0,92,51
8272611.0,86,58
8272669.0,89,65
8272680.0,91,51
8272719.0,90,51
8272787.0,89,51
8272788.0,86,61
8272789.0,86,54
8272814.0,87,58
8272882.0,92,51
8272902.0,94,55
8272936.0,94,54
8272967.0,92,67
8273002.0,89,54
8273041.0,87,61
8273064.0,85,61
8273065.0,69,55
8273085.0,86,53
8273126.0,89,57
8273134.0,84,55
8273143.0,94,57
8273188.0,89,50
8273191.0,84,56
8273233.0,84,57
8273335.0,82,59
8273410.0,92,55
8273411.0,86,56
8273477.0,94,58
8273608.0,75,89
8273608.0,84,60
8273610.0,92,52
8273617.0,83,59
8273635.0,85,58
8273664.0,85,62
8273672.0,95,52
8273679.0,85,51
8273685.0,83,62
8273716.0,88,50
8273742.0,86,60
8273742.0,94,53
8273776.0,89,51
8273782.0,89,55
8273794.0,89,54
8273843.0,87,57
8273863.0,91,50
8273868.0,91,52
8273871.0,85,53
8273874.0,84,61
8273911.0,85,59
8273911.0,91,51
8273923.0,94,56
8273945.0,86,63
8273984.0,86,59
8274012.0,85,51
8274016.0,86,50
8274017.0,88,59
8274023.0,92,53
8274023.0,84,52
8274026.0,83,61
8274102.0,89,50
8274115.0,86,54
8274117.0,92,56
8274124.0,94,53
8274132.0,95,52
8274138.0,84,62
8274139.0,87,50
8274141.0,84,55
8274147.0,95,61
8274156.0,92,55
8274178.0,91,51
8274229.0,81,60
8274243.0,92,54
8274286.0,84,63
8274318.0,87,64
8274323.0,91,53
8274343.0,91,52
8274351.0,82,60
8274371.0,90,57
8274394.0,94,54
8274400.0,94,55
8274443.0,82,61
8274446.0,89,52
8274498.0,88,55
8274546.0,90,50
8274549.0,90,64
8274574.0,86,54
8274595.0,86,51
8274631.0,86,50
8274678.0,95,61
8274698.0,82,59
8274720.0,84,56
8274764.0,88,51
8274769.0,89,50
8274785.0,95,60
8274838.0,89,53
8274843.0,92,52
8274889.0,95,62
8274900.0,91,54
8274917.0,89,56
8274929.0,95,63
8274935.0,94,59
8274937.0,88,50
8274944.0,91,52
8274945.0,86,55
8274975.0,88,65
8274975.0,89,51
8275028.0,85,52
8275055.0,88,56
8275078.0,90,65
8275094.0,94,52
8275096.0,85,51
8275104.0,84,60
8275118.0,88,54
8275130.0,91,56
8275153.0,84,57
8275161.0,91,55
8275166.0,97,70
8275204.0,84,53
8275216.0,93,53
8275218.0,88,52
8275221.0,85,61
8275249.0,86,50
8275276.0,90,52
8275279.0,91,53
8275312.0,85,84
8275316.0,93,51
8275321.0,82,59
8275332.0,92,54
8275346.0,88,60
8275369.0,92,53
8275370.0,89,52
8275386.0,89,60
8275403.0,91,52
8275445.0,86,52
8275452.0,94,52
8275461.0,88,50
8275522.0,85,51
8275536.0,93,51
8275574.0,90,50
8275576.0,89,50
8275582.0,85,59
8275593.0,86,56
8275615.0,86,53
8275644.0,87,60
8275792.0,86,51
8275853.0,83,53
8275927.0,85,63
8275928.0,92,51
8275998.0,82,59
8276007.0,82,61
8276023.0,90,53
8276032.0,85,52
8276036.0,85,60
8276048.0,98,73
8276051.0,89,53
8276058.0,89,54
8276097.0,87,65
8276111.0,94,58
8276116.0,87,51
8276127.0,93,52
8276162.0,95,64
8276178.0,87,57
8276247.0,87,59
8276260.0,85,84
8276275.0,94,53
8276305.0,86,50
8276310.0,91,54
8276323.0,93,59
8276340.0,84,58
8276351.0,86,64
8276373.0,81,60
8276386.0,95,64
8276395.0,83,52
8276403.0,86,54
8276432.0,91,56
8276450.0,85,61
8276461.0,83,61
8276477.0,85,53
8276478.0,86,85
8276507.0,88,53
8276604.0,83,54
8276606.0,88,61
8276614.0,86,53
8276640.0,92,54
8276665.0,90,56
8276733.0,91,56
8276752.0,88,52
8276797.0,85,61
8276800.0,89,51
8276803.0,95,62
8276819.0,91,55
8276821.0,89,61
8276846.0,86,85
8276951.0,92,52
8277012.0,85,55
8277047.0,86,55
8277064.0,90,51
8277076.0,95,61
8277077.0,94,59
8277092.0,90,59
8277093.0,83,53
8277094.0,92,55
8277099.0,89,55
8277127.0,91,55
8277137.0,83,55
8277152.0,86,58
8277160.0,83,62
8277174.0,82,60
8277192.0,82,61
8277237.0,93,52
8277259.0,85,57
8277268.0,89,61
8277290.0,91,54
8277303.0,69,51
8277306.0,95,61
8277324.0,86,56
8277333.0,91,56
8277398.0,88,52
8277418.0,87,50
8277458.0,83,52
8277461.0,84,60
8277472.0,89,50
8277480.0,84,53
8277529.0,83,53
8277539.0,86,54
8277555.0,87,61
8277563.0,87,56
8277575.0,84,52
8277626.0,89,56
8277626.0,85,61
8277663.0,81,61
8277681.0,88,51
8277700.0,85,54
8277705.0,93,53
8277738.0,88,54
8277759.0,91,57
8277802.0,87,66
8277865.0,84,63
8277918.0,83,60
8277952.0,84,58
8277988.0,83,53
8278011.0,86,55
8278024.0,83,54
8278029.0,69,51
8278065.0,90,50
8278067.0,90,52
8278072.0,85,54
8278086.0,85,64
8278116.0,85,61
8278193.0,86,62
8278232.0,91,55
8278252.0,85,53
8278258.0,91,52
8278282.0,87,50
8278318.0,91,56
8278345.0,89,66
8278372.0,93,56
8278405.0,87,51
8278408.0,86,75
8278440.0,83,53
8278459.0,96,64
8278460.0,84,60
8278501.0,88,52
8278507.0,82,61
8278511.0,89,51
8278519.0,95,63
8278530.0,93,54
8278535.0,85,53
8278536.0,92,56
8278537.0,89,50
8278589.0,84,52
8278594.0,90,63
8278597.0,91,58
8278604.0,88,50
8278615.0,91,53
8278647.0,85,63
8278652.0,83,55
8278657.0,90,53
8278681.0,85,51
8278687.0,90,50
8278696.0,91,55
8278697.0,86,56
8278725.0,84,54
8278732.0,88,64
8278739.0,83,53
8278746.0,88,56
8278774.0,87,64
8278838.0,93,55
8278849.0,88,57
8278897.0,87,50
8278958.0,88,55
8278974.0,84,52
8279002.0,89,52
8279039.0,86,57
8279043.0,93,60
8279045.0,98,73
8279053.0,93,57
8279061.0,83,60
8279069.0,86,60
8279122.0,85,60
8279153.0,87,58
8279186.0,84,58
8279210.0,87,53
8279237.0,90,51
8279244.0,82,80
8279270.0,85,58
8279310.0,86,51
8279392.0,83,56
8279402.0,86,50
8279407.0,87,59
8279410.0,91,52
8279415.0,92,51
8279462.0,86,52
8279462.0,94,59
8279463.0,84,59
8279476.0,85,54
8279481.0,85,52
8279504.0,81,80
8279511.0,85,55
8279529.0,86,65
8279541.0,91,54
8279557.0,93,53
8279560.0,87,51
8279568.0,91,53
8279571.0,87,52
8279649.0,85,51
8279655.0,88,53
8279685.0,83,80
8279710.0,87,50
8279735.0,84,52
8279755.0,89,53
8279762.0,95,85
8279798.0,91,56
8279823.0,93,54
8279834.0,71,76
8279849.0,88,54
8279850.0,82,60
8279857.0,90,53
8279928.0,83,57
8279946.0,85,50
8279974.0,70,76
8280005.0,90,54
8280007.0,83,61
8280014.0,81,61
8280020.0,87,51
8280024.0,93,54
8280042.0,93,53
8280110.0,87,54
8280110.0,94,60
8280116.0,87,50
8280134.0,83,60
8280154.0,94,57
8280155.0,91,55
8280165.0,92,57
8280175.0,89,51
8280195.0,90,50
8280254.0,84,61
8280267.0,83,52
8280280.0,85,52
8280315.0,94,59
8280331.0,82,53
8280344.0,92,53
8280363.0,95,85
8280374.0,82,61
8280400.0,85,54
8280470.0,84,54
8280471.0,93,55
8280484.0,90,53
8280496.0,91,54
8280522.0,85,53
8280536.0,81,60
8280548.0,82,60
8280571.0,93,56
8280589.0,84,53
8280590.0,88,60
8280617.0,88,51
8280620.0,90,52
8280623.0,86,64
8280668.0,90,55
8280688.0,93,57
8280725.0,83,53
8280727.0,84,55
8280754.0,86,50
8280801.0,82,54
8280860.0,87,53
8280952.0,87,50
8280960.0,84,75
8280978.0,91,57
8281007.0,93,55
8281015.0,87,55
8281027.0,94,59
8281055.0,90,50
8281088.0,93,53
8281151.0,89,51
8281155.0,91,55
8281169.0,85,55
8281234.0,81,61
8281242.0,86,50
8281258.0,84,59
8281286.0,87,61
8281291.0,84,62
8281295.0,83,63
8281322.0,87,51
8281370.0,85,61
8281383.0,92,52
8281396.0,82,53
8281434.0,94,60
8281442.0,85,51
8281473.0,87,56
8281491.0,89,52
8281503.0,91,53
8281507.0,93,53
8281514.0,91,56
8281523.0,82,60
8281561.0,93,55
8281592.0,94,59
8281597.0,84,61
8281683.0,85,54
8281687.0,94,85
8281751.0,87,50
8281763.0,83,62
8281781.0,86,50
8281805.0,85,65
8281823.0,85,56
8281830.0,82,54
8281849.0,87,53
8281855.0,84,54
8281943.0,85,55
8281994.0,93,58
8282038.0,88,50
8282059.0,86,51
8282070.0,95,85
8282112.0,83,58
8282118.0,84,53
8282123.0,85,62
8282140.0,92,53
8282150.0,84,51
8282252.0,90,52
8282292.0,93,55
8282299.0,88,52
8282319.0,88,57
8282347.0,87,51
8282415.0,85,60
8282462.0,86,57
8282501.0,90,56
8282508.0,88,50
8282511.0,90,55
8282525.0,92,89
8282534.0,95,63
8282535.0,87,52
8282550.0,82,61
8282577.0,91,52
8282586.0,92,52
8282635.0,82,60
8282710.0,86,56
8282734.0,87,54
8282778.0,82,53
8282793.0,81,61
8282797.0,83,54
8282799.0,87,53
8282817.0,86,50
8282828.0,89,54
8282842.0,85,64
8282875.0,91,54
8282899.0,89,52
8282956.0,84,64
8282976.0,82,55
8282983.0,89,53
8282990.0,87,53
8283012.0,96,64
8283041.0,90,52
8283050.0,84,52
8283088.0,85,61
8283131.0,95,63
8283153.0,92,52
8283176.0,83,52
8283187.0,86,53
8283209.0,82,62
8283234.0,95,64
8283241.0,92,53
8283251.0,86,64
8283254.0,86,58
8283304.0,85,50
8283315.0,96,64
8283382.0,84,51
8283410.0,83,58
8283434.0,84,54
8283471.0,56,76
8283504.0,89,52
8283576.0,87,57
8283583.0,77,87
8283648.0,86,52
8283662.0,85,57
8283696.0,83,53
8283701.0,82,54
8283708.0,85,55
8283715.0,89,55
8283723.0,86,50
8283738.0,86,51
8283741.0,85,50
8283757.0,87,65
8283765.0,84,56
8283765.0,90,57
8283777.0,85,59
8283785.0,92,54
8283786.0,95,62
8283803.0,95,64
8283822.0,87,55
8283841.0,90,52
8283849.0,85,51
8283924.0,91,57
8283961.0,84,55
8283987.0,92,52
8283988.0,88,54
8283997.0,88,51
8284004.0,85,56
8284046.0,98,73
8284049.0,91,66
8284065.0,90,53
8284073.0,89,56
8284087.0,89,52
8284134.0,85,58
8284173.0,90,58
8284283.0,89,53
8284311.0,86,50
8284339.0,83,62
8284398.0,86,66
8284404.0,84,52
8284415.0,83,56
8284434.0,88,56
8284437.0,86,51
8284468.0,87,53
8284476.0,89,52
8284482.0,95,65
8284510.0,84,51
8284510.0,84,63
8284584.0,87,64
8284588.0,92,52
8284617.0,88,53
8284687.0,84,60
8284713.0,89,60
8284721.0,84,61
8284739.0,83,53
8284793.0,89,54
8284802.0,89,61
8284808.0,90,55
8284809.0,85,50
8284818.0,87,54
8284855.0,56,76
8284894.0,83,55
8284904.0,92,55
8284931.0,89,55
8284945.0,84,53
8284965.0,90,53
8285017.0,86,52
8285024.0,83,61
8285025.0,86,50
8285031.0,90,57
8285049.0,92,54
8285075.0,85,52
8285123.0,82,56
8285129.0,86,53
8285168.0,83,59
8285181.0,82,54
8285192.0,89,50
8285194.0,87,51
8285198.0,94,60
8285257.0,95,60
8285264.0,85,50
8285276.0,86,58
8285277.0,86,51
8285281.0,88,64
8285360.0,85,51
8285407.0,93,52
8285445.0,85,53
8285449.0,90,54
8285457.0,86,54
8285461.0,86,52
8285496.0,85,57
8285525.0,90,57
8285529.0,97,75
8285533.0,91,52
8285559.0,88,52
8285568.0,88,56
8285574.0,92,54
8285587.0,81,54
8285601.0,88,51
8285608.0,92,56
8285619.0,82,53
8285651.0,85,54
8285665.0,94,60
8285679.0,90,55
8285708.0,80,82
8285738.0,82,62
8285740.0,89,54
8285753.0,84,63
8285812.0,94,61
8285843.0,93,52
8285850.0,87,52
8285912.0,82,57
8285925.0,90,52
8285947.0,87,55
8285974.0,93,59
8286013.0,84,56
8286061.0,91,56
8286070.0,81,76
8286130.0,86,51
8286187.0,88,51
8286197.0,93,60
8286203.0,84,58
8286210.0,90,56
8286224.0,88,65
8286232.0,80,77
8286294.0,85,51
8286302.0,77,75
8286308.0,89,55
8286327.0,87,57
8286335.0,88,57
8286336.0,89,65
8286347.0,90,55
8286351.0,84,53
8286412.0,93,56
8286483.0,84,54
8286506.0,92,55
8286535.0,87,51
8286558.0,91,52
8286583.0,81,62
8286625.0,81,54
8286626.0,86,53
8286631.0,91,54
8286671.0,83,55
8286715.0,85,57
8286718.0,90,54
8286739.0,86,52
8286776.0,81,77
8286786.0,83,54
8286796.0,82,54
8286820.0,89,55
8286828.0,84,51
8286883.0,88,51
8286886.0,88,58
8286891.0,83,62
8286892.0,83,61
8286909.0,82,53
8286918.0,83,59
8286932.0,88,67
8286956.0,88,52
8286968.0,85,64
8287005.0,92,56
8287030.0,88,53
8287032.0,87,52
8287042.0,92,57
8287054.0,84,56
8287113.0,90,75
8287161.0,91,55
8287163.0,86,53
8287203.0,90,56
8287217.0,93,59
8287327.0,83,52
8287329.0,92,54
8287335.0,88,54
8287344.0,89,52
8287372.0,92,59
8287383.0,81,54
8287483.0,88,52
8287485.0,84,62
8287490.0,95,63
8287500.0,89,68
8287521.0,93,53
8287545.0,87,51
8287548.0,82,61
8287573.0,89,55
8287667.0,89,56
8287673.0,86,54
8287675.0,86,56
8287675.0,86,60
8287693.0,81,55
8287715.0,90,55
8287716.0,81,62
8287747.0,84,52
8287795.0,95,68
8287799.0,91,53
8287823.0,94,61
8287854.0,86,51
8287854.0,82,55
8287862.0,86,64
8287877.0,89,52
8287918.0,93,53
8287923.0,92,54
8287946.0,86,74
8287954.0,89,55
8287965.0,88,55
8287975.0,88,66
8288004.0,83,52
8288008.0,84,55
8288024.0,95,61
8288025.0,88,52
8288093.0,89,68
8288111.0,90,57
8288152.0,86,65
8288170.0,94,64
8288177.0,95,67
8288180.0,85,57
8288181.0,99,84
8288200.0,83,57
8288243.0,83,61
8288246.0,96,67
8288265.0,93,61
8288288.0,85,52
8288308.0,87,56
8288320.0,84,59
8288328.0,95,61
8288354.0,92,60
8288374.0,85,58
8288422.0,88,53
8288434.0,95,64
8288442.0,85,63
8288452.0,92,57
8288463.0,89,53
8288465.0,89,52
8288474.0,36,59
8288510.0,81,55
8288516.0,81,61
8288522.0,84,61
8288528.0,88,52
8288541.0,82,58
8288567.0,99,85
8288592.0,91,52
8288633.0,83,56
8288673.0,96,68
8288685.0,83,61
8288687.0,84,57
8288690.0,87,53
8288706.0,84,51
8288742.0,81,54
8288745.0,90,53
8288751.0,88,53
8288752.0,94,63
8288772.0,85,59
8288857.0,95,64
8288877.0,87,54
8288890.0,85,54
8288917.0,82,62
8288994.0,84,64
8288995.0,94,67
8289023.0,35,60
8289030.0,88,54
8289031.0,83,52
8289035.0,83,55
8289044.0,85,73
8289046.0,86,57
8289054.0,90,54
8289068.0,81,62
8289104.0,92,54
8289105.0,89,56
8289108.0,91,52
8289114.0,84,56
8289125.0,91,54
8289147.0,99,84
8289179.0,82,61
8289236.0,86,66
8289253.0,88,50
8289258.0,84,62
8289261.0,86,54
8289264.0,87,51
8289319.0,91,53
8289322.0,87,52
8289330.0,83,60
8289346.0,83,53
8289347.0,93,54
8289362.0,89,56
8289378.0,78,90
8289404.0,89,53
8289407.0,84,52
8289411.0,93,59
8289442.0,93,53
8289459.0,86,51
8289508.0,83,64
8289549.0,83,59
8289570.0,90,56
8289576.0,88,52
8289600.0,89,52
8289619.0,90,57
8289634.0,85,60
8289635.0,88,53
8289648.0,86,52
8289651.0,82,55
8289692.0,86,53
8289709.0,85,52
8289743.0,95,60
8289748.0,93,62
8289768.0,93,59
8289812.0,84,59
8289867.0,91,53
8289921.0,84,51
8289954.0,82,54
8289960.0,81,56
8289984.0,99,84
8289985.0,83,61
8289987.0,95,64
8289992.0,82,63
8289995.0,87,58
8290018.0,91,52
8290024.0,83,63
8290028.0,93,53
8290067.0,85,65
8290070.0,88,53
8290080.0,84,53
8290115.0,99,85
8290120.0,83,52
8290136.0,88,54
8290151.0,87,56
8290160.0,85,53
8290208.0,86,55
8290211.0,95,60
8290219.0,91,54
8290225.0,99,84
8290235.0,93,59
8290256.0,90,52
8290273.0,84,51
8290286.0,84,54
8290321.0,87,52
8290329.0,81,61
8290351.0,84,60
8290355.0,83,51
8290361.0,85,52
8290366.0,84,57
8290373.0,83,55
8290379.0,84,56
8290380.0,91,52
8290399.0,84,84
8290452.0,90,65
8290453.0,84,61
8290464.0,88,57
8290480.0,77,89
8290492.0,89,54
8290608.0,83,53
8290610.0,85,55
8290626.0,81,62
8290668.0,88,55
8290730.0,82,61
8290749.0,82,59
8290749.0,82,62
8290757.0,83,56
8290758.0,77,121
8290785.0,88,67
8290808.0,91,53
8290833.0,88,54
8290845.0,84,57
8290894.0,85,84
8290910.0,89,57
8290913.0,86,51
8290934.0,87,66
8291066.0,92,58
8291088.0,82,54
8291112.0,87,65
8291116.0,83,55
8291122.0,86,65
8291132.0,87,57
8291179.0,93,53
8291180.0,84,65
8291202.0,90,53
8291285.0,84,84
8291299.0,85,56
8291308.0,83,60
8291324.0,91,52
8291340.0,89,57
8291346.0,90,52
8291356.0,94,61
8291397.0,82,57
8291412.0,87,53
8291423.0,89,53
8291438.0,88,54
8291447.0,87,54
8291449.0,84,52
8291467.0,85,84
8291470.0,85,52
8291487.0,85,64
8291550.0,86,53
8291556.0,89,54
8291567.0,83,54
8291568.0,87,57
8291616.0,91,55
8291617.0,81,55
8291619.0,88,52
8291627.0,84,64
8291728.0,85,54
8291838.0,91,54
8291845.0,83,57
8291851.0,88,54
8291854.0,89,55
8291868.0,89,57
8291868.0,86,57
8291929.0,88,55
8291984.0,81,57
8291987.0,85,63
8291996.0,85,84
8292038.0,95,79
8292050.0,93,78
8292106.0,82,56
8292126.0,85,53
8292154.0,82,59
8292198.0,84,63
8292215.0,92,79
8292228.0,85,63
8292230.0,82,52
8292244.0,81,54
8292263.0,90,54
8292269.0,85,66
8292289.0,83,56
8292304.0,91,73
8292322.0,84,84
8292383.0,93,78
8292426.0,78,79
8292444.0,86,56
8292462.0,93,60
8292504.0,80,55
8292531.0,83,52
8292540.0,91,56
8292553.0,87,55
8292590.0,84,52
8292620.0,83,63
8292640.0,85,84
8292645.0,83,56
8292660.0,88,52
8292670.0,84,84
8292675.0,83,58
8292692.0,91,55
8292706.0,89,55
8292718.0,84,55
8292721.0,90,53
8292722.0,83,55
8292735.0,86,54
8292743.0,81,55
8292799.0,89,56
8292817.0,86,59
8292849.0,96,70
8292944.0,84,58
8292952.0,96,69
8293061.0,86,52
8293064.0,93,60
8293101.0,88,65
8293139.0,83,59
8293146.0,88,52
8293149.0,96,68
8293184.0,85,60
8293259.0,82,52
8293290.0,85,54
8293312.0,86,51
8293339.0,86,58
8293369.0,84,60
8293375.0,87,54
8293398.0,84,54
8293492.0,88,56
8293550.0,79,86
8293565.0,92,56
8293587.0,85,58
8293602.0,82,55
8293606.0,84,51
8293614.0,83,56
8293631.0,84,57
8293638.0,85,52
8293681.0,82,53
8293694.0,91,56
8293701.0,80,55
8293721.0,81,54
8293730.0,87,54
8293773.0,79,86
8293798.0,85,63
8293808.0,87,64
8293863.0,83,63
8293904.0,89,56
8293910.0,83,56
8293913.0,87,55
8293940.0,90,53
8293944.0,83,55
8293958.0,87,53
8293979.0,85,54
8294152.0,83,57
8294156.0,89,55
8294168.0,88,53
8294173.0,81,54
8294176.0,90,53
8294186.0,81,55
8294193.0,84,53
8294211.0,80,56
8294215.0,89,54
8294224.0,86,50
8294288.0,84,52
8294289.0,83,53
8294307.0,87,53
8294316.0,85,61
8294320.0,82,52
8294334.0,82,58
8294353.0,88,52
8294354.0,89,57
8294361.0,91,59
8294383.0,87,54
8294402.0,88,58
8294403.0,80,87
8294419.0,88,64
8294436.0,86,54
8294517.0,82,53
8294524.0,86,52
8294530.0,98,86
8294597.0,91,67
8294618.0,81,56
8294627.0,89,53
8294634.0,85,57
8294646.0,85,84
8294650.0,88,66
8294676.0,82,55
8294706.0,92,61
8294768.0,88,56
8294770.0,85,53
8294851.0,83,64
8294930.0,92,66
8294963.0,91,56
8294964.0,89,52
8294989.0,88,53
8294992.0,80,55
8295066.0,87,57
8295086.0,84,52
8295148.0,82,63
8295149.0,87,56
8295167.0,97,86
8295188.0,91,57
8295191.0,81,58
8295192.0,86,61
8295198.0,89,57
8295203.0,89,58
8295209.0,83,57
8295211.0,90,53
8295217.0,90,57
8295226.0,86,53
8295295.0,83,52
8295330.0,80,56
8295402.0,91,56
8295430.0,90,54
8295486.0,84,61
8295493.0,83,53
8295537.0,96,84
8295540.0,87,65
8295550.0,93,62
8295728.0,98,72
8295750.0,82,57
8295752.0,86,55
8295770.0,78,82
8295790.0,83,62
8295826.0,93,60
8295875.0,86,57
8295884.0,83,79
8295888.0,86,65
8295890.0,88,54
8295896.0,84,65
8295919.0,89,52
8295927.0,92,65
8295960.0,88,59
8296010.0,88,52
8296013.0,84,86
8296023.0,87,55
8296057.0,93,60
8296104.0,83,54
8296130.0,81,63
8296145.0,85,52
8296157.0,83,56
8296168.0,83,80
8296170.0,90,55
8296202.0,82,79
8296207.0,83,60
8296256.0,80,56
8296393.0,81,54
8296433.0,91,57
8296450.0,97,86
8296496.0,76,81
8296505.0,54,108
8296515.0,85,65
8296525.0,86,53
8296534.0,82,54
8296587.0,90,54
8296613.0,82,63
8296636.0,85,53
8296687.0,89,57
8296691.0,83,61
8296734.0,85,51
8296753.0,84,53
8296755.0,81,63
8296757.0,81,54
8296790.0,53,108
8296814.0,82,53
8296848.0,83,81
8296851.0,89,54
8296877.0,86,58
8296890.0,81,59
8296929.0,76,81
8296940.0,89,56
8296952.0,88,54
8296982.0,84,64
8296987.0,82,56
8296995.0,81,63
8297010.0,83,52
8297036.0,81,55
8297036.0,87,62
8297100.0,87,58
8297175.0,87,55
8297178.0,88,57
8297192.0,85,57
8297212.0,80,57
8297221.0,94,62
8297354.0,97,72
8297439.0,90,56
8297496.0,83,78
8297513.0,84,55
8297528.0,90,55
8297535.0,85,52
8297541.0,83,62
8297565.0,85,51
8297603.0,99,75
8297615.0,80,56
8297631.0,84,63
8297661.0,87,55
8297672.0,83,57
8297675.0,84,54
8297716.0,59,66
8297736.0,82,53
8297759.0,83,58
8297841.0,82,52
8297862.0,88,55
8297882.0,87,59
8297892.0,92,59
8297915.0,81,56
8297921.0,89,53
8297938.0,81,55
8297939.0,82,58
8297951.0,86,54
8298000.0,87,52
8298037.0,81,62
8298053.0,81,57
8298065.0,94,78
8298079.0,93,69
8298109.0,91,57
8298151.0,82,55
8298160.0,83,63
8298215.0,84,59
8298332.0,84,60
8298337.0,94,70
8298344.0,82,62
8298358.0,92,60
8298377.0,88,65
8298393.0,81,53
8298398.0,91,60
8298417.0,82,59
8298422.0,87,55
8298457.0,90,55
8298463.0,89,52
8298504.0,88,57
8298560.0,88,52
8298561.0,87,56
8298563.0,88,53
8298610.0,89,53
8298611.0,84,53
8298636.0,89,55
8298673.0,82,63
8298684.0,85,54
8298762.0,83,54
8298767.0,87,55
8298817.0,87,66
8298865.0,81,59
8298875.0,84,52
8298893.0,98,76
8298938.0,89,52
8298980.0,88,55
8298994.0,86,55
8299001.0,80,57
8299010.0,86,62
8299017.0,86,54
8299031.0,83,60
8299036.0,81,62
8299045.0,85,62
8299054.0,87,52
8299070.0,80,55
8299073.0,87,53
8299150.0,83,53
8299188.0,81,53
8299273.0,88,54
8299297.0,84,62
8299334.0,86,65
8299335.0,81,55
8299347.0,81,63
8299350.0,82,55
8299373.0,87,65
8299407.0,85,53
8299449.0,84,56
8299452.0,88,52
8299465.0,88,56
8299469.0,82,52
8299504.0,82,57
8299581.0,91,56
8299587.0,85,58
8299625.0,87,56
8299733.0,83,53
8299739.0,81,62
8299773.0,89,52
8299790.0,84,59
8299807.0,83,55
8299825.0,89,53
8299826.0,82,53
8299829.0,92,58
8299852.0,92,59
8299871.0,91,58
8299877.0,86,59
8299907.0,80,58
8299922.0,90,56
8299924.0,81,53
8299941.0,83,57
8299983.0,82,52
8299989.0,89,52
8299998.0,87,52
8300012.0,91,56
8300086.0,84,64
8300096.0,87,53
8300137.0,82,62
8300137.0,80,56
8300156.0,85,54
8300165.0,89,53
8300181.0,84,52
8300198.0,83,59
8300263.0,81,62
8300263.0,92,58
8300274.0,86,56
8300275.0,82,58
8300362.0,96,70
8300373.0,84,53
8300411.0,86,61
8300421.0,84,59
8300431.0,90,55
8300451.0,88,52
8300502.0,84,63
8300545.0,82,60
8300556.0,86,55
8300565.0,84,52
8300572.0,89,57
8300624.0,85,53
8300636.0,88,55
8300709.0,81,62
8300774.0,81,54
8300784.0,81,61
8300797.0,85,61
8300813.0,87,67
8300818.0,89,53
8300871.0,81,60
8300893.0,85,55
8300947.0,84,55
8300973.0,85,53
8300981.0,84,54
8300990.0,90,57
8300992.0,82,63
8300994.0,88,56
8301078.0,88,53
8301163.0,84,52
8301245.0,91,58
8301268.0,89,54
8301278.0,82,57
8301293.0,86,58
8301315.0,84,57
8301318.0,89,53
8301325.0,81,63
8301389.0,83,61
8301433.0,90,56
8301473.0,92,59
8301514.0,81,53
8301515.0,76,77
8301525.0,85,53
8301552.0,81,62
8301556.0,82,54
8301615.0,85,65
8301637.0,89,58
8301639.0,86,66
8301642.0,91,77
8301656.0,86,55
8301661.0,83,53
8301704.0,92,77
8301801.0,87,54
8301805.0,84,58
8301806.0,82,61
8301812.0,82,62
8301847.0,90,56
8301857.0,81,57
8301885.0,93,58
8301915.0,82,56
8301921.0,81,56
8301928.0,88,56
8301952.0,85,57
8302062.0,82,64
8302107.0,89,53
8302112.0,85,54
8302157.0,86,57
8302232.0,81,62
8302242.0,83,56
8302256.0,81,60
8302279.0,90,56
8302295.0,81,54
8302325.0,85,58
8302422.0,81,75
8302575.0,89,54
8302586.0,86,61
8302641.0,99,75
8302709.0,83,65
8302720.0,89,53
8302821.0,84,53
8302871.0,84,54
8302889.0,88,53
8302906.0,89,55
8302910.0,81,62
8302957.0,88,57
8302958.0,87,54
8302963.0,86,55
8303025.0,80,56
8303033.0,83,55
8303045.0,87,53
8303092.0,84,62
8303104.0,82,54
8303124.0,85,55
8303144.0,82,53
8303239.0,81,56
8303273.0,87,65
8303284.0,91,58
8303332.0,83,59
8303354.0,85,54
8303447.0,93,60
8303450.0,80,58
8303481.0,90,57
8303486.0,79,56
8303587.0,81,58
8303605.0,88,54
8303634.0,89,53
8303669.0,85,54
8303676.0,84,61
8303698.0,83,54
8303711.0,84,53
8303734.0,86,53
8303780.0,81,63
8303789.0,84,115
8303862.0,87,52
8303868.0,87,58
8303886.0,81,62
8303921.0,88,53
8303933.0,86,55
8303950.0,80,83
8303960.0,89,54
8304032.0,87,57
8304056.0,82,53
8304067.0,89,53
8304100.0,80,57
8304121.0,81,55
8304232.0,88,57
8304246.0,84,65
8304262.0,83,52
8304316.0,86,65
8304397.0,79,57
8304410.0,81,62
8304418.0,85,54
8304456.0,82,58
8304466.0,82,60
8304472.0,82,55
8304473.0,84,54
8304491.0,83,53
8304496.0,81,54
8304518.0,83,64
8304586.0,89,56
8304606.0,86,55
8304623.0,80,83
8304628.0,83,62
8304642.0,85,115
8304646.0,82,59
8304651.0,81,62
8304679.0,85,54
8304697.0,83,52
8304708.0,87,55
8304763.0,86,56
8304790.0,86,53
8304811.0,90,57
8304862.0,89,53
8304863.0,87,53
8305001.0,88,52
8305013.0,91,52
8305042.0,92,52
8305060.0,82,57
8305083.0,89,55
8305087.0,85,65
8305114.0,79,56
8305190.0,88,57
8305203.0,84,60
8305238.0,81,56
8305264.0,88,53
8305298.0,87,57
8305301.0,87,54
8305376.0,86,55
8305446.0,89,52
8305563.0,92,52
8305596.0,86,53
8305607.0,82,58
8305657.0,80,57
8305684.0,81,53
8305724.0,81,56
8305726.0,88,53
8305767.0,86,66
8305773.0,87,55
8305776.0,99,73
8305784.0,86,58
8305786.0,89,52
8305788.0,83,57
8305871.0,83,61
8305885.0,80,56
8305933.0,86,55
8305968.0,82,61
8306073.0,84,66
8306103.0,84,53
8306142.0,79,56
8306162.0,89,55
8306232.0,83,56
8306244.0,83,53
8306251.0,86,55
8306266.0,82,81
8306285.0,91,52
8306339.0,81,56
8306343.0,83,54
8306347.0,90,57
8306353.0,84,64
8306358.0,81,54
8306358.0,81,59
8306379.0,83,52
8306472.0,89,66
8306506.0,84,55
8306522.0,89,55
8306536.0,85,56
8306567.0,85,55
8306572.0,84,57
8306592.0,82,56
8306615.0,98,70
8306658.0,84,53
8306692.0,79,57
8306694.0,89,52
8306699.0,89,57
8306714.0,81,53
8306812.0,81,55
8306823.0,80,59
8306849.0,84,59
8306855.0,85,60
8306873.0,81,56
8306886.0,86,56
8306984.0,84,54
8307000.0,80,56
8307007.0,88,54
8307024.0,96,69
8307035.0,87,52
8307076.0,98,72
8307148.0,87,56
8307166.0,89,56
8307172.0,86,54
8307195.0,81,62
8307206.0,83,55
8307288.0,89,55
8307321.0,80,55
8307373.0,87,54
8307419.0,84,58
8307439.0,92,59
8307450.0,96,71
8307450.0,88,55
8307456.0,97,73
8307520.0,82,55
8307529.0,79,56
8307548.0,89,56
8307554.0,91,58
8307585.0,80,55
8307589.0,83,64
8307594.0,87,55
8307600.0,85,66
8307697.0,83,53
8307717.0,80,54
8307747.0,82,60
8307819.0,86,53
8307835.0,81,61
8307850.0,81,54
8307890.0,84,54
8307892.0,81,57
8307960.0,81,53
8307987.0,88,54
8308031.0,87,52
8308042.0,80,56
8308043.0,87,56
8308094.0,89,56
8308106.0,87,53
8308109.0,85,61
8308129.0,85,53
8308142.0,82,62
8308197.0,97,73
8308199.0,85,54
8308207.0,88,53
8308209.0,82,63
8308248.0,82,53
8308260.0,93,61
8308403.0,79,56
8308504.0,83,54
8308511.0,86,54
8308581.0,81,53
8308634.0,88,58
8308659.0,81,58
8308692.0,87,52
8308707.0,80,57
8308808.0,94,59
8308835.0,82,57
8308869.0,83,63
8308888.0,97,73
8308927.0,79,58
8308958.0,89,67
8308975.0,83,53
8308981.0,79,57
8308999.0,85,55
8309004.0,85,54
8309008.0,83,61
8309013.0,84,65
8309043.0,81,57
8309069.0,87,53
8309081.0,83,55
8309104.0,92,60
8309176.0,84,57
8309180.0,79,56
8309215.0,83,57
8309273.0,81,64
8309302.0,83,53
8309322.0,84,63
8309399.0,100,77
8309417.0,89,56
8309447.0,84,55
8309512.0,92,60
8309634.0,87,52
8309653.0,82,61
8309655.0,79,56
8309714.0,86,62
8309721.0,85,54
8309855.0,81,53
8309953.0,86,57
8309976.0,80,54
8310056.0,84,54
8310120.0,85,53
8310142.0,81,53
8310302.0,92,61
8310327.0,97,69
8310343.0,81,54
8310370.0,79,56
8310382.0,82,55
8310404.0,85,54
8310439.0,86,54
8310462.0,80,59
8310475.0,87,58
8310538.0,84,54
8310584.0,87,57
8310671.0,81,56
8310702.0,87,56
8310707.0,88,56
8310752.0,99,77
8310755.0,87,54
8310760.0,87,52
8310781.0,85,65
8310795.0,80,58
8310832.0,79,58
8310842.0,83,58
8310844.0,79,56
8310907.0,83,62
8310928.0,80,54
8310939.0,79,57
8310946.0,86,55
8310964.0,87,53
8310969.0,93,62
8310971.0,90,59
8311036.0,85,53
8311078.0,85,64
8311153.0,89,56
8311265.0,84,54
8311285.0,87,55
8311290.0,83,53
8311313.0,82,58
8311332.0,81,55
8311394.0,94,63
8311420.0,89,58
8311438.0,85,55
8311533.0,86,57
8311575.0,82,62
8311591.0,80,55
8311617.0,87,52
8311672.0,84,54
8311776.0,91,66
8311791.0,89,56
8311835.0,100,76
8311847.0,92,60
8311855.0,88,55
8311919.0,95,65
8311961.0,83,63
8311994.0,80,60
8312114.0,85,56
8312115.0,87,52
8312148.0,82,54
8312151.0,84,58
8312177.0,82,64
8312190.0,87,57
8312301.0,82,63
8312357.0,85,53
8312363.0,84,64
8312434.0,86,55
8312469.0,82,59
8312502.0,81,61
8312523.0,88,54
8312628.0,85,63
8312634.0,83,65
8312660.0,86,63
8312665.0,84,55
8312705.0,86,60
8312708.0,90,65
8312716.0,93,60
8312721.0,85,54
8312733.0,86,54
8312745.0,94,60
8312776.0,87,54
8312784.0,91,59
8312787.0,87,58
8312803.0,87,52
8312821.0,90,60
8312837.0,80,55
8312855.0,90,58
8312862.0,101,80
8312891.0,82,58
8312905.0,81,63
8312959.0,84,66
8312982.0,83,54
8313091.0,88,55
8313146.0,94,60
8313200.0,81,58
8313207.0,83,64
8313244.0,93,60
8313270.0,93,61
8313330.0,83,55
8313346.0,75,85
8313351.0,86,58
8313355.0,85,66
8313373.0,83,66
8313380.0,96,66
8313400.0,89,57
8313458.0,86,66
8313539.0,90,57
8313541.0,101,81
8313562.0,83,56
8313571.0,74,85
8313603.0,87,57
8313627.0,81,60
8313722.0,99,75
8313726.0,81,54
8313759.0,85,57
8313764.0,99,80
8313784.0,101,80
8313811.0,87,54
8313843.0,83,59
8313854.0,85,54
8313855.0,88,67
8313863.0,82,55
8313986.0,86,65
8313986.0,83,54
8314084.0,91,61
8314156.0,85,56
8314238.0,86,53
8314316.0,81,55
8314355.0,84,55
8314393.0,82,56
8314415.0,89,57
8314432.0,81,59
8314453.0,86,56
8314561.0,88,55
8314808.0,86,57
8314829.0,81,64
8314833.0,101,80
8314836.0,83,57
8314841.0,92,60
8314951.0,86,87
8314966.0,84,65
8314968.0,76,87
8315057.0,84,59
8315093.0,86,55
8315105.0,81,53
8315115.0,87,54
8315172.0,82,63
8315205.0,87,55
8315216.0,86,57
8315233.0,81,63
8315294.0,86,53
8315297.0,89,68
8315335.0,81,54
8315342.0,87,54
8315463.0,80,58
8315512.0,85,53
8315531.0,81,57
8315545.0,80,54
8315546.0,86,87
8315559.0,85,54
8315781.0,83,60
8315861.0,84,55
8316007.0,91,60
8316009.0,82,57
8316029.0,80,57
8316046.0,80,60
8316111.0,97,69
8316119.0,90,58
8316144.0,87,88
8316164.0,80,55
8316185.0,83,54
8316194.0,85,55
8316196.0,89,57
8316253.0,79,58
8316295.0,85,64
8316343.0,84,64
8316468.0,86,54
8316474.0,82,62
8316478.0,81,54
8316486.0,89,56
8316586.0,86,56
8316601.0,88,57
8316794.0,87,54
8316806.0,84,56
8316869.0,87,88
8316901.0,91,59
8316964.0,85,60
8316997.0,83,55
8317146.0,85,53
8317155.0,82,59
8317167.0,87,52
8317220.0,79,57
8317331.0,81,62
8317543.0,87,88
8317693.0,82,64
8317699.0,88,56
8317729.0,96,70
8317888.0,86,84
8317917.0,86,56
8318075.0,95,70
8318090.0,85,55
8318098.0,46,120
8318132.0,85,54
8318143.0,80,57
8318180.0,80,61
8318209.0,80,54
8318362.0,85,84
8318370.0,81,58
8318463.0,92,60
8318477.0,86,60
8318509.0,93,61
8318511.0,85,53
8318563.0,80,56
8318611.0,90,83
8318655.0,81,55
8318660.0,95,70
8318691.0,82,61
8318747.0,87,55
8318851.0,81,64
8318892.0,83,62
8318898.0,79,57
8318918.0,85,84
8318945.0,84,61
8318947.0,80,55
8318951.0,85,56
8318979.0,88,56
8319016.0,97,70
8319052.0,87,66
8319055.0,84,57
8319088.0,95,70
8319103.0,93,61
8319108.0,89,84
8319183.0,86,55
8319498.0,87,56
8319508.0,82,63
8319527.0,81,63
8319545.0,84,58
8319549.0,81,56
8319605.0,85,59
8319620.0,95,76
8319695.0,89,57
8319706.0,85,55
8319799.0,84,54
8319819.0,90,83
8319823.0,84,58
8319828.0,80,57
8319914.0,94,76
8319923.0,85,57
8319935.0,89,57
8320019.0,81,63
8320124.0,85,56
8320215.0,95,76
8320245.0,79,84
8320324.0,78,84
8320332.0,80,83
8320393.0,87,55
8320428.0,86,54
8320445.0,97,68
8320459.0,83,59
8320486.0,89,61
8320640.0,98,84
8320645.0,79,84
8320692.0,94,76
8320969.0,84,54
8321092.0,79,58
8321151.0,97,69
8321350.0,82,60
8321398.0,95,76
8321475.0,79,59
8321497.0,83,60
8321552.0,94,76
8321558.0,82,64
8321576.0,79,57
8321611.0,85,54
8321699.0,82,59
8321708.0,86,54
8321752.0,86,57
8321777.0,85,53
8321845.0,88,56
8321848.0,95,76
8321856.0,86,58
8321896.0,85,66
8321917.0,81,60
8321972.0,86,53
8322084.0,83,66
8322169.0,85,53
8322214.0,79,59
8322216.0,97,85
8322278.0,80,58
8322319.0,87,55
8322551.0,85,55
8322555.0,81,61
8322570.0,83,58
8322685.0,79,59
8322696.0,86,56
8322717.0,84,59
8322751.0,84,54
8322773.0,86,85
8322812.0,82,65
8322874.0,94,76
8322955.0,85,53
8323158.0,84,66
8323163.0,79,59
8323346.0,87,58
8323417.0,85,53
8324189.0,88,66
8324221.0,81,64
8324258.0,85,62
8324457.0,84,54
8324663.0,87,56
8324749.0,87,55
8324753.0,91,75
8324876.0,90,58
8324952.0,80,59
8325007.0,86,57
8325040.0,86,55
8325086.0,82,54
8325452.0,87,57
8326186.0,87,67
8326553.0,86,66
8326743.0,85,56
8327000.0,81,54
8327015.0,85,57
8327035.0,83,57
8327349.0,94,66
8327500.0,84,55
8327504.0,80,55
8328008.0,85,54
8328031.0,84,54
8328786.0,86,58
8328920.0,96,84
8330026.0,82,60
8330215.0,98,74
8330384.0,99,73
8330961.0,83,63
8331316.0,84,55
8331401.0,85,54
8331606.0,99,73
8331754.0,99,72
8332375.0,76,122
8332464.0,99,73
8332705.0,86,55
8332710.0,77,122
8332821.0,99,73
8332967.0,86,54
8333577.0,77,122
8334238.0,85,53
8334384.0,94,83
8334512.0,87,53
8334523.0,85,53
8334539.0,100,48
8334623.0,85,56
8336328.0,83,55
8337015.0,86,58
8337262.0,77,125
8337393.0,78,125
8337469.0,82,56
8337776.0,93,61
8337975.0,91,59
8338176.0,77,125
8338670.0,80,55
8338754.0,78,125
8339333.0,85,54
8340106.0,92,60
8340654.0,83,55
8341137.0,85,59
8341339.0,83,60
8341679.0,95,64
8341726.0,79,58
8342079.0,91,59
8342310.0,83,54
8342415.0,90,58
8342657.0,82,62
8342794.0,96,67
8342820.0,86,57
8342849.0,80,57
8342862.0,85,60
8342901.0,92,60
8343253.0,83,59
8343442.0,95,68
8343526.0,97,67
8343556.0,84,59
8343734.0,81,56
8343737.0,92,67
8343772.0,80,57
8343830.0,99,74
8343935.0,80,56
8343978.0,97,67
8344056.0,100,73
8344152.0,81,57
8344217.0,80,55
8344290.0,81,54
8344312.0,99,74
8344350.0,89,77
8344366.0,83,55
8344451.0,83,63
8344565.0,86,56
8344576.0,84,57
8344612.0,87,55
8344622.0,82,56
8344697.0,84,54
8344698.0,81,57
8344982.0,84,62
8345079.0,83,54
8345092.0,85,55
8345114.0,85,56
8345118.0,82,60
8345161.0,81,55
8345203.0,81,54
8345243.0,84,61
8345280.0,91,59
8345351.0,84,55
8345403.0,79,58
8345419.0,83,56
8345485.0,80,57
8345499.0,84,60
8345507.0,99,74
8345736.0,81,58
8345739.0,93,61
8345766.0,84,56
8345777.0,79,59
8345840.0,99,74
8345879.0,81,56
8345893.0,84,64
8345899.0,87,55
8345907.0,92,60
8345999.0,82,57
8346053.0,82,55
8346124.0,87,57
8346140.0,88,56
8346150.0,89,57
8346250.0,86,54
8346270.0,87,58
8346285.0,81,57
8346349.0,85,54
8346579.0,80,55
8346608.0,84,54
8346627.0,81,54
8346873.0,81,60
8346887.0,87,55
8347068.0,88,56
8347166.0,90,58
8347221.0,80,57
8347236.0,86,54
8347531.0,87,55
8347607.0,85,56
8347664.0,78,94
8347665.0,79,58
8347808.0,83,54
8347845.0,90,58
8347874.0,82,58
8347892.0,80,58
8347908.0,89,56
8347912.0,85,62
8348044.0,84,54
8348258.0,86,59
8348295.0,81,58
8348308.0,91,59
8348356.0,86,54
8348380.0,63,119
8348418.0,89,57
8348687.0,85,55
8348690.0,82,54
8348754.0,86,55
8348844.0,83,60
8348963.0,86,57
8349117.0,87,58
8349123.0,84,57
8349248.0,88,56
8349414.0,81,55
8349555.0,82,59
8349751.0,89,57
8349758.0,81,56
8349861.0,87,56
8349880.0,86,54
8349905.0,90,58
8349956.0,92,60
8349960.0,87,55
8350049.0,80,61
8350125.0,86,56
8350455.0,94,62
8350491.0,87,58
8350508.0,86,57
8350672.0,86,60
8350674.0,80,61
8350699.0,97,67
8350713.0,83,60
8350834.0,83,56
8350857.0,88,56
8350870.0,83,63
8350893.0,83,65
8350908.0,81,64
8350933.0,82,56
8350965.0,82,55
8351018.0,89,57
8351020.0,85,55
8351190.0,82,62
8351314.0,88,58
8351460.0,82,61
8351562.0,85,61
8351569.0,80,58
8351662.0,85,54
8351692.0,83,57
8351754.0,81,61
8351765.0,80,59
8351786.0,88,59
8351891.0,84,60
8351996.0,84,53
8352134.0,79,58
8352134.0,88,57
8352181.0,89,58
8352192.0,84,54
8352362.0,82,65
8352524.0,84,63
8352582.0,85,55
8352583.0,81,57
8352652.0,85,53
8352686.0,83,59
8352746.0,83,53
8352782.0,87,58
8352820.0,89,60
8352828.0,84,54
8352989.0,83,60
8353086.0,87,54
8353230.0,83,66
8353264.0,87,57
8353278.0,84,58
8353347.0,82,58
8353353.0,84,54
8353408.0,85,55
8353473.0,82,59
8353566.0,83,66
8353694.0,88,61
8353739.0,91,58
8353741.0,83,54
8353832.0,86,61
8353842.0,81,57
8354006.0,83,53
8354103.0,87,54
8354122.0,84,66
8354258.0,84,54
8354336.0,84,64
8354336.0,88,55
8354343.0,83,62
8354376.0,94,69
8354425.0,91,60
8354433.0,89,56
8354438.0,86,55
8354530.0,81,63
8354561.0,85,63
8354577.0,84,55
8354609.0,83,55
8354657.0,85,59
8354689.0,82,57
8354810.0,85,64
8354854.0,81,64
8354860.0,93,60
8354872.0,86,55
8354884.0,87,54
8354903.0,85,54
8354931.0,84,59
8354948.0,85,55
8354974.0,82,63
8355004.0,88,55
8355059.0,86,53
8355144.0,83,53
8355153.0,84,63
8355347.0,82,61
8355412.0,82,64
8355415.0,92,59
8355420.0,81,63
8355422.0,81,57
8355461.0,81,54
8355471.0,81,56
8355522.0,89,56
8355534.0,97,70
8355649.0,84,63
8355659.0,84,64
8355712.0,82,55
8355733.0,82,64
8355760.0,85,66
8355793.0,87,55
8355925.0,87,56
8355931.0,87,54
8355999.0,86,56
8356022.0,82,58
8356090.0,81,63
8356094.0,86,54
8356194.0,86,55
8356245.0,82,62
8356263.0,87,67
8356286.0,84,63
8356319.0,86,53
8356421.0,93,60
8356438.0,89,56
8356475.0,85,54
8356524.0,95,64
8356557.0,84,53
8356563.0,92,59
8356594.0,88,55
8356717.0,82,62
8356777.0,88,56
8356794.0,91,58
8356812.0,81,54
8356817.0,82,64
8356854.0,86,53
8356948.0,85,56
8356984.0,94,62
8356985.0,98,69
8356996.0,81,55
8357002.0,81,61
8357040.0,83,63
8357079.0,82,58
8357150.0,80,56
8357312.0,82,53
8357554.0,90,57
8357606.0,93,60
8357613.0,87,57
8357692.0,82,63
8357819.0,82,62
8357824.0,80,59
8357858.0,94,61
8357908.0,89,56
8357965.0,83,63
8358043.0,84,62
8358075.0,84,53
8358083.0,80,57
8358177.0,91,58
8358181.0,82,62
8358187.0,88,58
8358195.0,88,57
8358203.0,84,54
8358224.0,97,68
8358234.0,90,57
8358237.0,81,64
8358361.0,81,54
8358477.0,83,58
8358511.0,85,54
8358532.0,82,53
8358617.0,84,64
8358645.0,80,56
8358726.0,92,59
8358747.0,81,56
8358789.0,81,64
8358808.0,83,61
8358886.0,84,53
8358978.0,81,58
8358983.0,83,64
8359014.0,82,58
8359041.0,81,60
8359045.0,83,59
8359083.0,90,59
8359083.0,85,53
8359122.0,93,60
8359123.0,94,61
8359182.0,91,61
8359236.0,86,53
8359256.0,89,57
8359268.0,87,57
8359305.0,83,63
8359313.0,87,56
8359322.0,81,56
8359372.0,84,60
8359373.0,82,53
8359400.0,85,53
8359483.0,85,54
8359626.0,83,55
8359683.0,91,67
8359727.0,87,53
8359738.0,88,58
8359795.0,82,60
8359856.0,88,54
8359919.0,89,67
8360032.0,82,54
8360088.0,93,59
8360095.0,96,66
8360109.0,80,58
8360112.0,81,56
8360122.0,86,54
8360138.0,87,55
8360183.0,85,53
8360195.0,84,65
8360204.0,89,55
8360250.0,81,54
8360317.0,85,63
8360355.0,82,53
8360395.0,84,53
8360444.0,85,53
8360469.0,84,54
8360479.0,90,57
8360533.0,85,63
8360546.0,82,56
8360548.0,82,61
8360624.0,85,59
8360628.0,96,65
8360641.0,93,60
8360647.0,84,57
8360683.0,96,66
8360699.0,88,54
8360726.0,85,66
8360787.0,86,55
8360794.0,85,57
8360887.0,87,66
8360895.0,91,68
8360922.0,92,59
8360958.0,87,57
8360994.0,84,55
8361073.0,85,66
8361122.0,88,56
8361148.0,87,66
8361167.0,83,62
8361272.0,87,56
8361293.0,89,55
8361305.0,96,66
8361343.0,94,61
8361391.0,84,59
8361462.0,82,59
8361492.0,85,55
8361515.0,86,66
8361524.0,92,61
8361529.0,80,57
8361548.0,85,64
8361573.0,84,63
8361697.0,83,63
8361772.0,88,54
8361834.0,88,57
8361896.0,82,57
8361940.0,85,54
8362020.0,81,57
8362085.0,91,58
8362168.0,97,70
8362222.0,88,58
8362239.0,96,66
8362317.0,90,63
8362363.0,87,53
8362371.0,98,70
8362372.0,85,63
8362373.0,89,55
8362378.0,83,53
8362381.0,82,64
8362390.0,81,56
8362396.0,88,61
8362510.0,85,65
8362544.0,99,71
8362546.0,84,66
8362764.0,83,64
8362807.0,88,53
8363007.0,86,53
8363010.0,83,59
8363030.0,90,56
8363048.0,88,65
8363076.0,26,65
8363098.0,98,69
8363168.0,83,57
8363221.0,85,66
8363275.0,86,54
8363289.0,82,54
8363320.0,81,59
8363339.0,86,55
8363344.0,87,66
8363362.0,89,66
8363370.0,84,63
8363383.0,87,55
8363405.0,82,57
8363439.0,89,55
8363456.0,97,66
8363487.0,87,54
8363490.0,81,60
8363611.0,88,55
8363630.0,85,66
8363634.0,87,55
8363693.0,81,64
8363752.0,87,56
8363821.0,26,65
8363906.0,96,67
8363941.0,87,67
8363989.0,97,69
8364072.0,87,65
8364101.0,85,64
8364103.0,82,55
8364148.0,82,61
8364340.0,86,65
8364376.0,98,73
8364383.0,90,56
8364389.0,80,57
8364424.0,85,53
8364449.0,83,53
8364475.0,87,67
8364477.0,86,53
8364598.0,83,58
8364672.0,104,56
8364711.0,84,59
8364720.0,87,56
8364726.0,84,63
8364755.0,90,67
8364771.0,88,53
8364896.0,84,65
8364960.0,85,66
8364989.0,87,55
8364999.0,83,54
8365016.0,81,63
8365073.0,85,54
8365128.0,91,57
8365130.0,85,56
8365131.0,81,64
8365204.0,90,67
8365221.0,85,58
8365225.0,83,57
8365239.0,86,54
8365242.0,86,57
8365252.0,84,56
8365269.0,97,66
8365277.0,85,57
8365328.0,83,55
8365342.0,85,53
8365355.0,80,56
8365386.0,86,53
8365441.0,84,54
8365443.0,81,63
8365466.0,98,74
8365469.0,82,56
8365517.0,88,57
8365569.0,84,62
8365584.0,84,53
8365629.0,90,56
8365639.0,89,57
8365679.0,92,58
8365718.0,85,67
8365771.0,89,54
8365783.0,88,66
8365791.0,91,59
8365797.0,86,54
8365820.0,87,58
8365857.0,85,61
8365881.0,96,66
8365900.0,84,63
8365940.0,86,64
8365964.0,88,53
8365973.0,83,58
8366003.0,83,61
8366045.0,88,56
8366048.0,91,60
8366063.0,84,59
8366083.0,84,52
8366104.0,85,60
8366159.0,95,62
8366175.0,84,64
8366175.0,87,58
8366207.0,81,56
8366266.0,84,58
8366270.0,89,60
8366338.0,84,61
8366355.0,82,58
8366369.0,91,57
8366389.0,86,54
8366392.0,85,67
8366425.0,89,54
8366494.0,92,58
8366513.0,93,59
8366596.0,81,63
8366597.0,84,58
8366625.0,89,59
8366638.0,90,56
8366653.0,89,65
8366655.0,81,57
8366670.0,82,62
8366696.0,86,59
8366717.0,86,53
8366739.0,82,56
8366757.0,86,57
8366781.0,80,56
8366783.0,80,57
8366860.0,87,54
8366866.0,81,59
8366868.0,96,67
8366876.0,82,54
8366894.0,85,65
8366952.0,83,56
8367008.0,82,63
8367030.0,86,55
8367038.0,81,55
8367057.0,86,56
8367080.0,92,68
8367115.0,87,58
8367154.0,88,57
8367198.0,95,62
8367204.0,93,59
8367213.0,83,65
8367245.0,89,54
8367277.0,87,55
8367284.0,86,54
8367289.0,80,56
8367320.0,82,60
8367353.0,84,58
8367459.0,88,53
8367491.0,87,53
8367601.0,86,67
8367603.0,82,53
8367649.0,89,58
8367816.0,82,56
8367887.0,80,56
8367902.0,82,62
8367949.0,84,59
8368082.0,94,60
8368136.0,90,55
8368155.0,83,60
8368169.0,84,62
8368173.0,81,55
8368182.0,82,64
8368230.0,91,57
8368249.0,88,56
8368252.0,89,54
8368268.0,81,56
8368283.0,93,59
8368293.0,80,56
8368306.0,90,65
8368325.0,85,63
8368339.0,87,52
8368344.0,87,55
8368391.0,92,58
8368397.0,89,56
8368408.0,84,63
8368463.0,93,69
8368478.0,81,56
8368505.0,96,66
8368605.0,83,63
8368676.0,85,66
8368718.0,88,55
8368731.0,81,58
8368806.0,97,66
8368847.0,81,55
8368922.0,85,57
8368931.0,82,60
8369008.0,98,70
8369028.0,83,62
8369029.0,86,66
8369055.0,85,63
8369061.0,90,55
8369073.0,91,68
8369081.0,87,52
8369085.0,85,59
8369128.0,82,62
8369194.0,87,55
8369290.0,89,57
8369365.0,93,59
8369419.0,85,62
8369443.0,87,54
8369454.0,89,54
8369470.0,92,58
8369474.0,82,54
8369489.0,79,56
8369497.0,89,55
8369500.0,85,53
8369512.0,91,56
8369523.0,82,53
8369553.0,87,57
8369578.0,83,52
8369590.0,86,53
8369599.0,98,71
8369614.0,85,59
8369634.0,86,63
8369657.0,85,52
8369689.0,83,56
8369690.0,90,55
8369703.0,85,65
8369843.0,88,67
8369940.0,79,56
8369989.0,85,56
8370001.0,85,55
8370095.0,87,59
8370125.0,87,53
8370135.0,88,55
8370154.0,83,53
8370172.0,89,53
8370174.0,81,55
8370203.0,88,54
8370268.0,83,57
8370302.0,83,56
8370324.0,90,57
8370335.0,81,56
8370336.0,88,52
8370377.0,82,63
8370417.0,83,52
8370458.0,86,53
8370466.0,83,62
8370483.0,86,54
8370490.0,86,65
8370525.0,85,52
8370544.0,85,59
8370546.0,88,56
8370632.0,84,64
8370649.0,87,67
8370709.0,83,61
8370719.0,81,56
8370725.0,86,61
8370730.0,91,56
8370740.0,89,68
8370763.0,93,59
8370784.0,86,65
8370824.0,86,62
8370826.0,55,65
8370907.0,82,55
8370985.0,87,58
8371041.0,93,61
8371060.0,89,53
8371082.0,84,65
8371094.0,82,53
8371115.0,83,56
8371132.0,86,56
8371226.0,83,55
8371278.0,88,55
8371287.0,88,52
8371299.0,94,60
8371318.0,85,63
8371322.0,83,57
8371326.0,81,56
8371330.0,97,69
8371341.0,96,68
8371390.0,83,56
8371439.0,97,70
8371562.0,82,55
8371579.0,88,56
8371647.0,83,52
8371877.0,89,53
8371887.0,84,55
8371906.0,83,63
8371940.0,89,67
8371970.0,87,54
8371976.0,87,66
8372013.0,86,65
8372017.0,87,52
8372051.0,90,62
8372061.0,82,57
8372066.0,90,67
8372192.0,92,59
8372217.0,84,62
8372306.0,92,63
8372314.0,84,58
8372341.0,90,67
8372402.0,88,56
8372437.0,87,53
8372443.0,83,62
8372493.0,85,63
8372640.0,89,53
8372673.0,87,53
8372680.0,90,54
8372721.0,86,52
8372791.0,83,64
8372799.0,83,56
8372817.0,95,61
8372849.0,87,54
8372875.0,90,66
8372879.0,87,56
8372896.0,83,54
8372901.0,85,58
8372954.0,86,56
8372982.0,84,58
8372992.0,82,56
8373026.0,88,52
8373095.0,98,68
8373125.0,90,56
8373144.0,94,62
8373158.0,84,62
8373184.0,88,53
8373191.0,85,62
8373290.0,88,54
8373295.0,85,53
8373298.0,87,56
8373313.0,83,60
8373325.0,84,57
8373401.0,84,52
8373405.0,89,62
8373436.0,90,54
8373444.0,82,56
8373445.0,89,57
8373455.0,82,63
8373457.0,92,57
8373469.0,87,53
8373526.0,84,61
8373541.0,86,54
8373560.0,88,54
8373572.0,89,60
8373671.0,87,52
8373694.0,89,56
8373745.0,87,53
8373765.0,87,56
8373786.0,84,54
8373793.0,85,54
8373801.0,94,60
8373803.0,85,59
8373817.0,95,61
8373858.0,83,56
8373862.0,82,55
8373893.0,82,56
8373927.0,81,57
8373948.0,86,52
8373958.0,89,56
8373966.0,86,66
8373996.0,91,66
8373997.0,80,56
8374049.0,84,63
8374113.0,84,62
8374131.0,87,56
8374154.0,89,57
8374209.0,90,54
8374264.0,82,56
8374282.0,89,54
8374329.0,79,56
8374424.0,85,64
8374496.0,84,52
8374562.0,80,56
8374573.0,86,52
8374574.0,89,56
8374578.0,93,58
8374579.0,84,60
8374608.0,86,58
8374662.0,85,65
8374691.0,85,58
8374714.0,89,52
8374735.0,92,65
8374754.0,95,61
8374828.0,81,55
8374883.0,83,59
8374945.0,87,56
8374951.0,88,55
8374973.0,81,56
8374982.0,83,63
8374992.0,91,55
8374993.0,88,59
8375102.0,91,73
8375122.0,83,58
8375135.0,92,57
8375170.0,83,56
8375205.0,80,56
8375212.0,90,57
8375241.0,83,53
8375251.0,84,56
8375321.0,97,65
8375334.0,87,52
8375364.0,86,63
8375459.0,90,59
8375478.0,87,65
8375495.0,82,58
8375530.0,87,62
8375578.0,84,53
8375679.0,84,62
8375721.0,85,53
8375724.0,87,65
8375739.0,87,57
8375935.0,88,55
8375961.0,91,55
8375967.0,92,57
8376017.0,84,65
8376026.0,87,53
8376058.0,89,55
8376061.0,86,52
8376062.0,90,53
8376067.0,88,54
8376081.0,96,63
8376097.0,85,61
8376133.0,86,63
8376145.0,80,56
8376253.0,91,67
8376296.0,81,55
8376315.0,84,63
8376366.0,87,55
8376381.0,82,62
8376423.0,85,56
8376427.0,88,60
8376473.0,84,61
8376519.0,86,65
8376559.0,85,55
8376578.0,86,53
8376604.0,83,55
8376655.0,91,67
8376659.0,84,57
8376715.0,89,52
8376813.0,83,53
8376829.0,83,54
8376832.0,93,58
8376834.0,85,62
8376895.0,90,53
8376915.0,83,60
8376940.0,88,53
8377003.0,89,53
8377044.0,82,54
8377068.0,94,59
8377087.0,89,60
8377100.0,85,53
8377113.0,82,55
8377146.0,83,53
8377146.0,84,61
8377188.0,82,59
8377203.0,81,56
8377219.0,85,60
8377297.0,87,53
8377323.0,90,68
8377337.0,90,59
8377393.0,85,64
8377421.0,83,61
8377461.0,86,59
8377515.0,83,52
8377524.0,83,62
8377532.0,85,58
8377579.0,92,68
8377584.0,83,64
8377592.0,90,67
8377595.0,97,68
8377614.0,89,56
8377644.0,96,64
8377648.0,87,54
8377679.0,98,67
8377714.0,88,52
8377730.0,83,55
8377834.0,89,55
8377864.0,85,64
8377880.0,83,64
8377933.0,84,61
8377941.0,97,66
8377967.0,82,54
8377969.0,81,55
8378015.0,81,56
8378049.0,89,54
8378077.0,86,56
8378081.0,96,63
8378111.0,97,65
8378123.0,90,53
8378125.0,91,54
8378158.0,93,58
8378163.0,88,53
8378189.0,90,67
8378254.0,94,59
8378282.0,83,61
8378284.0,87,65
8378284.0,88,54
8378290.0,84,61
8378323.0,87,56
8378327.0,84,57
8378339.0,87,58
8378358.0,82,62
8378391.0,82,58
8378396.0,86,54
8378404.0,97,66
8378476.0,85,64
8378485.0,89,56
8378499.0,86,57
8378514.0,86,56
8378518.0,85,52
8378563.0,85,58
8378626.0,82,58
8378651.0,88,65
8378656.0,82,56
8378660.0,87,59
8378668.0,82,61
8378686.0,88,57
8378713.0,86,51
8378725.0,85,54
8378737.0,87,65
8378747.0,88,54
8378765.0,88,64
8378796.0,84,55
8378865.0,87,66
8378884.0,85,57
8378897.0,86,63
8378899.0,83,53
8378913.0,88,57
8378925.0,85,64
8378984.0,82,54
8378985.0,89,63
8378988.0,98,66
8379066.0,90,57
8379067.0,97,66
8379112.0,92,56
8379159.0,83,56
8379190.0,84,64
8379214.0,83,52
8379222.0,88,52
8379306.0,86,59
8379339.0,85,62
8379413.0,96,63
8379447.0,90,66
8379459.0,87,52
8379473.0,83,61
8379496.0,89,56
8379503.0,83,53
8379519.0,94,59
8379523.0,86,51
8379558.0,85,65
8379594.0,91,54
8379607.0,88,57
8379732.0,87,56
8379819.0,88,54
8379840.0,81,56
8379894.0,82,57
8379898.0,85,64
8379902.0,85,61
8379908.0,90,56
8379912.0,83,57
8379935.0,98,67
8379982.0,87,64
8379983.0,83,59
8379988.0,95,60
8379989.0,84,51
8380039.0,86,52
8380088.0,83,54
8380142.0,91,67
8380175.0,84,56
8380212.0,85,61
8380228.0,89,54
8380233.0,85,64
8380278.0,85,62
8380289.0,82,54
8380294.0,100,73
8380364.0,87,52
8380388.0,90,65
8380394.0,98,69
8380398.0,90,55
8380430.0,86,64
8380436.0,88,52
8380453.0,81,56
8380457.0,84,61
8380514.0,83,62
8380535.0,86,56
8380571.0,86,60
8380610.0,86,51
8380629.0,83,53
8380632.0,84,60
8380646.0,91,61
8380728.0,92,67
8380733.0,91,54
8380787.0,84,54
8380830.0,85,58
8380844.0,89,53
8380885.0,83,62
8380903.0,85,51
8380922.0,90,52
8380931.0,84,63
8380970.0,100,75
8381028.0,89,59
8381035.0,83,54
8381060.0,82,62
8381066.0,84,52
8381103.0,86,62
8381145.0,83,61
8381149.0,95,60
8381150.0,87,52
8381182.0,90,57
8381188.0,91,68
8381205.0,92,60
8381209.0,84,61
8381250.0,89,51
8381258.0,88,57
8381278.0,93,57
8381293.0,84,54
8381349.0,89,65
8381352.0,84,62
8381440.0,83,53
8381488.0,84,51
8381492.0,86,58
8381524.0,82,58
8381535.0,88,53
8381599.0,83,52
8381603.0,88,66
8381618.0,82,62
8381626.0,92,62
8381661.0,84,56
8381749.0,90,54
8381750.0,85,61
8381800.0,84,54
8381816.0,87,53
8381862.0,82,55
8381889.0,87,60
8381917.0,85,53
8381966.0,83,62
8381977.0,86,65
8381980.0,84,61
8381984.0,91,53
8381984.0,90,52
8382004.0,83,54
8382052.0,83,53
8382083.0,84,54
8382089.0,85,60
8382167.0,99,75
8382218.0,93,57
8382239.0,83,64
8382239.0,89,51
8382260.0,90,56
8382270.0,88,53
8382274.0,85,51
8382361.0,97,66
8382383.0,89,55
8382386.0,87,57
8382413.0,88,52
8382460.0,87,51
8382483.0,99,75
8382544.0,88,64
8382590.0,96,62
8382612.0,87,62
8382617.0,92,56
8382619.0,85,60
8382638.0,83,63
8382677.0,97,66
8382713.0,94,59
8382718.0,87,54
8382736.0,92,69
8382795.0,83,53
8382803.0,85,62
8382829.0,85,64
8382866.0,92,53
8382873.0,100,74
8382912.0,98,75
8382933.0,84,59
8383001.0,92,55
8383021.0,93,57
8383033.0,82,62
8383035.0,91,53
8383046.0,98,67
8383096.0,93,60
8383110.0,89,53
8383140.0,84,53
8383148.0,85,51
8383150.0,84,57
8383154.0,89,64
8383158.0,85,63
8383202.0,88,53
8383211.0,87,66
8383226.0,86,53
8383266.0,87,59
8383304.0,98,69
8383330.0,94,58
8383387.0,98,75
8383460.0,89,55
8383478.0,82,54
8383524.0,87,66
8383531.0,84,62
8383535.0,90,64
8383546.0,87,64
8383559.0,87,51
8383599.0,83,55
8383648.0,82,62
8383654.0,83,53
8383688.0,93,69
8383692.0,88,56
8383704.0,89,51
8383732.0,84,55
8383739.0,83,58
8383745.0,89,52
8383761.0,82,56
8383824.0,85,57
8383835.0,86,64
8383857.0,92,55
8383862.0,91,53
8383990.0,93,57
8383995.0,92,58
8384000.0,83,53
8384048.0,83,55
8384063.0,94,58
8384105.0,95,60
8384143.0,87,61
8384157.0,85,56
8384242.0,90,55
8384282.0,88,57
8384323.0,90,51
8384329.0,93,56
8384343.0,86,62
8384349.0,82,56
8384354.0,82,61
8384373.0,87,61
8384425.0,87,52
8384624.0,83,62
8384628.0,92,55
8384732.0,83,61
8384764.0,86,55
8384768.0,87,51
8384834.0,83,55
8384862.0,84,55
8384867.0,84,52
8384876.0,88,59
8384894.0,86,58
8384908.0,87,65
8384915.0,82,62
8384938.0,93,68
8384994.0,90,56
8385001.0,97,66
8385048.0,82,55
8385057.0,93,56
8385067.0,90,51
8385083.0,83,62
8385092.0,82,54
8385096.0,92,66
8385099.0,89,55
8385105.0,83,55
8385111.0,92,54
8385122.0,99,71
8385169.0,85,55
8385174.0,92,71
8385211.0,86,62
8385247.0,97,70
8385366.0,89,53
8385371.0,94,58
8385422.0,85,61
8385434.0,89,54
8385437.0,82,62
8385460.0,96,71
8385470.0,99,71
8385483.0,88,52
8385486.0,89,51
8385546.0,85,51
8385564.0,99,72
8385566.0,86,61
8385576.0,86,57
8385603.0,99,70
8385633.0,90,54
8385663.0,86,63
8385677.0,89,52
8385690.0,89,53
8385703.0,93,56
8385721.0,96,72
8385722.0,91,70
8385747.0,88,66
8385813.0,86,64
8385814.0,90,56
8385852.0,87,54
8385853.0,92,59
8385859.0,84,54
8385870.0,91,52
8385871.0,85,59
8385872.0,85,63
8385874.0,85,53
8385906.0,92,54
8385913.0,88,56
8385919.0,90,51
8385996.0,83,62
8386020.0,88,54
8386076.0,85,52
8386081.0,96,63
8386082.0,88,58
8386103.0,85,60
8386108.0,91,56
8386115.0,99,69
8386145.0,85,53
8386160.0,83,53
8386163.0,85,63
8386189.0,93,57
8386194.0,85,64
8386215.0,83,60
8386226.0,96,61
8386279.0,85,61
8386280.0,84,59
8386288.0,84,54
8386313.0,88,66
8386323.0,82,62
8386360.0,98,67
8386364.0,85,59
8386376.0,88,52
8386451.0,90,53
8386452.0,87,52
8386458.0,82,56
8386493.0,84,51
8386530.0,84,52
8386541.0,89,67
8386544.0,92,54
8386549.0,83,62
8386560.0,99,71
8386584.0,89,54
8386604.0,85,56
8386612.0,91,54
8386624.0,90,67
8386625.0,94,58
8386653.0,91,55
8386768.0,85,54
8386770.0,96,62
8386777.0,91,52
8386787.0,82,62
8386837.0,93,69
8386851.0,87,56
8386863.0,86,51
8386874.0,90,51
8386904.0,97,67
8386906.0,85,62
8386914.0,89,53
8386929.0,91,65
8386940.0,88,53
8386951.0,84,52
8386961.0,82,54
8386984.0,92,55
8386997.0,89,66
8386998.0,93,65
8387015.0,85,63
8387025.0,91,54
8387034.0,95,59
8387048.0,83,57
8387101.0,83,60
8387114.0,92,54
8387122.0,89,58
8387143.0,85,59
8387214.0,89,51
8387234.0,89,52
8387244.0,89,67
8387283.0,93,56
8387310.0,91,69
8387317.0,83,53
8387325.0,96,61
8387347.0,88,65
8387378.0,83,59
8387383.0,90,55
8387434.0,98,69
8387483.0,85,56
8387497.0,99,72
8387525.0,90,54
8387540.0,84,54
8387570.0,91,54
8387592.0,86,60
8387597.0,83,54
8387627.0,89,53
8387634.0,84,63
8387652.0,85,55
8387680.0,98,68
8387694.0,84,52
8387775.0,85,59
8387838.0,97,69
8387854.0,91,52
8387864.0,91,54
8387895.0,83,61
8387904.0,84,60
8387908.0,99,72
8387919.0,88,51
8387955.0,90,56
8387959.0,90,51
8387976.0,83,78
8387985.0,88,57
8388019.0,87,64
8388052.0,90,55
8388097.0,84,52
8388103.0,85,61
8388175.0,85,58
8388182.0,95,59
8388195.0,88,57
8388203.0,86,61
8388257.0,90,59
8388392.0,84,63
8388407.0,98,66
8388437.0,85,59
8388438.0,83,53
8388462.0,83,60
8388557.0,81,80
8388562.0,93,56
8388580.0,55,72
8388587.0,89,53
8388594.0,96,61
8388633.0,85,51
8388657.0,91,56
8388658.0,85,53
8388666.0,87,62
8388694.0,89,51
8388790.0,92,53
8388843.0,86,53
8388850.0,85,54
8388890.0,88,64
8388893.0,86,57
8388979.0,88,51
8389020.0,85,59
8389042.0,83,56
8389149.0,90,53
8389163.0,86,54
8389165.0,89,51
8389250.0,84,53
8389309.0,55,72
8389318.0,84,61
8389378.0,89,53
8389382.0,97,67
8389389.0,90,55
8389410.0,87,55
8389411.0,91,51
8389467.0,85,54
8389469.0,88,51
8389479.0,94,58
8389489.0,86,58
8389511.0,86,54
8389522.0,94,57
8389525.0,92,53
8389595.0,95,59
8389604.0,87,65
8389627.0,84,64
8389635.0,93,56
8389699.0,83,61
8389700.0,86,63
8389771.0,84,60
8389794.0,84,63
8389805.0,87,53
8389861.0,85,55
8389882.0,87,65
8389899.0,82,54
8389900.0,91,61
8389924.0,88,55
8389972.0,86,56
8389982.0,89,64
8389999.0,90,58
8390003.0,84,64
8390020.0,84,53
8390134.0,84,51
8390145.0,86,57
8390167.0,87,55
8390173.0,90,55
8390207.0,85,59
8390251.0,97,66
8390258.0,88,51
8390260.0,89,59
8390284.0,89,56
8390298.0,93,55
8390301.0,86,56
8390365.0,87,55
8390372.0,84,56
8390433.0,91,62
8390439.0,87,58
8390485.0,89,57
8390491.0,94,57
8390492.0,93,56
8390535.0,83,62
8390540.0,90,65
8390540.0,90,66
8390616.0,91,55
8390717.0,86,64
8390718.0,93,68
8390766.0,88,57
8390778.0,83,57
8390789.0,90,53
8390795.0,100,72
8390795.0,79,81
8390842.0,94,69
8390851.0,90,66
8390883.0,84,62
8390888.0,85,55
8390933.0,90,52
8390956.0,98,66
8391001.0,87,57
8391003.0,84,53
8391008.0,86,65
8391018.0,97,66
8391059.0,91,51
8391082.0,88,53
8391100.0,92,68
8391107.0,91,54
8391117.0,85,53
8391202.0,89,52
8391223.0,85,58
8391228.0,87,54
8391229.0,89,51
8391250.0,94,57
8391280.0,90,53
8391286.0,93,55
8391296.0,87,56
8391303.0,85,53
8391325.0,87,64
8391335.0,90,55
8391340.0,85,61
8391347.0,87,65
8391359.0,85,60
8391399.0,87,63
8391433.0,90,51
8391450.0,86,61
8391477.0,83,57
8391502.0,87,51
8391515.0,97,66
8391519.0,89,51
8391526.0,83,61
8391531.0,96,60
8391541.0,84,54
8391558.0,88,52
8391572.0,79,79
8391578.0,86,65
8391587.0,92,60
8391589.0,83,62
8391661.0,83,55
8391757.0,84,61
8391767.0,86,59
8391769.0,87,54
8391782.0,84,54
8391784.0,85,52
8391789.0,89,52
8391824.0,87,65
8391831.0,87,64
8391863.0,89,63
8391899.0,94,68
8391905.0,88,52
8391955.0,94,57
8391957.0,88,58
8391971.0,98,68
8391972.0,90,66
8392032.0,89,55
8392034.0,83,54
8392035.0,89,65
8392042.0,86,60
8392057.0,83,61
8392061.0,87,52
8392061.0,93,55
8392068.0,85,63
8392074.0,94,67
8392091.0,87,55
8392114.0,84,55
8392149.0,86,50
8392158.0,98,67
8392164.0,91,64
8392165.0,86,61
8392229.0,92,52
8392232.0,83,53
8392258.0,91,55
8392268.0,85,54
8392311.0,79,78
8392320.0,90,52
8392321.0,85,60
8392401.0,85,51
8392409.0,87,58
8392422.0,93,54
8392429.0,87,62
8392446.0,89,51
8392470.0,88,52
8392507.0,87,59
8392508.0,95,64
8392523.0,96,60
8392541.0,83,58
8392552.0,85,63
8392568.0,87,55
8392571.0,92,65
8392621.0,87,65
8392632.0,87,51
8392634.0,85,62
8392652.0,88,50
8392667.0,89,52
8392681.0,89,54
8392687.0,93,64
8392708.0,83,60
8392726.0,88,63
8392751.0,95,59
8392824.0,95,66
8392832.0,91,65
8392841.0,87,64
8392845.0,94,60
8392851.0,85,59
8392852.0,91,56
8392854.0,97,63
8392874.0,83,62
8392918.0,89,51
8392936.0,92,52
8392938.0,86,61
8392980.0,97,64
8393008.0,95,58
8393074.0,87,65
8393087.0,90,54
8393094.0,91,59
8393108.0,87,55
8393121.0,99,69
8393125.0,93,55
8393132.0,90,57
8393151.0,84,54
8393221.0,90,53
8393227.0,85,60
8393247.0,83,62
8393255.0,86,55
8393281.0,93,54
8393314.0,86,50
8393339.0,84,64
8393341.0,83,55
8393398.0,91,54
8393465.0,96,60
8393480.0,83,53
8393518.0,89,56
8393551.0,92,56
8393555.0,85,54
8393570.0,90,51
8393674.0,91,53
8393723.0,85,63
8393777.0,86,57
8393787.0,84,64
8393791.0,91,54
8393798.0,84,57
8393855.0,85,59
8393861.0,95,58
8393869.0,83,54
8393901.0,88,50
8393911.0,93,54
8393915.0,87,55
8393915.0,86,63
8393925.0,91,56
8393934.0,91,60
8393954.0,85,51
8393976.0,88,53
8394036.0,90,56
8394069.0,85,63
8394098.0,86,52
8394177.0,83,56
8394188.0,87,63
8394199.0,87,51
8394218.0,88,64
8394230.0,86,63
8394250.0,86,54
8394253.0,88,65
8394290.0,85,61
8394295.0,90,56
8394412.0,85,59
8394425.0,84,58
8394429.0,89,53
8394441.0,86,56
8394458.0,85,53
8394470.0,88,50
8394481.0,97,63
8394525.0,89,51
8394533.0,84,61
8394561.0,86,62
8394597.0,88,51
8394611.0,90,59
8394619.0,84,59
8394663.0,90,53
8394666.0,83,56
8394686.0,91,54
8394689.0,93,67
8394764.0,94,57
8394803.0,99,71
8394809.0,95,58
8394820.0,83,59
8394853.0,90,56
8394855.0,87,53
8394981.0,84,61
8395026.0,93,54
8395036.0,90,51
8395040.0,92,52
8395044.0,91,54
8395059.0,85,63
8395060.0,83,53
8395083.0,85,59
8395088.0,91,52
8395156.0,93,77
8395179.0,92,67
8395189.0,98,71
8395208.0,92,66
8395210.0,88,63
8395212.0,93,53
8395269.0,99,70
8395271.0,92,51
8395294.0,89,51
8395298.0,86,50
8395334.0,91,56
8395360.0,85,53
8395366.0,86,63
8395368.0,87,57
8395398.0,86,53
8395418.0,95,58
8395428.0,99,71
8395434.0,91,52
8395434.0,99,70
8395442.0,83,53
8395454.0,83,56
8395480.0,85,63
8395493.0,93,62
8395494.0,84,61
8395504.0,88,58
8395507.0,99,69
8395510.0,84,60
8395526.0,90,53
8395620.0,91,53
8395650.0,88,53
8395663.0,93,65
8395674.0,91,73
8395687.0,83,61
8395700.0,91,66
8395724.0,94,56
8395736.0,92,61
8395738.0,89,63
8395757.0,84,61
8395805.0,90,73
8395823.0,87,50
8395827.0,86,63
8395902.0,86,51
8395928.0,84,52
8396021.0,85,63
8396034.0,84,53
8396038.0,86,55
8396071.0,84,59
8396079.0,97,65
8396097.0,85,58
8396126.0,91,73
8396141.0,92,51
8396152.0,99,70
8396172.0,83,61
8396183.0,98,69
8396206.0,89,74
8396230.0,91,55
8396247.0,89,57
8396346.0,93,53
8396362.0,86,58
8396373.0,88,56
8396399.0,85,63
8396488.0,94,56
8396534.0,87,50
8396560.0,87,57
8396573.0,92,55
8396596.0,88,61
8396597.0,96,59
8396666.0,85,55
8396675.0,86,60
8396711.0,84,56
8396725.0,89,55
8396735.0,99,71
8396739.0,91,50
8396784.0,88,52
8396795.0,91,54
8396838.0,90,63
8396858.0,83,56
8396863.0,90,65
8396945.0,87,61
8396998.0,85,63
8397011.0,86,54
8397012.0,98,65
8397042.0,87,56
8397050.0,91,52
8397054.0,97,62
8397057.0,89,50
8397105.0,87,60
8397116.0,80,56
8397147.0,86,55
8397175.0,94,63
8397184.0,84,59
8397192.0,85,59
8397216.0,89,65
8397270.0,84,52
8397315.0,85,60
8397325.0,91,55
8397332.0,84,56
8397334.0,96,60
8397341.0,91,60
8397346.0,80,56
8397346.0,86,63
8397358.0,89,52
8397384.0,81,56
8397399.0,84,60
8397436.0,99,68
8397459.0,84,57
8397499.0,90,52
8397517.0,85,54
8397553.0,86,52
8397620.0,86,59
8397639.0,87,50
8397693.0,81,56
8397718.0,85,59
8397724.0,100,75
8397760.0,89,64
8397765.0,86,62
8397771.0,85,63
8397785.0,97,70
8397788.0,92,72
8397860.0,85,52
8397982.0,88,66
8398000.0,96,59
8398005.0,85,58
8398030.0,86,52
8398036.0,86,50
8398042.0,85,62
8398084.0,89,66
8398088.0,95,57
8398137.0,92,51
8398143.0,87,62
8398152.0,87,63
8398173.0,87,52
8398201.0,85,63
8398264.0,91,51
8398281.0,90,52
8398282.0,84,56
8398295.0,87,56
8398306.0,85,58
8398320.0,85,59
8398375.0,94,55
8398416.0,88,63
8398447.0,91,52
8398452.0,85,63
8398463.0,86,60
8398485.0,93,52
8398490.0,85,52
8398501.0,87,52
8398512.0,94,58
8398551.0,86,52
8398588.0,91,63
8398601.0,97,63
8398614.0,85,62
8398658.0,100,72
8398669.0,92,55
8398708.0,88,64
8398812.0,91,52
8398831.0,91,53
8398839.0,88,57
8398857.0,86,52
8398889.0,93,52
8398916.0,88,52
8398939.0,83,53
8398971.0,92,64
8398975.0,88,53
8398987.0,96,59
8399008.0,86,54
8399012.0,87,64
8399052.0,97,62
8399071.0,84,56
8399102.0,89,66
8399128.0,86,53
8399136.0,88,64
8399152.0,87,56
8399155.0,100,73
8399159.0,87,51
8399165.0,91,53
8399177.0,91,54
8399181.0,91,64
8399206.0,97,64
8399221.0,92,54
8399266.0,83,53
8399281.0,88,55
8399291.0,85,60
8399394.0,88,50
8399417.0,85,52
8399437.0,95,57
8399504.0,92,65
8399519.0,91,52
8399608.0,86,51
8399615.0,86,53
8399622.0,86,61
8399632.0,90,64
8399656.0,100,73
8399720.0,86,54
8399723.0,85,57
8399802.0,98,66
8399802.0,87,55
8399851.0,84,53
8399907.0,97,61
8399918.0,89,51
8399929.0,87,59
8399935.0,91,53
8399949.0,93,52
8399961.0,92,56
8400010.0,84,52
8400016.0,90,60
8400031.0,92,55
8400057.0,87,56
8400063.0,85,59
8400074.0,87,55
8400099.0,90,51
8400111.0,83,53
8400121.0,85,58
8400124.0,84,56
8400192.0,87,52
8400208.0,88,64
8400250.0,84,55
8400263.0,91,53
8400270.0,95,57
8400291.0,87,58
8400305.0,85,62
8400316.0,87,54
8400348.0,91,54
8400365.0,91,51
8400393.0,89,54
8400398.0,89,58
8400407.0,92,52
8400417.0,94,59
8400421.0,97,67
8400424.0,89,56
8400439.0,85,53
8400450.0,86,50
8400469.0,94,53
8400473.0,84,54
8400604.0,88,51
8400608.0,85,58
8400673.0,91,51
8400688.0,87,49
8400709.0,92,67
8400712.0,84,56
8400779.0,83,53
8400779.0,94,54
8400784.0,87,52
8400795.0,88,61
8400802.0,90,55
8400812.0,84,60
8400813.0,92,69
8400888.0,86,53
8400896.0,92,50
8400941.0,88,50
8400960.0,88,57
8400977.0,97,67
8401003.0,86,59
8401058.0,94,55
8401090.0,90,51
8401098.0,92,53
8401108.0,88,63
8401112.0,86,51
8401147.0,89,56
8401182.0,93,52
8401195.0,86,58
8401261.0,93,58
8401320.0,94,56
8401350.0,85,60
8401394.0,87,52
8401399.0,91,51
8401400.0,87,62
8401404.0,84,56
8401447.0,90,57
8401449.0,83,53
8401452.0,91,58
8401453.0,93,51
8401487.0,85,61
8401524.0,92,51
8401571.0,97,62
8401579.0,94,54
8401639.0,86,57
8401648.0,84,52
8401649.0,86,51
8401661.0,83,60
8401663.0,92,54
8401670.0,91,53
8401676.0,91,54
8401684.0,90,56
8401713.0,91,51
8401734.0,84,59
8401762.0,89,56
8401769.0,88,57
8401781.0,88,56
8401784.0,84,53
8401800.0,83,53
8401831.0,93,68
8401834.0,92,51
8401862.0,96,58
8401880.0,92,66
8401887.0,92,50
8401929.0,93,66
8401953.0,98,66
8401963.0,84,56
8401981.0,86,53
8402041.0,86,50
8402095.0,88,50
8402097.0,97,67
8402136.0,89,56
8402233.0,86,60
8402298.0,83,60
8402329.0,92,67
8402339.0,99,67
8402377.0,94,69
8402377.0,98,69
8402387.0,87,63
8402406.0,93,51
8402418.0,89,63
8402468.0,86,59
8402526.0,87,53
8402529.0,94,66
8402560.0,91,53
8402581.0,97,60
8402615.0,98,70
8402636.0,87,60
8402641.0,94,53
8402643.0,90,50
8402690.0,85,56
8402698.0,91,51
8402737.0,87,54
8402803.0,85,57
8402816.0,95,57
8402847.0,92,50
8402860.0,85,59
8402971.0,87,55
8402982.0,93,51
8403008.0,99,70
8403015.0,95,56
8403057.0,94,54
8403085.0,97,66
8403099.0,96,58
8403115.0,87,50
8403115.0,91,51
8403131.0,92,53
8403150.0,92,55
8403264.0,85,58
8403271.0,86,52
8403289.0,94,53
8403408.0,83,60
8403411.0,100,74
8403414.0,84,62
8403428.0,91,52
8403474.0,90,53
8403485.0,85,57
8403556.0,87,49
8403624.0,84,59
8403773.0,100,74
8403847.0,86,62
8403851.0,90,50
8403872.0,85,58
8403895.0,86,58
8403918.0,89,62
8403951.0,93,55
8403975.0,88,49
8403979.0,89,52
8403981.0,99,69
8404004.0,87,62
8404010.0,87,54
8404037.0,96,58
8404045.0,97,61
8404048.0,92,55
8404056.0,86,52
8404073.0,94,53
8404122.0,88,62
8404130.0,89,57
8404166.0,100,73
8404198.0,91,51
8404200.0,88,52
8404214.0,92,51
8404234.0,91,52
8404248.0,90,82
8404248.0,85,52
8404269.0,94,67
8404316.0,86,62
8404331.0,100,75
8404335.0,90,52
8404343.0,84,58
8404346.0,95,56
8404374.0,85,57
8404419.0,87,59
8404450.0,83,60
8404456.0,87,51
8404476.0,88,49
8404555.0,92,52
8404560.0,91,51
8404573.0,85,60
8404602.0,90,65
8404603.0,85,55
8404651.0,88,59
8404652.0,85,58
8404708.0,100,73
8404711.0,87,52
8404734.0,97,60
8404736.0,91,52
8404749.0,92,54
8404762.0,93,67
8404771.0,93,68
8404771.0,78,75
8404788.0,100,80
8404797.0,88,51
8404800.0,92,68
8404812.0,85,56
8404843.0,89,64
8404857.0,95,55
8404888.0,87,58
8404902.0,88,56
8404953.0,92,52
8405022.0,87,61
8405069.0,95,56
8405134.0,92,67
8405150.0,87,58
8405216.0,88,55
8405251.0,87,52
8405267.0,93,67
8405290.0,86,60
8405392.0,93,50
8405425.0,88,49
8405491.0,94,52
8405576.0,86,55
8405640.0,92,54
8405641.0,85,59
8405653.0,98,67
8405689.0,92,53
8405751.0,99,67
8405762.0,85,57
8405771.0,87,53
8405792.0,86,53
8405860.0,92,52
8405887.0,87,52
8405936.0,90,54
8405946.0,86,51
8406013.0,87,50
8406023.0,93,50
8406038.0,99,66
8406050.0,90,51
8406059.0,85,51
8406089.0,55,67
8406123.0,91,51
8406129.0,95,56
8406139.0,89,50
8406153.0,85,58
8406155.0,86,55
8406208.0,86,57
8406227.0,92,52
8406262.0,88,56
8406276.0,92,51
8406302.0,93,55
8406326.0,87,50
8406336.0,86,58
8406372.0,89,55
8406378.0,90,49
8406394.0,87,54
8406402.0,87,49
8406432.0,87,52
8406441.0,90,56
8406461.0,86,51
8406470.0,85,54
8406494.0,92,50
8406534.0,91,55
8406561.0,86,77
8406568.0,85,55
8406591.0,87,59
8406592.0,85,52
8406593.0,86,55
8406615.0,88,60
8406641.0,87,51
8406644.0,88,49
8406660.0,93,50
8406667.0,92,59
8406714.0,100,74
8406749.0,85,51
8406753.0,92,64
8406755.0,87,53
8406764.0,87,58
8406779.0,92,54
8406798.0,90,56
8406826.0,91,51
8406846.0,88,50
8406847.0,89,51
8406875.0,87,49
8406913.0,85,53
8406917.0,95,55
8406941.0,86,58
8406950.0,86,51
8406952.0,84,59
8406978.0,90,62
8407001.0,87,52
8407021.0,98,65
8407023.0,91,56
8407037.0,87,51
8407053.0,90,64
8407101.0,97,59
8407107.0,90,49
8407117.0,89,49
8407123.0,86,59
8407190.0,86,55
8407219.0,97,60
8407251.0,87,50
8407296.0,89,64
8407297.0,85,54
8407303.0,96,57
8407321.0,93,65
8407352.0,89,54
8407393.0,93,55
8407395.0,87,52
8407406.0,85,51
8407497.0,93,50
8407537.0,86,52
8407538.0,91,64
8407602.0,87,49
8407620.0,99,66
8407633.0,88,54
8407642.0,92,51
8407648.0,87,50
8407657.0,87,62
8407696.0,87,57
8407703.0,86,61
8407704.0,94,51
8407714.0,88,62
8407769.0,93,56
8407825.0,86,51
8407841.0,86,58
8407849.0,86,57
8407883.0,89,57
8407893.0,93,53
8407897.0,84,59
8407898.0,90,49
8407916.0,93,54
8407961.0,89,59
8407970.0,85,51
8407972.0,85,54
8408016.0,89,56
8408024.0,93,52
8408067.0,92,50
8408069.0,87,59
8408075.0,87,53
8408084.0,92,53
8408087.0,92,52
8408128.0,85,59
8408129.0,91,50
8408137.0,93,50
8408145.0,97,59
8408161.0,87,51
8408183.0,95,54
8408294.0,85,52
8408310.0,85,51
8408320.0,88,55
8408368.0,87,50
8408414.0,77,79
8408439.0,85,54
8408493.0,92,52
8408604.0,90,50
8408608.0,94,51
8408631.0,85,53
8408644.0,87,50
8408728.0,88,63
8408745.0,89,60
8408751.0,89,49
8408751.0,90,55
8408774.0,92,53
8408785.0,85,53
8408805.0,90,63
8408807.0,87,61
8408821.0,86,59
8408870.0,90,56
8408894.0,76,68
8408896.0,100,70
8408923.0,89,63
8408943.0,98,68
8408965.0,95,53
8408975.0,95,54
8409012.0,95,66
8409028.0,87,52
8409043.0,88,53
8409101.0,90,56
8409112.0,92,66
8409123.0,92,63
8409124.0,93,54
8409161.0,91,53
8409189.0,86,56
8409191.0,88,52
8409213.0,79,82
8409240.0,95,56
8409270.0,93,53
8409301.0,99,68
8409333.0,89,49
8409336.0,81,82
8409354.0,99,69
8409374.0,93,68
8409520.0,91,54
8409618.0,90,81
8409641.0,87,51
8409715.0,92,69
8409715.0,98,64
8409721.0,91,50
8409732.0,89,62
8409796.0,92,68
8409841.0,89,53
8409851.0,95,53
8409857.0,90,52
8409892.0,95,54
8409945.0,93,52
8409949.0,88,49
8409954.0,88,55
8409956.0,85,58
8409957.0,89,49
8409967.0,92,52
8410040.0,87,50
8410107.0,93,63
8410121.0,90,49
8410147.0,91,49
8410201.0,96,71
8410230.0,88,59
8410276.0,87,51
8410281.0,87,60
8410290.0,84,58
8410339.0,89,58
8410356.0,94,50
8410394.0,85,59
8410400.0,88,52
8410404.0,92,72
8410416.0,99,70
8410446.0,91,52
8410472.0,96,57
8410486.0,87,53
8410545.0,91,62
8410554.0,95,53
8410584.0,88,51
8410666.0,100,70
8410668.0,94,51
8410670.0,93,55
8410743.0,85,57
8410780.0,85,52
8410818.0,93,51
8410845.0,93,64
8410862.0,91,52
8410916.0,85,59
8410928.0,99,70
8410966.0,89,56
8410987.0,89,51
8410998.0,87,51
8411007.0,93,51
8411015.0,88,53
8411022.0,98,66
8411049.0,87,58
8411053.0,94,64
8411061.0,87,50
8411106.0,92,58
8411141.0,93,67
8411191.0,88,54
8411237.0,88,61
8411292.0,93,64
8411293.0,92,52
8411313.0,95,52
8411323.0,95,53
8411360.0,93,52
8411369.0,92,53
8411372.0,91,52
8411386.0,85,58
8411389.0,93,53
8411429.0,84,52
8411433.0,90,51
8411445.0,89,51
8411507.0,98,63
8411520.0,94,50
8411535.0,86,60
8411546.0,93,51
8411553.0,89,55
8411583.0,89,52
8411585.0,96,55
8411587.0,92,57
8411616.0,87,54
8411619.0,88,58
8411624.0,91,52
8411650.0,86,55
8411698.0,86,51
8411709.0,90,57
8411715.0,85,57
8411719.0,87,58
8411720.0,96,56
8411725.0,93,51
8411750.0,92,61
8411755.0,94,57
8411763.0,86,57
8411771.0,99,67
8411775.0,87,50
8411813.0,88,53
8411871.0,84,52
8411914.0,85,59
8411976.0,90,53
8411997.0,88,59
8412002.0,91,49
8412005.0,86,56
8412010.0,98,61
8412042.0,88,50
8412044.0,86,61
8412062.0,92,71
8412113.0,95,54
8412116.0,89,62
8412153.0,94,50
8412186.0,92,51
8412204.0,86,55
8412269.0,87,50
8412277.0,98,63
8412294.0,88,49
8412299.0,84,61
8412301.0,88,51
8412305.0,89,56
8412333.0,92,74
8412372.0,91,54
8412380.0,86,57
8412403.0,89,84
8412475.0,93,50
8412487.0,99,68
8412504.0,94,68
8412514.0,96,56
8412538.0,87,80
8412545.0,94,56
8412559.0,99,65
8412572.0,85,51
8412581.0,85,59
8412662.0,92,67
8412664.0,91,80
8412675.0,95,52
8412701.0,87,61
8412708.0,95,55
8412729.0,90,62
8412734.0,97,58
8412767.0,87,57
8412847.0,92,68
8412855.0,86,54
8412891.0,85,57
8412911.0,89,60
8412930.0,88,57
8412970.0,93,51
8412988.0,98,64
8413023.0,87,80
8413046.0,84,61
8413052.0,92,65
8413083.0,85,58
8413095.0,91,79
8413104.0,92,58
8413118.0,91,80
8413123.0,86,55
8413142.0,87,61
8413205.0,92,51
8413223.0,83,61
8413236.0,98,66
8413265.0,98,61
8413269.0,68,59
8413274.0,86,57
8413354.0,92,62
8413382.0,94,55
8413416.0,88,62
8413435.0,67,59
8413447.0,90,49
8413465.0,90,59
8413472.0,93,50
8413488.0,94,50
8413497.0,90,50
8413562.0,88,59
8413599.0,91,51
8413609.0,84,61
8413635.0,86,58
8413638.0,95,51
8413657.0,88,49
8413716.0,98,65
8413727.0,89,61
8413737.0,82,61
8413756.0,96,56
8413771.0,87,61
8413789.0,93,50
8413817.0,86,52
8413835.0,86,51
8413842.0,83,61
8413848.0,95,61
8413855.0,84,61
8413867.0,87,50
8413896.0,91,51
8413910.0,98,60
8413911.0,92,68
8413940.0,86,55
8413959.0,87,52
8413969.0,93,51
8414019.0,89,59
8414070.0,92,78
8414093.0,91,79
8414096.0,91,65
8414109.0,89,55
8414110.0,88,53
8414137.0,91,59
8414146.0,94,51
8414195.0,93,52
8414209.0,92,50
8414221.0,69,60
8414226.0,88,52
8414295.0,86,59
8414366.0,86,53
8414404.0,88,61
8414415.0,87,61
8414476.0,93,51
8414491.0,88,63
8414501.0,95,51
8414506.0,87,56
8414506.0,93,54
8414517.0,89,54
8414523.0,87,52
8414525.0,98,61
8414529.0,93,50
8414600.0,87,60
8414607.0,92,64
8414610.0,86,55
8414665.0,82,61
8414709.0,91,51
8414732.0,89,54
8414738.0,87,50
8414796.0,86,60
8414816.0,89,49
8414820.0,91,79
8414821.0,96,55
8414830.0,94,55
8414837.0,89,63
8414837.0,86,55
8414838.0,88,60
8414856.0,98,62
8414873.0,87,59
8414888.0,92,55
8414907.0,93,50
8414926.0,91,63
8414932.0,92,50
8414942.0,86,51
8414946.0,89,55
8414948.0,85,57
8414948.0,93,52
8414962.0,94,54
8415013.0,99,67
8415017.0,91,51
8415026.0,95,51
8415111.0,69,60
8415118.0,99,65
8415127.0,83,61
8415157.0,88,51
8415167.0,93,53
8415226.0,92,49
8415227.0,89,48
8415230.0,87,57
8415241.0,90,79
8415342.0,88,50
8415368.0,87,61
8415386.0,39,102
8415405.0,92,72
8415409.0,87,52
8415414.0,92,53
8415431.0,86,52
8415435.0,89,63
8415455.0,87,58
8415456.0,90,49
8415460.0,90,54
8415464.0,89,55
8415477.0,85,57
8415483.0,88,52
8415497.0,91,79
8415503.0,93,67
8415507.0,96,56
8415558.0,91,72
8415598.0,91,63
8415636.0,83,61
8415645.0,87,63
8415652.0,94,52
8415663.0,86,52
8415663.0,98,61
8415673.0,95,51
8415735.0,93,64
8415756.0,97,57
8415797.0,94,68
8415833.0,87,50
8415837.0,91,49
8415849.0,99,71
8415851.0,97,58
8415868.0,93,50
8415874.0,92,49
8415875.0,87,51
8415933.0,87,56
8415945.0,91,50
8415996.0,93,51
8416023.0,89,53
8416059.0,89,58
8416062.0,91,62
8416065.0,89,63
8416091.0,100,72
8416093.0,87,57
8416126.0,91,56
8416147.0,87,52
8416162.0,92,52
8416180.0,88,51
8416206.0,94,53
8416235.0,96,54
8416236.0,90,48
8416293.0,92,49
8416348.0,89,52
8416355.0,93,51
8416358.0,86,58
8416394.0,86,52
8416420.0,99,73
8416427.0,94,54
8416429.0,85,57
8416434.0,89,50
8416445.0,93,52
8416452.0,93,53
8416472.0,98,60
8416497.0,90,52
8416506.0,94,53
8416556.0,92,63
8416563.0,83,61
8416599.0,92,52
8416608.0,93,67
8416623.0,86,54
8416665.0,89,51
8416673.0,96,53
8416699.0,90,63
8416773.0,89,52
8416791.0,97,57
8416792.0,95,50
8416804.0,91,72
8416817.0,87,57
8416825.0,92,49
8416840.0,90,52
8416847.0,91,79
8416900.0,86,72
8416941.0,100,66
8416965.0,100,72
8416969.0,99,71
8416997.0,100,70
8416998.0,85,54
8417005.0,91,64
8417111.0,88,58
8417174.0,96,55
8417179.0,87,73
8417202.0,96,54
8417219.0,100,76
8417230.0,91,73
8417280.0,92,74
8417283.0,86,72
8417306.0,85,57
8417321.0,88,50
8417322.0,100,71
8417361.0,86,51
8417412.0,90,50
8417491.0,90,61
8417500.0,93,67
8417501.0,93,52
8417516.0,97,57
8417518.0,88,59
8417539.0,91,51
8417541.0,85,73
8417557.0,92,54
8417588.0,87,73
8417589.0,91,73
8417590.0,83,54
8417594.0,94,53
8417597.0,90,55
8417631.0,81,81
8417662.0,99,65
8417674.0,90,56
8417678.0,86,59
8417711.0,89,54
8417715.0,93,62
8417722.0,93,66
8417736.0,94,55
8417739.0,89,52
8417749.0,89,61
8417758.0,92,51
8417794.0,93,51
8417830.0,100,66
8417847.0,96,53
8417927.0,94,54
8418007.0,86,59
8418056.0,92,54
8418070.0,85,57
8418110.0,94,52
8418163.0,89,49
8418166.0,92,55
8418215.0,90,48
8418236.0,88,49
8418272.0,87,58
8418273.0,94,51
8418296.0,86,56
8418303.0,86,57
8418320.0,96,52
8418324.0,93,51
8418324.0,89,59
8418338.0,87,73
8418351.0,54,66
8418362.0,87,55
8418367.0,96,54
8418367.0,99,71
8418380.0,85,57
8418394.0,83,54
8418401.0,96,55
8418415.0,94,55
8418431.0,94,52
8418447.0,100,69
8418465.0,88,50
8418487.0,98,59
8418490.0,100,66
8418494.0,95,50
8418532.0,89,48
8418543.0,89,51
8418571.0,88,56
8418581.0,91,49
8418586.0,98,61
8418636.0,89,50
8418637.0,86,58
8418714.0,88,60
8418751.0,88,49
8418752.0,93,51
8418779.0,88,61
8418780.0,89,51
8418782.0,96,53
8418801.0,80,80
8418822.0,93,50
8418825.0,89,53
8418877.0,88,57
8418880.0,98,64
8418914.0,92,59
8418919.0,88,62
8418988.0,96,52
8419007.0,92,61
8419020.0,94,50
8419024.0,87,51
8419053.0,88,61
8419073.0,94,52
8419079.0,88,53
8419103.0,91,50
8419117.0,92,62
8419176.0,88,77
8419202.0,90,59
8419236.0,99,69
8419275.0,86,56
8419295.0,92,50
8419368.0,87,50
8419392.0,91,61
8419455.0,88,76
8419504.0,90,48
8419532.0,90,62
8419546.0,86,57
8419624.0,84,53
8419635.0,88,77
8419643.0,91,56
8419671.0,90,56
8419675.0,89,62
8419698.0,88,57
8419732.0,90,63
8419740.0,93,50
8419772.0,89,54
8419792.0,89,49
8419793.0,91,63
8419812.0,99,66
8419857.0,92,48
8419881.0,94,53
8419909.0,97,56
8419947.0,96,52
8419953.0,89,52
8419973.0,98,59
8420054.0,98,63
8420073.0,87,49
8420116.0,89,49
8420128.0,87,56
8420130.0,94,54
8420131.0,84,53
8420181.0,86,55
8420237.0,90,49
8420294.0,94,50
8420329.0,96,51
8420332.0,93,49
8420402.0,88,82
8420413.0,95,55
8420482.0,91,63
8420491.0,86,56
8420524.0,95,56
8420525.0,88,57
8420535.0,94,53
8420548.0,88,51
8420583.0,94,51
8420583.0,87,50
8420612.0,89,53
8420664.0,88,59
8420692.0,94,60
8420694.0,97,57
8420696.0,87,52
8420722.0,87,54
8420737.0,86,57
8420777.0,97,56
8420834.0,87,49
8420835.0,90,54
8420884.0,91,54
8420884.0,87,56
8420889.0,93,50
8420944.0,87,51
8421042.0,96,51
8421054.0,94,55
8421077.0,67,56
8421094.0,89,51
8421127.0,89,60
8421140.0,94,64
8421157.0,100,70
8421170.0,93,58
8421201.0,89,52
8421259.0,87,57
8421320.0,99,65
8421333.0,87,53
8421380.0,93,49
8421429.0,97,56
8421439.0,87,56
8421478.0,89,48
8421490.0,88,61
8421501.0,92,48
8421549.0,90,61
8421585.0,91,48
8421624.0,90,51
8421643.0,92,53
8421825.0,87,49
8421867.0,88,56
8421881.0,89,49
8421893.0,94,50
8421912.0,89,57
8421952.0,97,57
8422023.0,88,58
8422032.0,87,59
8422037.0,98,58
8422073.0,97,56
8422080.0,88,52
8422135.0,90,55
8422157.0,87,49
8422181.0,89,50
8422197.0,100,71
8422217.0,94,54
8422226.0,89,49
8422342.0,95,52
8422396.0,95,54
8422414.0,100,67
8422626.0,86,57
8422681.0,93,49
8422737.0,88,52
8422816.0,86,56
8422826.0,87,58
8422852.0,88,55
8422892.0,96,50
8422969.0,94,52
8423037.0,98,58
8423041.0,97,55
8423119.0,87,58
8423124.0,94,53
8423160.0,92,49
8423191.0,87,50
8423204.0,95,53
8423372.0,90,54
8423380.0,90,53
8423419.0,89,50
8423468.0,89,53
8423525.0,97,54
8423532.0,87,56
8423575.0,90,52
8423577.0,89,58
8423622.0,89,59
8423638.0,96,50
8423656.0,91,51
8423709.0,93,48
8423712.0,97,53
8423728.0,94,51
8423740.0,90,48
8423792.0,91,52
8423806.0,94,52
8423830.0,87,52
8423831.0,87,58
8423859.0,97,55
8423869.0,99,66
8423923.0,90,53
8423930.0,87,57
8423990.0,88,60
8424009.0,91,55
8424061.0,90,51
8424069.0,89,57
8424084.0,90,50
8424123.0,88,56
8424168.0,97,56
8424191.0,86,56
8424204.0,88,50
8424229.0,95,54
8424234.0,95,51
8424272.0,99,65
8424274.0,93,54
8424305.0,95,50
8424337.0,89,60
8424342.0,90,54
8424349.0,92,51
8424403.0,94,51
8424444.0,90,59
8424452.0,91,53
8424455.0,96,50
8424517.0,93,55
8424544.0,88,60
8424595.0,95,50
8424612.0,97,54
8424664.0,90,53
8424667.0,89,56
8424681.0,97,55
8424856.0,90,49
8424883.0,93,48
8424904.0,89,62
8424916.0,97,53
8424925.0,89,60
8424977.0,93,50
8425022.0,95,52
8425026.0,100,67
8425051.0,95,50
8425062.0,94,50
8425101.0,89,49
8425257.0,92,50
8425268.0,99,67
8425274.0,95,50
8425358.0,90,48
8425365.0,90,53
8425399.0,90,60
8425436.0,100,70
8425442.0,95,53
8425497.0,98,57
8425514.0,90,50
8425558.0,97,54
8425561.0,91,64
8425575.0,95,51
8425585.0,97,52
8425715.0,88,55
8425736.0,97,53
8425745.0,92,64
8425747.0,89,49
8425765.0,89,57
8425797.0,93,49
8425804.0,95,55
8425866.0,94,50
8425912.0,90,50
8425915.0,88,56
8425917.0,95,54
8426055.0,89,59
8426110.0,95,50
8426129.0,90,57
8426131.0,91,58
8426138.0,92,63
8426146.0,91,62
8426195.0,93,48
8426246.0,87,57
8426250.0,100,66
8426255.0,94,49
8426265.0,89,49
8426287.0,88,50
8426311.0,87,56
8426322.0,92,64
8426323.0,93,57
8426343.0,88,54
8426362.0,90,52
8426368.0,93,54
8426384.0,92,51
8426415.0,65,66
8426444.0,98,57
8426590.0,88,57
8426646.0,94,67
8426683.0,87,55
8426692.0,95,54
8426758.0,90,49
8426802.0,92,48
8426857.0,91,64
8426894.0,65,66
8426923.0,93,64
8426924.0,97,52
8426935.0,89,61
8426938.0,94,49
8426988.0,93,69
8427042.0,88,59
8427072.0,93,62
8427084.0,97,51
8427144.0,90,49
8427155.0,92,61
8427171.0,91,54
8427213.0,98,66
8427241.0,91,55
8427264.0,89,58
8427280.0,95,50
8427348.0,100,69
8427389.0,88,53
8427446.0,90,48
8427483.0,92,64
8427490.0,87,55
8427490.0,87,56
8427500.0,95,54
8427524.0,88,50
8427534.0,90,50
8427541.0,99,60
8427551.0,95,51
8427563.0,95,50
8427588.0,99,63
8427617.0,90,51
8427622.0,92,48
8427644.0,88,52
8427659.0,92,72
8427665.0,99,62
8427697.0,97,52
8427764.0,93,53
8427774.0,89,50
8427781.0,91,54
8427889.0,93,51
8427907.0,88,51
8427923.0,95,52
8427944.0,91,55
8428024.0,90,62
8428048.0,94,55
8428050.0,93,71
8428113.0,90,50
8428152.0,99,61
8428160.0,89,63
8428172.0,87,59
8428178.0,94,57
8428211.0,88,60
8428276.0,90,60
8428296.0,99,60
8428321.0,97,50
8428353.0,94,48
8428354.0,98,56
8428356.0,99,65
8428386.0,100,73
8428401.0,94,62
8428568.0,100,66
8428585.0,89,61
8428622.0,89,60
8428634.0,90,49
8428642.0,88,58
8428673.0,90,56
8428677.0,92,47
8428736.0,95,54
8428739.0,87,59
8428746.0,92,62
8428749.0,92,52
8428758.0,87,56
8428803.0,95,53
8428806.0,87,55
8428833.0,91,53
8428847.0,90,56
8428852.0,88,55
8428867.0,95,50
8428869.0,89,60
8428895.0,90,61
8428905.0,100,70
8429002.0,95,52
8429065.0,87,54
8429093.0,93,48
8429108.0,89,55
8429137.0,87,60
8429142.0,94,49
8429204.0,89,56
8429221.0,99,66
8429228.0,98,56
8429268.0,99,65
8429303.0,99,59
8429330.0,90,49
8429361.0,92,47
8429381.0,94,56
8429382.0,87,58
8429435.0,99,60
8429444.0,97,51
8429480.0,98,57
8429482.0,89,61
8429613.0,95,51
8429618.0,88,55
8429684.0,98,55
8429705.0,95,50
8429711.0,90,53
8429722.0,87,58
8429737.0,91,52
8429738.0,89,60
8429749.0,98,56
8429756.0,91,51
8429765.0,87,60
8429782.0,99,62
8429797.0,91,50
8429802.0,96,52
8429868.0,91,48
8429925.0,99,61
8429952.0,95,52
8429983.0,96,51
8429991.0,89,56
8429997.0,91,54
8430082.0,95,62
8430111.0,94,48
8430129.0,89,55
8430156.0,93,63
8430170.0,99,66
8430171.0,95,51
8430186.0,95,50
8430193.0,97,50
8430224.0,95,53
8430236.0,99,59
8430250.0,95,62
8430257.0,98,59
8430269.0,88,55
8430297.0,91,48
8430331.0,87,58
8430370.0,96,54
8430421.0,92,47
8430442.0,87,56
8430457.0,95,50
8430535.0,98,56
8430541.0,91,49
8430597.0,89,61
8430607.0,90,59
8430618.0,93,48
8430626.0,93,50
8430727.0,86,84
8430731.0,89,49
8430749.0,86,56
8430758.0,91,61
8430782.0,88,56
8430829.0,90,49
8430856.0,96,53
8430868.0,91,53
8430944.0,94,54
8430975.0,91,48
8431028.0,91,54
8431067.0,96,52
8431068.0,99,65
8431078.0,90,56
8431100.0,98,58
8431129.0,98,56
8431135.0,99,59
8431138.0,92,55
8431138.0,93,48
8431145.0,98,55
8431161.0,89,61
8431183.0,96,50
8431201.0,95,51
8431332.0,88,59
8431375.0,95,50
8431409.0,87,57
8431432.0,98,54
8431472.0,91,60
8431478.0,95,49
8431479.0,100,65
8431508.0,88,49
8431532.0,91,50
8431550.0,94,63
8431552.0,89,57
8431580.0,98,53
8431643.0,89,61
8431763.0,88,50
8431773.0,91,53
8431776.0,91,50
8431801.0,87,55
8431805.0,91,57
8431835.0,89,49
8431861.0,89,57
8431906.0,96,61
8431925.0,98,52
8431949.0,89,58
8431951.0,98,55
8431956.0,89,59
8431966.0,92,47
8432016.0,86,55
8432039.0,100,66
8432057.0,89,54
8432064.0,99,59
8432077.0,92,53
8432148.0,97,62
8432161.0,88,58
8432223.0,88,59
8432233.0,89,58
8432240.0,88,49
8432260.0,98,54
8432344.0,96,53
8432351.0,93,47
8432371.0,88,53
8432421.0,91,52
8432557.0,95,48
8432575.0,87,85
8432582.0,98,52
8432695.0,99,58
8432806.0,98,55
8432850.0,96,54
8432895.0,89,58
8432899.0,90,55
8432909.0,89,54
8432918.0,98,53
8432937.0,96,51
8433002.0,97,52
8433002.0,92,54
8433014.0,95,49
8433018.0,92,60
8433040.0,98,51
8433042.0,89,55
8433120.0,98,54
8433127.0,89,52
8433170.0,100,67
8433180.0,87,55
8433198.0,96,54
8433215.0,99,65
8433286.0,91,74
8433296.0,87,56
8433359.0,96,50
8433375.0,100,67
8433412.0,88,57
8433421.0,89,49
8433445.0,89,57
8433475.0,93,47
8433484.0,90,50
8433494.0,95,48
8433501.0,99,62
8433501.0,91,51
8433576.0,89,50
8433601.0,89,51
8433627.0,90,61
8433665.0,91,50
8433674.0,91,49
8433683.0,91,56
8433694.0,87,56
8433703.0,89,49
8433750.0,96,50
8433955.0,92,47
8434033.0,99,58
8434059.0,89,55
8434061.0,93,87
8434155.0,92,55
8434369.0,98,50
8434371.0,98,51
8434406.0,90,59
8434414.0,88,56
8434419.0,95,48
8434450.0,89,49
8434515.0,97,54
8434547.0,96,50
8434584.0,89,56
8434602.0,92,61
8434616.0,89,59
8434620.0,100,65
8434660.0,89,53
8434667.0,99,57
8434737.0,90,59
8434744.0,98,54
8434745.0,90,58
8434749.0,94,50
8434781.0,96,54
8434808.0,96,50
8434890.0,98,52
8434892.0,90,49
8434898.0,93,47
8434936.0,93,65
8435003.0,91,60
8435062.0,98,50
8435144.0,95,62
8435220.0,90,49
8435243.0,89,60
8435246.0,90,54
8435251.0,92,49
8435287.0,88,57
8435337.0,91,63
8435466.0,94,48
8435521.0,88,52
8435535.0,89,52
8435587.0,89,57
8435601.0,88,55
8435614.0,94,49
8435622.0,93,67
8435623.0,93,55
8435666.0,88,57
8435692.0,90,59
8435786.0,88,54
8435897.0,93,67
8435910.0,93,66
8435944.0,88,52
8435986.0,96,51
8435992.0,89,60
8435997.0,92,48
8436014.0,91,76
8436071.0,93,68
8436136.0,97,52
8436151.0,79,90
8436164.0,92,54
8436246.0,91,48
8436284.0,92,50
8436289.0,90,60
8436338.0,100,68
8436424.0,92,56
8436447.0,96,54
8436448.0,92,51
8436475.0,97,50
8436535.0,98,50
8436631.0,92,63
8436640.0,89,60
8436655.0,93,68
8436708.0,97,51
8436722.0,92,65
8436733.0,96,53
8436738.0,88,54
8436745.0,92,49
8436836.0,96,51
8436892.0,92,53
8436901.0,94,48
8436925.0,88,56
8437051.0,96,52
8437064.0,93,52
8437067.0,97,53
8437069.0,90,53
8437092.0,88,55
8437095.0,92,47
8437100.0,96,50
8437136.0,89,56
8437137.0,90,51
8437158.0,91,48
8437167.0,96,49
8437192.0,89,50
8437197.0,90,49
8437214.0,95,50
8437258.0,97,52
8437285.0,97,54
8437302.0,92,54
8437305.0,92,52
8437336.0,97,50
8437337.0,94,50
8437340.0,89,53
8437341.0,92,53
8437363.0,92,65
8437383.0,97,55
8437391.0,93,64
8437401.0,94,48
8437487.0,99,57
8437558.0,97,52
8437561.0,90,50
8437598.0,99,58
8437601.0,89,54
8437625.0,90,83
8437676.0,89,60
8437725.0,91,62
8437761.0,94,49
8437846.0,89,50
8437848.0,96,48
8437891.0,97,51
8438006.0,92,52
8438021.0,89,51
8438022.0,91,66
8438024.0,85,83
8438080.0,96,50
8438090.0,89,54
8438156.0,97,53
8438157.0,92,53
8438190.0,97,51
8438255.0,92,67
8438258.0,99,54
8438265.0,85,85
8438281.0,99,56
8438305.0,97,52
8438311.0,95,54
8438317.0,90,83
8438322.0,92,48
8438327.0,88,55
8438352.0,99,51
8438364.0,97,54
8438368.0,94,47
8438404.0,99,66
8438408.0,96,48
8438526.0,88,53
8438560.0,99,65
8438592.0,90,55
8438596.0,93,53
8438612.0,96,49
8438650.0,97,50
8438694.0,90,54
8438747.0,89,50
8438769.0,98,55
8438773.0,99,52
8438778.0,89,51
8438786.0,91,66
8438791.0,88,51
8438795.0,93,60
8438843.0,96,48
8438869.0,87,76
8438958.0,98,60
8438978.0,97,51
8439004.0,89,54
8439018.0,90,49
8439062.0,99,54
8439091.0,99,51
8439108.0,99,55
8439118.0,99,53
8439133.0,88,51
8439134.0,91,55
8439194.0,87,55
8439203.0,93,62
8439227.0,89,50
8439234.0,87,81
8439244.0,97,55
8439257.0,95,66
8439266.0,94,47
8439301.0,85,85
8439311.0,99,56
8439371.0,92,51
8439388.0,91,56
8439389.0,90,55
8439422.0,89,51
8439440.0,57,63
8439461.0,87,55
8439495.0,97,51
8439520.0,91,54
8439521.0,91,48
8439564.0,99,55
8439575.0,99,54
8439580.0,96,56
8439590.0,94,63
8439638.0,95,51
8439642.0,89,54
8439662.0,90,51
8439702.0,90,50
8439729.0,92,48
8439747.0,92,63
8439765.0,99,50
8439808.0,97,53
8439814.0,99,53
8439834.0,97,47
8439836.0,97,63
8439852.0,99,51
8439860.0,88,54
8439950.0,90,57
8439989.0,90,60
8439999.0,84,84
8440007.0,57,63
8440034.0,99,52
8440051.0,97,54
8440053.0,93,50
8440081.0,93,68
8440087.0,89,58
8440138.0,97,51
8440177.0,94,65
8440181.0,95,48
8440236.0,94,61
8440263.0,89,57
8440265.0,90,59
8440278.0,92,50
8440279.0,90,54
8440287.0,99,54
8440292.0,88,57
8440329.0,89,58
8440337.0,89,55
8440393.0,93,69
8440453.0,101,70
8440500.0,93,54
8440514.0,97,51
8440519.0,90,57
8440535.0,92,49
8440561.0,95,61
8440583.0,90,52
8440585.0,84,84
8440603.0,97,54
8440670.0,95,52
8440802.0,99,55
8440883.0,99,54
8440957.0,90,49
8440993.0,90,54
8441034.0,93,47
8441048.0,92,48
8441051.0,90,52
8441064.0,85,85
8441083.0,91,48
8441096.0,88,54
8441222.0,88,55
8441252.0,95,49
8441296.0,88,52
8441470.0,90,49
8441478.0,95,48
8441492.0,90,58
8441510.0,92,48
8441566.0,99,69
8441582.0,92,62
8441617.0,88,57
8441638.0,95,62
8441778.0,99,51
8441797.0,99,70
8441799.0,93,48
8441801.0,93,51
8441849.0,92,60
8441859.0,95,47
8441870.0,99,56
8441926.0,90,53
8441936.0,99,50
8441947.0,85,85
8441964.0,90,54
8441989.0,97,53
8441989.0,94,62
8442003.0,101,73
8442010.0,90,51
8442019.0,98,50
8442022.0,100,59
8442055.0,97,52
8442061.0,99,69
8442080.0,90,59
8442081.0,90,52
8442087.0,90,56
8442128.0,93,49
8442155.0,100,60
8442168.0,93,50
8442205.0,85,85
8442224.0,88,57
8442267.0,97,49
8442278.0,99,70
8442305.0,89,57
8442317.0,98,52
8442332.0,97,50
8442346.0,97,54
8442367.0,92,59
8442377.0,90,54
8442461.0,100,71
8442464.0,90,49
8442481.0,101,70
8442505.0,100,61
8442573.0,93,47
8442611.0,93,70
8442724.0,91,48
8442745.0,95,47
8442750.0,92,59
8442860.0,96,63
8442868.0,89,58
8442887.0,97,48
8442909.0,99,55
8442947.0,97,51
8442955.0,89,55
8442957.0,100,69
8443012.0,95,49
8443028.0,93,47
8443083.0,90,49
8443106.0,100,59
8443107.0,98,50
8443178.0,92,47
8443227.0,95,63
8443245.0,99,70
8443264.0,97,49
8443311.0,91,56
8443330.0,89,58
8443371.0,97,66
8443395.0,95,48
8443418.0,100,58
8443446.0,90,54
8443472.0,95,47
8443481.0,97,53
8443490.0,97,50
8443558.0,100,60
8443619.0,95,67
8443625.0,97,52
8443729.0,91,60
8443734.0,101,68
8443735.0,93,47
8443737.0,89,54
8443738.0,91,61
8443750.0,97,48
8443789.0,98,51
8443875.0,89,56
8443888.0,100,65
8443912.0,91,48
8443935.0,94,70
8443952.0,89,53
8444009.0,91,60
8444062.0,98,52
8444067.0,100,61
8444109.0,93,61
8444114.0,101,69
8444209.0,94,69
8444218.0,93,53
8444258.0,93,47
8444265.0,89,58
8444294.0,93,52
8444369.0,97,54
8444371.0,100,53
8444382.0,99,57
8444428.0,95,49
8444440.0,100,58
8444473.0,90,55
8444496.0,91,55
8444524.0,89,55
8444592.0,91,48
8444597.0,93,54
8444609.0,92,55
8444661.0,97,48
8444670.0,91,58
8444721.0,98,53
8444748.0,100,57
8444828.0,97,53
8444839.0,88,54
8444898.0,89,53
8444931.0,100,59
8444943.0,90,59
8444950.0,91,54
8444976.0,90,58
8444986.0,98,50
8445027.0,93,48
8445048.0,97,65
8445077.0,91,49
8445107.0,100,53
8445132.0,91,60
8445151.0,93,52
8445160.0,90,50
8445172.0,100,60
8445186.0,100,52
8445282.0,99,54
8445289.0,91,49
8445303.0,100,65
8445306.0,89,54
8445316.0,96,50
8445364.0,93,60
8445555.0,90,59
8445620.0,94,52
8445653.0,94,50
8445700.0,90,57
8445720.0,91,50
8445729.0,100,51
8445750.0,91,48
8445794.0,91,53
8445863.0,98,54
8445875.0,96,64
8445881.0,93,48
8445917.0,96,48
8445950.0,100,62
8445953.0,100,53
8445972.0,100,50
8445972.0,91,49
8445994.0,100,57
8446014.0,94,47
8446071.0,61,47
8446140.0,98,55
8446142.0,98,51
8446151.0,96,49
8446172.0,100,52
8446177.0,62,47
8446191.0,90,53
8446272.0,100,54
8446306.0,100,64
8446308.0,93,53
8446310.0,91,57
8446316.0,91,51
8446379.0,88,79
8446413.0,100,58
8446452.0,100,55
8446455.0,98,53
8446462.0,99,53
8446486.0,61,47
8446498.0,95,47
8446529.0,100,56
8446563.0,94,53
8446622.0,98,51
8446648.0,100,59
8446693.0,91,48
8446822.0,94,48
8446844.0,91,53
8446848.0,92,61
8446903.0,100,53
8446925.0,95,53
8446962.0,100,51
8446995.0,100,52
8447003.0,86,79
8447013.0,89,54
8447022.0,100,57
8447118.0,91,54
8447159.0,99,69
8447173.0,100,54
8447175.0,93,63
8447191.0,90,53
8447192.0,92,48
8447267.0,95,53
8447296.0,98,54
8447297.0,96,48
8447306.0,91,52
8447350.0,94,47
8447356.0,94,51
8447395.0,100,58
8447404.0,91,53
8447406.0,90,75
8447504.0,100,56
8447515.0,92,52
8447580.0,100,55
8447596.0,100,50
8447676.0,89,83
8447771.0,98,54
8447858.0,95,46
8447886.0,91,59
8447917.0,91,54
8447991.0,98,48
8448000.0,93,59
8448013.0,90,53
8448036.0,98,50
8448108.0,91,53
8448137.0,91,51
8448176.0,97,48
8448181.0,90,55
8448224.0,100,63
8448225.0,94,49
8448247.0,100,54
8448264.0,96,47
8448292.0,90,59
8448296.0,98,51
8448302.0,90,54
8448312.0,96,49
8448320.0,101,68
8448332.0,96,48
8448367.0,89,84
8448406.0,86,84
8448434.0,99,50
8448441.0,98,53
8448455.0,94,54
8448467.0,101,67
8448469.0,91,51
8448508.0,98,79
8448528.0,94,48
8448595.0,100,55
8448609.0,91,53
8448613.0,97,48
8448667.0,100,69
8448729.0,92,50
8448746.0,91,58
8448747.0,99,51
8448835.0,98,48
8448853.0,98,50
8448866.0,89,84
8448919.0,89,82
8448936.0,97,79
8448959.0,96,52
8448987.0,99,55
8449021.0,95,60
8449039.0,94,52
8449089.0,100,56
8449099.0,93,47
8449162.0,89,53
8449182.0,91,51
8449265.0,93,56
8449276.0,91,53
8449279.0,95,61
8449281.0,97,48
8449291.0,90,53
8449318.0,98,49
8449322.0,94,61
8449347.0,96,47
8449378.0,98,51
8449406.0,96,49
8449538.0,55,66
8449563.0,98,53
8449597.0,94,50
8449604.0,99,52
8449605.0,94,48
8449613.0,91,56
8449621.0,99,50
8449622.0,97,48
8449636.0,91,52
8449664.0,92,55
8449673.0,100,62
8449689.0,90,80
8449709.0,92,73
8449743.0,100,56
8449758.0,98,78
8449772.0,90,57
8449793.0,91,51
8449797.0,93,55
8449870.0,96,67
8449879.0,94,51
8449912.0,93,72
8449934.0,101,66
8449976.0,98,52
8449993.0,91,73
8450006.0,100,70
8450007.0,91,55
8450049.0,93,55
8450068.0,91,56
8450100.0,98,54
8450156.0,91,60
8450161.0,92,48
8450190.0,93,48
8450293.0,97,79
8450298.0,88,83
8450337.0,99,51
8450376.0,92,58
8450420.0,91,53
8450447.0,96,46
8450525.0,97,48
8450556.0,90,56
8450595.0,93,71
8450661.0,100,55
8450679.0,89,54
8450687.0,91,52
8450695.0,98,53
8450696.0,98,48
8450711.0,97,49
8450738.0,91,56
8450769.0,93,50
8450818.0,92,54
8450828.0,101,52
8450876.0,92,53
8450882.0,90,54
8450902.0,95,46
8450917.0,91,51
8451002.0,90,56
8451008.0,99,52
8451029.0,94,60
8451038.0,107,98
8451086.0,98,54
8451095.0,99,53
8451143.0,91,53
8451158.0,101,53
8451197.0,101,50
8451207.0,94,62
8451211.0,96,46
8451298.0,92,49
8451311.0,94,52
8451316.0,91,51
8451339.0,100,65
8451342.0,108,98
8451398.0,99,52
8451416.0,101,51
8451464.0,93,52
8451561.0,94,50
8451597.0,94,48
8451625.0,94,53
8451640.0,101,75
8451652.0,89,53
8451652.0,91,53
8451666.0,95,62
8451692.0,92,50
8451740.0,95,47
8451748.0,97,50
8451751.0,95,58
8451798.0,101,50
8451886.0,85,80
8451923.0,91,59
8451924.0,94,47
8451962.0,90,56
8451965.0,97,48
8451982.0,90,55
8451983.0,94,51
8452012.0,90,53
8452036.0,101,51
8452049.0,101,65
8452086.0,99,53
8452125.0,84,81
8452164.0,93,49
8452190.0,101,53
8452194.0,99,54
8452244.0,101,52
8452262.0,101,76
8452273.0,90,56
8452329.0,93,63
8452400.0,95,54
8452513.0,96,46
8452570.0,85,80
8452589.0,94,55
8452612.0,94,47
8452613.0,100,54
8452633.0,97,47
8452845.0,87,80
8452850.0,95,48
8452863.0,93,56
8452918.0,97,49
8452925.0,91,53
8452944.0,94,49
8452950.0,101,54
8452987.0,101,50
8453014.0,90,54
8453022.0,92,53
8453054.0,101,71
8453071.0,85,80
8453079.0,101,53
8453105.0,99,52
8453122.0,85,82
8453132.0,94,55
8453164.0,95,47
8453204.0,94,52
8453225.0,91,58
8453233.0,98,47
8453276.0,97,49
8453289.0,91,54
8453291.0,101,55
8453296.0,100,55
8453301.0,92,50
8453302.0,94,47
8453317.0,99,50
8453415.0,99,54
8453548.0,97,47
8453549.0,90,56
8453582.0,99,48
8453605.0,100,50
8453612.0,95,53
8453613.0,101,66
8453616.0,92,51
8453625.0,100,53
8453633.0,85,82
8453670.0,97,51
8453723.0,87,80
8453728.0,84,81
8453730.0,92,54
8453782.0,85,82
8453896.0,97,56
8453986.0,95,54
8454029.0,101,54
8454059.0,92,52
8454060.0,91,57
8454062.0,95,52
8454070.0,93,51
8454096.0,101,71
8454114.0,90,53
8454162.0,93,47
8454180.0,87,80
8454240.0,99,51
8454248.0,97,54
8454258.0,95,49
8454313.0,93,49
8454417.0,97,48
8454423.0,99,48
8454427.0,97,46
8454428.0,99,50
8454502.0,100,62
8454515.0,101,70
8454664.0,99,49
8454688.0,101,50
8454760.0,92,54
8454768.0,100,50
8454780.0,99,54
8454787.0,100,51
8454833.0,94,57
8454858.0,93,75
8454872.0,101,71
8454876.0,96,46
8454906.0,101,52
8454982.0,97,52
8455039.0,82,80
8455083.0,99,54
8455095.0,100,69
8455097.0,101,54
8455108.0,92,48
8455125.0,101,55
8455207.0,100,52
8455210.0,91,51
8455261.0,95,50
8455278.0,93,50
8455287.0,90,53
8455379.0,99,52
8455413.0,99,51
8455436.0,101,56
8455449.0,93,48
8455463.0,101,59
8455482.0,91,51
8455535.0,95,54
8455570.0,97,51
8455589.0,101,57
8455598.0,95,47
8455606.0,91,58
8455666.0,101,55
8455674.0,90,54
8455684.0,101,71
8455736.0,97,49
8455757.0,92,48
8455889.0,95,51
8455908.0,68,55
8455931.0,92,59
8455941.0,95,48
8455946.0,97,46
8455964.0,101,55
8456024.0,89,80
8456030.0,91,54
8456038.0,92,51
8456043.0,90,55
8456093.0,100,51
8456121.0,93,49
8456183.0,94,74
8456237.0,99,53
8456276.0,91,57
8456281.0,91,52
8456294.0,90,54
8456304.0,95,53
8456321.0,100,52
8456386.0,102,51
8456400.0,99,52
8456408.0,98,48
8456446.0,96,54
8456493.0,92,53
8456596.0,96,46
8456615.0,97,46
8456659.0,95,53
8456687.0,89,80
8456734.0,95,47
8456836.0,90,52
8456857.0,90,55
8456884.0,99,54
8456887.0,101,59
8456910.0,95,50
8456932.0,90,54
8456934.0,101,60
8457008.0,91,52
8457050.0,101,58
8457064.0,101,54
8457091.0,93,60
8457093.0,97,47
8457094.0,101,57
8457117.0,90,53
8457148.0,99,53
8457227.0,98,48
8457232.0,102,52
8457276.0,101,61
8457279.0,93,49
8457357.0,90,52
8457360.0,90,54
8457364.0,93,60
8457409.0,102,50
8457451.0,100,52
8457463.0,101,55
8457481.0,92,53
8457515.0,98,49
8457544.0,91,57
8457596.0,92,52
8457596.0,95,47
8457608.0,94,47
8457622.0,100,58
8457651.0,90,52
8457652.0,91,55
8457675.0,96,46
8457688.0,91,52
8457762.0,93,50
8457765.0,100,53
8457815.0,99,54
8457831.0,95,52
8457863.0,95,49
8457872.0,101,56
8457932.0,102,53
8457945.0,100,52
8457980.0,102,52
8458069.0,101,50
8458166.0,102,50
8458260.0,101,58
8458309.0,96,47
8458333.0,93,59
8458359.0,93,48
8458433.0,92,52
8458514.0,98,50
8458597.0,102,51
8458661.0,92,60
8458667.0,102,52
8458689.0,91,53
8458694.0,95,51
8458717.0,98,47
8458721.0,91,56
8458726.0,95,53
8458767.0,101,60
8458819.0,101,50
8458843.0,102,53
8458843.0,94,47
8458886.0,101,56
8458930.0,100,52
8458953.0,100,53
8458968.0,98,54
8458983.0,91,78
8459003.0,91,57
8459038.0,102,50
8459051.0,93,50
8459055.0,91,52
8459072.0,93,53
8459151.0,93,54
8459164.0,95,52
8459187.0,92,52
8459220.0,100,52
8459271.0,91,51
8459318.0,101,53
8459341.0,91,50
8459367.0,100,53
8459405.0,97,86
8459436.0,100,49
8459442.0,98,49
8459446.0,91,56
8459477.0,94,50
8459487.0,91,57
8459579.0,96,48
8459589.0,93,52
8459595.0,93,51
8459605.0,93,63
8459606.0,96,49
8459648.0,92,52
8459651.0,91,51
8459691.0,100,68
8459697.0,92,61
8459709.0,98,51
8459734.0,102,54
8459752.0,100,50
8459765.0,101,57
8459797.0,96,60
8459802.0,100,54
8459810.0,88,80
8459828.0,101,50
8459838.0,98,46
8459868.0,91,78
8459874.0,98,47
8459887.0,95,59
8459940.0,100,56
8459982.0,93,63
8460012.0,98,48
8460029.0,93,51
8460039.0,92,57
8460111.0,101,54
8460116.0,93,50
8460149.0,101,68
8460158.0,101,51
8460201.0,102,53
8460229.0,92,49
8460243.0,100,51
8460246.0,98,55
8460280.0,102,50
8460406.0,101,59
8460426.0,92,54
8460446.0,93,50
8460447.0,97,46
8460510.0,100,53
8460557.0,96,53
8460572.0,93,53
8460596.0,96,47
8460596.0,102,54
8460715.0,92,52
8460823.0,93,51
8460863.0,93,52
8460871.0,91,56
8460872.0,91,53
8460887.0,91,54
8460896.0,98,50
8460915.0,95,60
8460969.0,93,50
8460976.0,94,48
8461059.0,101,67
8461064.0,92,56
8461068.0,91,55
8461161.0,100,48
8461171.0,96,52
8461179.0,99,48
8461202.0,93,52
8461226.0,96,48
8461253.0,95,61
8461318.0,100,54
8461382.0,93,50
8461402.0,93,51
8461435.0,96,50
8461459.0,92,52
8461465.0,98,46
8461470.0,98,49
8461508.0,96,47
8461542.0,101,51
8461575.0,101,52
8461616.0,100,67
8461622.0,102,54
8461706.0,100,51
8461715.0,98,51
8461720.0,101,50
8461754.0,103,51
8461824.0,101,51
8461873.0,100,52
8461906.0,101,58
8461999.0,91,53
8462050.0,97,50
8462156.0,101,55
8462235.0,93,51
8462263.0,92,52
8462316.0,97,63
8462328.0,99,48
8462329.0,95,48
8462373.0,100,53
8462411.0,102,52
8462437.0,93,51
8462473.0,94,59
8462624.0,96,51
8462651.0,91,53
8462665.0,91,52
8462677.0,93,53
8462733.0,101,52
8462752.0,101,61
8462830.0,101,54
8462857.0,102,55
8462863.0,97,47
8462874.0,99,47
8462877.0,102,50
8462899.0,99,49
8462902.0,101,62
8462931.0,92,58
8462956.0,103,52
8463067.0,91,54
8463073.0,102,54
8463084.0,103,50
8463088.0,94,49
8463098.0,101,49
8463114.0,97,46
8463177.0,103,51
8463264.0,91,53
8463277.0,99,54
8463278.0,101,48
8463320.0,95,47
8463345.0,100,53
8463434.0,94,51
8463458.0,96,50
8463466.0,97,46
8463486.0,98,52
8463508.0,99,47
8463538.0,93,53
8463556.0,100,71
8463571.0,101,69
8463606.0,96,62
8463642.0,101,60
8463663.0,94,48
8463665.0,93,52
8463712.0,91,53
8463713.0,95,50
8463739.0,102,50
8463749.0,101,66
8463772.0,93,57
8463784.0,101,73
8463799.0,101,69
8463804.0,103,52
8463826.0,102,55
8463838.0,101,49
8463853.0,103,53
8463895.0,87,78
8463994.0,99,50
8464034.0,101,66
8464121.0,85,79
8464145.0,101,53
8464157.0,99,46
8464161.0,86,79
8464171.0,93,52
8464207.0,91,55
8464243.0,101,48
8464318.0,102,56
8464341.0,97,48
8464406.0,100,53
8464447.0,98,53
8464461.0,91,52
8464490.0,103,50
8464495.0,93,53
8464505.0,95,47
8464558.0,95,49
8464561.0,95,54
8464640.0,101,50
8464654.0,91,53
8464667.0,97,46
8464705.0,103,52
8464774.0,94,50
8464822.0,101,49
8464828.0,92,59
8464862.0,103,53
8464868.0,59,76
8464907.0,102,53
8464965.0,101,69
8464993.0,100,54
8465028.0,99,46
8465074.0,98,46
8465086.0,93,52
8465158.0,102,50
8465172.0,101,56
8465184.0,99,51
8465223.0,92,53
8465257.0,102,57
8465322.0,90,52
8465414.0,97,46
8465416.0,99,47
8465430.0,92,57
8465464.0,102,55
8465491.0,91,57
8465491.0,99,52
8465521.0,101,53
8465556.0,90,53
8465583.0,92,53
8465595.0,103,50
8465608.0,97,47
8465619.0,102,50
8465619.0,92,58
8465621.0,98,47
8465622.0,89,84
8465630.0,96,51
8465657.0,93,52
8465671.0,90,52
8465784.0,101,77
8465786.0,91,57
8465794.0,102,51
8465892.0,95,51
8465988.0,87,84
8466030.0,101,50
8466035.0,99,46
8466052.0,91,52
8466061.0,103,54
8466071.0,103,53
8466073.0,89,84
8466074.0,99,48
8466090.0,86,77
8466098.0,101,51
8466104.0,97,46
8466132.0,101,76
8466143.0,94,51
8466160.0,90,53
8466168.0,100,48
8466189.0,92,51
8466206.0,94,54
8466218.0,97,49
8466295.0,97,67
8466317.0,98,46
8466323.0,101,57
8466343.0,102,58
8466362.0,94,52
8466397.0,102,54
8466425.0,99,46
8466440.0,91,52
8466444.0,99,49
8466447.0,101,77
8466479.0,91,57
8466485.0,98,51
8466499.0,102,56
8466506.0,93,52
8466646.0,100,54
8466710.0,102,50
8466830.0,95,48
8466876.0,85,77
8466933.0,102,51
8467002.0,96,53
8467006.0,86,84
8467019.0,95,55
8467103.0,93,52
8467114.0,97,50
8467160.0,103,50
8467167.0,91,52
8467170.0,96,48
8467178.0,92,51
8467181.0,95,48
8467187.0,95,51
8467194.0,97,47
8467199.0,101,77
8467222.0,92,56
8467224.0,94,49
8467248.0,102,57
8467254.0,101,54
8467258.0,99,50
8467307.0,53,51
8467333.0,103,54
8467359.0,97,61
8467367.0,103,50
8467370.0,97,46
8467447.0,102,52
8467476.0,93,55
8467515.0,100,52
8467533.0,85,77
8467535.0,94,52
8467555.0,90,84
8467607.0,104,51
8467612.0,100,48
8467623.0,99,52
8467662.0,102,56
8467751.0,53,51
8467763.0,92,51
8467771.0,93,52
8467785.0,102,58
8467794.0,101,68
8467805.0,96,49
8467815.0,98,46
8467832.0,94,50
8467870.0,95,48
8467912.0,103,50
8467916.0,101,77
8467919.0,94,53
8467982.0,101,52
8468026.0,100,47
8468032.0,100,48
8468116.0,94,51
8468141.0,103,51
8468177.0,92,53
8468187.0,52,51
8468214.0,104,51
8468390.0,99,54
8468393.0,98,47
8468482.0,94,55
8468485.0,101,54
8468498.0,95,48
8468529.0,104,52
8468568.0,92,57
8468575.0,101,52
8468576.0,100,48
8468608.0,100,49
8468624.0,92,52
8468724.0,92,55
8468747.0,92,51
8468755.0,104,53
8468757.0,103,54
8468762.0,96,60
8468799.0,97,46
8468805.0,104,51
8468872.0,99,51
8468897.0,97,52
8468911.0,92,60
8468914.0,102,49
8468938.0,101,52
8468950.0,100,48
8468972.0,103,55
8468973.0,101,78
8468992.0,95,48
8468993.0,99,47
8469028.0,100,47
8469076.0,93,61
8469079.0,103,52
8469148.0,99,52
8469174.0,91,82
8469189.0,94,54
8469195.0,97,62
8469200.0,95,49
8469287.0,100,46
8469298.0,102,52
8469299.0,102,48
8469364.0,103,50
8469391.0,95,48
8469399.0,96,48
8469474.0,92,56
8469496.0,96,56
8469583.0,101,53
8469604.0,100,50
8469680.0,99,53
8469729.0,96,53
8469763.0,96,49
8469823.0,102,56
8469826.0,92,54
8469931.0,93,60
8469959.0,97,51
8470055.0,104,52
8470108.0,102,55
8470115.0,96,47
8470128.0,100,46
8470187.0,90,86
8470202.0,102,49
8470219.0,102,50
8470230.0,95,53
8470235.0,103,55
8470240.0,97,51
8470251.0,102,53
8470261.0,100,47
8470311.0,100,48
8470314.0,92,60
8470397.0,98,47
8470408.0,102,57
8470426.0,101,53
8470461.0,97,48
8470497.0,104,53
8470582.0,96,51
8470600.0,97,53
8470601.0,103,51
8470729.0,99,46
8470808.0,101,55
8470875.0,98,48
8470897.0,101,48
8471105.0,100,49
8471114.0,102,58
8471142.0,96,50
8471162.0,102,57
8471164.0,102,59
8471167.0,99,52
8471188.0,98,47
8471212.0,102,48
8471223.0,94,53
8471263.0,101,51
8471311.0,102,51
8471311.0,95,49
8471347.0,100,51
8471395.0,95,50
8471399.0,104,53
8471417.0,92,55
8471427.0,92,52
8471437.0,93,58
8471483.0,103,53
8471493.0,104,51
8471507.0,94,54
8471512.0,100,46
8471527.0,103,55
8471539.0,92,53
8471605.0,102,50
8471616.0,99,46
8471636.0,102,60
8471665.0,103,51
8471760.0,97,49
8471887.0,102,58
8471893.0,102,53
8471927.0,92,54
8471941.0,98,48
8472000.0,93,51
8472001.0,98,49
8472029.0,100,49
8472116.0,95,55
8472122.0,101,48
8472158.0,92,57
8472166.0,101,66
8472229.0,104,53
8472229.0,102,51
8472255.0,100,48
8472307.0,99,49
8472521.0,98,49
8472567.0,97,52
8472643.0,101,54
8472673.0,103,54
8472699.0,93,51
8472729.0,94,57
8472868.0,94,53
8473001.0,104,52
8473090.0,102,52
8473148.0,98,49
8473186.0,103,52
8473202.0,95,51
8473296.0,101,50
8473321.0,105,51
8473346.0,95,50
8473354.0,92,56
8473375.0,92,52
8473394.0,96,48
8473407.0,97,51
8473418.0,103,52
8473453.0,101,49
8473465.0,101,47
8473482.0,95,52
8473488.0,103,56
8473524.0,103,49
8473531.0,99,47
8473581.0,96,52
8473583.0,99,56
8473605.0,97,53
8473606.0,98,49
8473610.0,96,50
8473626.0,97,52
8473644.0,94,52
8473648.0,92,53
8473674.0,100,50
8473695.0,104,54
8473742.0,96,51
8473745.0,102,56
8473748.0,102,54
8473801.0,95,50
8473815.0,103,48
8473842.0,101,54
8473887.0,96,48
8473910.0,92,52
8473933.0,105,51
8473981.0,103,52
8473995.0,105,52
8474017.0,92,51
8474020.0,101,50
8474026.0,93,51
8474107.0,102,52
8474144.0,100,47
8474150.0,103,55
8474167.0,103,51
8474169.0,99,53
8474179.0,100,49
8474211.0,95,46
8474228.0,101,59
8474245.0,98,50
8474313.0,102,59
8474365.0,97,49
8474427.0,103,48
8474438.0,94,52
8474454.0,96,49
8474476.0,101,53
8474534.0,101,46
8474539.0,105,51
8474545.0,95,46
8474573.0,100,65
8474601.0,100,54
8474633.0,92,52
8474707.0,96,48
8474732.0,103,49
8474776.0,104,54
8474783.0,101,47
8474823.0,93,53
8474825.0,102,54
8474887.0,97,48
8474908.0,94,54
8474916.0,103,48
8474925.0,95,52
8474990.0,105,52
8475076.0,103,56
8475098.0,95,53
8475103.0,99,51
8475108.0,99,50
8475117.0,92,54
8475135.0,99,46
8475160.0,104,53
8475162.0,94,52
8475178.0,101,50
8475194.0,103,50
8475196.0,96,48
8475219.0,100,46
8475292.0,95,51
8475309.0,97,47
8475325.0,102,60
8475421.0,102,48
8475430.0,92,51
8475436.0,105,51
8475437.0,101,46
8475464.0,100,51
8475492.0,103,48
8475520.0,63,57
8475564.0,104,51
8475604.0,99,48
8475641.0,102,49
8475720.0,98,48
8475760.0,96,48
8475807.0,98,52
8475814.0,105,52
8475830.0,102,53
8475874.0,84,74
8475898.0,100,53
8475907.0,105,53
8475941.0,100,52
8475965.0,101,55
8475974.0,103,56
8475976.0,101,48
8475992.0,103,52
8476169.0,96,49
8476188.0,100,46
8476195.0,103,48
8476258.0,102,52
8476259.0,84,74
8476264.0,96,59
8476308.0,103,53
8476310.0,101,46
8476326.0,95,58
8476328.0,93,57
8476352.0,96,48
8476365.0,95,48
8476378.0,99,47
8476417.0,98,51
8476510.0,96,53
8476515.0,97,51
8476536.0,45,97
8476611.0,63,57
8476623.0,103,51
8476670.0,102,48
8476676.0,95,48
8476683.0,103,57
8476698.0,97,47
8476726.0,101,49
8476737.0,104,51
8476741.0,103,50
8476765.0,65,45
8476773.0,102,50
8476801.0,102,53
8476859.0,95,59
8476881.0,99,47
8476894.0,98,50
8476903.0,97,60
8476995.0,98,49
8477052.0,97,59
8477057.0,66,45
8477090.0,99,49
8477100.0,95,53
8477166.0,101,51
8477227.0,105,53
8477244.0,95,59
8477276.0,100,81
8477276.0,94,51
8477281.0,97,50
8477288.0,103,51
8477320.0,95,50
8477410.0,103,48
8477415.0,105,51
8477451.0,103,53
8477486.0,97,48
8477506.0,96,48
8477619.0,44,97
8477632.0,102,53
8477664.0,100,81
8477673.0,93,58
8477742.0,97,49
8477760.0,101,47
8477830.0,103,51
8477840.0,104,54
8477842.0,102,51
8477925.0,96,48
8477986.0,101,49
8478005.0,103,53
8478027.0,93,81
8478094.0,45,97
8478133.0,102,49
8478183.0,100,52
8478212.0,93,52
8478276.0,94,51
8478299.0,100,46
8478337.0,52,59
8478438.0,98,51
8478441.0,44,97
8478446.0,105,53
8478470.0,95,52
8478487.0,101,61
8478494.0,104,55
8478497.0,85,80
8478554.0,104,51
8478617.0,97,61
8478618.0,102,47
8478636.0,97,48
8478639.0,45,97
8478695.0,102,60
8478698.0,100,47
8478730.0,96,51
8478742.0,105,52
8478771.0,102,61
8478791.0,104,49
8478865.0,101,51
8478905.0,104,52
8478962.0,95,54
8478970.0,99,81
8479041.0,96,50
8479054.0,85,80
8479072.0,94,51
8479081.0,105,54
8479127.0,103,52
8479130.0,100,51
8479138.0,63,61
8479146.0,103,56
8479154.0,103,57
8479176.0,102,54
8479193.0,102,49
8479221.0,103,51
8479260.0,101,51
8479271.0,96,68
8479274.0,95,47
8479398.0,101,50
8479441.0,103,48
8479459.0,103,55
8479602.0,102,49
8479656.0,105,51
8479686.0,98,49
8479686.0,102,47
8479727.0,103,51
8479738.0,97,49
8479755.0,99,50
8479776.0,102,46
8479811.0,102,50
8479849.0,102,56
8479860.0,106,52
8479862.0,95,50
8479929.0,103,58
8479951.0,96,51
8479972.0,96,55
8479982.0,104,49
8479986.0,100,50
8480032.0,103,51
8480035.0,98,48
8480060.0,101,68
8480091.0,103,54
8480119.0,102,55
8480124.0,103,52
8480130.0,105,54
8480143.0,104,52
8480154.0,93,72
8480179.0,86,80
8480183.0,97,51
8480192.0,103,53
8480209.0,104,48
8480215.0,94,51
8480298.0,103,48
8480359.0,72,113
8480367.0,96,66
8480452.0,98,51
8480456.0,104,50
8480490.0,97,50
8480515.0,95,50
8480537.0,103,53
8480573.0,101,52
8480583.0,106,52
8480587.0,98,47
8480609.0,105,51
8480659.0,102,54
8480679.0,101,48
8480801.0,101,46
8480808.0,100,47
8480836.0,106,51
8480852.0,98,52
8480858.0,45,91
8480892.0,97,47
8480934.0,94,57
8480953.0,97,49
8480997.0,103,58
8481001.0,101,52
8481018.0,105,51
8481023.0,104,55
8481028.0,101,47
8481032.0,101,64
8481144.0,92,71
8481164.0,93,51
8481193.0,93,56
8481199.0,103,57
8481211.0,103,49
8481264.0,93,57
8481267.0,93,52
8481323.0,96,52
8481331.0,102,48
8481336.0,91,84
8481345.0,99,48
8481348.0,98,53
8481367.0,103,48
8481382.0,104,48
8481399.0,100,53
8481405.0,96,51
8481422.0,106,52
8481496.0,105,51
8481497.0,93,69
8481502.0,103,52
8481522.0,93,71
8481600.0,95,50
8481606.0,95,53
8481621.0,104,50
8481641.0,104,56
8481663.0,95,52
8481679.0,102,50
8481791.0,105,54
8481799.0,101,51
8481854.0,101,54
8481915.0,93,68
8481978.0,105,51
8482027.0,102,53
8482064.0,104,49
8482073.0,101,52
8482090.0,94,53
8482096.0,98,47
8482111.0,105,53
8482201.0,95,50
8482242.0,102,46
8482268.0,104,53
8482290.0,99,51
8482309.0,106,51
8482318.0,101,46
8482347.0,103,50
8482359.0,106,53
8482388.0,101,52
8482396.0,94,53
8482403.0,95,50
8482430.0,92,83
8482445.0,103,54
8482506.0,93,58
8482535.0,104,51
8482614.0,96,46
8482639.0,102,59
8482765.0,103,54
8482776.0,93,57
8482812.0,101,53
8482822.0,96,52
8482839.0,93,52
8482858.0,95,52
8482870.0,102,54
8482893.0,105,51
8482917.0,103,53
8482935.0,100,47
8482969.0,99,49
8482985.0,98,52
8482996.0,93,55
8483012.0,94,53
8483028.0,106,53
8483046.0,101,56
8483052.0,103,49
8483071.0,102,51
8483092.0,99,47
8483113.0,102,49
8483243.0,95,54
8483263.0,95,47
8483265.0,98,53
8483325.0,103,47
8483358.0,94,53
8483370.0,93,51
8483378.0,105,55
8483399.0,97,50
8483438.0,96,53
8483444.0,104,56
8483452.0,101,47
8483481.0,103,56
8483496.0,93,54
8483565.0,93,51
8483571.0,95,47
8483578.0,93,50
8483608.0,105,49
8483661.0,102,58
8483734.0,96,50
8483743.0,104,52
8483746.0,95,52
8483750.0,106,52
8483762.0,104,53
8483766.0,100,49
8483780.0,102,55
8483811.0,102,47
8483872.0,99,52
8483929.0,103,58
8483957.0,103,47
8483975.0,94,50
8483982.0,101,52
8483986.0,104,55
8484057.0,101,50
8484114.0,103,54
8484153.0,104,51
8484182.0,98,48
8484218.0,102,48
8484288.0,102,50
8484381.0,95,53
8484382.0,93,51
8484398.0,104,52
8484405.0,101,53
8484508.0,96,50
8484525.0,100,51
8484575.0,93,55
8484642.0,103,53
8484695.0,103,49
8484751.0,44,89
8484778.0,97,50
8484860.0,94,50
8484868.0,102,51
8484891.0,105,52
8484902.0,101,49
8484910.0,99,49
8485017.0,98,49
8485068.0,98,51
8485085.0,85,76
8485095.0,93,53
8485120.0,99,48
8485125.0,103,47
8485132.0,105,55
8485152.0,100,48
8485210.0,102,46
8485215.0,102,49
8485228.0,97,48
8485277.0,96,58
8485384.0,98,50
8485407.0,103,50
8485527.0,102,50
8485531.0,104,48
8485533.0,95,52
8485578.0,99,51
8485600.0,97,48
8485603.0,94,50
8485626.0,105,50
8485646.0,99,47
8485697.0,96,53
8485725.0,106,51
8485740.0,95,51
8485742.0,96,61
8485800.0,103,55
8485819.0,104,48
8485827.0,103,54
8485841.0,104,50
8485844.0,93,51
8485848.0,104,53
8485924.0,101,53
8485933.0,104,52
8485975.0,107,52
8486011.0,96,52
8486018.0,103,47
8486029.0,106,53
8486174.0,96,50
8486180.0,93,56
8486195.0,93,57
8486210.0,102,52
8486224.0,98,48
8486227.0,94,50
8486248.0,104,56
8486265.0,105,48
8486296.0,97,51
8486310.0,103,48
8486353.0,105,55
8486385.0,101,47
8486428.0,95,51
8486435.0,105,52
8486509.0,100,50
8486612.0,98,49
8486635.0,93,52
8486664.0,106,54
8486692.0,101,48
8486696.0,97,51
8486740.0,105,50
8486755.0,92,81
8486800.0,93,80
8486944.0,100,50
8486993.0,97,48
8487000.0,107,52
8487003.0,102,48
8487047.0,93,52
8487090.0,61,57
8487102.0,105,49
8487128.0,99,47
8487130.0,97,51
8487136.0,91,81
8487214.0,95,51
8487233.0,97,66
8487243.0,102,46
8487287.0,102,51
8487296.0,97,51
8487339.0,99,52
8487345.0,98,46
8487345.0,105,54
8487367.0,100,52
8487384.0,104,48
8487410.0,102,55
8487416.0,104,54
8487488.0,93,81
8487654.0,99,51
8487660.0,103,54
8487677.0,106,54
8487681.0,93,55
8487743.0,97,48
8487769.0,94,50
8487794.0,95,61
8487804.0,107,53
8487821.0,100,48
8487909.0,103,55
8487971.0,98,49
8488003.0,104,53
8488015.0,107,52
8488064.0,93,53
8488070.0,104,49
8488091.0,99,49
8488119.0,101,52
8488121.0,103,46
8488138.0,104,56
8488175.0,103,53
8488187.0,95,85
8488255.0,103,50
8488270.0,103,51
8488303.0,105,53
8488340.0,95,51
8488377.0,100,51
8488442.0,104,57
8488472.0,101,47
8488502.0,98,49
8488523.0,105,51
8488550.0,104,47
8488563.0,100,47
8488588.0,102,51
8488598.0,102,49
8488639.0,97,48
8488655.0,103,50
8488779.0,104,51
8488786.0,104,55
8488894.0,103,49
8488900.0,101,51
8488969.0,103,48
8489012.0,100,49
8489013.0,105,56
8489022.0,101,49
8489030.0,99,48
8489031.0,97,48
8489063.0,107,53
8489072.0,97,50
8489079.0,104,53
8489115.0,104,49
8489152.0,99,50
8489157.0,100,53
8489171.0,106,53
8489192.0,102,53
8489215.0,87,84
8489329.0,102,47
8489333.0,97,51
8489429.0,104,52
8489474.0,103,46
8489616.0,103,51
8489629.0,97,51
8489688.0,98,49
8489695.0,104,49
8489769.0,101,53
8489793.0,105,51
8489859.0,105,53
8489860.0,104,47
8489869.0,101,50
8489885.0,99,53
8489953.0,97,52
8489959.0,103,54
8489966.0,99,52
8489977.0,100,51
8489995.0,106,52
8490002.0,107,52
8490009.0,96,53
8490093.0,100,48
8490168.0,100,47
8490211.0,105,55
8490252.0,99,48
8490398.0,107,53
8490403.0,89,77
8490454.0,105,50
8490508.0,98,50
8490550.0,96,54
8490563.0,105,53
8490578.0,104,53
8490589.0,104,57
8490590.0,96,53
8490606.0,104,49
8490687.0,103,49
8490785.0,106,54
8490867.0,106,49
8490889.0,104,50
8490889.0,106,50
8490934.0,100,48
8490941.0,104,49
8490944.0,97,52
8490991.0,104,47
8491009.0,102,47
8491023.0,95,50
8491050.0,100,52
8491111.0,104,48
8491115.0,105,52
8491119.0,106,55
8491124.0,102,53
8491136.0,102,52
8491140.0,100,47
8491152.0,105,56
8491232.0,94,52
8491285.0,105,53
8491419.0,99,53
8491459.0,102,53
8491497.0,100,49
8491529.0,103,47
8491619.0,101,49
8491661.0,100,51
8491672.0,103,51
8491675.0,103,50
8491718.0,104,49
8491735.0,99,47
8491776.0,95,50
8491782.0,102,50
8491829.0,105,53
8491844.0,102,48
8491956.0,102,47
8491962.0,104,51
8491967.0,99,51
8491983.0,107,54
8492010.0,102,55
8492036.0,106,49
8492038.0,103,51
8492053.0,95,53
8492064.0,106,52
8492068.0,106,55
8492078.0,105,52
8492079.0,104,49
8492142.0,106,50
8492225.0,102,53
8492231.0,103,48
8492257.0,102,52
8492260.0,105,49
8492310.0,104,48
8492363.0,97,51
8492367.0,100,52
8492375.0,101,50
8492499.0,104,50
8492530.0,105,53
8492551.0,93,51
8492694.0,102,53
8492708.0,97,51
8492712.0,105,56
8492717.0,99,48
8492743.0,99,49
8492757.0,93,51
8492806.0,101,48
8492807.0,103,52
8492959.0,104,50
8492997.0,97,52
8493045.0,93,52
8493092.0,103,58
8493105.0,106,49
8493175.0,105,53
8493202.0,96,54
8493212.0,96,65
8493219.0,97,51
8493266.0,103,52
8493301.0,97,52
8493346.0,105,52
8493354.0,99,50
8493415.0,100,47
8493446.0,93,52
8493451.0,92,77
8493489.0,98,52
8493507.0,94,51
8493517.0,104,58
8493550.0,95,50
8493566.0,105,54
8493575.0,107,53
8493605.0,103,47
8493646.0,105,49
8493678.0,93,50
8493694.0,107,54
8493708.0,105,50
8493747.0,102,47
8493762.0,104,52
8493823.0,105,53
8493860.0,99,49
8493863.0,97,51
8493869.0,103,49
8493902.0,103,56
8493919.0,100,51
8493936.0,104,51
8493948.0,104,55
8493956.0,103,52
8494076.0,101,49
8494091.0,98,51
8494113.0,99,47
8494202.0,96,52
8494212.0,105,53
8494249.0,106,51
8494328.0,108,53
8494379.0,107,52
8494415.0,97,51
8494428.0,104,47
8494466.0,106,53
8494478.0,103,51
8494529.0,103,52
8494600.0,106,50
8494604.0,100,48
8494616.0,93,52
8494623.0,105,51
8494659.0,102,53
8494691.0,104,57
8494716.0,103,47
8494720.0,104,54
8494783.0,105,47
8494819.0,104,49
8494826.0,103,48
8494868.0,95,50
8494873.0,105,54
8494877.0,103,50
8494887.0,94,69
8494899.0,106,55
8494991.0,99,47
8495051.0,100,49
8495083.0,97,51
8495124.0,104,56
8495132.0,102,49
8495152.0,99,51
8495184.0,101,47
8495190.0,99,53
8495196.0,104,51
8495200.0,103,55
8495220.0,108,53
8495225.0,102,54
8495264.0,105,56
8495286.0,102,52
8495302.0,103,51
8495316.0,107,52
8495358.0,101,48
8495453.0,104,55
8495471.0,98,51
8495481.0,93,52
8495511.0,100,52
8495521.0,105,47
8495549.0,99,47
8495591.0,97,53
8495646.0,105,53
8495668.0,100,53
8495730.0,105,49
8495850.0,108,53
8495858.0,97,51
8495858.0,107,50
8495875.0,102,51
8495922.0,101,51
8496009.0,100,51
8496016.0,100,50
8496043.0,106,53
8496129.0,102,50
8496130.0,100,48
8496140.0,94,50
8496147.0,95,62
8496166.0,105,47
8496227.0,105,55
8496237.0,107,54
8496253.0,97,52
8496269.0,105,50
8496270.0,103,60
8496361.0,97,51
8496393.0,104,49
8496448.0,96,52
8496455.0,105,48
8496569.0,106,56
8496595.0,97,53
8496615.0,106,49
8496638.0,106,51
8496684.0,103,53
8496703.0,101,47
8496760.0,97,52
8496794.0,107,50
8496854.0,94,51
8496949.0,76,101
8496958.0,105,47
8497049.0,97,51
8497057.0,99,50
8497083.0,106,50
8497137.0,96,51
8497177.0,101,47
8497218.0,107,52
8497229.0,104,50
8497251.0,94,51
8497278.0,98,51
8497280.0,103,52
8497292.0,105,57
8497313.0,53,54
8497324.0,104,48
8497410.0,93,52
8497412.0,108,53
8497427.0,92,79
8497540.0,107,52
8497558.0,103,47
8497569.0,97,51
8497570.0,96,54
8497590.0,105,48
8497600.0,98,51
8497620.0,105,51
8497640.0,105,47
8497650.0,101,49
8497672.0,107,55
8497674.0,91,79
8497683.0,105,50
8497742.0,96,53
8497773.0,105,53
8497784.0,107,50
8497796.0,106,56
8497827.0,95,50
8497926.0,53,54
8497941.0,104,51
8497965.0,106,49
8497977.0,52,53
8497979.0,103,48
8497987.0,94,51
8498029.0,98,52
8498036.0,97,51
8498051.0,98,50
8498070.0,103,53
8498085.0,101,48
8498101.0,100,52
8498134.0,104,47
8498246.0,99,52
8498265.0,93,52
8498314.0,102,53
8498347.0,96,51
8498374.0,101,49
8498384.0,99,50
8498409.0,101,47
8498466.0,107,52
8498512.0,96,50
8498524.0,98,50
8498535.0,103,53
8498563.0,96,52
8498621.0,106,52
8498629.0,103,52
8498645.0,105,57
8498678.0,104,52
8498694.0,97,51
8498702.0,107,55
8498710.0,100,50
8498756.0,77,84
8498816.0,94,50
8498884.0,93,52
8498888.0,97,53
8498909.0,89,82
8498939.0,89,81
8498968.0,107,52
8499010.0,104,54
8499051.0,96,53
8499059.0,104,58
8499072.0,77,85
8499075.0,104,53
8499130.0,103,53
8499139.0,103,50
8499153.0,103,47
8499193.0,104,50
8499197.0,107,51
8499214.0,104,48
8499235.0,102,47
8499326.0,100,51
8499388.0,100,49
8499451.0,105,51
8499519.0,100,53
8499560.0,98,52
8499672.0,108,54
8499679.0,102,50
8499735.0,101,48
8499738.0,104,47
8499762.0,105,48
8499770.0,107,52
8499771.0,98,51
8499790.0,100,54
8499799.0,93,52
8499807.0,103,53
8499859.0,105,49
8499928.0,98,66
8499984.0,103,47
8499997.0,102,48
8500074.0,96,51
8500104.0,104,52
8500114.0,104,47
8500133.0,102,51
8500198.0,105,56
8500225.0,94,52
8500290.0,104,51
8500292.0,106,52
8500294.0,106,49
8500486.0,104,52
8500547.0,107,50
8500553.0,106,56
8500555.0,104,49
8500561.0,106,49
8500686.0,102,47
8500688.0,108,53
8500757.0,94,53
8500764.0,105,51
8500780.0,98,66
8500822.0,74,94
8500888.0,94,51
8500960.0,100,65
8500990.0,107,55
8500992.0,106,51
8500993.0,95,56
8501030.0,107,53
8501052.0,95,63
8501072.0,101,48
8501091.0,106,54
8501135.0,107,51
8501136.0,101,52
8501139.0,97,66
8501147.0,94,53
8501153.0,102,52
8501201.0,87,58
8501257.0,106,48
8501322.0,102,48
8501365.0,105,55
8501392.0,105,49
8501451.0,105,54
8501503.0,98,66
8501544.0,104,52
8501557.0,99,51
8501565.0,106,50
8501583.0,106,53
8501616.0,99,50
8501722.0,106,54
8501728.0,87,58
8501780.0,108,54
8501815.0,105,52
8501831.0,104,52
8501853.0,96,50
8501886.0,100,53
8501911.0,103,59
8501911.0,104,47
8501915.0,97,66
8501949.0,103,49
8502043.0,105,57
8502046.0,94,53
8502114.0,93,57
8502196.0,99,49
8502197.0,106,48
8502254.0,88,58
8502303.0,97,53
8502310.0,94,54
8502313.0,102,47
8502330.0,104,51
8502340.0,107,54
8502349.0,103,50
8502403.0,103,53
8502406.0,104,57
8502433.0,107,53
8502436.0,106,54
8502460.0,98,52
8502487.0,100,49
8502503.0,104,52
8502506.0,94,53
8502530.0,107,51
8502582.0,97,66
8502617.0,107,52
8502623.0,105,48
8502627.0,102,54
8502643.0,103,58
8502730.0,103,52
8502742.0,105,47
8502761.0,99,49
8502773.0,104,55
8502779.0,98,52
8502800.0,104,48
8502816.0,106,54
8502833.0,104,52
8502922.0,97,66
8503015.0,99,51
8503095.0,106,55
8503112.0,106,50
8503211.0,94,53
8503214.0,100,49
8503227.0,95,51
8503286.0,99,51
8503323.0,103,60
8503343.0,94,55
8503379.0,108,53
8503392.0,95,53
8503400.0,102,51
8503406.0,103,54
8503430.0,93,53
8503445.0,102,49
8503476.0,103,48
8503479.0,100,51
8503484.0,98,52
8503484.0,96,50
8503492.0,93,54
8503493.0,106,52
8503520.0,108,50
8503535.0,99,49
8503606.0,106,54
8503611.0,105,55
8503666.0,105,47
8503685.0,106,50
8503701.0,101,51
8503719.0,94,53
8503726.0,106,56
8503738.0,94,52
8503776.0,90,79
8503803.0,104,53
8503804.0,101,52
8503858.0,93,53
8503878.0,95,49
8503971.0,99,51
8503989.0,99,49
8503997.0,107,52
8504016.0,106,54
8504036.0,93,54
8504060.0,95,74
8504064.0,104,49
8504140.0,100,50
8504147.0,104,48
8504216.0,105,50
8504223.0,95,73
8504277.0,108,51
8504487.0,101,67
8504571.0,101,54
8504744.0,101,69
8504755.0,103,47
8504777.0,104,52
8504784.0,93,68
8504844.0,101,49
8504901.0,105,49
8504918.0,104,50
8504936.0,108,50
8504952.0,107,55
8505048.0,96,50
8505207.0,106,48
8505281.0,102,48
8505285.0,106,50
8505289.0,107,56
8505335.0,90,83
8505348.0,103,53
8505387.0,105,57
8505505.0,102,50
8505514.0,105,54
8505519.0,95,50
8505557.0,102,49
8505570.0,104,56
8505602.0,93,68
8505604.0,108,53
8505610.0,103,50
8505617.0,105,52
8505663.0,100,49
8505734.0,108,51
8505753.0,105,48
8505809.0,104,53
8505833.0,101,48
8505910.0,106,49
8505910.0,103,47
8505937.0,108,50
8505943.0,108,55
8505957.0,103,51
8506032.0,86,84
8506055.0,106,56
8506161.0,105,53
8506226.0,100,49
8506250.0,104,47
8506253.0,104,49
8506275.0,101,49
8506290.0,92,74
8506315.0,105,47
8506319.0,101,53
8506329.0,106,53
8506331.0,88,118
8506435.0,107,51
8506458.0,101,48
8506509.0,95,52
8506520.0,107,50
8506536.0,103,54
8506552.0,104,52
8506566.0,100,50
8506568.0,102,48
8506579.0,102,53
8506579.0,105,58
8506586.0,101,50
8506618.0,97,54
8506640.0,98,54
8506720.0,101,52
8506758.0,105,52
8506780.0,104,55
8506817.0,88,118
8506864.0,109,54
8506968.0,103,48
8507122.0,106,51
8507124.0,101,48
8507129.0,103,47
8507212.0,105,51
8507291.0,106,54
8507343.0,89,118
8507374.0,105,48
8507453.0,106,57
8507507.0,98,53
8507552.0,108,51
8507573.0,102,49
8507578.0,105,50
8507632.0,107,54
8507639.0,107,56
8507687.0,101,48
8507722.0,94,54
8507758.0,107,48
8507784.0,103,49
8507866.0,105,55
8507926.0,108,55
8507961.0,101,49
8508027.0,104,56
8508057.0,89,118
8508062.0,107,53
8508069.0,109,54
8508142.0,101,48
8508175.0,101,66
8508268.0,103,48
8508287.0,108,53
8508397.0,101,49
8508460.0,101,51
8508543.0,99,52
8508585.0,101,48
8508655.0,104,49
8508686.0,107,50
8508866.0,106,48
8508945.0,99,51
8509016.0,106,52
8509059.0,107,54
8509096.0,107,52
8509108.0,108,52
8509177.0,107,48
8509192.0,101,48
8509316.0,100,51
8509345.0,102,56
8509355.0,108,54
8509389.0,106,50
8509467.0,109,54
8509571.0,104,51
8509574.0,102,52
8509687.0,104,59
8509725.0,98,53
8509912.0,105,57
8509930.0,105,49
8509945.0,105,51
8509955.0,103,55
8509963.0,106,49
8509983.0,102,49
8510000.0,101,49
8510002.0,99,52
8510037.0,101,48
8510079.0,105,48
8510111.0,96,49
8510124.0,94,59
8510134.0,108,53
8510135.0,97,54
8510148.0,101,50
8510152.0,106,55
8510191.0,100,52
8510203.0,103,52
8510324.0,107,48
8510333.0,93,57
8510336.0,104,48
8510381.0,100,53
8510435.0,101,53
8510443.0,103,48
8510569.0,108,51
8510577.0,107,50
8510607.0,100,51
8510654.0,107,56
8510714.0,108,53
8510762.0,101,48
8510768.0,106,50
8510924.0,107,54
8510930.0,108,50
8510970.0,101,50
8510973.0,102,48
8510989.0,105,53
8511002.0,105,48
8511033.0,94,54
8511046.0,107,49
8511048.0,108,52
8511049.0,103,53
8511140.0,102,49
8511169.0,101,48
8511181.0,107,53
8511193.0,105,50
8511209.0,104,47
8511234.0,96,49
8511255.0,106,54
8511277.0,104,53
8511279.0,103,48
8511298.0,95,50
8511372.0,102,48
8511386.0,105,53
8511389.0,103,47
8511444.0,98,53
8511639.0,105,58
8511656.0,100,68
8511692.0,105,54
8511821.0,104,47
8511829.0,99,65
8511858.0,106,52
8511866.0,105,53
8511877.0,98,55
8511927.0,105,55
8511955.0,108,55
8511985.0,95,51
8512091.0,98,53
8512102.0,101,70
8512111.0,103,49
8512139.0,107,55
8512164.0,101,51
8512301.0,96,49
8512365.0,107,49
8512400.0,103,54
8512449.0,104,47
8512483.0,107,48
8512492.0,102,50
8512498.0,105,52
8512542.0,106,48
8512559.0,107,51
8512562.0,94,56
8512599.0,103,51
8512626.0,97,50
8512667.0,100,52
8512709.0,109,51
8512717.0,95,49
8512750.0,102,49
8512765.0,103,48
8512776.0,106,53
8512833.0,106,50
8512872.0,106,49
8512878.0,106,51
8513153.0,103,51
8513166.0,97,52
8513185.0,105,48
8513287.0,104,54
8513323.0,106,52
8513361.0,100,51
8513375.0,101,50
8513394.0,105,49
8513396.0,92,68
8513444.0,101,71
8513463.0,108,51
8513529.0,107,51
8513653.0,104,52
8513675.0,97,51
8513725.0,106,48
8513808.0,92,68
8513819.0,109,54
8513858.0,105,55
8513862.0,104,50
8513899.0,101,53
8513993.0,97,50
8514002.0,103,50
8514047.0,102,47
8514150.0,109,51
8514277.0,105,50
8514384.0,107,52
8514394.0,104,49
8514572.0,103,49
8514626.0,105,52
8514681.0,106,51
8515073.0,98,53
8515129.0,99,52
8515156.0,109,55
8515263.0,96,49
8515273.0,97,53
8515275.0,95,50
8515279.0,102,51
8515347.0,107,53
8515371.0,97,50
8515402.0,108,50
8515407.0,102,54
8515506.0,99,52
8515568.0,108,52
8515687.0,109,51
8515688.0,106,49
8515726.0,95,50
8515742.0,97,52
8515796.0,104,51
8515837.0,107,50
8515946.0,108,49
8515976.0,106,51
8515999.0,105,51
8516084.0,102,53
8516105.0,107,49
8516116.0,94,60
8516119.0,106,52
8516182.0,101,78
8516223.0,103,49
8516353.0,108,56
8516363.0,95,50
8516462.0,102,53
8516477.0,104,53
8516496.0,109,55
8516498.0,104,48
8516512.0,95,51
8516549.0,106,48
8516550.0,102,52
8516559.0,100,51
8516699.0,94,60
8516744.0,95,50
8516756.0,106,50
8516760.0,106,57
8516775.0,109,51
8516801.0,105,56
8516825.0,107,48
8516859.0,100,63
8516882.0,102,49
8516931.0,104,48
8517208.0,95,50
8517225.0,93,56
8517238.0,109,52
8517250.0,94,57
8517259.0,100,51
8517358.0,107,50
8517375.0,108,49
8517397.0,94,84
8517454.0,108,54
8517456.0,107,57
8517531.0,102,53
8517560.0,107,51
8517589.0,102,51
8517590.0,104,54
8517629.0,100,52
8517695.0,104,48
8517734.0,103,49
8517741.0,101,51
8517758.0,103,48
8517759.0,102,53
8517851.0,93,56
8517897.0,104,49
8517928.0,103,52
8517949.0,107,55
8518159.0,108,51
8518234.0,101,52
8518250.0,104,52
8518349.0,107,52
8518436.0,97,50
8518469.0,107,48
8518472.0,106,56
8518481.0,104,54
8518485.0,108,55
8518485.0,95,49
8518555.0,101,64
8518633.0,102,50
8518757.0,102,53
8518778.0,108,53
8518854.0,102,54
8518894.0,104,55
8518898.0,107,49
8518999.0,101,76
8519004.0,67,53
8519264.0,101,51
8519314.0,108,51
8519353.0,106,54
8519357.0,104,51
8519366.0,96,54
8519376.0,100,52
8519422.0,107,55
8519429.0,94,56
8519442.0,108,49
8519541.0,108,51
8519589.0,106,48
8519599.0,105,50
8519619.0,106,49
8519624.0,104,51
8519703.0,109,52
8519734.0,97,53
8519837.0,107,54
8519844.0,101,69
8519877.0,108,52
8519924.0,108,54
8519993.0,99,52
8520025.0,102,51
8520042.0,107,48
8520149.0,106,50
8520161.0,106,51
8520172.0,104,50
8520195.0,104,51
8520256.0,108,48
8520316.0,108,51
8520327.0,107,52
8520418.0,103,49
8520452.0,105,51
8520493.0,106,53
8520515.0,104,51
8520715.0,107,48
8520764.0,99,52
8520796.0,108,51
8520802.0,104,56
8520828.0,107,50
8520853.0,105,48
8521002.0,95,69
8521048.0,101,51
8521071.0,105,49
8521131.0,101,70
8521228.0,97,53
8521301.0,104,51
8521320.0,106,52
8521339.0,95,54
8521394.0,103,50
8521409.0,100,52
8521572.0,97,54
8521641.0,104,47
8521674.0,103,54
8521708.0,94,70
8521773.0,105,53
8521851.0,96,49
8521854.0,73,92
8521879.0,108,50
8521989.0,99,53
8522008.0,108,51
8522041.0,96,53
8522219.0,97,49
8522335.0,94,52
8522491.0,108,51
8522499.0,107,51
8522520.0,100,51
8522570.0,105,57
8522600.0,105,48
8522601.0,108,49
8522683.0,95,51
8522713.0,108,52
8522801.0,109,52
8523022.0,109,51
8523089.0,95,51
8523144.0,102,50
8523182.0,101,53
8523314.0,104,48
8523689.0,108,55
8523877.0,108,51
8523927.0,108,56
8523956.0,101,51
8524024.0,109,51
8524150.0,108,50
8524241.0,95,52
8524373.0,108,53
8524375.0,108,51
8524405.0,97,49
8524441.0,107,51
8524463.0,100,52
8524485.0,105,54
8524486.0,99,53
8524489.0,101,51
8524568.0,109,53
8524718.0,98,53
8524985.0,107,57
8525093.0,108,51
8525106.0,100,64
8525220.0,101,65
8525274.0,101,72
8525275.0,104,53
8525353.0,101,51
8525360.0,104,49
8525455.0,108,51
8525542.0,95,51
8525549.0,101,66
8525553.0,106,57
8525628.0,107,49
8525726.0,105,48
8525773.0,101,51
8525881.0,95,51
8525926.0,109,51
8525962.0,103,51
8525998.0,109,54
8526059.0,94,51
8526092.0,101,66
8526096.0,95,53
8526179.0,106,51
8526275.0,96,50
8526307.0,101,51
8526318.0,107,52
8526408.0,103,50
8526565.0,94,51
8526588.0,109,52
8526674.0,104,49
8526681.0,109,55
8526791.0,107,50
8526798.0,96,49
8526916.0,100,67
8527014.0,107,49
8527041.0,107,52
8527069.0,105,52
8527074.0,108,50
8527437.0,98,50
8527460.0,105,49
8527522.0,101,66
8527614.0,60,62
8528056.0,106,50
8528144.0,107,54
8528170.0,99,54
8528205.0,83,80
8528207.0,101,66
8528232.0,101,67
8528259.0,108,52
8528396.0,107,56
8528527.0,99,67
8528595.0,106,48
8528678.0,98,51
8528728.0,109,50
8528735.0,98,50
8528943.0,102,51
8529033.0,109,53
8529037.0,83,80
8529050.0,103,50
8529059.0,99,53
8529112.0,101,66
8529164.0,101,73
8529264.0,102,61
8529454.0,99,53
8529538.0,101,66
8529587.0,101,50
8529618.0,97,54
8529643.0,83,80
8529661.0,109,54
8529745.0,103,50
8529759.0,104,50
8530214.0,109,52
8530232.0,107,51
8530417.0,108,53
8530446.0,104,51
8530485.0,96,52
8530580.0,95,51
8530667.0,104,52
8530932.0,94,51
8530945.0,108,50
8530957.0,108,52
8530985.0,103,52
8531214.0,98,50
8531311.0,105,51
8531424.0,107,50
8531430.0,105,53
8531535.0,94,51
8531566.0,108,49
8531686.0,103,53
8532018.0,95,52
8532118.0,102,51
8532120.0,98,52
8532398.0,107,53
8532474.0,103,54
8532542.0,95,52
8532552.0,100,69
8532557.0,95,53
8532591.0,108,49
8532719.0,98,49
8532727.0,106,49
8532731.0,94,63
8532821.0,105,48
8532975.0,104,53
8533066.0,95,52
8533189.0,109,50
8533591.0,95,52
8533649.0,101,52
8533701.0,108,48
8533786.0,106,53
8533824.0,107,52
8533882.0,107,49
8534123.0,96,65
8534255.0,108,51
8534347.0,107,51
8534458.0,95,52
8534612.0,98,52
8534663.0,100,52
8534671.0,108,50
8534696.0,108,52
8534992.0,109,50
8534995.0,101,67
8535030.0,100,66
8535211.0,104,49
8535411.0,106,51
8535423.0,103,51
8535989.0,104,49
8536033.0,98,54
8536585.0,100,67
8536607.0,102,51
8536630.0,107,50
8536642.0,98,49
8537369.0,96,50
8537737.0,97,61
8537824.0,103,50
8537867.0,76,86
8538073.0,80,84
8538458.0,101,68
8538988.0,101,68
8538993.0,96,51
8539433.0,106,52
8540101.0,97,49
8540127.0,107,50
8540204.0,105,50
8540305.0,108,49
8540515.0,100,62
8540811.0,93,62
8540887.0,101,70
8541299.0,100,70
8541308.0,94,57
8541785.0,104,50
8541858.0,107,51
8541895.0,99,62
8541991.0,92,79
8542139.0,102,57
8542363.0,94,69
8542479.0,109,51
8542620.0,94,63
8542659.0,100,71
8543325.0,100,69
8543592.0,91,78
8543897.0,100,67
8544415.0,109,52
8545173.0,108,51
8546250.0,107,55
8547111.0,109,52
8547131.0,106,56
8547298.0,109,53
8547325.0,94,56
8547496.0,94,57
8547556.0,65,64
8547734.0,105,57
8547920.0,65,64
8547990.0,98,66
8548494.0,65,64
8548796.0,100,63
8548983.0,94,63
8549507.0,104,54
8550017.0,108,52
8550155.0,103,59
8550196.0,108,56
8550204.0,107,57
8550309.0,106,57
8550312.0,101,62
8550561.0,99,53
8550596.0,107,53
8550630.0,101,61
8550973.0,101,62
8550988.0,107,50
8551019.0,102,51
8551083.0,101,61
8551577.0,101,61
8551777.0,106,54
8551872.0,101,61
8551916.0,109,53
8552378.0,100,69
8552723.0,107,53
8553013.0,102,61
8553262.0,94,59
8553288.0,92,89
8553646.0,99,68
8553656.0,102,61
8553662.0,91,89
8554023.0,92,89
8554196.0,108,52
8554286.0,94,55
8554358.0,105,58
8555208.0,107,56
8555216.0,100,52
8555229.0,99,54
8555515.0,108,52
8555781.0,107,50
8555916.0,102,51
8555920.0,108,54
8555921.0,98,54
8555954.0,109,53
8556122.0,103,50
8556159.0,107,53
8556172.0,108,50
8556209.0,98,52
8556238.0,109,53
8556755.0,104,50
8556870.0,106,50
8556883.0,94,63
8557036.0,105,50
8557127.0,103,52
8557141.0,103,53
8557241.0,99,67
8557301.0,102,51
8557518.0,106,56
8557611.0,96,50
8557929.0,97,49
8558024.0,100,70
8558068.0,94,56
8558106.0,99,53
8558299.0,103,50
8558369.0,108,52
8558408.0,104,57
8558414.0,104,58
8558417.0,109,51
8558674.0,105,58
8558704.0,95,49
8558955.0,99,71
8559031.0,94,55
8559089.0,98,49
8559090.0,103,56
8559117.0,94,54
8559126.0,103,50
8559140.0,105,58
8559255.0,105,56
8559319.0,95,49
8559377.0,100,57
8559415.0,104,49
8559622.0,98,52
8559679.0,108,54
8559742.0,96,50
8559861.0,106,54
8559978.0,103,50
8560044.0,95,53
8560085.0,108,54
8560207.0,105,58
8560210.0,102,54
8560215.0,100,52
8560244.0,106,54
8560321.0,96,54
8560323.0,103,51
8560369.0,98,51
8560377.0,108,53
8560515.0,95,49
8560606.0,105,55
8560739.0,98,50
8560784.0,106,54
8560814.0,103,53
8560843.0,102,61
8560880.0,96,50
8560881.0,104,49
8560931.0,109,54
8560979.0,106,54
8561027.0,103,60
8561226.0,96,52
8561260.0,104,52
8561265.0,95,49
8561369.0,101,51
8561454.0,105,51
8561522.0,100,52
8561542.0,106,57
8561870.0,109,54
8561944.0,107,51
8561950.0,104,49
8561972.0,103,57
8562025.0,104,53
8562070.0,103,60
8562151.0,95,52
8562244.0,107,50
8562257.0,104,51
8562411.0,107,53
8562596.0,97,54
8562753.0,107,49
8562781.0,103,60
8562834.0,92,71
8562852.0,106,52
8562856.0,105,51
8562973.0,95,51
8563069.0,94,63
8563081.0,106,49
8563199.0,100,52
8563218.0,106,52
8563235.0,105,54
8563237.0,96,49
8563249.0,98,74
8563260.0,103,59
8563268.0,95,52
8563309.0,95,53
8563323.0,94,54
8563324.0,99,53
8563473.0,96,50
8563501.0,108,54
8563546.0,94,64
8563549.0,98,50
8563674.0,101,51
8563697.0,97,53
8563881.0,103,60
8563984.0,104,52
8563986.0,105,50
8564008.0,98,50
8564019.0,108,52
8564042.0,105,52
8564080.0,94,60
8564089.0,108,51
8564100.0,104,49
8564138.0,106,53
8564200.0,104,50
8564319.0,108,55
8564460.0,107,52
8564585.0,97,53
8564602.0,105,52
8564779.0,101,51
8564785.0,97,49
8564982.0,106,49
8565085.0,105,52
8565128.0,103,52
8565154.0,100,52
8565284.0,93,63
8565312.0,107,52
8565343.0,108,50
8565474.0,105,52
8565623.0,107,56
8565624.0,101,61
8565682.0,108,53
8565835.0,105,51
8565856.0,103,52
8565966.0,98,53
8565977.0,106,52
8566012.0,108,53
8566019.0,102,50
8566178.0,108,55
8566445.0,107,55
8566464.0,101,51
8566499.0,96,49
8566535.0,106,56
8566544.0,98,50
8566548.0,102,51
8566595.0,108,52
8566682.0,97,53
8566686.0,106,55
8566793.0,106,50
8566821.0,101,53
8566893.0,103,52
8566900.0,108,51
8566915.0,107,53
8566977.0,95,50
8567033.0,106,49
8567168.0,108,53
8567177.0,106,54
8567187.0,107,53
8567204.0,93,59
8567285.0,108,50
8567299.0,91,77
8567318.0,97,54
8567367.0,108,51
8567422.0,102,60
8567509.0,102,50
8567624.0,95,51
8567685.0,106,51
8567773.0,106,57
8567789.0,98,65
8567798.0,94,55
8567863.0,99,65
8567867.0,91,77
8567906.0,102,59
8568031.0,94,54
8568035.0,107,51
8568181.0,102,54
8568207.0,103,59
8568273.0,99,65
8568275.0,63,63
8568284.0,107,52
8568380.0,108,51
8568427.0,106,50
8568500.0,97,49
8568514.0,98,53
8568554.0,104,58
8568658.0,93,58
8568806.0,97,53
8568834.0,101,51
8568851.0,74,99
8568858.0,96,49
8568871.0,103,55
8568892.0,103,49
8568906.0,93,65
8569040.0,99,70
8569152.0,108,50
8569286.0,105,50
8569293.0,101,71
8569297.0,100,70
8569329.0,73,98
8569401.0,102,52
8569423.0,75,98
8569445.0,102,50
8569485.0,103,58
8569569.0,101,58
8569695.0,93,64
8569702.0,98,53
8569757.0,101,69
8569864.0,104,50
8569910.0,97,54
8569932.0,99,70
8569944.0,93,57
8570010.0,104,55
8570085.0,105,55
8570131.0,108,52
8570211.0,100,70
8570379.0,97,50
8570393.0,104,57
8570457.0,105,55
8570497.0,107,53
8570609.0,95,50
8570624.0,99,52
8570720.0,96,54
8570735.0,102,53
8570782.0,103,53
8570840.0,94,65
8570930.0,103,52
8570950.0,100,70
8571015.0,107,54
8571048.0,100,51
8571294.0,99,70
8571307.0,101,70
8571341.0,100,70
8571400.0,104,51
8571448.0,97,51
8571518.0,101,70
8571534.0,104,48
8571574.0,100,70
8571575.0,93,58
8571735.0,98,53
8571763.0,103,51
8571796.0,97,56
8571798.0,97,50
8571809.0,98,54
8571916.0,99,67
8571929.0,92,75
8572007.0,108,53
8572011.0,99,70
8572039.0,97,52
8572079.0,98,66
8572153.0,103,50
8572207.0,95,51
8572228.0,101,52
8572234.0,97,54
8572340.0,106,52
8572372.0,100,64
8572384.0,104,51
8572461.0,103,49
8572467.0,93,60
8572490.0,104,54
8572526.0,93,56
8572729.0,105,52
8572784.0,97,51
8572999.0,102,52
8573044.0,99,52
8573074.0,100,51
8573078.0,98,66
8573085.0,99,69
8573143.0,105,50
8573202.0,103,52
8573266.0,104,48
8573321.0,96,69
8573328.0,93,77
8573368.0,101,50
8573384.0,105,49
8573410.0,104,52
8573474.0,93,55
8573531.0,95,50
8573539.0,105,51
8573551.0,105,56
8573554.0,107,51
8573639.0,106,51
8573717.0,96,53
8573767.0,73,105
8573784.0,106,53
8573790.0,106,56
8573830.0,94,54
8573890.0,105,57
8574015.0,98,53
8574057.0,106,56
8574069.0,97,50
8574158.0,96,49
8574162.0,93,57
8574164.0,107,51
8574193.0,100,51
8574223.0,94,52
8574229.0,106,52
8574256.0,102,51
8574282.0,97,51
8574319.0,105,50
8574372.0,93,50
8574641.0,101,51
8574704.0,97,50
8574909.0,93,55
8574915.0,104,54
8574985.0,107,51
8575022.0,105,49
8575060.0,95,54
8575107.0,97,54
8575131.0,104,48
8575184.0,99,52
8575230.0,101,50
8575264.0,93,56
8575266.0,95,50
8575276.0,106,56
8575378.0,100,51
8575399.0,107,55
8575512.0,102,49
8575724.0,105,50
8575742.0,105,57
8575828.0,97,50
8575844.0,106,52
8575918.0,106,49
8575927.0,107,50
8575981.0,100,53
8576051.0,107,52
8576099.0,102,60
8576125.0,103,53
8576367.0,105,53
8576551.0,93,64
8576580.0,96,54
8576636.0,99,52
8576655.0,103,53
8576729.0,105,49
8576851.0,107,53
8576877.0,96,53
8576889.0,106,54
8576895.0,94,68
8576941.0,94,65
8576962.0,105,54
8577007.0,100,51
8577016.0,93,59
8577023.0,106,49
8577088.0,104,58
8577150.0,93,61
8577151.0,94,53
8577153.0,106,57
8577207.0,104,59
8577254.0,103,48
8577340.0,93,65
8577379.0,104,57
8577381.0,101,50
8577431.0,106,51
8577564.0,104,59
8577648.0,107,50
8577657.0,94,52
8577740.0,104,50
8577790.0,100,51
8577841.0,96,60
8577852.0,95,53
8577878.0,107,53
8577929.0,105,51
8577965.0,101,51
8577966.0,94,51
8578002.0,104,50
8578025.0,106,49
8578067.0,104,49
8578086.0,99,62
8578099.0,101,50
8578142.0,107,54
8578261.0,97,55
8578322.0,101,51
8578357.0,107,52
8578425.0,102,49
8578493.0,93,63
8578546.0,99,62
8578556.0,103,48
8578583.0,93,54
8578640.0,106,54
8578726.0,93,62
8578773.0,94,51
8578895.0,107,53
8578932.0,96,62
8578957.0,96,53
8579004.0,101,51
8579258.0,103,51
8579281.0,106,49
8579289.0,105,48
8579296.0,106,50
8579316.0,96,49
8579374.0,101,51
8579389.0,94,51
8579471.0,96,51
8579515.0,106,58
8579580.0,107,52
8579703.0,107,50
8579748.0,103,50
8579791.0,93,54
8579894.0,93,61
8579986.0,94,50
8580073.0,106,58
8580074.0,103,50
8580092.0,107,54
8580115.0,96,50
8580197.0,97,53
8580257.0,102,57
8580337.0,102,50
8580388.0,104,50
8580402.0,103,59
8580405.0,103,56
8580407.0,102,52
8580419.0,94,59
8580447.0,106,55
8580501.0,93,55
8580590.0,101,53
8580605.0,107,55
8580613.0,94,50
8580643.0,101,51
8580740.0,104,52
8580773.0,106,55
8580785.0,96,54
8580791.0,96,51
8580795.0,103,52
8580842.0,100,66
8580878.0,101,52
8580915.0,102,49
8580986.0,94,51
8580991.0,96,52
8580997.0,105,49
8581036.0,103,48
8581064.0,93,56
8581087.0,102,59
8581141.0,103,50
8581145.0,102,54
8581159.0,103,58
8581172.0,104,55
8581292.0,104,53
8581337.0,104,50
8581433.0,104,48
8581628.0,102,56
8581715.0,94,50
8581814.0,93,54
8581865.0,97,54
8581896.0,105,52
8581960.0,103,49
8581989.0,105,49
8582014.0,97,53
8582117.0,105,50
8582186.0,103,51
8582243.0,104,49
8582257.0,96,53
8582353.0,101,54
8582373.0,106,56
8582466.0,96,54
8582496.0,96,53
8582589.0,93,53
8582591.0,101,49
8582637.0,105,53
8582661.0,104,53
8582720.0,100,50
8582817.0,105,49
8582885.0,96,51
8582931.0,102,53
8582994.0,93,54
8583017.0,105,51
8583027.0,107,57
8583109.0,103,54
8583144.0,99,70
8583147.0,102,53
8583164.0,106,54
8583185.0,100,51
8583210.0,105,57
8583214.0,103,48
8583300.0,99,51
8583312.0,97,53
8583437.0,99,70
8583443.0,98,52
8583467.0,100,50
8583481.0,105,51
8583653.0,104,51
8583672.0,104,48
8583675.0,105,56
8583745.0,105,49
8583766.0,102,53
8583798.0,106,55
8583929.0,99,53
8583931.0,106,49
8583940.0,106,51
8583941.0,95,55
8583960.0,106,55
8583989.0,93,53
8583999.0,101,49
8584015.0,99,51
8584024.0,104,51
8584033.0,96,52
8584133.0,107,57
8584199.0,104,54
8584254.0,102,53
8584293.0,102,48
8584350.0,100,50
8584414.0,98,52
8584429.0,96,53
8584434.0,102,50
8584460.0,105,51
8584480.0,71,101
8584552.0,106,50
8584702.0,104,51
8584710.0,96,52
8584757.0,96,50
8584854.0,103,50
8584900.0,94,56
8584920.0,96,53
8584930.0,102,50
8584968.0,95,50
8585030.0,93,52
8585032.0,100,70
8585043.0,96,54
8585160.0,105,51
8585303.0,100,53
8585332.0,92,56
8585340.0,93,53
8585406.0,95,53
8585533.0,102,48
8585589.0,91,82
8585607.0,97,55
8585642.0,100,53
8585650.0,95,53
8585671.0,96,53
8585695.0,103,50
8585730.0,101,49
8585748.0,100,50
8585753.0,105,51
8585784.0,106,49
8585787.0,95,54
8585805.0,92,60
8585828.0,102,50
8585840.0,70,101
8585843.0,103,57
8585848.0,95,50
8585893.0,99,51
8585910.0,106,50
8585938.0,97,53
8585942.0,100,51
8585979.0,103,55
8586019.0,98,52
8586073.0,101,50
8586122.0,93,52
8586173.0,103,52
8586180.0,96,53
8586194.0,105,51
8586232.0,92,57
8586245.0,100,52
8586254.0,105,52
8586263.0,95,53
8586572.0,105,54
8586578.0,93,72
8586624.0,93,51
8586640.0,93,50
8586679.0,102,51
8586682.0,99,67
8586765.0,102,50
8586774.0,96,61
8586815.0,105,50
8586955.0,100,54
8587023.0,105,51
8587032.0,90,82
8587170.0,102,49
8587208.0,103,50
8587242.0,103,51
8587468.0,105,51
8587469.0,106,52
8587503.0,93,51
8587643.0,93,53
8587690.0,102,53
8587738.0,92,58
8587740.0,93,50
8587760.0,92,59
8587806.0,104,49
8587819.0,98,67
8587882.0,104,55
8587883.0,101,60
8587990.0,95,54
8588091.0,105,51
8588135.0,102,48
8588182.0,100,66
8588215.0,94,67
8588224.0,93,51
8588242.0,96,51
8588314.0,92,72
8588338.0,101,52
8588375.0,95,51
8588376.0,103,50
8588426.0,105,93
8588456.0,95,52
8588459.0,102,47
8588460.0,106,49
8588467.0,103,48
8588474.0,99,66
8588478.0,104,49
8588491.0,95,65
8588509.0,93,50
8588517.0,105,51
8588539.0,103,53
8588558.0,92,58
8588576.0,100,58
8588586.0,99,53
8588610.0,96,65
8588611.0,104,50
8588655.0,103,49
8588776.0,95,53
8588820.0,93,52
8588833.0,100,66
8588882.0,96,51
8588938.0,96,65
8589049.0,97,73
8589064.0,103,53
8589163.0,98,51
8589182.0,106,51
8589223.0,95,53
8589261.0,102,51
8589280.0,93,51
8589305.0,95,51
8589316.0,102,59
8589344.0,102,52
8589358.0,93,50
8589571.0,105,51
8589574.0,105,54
8589577.0,103,48
8589665.0,97,72
8589669.0,103,58
8589698.0,103,53
8589709.0,93,66
8589738.0,106,55
8589755.0,85,72
8589777.0,103,55
8589781.0,100,53
8589903.0,92,56
8589924.0,95,53
8590019.0,104,54
8590058.0,103,58
8590151.0,101,50
8590219.0,99,50
8590293.0,92,55
8590301.0,103,53
8590317.0,95,53
8590319.0,92,57
8590321.0,93,69
8590329.0,100,53
8590340.0,95,52
8590359.0,98,51
8590429.0,93,50
8590562.0,105,52
8590600.0,104,52
8590632.0,105,51
8590671.0,101,50
8590682.0,99,65
8590728.0,94,50
8590743.0,104,51
8590745.0,101,65
8590779.0,105,56
8590791.0,100,67
8590846.0,100,52
8590865.0,97,52
8590950.0,106,52
8590976.0,100,50
8591008.0,101,51
8591015.0,104,56
8591027.0,105,50
8591061.0,99,50
8591097.0,92,56
8591103.0,105,56
8591112.0,101,50
8591114.0,98,53
8591174.0,98,51
8591177.0,104,53
8591180.0,92,54
8591242.0,103,58
8591305.0,92,60
8591326.0,104,50
8591419.0,106,54
8591435.0,105,55
8591475.0,104,58
8591506.0,101,50
8591514.0,92,70
8591570.0,104,50
8591685.0,94,53
8591761.0,93,50
8591792.0,103,58
8591794.0,99,51
8591809.0,106,51
8591872.0,94,50
8591880.0,101,50
8591895.0,99,50
8591939.0,102,57
8591955.0,103,51
8591957.0,92,55
8591958.0,100,49
8591970.0,96,53
8592173.0,94,54
8592202.0,104,50
8592208.0,99,52
8592245.0,105,49
8592278.0,101,50
8592401.0,98,51
8592519.0,105,51
8592550.0,92,71
8592613.0,103,49
8592623.0,103,58
8592646.0,97,52
8592722.0,92,51
8592916.0,103,57
8592966.0,92,53
8592983.0,95,54
8592989.0,92,54
8593047.0,102,58
8593058.0,104,57
8593062.0,101,51
8593111.0,105,49
8593161.0,103,57
8593169.0,103,53
8593222.0,94,81
8593223.0,105,56
8593292.0,101,53
8593292.0,97,52
8593310.0,101,48
8593315.0,98,51
8593380.0,102,50
8593404.0,103,52
8593446.0,104,52
8593478.0,103,49
8593497.0,94,50
8593522.0,100,49
8593576.0,96,53
8593725.0,93,51
8593752.0,99,64
8593781.0,96,55
8593800.0,93,56
8593816.0,101,56
8593883.0,93,53
8593885.0,106,52
8593941.0,94,56
8593956.0,101,51
8593992.0,105,53
8594129.0,99,51
8594207.0,92,51
8594245.0,95,54
8594257.0,101,49
8594413.0,94,51
8594456.0,103,57
8594525.0,84,84
8594610.0,92,54
8594615.0,94,55
8594629.0,92,53
8594636.0,92,52
8594682.0,101,55
8594759.0,99,49
8594767.0,101,52
8594781.0,85,84
8594866.0,101,54
8594890.0,94,55
8594915.0,103,56
8594962.0,102,53
8594964.0,90,84
8595021.0,102,49
8595064.0,100,48
8595077.0,84,84
8595101.0,90,83
8595107.0,92,51
8595144.0,94,54
8595170.0,104,48
8595198.0,97,52
8595217.0,98,53
8595313.0,91,80
8595336.0,102,53
8595365.0,95,52
8595373.0,105,49
8595378.0,103,56
8595387.0,85,84
8595401.0,94,55
8595405.0,92,50
8595417.0,102,51
8595541.0,92,52
8595584.0,93,83
8595597.0,106,54
8595627.0,93,50
8595672.0,92,55
8595719.0,100,52
8595759.0,95,55
8595764.0,91,59
8595805.0,94,51
8595826.0,99,54
8595855.0,94,80
8595902.0,94,55
8595929.0,106,55
8595932.0,88,83
8595939.0,103,50
8595994.0,96,53
8596068.0,100,50
8596073.0,85,84
8596078.0,98,50
8596098.0,95,54
8596180.0,102,48
8596191.0,100,55
8596243.0,103,50
8596309.0,92,51
8596329.0,102,56
8596368.0,100,51
8596393.0,92,50
8596431.0,94,54
8596523.0,94,53
8596629.0,100,52
8596710.0,103,51
8596731.0,104,52
8596733.0,93,51
8596816.0,94,52
8596887.0,99,49
8596917.0,93,50
8596933.0,101,50
8597143.0,103,50
8597143.0,92,60
8597206.0,100,48
8597207.0,91,56
8597322.0,104,51
8597399.0,98,56
8597412.0,102,49
8597428.0,98,50
8597440.0,100,49
8597454.0,96,74
8597472.0,105,52
8597496.0,101,50
8597500.0,103,55
8597525.0,99,67
8597557.0,92,52
8597562.0,97,51
8597567.0,104,50
8597572.0,95,74
8597586.0,102,48
8597632.0,92,78
8597650.0,104,49
8597689.0,101,60
8597867.0,99,52
8597887.0,103,48
8597912.0,102,48
8597937.0,105,52
8597940.0,99,53
8597968.0,98,52
8597982.0,96,53
8597991.0,103,52
8597998.0,97,53
8597999.0,98,54
8598007.0,93,52
8598052.0,98,51
8598088.0,98,50
8598130.0,93,50
8598178.0,99,49
8598182.0,99,66
8598215.0,93,57
8598220.0,102,49
8598227.0,91,57
8598230.0,100,65
8598287.0,101,60
8598292.0,94,53
8598383.0,94,52
8598424.0,97,51
8598487.0,104,51
8598495.0,98,65
8598526.0,92,51
8598583.0,100,48
8598631.0,103,52
8598650.0,103,56
8598718.0,91,60
8598720.0,100,62
8598736.0,105,52
8598740.0,94,54
8598749.0,96,56
8598774.0,99,66
8598821.0,95,54
8598866.0,102,49
8598918.0,91,59
8598936.0,99,50
8598987.0,100,70
8599051.0,99,54
8599100.0,103,48
8599104.0,103,53
8599155.0,91,56
8599155.0,99,68
8599180.0,99,66
8599181.0,104,53
8599278.0,105,51
8599318.0,97,51
8599324.0,99,69
8599364.0,85,82
8599400.0,101,50
8599437.0,102,53
8599445.0,103,53
8599508.0,99,48
8599543.0,104,48
8599546.0,104,54
8599566.0,104,55
8599582.0,104,49
8599668.0,85,81
8599679.0,91,55
8599711.0,103,54
8599746.0,91,58
8599769.0,91,57
8599776.0,100,52
8599786.0,103,51
8599816.0,105,53
8599818.0,89,81
8599830.0,102,55
8599830.0,99,66
8599842.0,100,53
8599844.0,103,55
8599859.0,99,65
8599901.0,105,55
8599905.0,94,66
8599922.0,96,52
8599975.0,100,51
8599987.0,85,82
8600021.0,103,48
8600030.0,104,55
8600038.0,102,52
8600066.0,104,56
8600091.0,94,51
8600104.0,105,54
8600106.0,98,51
8600120.0,93,51
8600177.0,103,51
8600203.0,85,81
8600215.0,101,59
8600263.0,102,58
8600380.0,92,63
8600421.0,99,67
8600485.0,103,52
8600510.0,91,56
8600622.0,101,59
8600700.0,85,81
8600710.0,94,51
8600752.0,100,68
8600761.0,92,65
8600794.0,98,49
8600796.0,104,55
8600854.0,104,49
8600876.0,91,54
8600910.0,97,51
8600917.0,95,60
8600922.0,104,52
8600928.0,93,51
8600937.0,100,51
8600967.0,91,55
8600972.0,92,50
8600985.0,106,55
8601020.0,103,57
8601049.0,105,51
8601120.0,103,51
8601126.0,101,49
8601129.0,93,51
8601247.0,104,49
8601282.0,92,62
8601316.0,93,65
8601321.0,96,52
8601332.0,101,50
8601338.0,97,52
8601376.0,103,57
8601381.0,103,48
8601382.0,92,56
8601399.0,91,51
8601416.0,85,81
8601422.0,101,53
8601426.0,91,58
8601445.0,103,51
8601503.0,91,53
8601504.0,102,50
8601509.0,101,51
8601527.0,99,50
8601533.0,101,48
8601565.0,91,59
8601676.0,98,52
8601704.0,94,51
8601767.0,97,52
8601793.0,99,48
8601806.0,100,50
8601810.0,103,49
8601857.0,94,60
8601931.0,93,51
8601939.0,91,51
8601975.0,91,52
8601984.0,102,53
8601992.0,102,59
8602020.0,105,51
8602033.0,102,50
8602078.0,104,49
8602110.0,96,52
8602140.0,103,50
8602145.0,103,53
8602148.0,99,58
8602178.0,93,51
8602185.0,105,52
8602188.0,95,61
8602228.0,100,60
8602250.0,93,77
8602258.0,95,55
8602264.0,97,50
8602339.0,95,50
8602373.0,94,76
8602378.0,98,49
8602439.0,102,48
8602520.0,92,53
8602532.0,93,53
8602568.0,103,50
8602582.0,89,82
8602607.0,101,48
8602609.0,101,54
8602615.0,95,53
8602644.0,92,57
8602754.0,93,77
8602816.0,91,53
8602840.0,91,51
8602854.0,99,48
8602886.0,95,50
8602917.0,105,52
8602920.0,91,56
8602939.0,101,48
8602941.0,102,57
8603031.0,93,66
8603082.0,93,52
8603091.0,91,52
8603158.0,93,77
8603179.0,93,51
8603192.0,91,55
8603230.0,100,59
8603236.0,92,52
8603239.0,101,53
8603242.0,104,49
8603247.0,95,53
8603256.0,102,50
8603264.0,102,51
8603275.0,95,50
8603325.0,102,48
8603338.0,101,49
8603342.0,89,81
8603355.0,95,63
8603415.0,97,51
8603426.0,103,51
8603441.0,99,55
8603451.0,93,51
8603526.0,103,50
8603547.0,91,54
8603561.0,94,54
8603571.0,101,48
8603588.0,101,60
8603593.0,97,50
8603607.0,92,76
8603634.0,99,52
8603636.0,93,55
8603646.0,92,63
8603708.0,96,53
8603737.0,100,59
8603790.0,39,58
8603791.0,95,64
8603796.0,102,54
8603815.0,99,48
8603838.0,101,48
8603914.0,95,53
8603965.0,91,84
8603988.0,92,67
8603989.0,93,52
8603996.0,93,51
8604006.0,103,51
8604024.0,90,61
8604026.0,91,52
8604041.0,101,59
8604090.0,93,54
8604137.0,98,49
8604219.0,94,65
8604229.0,98,53
8604233.0,103,50
8604247.0,103,57
8604252.0,95,64
8604261.0,99,50
8604261.0,100,50
8604279.0,99,69
8604321.0,97,50
8604337.0,91,84
8604356.0,104,56
8604357.0,93,51
8604373.0,89,81
8604380.0,102,48
8604459.0,98,51
8604465.0,93,53
8604476.0,101,59
8604511.0,39,58
8604527.0,99,70
8604575.0,101,49
8604606.0,91,51
8604643.0,103,51
8604653.0,96,51
8604671.0,92,50
8604684.0,105,49
8604721.0,98,65
8604724.0,99,49
8604756.0,100,64
8604796.0,99,51
8604870.0,100,61
8604873.0,100,50
8604882.0,99,69
8604899.0,97,53
8604960.0,103,48
8604970.0,103,50
8604982.0,98,53
8604982.0,97,50
8604991.0,91,61
8605006.0,98,49
8605045.0,101,59
8605053.0,98,51
8605088.0,99,49
8605092.0,102,58
8605093.0,102,52
8605110.0,87,84
8605110.0,92,61
8605128.0,100,54
8605160.0,102,48
8605179.0,99,50
8605183.0,100,61
8605193.0,103,50
8605241.0,102,56
8605252.0,95,53
8605288.0,93,55
8605290.0,101,59
8605340.0,99,54
8605343.0,99,65
8605389.0,93,54
8605408.0,105,54
8605424.0,101,50
8605455.0,94,54
8605461.0,99,68
8605517.0,103,55
8605579.0,99,69
8605596.0,96,51
8605703.0,99,50
8605725.0,97,52
8605784.0,92,51
8605789.0,101,52
8605825.0,93,52
8605849.0,98,54
8605857.0,105,53
8605908.0,100,52
8605933.0,105,55
8605954.0,103,49
8606011.0,93,53
8606088.0,100,50
8606138.0,97,52
8606143.0,104,53
8606160.0,98,50
8606190.0,97,51
8606192.0,98,52
8606212.0,94,56
8606215.0,90,85
8606228.0,102,52
8606235.0,105,55
8606268.0,103,52
8606271.0,102,49
8606294.0,101,53
8606296.0,101,55
8606309.0,91,84
8606337.0,103,48
8606354.0,100,54
8606365.0,103,54
8606427.0,96,51
8606448.0,101,59
8606525.0,95,52
8606538.0,97,51
8606605.0,99,51
8606682.0,90,58
8606729.0,92,57
8606767.0,91,60
8606769.0,93,66
8606774.0,93,51
8606872.0,92,51
8606881.0,96,51
8606943.0,93,51
8607018.0,99,67
8607026.0,100,49
8607060.0,97,51
8607087.0,98,53
8607090.0,103,49
8607099.0,91,51
8607104.0,99,50
8607138.0,99,49
8607161.0,104,53
8607244.0,98,48
8607306.0,92,51
8607318.0,102,52
8607333.0,100,56
8607338.0,97,51
8607431.0,96,53
8607436.0,92,53
8607506.0,93,58
8607579.0,91,52
8607691.0,101,53
8607712.0,99,51
8607736.0,94,54
8607738.0,96,53
8607740.0,92,51
8607772.0,95,74
8607785.0,100,48
8607791.0,101,58
8607867.0,104,52
8607881.0,90,56
8607882.0,102,53
8607931.0,101,52
8607962.0,99,52
8607976.0,98,68
8607996.0,97,51
8608000.0,101,48
8608057.0,102,57
8608095.0,98,52
8608100.0,101,58
8608113.0,95,52
8608141.0,92,51
8608159.0,105,52
8608163.0,102,50
8608190.0,104,55
8608226.0,103,54
8608228.0,100,53
8608255.0,94,70
8608289.0,90,57
8608337.0,102,55
8608357.0,101,56
8608366.0,95,75
8608377.0,102,57
8608379.0,100,61
8608380.0,97,52
8608404.0,103,57
8608449.0,104,56
8608519.0,101,52
8608522.0,90,53
8608555.0,105,52
8608567.0,104,53
8608583.0,98,48
8608610.0,90,55
8608636.0,96,50
8608655.0,103,50
8608658.0,105,54
8608704.0,95,52
8608706.0,93,61
8608715.0,97,51
8608721.0,100,53
8608779.0,100,54
8608809.0,103,56
8608892.0,97,49
8608908.0,90,52
8608935.0,103,57
8608974.0,101,48
8608978.0,93,63
8609004.0,105,54
8609046.0,105,55
8609073.0,90,51
8609108.0,100,49
8609112.0,94,70
8609116.0,102,57
8609151.0,92,67
8609171.0,93,68
8609237.0,100,55
8609247.0,95,69
8609273.0,92,52
8609285.0,97,51
8609321.0,91,57
8609330.0,93,55
8609332.0,102,57
8609345.0,105,55
8609347.0,91,51
8609376.0,95,73
8609392.0,86,73
8609403.0,90,78
8609426.0,100,51
8609439.0,93,63
8609452.0,95,69
8609454.0,95,68
8609468.0,103,57
8609507.0,101,53
8609535.0,104,54
8609570.0,98,49
8609572.0,87,73
8609589.0,101,52
8609592.0,93,54
8609595.0,95,52
8609603.0,104,56
8609604.0,100,49
8609613.0,97,49
8609618.0,100,53
8609622.0,90,52
8609658.0,98,52
8609660.0,104,51
8609691.0,100,48
8609714.0,97,51
8609739.0,85,78
8609752.0,93,68
8609764.0,96,50
8609788.0,101,54
8609820.0,100,54
8609867.0,101,50
8609871.0,101,51
8609908.0,101,49
8609933.0,90,54
8609944.0,93,60
8609953.0,95,68
8610016.0,93,73
8610031.0,103,53
8610053.0,101,48
8610078.0,92,58
8610124.0,103,57
8610136.0,92,57
8610178.0,90,51
8610200.0,100,48
8610241.0,101,52
8610250.0,100,74
8610270.0,96,51
8610285.0,100,72
8610288.0,92,52
8610367.0,91,51
8610373.0,95,52
8610387.0,99,60
8610402.0,103,50
8610425.0,91,62
8610480.0,90,53
8610482.0,98,52
8610483.0,99,73
8610483.0,90,57
8610491.0,91,52
8610520.0,96,50
8610527.0,97,53
8610594.0,90,55
8610596.0,94,53
8610675.0,94,69
8610688.0,99,69
8610805.0,102,51
8610817.0,102,48
8610835.0,100,49
8610836.0,90,56
8610853.0,100,60
8610880.0,99,50
8610903.0,101,55
8610910.0,99,68
8610918.0,84,79
8610955.0,85,72
8610993.0,97,50
8611064.0,90,54
8611094.0,90,58
8611101.0,90,52
8611132.0,104,51
8611135.0,100,73
8611187.0,98,50
8611236.0,95,51
8611241.0,106,54
8611244.0,94,67
8611255.0,101,58
8611262.0,91,51
8611316.0,93,55
8611359.0,85,77
8611403.0,102,49
8611422.0,98,54
8611469.0,90,59
8611476.0,96,50
8611504.0,59,62
8611509.0,87,78
8611511.0,99,50
8611520.0,100,59
8611545.0,84,77
8611548.0,103,57
8611568.0,101,58
8611658.0,103,50
8611664.0,100,55
8611685.0,91,51
8611699.0,102,51
8611726.0,93,57
8611767.0,90,57
8611773.0,90,55
8611884.0,90,56
8611930.0,102,48
8611964.0,90,53
8611975.0,90,52
8612019.0,92,54
8612120.0,100,55
8612156.0,92,53
8612170.0,105,54
8612262.0,101,51
8612292.0,100,55
8612307.0,96,52
8612388.0,101,58
8612413.0,99,65
8612430.0,91,51
8612437.0,103,56
8612479.0,99,54
8612519.0,100,54
8612530.0,104,52
8612533.0,85,85
8612557.0,100,50
8612603.0,105,54
8612635.0,93,66
8612652.0,103,55
8612668.0,101,59
8612716.0,95,51
8612731.0,92,55
8612761.0,101,52
8612770.0,106,54
8612785.0,102,57
8612801.0,104,51
8612832.0,91,51
8612945.0,95,53
8612978.0,99,67
8612984.0,103,56
8612998.0,99,54
8613138.0,103,53
8613147.0,93,55
8613160.0,95,53
8613180.0,96,53
8613199.0,100,67
8613208.0,96,51
8613253.0,101,58
8613318.0,94,53
8613330.0,93,54
8613353.0,98,49
8613370.0,91,53
8613387.0,99,48
8613392.0,88,79
8613401.0,97,53
8613443.0,106,54
8613502.0,99,57
8613517.0,102,56
8613524.0,92,52
8613538.0,103,52
8613551.0,104,51
8613554.0,104,50
8613557.0,97,48
8613565.0,92,53
8613616.0,98,68
8613625.0,99,49
8613628.0,98,65
8613628.0,99,67
8613637.0,98,49
8613662.0,99,54
8613688.0,91,58
8613773.0,101,52
8613826.0,95,51
8613870.0,101,58
8613894.0,104,50
8613894.0,100,67
8613911.0,99,49
8613911.0,92,54
8613944.0,103,56
8613950.0,90,51
8613990.0,92,51
8613992.0,97,52
8614034.0,95,50
8614050.0,90,59
8614063.0,98,53
8614072.0,98,51
8614073.0,90,58
8614074.0,103,53
8614114.0,101,57
8614128.0,104,53
8614147.0,92,56
8614222.0,100,52
8614231.0,101,58
8614280.0,91,51
8614350.0,89,52
8614376.0,103,56
8614378.0,99,54
8614387.0,96,49
8614394.0,90,60
8614400.0,100,48
8614427.0,91,52
8614452.0,97,48
8614535.0,95,57
8614536.0,98,74
8614540.0,92,54
8614588.0,99,70
8614615.0,90,52
8614636.0,90,57
8614637.0,88,83
8614646.0,100,53
8614656.0,99,67
8614671.0,92,51
8614769.0,94,52
8614800.0,103,53
8614901.0,91,51
8614942.0,96,54
8614955.0,100,71
8614963.0,93,54
8614974.0,99,48
8615028.0,99,49
8615034.0,99,71
8615057.0,100,48
8615069.0,90,51
8615077.0,98,52
8615112.0,89,52
8615125.0,104,54
8615134.0,99,53
8615142.0,102,50
8615157.0,103,56
8615188.0,92,58
8615212.0,97,50
8615239.0,103,52
8615278.0,101,56
8615295.0,91,52
8615299.0,94,56
8615333.0,99,56
8615334.0,103,56
8615359.0,99,52
8615386.0,99,69
8615522.0,90,60
8615533.0,94,53
8615553.0,100,70
8615590.0,96,49
8615617.0,100,53
8615638.0,103,53
8615643.0,100,58
8615693.0,101,49
8615727.0,100,61
8615797.0,89,52
8615822.0,102,52
8615855.0,104,53
8615871.0,90,53
8615947.0,98,70
8616019.0,103,50
8616032.0,97,53
8616079.0,94,52
8616096.0,55,68
8616098.0,100,51
8616138.0,101,53
8616169.0,91,74
8616178.0,95,50
8616199.0,93,54
8616214.0,102,52
8616226.0,91,59
8616229.0,89,53
8616282.0,102,50
8616292.0,93,59
8616307.0,100,70
8616329.0,92,54
8616364.0,98,70
8616370.0,99,49
8616373.0,99,70
8616397.0,90,54
8616412.0,101,58
8616425.0,92,55
8616435.0,94,67
8616467.0,91,52
8616477.0,103,50
8616544.0,97,51
8616560.0,100,49
8616576.0,89,52
8616584.0,93,55
8616596.0,101,55
8616678.0,93,67
8616686.0,100,54
8616697.0,92,54
8616751.0,102,54
8616770.0,98,50
8616776.0,94,52
8616825.0,91,58
8616848.0,104,55
8616850.0,92,70
8616858.0,101,51
8616864.0,94,67
8616891.0,99,54
8616895.0,102,50
8616918.0,97,51
8616922.0,93,54
8616925.0,99,53
8616942.0,91,54
8616956.0,93,67
8616983.0,96,49
8616993.0,104,53
8617025.0,99,63
8617035.0,92,66
8617050.0,97,52
8617077.0,90,51
8617095.0,90,61
8617109.0,92,55
8617122.0,103,51
8617132.0,103,50
8617225.0,89,54
8617357.0,95,50
8617376.0,91,70
8617396.0,99,49
8617415.0,89,51
8617422.0,96,52
8617507.0,103,54
8617538.0,103,51
8617572.0,94,51
8617617.0,103,50
8617633.0,103,56
8617651.0,89,52
8617663.0,97,49
8617668.0,89,53
8617686.0,97,54
8617705.0,103,54
8617713.0,102,53
8617721.0,98,50
8617778.0,103,55
8617789.0,91,70
8617805.0,98,49
8617806.0,101,48
8617809.0,101,51
8617825.0,93,67
8617852.0,100,56
8617894.0,97,51
8617922.0,94,52
8617950.0,102,53
8617982.0,93,69
8617984.0,97,52
8618044.0,99,54
8618068.0,100,51
8618101.0,91,53
8618163.0,100,59
8618187.0,96,53
8618192.0,103,51
8618200.0,95,50
8618212.0,93,67
8618212.0,99,48
8618229.0,102,49
8618283.0,99,50
8618316.0,103,50
8618333.0,98,69
8618343.0,100,55
8618346.0,92,54
8618357.0,89,55
8618359.0,94,67
8618364.0,101,55
8618368.0,99,51
8618388.0,92,59
8618416.0,100,57
8618448.0,95,53
8618449.0,93,69
8618451.0,104,54
8618476.0,93,54
8618481.0,95,52
8618482.0,89,52
8618498.0,89,53
8618539.0,95,51
8618545.0,105,55
8618545.0,102,50
8618595.0,103,51
8618605.0,99,50
8618626.0,102,53
8618640.0,100,50
8618671.0,96,48
8618732.0,100,51
8618745.0,93,65
8618749.0,103,56
8618750.0,92,67
8618775.0,92,54
8618831.0,99,70
8618842.0,100,55
8618845.0,95,51
8618883.0,104,53
8618886.0,101,48
8618889.0,101,51
8618916.0,98,48
8618942.0,103,50
8618972.0,94,51
8619033.0,100,52
8619042.0,105,55
8619047.0,90,52
8619056.0,99,60
8619093.0,102,53
8619116.0,89,54
8619131.0,100,71
8619139.0,98,61
8619143.0,99,48
8619188.0,104,53
8619196.0,89,56
8619220.0,97,51
8619356.0,96,50
8619370.0,101,48
8619397.0,102,55
8619463.0,99,71
8619487.0,95,63
8619519.0,89,55
8619604.0,91,53
8619614.0,100,55
8619681.0,93,53
8619691.0,98,67
8619765.0,99,48
8619773.0,90,54
8619775.0,90,53
8619786.0,101,52
8619790.0,94,53
8619795.0,98,54
8619863.0,90,58
8619873.0,91,54
8619878.0,103,51
8619884.0,101,48
8619893.0,100,52
8619899.0,88,57
8619908.0,105,55
8619910.0,90,52
8619915.0,105,53
8619923.0,89,57
8619996.0,91,53
8620006.0,95,54
8620020.0,94,51
8620056.0,100,72
8620063.0,100,67
8620070.0,104,53
8620094.0,98,48
8620155.0,98,64
8620194.0,99,68
8620208.0,100,55
8620222.0,105,55
8620301.0,103,56
8620310.0,98,66
8620318.0,88,57
8620351.0,105,53
8620360.0,104,53
8620378.0,103,51
8620405.0,92,55
8620419.0,99,66
8620426.0,97,51
8620456.0,101,56
8620502.0,101,49
8620513.0,93,62
8620563.0,91,80
8620581.0,96,53
8620593.0,101,57
8620594.0,101,50
8620598.0,91,64
8620618.0,101,48
8620630.0,89,58
8620651.0,98,49
8620695.0,90,55
8620713.0,99,66
8620730.0,91,55
8620763.0,95,49
8620764.0,99,52
8620808.0,99,85
8620811.0,91,71
8620823.0,89,56
8620850.0,92,61
8620864.0,101,56
8620866.0,93,53
8620872.0,100,67
8620884.0,91,53
8620892.0,90,61
8620906.0,89,53
8620955.0,103,56
8621054.0,91,54
8621081.0,89,54
8621115.0,102,56
8621164.0,97,66
8621173.0,100,52
8621184.0,99,52
8621228.0,101,49
8621268.0,103,55
8621284.0,90,52
8621285.0,99,50
8621292.0,93,56
8621296.0,101,50
8621298.0,97,51
8621324.0,102,51
8621348.0,99,71
8621359.0,88,57
8621403.0,91,66
8621417.0,90,78
8621430.0,96,49
8621434.0,89,57
8621461.0,98,66
8621497.0,102,52
8621504.0,96,52
8621525.0,99,49
8621556.0,102,53
8621586.0,99,53
8621602.0,93,61
8621636.0,95,52
8621650.0,95,49
8621685.0,98,67
8621704.0,97,50
8621725.0,100,49
8621763.0,54,60
8621770.0,98,49
8621771.0,92,55
8621788.0,91,58
8621792.0,100,73
8621834.0,90,52
8621844.0,88,52
8621876.0,89,59
8621883.0,93,60
8621977.0,101,50
8622006.0,101,54
8622034.0,89,58
8622064.0,101,48
8622114.0,100,50
8622124.0,83,85
8622130.0,101,49
8622194.0,98,68
8622195.0,90,80
8622207.0,98,57
8622245.0,102,50
8622252.0,95,54
8622280.0,97,52
8622296.0,93,52
8622317.0,96,54
8622341.0,97,50
8622347.0,99,52
8622348.0,100,49
8622364.0,98,53
8622423.0,100,50
8622459.0,88,53
8622477.0,89,52
8622516.0,91,63
8622545.0,95,48
8622580.0,90,53
8622595.0,101,49
8622618.0,101,50
8622668.0,99,53
8622688.0,96,53
8622776.0,103,54
8622823.0,100,48
8622846.0,99,61
8622892.0,103,51
8622996.0,95,49
8623039.0,91,54
8623047.0,93,52
8623072.0,90,62
8623099.0,99,68
8623114.0,94,50
8623162.0,95,51
8623177.0,103,53
8623181.0,92,67
8623194.0,89,57
8623201.0,89,54
8623217.0,99,74
8623233.0,99,70
8623257.0,90,58
8623258.0,96,52
8623277.0,91,56
8623295.0,91,55
8623312.0,100,49
8623327.0,90,57
8623338.0,99,71
8623354.0,101,54
8623357.0,97,57
8623361.0,88,53
8623368.0,99,53
8623427.0,101,49
8623451.0,93,49
8623456.0,90,53
8623477.0,102,50
8623483.0,99,51
8623541.0,101,50
8623541.0,96,51
8623544.0,92,55
8623562.0,95,51
8623578.0,98,72
8623580.0,97,50
8623582.0,97,53
8623602.0,100,51
8623664.0,89,52
8623667.0,89,53
8623679.0,98,48
8623695.0,97,48
8623730.0,99,72
8623748.0,98,68
8623752.0,95,50
8623778.0,100,48
8623802.0,98,67
8623806.0,91,55
8623871.0,99,62
8623925.0,91,54
8623929.0,89,59
8623932.0,96,55
8623942.0,94,50
8623948.0,95,48
8623952.0,94,52
8624047.0,94,54
8624052.0,97,49
8624067.0,96,48
8624089.0,100,74
8624089.0,102,52
8624135.0,98,53
8624138.0,101,55
8624141.0,98,54
8624165.0,92,54
8624172.0,100,72
8624220.0,99,55
8624234.0,100,48
8624270.0,91,73
8624281.0,88,53
8624298.0,89,55
8624321.0,93,52
8624326.0,90,54
8624336.0,88,54
8624365.0,102,55
8624393.0,91,55
8624431.0,98,51
8624499.0,99,55
8624576.0,91,54
8624608.0,98,48
8624633.0,90,60
8624644.0,89,60
8624647.0,93,68
8624657.0,101,55
8624663.0,100,51
8624672.0,91,60
8624684.0,98,51
8624687.0,97,48
8624688.0,95,48
8624735.0,96,52
8624756.0,98,68
8624817.0,100,52
8624866.0,90,53
8624899.0,98,50
8624910.0,91,55
8624922.0,98,53
8624935.0,97,51
8624947.0,95,53
8624961.0,89,52
8624967.0,101,57
8624972.0,103,54
8624977.0,103,53
8625003.0,100,48
8625039.0,102,51
8625066.0,92,67
8625158.0,91,54
8625173.0,102,50
8625189.0,100,55
8625191.0,101,51
8625202.0,99,55
8625238.0,93,52
8625248.0,101,53
8625257.0,97,55
8625270.0,95,53
8625278.0,92,57
8625373.0,89,56
8625375.0,99,50
8625392.0,95,48
8625408.0,89,52
8625438.0,99,66
8625444.0,88,54
8625448.0,98,56
8625453.0,98,54
8625469.0,92,63
8625504.0,101,55
8625509.0,97,50
8625528.0,97,55
8625537.0,94,51
8625538.0,88,55
8625545.0,92,54
8625553.0,93,51
8625562.0,99,55
8625576.0,90,52
8625609.0,99,61
8625621.0,92,66
8625641.0,96,50
8625656.0,101,53
8625656.0,92,60
8625699.0,99,69
8625743.0,99,52
8625774.0,101,57
8625782.0,99,50
8625932.0,93,69
8625953.0,91,58
8625975.0,101,56
8626025.0,93,70
8626041.0,98,53
8626055.0,95,53
8626062.0,89,60
8626062.0,99,54
8626089.0,103,53
8626110.0,90,52
8626124.0,91,65
8626143.0,94,52
8626150.0,90,54
8626208.0,94,49
8626211.0,91,77
8626236.0,96,51
8626291.0,89,52
8626305.0,99,49
8626313.0,102,57
8626393.0,101,51
8626442.0,98,52
8626471.0,101,57
8626513.0,97,49
8626528.0,92,54
8626538.0,103,53
8626551.0,93,57
8626558.0,94,50
8626575.0,91,67
8626604.0,100,50
8626648.0,93,62
8626653.0,95,52
8626656.0,94,62
8626658.0,93,51
8626658.0,102,57
8626662.0,91,77
8626683.0,88,54
8626686.0,95,53
8626709.0,90,59
8626715.0,99,52
8626832.0,99,56
8626852.0,94,59
8626876.0,101,57
8626890.0,101,51
8626903.0,88,53
8626909.0,88,57
8626975.0,99,59
8626983.0,94,54
8627008.0,98,49
8627010.0,91,59
8627044.0,88,55
8627123.0,97,54
8627135.0,98,53
8627172.0,100,56
8627181.0,99,50
8627204.0,91,56
8627228.0,95,48
8627233.0,88,56
8627271.0,98,66
8627319.0,93,54
8627330.0,88,52
8627379.0,96,51
8627403.0,89,53
8627404.0,87,53
8627411.0,99,52
8627418.0,93,51
8627492.0,102,54
8627500.0,94,49
8627537.0,101,51
8627540.0,92,53
8627611.0,86,82
8627671.0,103,53
8627687.0,104,53
8627714.0,90,56
8627718.0,102,52
8627734.0,100,50
8627801.0,89,59
8627813.0,94,68
8627817.0,97,49
8627829.0,102,55
8627829.0,88,54
8627846.0,92,84
8627851.0,93,84
8627893.0,99,57
8628007.0,101,53
8628049.0,51,55
8628063.0,51,56
8628124.0,99,49
8628192.0,91,68
8628209.0,96,49
8628226.0,104,53
8628256.0,98,69
8628308.0,89,60
8628310.0,95,53
8628326.0,101,52
8628340.0,89,53
8628340.0,92,53
8628384.0,92,75
8628390.0,95,49
8628400.0,89,61
8628411.0,100,48
8628424.0,101,51
8628477.0,85,83
8628497.0,102,57
8628538.0,91,56
8628538.0,97,48
8628550.0,100,58
8628562.0,89,54
8628575.0,96,48
8628583.0,98,68
8628628.0,85,82
8628672.0,99,48
8628673.0,98,48
8628720.0,100,50
8628748.0,100,57
8628757.0,94,50
8628780.0,87,53
8628828.0,51,55
8628850.0,85,83
8628874.0,93,50
8628879.0,98,51
8628910.0,98,60
8628911.0,92,52
8628927.0,95,51
8628932.0,97,50
8628943.0,96,50
8628949.0,103,53
8628951.0,88,56
8628952.0,90,55
8628962.0,96,56
8628965.0,87,81
8628976.0,100,48
8628986.0,98,65
8628992.0,101,51
8629023.0,99,60
8629064.0,92,53
8629083.0,94,51
8629147.0,91,76
8629168.0,98,56
8629210.0,89,53
8629235.0,99,69
8629266.0,97,57
8629271.0,101,51
8629303.0,89,55
8629308.0,87,53
8629319.0,88,57
8629333.0,94,48
8629365.0,87,81
8629421.0,100,50
8629421.0,88,55
8629435.0,51,55
8629463.0,103,53
8629492.0,94,51
8629528.0,98,69
8629542.0,85,82
8629561.0,96,50
8629582.0,93,50
8629608.0,97,48
8629623.0,102,50
8629681.0,95,50
8629742.0,99,55
8629763.0,96,48
8629796.0,101,56
8629805.0,98,53
8629825.0,88,58
8629872.0,91,77
8629899.0,91,55
8629940.0,101,50
8629947.0,92,53
8629948.0,51,55
8629958.0,85,83
8629966.0,85,82
8629973.0,88,81
8629999.0,92,62
8630013.0,99,48
8630048.0,94,48
8630049.0,93,52
8630077.0,99,71
8630137.0,89,62
8630212.0,102,50
8630220.0,92,52
8630220.0,93,50
8630262.0,89,61
8630284.0,99,59
8630304.0,98,66
8630307.0,99,51
8630357.0,99,55
8630430.0,87,54
8630522.0,97,48
8630548.0,98,50
8630575.0,88,54
8630605.0,90,56
8630646.0,89,59
8630653.0,100,73
8630679.0,96,50
8630701.0,99,58
8630706.0,97,53
8630861.0,98,71
8630872.0,99,55
8630933.0,92,51
8630936.0,95,52
8630942.0,88,58
8630952.0,100,71
8631003.0,92,52
8631008.0,94,53
8631041.0,96,52
8631052.0,91,55
8631055.0,90,54
8631197.0,88,53
8631201.0,102,54
8631211.0,101,51
8631219.0,87,54
8631294.0,92,77
8631338.0,102,53
8631344.0,90,59
8631359.0,100,70
8631366.0,99,51
8631379.0,101,52
8631382.0,98,57
8631388.0,94,54
8631394.0,93,61
8631476.0,94,53
8631497.0,91,59
8631498.0,96,53
8631520.0,100,54
8631664.0,89,54
8631679.0,101,51
8631775.0,93,52
8631812.0,101,50
8631861.0,95,55
8631876.0,100,57
8631961.0,93,49
8631978.0,96,53
8631991.0,87,53
8631998.0,88,55
8632029.0,87,54
8632049.0,102,52
8632082.0,93,52
8632111.0,91,61
8632116.0,88,57
8632122.0,96,49
8632138.0,90,56
8632156.0,94,53
8632174.0,88,53
8632184.0,101,55
8632185.0,99,50
8632194.0,93,51
8632205.0,101,52
8632253.0,98,49
8632263.0,91,55
8632288.0,89,55
8632304.0,90,55
8632308.0,97,54
8632318.0,94,50
8632320.0,88,58
8632341.0,95,55
8632366.0,100,51
8632372.0,98,55
8632377.0,92,51
8632422.0,101,51
8632433.0,90,60
8632490.0,54,52
8632546.0,97,63
8632581.0,97,49
8632586.0,99,53
8632645.0,96,55
8632695.0,99,67
8632697.0,90,56
8632697.0,95,51
8632740.0,97,52
8632749.0,98,67
8632761.0,89,54
8632771.0,90,55
8632774.0,94,53
8632815.0,95,55
8632827.0,87,55
8632851.0,98,62
8632852.0,93,49
8632868.0,98,52
8632871.0,88,59
8632874.0,101,52
8632903.0,97,66
8632903.0,97,50
8632920.0,99,67
8632940.0,100,51
8632949.0,98,54
8632991.0,93,55
8633017.0,99,70
8633023.0,99,55
8633024.0,99,52
8633059.0,95,55
8633062.0,100,56
8633101.0,96,55
8633136.0,89,56
8633140.0,86,84
8633146.0,94,54
8633151.0,97,52
8633156.0,90,56
8633175.0,97,54
8633200.0,95,52
8633200.0,99,56
8633210.0,89,53
8633221.0,97,57
8633235.0,90,57
8633264.0,91,54
8633269.0,87,53
8633319.0,94,48
8633345.0,92,68
8633363.0,99,57
8633424.0,92,51
8633432.0,98,54
8633446.0,85,84
8633451.0,91,55
8633452.0,94,53
8633467.0,97,68
8633485.0,95,48
8633526.0,96,57
8633590.0,99,50
8633593.0,89,53
8633600.0,100,52
8633612.0,95,51
8633616.0,88,53
8633654.0,102,53
8633679.0,94,52
8633687.0,102,51
8633762.0,101,54
8633812.0,93,50
8633825.0,96,49
8633839.0,98,70
8633848.0,98,48
8633858.0,87,55
8633906.0,95,49
8633919.0,87,54
8633920.0,92,50
8633932.0,88,59
8633937.0,98,52
8633942.0,94,53
8633943.0,90,56
8633960.0,97,52
8633987.0,86,84
8634013.0,100,53
8634039.0,102,56
8634045.0,101,50
8634047.0,103,52
8634085.0,99,54
8634093.0,93,50
8634098.0,89,57
8634102.0,101,55
8634170.0,91,54
8634178.0,89,53
8634215.0,87,56
8634216.0,101,52
8634221.0,98,62
8634237.0,87,53
8634256.0,96,51
8634285.0,97,52
8634353.0,98,54
8634359.0,98,56
8634397.0,96,48
8634408.0,100,55
8634412.0,99,50
8634414.0,98,49
8634419.0,93,48
8634470.0,91,53
8634502.0,85,84
8634510.0,89,53
8634514.0,99,58
8634518.0,97,51
8634527.0,87,55
8634531.0,99,54
8634534.0,103,52
8634539.0,87,53
8634555.0,88,60
8634575.0,102,56
8634580.0,101,55
8634590.0,93,54
8634616.0,98,67
8634696.0,96,54
8634712.0,95,48
8634827.0,90,56
8634880.0,101,50
8634944.0,86,54
8634968.0,100,53
8634999.0,88,56
8635032.0,89,55
8635059.0,98,48
8635073.0,87,53
8635091.0,88,55
8635103.0,91,67
8635142.0,89,59
8635166.0,93,52
8635169.0,99,72
8635172.0,85,84
8635209.0,95,50
8635212.0,91,54
8635217.0,87,54
8635223.0,98,69
8635276.0,97,52
8635302.0,96,48
8635303.0,101,55
8635318.0,98,59
8635321.0,89,53
8635336.0,97,67
8635339.0,92,52
8635404.0,96,50
8635413.0,92,50
8635426.0,97,53
8635442.0,96,55
8635456.0,101,50
8635458.0,90,60
8635463.0,103,52
8635470.0,90,59
8635502.0,97,57
8635503.0,93,52
8635508.0,91,53
8635542.0,92,57
8635543.0,100,54
8635568.0,91,68
8635581.0,99,51
8635642.0,97,52
8635646.0,86,54
8635688.0,84,84
8635692.0,93,50
8635707.0,96,50
8635712.0,98,70
8635713.0,94,51
8635720.0,89,63
8635796.0,98,51
8635798.0,90,56
8635804.0,85,84
8635810.0,97,51
8635823.0,97,56
8635855.0,97,66
8635860.0,88,54
8635863.0,94,53
8635910.0,100,78
8635919.0,93,50
8635984.0,96,53
8635987.0,91,69
8636061.0,98,69
8636082.0,85,84
8636088.0,101,55
8636096.0,95,50
8636115.0,96,67
8636139.0,91,67
8636142.0,89,54
8636151.0,91,54
8636177.0,89,55
8636179.0,93,71
8636185.0,98,57
8636245.0,108,49
8636253.0,100,51
8636308.0,98,55
8636318.0,97,50
8636325.0,97,53
8636328.0,92,50
8636344.0,97,69
8636346.0,87,55
8636349.0,94,49
8636361.0,98,60
8636387.0,90,57
8636424.0,87,56
8636467.0,96,50
8636470.0,89,53
8636479.0,93,71
8636535.0,97,49
8636579.0,100,51
8636588.0,86,54
8636609.0,89,54
8636619.0,97,66
8636621.0,89,57
8636624.0,93,50
8636632.0,91,53
8636654.0,88,60
8636657.0,101,55
8636675.0,88,54
8636686.0,91,52
8636690.0,87,57
8636704.0,101,50
8636704.0,91,67
8636721.0,93,53
8636771.0,93,63
8636774.0,92,49
8636797.0,94,49
8636826.0,100,50
8636870.0,97,51
8636899.0,89,55
8636908.0,100,52
8636931.0,84,84
8636941.0,99,70
8636982.0,99,54
8636993.0,89,56
8636998.0,92,68
8637031.0,96,50
8637096.0,98,61
8637119.0,98,51
8637141.0,89,58
8637155.0,98,56
8637164.0,89,53
8637291.0,92,63
8637344.0,101,54
8637351.0,102,53
8637360.0,86,54
8637394.0,81,86
8637398.0,93,48
8637446.0,98,63
8637451.0,101,52
8637454.0,97,51
8637463.0,98,72
8637478.0,92,67
8637482.0,91,52
8637530.0,104,51
8637552.0,87,84
8637560.0,92,53
8637595.0,102,53
8637621.0,89,53
8637636.0,90,56
8637638.0,92,86
8637647.0,99,53
8637683.0,88,57
8637687.0,95,49
8637693.0,98,68
8637700.0,100,56
8637717.0,88,55
8637762.0,100,52
8637783.0,100,51
8637798.0,98,72
8637806.0,94,50
8637806.0,89,54
8637824.0,94,63
8637832.0,91,80
8637834.0,87,60
8637852.0,88,61
8637863.0,92,49
8637877.0,91,63
8637880.0,94,48
8637894.0,92,62
8637918.0,84,84
8637944.0,91,62
8637955.0,99,58
8637958.0,96,53
8637959.0,93,62
8637989.0,92,63
8638008.0,98,53
8638014.0,89,83
8638017.0,91,60
8638045.0,86,55
8638071.0,89,60
8638071.0,88,58
8638098.0,98,58
8638098.0,88,56
8638134.0,92,60
8638134.0,89,53
8638139.0,91,67
8638147.0,97,67
8638174.0,100,56
8638177.0,99,54
8638188.0,80,69
8638188.0,87,55
8638220.0,98,63
8638234.0,93,48
8638250.0,92,54
8638261.0,93,54
8638308.0,100,50
8638347.0,99,53
8638359.0,79,69
8638370.0,94,50
8638411.0,97,66
8638413.0,87,57
8638437.0,94,52
8638443.0,87,60
8638480.0,89,56
8638482.0,100,52
8638502.0,90,56
8638524.0,98,50
8638528.0,97,52
8638536.0,91,52
8638582.0,88,54
8638628.0,95,49
8638658.0,98,53
8638660.0,90,57
8638665.0,99,56
8638709.0,92,49
8638720.0,97,49
8638725.0,92,63
8638784.0,96,50
8638866.0,97,48
8638898.0,101,53
8638924.0,94,49
8638972.0,94,48
8638979.0,97,51
8639026.0,96,49
8639037.0,88,54
8639046.0,97,68
8639055.0,91,51
8639067.0,96,54
8639090.0,101,52
8639094.0,87,60
8639114.0,91,57
8639167.0,86,55
8639186.0,94,64
8639191.0,95,48
8639210.0,99,57
8639262.0,90,55
8639269.0,93,53
8639275.0,87,54
8639284.0,94,51
8639293.0,98,53
8639318.0,98,55
8639325.0,98,52
8639383.0,97,54
8639407.0,98,50
8639420.0,92,61
8639441.0,90,58
8639531.0,87,58
8639648.0,87,60
8639680.0,97,51
8639689.0,89,57
8639693.0,88,55
8639699.0,91,51
8639707.0,90,54
8639720.0,96,54
8639780.0,92,58
8639812.0,93,54
8639812.0,88,61
8639814.0,100,55
8639901.0,94,55
8639974.0,92,48
8639975.0,95,50
8639992.0,90,55
8640067.0,98,68
8640099.0,86,55
8640111.0,95,48
8640128.0,99,48
8640164.0,97,52
8640177.0,99,52
8640200.0,95,55
8640224.0,95,52
8640236.0,87,56
8640262.0,99,53
8640264.0,96,52
8640282.0,94,55
8640287.0,93,52
8640305.0,95,53
8640318.0,99,77
8640354.0,101,52
8640472.0,99,71
8640562.0,97,68
8640586.0,98,59
8640603.0,89,55
8640715.0,91,59
8640729.0,88,55
8640733.0,93,59
8640745.0,87,55
8640750.0,97,51
8640752.0,98,58
8640786.0,97,48
8640799.0,89,57
8640823.0,87,54
8640847.0,96,51
8640862.0,101,53
8640924.0,94,55
8640935.0,90,54
8640959.0,94,59
8640965.0,89,55
8640971.0,99,57
8640983.0,89,57
8640988.0,95,48
8640993.0,98,71
8641077.0,91,50
8641078.0,93,51
8641115.0,88,58
8641120.0,86,56
8641135.0,89,59
8641153.0,97,55
8641171.0,94,55
8641196.0,90,55
8641240.0,99,55
8641267.0,98,61
8641273.0,97,67
8641365.0,99,53
8641430.0,98,62
8641510.0,93,55
8641523.0,99,57
8641559.0,97,60
8641564.0,96,68
8641573.0,91,54
8641584.0,99,55
8641627.0,88,59
8641637.0,98,57
8641667.0,68,60
8641697.0,97,55
8641710.0,86,54
8641764.0,88,57
8641770.0,83,71
8641782.0,94,50
8641795.0,96,53
8641823.0,89,57
8641834.0,90,54
8641891.0,99,51
8641938.0,87,59
8641940.0,93,48
8641947.0,94,51
8642006.0,97,60
8642011.0,90,60
8642047.0,95,54
8642048.0,94,60
8642050.0,86,55
8642099.0,99,55
8642100.0,91,50
8642119.0,90,53
8642123.0,86,56
8642127.0,100,77
8642140.0,99,52
8642151.0,88,55
8642186.0,97,51
8642212.0,89,57
8642280.0,93,53
8642300.0,89,75
8642330.0,99,57
8642341.0,100,54
8642344.0,91,55
8642370.0,89,60
8642414.0,99,55
8642420.0,91,52
8642438.0,92,48
8642451.0,87,54
8642509.0,99,50
8642558.0,98,69
8642621.0,98,56
8642680.0,98,49
8642690.0,101,82
8642709.0,97,68
8642728.0,86,54
8642734.0,95,49
8642743.0,85,78
8642748.0,100,54
8642765.0,87,54
8642776.0,93,51
8642799.0,98,60
8642813.0,91,49
8642835.0,95,55
8642839.0,99,52
8642840.0,90,54
8642846.0,97,57
8642869.0,100,53
8642877.0,91,48
8642907.0,97,56
8642913.0,100,74
8642971.0,90,53
8642985.0,85,55
8642990.0,96,50
8643001.0,99,54
8643006.0,95,50
8643011.0,93,54
8643027.0,93,48
8643041.0,93,52
8643103.0,99,56
8643122.0,87,56
8643130.0,90,52
8643139.0,91,72
8643181.0,84,77
8643207.0,98,60
8643211.0,85,78
8643216.0,95,50
8643217.0,93,51
8643218.0,89,57
8643221.0,91,50
8643249.0,98,68
8643254.0,95,53
8643258.0,93,50
8643279.0,97,50
8643291.0,97,55
8643291.0,96,56
8643302.0,92,48
8643347.0,92,50
8643400.0,98,54
8643407.0,86,55
8643429.0,98,59
8643434.0,96,53
8643454.0,100,74
8643462.0,94,49
8643469.0,89,53
8643516.0,96,49
8643518.0,91,48
8643541.0,86,57
8643548.0,99,54
8643594.0,101,81
8643612.0,88,56
8643615.0,91,71
8643630.0,95,54
8643630.0,87,57
8643643.0,98,71
8643646.0,99,50
8643650.0,84,77
8643651.0,89,57
8643659.0,91,49
8643666.0,89,81
8643689.0,98,59
8643690.0,99,55
8643724.0,85,55
8643759.0,92,58
8643770.0,88,60
8643806.0,93,50
8643822.0,97,71
8643846.0,91,71
8643847.0,99,50
8643874.0,90,58
8643885.0,95,58
8643922.0,100,54
8643945.0,87,55
8643954.0,99,52
8643976.0,86,56
8644007.0,96,48
8644034.0,97,48
8644043.0,89,58
8644066.0,86,54
8644093.0,96,52
8644125.0,90,76
8644147.0,91,48
8644176.0,91,58
8644216.0,98,53
8644221.0,90,52
8644250.0,99,55
8644269.0,97,50
8644295.0,91,53
8644324.0,94,48
8644344.0,93,49
8644360.0,53,67
8644379.0,91,67
8644387.0,95,54
8644396.0,86,54
8644431.0,88,59
8644437.0,92,53
8644482.0,91,49
8644524.0,99,74
8644527.0,97,67
8644549.0,93,49
8644618.0,85,55
8644634.0,97,64
8644647.0,100,52
8644667.0,97,48
8644695.0,96,70
8644699.0,93,55
8644735.0,93,53
8644745.0,99,71
8644752.0,93,51
8644777.0,84,77
8644816.0,99,73
8644838.0,87,55
8644856.0,87,60
8644876.0,89,61
8644885.0,90,61
8644891.0,91,62
8644893.0,97,69
8644915.0,99,55
8644970.0,88,56
8644978.0,93,52
8644996.0,53,67
8645011.0,91,71
8645076.0,87,61
8645117.0,98,71
8645131.0,98,58
8645135.0,94,48
8645135.0,88,61
8645160.0,84,78
8645188.0,96,48
8645196.0,89,60
8645210.0,92,51
8645231.0,92,54
8645239.0,99,71
8645242.0,95,48
8645257.0,89,57
8645275.0,84,77
8645305.0,92,48
8645318.0,98,53
8645338.0,98,69
8645363.0,96,52
8645452.0,97,68
8645465.0,55,66
8645477.0,97,66
8645487.0,89,56
8645493.0,90,66
8645519.0,91,68
8645546.0,95,52
8645568.0,100,75
8645572.0,90,51
8645585.0,97,48
8645617.0,99,55
8645619.0,100,52
8645632.0,89,74
8645634.0,85,55
8645659.0,90,50
8645681.0,96,67
8645719.0,86,56
8645722.0,93,55
8645726.0,98,66
8645744.0,98,52
8645750.0,92,74
8645752.0,96,48
8645754.0,90,67
8645760.0,98,59
8645786.0,94,48
8645830.0,95,57
8645869.0,97,66
8645885.0,94,56
8645987.0,100,74
8646001.0,100,53
8646006.0,95,51
8646016.0,98,57
8646021.0,93,49
8646058.0,95,52
8646062.0,93,55
8646132.0,92,54
8646171.0,88,57
8646181.0,89,57
8646187.0,98,49
8646195.0,88,62
8646195.0,91,69
8646215.0,99,65
8646223.0,91,51
8646225.0,85,77
8646227.0,85,56
8646232.0,93,51
8646245.0,87,55
8646281.0,97,49
8646285.0,99,71
8646310.0,92,53
8646313.0,90,58
8646329.0,98,52
8646336.0,99,51
8646340.0,100,74
8646359.0,97,57
8646363.0,67,58
8646365.0,98,66
8646390.0,87,57
8646416.0,90,62
8646429.0,87,60
8646434.0,98,53
8646435.0,97,66
8646438.0,87,58
8646448.0,101,52
8646460.0,86,58
8646467.0,93,49
8646490.0,90,65
8646534.0,97,48
8646568.0,100,53
8646630.0,89,56
8646680.0,93,50
8646731.0,90,51
8646766.0,97,54
8646821.0,96,48
8646858.0,99,56
8646881.0,87,55
8646890.0,95,52
8646921.0,86,55
8646934.0,92,68
8646983.0,97,81
8646994.0,89,62
8646996.0,97,55
8647001.0,92,48
8647008.0,96,56
8647033.0,98,51
8647045.0,95,50
8647114.0,99,54
8647130.0,99,51
8647130.0,101,52
8647150.0,93,49
8647173.0,95,52
8647184.0,92,55
8647195.0,92,53
8647238.0,85,56
8647249.0,99,65
8647252.0,92,69
8647252.0,93,68
8647256.0,94,55
8647263.0,92,52
8647293.0,90,50
8647315.0,89,55
8647322.0,97,49
8647324.0,86,57
8647336.0,99,56
8647349.0,86,56
8647355.0,87,55
8647356.0,87,61
8647367.0,96,49
8647417.0,97,48
8647418.0,97,63
8647447.0,89,54
8647468.0,95,48
8647481.0,98,56
8647494.0,89,53
8647539.0,96,55
8647551.0,99,74
8647578.0,87,55
8647624.0,92,48
8647663.0,98,71
8647705.0,91,75
8647717.0,90,68
8647737.0,93,49
8647740.0,86,55
8647768.0,88,57
8647777.0,93,68
8647847.0,88,54
8647871.0,92,54
8647879.0,100,53
8647884.0,98,50
8647892.0,90,50
8647897.0,99,55
8647898.0,86,55
8647908.0,90,53
8647919.0,89,56
8647920.0,95,53
8647981.0,88,58
8648031.0,96,51
8648049.0,93,50
8648059.0,90,49
8648073.0,92,63
8648096.0,95,49
8648151.0,88,63
8648196.0,98,72
8648199.0,100,52
8648202.0,97,50
8648219.0,93,68
8648261.0,97,48
8648263.0,99,55
8648305.0,93,49
8648311.0,89,55
8648320.0,88,60
8648341.0,98,52
8648349.0,96,54
8648368.0,97,52
8648381.0,88,57
8648414.0,99,72
8648442.0,95,48
8648443.0,94,48
8648470.0,99,53
8648479.0,89,59
8648483.0,93,49
8648505.0,89,54
8648550.0,85,56
8648604.0,87,56
8648620.0,87,59
8648664.0,86,54
8648717.0,89,53
8648794.0,91,67
8648801.0,99,53
8648807.0,91,61
8648808.0,96,50
8648814.0,97,48
8648815.0,97,68
8648834.0,86,55
8648843.0,94,54
8648874.0,89,61
8648906.0,92,49
8648920.0,94,50
8648955.0,86,57
8648969.0,97,53
8648972.0,87,57
8648975.0,92,48
8648984.0,92,50
8648987.0,87,58
8648993.0,97,52
8649001.0,94,53
8649021.0,86,56
8649055.0,87,61
8649059.0,92,51
8649085.0,86,54
8649117.0,85,55
8649125.0,95,53
8649128.0,89,55
8649142.0,88,57
8649162.0,98,69
8649189.0,97,48
8649216.0,99,54
8649240.0,90,53
8649251.0,92,70
8649301.0,89,52
8649320.0,95,51
8649327.0,98,50
8649369.0,93,48
8649429.0,97,62
8649455.0,99,54
8649466.0,95,50
8649472.0,92,52
8649481.0,87,56
8649488.0,90,49
8649503.0,97,52
8649540.0,89,56
8649547.0,89,53
8649629.0,92,48
8649648.0,90,53
8649665.0,97,54
8649697.0,86,58
8649714.0,95,49
8649726.0,97,60
8649729.0,87,56
8649789.0,85,56
8649792.0,99,60
8649805.0,92,53
8649849.0,98,50
8649969.0,99,73
8650026.0,99,62
8650062.0,97,52
8650068.0,95,48
8650089.0,93,49
8650100.0,96,49
8650101.0,94,55
8650103.0,99,53
8650117.0,90,53
8650123.0,93,48
8650139.0,98,52
8650153.0,88,58
8650210.0,90,51
8650229.0,89,54
8650245.0,85,57
8650246.0,98,56
8650270.0,97,58
8650276.0,91,49
8650313.0,91,62
8650328.0,90,63
8650337.0,91,63
8650385.0,89,58
8650468.0,92,64
8650479.0,87,56
8650520.0,90,53
8650530.0,89,52
8650577.0,85,55
8650635.0,86,59
8650642.0,98,48
8650653.0,92,49
8650678.0,97,52
8650684.0,99,60
8650686.0,99,54
8650691.0,87,59
8650735.0,89,57
8650743.0,95,57
8650745.0,97,67
8650769.0,95,52
8650777.0,96,55
8650791.0,92,59
8650868.0,90,58
8650910.0,98,56
8650922.0,99,52
8650936.0,97,52
8650939.0,92,51
8650948.0,97,49
8650979.0,90,73
8650984.0,96,56
8650994.0,97,59
8651006.0,94,52
8651150.0,91,53
8651169.0,96,67
8651179.0,91,55
8651206.0,93,48
8651214.0,98,67
8651217.0,99,55
8651219.0,89,74
8651278.0,96,55
8651329.0,99,53
8651365.0,99,74
8651399.0,84,56
8651420.0,87,58
8651423.0,96,53
8651465.0,97,58
8651482.0,87,62
8651490.0,94,51
8651573.0,91,54
8651594.0,88,58
8651599.0,95,56
8651612.0,100,56
8651633.0,99,67
8651637.0,95,52
8651640.0,91,53
8651662.0,89,51
8651682.0,98,56
8651698.0,85,57
8651698.0,99,55
8651780.0,95,54
8651791.0,85,58
8651791.0,86,57
8651820.0,86,56
8651822.0,90,59
8651837.0,97,51
8651869.0,96,57
8651879.0,97,57
8651894.0,90,58
8651939.0,97,60
8651990.0,98,67
8652009.0,91,74
8652102.0,98,60
8652136.0,95,51
8652203.0,98,56
8652267.0,99,52
8652269.0,91,51
8652273.0,85,56
8652287.0,96,49
8652296.0,91,49
8652298.0,92,50
8652327.0,97,50
8652341.0,95,53
8652354.0,97,61
8652378.0,91,53
8652397.0,87,57
8652417.0,99,55
8652426.0,97,69
8652445.0,88,63
8652454.0,98,55
8652461.0,97,53
8652493.0,94,48
8652513.0,89,50
8652517.0,100,74
8652521.0,94,55
8652529.0,97,62
8652535.0,90,49
8652556.0,89,61
8652568.0,92,69
8652592.0,95,50
8652655.0,84,56
8652660.0,98,51
8652678.0,92,49
8652687.0,95,53
8652701.0,97,49
8652705.0,96,55
8652736.0,97,56
8652749.0,99,69
8652759.0,85,57
8652764.0,97,61
8652862.0,100,69
8652870.0,90,74
8652915.0,98,60
8652933.0,98,67
8652999.0,99,55
8653010.0,89,51
8653015.0,97,63
8653063.0,86,56
8653083.0,99,69
8653112.0,87,60
8653117.0,94,49
8653150.0,91,49
8653175.0,94,51
8653176.0,97,66
8653180.0,91,50
8653187.0,89,50
8653229.0,91,69
8653257.0,97,49
8653279.0,86,58
8653296.0,85,58
8653332.0,96,50
8653359.0,99,70
8653369.0,97,50
8653379.0,88,57
8653403.0,97,61
8653514.0,92,50
8653542.0,91,52
8653548.0,90,61
8653554.0,92,49
8653574.0,95,53
8653575.0,97,55
8653603.0,95,50
8653609.0,97,58
8653611.0,89,62
8653631.0,87,57
8653640.0,85,57
8653716.0,97,49
8653721.0,97,70
8653722.0,97,59
8653739.0,94,48
8653739.0,99,55
8653764.0,93,56
8653776.0,97,52
8653784.0,94,54
8653784.0,91,48
8653818.0,85,55
8653857.0,89,49
8653876.0,97,53
8653885.0,90,62
8653886.0,96,54
8653926.0,87,59
8653928.0,99,75
8653932.0,88,58
8653933.0,95,53
8653940.0,84,56
8653948.0,91,53
8653964.0,92,48
8653968.0,94,48
8653971.0,89,53
8653989.0,86,59
8653992.0,98,58
8654045.0,91,48
8654071.0,97,60
8654076.0,99,79
8654157.0,99,55
8654184.0,85,55
8654193.0,97,59
8654198.0,97,49
8654219.0,92,49
8654264.0,88,73
8654264.0,84,57
8654269.0,86,58
8654270.0,99,52
8654275.0,88,55
8654311.0,91,54
8654343.0,98,54
8654373.0,87,61
8654375.0,94,50
8654382.0,95,56
8654386.0,96,54
8654407.0,98,56
8654421.0,88,56
8654433.0,97,57
8654437.0,89,50
8654517.0,86,56
8654556.0,88,57
8654563.0,91,49
8654586.0,97,49
8654623.0,94,49
8654631.0,94,53
8654661.0,99,56
8654686.0,95,49
8654700.0,85,56
8654703.0,93,55
8654723.0,96,53
8654731.0,92,48
8654745.0,89,49
8654758.0,97,49
8654762.0,86,79
8654765.0,99,70
8654784.0,98,56
8654847.0,97,67
8654892.0,89,58
8654914.0,91,56
8654919.0,98,76
8654926.0,88,53
8654982.0,87,57
8654988.0,88,61
8655011.0,97,59
8655027.0,98,55
8655033.0,99,56
8655043.0,91,49
8655079.0,90,64
8655081.0,86,60
8655104.0,98,71
8655146.0,99,70
8655165.0,84,57
8655181.0,86,56
8655184.0,96,49
8655216.0,99,55
8655241.0,94,48
8655310.0,97,52
8655433.0,89,49
8655433.0,84,80
8655447.0,97,59
8655450.0,88,54
8655457.0,88,52
8655478.0,85,59
8655479.0,91,52
8655486.0,86,79
8655498.0,96,66
8655501.0,95,49
8655519.0,93,53
8655556.0,96,54
8655592.0,85,57
8655650.0,91,55
8655674.0,90,65
8655676.0,91,53
8655697.0,93,54
8655709.0,99,55
8655734.0,92,48
8655754.0,87,58
8655757.0,98,53
8655767.0,97,51
8655823.0,87,60
8655836.0,88,53
8655839.0,98,51
8655853.0,85,79
8655859.0,86,84
8655884.0,84,57
8655908.0,92,79
8655940.0,88,57
8655952.0,94,48
8655957.0,99,70
8655967.0,85,58
8655968.0,88,55
8655980.0,97,50
8655981.0,95,50
8656007.0,85,56
8656035.0,94,52
8656110.0,91,49
8656125.0,99,72
8656139.0,85,84
8656203.0,97,70
8656276.0,99,51
8656282.0,95,49
8656318.0,88,56
8656320.0,88,59
8656354.0,96,52
8656379.0,91,69
8656411.0,98,52
8656415.0,94,58
8656443.0,99,52
8656461.0,96,49
8656470.0,97,51
8656478.0,98,54
8656507.0,96,54
8656512.0,88,52
8656550.0,95,55
8656594.0,93,52
8656602.0,88,58
8656609.0,90,69
8656616.0,92,48
8656619.0,90,49
8656620.0,91,51
8656624.0,84,56
8656628.0,89,49
8656730.0,99,52
8656732.0,99,51
8656737.0,95,56
8656768.0,85,84
8656775.0,93,48
8656808.0,100,75
8656820.0,87,58
8656900.0,94,56
8656942.0,84,57
8657005.0,94,48
8657040.0,93,51
8657048.0,98,72
8657087.0,93,55
8657133.0,93,49
8657138.0,86,58
8657145.0,90,55
8657184.0,97,56
8657191.0,88,51
8657220.0,94,52
8657241.0,92,48
8657243.0,95,51
8657255.0,95,49
8657273.0,97,51
8657278.0,94,48
8657279.0,88,50
8657282.0,94,51
8657364.0,93,50
8657372.0,91,50
8657449.0,85,59
8657450.0,92,83
8657474.0,91,49
8657517.0,98,52
8657521.0,90,51
8657530.0,85,84
8657559.0,90,49
8657569.0,85,56
8657594.0,86,57
8657630.0,99,56
8657688.0,88,52
8657849.0,96,51
8657858.0,91,51
8657866.0,96,53
8657880.0,85,57
8657881.0,95,56
8657889.0,91,64
8657913.0,84,56
8657916.0,86,59
8657931.0,93,84
8658011.0,96,50
8658044.0,85,58
8658069.0,93,55
8658089.0,84,58
8658106.0,88,50
8658115.0,94,50
8658122.0,84,57
8658179.0,87,58
8658235.0,88,51
8658254.0,90,58
8658268.0,91,49
8658305.0,90,54
8658327.0,93,48
8658351.0,93,84
8658361.0,94,51
8658421.0,90,50
8658453.0,97,74
8658467.0,93,51
8658549.0,86,61
8658613.0,93,50
8658619.0,86,56
8658632.0,85,56
8658672.0,88,50
8658683.0,92,64
8658686.0,90,63
8658696.0,94,57
8658702.0,87,58
8658717.0,88,57
8658738.0,98,53
8658742.0,95,57
8658752.0,93,49
8658758.0,89,62
8658761.0,91,49
8658857.0,94,50
8658860.0,91,58
8658876.0,95,54
8658928.0,89,63
8658939.0,90,52
8658944.0,94,49
8658979.0,93,50
8658997.0,93,51
8659018.0,86,57
8659024.0,98,52
8659067.0,90,55
8659129.0,96,52
8659159.0,95,55
8659184.0,90,59
8659208.0,85,58
8659214.0,96,53
8659228.0,84,58
8659263.0,87,61
8659316.0,93,49
8659367.0,88,62
8659374.0,85,78
8659391.0,85,56
8659437.0,90,55
8659449.0,90,52
8659512.0,93,54
8659547.0,91,48
8659566.0,87,63
8659577.0,92,56
8659590.0,93,56
8659595.0,89,60
8659638.0,95,49
8659649.0,90,78
8659667.0,89,49
8659673.0,91,50
8659706.0,87,58
8659752.0,91,67
8659759.0,93,58
8659764.0,93,50
8659788.0,97,55
8659808.0,94,49
8659823.0,93,51
8659838.0,96,51
8659867.0,91,60
8659894.0,86,56
8659914.0,84,58
8659933.0,92,68
8659947.0,91,56
8659949.0,94,50
8659984.0,83,57
8659985.0,97,51
8659999.0,94,54
8660052.0,90,53
8660076.0,85,57
8660089.0,85,60
8660092.0,93,49
8660139.0,96,52
8660141.0,93,50
8660168.0,92,48
8660175.0,97,56
8660221.0,87,58
8660230.0,95,53
8660289.0,88,49
8660293.0,93,49
8660299.0,85,56
8660346.0,90,52
8660389.0,86,60
8660439.0,91,48
8660567.0,94,49
8660585.0,96,50
8660657.0,93,51
8660708.0,90,74
8660741.0,89,49
8660785.0,96,57
8660798.0,87,57
8660832.0,90,62
8660852.0,94,57
8660870.0,87,55
8660884.0,97,54
8660885.0,87,54
8660887.0,87,58
8660889.0,86,59
8660898.0,92,58
8660912.0,87,59
8660939.0,90,59
8660983.0,94,55
8661010.0,96,51
8661031.0,86,61
8661070.0,96,58
8661078.0,84,58
8661104.0,97,51
8661131.0,95,52
8661131.0,93,50
8661173.0,85,59
8661232.0,90,59
8661250.0,95,49
8661267.0,93,49
8661289.0,90,73
8661298.0,85,57
8661323.0,90,54
8661342.0,96,56
8661358.0,93,53
8661392.0,87,53
8661398.0,91,68
8661408.0,94,56
8661420.0,93,50
8661427.0,94,55
8661466.0,94,49
8661488.0,87,61
8661499.0,96,67
8661525.0,93,69
8661525.0,92,55
8661526.0,87,52
8661581.0,93,49
8661591.0,97,53
8661615.0,98,50
8661616.0,87,51
8661655.0,87,56
8661655.0,95,49
8661703.0,85,60
8661716.0,96,51
8661731.0,87,55
8661761.0,55,67
8661786.0,85,58
8661808.0,90,72
8661831.0,88,50
8661888.0,92,48
8661904.0,95,54
8661909.0,87,54
8661956.0,92,53
8661958.0,94,55
8661961.0,98,50
8661971.0,90,51
8661983.0,97,61
8661991.0,93,50
8661997.0,98,49
8662032.0,96,59
8662042.0,95,50
8662051.0,87,59
8662143.0,87,58
8662145.0,92,51
8662209.0,91,54
8662209.0,88,59
8662223.0,93,69
8662246.0,93,51
8662252.0,96,58
8662263.0,97,54
8662270.0,94,55
8662274.0,97,59
8662276.0,89,51
8662280.0,83,58
8662285.0,92,50
8662292.0,90,50
8662295.0,92,49
8662308.0,93,49
8662340.0,95,51
8662372.0,93,52
8662393.0,97,52
8662413.0,84,58
8662443.0,92,69
8662498.0,96,51
8662505.0,85,57
8662513.0,95,49
8662522.0,93,50
8662540.0,87,51
8662541.0,92,54
8662547.0,86,62
8662548.0,87,50
8662567.0,90,49
8662582.0,89,51
8662640.0,87,52
8662723.0,84,57
8662735.0,87,62
8662815.0,93,49
8662855.0,85,57
8662920.0,86,58
8662966.0,95,49
8662971.0,89,57
8662981.0,91,49
8663002.0,89,52
8663006.0,97,51
8663009.0,97,59
8663037.0,85,59
8663045.0,90,51
8663092.0,87,57
8663108.0,92,70
8663149.0,89,64
8663153.0,89,50
8663156.0,91,63
8663167.0,89,49
8663174.0,94,55
8663209.0,87,55
8663211.0,90,49
8663216.0,96,70
8663217.0,93,51
8663246.0,89,54
8663256.0,87,51
8663264.0,87,56
8663297.0,83,58
8663326.0,87,50
8663338.0,93,69
8663440.0,87,53
8663445.0,93,50
8663490.0,97,51
8663496.0,95,50
8663516.0,92,49
8663532.0,96,57
8663533.0,84,59
8663561.0,89,49
8663567.0,97,53
8663618.0,87,63
8663651.0,92,52
8663662.0,89,51
8663670.0,90,50
8663673.0,87,50
8663675.0,98,70
8663678.0,94,49
8663688.0,92,51
8663695.0,87,58
8663703.0,95,50
8663729.0,86,60
8663860.0,97,59
8663865.0,84,57
8663879.0,92,48
8663901.0,84,58
8663939.0,89,63
8663945.0,88,62
8663967.0,90,52
8663998.0,95,49
8664009.0,92,52
8664036.0,92,51
8664057.0,96,56
8664120.0,89,51
8664135.0,85,57
8664152.0,84,57
8664169.0,96,59
8664190.0,89,53
8664231.0,91,48
8664294.0,83,58
8664327.0,93,49
8664353.0,91,62
8664418.0,87,50
8664458.0,91,48
8664463.0,86,58
8664476.0,89,54
8664482.0,88,50
8664490.0,89,55
8664502.0,95,49
8664520.0,97,59
8664538.0,67,48
8664692.0,92,55
8664771.0,96,60
8664785.0,96,55
8664786.0,97,52
8664816.0,90,48
8664820.0,87,62
8664827.0,94,49
8664829.0,89,54
8664839.0,88,55
8664898.0,93,49
8664898.0,87,59
8664932.0,95,51
8664958.0,95,53
8664977.0,96,64
8665002.0,94,53
8665014.0,98,67
8665034.0,94,56
8665060.0,86,60
8665074.0,89,51
8665084.0,84,57
8665092.0,93,57
8665103.0,91,52
8665116.0,87,57
8665138.0,90,49
8665171.0,97,59
8665200.0,89,50
8665212.0,84,59
8665231.0,84,58
8665241.0,96,63
8665243.0,94,49
8665278.0,99,85
8665348.0,98,83
8665408.0,97,51
8665459.0,85,59
8665460.0,95,49
8665493.0,87,58
8665500.0,89,56
8665551.0,96,51
8665556.0,89,51
8665563.0,92,53
8665611.0,95,50
8665775.0,89,53
8665783.0,91,48
8665815.0,93,49
8665865.0,94,54
8665873.0,87,50
8665924.0,95,51
8665939.0,94,49
8665948.0,97,59
8665955.0,96,63
8665959.0,83,58
8666007.0,91,56
8666032.0,78,87
8666036.0,92,54
8666054.0,94,55
8666067.0,96,56
8666100.0,99,85
8666111.0,91,57
8666119.0,95,49
8666123.0,95,50
8666227.0,88,49
8666280.0,88,62
8666305.0,89,62
8666361.0,86,59
8666369.0,85,61
8666373.0,97,59
8666409.0,96,62
8666419.0,91,49
8666424.0,83,59
8666427.0,99,84
8666443.0,92,52
8666448.0,85,58
8666479.0,97,51
8666530.0,92,56
8666546.0,86,54
8666555.0,88,50
8666565.0,89,63
8666571.0,96,61
8666627.0,84,59
8666642.0,96,54
8666652.0,95,51
8666678.0,97,59
8666685.0,95,57
8666696.0,86,51
8666731.0,89,51
8666754.0,94,53
8666756.0,93,65
8666757.0,94,51
8666770.0,96,51
8666772.0,94,50
8666807.0,95,50
8666825.0,97,56
8666886.0,91,51
8666893.0,91,50
8666898.0,96,60
8666948.0,94,52
8666963.0,84,60
8667027.0,89,50
8667040.0,89,64
8667061.0,100,72
8667099.0,95,50
8667103.0,86,52
8667113.0,94,53
8667119.0,97,51
8667121.0,89,52
8667125.0,89,49
8667125.0,86,53
8667130.0,99,85
8667167.0,89,54
8667171.0,92,50
8667182.0,91,52
8667197.0,95,62
8667201.0,96,55
8667208.0,94,62
8667222.0,93,50
8667241.0,87,60
8667245.0,99,84
8667266.0,91,51
8667318.0,92,51
8667348.0,89,51
8667352.0,86,59
8667378.0,88,63
8667447.0,96,53
8667465.0,86,55
8667487.0,86,61
8667562.0,99,84
8667568.0,87,59
8667615.0,86,51
8667617.0,91,49
8667645.0,83,59
8667673.0,93,56
8667675.0,86,62
8667692.0,90,49
8667702.0,88,51
8667715.0,91,51
8667739.0,94,54
8667755.0,97,51
8667789.0,87,64
8667796.0,91,54
8667803.0,96,52
8667826.0,90,63
8667828.0,89,49
8667840.0,100,72
8667844.0,88,50
8667850.0,86,54
8667870.0,85,58
8667876.0,91,53
8667883.0,89,50
8667937.0,94,55
8667947.0,86,56
8667952.0,91,49
8667959.0,88,65
8667960.0,92,52
8668017.0,95,52
8668036.0,89,55
8668048.0,96,51
8668060.0,97,51
8668118.0,87,58
8668152.0,92,50
8668167.0,88,59
8668171.0,88,50
8668218.0,84,59
8668270.0,86,52
8668273.0,86,50
8668282.0,84,58
8668315.0,99,85
8668391.0,93,49
8668424.0,91,49
8668441.0,86,51
8668551.0,88,52
8668565.0,96,54
8668568.0,92,49
8668579.0,99,71
8668593.0,86,53
8668593.0,89,54
8668598.0,94,54
8668655.0,96,53
8668672.0,83,59
8668673.0,85,60
8668708.0,89,49
8668744.0,86,59
8668816.0,87,62
8668902.0,94,50
8668977.0,88,50
8669138.0,93,55
8669238.0,93,52
8669247.0,98,68
8669272.0,96,52
8669320.0,86,50
8669345.0,86,56
8669362.0,93,56
8669380.0,89,66
8669388.0,84,58
8669391.0,91,55
8669393.0,85,60
8669422.0,92,55
8669454.0,97,60
8669457.0,83,59
8669461.0,87,50
8669475.0,92,49
8669479.0,94,52
8669490.0,93,49
8669514.0,84,59
8669524.0,94,57
8669544.0,83,58
8669546.0,96,59
8669569.0,90,54
8669609.0,93,51
8669624.0,88,53
8669652.0,90,64
8669672.0,90,55
8669703.0,91,55
8669725.0,88,54
8669792.0,85,61
8669797.0,86,61
8669797.0,99,74
8669819.0,88,57
8669821.0,91,64
8669853.0,88,51
8669856.0,86,63
8669908.0,93,49
8669921.0,93,57
8669999.0,94,53
8670092.0,93,56
8670153.0,86,57
8670174.0,93,52
8670195.0,88,53
8670267.0,91,65
8670286.0,95,57
8670293.0,93,54
8670302.0,95,56
8670303.0,87,50
8670309.0,88,51
8670458.0,59,66
8670488.0,88,58
8670499.0,90,66
8670501.0,83,58
8670506.0,90,49
8670523.0,83,59
8670553.0,84,58
8670565.0,94,52
8670572.0,93,66
8670691.0,88,55
8670772.0,93,53
8670787.0,94,51
8670798.0,91,53
8670804.0,95,58
8670845.0,91,54
8670849.0,93,49
8670859.0,84,76
8670963.0,87,56
8670993.0,84,58
8670994.0,93,51
8671004.0,93,50
8671021.0,86,56
8671026.0,96,62
8671043.0,86,51
8671058.0,70,51
8671071.0,88,49
8671073.0,84,60
8671077.0,88,50
8671130.0,91,52
8671148.0,93,52
8671172.0,93,51
8671207.0,86,58
8671222.0,90,50
8671288.0,95,51
8671290.0,85,62
8671304.0,89,60
8671311.0,93,50
8671314.0,97,62
8671317.0,92,54
8671324.0,86,62
8671337.0,91,50
8671359.0,93,55
8671378.0,91,54
8671387.0,94,51
8671458.0,91,51
8671479.0,90,49
8671492.0,96,62
8671499.0,92,57
8671524.0,90,60
8671554.0,86,57
8671610.0,91,54
8671649.0,85,58
8671674.0,88,54
8671678.0,88,52
8671709.0,90,51
8671723.0,91,55
8671727.0,87,50
8671750.0,90,49
8671760.0,93,50
8671762.0,89,49
8671776.0,87,64
8671778.0,92,54
8671818.0,85,60
8671874.0,88,60
8671902.0,88,51
8671933.0,94,53
8671980.0,88,50
8671987.0,82,59
8671995.0,95,56
8672009.0,84,61
8672015.0,86,60
8672028.0,93,56
8672040.0,88,49
8672068.0,92,50
8672075.0,83,58
8672083.0,85,59
8672105.0,87,50
8672107.0,85,52
8672108.0,85,51
8672126.0,84,60
8672138.0,95,51
8672171.0,97,62
8672220.0,87,51
8672226.0,93,67
8672232.0,88,56
8672301.0,91,56
8672345.0,92,49
8672361.0,93,51
8672381.0,91,52
8672388.0,89,52
8672437.0,93,55
8672445.0,83,59
8672464.0,85,59
8672471.0,92,51
8672502.0,87,63
8672510.0,86,59
8672511.0,92,54
8672529.0,93,51
8672531.0,91,50
8672537.0,83,60
8672546.0,91,53
8672563.0,95,51
8672576.0,91,51
8672628.0,86,51
8672638.0,85,51
8672648.0,94,51
8672653.0,90,50
8672681.0,88,49
8672704.0,85,53
8672729.0,87,50
8672747.0,95,55
8672793.0,96,63
8672795.0,88,52
8672833.0,90,65
8672839.0,84,58
8672921.0,86,50
8672949.0,85,55
8672994.0,91,65
8673007.0,95,50
8673050.0,90,52
8673064.0,90,50
8673065.0,85,59
8673091.0,92,54
8673099.0,89,59
8673103.0,85,52
8673124.0,87,62
8673125.0,95,54
8673145.0,86,60
8673152.0,90,49
8673176.0,86,58
8673180.0,87,50
8673221.0,95,51
8673224.0,96,63
8673228.0,91,49
8673249.0,93,53
8673272.0,89,64
8673318.0,88,49
8673343.0,90,60
8673362.0,90,53
8673403.0,95,57
8673417.0,85,51
8673427.0,87,51
8673431.0,95,56
8673438.0,95,52
8673478.0,90,51
8673523.0,93,56
8673547.0,87,53
8673552.0,95,59
8673572.0,95,50
8673581.0,89,50
8673582.0,90,54
8673595.0,85,54
8673598.0,86,61
8673602.0,88,59
8673606.0,86,60
8673610.0,92,49
8673625.0,93,53
8673632.0,82,59
8673663.0,92,54
8673709.0,89,57
8673730.0,84,60
8673741.0,90,53
8673765.0,86,63
8673793.0,89,66
8673799.0,90,49
8673860.0,90,50
8673920.0,89,55
8673990.0,85,55
8673992.0,95,59
8674010.0,93,57
8674013.0,93,54
8674024.0,96,62
8674104.0,87,51
8674107.0,95,53
8674193.0,87,50
8674276.0,95,50
8674305.0,86,59
8674318.0,90,48
8674363.0,89,49
8674377.0,83,60
8674392.0,92,54
8674407.0,87,54
8674427.0,85,53
8674428.0,86,60
8674445.0,87,50
8674447.0,84,78
8674448.0,95,54
8674496.0,89,51
8674501.0,88,50
8674515.0,85,51
8674529.0,90,49
8674546.0,88,55
8674547.0,95,50
8674658.0,87,52
8674669.0,95,52
8674724.0,88,49
8674748.0,85,61
8674765.0,92,57
8674860.0,96,63
8674895.0,89,52
8674923.0,87,57
8674947.0,93,52
8674959.0,93,51
8674967.0,91,54
8674983.0,85,56
8675011.0,93,55
8675041.0,92,50
8675056.0,89,63
8675074.0,90,49
8675079.0,88,63
8675099.0,95,58
8675174.0,92,54
8675221.0,90,50
8675249.0,87,52
8675278.0,87,51
8675282.0,88,57
8675292.0,93,51
8675300.0,84,59
8675501.0,93,54
8675576.0,92,51
8675590.0,88,65
8675609.0,94,51
8675624.0,90,51
8675648.0,96,63
8675662.0,86,51
8675663.0,85,54
8675670.0,89,50
8675686.0,92,55
8675724.0,94,52
8675783.0,90,55
8675784.0,90,50
8675785.0,93,52
8675838.0,92,58
8675840.0,87,51
8675842.0,86,60
8675878.0,93,53
8675892.0,95,60
8675908.0,87,50
8675909.0,92,56
8675944.0,93,51
8675947.0,85,57
8675981.0,91,50
8676003.0,92,52
8676051.0,83,60
8676140.0,87,55
8676185.0,83,59
8676186.0,90,55
8676212.0,76,88
8676213.0,87,59
8676217.0,87,63
8676248.0,90,56
8676263.0,82,60
8676333.0,77,88
8676342.0,89,51
8676366.0,87,55
8676425.0,89,49
8676452.0,80,82
8676476.0,85,56
8676487.0,90,50
8676508.0,86,51
8676565.0,90,51
8676582.0,87,51
8676627.0,87,49
8676660.0,85,61
8676673.0,76,88
8676673.0,88,49
8676730.0,84,59
8676754.0,83,59
8676768.0,94,51
8676782.0,90,53
8676820.0,87,50
8676882.0,87,51
8676937.0,82,60
8676965.0,90,52
8676993.0,84,60
8677010.0,87,52
8677017.0,92,55
8677024.0,92,53
8677030.0,89,49
8677033.0,86,59
8677049.0,88,60
8677079.0,90,54
8677082.0,90,57
8677089.0,84,52
8677094.0,94,57
8677101.0,89,60
8677102.0,89,50
8677106.0,86,54
8677183.0,92,50
8677194.0,93,51
8677212.0,86,62
8677250.0,82,59
8677344.0,85,62
8677349.0,91,51
8677351.0,89,64
8677390.0,89,52
8677411.0,89,51
8677412.0,88,64
8677425.0,88,51
8677461.0,93,57
8677501.0,85,56
8677505.0,88,50
8677511.0,90,56
8677541.0,84,61
8677543.0,86,60
8677557.0,88,49
8677561.0,92,54
8677568.0,83,60
8677574.0,87,55
8677587.0,92,50
8677589.0,91,54
8677625.0,92,52
8677669.0,85,57
8677684.0,92,51
8677700.0,87,53
8677704.0,89,49
8677713.0,85,52
8677766.0,94,51
8677792.0,84,52
8677798.0,86,51
8677836.0,89,55
8677875.0,83,59
8677903.0,89,51
8677925.0,91,52
8677955.0,87,49
8677959.0,87,55
8677975.0,84,53
8677978.0,92,52
8678032.0,85,63
8678042.0,87,56
8678061.0,87,54
8678070.0,82,60
8678103.0,86,56
8678126.0,88,59
8678145.0,83,59
8678187.0,92,54
8678244.0,86,52
8678245.0,86,64
8678305.0,92,51
8678324.0,94,51
8678335.0,86,63
8678354.0,91,50
8678478.0,89,56
8678485.0,94,55
8678518.0,83,61
8678603.0,89,53
8678636.0,86,53
8678644.0,83,59
8678645.0,94,52
8678655.0,84,52
8678666.0,88,52
8678694.0,85,51
8678748.0,90,50
8678758.0,92,51
8678794.0,88,49
8678801.0,84,62
8678839.0,91,55
8678873.0,91,64
8678881.0,91,49
8678890.0,84,54
8678923.0,94,57
8678932.0,85,58
8678946.0,85,60
8678970.0,94,55
8679016.0,94,56
8679031.0,89,54
8679047.0,92,55
8679051.0,94,51
8679077.0,89,52
8679083.0,84,55
8679144.0,94,53
8679197.0,92,65
8679222.0,82,60
8679225.0,89,50
8679227.0,84,61
8679235.0,95,65
8679235.0,85,60
8679260.0,45,87
8679275.0,86,60
8679373.0,84,56
8679411.0,92,51
8679429.0,86,55
8679437.0,87,50
8679453.0,85,52
8679488.0,88,50
8679518.0,94,54
8679611.0,90,63
8679647.0,91,51
8679658.0,89,52
8679672.0,84,53
8679690.0,94,52
8679714.0,92,64
8679733.0,87,58
8679741.0,84,52
8679752.0,94,55
8679774.0,96,67
8679803.0,86,63
8679804.0,86,61
8679832.0,90,64
8679851.0,91,50
8679912.0,89,50
8679927.0,95,66
8679939.0,85,51
8680024.0,85,63
8680144.0,83,61
8680152.0,92,52
8680189.0,86,50
8680204.0,92,51
8680241.0,86,54
8680244.0,84,55
8680247.0,91,50
8680258.0,89,50
8680268.0,89,51
8680367.0,87,63
8680381.0,85,51
8680384.0,84,54
8680386.0,93,53
8680428.0,88,50
8680440.0,87,55
8680447.0,94,57
8680485.0,92,55
8680543.0,89,55
8680550.0,91,65
8680554.0,90,55
8680566.0,88,51
8680589.0,93,51
8680596.0,87,57
8680611.0,92,51
8680619.0,92,53
8680630.0,82,61
8680655.0,87,50
8680658.0,86,51
8680719.0,92,56
8680752.0,89,50
8680764.0,89,51
8680781.0,99,72
8680787.0,86,57
8680797.0,92,54
8680799.0,84,56
8680817.0,89,64
8680828.0,85,53
8680832.0,91,52
8680915.0,96,65
8680944.0,90,51
8680988.0,85,51
8681068.0,92,52
8681072.0,85,60
8681113.0,94,54
8681119.0,86,55
8681124.0,94,59
8681127.0,91,51
8681144.0,94,58
8681158.0,96,68
8681160.0,87,49
8681193.0,84,60
8681194.0,89,54
8681195.0,89,53
8681222.0,94,56
8681259.0,88,53
8681274.0,84,59
8681280.0,92,51
8681296.0,85,62
8681308.0,88,55
8681364.0,85,51
8681368.0,86,58
8681392.0,89,52
8681405.0,86,51
8681408.0,85,60
8681433.0,93,51
8681445.0,83,61
8681458.0,84,61
8681459.0,86,52
8681489.0,86,50
8681491.0,99,72
8681543.0,90,54
8681578.0,86,55
8681584.0,88,52
8681595.0,83,52
8681610.0,91,50
8681611.0,92,55
8681626.0,85,52
8681648.0,101,56
8681670.0,90,56
8681696.0,86,59
8681761.0,91,51
8681794.0,93,52
8681802.0,91,53
8681877.0,88,51
8681882.0,92,53
8681911.0,90,50
8681911.0,91,50
8681929.0,84,57
8681948.0,91,55
8681992.0,89,52
8681996.0,90,51
8682045.0,86,77
8682076.0,102,57
8682084.0,82,61
8682092.0,101,56
8682127.0,91,54
8682215.0,84,52
8682230.0,86,53
8682244.0,89,57
8682291.0,89,52
8682307.0,86,50
8682332.0,89,56
8682346.0,93,51
8682363.0,85,60
8682411.0,88,76
8682414.0,92,57
8682425.0,90,52
8682431.0,97,71
8682468.0,87,64
8682474.0,86,52
8682506.0,85,52
8682534.0,91,51
8682699.0,84,60
8682734.0,93,51
8682742.0,98,72
8682762.0,83,52
8682774.0,91,51
8682849.0,85,60
8682891.0,83,53
8682924.0,89,53
8682925.0,90,50
8682951.0,82,72
8682977.0,89,50
8682986.0,85,57
8682990.0,86,54
8683023.0,94,58
8683058.0,88,52
8683102.0,86,55
8683112.0,84,62
8683155.0,86,56
8683164.0,87,51
8683176.0,82,61
8683188.0,85,53
8683191.0,84,57
8683223.0,83,61
8683225.0,91,55
8683239.0,93,52
8683270.0,88,52
8683276.0,87,50
8683397.0,85,59
8683411.0,87,55
8683422.0,93,51
8683423.0,91,57
8683436.0,86,63
8683454.0,83,54
8683471.0,90,50
8683497.0,91,56
8683568.0,85,62
8683592.0,88,50
8683612.0,90,51
8683633.0,83,60
8683647.0,95,62
8683691.0,86,55
8683699.0,92,59
8683707.0,83,59
8683737.0,88,56
8683755.0,84,58
8683758.0,86,62
8683833.0,88,53
8683919.0,82,60
8683937.0,85,55
8684030.0,97,70
8684049.0,83,52
8684125.0,82,61
8684128.0,95,59
8684190.0,94,52
8684193.0,86,53
8684198.0,88,50
8684211.0,94,59
8684220.0,85,53
8684235.0,95,61
8684252.0,88,64
8684292.0,87,50
8684292.0,87,52
8684340.0,93,52
8684357.0,84,53
8684403.0,86,56
8684431.0,84,60
8684455.0,84,52
8684461.0,88,51
8684462.0,85,61
8684474.0,89,59
8684543.0,96,71
8684578.0,90,50
8684585.0,88,50
8684609.0,83,54
8684609.0,87,53
8684614.0,95,59
8684666.0,91,51
8684686.0,83,53
8684693.0,95,61
8684694.0,83,60
8684698.0,83,61
8684710.0,85,53
8684717.0,85,54
8684724.0,89,55
8684735.0,87,51
8684742.0,92,54
8684783.0,89,51
8684813.0,87,50
8684820.0,86,51
8684912.0,88,54
8684916.0,82,60
8684926.0,84,60
8684943.0,85,50
8684966.0,83,55
8685027.0,90,54
8685066.0,89,50
8685091.0,90,51
8685143.0,90,52
8685168.0,84,52
8685169.0,92,52
8685205.0,85,59
8685211.0,93,53
8685212.0,85,51
8685251.0,90,50
8685264.0,85,64
8685323.0,91,52
8685330.0,84,62
8685338.0,84,58
8685352.0,84,52
8685384.0,90,52
8685387.0,88,50
8685438.0,83,62
8685476.0,87,50
8685514.0,91,51
8685525.0,86,56
8685543.0,85,53
8685572.0,95,61
8685585.0,89,56
8685606.0,95,59
8685623.0,93,58
8685681.0,83,56
8685682.0,93,55
8685733.0,87,55
8685779.0,84,63
8685780.0,85,50
8685804.0,93,53
8685813.0,87,50
8685818.0,86,51
8685832.0,86,64
8685834.0,90,51
8685837.0,82,61
8685855.0,93,68
8685870.0,88,52
8685896.0,93,54
8685900.0,86,52
8685912.0,85,56
8685928.0,87,51
8685941.0,84,52
8685957.0,90,53
8685974.0,95,59
8685989.0,91,55
8686004.0,91,51
8686005.0,85,62
8686009.0,94,58
8686013.0,91,52
8686017.0,88,55
8686043.0,88,53
8686048.0,85,58
8686060.0,92,51
8686107.0,85,53
8686130.0,86,63
8686138.0,85,51
8686151.0,92,53
8686166.0,83,53
8686175.0,93,56
8686198.0,89,50
8686253.0,87,63
8686257.0,94,59
8686259.0,91,56
8686262.0,84,54
8686318.0,90,52
8686324.0,83,55
8686335.0,83,60
8686379.0,85,52
8686386.0,87,64
8686415.0,83,52
8686430.0,91,54
8686441.0,96,58
8686451.0,85,55
8686456.0,85,60
8686474.0,86,58
8686483.0,76,96
8686496.0,91,53
8686501.0,87,52
8686552.0,81,80
8686588.0,82,60
8686591.0,88,54
8686674.0,86,57
8686678.0,89,65
8686680.0,90,54
8686690.0,86,60
8686691.0,86,50
8686696.0,96,58
8686725.0,80,80
8686735.0,89,64
8686738.0,87,56
8686767.0,81,76
8686796.0,85,63
8686813.0,91,66
8686819.0,83,56
8686838.0,84,56
8686849.0,94,58
8686924.0,90,52
8686937.0,82,80
8686942.0,88,57
8686980.0,87,51
8687043.0,92,51
8687046.0,87,59
8687088.0,84,55
8687114.0,86,59
8687150.0,80,80
8687163.0,86,51
8687197.0,93,53
8687203.0,91,55
8687231.0,82,53
8687238.0,93,57
8687263.0,99,66
8687316.0,84,53
8687322.0,90,50
8687328.0,83,62
8687346.0,91,56
8687365.0,91,54
8687416.0,83,57
8687417.0,93,59
8687422.0,84,54
8687426.0,90,53
8687429.0,95,62
8687434.0,89,51
8687438.0,87,54
8687455.0,98,66
8687466.0,93,56
8687473.0,79,111
8687478.0,90,83
8687491.0,90,66
8687511.0,86,62
8687527.0,89,52
8687533.0,89,50
8687543.0,93,55
8687560.0,85,53
8687563.0,99,66
8687592.0,85,79
8687632.0,91,51
8687634.0,83,79
8687674.0,93,53
8687685.0,81,79
8687694.0,84,59
8687722.0,82,53
8687753.0,89,53
8687778.0,90,55
8687783.0,86,50
8687826.0,79,111
8687838.0,87,53
8687841.0,93,55
8687847.0,91,53
8687860.0,90,83
8687899.0,85,55
8687903.0,88,53
8687907.0,85,60
8687921.0,96,68
8687964.0,90,50
8687977.0,88,50
8687990.0,88,51
8687997.0,85,61
8688007.0,81,79
8688034.0,90,53
8688059.0,87,53
8688073.0,93,54
8688097.0,83,53
8688101.0,85,54
8688158.0,87,51
8688269.0,87,55
8688289.0,92,51
8688295.0,84,60
8688324.0,84,58
8688327.0,84,62
8688385.0,86,56
8688387.0,83,79
8688426.0,90,54
8688445.0,82,53
8688453.0,91,54
8688461.0,90,53
8688481.0,83,52
8688516.0,88,53
8688537.0,87,53
8688569.0,85,52
8688595.0,85,55
8688612.0,89,51
8688629.0,91,52
8688639.0,92,52
8688660.0,85,58
8688672.0,84,53
8688681.0,91,56
8688686.0,86,51
8688691.0,87,60
8688692.0,82,62
8688702.0,94,59
8688725.0,79,86
8688728.0,88,50
8688736.0,90,53
8688770.0,89,58
8688784.0,82,54
8688800.0,93,57
8688802.0,90,50
8688820.0,100,65
8688824.0,94,62
8688855.0,81,79
8688864.0,95,63
8688869.0,85,56
8688894.0,85,51
8688895.0,89,52
8688901.0,89,51
8688901.0,93,55
8688923.0,85,61
8688927.0,86,51
8688960.0,97,72
8688962.0,97,71
8688983.0,88,53
8689060.0,90,55
8689065.0,85,54
8689067.0,92,56
8689084.0,87,51
8689100.0,87,53
8689140.0,90,59
8689189.0,84,53
8689201.0,90,50
8689225.0,87,50
8689240.0,99,65
8689263.0,89,64
8689275.0,88,51
8689302.0,84,54
8689330.0,83,57
8689368.0,79,86
8689375.0,88,52
8689400.0,87,64
8689479.0,84,51
8689538.0,92,54
8689551.0,82,53
8689554.0,75,68
8689613.0,87,52
8689615.0,86,51
8689625.0,87,53
8689631.0,89,51
8689690.0,97,70
8689726.0,85,54
8689746.0,83,62
8689746.0,87,65
8689782.0,85,55
8689828.0,90,65
8689852.0,88,63
8689853.0,89,54
8689860.0,82,54
8689892.0,85,50
8689919.0,87,66
8689923.0,92,52
8689928.0,91,61
8689962.0,90,51
8689976.0,87,53
8689990.0,85,51
8690000.0,87,54
8690021.0,88,64
8690039.0,83,54
8690047.0,84,61
8690059.0,91,51
8690074.0,92,53
8690077.0,82,55
8690084.0,90,56
8690087.0,89,51
8690118.0,95,62
8690142.0,86,64
8690147.0,89,52
8690152.0,86,63
8690165.0,84,52
8690199.0,89,57
8690279.0,89,55
8690279.0,92,52
8690284.0,82,62
8690290.0,89,53
8690303.0,88,50
8690308.0,85,54
8690330.0,84,56
8690370.0,87,54
8690450.0,91,57
8690471.0,89,57
8690554.0,83,55
8690589.0,90,52
8690599.0,84,51
8690640.0,95,62
8690648.0,86,58
8690654.0,90,62
8690670.0,92,62
8690674.0,83,53
8690710.0,84,54
8690711.0,88,51
8690725.0,83,58
8690779.0,91,51
8690805.0,85,63
8690890.0,90,51
8690911.0,86,62
8690929.0,86,52
8690929.0,91,60
8690936.0,84,62
8690961.0,87,51
8690990.0,90,64
8690991.0,92,54
8691022.0,91,55
8691051.0,85,59
8691066.0,86,54
8691094.0,81,85
8691139.0,92,62
8691160.0,92,52
8691213.0,85,61
8691219.0,87,53
8691237.0,84,52
8691250.0,86,62
8691284.0,84,61
8691319.0,85,60
8691338.0,84,59
8691361.0,83,59
8691385.0,95,59
8691394.0,90,52
8691418.0,90,56
8691468.0,60,57
8691486.0,91,52
8691495.0,89,53
8691496.0,82,56
8691514.0,83,53
8691584.0,90,51
8691597.0,92,53
8691611.0,88,51
8691630.0,90,53
8691668.0,83,56
8691674.0,87,53
8691711.0,90,56
8691767.0,83,62
8691796.0,84,55
8691797.0,89,56
8691851.0,84,53
8691868.0,89,53
8691869.0,85,61
8691877.0,86,51
8691894.0,82,62
8691939.0,89,54
8691941.0,87,53
8691943.0,82,61
8691944.0,84,57
8691961.0,83,61
8691971.0,90,54
8691979.0,91,51
8692024.0,85,57
8692030.0,85,61
8692107.0,87,55
8692139.0,87,61
8692157.0,82,54
8692172.0,88,60
8692189.0,92,60
8692212.0,87,57
8692245.0,91,51
8692362.0,89,59
8692402.0,85,51
8692416.0,82,53
8692441.0,86,51
8692454.0,89,53
8692455.0,90,53
8692498.0,85,57
8692531.0,85,56
8692535.0,84,60
8692539.0,84,51
8692544.0,93,60
8692544.0,85,62
8692551.0,91,53
8692568.0,85,52
8692601.0,93,62
8692730.0,90,55
8692731.0,88,53
8692790.0,84,63
8692819.0,92,54
8692851.0,90,54
8692860.0,84,61
8692972.0,92,55
8692991.0,85,64
8692992.0,88,54
8692997.0,85,53
8693027.0,87,54
8693087.0,94,61
8693099.0,84,61
8693105.0,83,63
8693122.0,91,51
8693125.0,84,54
8693152.0,86,64
8693176.0,89,54
8693207.0,81,54
8693232.0,86,59
8693291.0,82,61
8693293.0,88,52
8693306.0,86,52
8693331.0,82,56
8693345.0,86,51
8693380.0,89,55
8693403.0,95,63
8693413.0,97,70
8693477.0,91,52
8693478.0,85,57
8693515.0,86,53
8693535.0,82,54
8693545.0,87,50
8693566.0,85,51
8693593.0,92,56
8693608.0,90,54
8693648.0,85,50
8693663.0,83,55
8693672.0,82,57
8693696.0,88,61
8693698.0,82,55
8693722.0,83,62
8693746.0,87,52
8693752.0,85,63
8693786.0,84,64
8693822.0,88,51
8693830.0,85,62
8693909.0,82,53
8693914.0,83,54
8693969.0,87,50
8694013.0,84,53
8694047.0,84,56
8694056.0,77,100
8694058.0,85,50
8694099.0,90,55
8694133.0,84,58
8694154.0,85,51
8694156.0,94,60
8694189.0,77,101
8694264.0,87,64
8694264.0,85,57
8694287.0,78,82
8694321.0,83,82
8694369.0,78,100
8694385.0,81,54
8694391.0,88,64
8694404.0,87,51
8694413.0,83,61
8694430.0,83,52
8694491.0,79,82
8694534.0,90,52
8694587.0,86,51
8694624.0,92,55
8694655.0,84,52
8694682.0,90,56
8694693.0,84,54
8694697.0,81,55
8694705.0,82,61
8694708.0,88,53
8694713.0,82,62
8694719.0,83,82
8694749.0,91,56
8694762.0,91,52
8694806.0,89,52
8694831.0,83,59
8694838.0,85,52
8694884.0,88,55
8694901.0,90,55
8694925.0,88,49
8694934.0,92,56
8694985.0,85,57
8695071.0,86,56
8695098.0,85,59
8695101.0,85,51
8695116.0,88,52
8695133.0,90,54
8695140.0,83,52
8695168.0,81,54
8695184.0,83,57
8695203.0,77,101
8695206.0,82,57
8695216.0,85,57
8695229.0,87,51
8695236.0,84,59
8695261.0,84,60
8695271.0,90,53
8695285.0,90,51
8695291.0,85,51
8695309.0,89,55
8695371.0,86,55
8695375.0,77,101
8695391.0,90,57
8695406.0,89,65
8695429.0,82,58
8695496.0,87,56
8695519.0,83,55
8695527.0,85,61
8695530.0,88,52
8695599.0,84,51
8695650.0,86,52
8695665.0,88,49
8695703.0,81,55
8695716.0,86,61
8695724.0,90,56
8695742.0,92,57
8695777.0,84,55
8695800.0,86,53
8695823.0,83,56
8695829.0,83,52
8695907.0,88,53
8695933.0,89,52
8695934.0,86,60
8695960.0,91,53
8695961.0,87,53
8695990.0,86,54
8696087.0,88,56
8696115.0,83,54
8696128.0,89,64
8696143.0,88,52
8696237.0,87,65
8696238.0,85,63
8696247.0,90,54
8696255.0,81,56
8696265.0,89,51
8696287.0,89,56
8696315.0,90,51
8696317.0,89,66
8696346.0,86,57
8696350.0,87,64
8696357.0,85,58
8696372.0,82,62
8696383.0,83,61
8696387.0,91,52
8696435.0,85,54
8696464.0,84,52
8696471.0,85,60
8696618.0,92,58
8696634.0,84,51
8696641.0,82,55
8696668.0,84,57
8696698.0,82,61
8696700.0,88,52
8696725.0,82,58
8696736.0,83,54
8696741.0,87,52
8696781.0,89,53
8696792.0,86,54
8696796.0,95,80
8696802.0,91,52
8696807.0,73,95
8696821.0,92,56
8696833.0,83,58
8696850.0,82,54
8696898.0,83,53
8696906.0,83,55
8696936.0,85,51
8696941.0,83,52
8696956.0,83,51
8696968.0,83,63
8696989.0,84,51
8697045.0,86,51
8697071.0,91,53
8697134.0,86,55
8697136.0,90,56
8697148.0,53,56
8697190.0,92,57
8697271.0,84,53
8697318.0,81,55
8697321.0,84,59
8697327.0,85,53
8697328.0,86,55
8697372.0,89,52
8697389.0,85,52
8697429.0,92,56
8697517.0,86,65
8697517.0,84,56
8697586.0,89,51
8697660.0,76,80
8697722.0,84,51
8697763.0,88,54
8697767.0,93,58
8697768.0,83,51
8697781.0,85,64
8697812.0,86,64
8697816.0,83,62
8697825.0,86,62
8697827.0,94,63
8697830.0,95,64
8697833.0,87,52
8697853.0,82,54
8697956.0,81,57
8697982.0,94,58
8697987.0,85,55
8697993.0,86,51
8698054.0,84,57
8698075.0,86,52
8698132.0,85,51
8698146.0,87,54
8698162.0,95,62
8698182.0,98,71
8698205.0,87,58
8698211.0,82,54
8698217.0,86,66
8698221.0,90,51
8698252.0,89,56
8698285.0,87,55
8698328.0,81,54
8698340.0,83,59
8698408.0,84,57
8698502.0,94,58
8698517.0,83,57
8698543.0,91,54
8698605.0,83,56
8698625.0,83,52
8698640.0,83,60
8698692.0,81,55
8698792.0,89,53
8698807.0,89,54
8698835.0,83,63
8698854.0,89,56
8698868.0,82,56
8698896.0,84,63
8698918.0,84,52
8698963.0,86,51
8698999.0,91,54
8699059.0,94,58
8699120.0,90,51
8699154.0,82,54
8699167.0,84,52
8699181.0,87,53
8699196.0,77,78
8699283.0,84,53
8699359.0,81,54
8699363.0,93,59
8699368.0,82,54
8699377.0,85,52
8699385.0,88,55
8699395.0,83,54
8699396.0,85,53
8699418.0,81,56
8699419.0,83,59
8699423.0,82,52
8699433.0,82,63
8699462.0,88,65
8699472.0,89,52
8699497.0,87,86
8699540.0,90,52
8699550.0,89,55
8699569.0,86,53
8699635.0,82,59
8699641.0,81,54
8699642.0,92,57
8699726.0,88,66
8699782.0,89,54
8699798.0,85,54
8699843.0,85,51
8699914.0,84,52
8699922.0,86,57
8699927.0,85,64
8699986.0,89,56
8699988.0,89,57
8700020.0,83,56
8700056.0,88,54
8700060.0,87,86
8700133.0,81,57
8700215.0,84,57
8700330.0,97,69
8700330.0,86,52
8700389.0,89,56
8700419.0,84,52
8700430.0,83,52
8700458.0,86,63
8700459.0,84,62
8700468.0,91,66
8700473.0,89,53
8700478.0,81,55
8700484.0,89,54
8700502.0,84,54
8700536.0,92,59
8700593.0,86,54
8700610.0,90,52
8700620.0,82,52
8700630.0,91,55
8700643.0,88,52
8700659.0,83,63
8700669.0,81,54
8700691.0,89,55
8700698.0,83,55
8700721.0,83,53
8700872.0,87,53
8700879.0,94,60
8700890.0,88,54
8700893.0,82,55
8700896.0,89,51
8700912.0,85,54
8700969.0,84,60
8701028.0,76,77
8701038.0,86,65
8701053.0,85,60
8701057.0,80,55
8701160.0,81,54
8701165.0,85,54
8701197.0,85,65
8701211.0,85,52
8701232.0,77,86
8701289.0,84,63
8701291.0,84,52
8701366.0,88,52
8701383.0,87,53
8701398.0,83,55
8701443.0,81,81
8701444.0,89,52
8701469.0,93,59
8701484.0,77,87
8701533.0,85,59
8701556.0,76,87
8701561.0,87,54
8701619.0,91,56
8701622.0,90,54
8701684.0,81,55
8701686.0,81,86
8701693.0,86,65
8701697.0,88,55
8701699.0,94,60
8701817.0,82,57
8701849.0,82,53
8701859.0,85,56
8701866.0,84,61
8701877.0,84,58
8701878.0,86,52
8701897.0,87,55
8701941.0,89,55
8701954.0,86,59
8701959.0,85,51
8701963.0,91,65
8701990.0,84,52
8701994.0,89,56
8702014.0,87,56
8702055.0,83,60
8702066.0,88,57
8702107.0,82,55
8702109.0,88,52
8702149.0,86,56
8702154.0,84,55
8702166.0,89,57
8702177.0,82,52
8702210.0,83,56
8702219.0,90,51
8702259.0,84,53
8702286.0,81,56
8702297.0,82,63
8702299.0,87,53
8702327.0,85,57
8702328.0,87,51
8702334.0,81,54
8702358.0,94,68
8702376.0,88,55
8702387.0,86,65
8702420.0,83,57
8702476.0,84,62
8702502.0,86,54
8702510.0,86,56
8702533.0,81,86
8702555.0,92,54
8702568.0,82,55
8702574.0,85,51
8702576.0,90,53
8702609.0,87,51
8702613.0,83,58
8702627.0,81,54
8702644.0,83,62
8702681.0,88,56
8702751.0,92,58
8702757.0,88,53
8702771.0,82,58
8702772.0,91,52
8702792.0,83,52
8702828.0,83,64
8702911.0,84,54
8702934.0,82,53
8702940.0,87,53
8702956.0,85,64
8702978.0,85,53
8702995.0,80,56
8703013.0,87,54
8703038.0,81,86
8703084.0,89,56
8703123.0,97,75
8703296.0,86,66
8703312.0,91,52
8703333.0,91,55
8703339.0,83,53
8703408.0,86,53
8703444.0,84,65
8703452.0,89,51
8703460.0,84,58
8703478.0,87,65
8703479.0,86,60
8703493.0,94,65
8703531.0,86,58
8703548.0,90,55
8703562.0,86,54
8703579.0,94,61
8703598.0,83,63
8703606.0,83,55
8703705.0,84,52
8703711.0,85,51
8703719.0,91,56
8703730.0,88,51
8703779.0,83,52
8703787.0,87,53
8703793.0,81,54
8703834.0,81,58
8703840.0,89,51
8703842.0,85,62
8703965.0,80,80
8703981.0,87,55
8704012.0,81,54
8704021.0,84,64
8704036.0,88,53
8704057.0,82,55
8704088.0,80,56
8704118.0,87,53
8704130.0,84,58
8704148.0,81,55
8704152.0,89,56
8704206.0,91,53
8704209.0,86,64
8704229.0,85,52
8704250.0,89,54
8704277.0,85,59
8704312.0,88,52
8704342.0,89,52
8704375.0,88,56
8704393.0,85,51
8704502.0,83,57
8704510.0,82,62
8704527.0,93,61
8704536.0,84,60
8704563.0,90,53
8704642.0,89,57
8704655.0,85,63
8704665.0,84,57
8704682.0,85,59
8704695.0,86,53
8704700.0,81,81
8704701.0,87,66
8704713.0,82,63
8704737.0,90,54
8704747.0,91,53
8704771.0,96,69
8704776.0,85,53
8704825.0,89,53
8704828.0,92,60
8704828.0,83,56
8704847.0,82,54
8704898.0,87,56
8704967.0,89,51
8705004.0,81,55
8705044.0,82,56
8705058.0,84,53
8705084.0,82,55
8705087.0,85,61
8705127.0,83,54
8705127.0,83,62
8705131.0,83,52
8705146.0,90,53
8705211.0,86,55
8705249.0,80,56
8705255.0,81,56
8705276.0,87,55
8705279.0,85,56
8705309.0,82,53
8705352.0,83,61
8705356.0,81,57
8705385.0,82,59
8705455.0,89,52
8705659.0,85,52
8705678.0,88,54
8705733.0,90,54
8705739.0,83,60
8705744.0,89,65
8705764.0,90,65
8705822.0,90,53
8705851.0,80,57
8705919.0,85,57
8705941.0,83,63
8705944.0,87,57
8706022.0,84,63
8706058.0,96,68
8706068.0,84,54
8706079.0,82,62
8706083.0,84,55
8706088.0,85,54
8706177.0,74,85
8706307.0,82,56
8706311.0,86,54
8706315.0,96,70
8706376.0,91,57
8706409.0,82,52
8706449.0,85,52
8706455.0,87,52
8706466.0,92,58
8706505.0,82,60
8706518.0,83,58
8706522.0,80,56
8706534.0,81,55
8706542.0,84,52
8706617.0,84,56
8706673.0,81,56
8706681.0,84,58
8706713.0,89,52
8706820.0,82,58
8706864.0,85,62
8707059.0,85,53
8707104.0,88,54
8707131.0,85,54
8707154.0,81,59
8707157.0,61,115
8707272.0,82,53
8707275.0,84,61
8707315.0,86,61
8707346.0,89,52
8707367.0,85,63
8707374.0,91,57
8707379.0,84,52
8707405.0,90,54
8707455.0,80,57
8707576.0,83,54
8707593.0,88,57
8707633.0,88,55
8707673.0,81,63
8707687.0,89,55
8707729.0,84,53
8707731.0,98,71
8707734.0,76,89
8707760.0,83,62
8707783.0,89,53
8707788.0,99,72
8707847.0,85,65
8707898.0,85,64
8707909.0,85,53
8707913.0,85,58
8708051.0,87,56
8708069.0,88,53
8708077.0,85,53
8708138.0,61,114
8708139.0,86,54
8708152.0,83,59
8708176.0,87,65
8708238.0,83,57
8708299.0,90,55
8708398.0,84,59
8708406.0,81,53
8708450.0,85,56
8708499.0,61,115
8708518.0,86,54
8708569.0,84,52
8708572.0,86,58
8708573.0,88,54
8708577.0,87,52
8708628.0,87,53
8708703.0,82,55
8708705.0,89,52
8708751.0,85,53
8708808.0,82,62
8708825.0,88,55
8708831.0,82,63
8708833.0,91,56
8708843.0,88,57
8708854.0,89,56
8708893.0,89,54
8708909.0,89,53
8708928.0,83,58
8709027.0,84,52
8709104.0,87,56
8709187.0,85,53
8709192.0,80,56
8709218.0,82,54
8709229.0,95,63
8709318.0,89,52
8709322.0,88,57
8709351.0,85,57
8709369.0,91,56
8709398.0,81,57
8709405.0,84,64
8709412.0,83,57
8709452.0,82,57
8709462.0,93,62
8709465.0,87,56
8709574.0,88,52
8709640.0,83,61
8709655.0,90,55
8709674.0,87,53
8709730.0,88,56
8709792.0,85,53
8709838.0,88,67
8709953.0,84,52
8709994.0,91,57
8710002.0,89,57
8710024.0,82,60
8710037.0,87,56
8710040.0,82,53
8710046.0,81,53
8710066.0,85,53
8710084.0,86,55
8710091.0,90,60
8710120.0,91,69
8710135.0,84,62
8710159.0,88,65
8710187.0,88,55
8710260.0,88,57
8710265.0,90,57
8710322.0,89,53
8710325.0,87,61
8710328.0,87,60
8710400.0,85,55
8710413.0,88,52
8710414.0,87,52
8710425.0,91,57
8710483.0,80,58
8710529.0,83,53
8710551.0,86,54
8710578.0,81,59
8710618.0,81,57
8710625.0,80,57
8710700.0,84,56
8710758.0,88,56
8710786.0,93,60
8710802.0,84,54
8710876.0,83,60
8710888.0,84,59
8710911.0,88,57
8710936.0,90,58
8710964.0,91,54
8711043.0,81,56
8711046.0,91,58
8711064.0,89,53
8711069.0,93,59
8711076.0,89,59
8711082.0,82,56
8711113.0,87,54
8711135.0,84,61
8711216.0,88,54
8711280.0,83,55
8711287.0,87,59
8711315.0,86,56
8711364.0,85,54
8711392.0,81,54
8711413.0,88,53
8711518.0,91,54
8711594.0,84,54
8711697.0,93,59
8711719.0,85,58
8711738.0,82,59
8711806.0,82,54
8711874.0,85,66
8711896.0,91,59
8711944.0,86,65
8711948.0,96,66
8711958.0,82,57
8712012.0,90,56
8712048.0,82,61
8712063.0,89,53
8712114.0,83,64
8712122.0,91,57
8712157.0,81,60
8712162.0,88,52
8712163.0,86,55
8712254.0,89,54
8712282.0,84,53
8712292.0,83,56
8712298.0,87,53
8712313.0,90,56
8712328.0,97,80
8712384.0,96,66
8712398.0,81,54
8712407.0,84,63
8712423.0,98,73
8712450.0,95,65
8712470.0,81,56
8712491.0,86,55
8712532.0,89,53
8712610.0,87,54
8712757.0,95,66
8712757.0,88,56
8712801.0,84,64
8712815.0,89,64
8712897.0,89,55
8712930.0,86,55
8712940.0,91,57
8713058.0,96,66
8713101.0,85,54
8713105.0,87,65
8713160.0,95,67
8713166.0,85,65
8713194.0,92,59
8713196.0,91,71
8713202.0,97,71
8713307.0,89,54
8713333.0,84,54
8713372.0,84,53
8713397.0,96,66
8713426.0,82,61
8713443.0,83,53
8713550.0,91,57
8713655.0,82,53
8713664.0,85,54
8713668.0,84,53
8713749.0,81,58
8713827.0,87,54
8713845.0,86,52
8713898.0,83,62
8713922.0,83,58
8713924.0,94,62
8713929.0,91,57
8713940.0,91,58
8713952.0,85,64
8714011.0,80,57
8714084.0,90,72
8714098.0,81,54
8714139.0,85,54
8714167.0,88,57
8714198.0,88,53
8714233.0,93,60
8714277.0,90,56
8714286.0,84,55
8714287.0,81,56
8714298.0,80,56
8714358.0,86,53
8714366.0,83,61
8714379.0,87,52
8714430.0,82,54
8714462.0,82,56
8714471.0,84,53
8714499.0,90,56
8714512.0,81,56
8714553.0,83,55
8714591.0,93,60
8714614.0,85,54
8714668.0,83,59
8714672.0,84,62
8714676.0,85,55
8714845.0,82,53
8714939.0,86,56
8714957.0,88,66
8715058.0,84,59
8715130.0,87,67
8715167.0,80,58
8715177.0,85,57
8715187.0,88,53
8715273.0,86,52
8715284.0,85,54
8715300.0,81,54
8715348.0,90,57
8715365.0,86,66
8715373.0,82,60
8715379.0,88,54
8715399.0,85,56
8715403.0,87,57
8715419.0,84,57
8715428.0,86,53
8715444.0,84,56
8715451.0,86,59
8715459.0,90,56
8715632.0,90,55
8715666.0,94,63
8715873.0,85,54
8715876.0,87,55
8715893.0,89,65
8715975.0,86,65
8716140.0,82,58
8716231.0,87,53
8716289.0,82,55
8716323.0,90,56
8716371.0,91,58
8716372.0,89,54
8716438.0,92,59
8716503.0,89,55
8716506.0,80,56
8716537.0,86,53
8716705.0,88,57
8716759.0,84,63
8716763.0,87,52
8716778.0,87,54
8716797.0,83,53
8716916.0,89,54
8716941.0,82,54
8716960.0,91,57
8716981.0,83,65
8717014.0,87,57
8717095.0,88,65
8717097.0,85,63
8717099.0,88,53
8717123.0,85,58
8717190.0,82,64
8717234.0,87,55
8717305.0,90,57
8717326.0,86,64
8717343.0,85,55
8717359.0,81,60
8717372.0,91,57
8717415.0,82,57
8717425.0,81,53
8717497.0,83,53
8717519.0,82,53
8717535.0,83,62
8717551.0,83,59
8717591.0,87,66
8717611.0,89,55
8717630.0,84,55
8717673.0,81,55
8717794.0,86,56
8717930.0,82,58
8717940.0,80,56
8718052.0,87,56
8718056.0,86,54
8718057.0,83,61
8718191.0,84,58
8718232.0,84,56
8718238.0,82,58
8718287.0,83,56
8718382.0,81,54
8718405.0,86,58
8718433.0,91,58
8718463.0,88,54
8718466.0,90,57
8718477.0,85,60
8718691.0,78,93
8718743.0,80,57
8718822.0,84,64
8718902.0,84,61
8719006.0,85,55
8719010.0,86,53
8719021.0,84,57
8719024.0,83,53
8719048.0,82,57
8719066.0,87,59
8719143.0,86,54
8719217.0,82,58
8719321.0,86,52
8719396.0,92,60
8719407.0,84,54
8719519.0,88,54
8719623.0,94,60
8719681.0,92,59
8719859.0,84,54
8719946.0,84,62
8719951.0,82,59
8719968.0,88,55
8720069.0,87,56
8720276.0,85,65
8720288.0,83,53
8720559.0,87,53
8720571.0,84,60
8720818.0,83,64
8720847.0,85,57
8720890.0,89,56
8720903.0,88,54
8720921.0,83,53
8720932.0,86,53
8720994.0,84,54
8721050.0,91,58
8721081.0,86,54
8721144.0,85,66
8721196.0,85,55
8721503.0,85,53
8721539.0,87,53
8721614.0,81,61
8721718.0,87,54
8721741.0,89,54
8721845.0,83,53
8721884.0,85,53
8721914.0,87,52
8721952.0,87,53
8721955.0,81,58
8722004.0,86,55
8722025.0,83,63
8722044.0,83,53
8722054.0,85,56
8722126.0,82,55
8722194.0,89,57
8722252.0,89,54
8722256.0,90,59
8722307.0,80,58
8722384.0,85,53
8722557.0,86,66
8722795.0,87,53
8722827.0,84,66
8722855.0,84,65
8722944.0,84,55
8722965.0,87,55
8723316.0,82,64
8723470.0,78,75
8723496.0,87,53
8723543.0,81,63
8723769.0,82,63
8723793.0,83,55
8723851.0,85,64
8723886.0,89,56
8723957.0,84,54
8723999.0,89,55
8724062.0,88,56
8724168.0,87,56
8724180.0,85,53
8724228.0,83,55
8724251.0,84,54
8724316.0,83,53
8724340.0,86,55
8724346.0,92,57
8724362.0,89,56
8724365.0,84,59
8724440.0,93,56
8724675.0,89,55
8724732.0,86,54
8725091.0,89,56
8725100.0,83,56
8725224.0,83,53
8725247.0,83,54
8725353.0,85,65
8725388.0,88,55
8725451.0,87,53
8725528.0,85,54
8725547.0,84,58
8725574.0,84,54
8725590.0,83,63
8725601.0,83,57
8725699.0,89,55
8725709.0,83,53
8725783.0,83,59
8725952.0,87,53
8726033.0,76,93
8726303.0,82,62
8726358.0,93,62
8726437.0,91,62
8726445.0,87,53
8726462.0,82,55
8726479.0,83,53
8726589.0,89,54
8726666.0,86,53
8726688.0,85,53
8726846.0,87,53
8727011.0,90,77
8727026.0,88,55
8727029.0,85,54
8727750.0,87,55
8727871.0,81,55
8728056.0,88,51
8728184.0,88,58
8728198.0,55,63
8728199.0,86,53
8728240.0,87,54
8728253.0,86,55
8728590.0,55,63
8728677.0,86,57
8728726.0,88,57
8728785.0,82,58
8728793.0,89,58
8728798.0,87,65
8728804.0,85,54
8729195.0,83,60
8729272.0,86,52
8729327.0,98,71
8729419.0,96,65
8729467.0,86,54
8729559.0,81,64
8729594.0,87,57
8729675.0,86,53
8729920.0,80,83
8729926.0,84,63
8729937.0,87,58
8729958.0,97,67
8730231.0,86,56
8730798.0,81,56
8731050.0,87,54
8731256.0,83,64
8731370.0,83,62
8731742.0,76,74
8731784.0,88,55
8731950.0,86,55
8732031.0,99,85
8732692.0,81,57
8733037.0,84,54
8733089.0,77,82
8733272.0,79,82
8733347.0,85,54
8733485.0,77,82
8733581.0,77,76
8734015.0,87,56
8735424.0,85,55
8736584.0,84,54
8736826.0,81,54
8736835.0,76,106
8736882.0,77,106
8736994.0,78,93
8737154.0,81,54
8738182.0,82,53
8738553.0,77,105
8738748.0,95,64
8738995.0,96,64
8739155.0,81,54
8739346.0,84,54
8739414.0,85,53
8741707.0,79,86
8743352.0,95,64
8743440.0,82,58
8743473.0,85,64
8744219.0,86,85
8745229.0,82,56
8745236.0,104,57
8745532.0,104,57
8745550.0,103,56
8745847.0,103,56
8745916.0,81,57
8746149.0,86,57
8747562.0,90,58
8747656.0,85,59
8748136.0,90,69
8748339.0,97,67
8748525.0,82,59
8748646.0,91,69
8748733.0,83,59
8748925.0,84,60
8749162.0,83,53
8749236.0,81,55
8749420.0,83,55
8749428.0,83,60
8749737.0,85,53
8749799.0,83,59
8749949.0,83,53
8750446.0,77,104
8750514.0,82,55
8750722.0,85,55
8750816.0,81,56
8750916.0,83,53
8750991.0,84,54
8750992.0,84,55
8751087.0,89,58
8751222.0,91,58
8751500.0,81,54
8751771.0,81,58
8751795.0,85,55
8751854.0,80,59
8751908.0,93,60
8751911.0,82,57
8752012.0,87,57
8752098.0,92,59
8752321.0,86,55
8752376.0,82,58
8752489.0,82,57
8752520.0,82,54
8752576.0,98,68
8752875.0,85,53
8753293.0,83,57
8753320.0,82,57
8753333.0,93,60
8753373.0,88,57
8753389.0,85,54
8753438.0,84,56
8753520.0,82,62
8753619.0,81,57
8753743.0,83,53
8753766.0,83,63
8753822.0,91,58
8753849.0,84,54
8753853.0,82,53
8754053.0,87,54
8754109.0,81,55
8754273.0,86,61
8754282.0,85,55
8754413.0,88,55
8754456.0,82,55
8754527.0,93,61
8754567.0,82,57
8754584.0,92,59
8754588.0,82,58
8754690.0,81,55
8754745.0,80,58
8754807.0,82,55
8754861.0,94,61
8754872.0,82,64
8754877.0,82,63
8755069.0,87,54
8755088.0,85,56
8755162.0,83,64
8755228.0,84,57
8755239.0,81,55
8755318.0,83,56
8755549.0,82,55
8755587.0,82,57
8755602.0,81,53
8755623.0,81,63
8755645.0,81,64
8755705.0,91,58
8755709.0,81,55
8755727.0,89,56
8755744.0,85,64
8755803.0,88,55
8755905.0,90,56
8756049.0,87,56
8756128.0,86,56
8756151.0,96,65
8756193.0,81,64
8756221.0,83,63
8756269.0,87,54
8756302.0,93,60
8756354.0,90,56
8756379.0,83,54
8756498.0,90,57
8756580.0,85,57
8756605.0,89,76
8756676.0,88,76
8756704.0,94,61
8756795.0,61,120
8756906.0,92,59
8756918.0,91,58
8756933.0,86,53
8756966.0,89,56
8756987.0,83,62
8757218.0,84,53
8757228.0,84,58
8757322.0,82,58
8757407.0,81,54
8757460.0,81,58
8757575.0,90,79
8757638.0,90,59
8757647.0,90,57
8757655.0,81,53
8757662.0,87,54
8757688.0,98,69
8757691.0,84,59
8757740.0,85,54
8757765.0,85,59
8757774.0,86,53
8757891.0,89,56
8757926.0,83,58
8758184.0,83,59
8758209.0,86,55
8758262.0,80,58
8758290.0,85,65
8758359.0,82,57
8758390.0,93,60
8758450.0,98,70
8758518.0,82,60
8758538.0,84,53
8758587.0,94,61
8758601.0,84,65
8758608.0,97,68
8758621.0,91,60
8758634.0,89,60
8758683.0,81,53
8758725.0,91,58
8758792.0,87,66
8758795.0,81,60
8758838.0,89,60
8758841.0,90,57
8758846.0,91,60
8758874.0,84,54
8758878.0,88,65
8758969.0,97,68
8759014.0,86,53
8759058.0,85,66
8759069.0,84,65
8759198.0,81,53
8759237.0,82,61
8759259.0,82,54
8759313.0,87,66
8759338.0,87,54
8759412.0,82,59
8759526.0,85,66
8759555.0,83,59
8759559.0,81,56
8759585.0,92,59
8759614.0,87,55
8759796.0,89,56
8759875.0,80,57
8760044.0,90,57
8760057.0,87,66
8760184.0,97,66
8760241.0,87,59
8760244.0,85,66
8760259.0,82,57
8760289.0,84,53
8760373.0,94,61
8760412.0,87,65
8760548.0,83,61
8760651.0,86,55
8760697.0,85,63
8760749.0,88,55
8760917.0,85,60
8760924.0,84,63
8760957.0,83,55
8761067.0,83,64
8761103.0,86,55
8761164.0,84,59
8761320.0,85,54
8761375.0,91,59
8761395.0,84,62
8761461.0,86,54
8761520.0,81,55
8761566.0,81,57
8761568.0,81,56
8761632.0,86,73
8761643.0,86,65
8761692.0,86,53
8761699.0,87,56
8761727.0,86,59
8761803.0,93,60
8761954.0,88,58
8761958.0,86,73
8761973.0,84,57
8762020.0,94,60
8762123.0,81,55
8762172.0,88,56
8762307.0,82,57
8762385.0,85,55
8762485.0,88,57
8762750.0,86,66
8762950.0,81,55
8762970.0,85,53
8763102.0,81,56
8763109.0,87,53
8763127.0,84,53
8763184.0,89,55
8763237.0,88,54
8763294.0,81,55
8763339.0,89,57
8763351.0,82,54
8763406.0,86,55
8763555.0,75,80
8763632.0,80,57
8763901.0,86,72
8763964.0,84,63
8764039.0,87,53
8764043.0,84,65
8764184.0,83,53
8764216.0,89,55
8764263.0,88,54
8764305.0,84,54
8764413.0,81,55
8764442.0,82,55
8764474.0,97,66
8764531.0,87,54
8764560.0,96,70
8764633.0,95,62
8764664.0,97,67
8764696.0,82,53
8764903.0,88,67
8764946.0,98,70
8764981.0,87,53
8764993.0,83,53
8765064.0,81,55
8765314.0,89,55
8765421.0,87,58
8765435.0,85,58
8765585.0,88,54
8765597.0,87,55
8765700.0,83,55
8765701.0,86,54
8765707.0,83,58
8765768.0,80,58
8765771.0,83,61
8765868.0,84,54
8765872.0,88,57
8765891.0,88,55
8765913.0,82,54
8765926.0,85,53
8765946.0,95,63
8765954.0,85,65
8765966.0,84,56
8765980.0,87,56
8766275.0,88,56
8766297.0,82,58
8766369.0,85,64
8766450.0,80,58
8766471.0,92,58
8766473.0,82,56
8766526.0,95,62
8766532.0,83,53
8766539.0,83,56
8766554.0,82,61
8766578.0,87,53
8766616.0,96,68
8766654.0,90,58
8766676.0,85,53
8766730.0,84,63
8766732.0,83,62
8766825.0,90,56
8766981.0,84,59
8767021.0,89,55
8767077.0,84,62
8767259.0,82,63
8767439.0,82,64
8767461.0,84,66
8767530.0,87,56
8767588.0,90,56
8767598.0,82,62
8767602.0,91,57
8767606.0,85,61
8767608.0,92,58
8767664.0,86,64
8767680.0,88,66
8767686.0,87,75
8767699.0,85,53
8767968.0,86,53
8767983.0,82,56
8768020.0,83,54
8768056.0,84,54
8768077.0,89,65
8768200.0,88,57
8768260.0,86,54
8768272.0,82,54
8768344.0,87,54
8768545.0,83,58
8768554.0,85,54
8768557.0,85,60
8768559.0,92,58
8768623.0,90,56
8768642.0,85,63
8768667.0,92,60
8768677.0,88,65
8768730.0,83,65
8768841.0,86,65
8768958.0,81,63
8768980.0,91,57
8769052.0,84,53
8769055.0,94,60
8769056.0,87,65
8769098.0,84,58
8769109.0,81,56
8769115.0,90,68
8769180.0,92,68
8769202.0,83,62
8769212.0,83,53
8769231.0,88,57
8769256.0,89,66
8769383.0,83,56
8769432.0,91,66
8769452.0,93,59
8769456.0,97,66
8769477.0,84,61
8769694.0,88,53
8769725.0,82,62
8769778.0,81,57
8769784.0,91,57
8769789.0,92,66
8769816.0,85,57
8769821.0,86,54
8769825.0,89,61
8769865.0,90,74
8769882.0,82,59
8769980.0,85,59
8770032.0,83,63
8770041.0,80,57
8770059.0,84,59
8770126.0,89,56
8770126.0,93,59
8770131.0,93,57
8770146.0,87,55
8770199.0,82,59
8770200.0,86,56
8770278.0,92,69
8770279.0,85,57
8770315.0,85,60
8770353.0,86,53
8770358.0,92,58
8770387.0,86,63
8770407.0,89,57
8770476.0,90,56
8770524.0,94,60
8770598.0,85,59
8770736.0,81,58
8770807.0,80,57
8770840.0,82,63
8770964.0,86,58
8771103.0,84,55
8771118.0,87,52
8771181.0,93,57
8771206.0,87,55
8771242.0,85,52
8771272.0,91,73
8771359.0,88,53
8771437.0,86,55
8771456.0,83,62
8771490.0,94,67
8771535.0,88,56
8771589.0,91,57
8771660.0,94,60
8771666.0,85,59
8771686.0,83,61
8771706.0,89,54
8771762.0,86,55
8771839.0,81,60
8771946.0,84,64
8771982.0,93,59
8772016.0,87,55
8772144.0,86,53
8772268.0,85,59
8772280.0,87,52
8772305.0,83,61
8772352.0,87,53
8772407.0,82,62
8772421.0,90,55
8772460.0,86,60
8772544.0,84,62
8772617.0,89,54
8772664.0,85,65
8772681.0,88,55
8772715.0,97,67
8772800.0,86,53
8772829.0,87,59
8772839.0,96,66
8772866.0,87,54
8772923.0,85,59
8772932.0,83,55
8772972.0,83,62
8773013.0,85,52
8773060.0,82,55
8773079.0,90,55
8773144.0,85,62
8773168.0,84,54
8773171.0,81,55
8773172.0,85,63
8773191.0,83,61
8773241.0,85,59
8773242.0,109,58
8773323.0,86,66
8773478.0,83,55
8773485.0,93,59
8773534.0,92,58
8773584.0,86,59
8773639.0,86,56
8773644.0,86,55
8773697.0,98,68
8773732.0,85,63
8773744.0,84,57
8773772.0,86,61
8773797.0,87,52
8773816.0,83,60
8773818.0,82,55
8773831.0,90,55
8773908.0,81,56
8773938.0,86,55
8773950.0,83,61
8773970.0,84,65
8774015.0,82,53
8774064.0,86,53
8774069.0,82,54
8774121.0,90,57
8774139.0,94,60
8774142.0,89,57
8774273.0,85,56
8774291.0,85,65
8774336.0,83,55
8774357.0,89,55
8774382.0,83,63
8774400.0,95,61
8774458.0,85,52
8774491.0,88,54
8774512.0,83,57
8774527.0,89,67
8774537.0,88,56
8774573.0,84,62
8774657.0,82,57
8774663.0,83,55
8774673.0,82,55
8774759.0,82,54
8774774.0,82,59
8774780.0,86,62
8774820.0,85,53
8774822.0,83,64
8774959.0,90,55
8774976.0,89,57
8775028.0,90,66
8775040.0,83,54
8775052.0,88,55
8775155.0,83,61
8775159.0,86,65
8775186.0,82,59
8775233.0,81,57
8775271.0,89,53
8775297.0,91,56
8775335.0,89,57
8775355.0,83,56
8775401.0,82,55
8775433.0,86,65
8775456.0,87,54
8775547.0,89,65
8775598.0,88,52
8775634.0,86,54
8775700.0,83,61
8775774.0,85,66
8775777.0,84,62
8775850.0,88,56
8775894.0,84,58
8775932.0,83,53
8775942.0,84,54
8775998.0,95,61
8776156.0,85,66
8776163.0,87,53
8776192.0,85,61
8776228.0,84,56
8776288.0,84,52
8776292.0,82,63
8776314.0,87,54
8776353.0,91,56
8776458.0,85,64
8776500.0,83,61
8776557.0,88,52
8776589.0,81,56
8776645.0,85,58
8776797.0,84,61
8776802.0,83,56
8776857.0,86,52
8776924.0,91,56
8776930.0,97,66
8776931.0,86,63
8777119.0,95,62
8777157.0,89,53
8777180.0,84,52
8777181.0,88,66
8777221.0,83,61
8777235.0,90,54
8777245.0,87,65
8777246.0,87,54
8777257.0,90,56
8777285.0,82,62
8777303.0,97,66
8777324.0,83,54
8777350.0,89,56
8777368.0,88,52
8777454.0,97,65
8777509.0,92,57
8777539.0,87,65
8777661.0,85,62
8777680.0,87,66
8777696.0,91,56
8777736.0,88,56
8777737.0,85,59
8777822.0,88,66
8777833.0,85,54
8777885.0,96,64
8777902.0,86,52
8777950.0,89,57
8778025.0,98,70
8778028.0,88,64
8778055.0,97,66
8778061.0,95,61
8778069.0,93,58
8778077.0,86,65
8778091.0,84,63
8778094.0,91,67
8778151.0,84,56
8778201.0,83,61
8778304.0,89,53
8778318.0,90,67
8778332.0,83,60
8778333.0,88,73
8778334.0,86,57
8778339.0,91,68
8778377.0,91,56
8778408.0,90,54
8778435.0,96,63
8778444.0,86,63
8778451.0,87,53
8778468.0,82,56
8778487.0,84,53
8778544.0,97,66
8778550.0,86,52
8778571.0,92,68
8778613.0,84,52
8778653.0,83,61
8778668.0,84,56
8778675.0,87,52
8778696.0,92,57
8778750.0,89,52
8778792.0,84,59
8778807.0,84,62
8778891.0,83,58
8779016.0,93,69
8779092.0,87,53
8779119.0,88,53
8779126.0,88,54
8779129.0,82,58
8779228.0,93,58
8779293.0,92,59
8779339.0,86,61
8779340.0,88,66
8779341.0,94,59
8779383.0,82,61
8779406.0,86,52
8779409.0,83,53
8779413.0,97,65
8779453.0,98,69
8779503.0,89,57
8779538.0,90,57
8779601.0,83,55
8779606.0,87,65
8779646.0,84,52
8779673.0,89,56
8779677.0,83,53
8779785.0,87,55
8779878.0,97,66
8779924.0,88,55
8779981.0,81,55
8779985.0,93,60
8780011.0,90,54
8780055.0,91,55
8780074.0,92,57
8780100.0,86,53
8780130.0,85,53
8780181.0,88,59
8780183.0,84,60
8780203.0,87,65
8780366.0,89,54
8780419.0,87,53
8780435.0,93,58
8780439.0,87,52
8780511.0,89,64
8780522.0,97,66
8780548.0,83,61
8780590.0,82,61
8780596.0,87,58
8780655.0,89,52
8780700.0,88,54
8780731.0,40,58
8780797.0,84,64
8780863.0,87,52
8780879.0,87,65
8780891.0,83,64
8780931.0,85,64
8780934.0,83,63
8780999.0,84,55
8781062.0,85,65
8781125.0,83,53
8781202.0,90,57
8781229.0,97,66
8781350.0,92,71
8781448.0,83,61
8781483.0,87,52
8781544.0,82,62
8781640.0,84,56
8781715.0,84,61
8781853.0,91,55
8781861.0,83,62
8781885.0,94,59
8781956.0,87,54
8781969.0,85,54
8781971.0,85,57
8781972.0,89,58
8781975.0,82,61
8781987.0,85,58
8781998.0,83,55
8782000.0,90,53
8782008.0,93,58
8782051.0,86,64
8782083.0,84,61
8782176.0,82,54
8782203.0,81,55
8782233.0,85,61
8782247.0,83,61
8782280.0,87,64
8782299.0,87,54
8782395.0,89,52
8782400.0,86,54
8782414.0,98,67
8782437.0,89,55
8782438.0,85,57
8782500.0,90,64
8782514.0,90,55
8782514.0,97,68
8782538.0,89,56
8782543.0,86,59
8782558.0,81,55
8782575.0,87,53
8782665.0,91,55
8782668.0,92,56
8782693.0,88,56
8782730.0,91,65
8782734.0,88,53
8782819.0,94,59
8782918.0,90,53
8782986.0,87,65
8783000.0,88,54
8783026.0,85,62
8783063.0,82,59
8783150.0,87,54
8783155.0,92,57
8783214.0,83,60
8783238.0,98,69
8783368.0,81,56
8783369.0,82,54
8783386.0,84,63
8783461.0,95,60
8783466.0,98,69
8783470.0,85,58
8783523.0,87,66
8783544.0,85,57
8783565.0,89,52
8783629.0,92,67
8783647.0,82,59
8783661.0,83,64
8783761.0,86,58
8783767.0,88,57
8783786.0,89,56
8783804.0,81,57
8783881.0,83,60
8783890.0,85,64
8783933.0,90,53
8783935.0,84,54
8783938.0,99,70
8784060.0,87,56
8784075.0,85,57
8784142.0,88,54
8784144.0,85,62
8784214.0,82,59
8784282.0,86,59
8784338.0,85,53
8784372.0,84,53
8784379.0,83,62
8784385.0,85,64
8784395.0,84,60
8784403.0,87,52
8784404.0,84,56
8784412.0,86,64
8784431.0,82,57
8784436.0,86,52
8784439.0,85,59
8784454.0,94,59
8784459.0,84,52
8784465.0,83,60
8784483.0,84,62
8784522.0,91,54
8784537.0,86,57
8784551.0,82,55
8784618.0,90,57
8784620.0,92,56
8784635.0,82,54
8784639.0,87,66
8784648.0,82,59
8784714.0,84,64
8784752.0,84,61
8784807.0,88,66
8784831.0,95,60
8784835.0,85,61
8784839.0,88,53
8784856.0,88,52
8784910.0,83,54
8784948.0,88,64
8785050.0,96,62
8785133.0,88,65
8785173.0,85,61
8785184.0,89,65
8785283.0,89,54
8785353.0,90,56
8785378.0,84,56
8785386.0,86,51
8785430.0,89,55
8785465.0,93,68
8785496.0,87,66
8785498.0,91,54
8785500.0,91,56
8785505.0,83,54
8785522.0,82,62
8785539.0,89,54
8785566.0,86,56
8785569.0,85,64
8785586.0,87,53
8785608.0,84,54
8785609.0,84,61
8785628.0,83,59
8785775.0,85,57
8785825.0,82,59
8785851.0,86,51
8785932.0,89,51
8785944.0,88,53
8785950.0,87,66
8785954.0,87,52
8786006.0,82,58
8786061.0,83,54
8786095.0,93,57
8786098.0,81,55
8786111.0,86,65
8786151.0,90,59
8786159.0,83,59
8786177.0,87,65
8786177.0,85,57
8786232.0,95,60
8786242.0,86,58
8786258.0,92,56
8786299.0,82,62
8786303.0,85,56
8786312.0,89,54
8786325.0,87,51
8786363.0,85,58
8786369.0,82,55
8786381.0,87,55
8786388.0,88,52
8786393.0,82,59
8786531.0,87,65
8786604.0,85,62
8786621.0,89,53
8786629.0,85,60
8786745.0,86,53
8786750.0,85,73
8786753.0,85,61
8786818.0,84,59
8786863.0,83,59
8786910.0,93,57
8786925.0,87,59
8786945.0,90,57
8786978.0,85,53
8787024.0,84,61
8787035.0,83,57
8787203.0,84,59
8787301.0,87,66
8787313.0,89,55
8787313.0,85,65
8787395.0,82,56
8787402.0,89,51
8787411.0,90,52
8787442.0,89,52
8787461.0,85,51
8787509.0,84,52
8787523.0,84,56
8787525.0,86,55
8787542.0,87,66
8787561.0,87,64
8787564.0,83,56
8787572.0,89,61
8787593.0,92,56
8787600.0,97,70
8787613.0,96,71
8787678.0,93,57
8787684.0,90,56
8787686.0,87,62
8787787.0,88,52
8787850.0,93,69
8787853.0,87,60
8787861.0,84,62
8787901.0,83,62
8787902.0,88,53
8787941.0,87,57
8787943.0,83,55
8787990.0,89,55
8787998.0,99,70
8788035.0,87,51
8788066.0,82,60
8788074.0,97,66
8788101.0,85,63
8788129.0,92,58
8788170.0,84,62
8788177.0,89,51
8788194.0,90,76
8788251.0,82,61
8788311.0,85,51
8788494.0,84,55
8788515.0,84,53
8788589.0,88,53
8788596.0,84,60
8788602.0,85,57
8788641.0,90,52
8788650.0,84,62
8788651.0,92,62
8788741.0,90,54
8788813.0,94,58
8788831.0,86,64
8788943.0,83,60
8788972.0,91,53
8789000.0,87,51
8789022.0,92,55
8789047.0,85,51
8789184.0,90,52
8789278.0,86,58
8789297.0,82,55
8789339.0,86,61
8789385.0,84,52
8789490.0,85,55
8789592.0,87,53
8789604.0,85,61
8789617.0,85,64
8789664.0,86,60
8789674.0,84,59
8789681.0,89,51
8789742.0,89,53
8789764.0,100,77
8789792.0,89,55
8789841.0,83,60
8789872.0,86,60
8789893.0,85,64
8790155.0,99,76
8790166.0,87,52
8790219.0,82,54
8790226.0,93,59
8790292.0,83,58
8790369.0,87,65
8790422.0,87,64
8790437.0,90,64
8790509.0,90,55
8790530.0,85,51
8790540.0,93,57
8790556.0,86,58
8790614.0,85,61
8790620.0,84,54
8790656.0,86,60
8790713.0,87,54
8790742.0,91,53
8790746.0,83,61
8790760.0,90,64
8790778.0,83,58
8790781.0,87,51
8790792.0,87,65
8790858.0,88,65
8790891.0,86,57
8790980.0,87,56
8791012.0,96,61
8791030.0,88,59
8791030.0,88,52
8791138.0,89,54
8791150.0,84,54
8791189.0,89,53
8791192.0,86,62
8791306.0,92,54
8791401.0,85,54
8791404.0,83,53
8791455.0,89,52
8791460.0,88,53
8791585.0,87,65
8791589.0,84,52
8791615.0,85,52
8791617.0,82,54
8791629.0,95,59
8791645.0,83,60
8791648.0,84,59
8791707.0,99,76
8791717.0,94,58
8791719.0,82,62
8791724.0,98,66
8791731.0,85,60
8791741.0,82,61
8791791.0,92,65
8791833.0,92,55
8791851.0,85,61
8791866.0,89,66
8791919.0,86,63
8791960.0,88,52
8792013.0,83,58
8792025.0,85,59
8792047.0,96,62
8792056.0,84,54
8792065.0,82,54
8792122.0,82,62
8792134.0,89,58
8792156.0,90,56
8792168.0,87,65
8792263.0,85,56
8792272.0,92,54
8792334.0,94,58
8792376.0,83,53
8792428.0,90,65
8792465.0,96,61
8792486.0,90,55
8792500.0,85,55
8792516.0,93,65
8792544.0,87,53
8792556.0,86,58
8792558.0,89,54
8792586.0,91,52
8792608.0,85,63
8792617.0,89,65
8792620.0,88,58
8792623.0,91,66
8792636.0,89,52
8792659.0,92,68
8792663.0,90,54
8792698.0,90,51
8792712.0,99,69
8792811.0,84,60
8792817.0,83,58
8792848.0,85,54
8792876.0,89,51
8792893.0,95,59
8792907.0,84,61
8792944.0,85,62
8792949.0,85,55
8793021.0,84,54
8793036.0,92,54
8793077.0,98,68
8793090.0,89,65
8793123.0,93,56
8793127.0,86,53
8793128.0,94,68
8793150.0,86,64
8793211.0,83,53
8793225.0,90,53
8793304.0,91,52
8793326.0,83,61
8793339.0,87,52
8793352.0,86,51
8793356.0,88,64
8793468.0,90,52
8793495.0,90,51
8793538.0,89,53
8793541.0,82,55
8793544.0,83,57
8793614.0,85,53
8793616.0,83,54
8793695.0,86,61
8793738.0,95,59
8793784.0,87,62
8793795.0,88,51
8793814.0,87,65
8793829.0,92,54
8793832.0,84,60
8793836.0,89,59
8793839.0,83,61
8793943.0,86,51
8794018.0,95,69
8794107.0,91,56
8794132.0,85,64
8794192.0,91,52
8794233.0,91,65
8794236.0,97,66
8794261.0,89,52
8794271.0,87,53
8794293.0,87,57
8794492.0,90,66
8794500.0,83,60
8794527.0,89,51
8794576.0,86,57
8794642.0,85,64
8794730.0,89,64
8794785.0,84,53
8794792.0,83,61
8794797.0,84,63
8794890.0,89,53
8794899.0,94,83
8794934.0,86,63
8795091.0,84,60
8795138.0,90,55
8795173.0,84,61
8795174.0,90,54
8795236.0,84,63
8795252.0,86,52
8795294.0,85,53
8795350.0,87,64
8795505.0,84,53
8795519.0,88,51
8795581.0,82,54
8795610.0,92,53
8795626.0,94,57
8795633.0,87,51
8795646.0,86,57
8795660.0,90,59
8795681.0,85,53
8795700.0,89,51
8795701.0,86,66
8795757.0,87,55
8795862.0,91,51
8795919.0,87,54
8795946.0,85,51
8795981.0,87,63
8795989.0,84,56
8795993.0,96,60
8796014.0,91,56
8796063.0,83,56
8796071.0,87,52
8796083.0,90,55
8796132.0,89,51
8796226.0,86,56
8796232.0,88,53
8796245.0,88,63
8796276.0,87,55
8796287.0,85,64
8796394.0,84,53
8796407.0,92,53
8796595.0,85,63
8796659.0,84,63
8796692.0,83,55
8796693.0,86,61
8796697.0,95,59
8796717.0,87,58
8796727.0,89,63
8796789.0,85,55
8796807.0,85,59
8796809.0,90,53
8796869.0,93,55
8796907.0,89,51
8797043.0,85,60
8797065.0,88,52
8797200.0,98,68
8797207.0,94,57
8797235.0,89,52
8797297.0,89,51
8797389.0,96,60
8797439.0,88,57
8797449.0,84,54
8797471.0,91,61
8797472.0,87,57
8797496.0,96,61
8797570.0,84,63
8797571.0,85,54
8797646.0,87,65
8797752.0,91,71
8797772.0,86,54
8797785.0,91,55
8797860.0,90,55
8797863.0,88,58
8797954.0,85,52
8797962.0,83,57
8797988.0,97,63
8798066.0,95,58
8798078.0,85,51
8798171.0,87,51
8798223.0,86,55
8798284.0,86,61
8798287.0,85,60
8798360.0,89,52
8798386.0,91,54
8798422.0,90,52
8798459.0,92,53
8798465.0,99,69
8798468.0,91,51
8798512.0,87,58
8798521.0,86,50
8798521.0,83,54
8798544.0,90,65
8798661.0,88,50
8798670.0,88,65
8798686.0,96,60
8798712.0,84,61
8798739.0,83,60
8798765.0,97,65
8798809.0,86,61
8798821.0,86,55
8798943.0,84,62
8798979.0,90,64
8799046.0,85,54
8799077.0,86,56
8799089.0,89,59
8799114.0,91,56
8799132.0,83,53
8799158.0,90,59
8799161.0,94,68
8799177.0,95,68
8799185.0,90,65
8799231.0,89,55
8799240.0,83,59
8799264.0,86,51
8799274.0,86,62
8799387.0,88,53
8799406.0,92,56
8799417.0,90,54
8799440.0,93,55
8799475.0,87,53
8799496.0,84,58
8799515.0,90,63
8799566.0,89,54
8799594.0,91,63
8799629.0,88,56
8799635.0,91,65
8799642.0,86,55
8799650.0,86,50
8799651.0,88,65
8799653.0,85,51
8799689.0,94,57
8799698.0,90,58
8799744.0,86,63
8799826.0,90,51
8799859.0,89,51
8799864.0,86,54
8799876.0,91,53
8799887.0,91,55
8799889.0,91,56
8799949.0,85,62
8799995.0,86,55
8800002.0,93,54
8800005.0,86,59
8800011.0,81,70
8800027.0,87,64
8800070.0,84,57
8800099.0,86,60
8800101.0,90,65
8800172.0,85,59
8800187.0,95,68
8800263.0,92,52
8800266.0,88,50
8800345.0,84,60
8800366.0,92,65
8800486.0,85,51
8800513.0,98,65
8800525.0,85,62
8800554.0,84,59
8800565.0,90,52
8800570.0,95,58
8800665.0,87,56
8800667.0,86,50
8800690.0,98,66
8800794.0,97,64
8800810.0,85,53
8800840.0,89,64
8800936.0,84,52
8800944.0,89,63
8800974.0,89,53
8800975.0,98,67
8801012.0,89,51
8801036.0,93,54
8801079.0,87,50
8801116.0,86,56
8801122.0,94,67
8801140.0,90,51
8801147.0,83,60
8801199.0,87,57
8801213.0,97,63
8801219.0,92,69
8801249.0,91,54
8801250.0,85,59
8801252.0,93,67
8801256.0,88,58
8801257.0,87,63
8801316.0,89,63
8801367.0,85,62
8801397.0,92,67
8801429.0,95,58
8801455.0,90,53
8801498.0,83,53
8801515.0,85,63
8801623.0,85,53
8801635.0,95,68
8801669.0,83,54
8801675.0,84,53
8801690.0,94,67
8801733.0,88,50
8801774.0,85,61
8801781.0,91,54
8801790.0,87,50
8801809.0,86,53
8801815.0,85,51
8801877.0,88,55
8801914.0,84,61
8801920.0,86,51
8801976.0,88,51
8801984.0,89,51
8802003.0,91,64
8802033.0,90,51
8802060.0,86,60
8802122.0,83,55
8802137.0,83,53
8802191.0,88,55
8802215.0,93,67
8802237.0,91,55
8802257.0,87,61
8802269.0,84,59
8802269.0,83,54
8802314.0,90,53
8802322.0,100,72
8802358.0,85,51
8802456.0,89,55
8802462.0,87,57
8802518.0,85,58
8802562.0,86,55
8802590.0,84,52
8802601.0,86,57
8802604.0,91,53
8802637.0,93,53
8802637.0,98,65
8802697.0,91,52
8802698.0,87,59
8802709.0,87,50
8802763.0,84,60
8802769.0,87,56
8802809.0,83,53
8802852.0,88,55
8802859.0,99,68
8802869.0,92,51
8802889.0,91,54
8802908.0,95,66
8802911.0,86,60
8802963.0,86,52
8803020.0,91,52
8803031.0,86,59
8803052.0,83,55
8803072.0,88,64
8803104.0,84,56
8803106.0,83,54
8803118.0,85,59
8803126.0,88,63
8803321.0,85,51
8803331.0,90,59
8803339.0,96,59
8803352.0,89,50
8803366.0,83,53
8803395.0,91,55
8803409.0,86,62
8803506.0,93,53
8803511.0,87,60
8803516.0,92,51
8803548.0,91,54
8803554.0,85,51
8803564.0,83,55
8803566.0,84,56
8803609.0,95,58
8803641.0,86,60
8803647.0,92,53
8803664.0,91,52
8803680.0,90,52
8803712.0,83,54
8803722.0,91,50
8803724.0,86,62
8803759.0,92,54
8803761.0,86,63
8803772.0,87,52
8803816.0,84,54
8803827.0,91,53
8803871.0,85,52
8803920.0,87,50
8804065.0,88,52
8804132.0,90,51
8804210.0,97,62
8804250.0,94,57
8804283.0,92,51
8804303.0,90,52
8804329.0,85,59
8804348.0,96,59
8804350.0,86,63
8804363.0,94,56
8804389.0,83,53
8804407.0,98,69
8804434.0,92,57
8804444.0,85,58
8804490.0,89,52
8804515.0,93,53
8804534.0,87,63
8804580.0,89,51
8804675.0,95,57
8804727.0,90,51
8804752.0,85,52
8804757.0,92,67
8804798.0,90,52
8804819.0,87,66
8804849.0,91,55
8804856.0,91,59
8804931.0,89,65
8804959.0,87,56
8805026.0,99,68
8805033.0,96,59
8805044.0,85,60
8805047.0,87,61
8805060.0,89,50
8805105.0,84,55
8805206.0,86,51
8805228.0,87,57
8805276.0,91,60
8805290.0,86,50
8805296.0,97,66
8805299.0,85,60
8805323.0,98,66
8805344.0,93,65
8805384.0,91,51
8805392.0,83,53
8805405.0,92,55
8805423.0,86,51
8805444.0,80,82
8805471.0,87,51
8805497.0,86,59
8805501.0,85,52
8805517.0,86,52
8805519.0,97,61
8805568.0,84,60
8805608.0,91,52
8805614.0,88,50
8805631.0,88,51
8805669.0,97,62
8805738.0,89,51
8805749.0,84,56
8805760.0,86,54
8805786.0,86,62
8805802.0,87,62
8805815.0,84,54
8805874.0,91,54
8805884.0,83,53
8805896.0,99,70
8805899.0,85,59
8805927.0,93,68
8805928.0,98,70
8805950.0,87,56
8805956.0,94,56
8806043.0,87,51
8806112.0,95,57
8806218.0,86,51
8806294.0,88,57
8806319.0,84,53
8806334.0,97,70
8806346.0,92,56
8806363.0,89,62
8806397.0,84,56
8806427.0,90,51
8806452.0,92,68
8806543.0,89,64
8806543.0,89,63
8806562.0,85,57
8806641.0,85,60
8806658.0,88,57
8806668.0,86,61
8806674.0,85,54
8806760.0,95,57
8806765.0,88,64
8806770.0,87,54
8806789.0,97,62
8806819.0,83,53
8806842.0,88,54
8806845.0,87,51
8806847.0,92,67
8806873.0,92,50
8806929.0,88,50
8806959.0,91,54
8807019.0,94,55
8807030.0,90,55
8807064.0,89,56
8807126.0,88,61
8807131.0,90,51
8807179.0,86,50
8807194.0,92,65
8807202.0,86,53
8807232.0,90,60
8807260.0,94,65
8807307.0,91,65
8807309.0,91,52
8807326.0,92,55
8807410.0,86,58
8807412.0,83,59
8807419.0,85,57
8807457.0,84,60
8807520.0,99,68
8807535.0,86,54
8807588.0,87,53
8807604.0,88,50
8807608.0,97,61
8807696.0,84,52
8807778.0,86,59
8807881.0,93,68
8807882.0,90,53
8807955.0,95,57
8807980.0,91,51
8808018.0,85,62
8808054.0,86,63
8808103.0,87,53
8808142.0,86,64
8808208.0,90,53
8808216.0,85,57
8808230.0,86,53
8808234.0,88,57
8808314.0,84,53
8808355.0,84,58
8808391.0,91,53
8808432.0,86,61
8808439.0,87,63
8808441.0,97,60
8808446.0,86,57
8808464.0,92,50
8808493.0,85,57
8808501.0,85,53
8808504.0,80,69
8808527.0,90,61
8808538.0,90,50
8808540.0,84,59
8808612.0,97,61
8808631.0,87,53
8808678.0,98,66
8808682.0,88,50
8808706.0,92,54
8808811.0,86,63
8808865.0,86,52
8808896.0,92,53
8808904.0,92,52
8808907.0,94,54
8809013.0,93,51
8809014.0,92,64
8809031.0,91,51
8809054.0,87,50
8809116.0,88,56
8809120.0,87,60
8809129.0,98,66
8809131.0,86,59
8809216.0,87,53
8809225.0,87,59
8809234.0,92,50
8809298.0,84,58
8809391.0,88,52
8809404.0,90,53
8809414.0,96,59
8809538.0,89,52
8809548.0,92,67
8809562.0,91,77
8809568.0,91,53
8809569.0,90,64
8809654.0,87,62
8809672.0,92,66
8809698.0,87,60
8809705.0,94,55
8809736.0,87,58
8809777.0,83,60
8809797.0,88,63
8809814.0,86,52
8809841.0,99,66
8809861.0,87,53
8809877.0,85,58
8809889.0,88,62
8809945.0,84,59
8809966.0,92,73
8809973.0,91,66
8809980.0,93,67
8810024.0,94,54
8810058.0,91,52
8810118.0,96,58
8810144.0,94,53
8810195.0,93,51
8810196.0,90,50
8810203.0,86,60
8810211.0,92,66
8810238.0,84,52
8810264.0,87,56
8810279.0,92,56
8810309.0,76,68
8810324.0,83,60
8810338.0,86,58
8810367.0,98,66
8810373.0,84,54
8810484.0,81,77
8810521.0,87,55
8810521.0,92,54
8810568.0,89,62
8810575.0,87,52
8810584.0,90,55
8810596.0,84,58
8810622.0,85,61
8810678.0,95,56
8810718.0,85,59
8810736.0,87,53
8810770.0,94,53
8810776.0,92,83
8810799.0,96,68
8810821.0,91,52
8810844.0,86,52
8810851.0,89,64
8810877.0,93,51
8810883.0,91,50
8810895.0,75,68
8810901.0,92,50
8810919.0,86,62
8810939.0,87,61
8810987.0,89,57
8810997.0,85,51
8810998.0,88,57
8811084.0,87,52
8811102.0,100,73
8811133.0,85,58
8811173.0,99,67
8811188.0,92,53
8811211.0,94,64
8811219.0,90,50
8811276.0,96,58
8811294.0,90,52
8811367.0,87,53
8811369.0,91,72
8811371.0,75,68
8811377.0,92,72
8811391.0,92,55
8811411.0,98,69
8811411.0,93,68
8811462.0,77,68
8811466.0,97,60
8811482.0,86,62
8811501.0,86,59
8811564.0,85,52
8811565.0,94,53
8811602.0,93,56
8811617.0,90,57
8811723.0,92,51
8811877.0,87,52
8811890.0,98,65
8811894.0,85,52
8811903.0,77,68
8811915.0,91,52
8811919.0,85,58
8811956.0,87,51
8812024.0,92,51
8812060.0,85,55
8812061.0,93,63
8812073.0,85,60
8812161.0,87,54
8812175.0,88,51
8812196.0,92,52
8812200.0,86,51
8812229.0,89,51
8812252.0,96,62
8812270.0,97,62
8812299.0,87,52
8812305.0,87,50
8812337.0,98,67
8812348.0,93,50
8812463.0,97,60
8812466.0,89,50
8812471.0,85,51
8812496.0,88,56
8812514.0,87,59
8812517.0,88,55
8812592.0,87,53
8812681.0,94,52
8812698.0,94,58
8812711.0,88,51
8812719.0,86,51
8812835.0,89,57
8812852.0,78,77
8812892.0,92,51
8812921.0,85,59
8812957.0,94,53
8812960.0,88,49
8813040.0,91,51
8813095.0,86,57
8813149.0,88,59
8813224.0,74,84
8813232.0,93,50
8813270.0,86,51
8813279.0,89,63
8813361.0,91,64
8813399.0,86,58
8813452.0,87,62
8813500.0,88,50
8813512.0,89,55
8813524.0,89,64
8813585.0,89,63
8813704.0,85,60
8813714.0,99,71
8813782.0,94,52
8813808.0,87,50
8813811.0,91,51
8813823.0,77,78
8813834.0,90,65
8813848.0,92,52
8813859.0,84,59
8813891.0,88,56
8813904.0,99,67
8813921.0,85,54
8813926.0,89,55
8813930.0,93,50
8813956.0,88,63
8813989.0,90,49
8813995.0,84,58
8814027.0,95,55
8814052.0,87,53
8814081.0,85,52
8814090.0,91,55
8814094.0,97,67
8814166.0,87,61
8814310.0,86,51
8814330.0,87,54
8814359.0,90,51
8814391.0,89,54
8814392.0,90,65
8814422.0,92,52
8814425.0,92,50
8814530.0,93,55
8814579.0,93,50
8814580.0,85,54
8814581.0,84,74
8814587.0,86,58
8814623.0,89,60
8814627.0,87,59
8814632.0,94,52
8814686.0,86,59
8814703.0,90,63
8814761.0,89,49
8814780.0,92,54
8814813.0,92,51
8814948.0,90,49
8814978.0,91,50
8815053.0,89,57
8815065.0,86,57
8815093.0,86,61
8815098.0,92,51
8815131.0,86,52
8815164.0,88,60
8815230.0,99,70
8815256.0,90,50
8815287.0,87,53
8815324.0,87,58
8815412.0,88,58
8815445.0,93,52
8815453.0,97,59
8815495.0,84,58
8815500.0,86,53
8815519.0,97,61
8815520.0,94,51
8815544.0,89,59
8815563.0,95,55
8815572.0,92,58
8815577.0,88,53
8815598.0,85,54
8815606.0,85,51
8815647.0,96,57
8815679.0,89,49
8815688.0,87,59
8815696.0,92,50
8815740.0,86,58
8815772.0,85,53
8815785.0,92,51
8815847.0,87,52
8815883.0,87,62
8815902.0,86,62
8815936.0,85,52
8815948.0,94,54
8815959.0,98,64
8815969.0,95,56
8815971.0,88,54
8816112.0,88,55
8816113.0,91,50
8816183.0,85,59
8816188.0,90,52
8816269.0,89,62
8816295.0,90,53
8816297.0,86,62
8816345.0,91,62
8816361.0,93,50
8816393.0,87,57
8816420.0,86,56
8816450.0,89,63
8816457.0,89,49
8816481.0,94,51
8816497.0,94,67
8816532.0,93,57
8816567.0,87,62
8816585.0,85,57
8816603.0,88,63
8816620.0,87,54
8816653.0,95,54
8816709.0,85,56
8816711.0,93,55
8816725.0,87,63
8816768.0,90,49
8816848.0,91,52
8816857.0,92,52
8816935.0,89,63
8816943.0,92,53
8816983.0,89,56
8817014.0,93,51
8817022.0,95,55
8817036.0,96,57
8817076.0,87,51
8817117.0,93,55
8817129.0,88,51
8817173.0,91,49
8817210.0,88,52
8817270.0,86,60
8817279.0,94,51
8817317.0,88,59
8817336.0,93,54
8817384.0,93,66
8817423.0,93,53
8817435.0,87,63
8817535.0,90,64
8817570.0,86,59
8817581.0,85,57
8817590.0,92,64
8817624.0,91,53
8817633.0,92,50
8817742.0,93,66
8817810.0,93,55
8817856.0,94,57
8817913.0,89,63
8817968.0,88,53
8817975.0,95,53
8818011.0,87,63
8818013.0,99,68
8818031.0,93,64
8818116.0,91,49
8818119.0,87,60
8818137.0,89,49
8818138.0,93,55
8818139.0,92,64
8818167.0,94,50
8818171.0,85,58
8818174.0,88,55
8818279.0,95,74
8818291.0,91,63
8818297.0,88,50
8818324.0,92,68
8818344.0,92,52
8818380.0,93,64
8818410.0,87,61
8818479.0,95,54
8818610.0,88,61
8818694.0,88,80
8818713.0,90,56
8818716.0,87,51
8818732.0,88,52
8818741.0,84,58
8818747.0,93,52
8818751.0,88,49
8818781.0,97,58
8818856.0,92,71
8818902.0,85,57
8818917.0,90,57
8818927.0,90,50
8818957.0,90,51
8819062.0,91,49
8819093.0,87,58
8819140.0,97,59
8819155.0,95,53
8819156.0,91,51
8819162.0,88,54
8819200.0,94,50
8819216.0,91,72
8819247.0,89,55
8819326.0,92,52
8819329.0,92,51
8819336.0,85,59
8819341.0,93,51
8819348.0,91,51
8819370.0,89,59
8819377.0,88,59
8819392.0,88,51
8819397.0,89,56
8819411.0,98,63
8819462.0,86,57
8819471.0,88,62
8819483.0,91,72
8819554.0,91,59
8819618.0,85,59
8819650.0,84,58
8819711.0,90,49
8819715.0,75,68
8819722.0,89,60
8819757.0,98,68
8819771.0,94,50
8819863.0,96,56
8819921.0,75,68
8819950.0,90,51
8820013.0,98,62
8820032.0,95,52
8820040.0,86,57
8820083.0,93,53
8820116.0,92,62
8820190.0,87,58
8820196.0,87,56
8820234.0,91,50
8820304.0,88,53
8820342.0,94,50
8820372.0,85,58
8820377.0,88,59
8820380.0,86,54
8820400.0,88,50
8820476.0,92,51
8820481.0,89,56
8820491.0,86,57
8820508.0,88,57
8820554.0,97,59
8820608.0,89,52
8820627.0,87,57
8820656.0,95,54
8820668.0,92,59
8820674.0,95,52
8820679.0,92,58
8820716.0,85,52
8820787.0,93,59
8820887.0,94,56
8820938.0,92,50
8821019.0,88,58
8821038.0,86,51
8821085.0,86,58
8821108.0,98,63
8821116.0,94,53
8821162.0,93,52
8821172.0,91,65
8821230.0,93,50
8821235.0,95,53
8821261.0,86,60
8821287.0,97,58
8821323.0,93,51
8821351.0,88,53
8821371.0,87,50
8821489.0,95,52
8821523.0,89,49
8821547.0,93,54
8821559.0,91,66
8821571.0,89,61
8821581.0,93,61
8821674.0,99,68
8821723.0,87,58
8821735.0,98,62
8821777.0,86,57
8821828.0,88,59
8821836.0,97,57
8821850.0,83,79
8821893.0,88,49
8821900.0,99,69
8821963.0,87,59
8821975.0,89,56
8822029.0,92,50
8822045.0,89,62
8822058.0,90,53
8822062.0,85,58
8822066.0,87,50
8822075.0,93,67
8822102.0,98,63
8822105.0,93,52
8822120.0,86,55
8822173.0,95,52
8822178.0,90,56
8822196.0,91,53
8822203.0,100,69
8822244.0,88,61
8822268.0,92,72
8822284.0,97,58
8822284.0,93,55
8822304.0,97,60
8822305.0,88,49
8822324.0,98,61
8822351.0,87,61
8822479.0,95,51
8822491.0,93,50
8822528.0,93,51
8822542.0,88,52
8822604.0,89,55
8822617.0,93,54
8822641.0,89,53
8822651.0,90,61
8822692.0,89,48
8822714.0,87,50
8822718.0,94,55
8822737.0,90,49
8822782.0,86,54
8822843.0,86,52
8822945.0,89,54
8823064.0,86,51
8823072.0,87,60
8823073.0,88,51
8823078.0,87,61
8823122.0,85,60
8823157.0,93,64
8823171.0,91,54
8823188.0,91,57
8823247.0,95,51
8823257.0,98,65
8823271.0,85,57
8823282.0,88,58
8823289.0,88,62
8823336.0,87,57
8823350.0,96,56
8823352.0,90,62
8823399.0,88,60
8823513.0,89,55
8823523.0,86,53
8823532.0,97,58
8823560.0,98,62
8823640.0,92,52
8823749.0,98,60
8823835.0,89,57
8823849.0,95,51
8823879.0,100,72
8823882.0,91,61
8823893.0,98,61
8823966.0,92,49
8824040.0,93,53
8824061.0,87,57
8824088.0,88,51
8824173.0,99,65
8824176.0,94,64
8824223.0,94,51
8824251.0,96,55
8824305.0,93,52
8824351.0,94,54
8824393.0,87,50
8824410.0,87,56
8824463.0,100,71
8824490.0,89,51
8824534.0,93,50
8824535.0,100,72
8824539.0,90,63
8824549.0,88,49
8824582.0,94,51
8824615.0,86,51
8824623.0,89,53
8824691.0,92,63
8824731.0,89,52
8824733.0,95,50
8824738.0,92,49
8824751.0,92,57
8824754.0,93,50
8824782.0,90,54
8824787.0,89,49
8824853.0,96,54
8824891.0,86,58
8824927.0,85,57
8825016.0,97,57
8825052.0,93,62
8825097.0,94,55
8825119.0,92,51
8825122.0,88,50
8825138.0,89,54
8825210.0,88,58
8825339.0,98,66
8825345.0,93,53
8825370.0,94,52
8825379.0,87,58
8825398.0,89,50
8825422.0,93,51
8825423.0,84,84
8825426.0,98,62
8825496.0,98,61
8825531.0,100,70
8825545.0,94,54
8825582.0,83,85
8825587.0,93,52
8825595.0,97,58
8825631.0,92,54
8825653.0,98,60
8825676.0,88,49
8825707.0,87,57
8825717.0,94,53
8825719.0,90,56
8825729.0,89,58
8825731.0,95,50
8825813.0,90,48
8825825.0,96,55
8825888.0,84,84
8825900.0,96,54
8825914.0,91,49
8825916.0,96,53
8825923.0,95,63
8825927.0,86,56
8825934.0,93,51
8825997.0,97,57
8826091.0,87,51
8826108.0,86,59
8826238.0,99,65
8826291.0,89,51
8826312.0,87,55
8826402.0,88,58
8826432.0,86,57
8826437.0,94,65
8826444.0,90,57
8826465.0,88,50
8826479.0,91,51
8826488.0,95,50
8826489.0,94,55
8826500.0,85,56
8826511.0,94,51
8826518.0,90,55
8826549.0,89,55
8826563.0,96,55
8826596.0,86,56
8826613.0,93,65
8826651.0,99,67
8826711.0,97,67
8826713.0,85,57
8826719.0,97,57
8826814.0,87,60
8826818.0,94,52
8826845.0,92,67
8826847.0,89,54
8826885.0,96,54
8826897.0,88,61
8826910.0,92,50
8826912.0,91,62
8826938.0,86,52
8827048.0,99,67
8827100.0,97,67
8827117.0,90,52
8827150.0,96,52
8827153.0,87,61
8827232.0,88,61
8827239.0,96,53
8827259.0,87,50
8827270.0,90,48
8827297.0,93,50
8827316.0,89,59
8827335.0,98,59
8827440.0,89,61
8827479.0,86,56
8827480.0,90,52
8827492.0,97,57
8827596.0,87,61
8827601.0,89,61
8827621.0,88,58
8827657.0,93,67
8827699.0,88,59
8827708.0,86,58
8827734.0,89,50
8827789.0,94,50
8827801.0,98,60
8827832.0,87,59
8827835.0,88,56
8827862.0,93,51
8827885.0,89,82
8827896.0,98,61
8827914.0,86,52
8827962.0,90,51
8827981.0,88,57
8827984.0,89,49
8828024.0,93,49
8828140.0,99,75
8828178.0,93,50
8828179.0,90,49
8828211.0,88,61
8828250.0,89,61
8828272.0,91,48
8828275.0,94,51
8828291.0,99,69
8828316.0,98,58
8828340.0,86,58
8828351.0,97,57
8828352.0,89,53
8828364.0,95,64
8828390.0,96,52
8828406.0,97,56
8828407.0,89,48
8828478.0,88,57
8828491.0,89,82
8828496.0,87,58
8828519.0,87,61
8828533.0,99,68
8828543.0,89,49
8828575.0,85,84
8828624.0,90,49
8828641.0,87,53
8828675.0,92,48
8828691.0,87,54
8828704.0,93,48
8828711.0,89,48
8828734.0,86,57
8828736.0,94,55
8828828.0,90,54
8828856.0,91,48
8828908.0,97,57
8828966.0,87,56
8829054.0,93,49
8829103.0,89,52
8829104.0,88,51
8829221.0,91,48
8829323.0,87,52
8829328.0,84,78
8829457.0,85,84
8829483.0,96,51
8829529.0,97,56
8829565.0,87,56
8829583.0,90,55
8829590.0,96,53
8829608.0,98,60
8829609.0,95,52
8829619.0,89,62
8829636.0,94,50
8829725.0,100,71
8829809.0,89,51
8829843.0,84,78
8829869.0,87,61
8829893.0,94,54
8829917.0,94,52
8829955.0,98,59
8830014.0,88,57
8830073.0,87,51
8830093.0,96,51
8830116.0,90,81
8830137.0,87,50
8830140.0,89,52
8830207.0,97,56
8830244.0,91,63
8830315.0,94,51
8830328.0,88,59
8830343.0,87,56
8830367.0,93,49
8830383.0,92,53
8830437.0,87,51
8830477.0,90,55
8830493.0,89,50
8830533.0,89,51
8830592.0,97,57
8830602.0,89,49
8830678.0,90,62
8830680.0,86,58
8830690.0,89,60
8830756.0,90,56
8830781.0,97,56
8830793.0,87,57
8830802.0,89,56
8830805.0,88,57
8830817.0,91,64
8830839.0,87,53
8830916.0,96,51
8830930.0,96,50
8830943.0,86,57
8830949.0,87,51
8831006.0,88,55
8831011.0,89,57
8831130.0,88,49
8831141.0,82,71
8831145.0,89,56
8831165.0,94,53
8831174.0,91,54
8831182.0,94,52
8831208.0,88,58
8831225.0,93,52
8831242.0,95,54
8831255.0,39,66
8831308.0,92,64
8831312.0,90,48
8831333.0,98,59
8831361.0,88,56
8831376.0,97,56
8831474.0,90,52
8831488.0,96,52
8831524.0,89,50
8831542.0,98,65
8831568.0,96,50
8831571.0,89,82
8831574.0,90,53
8831586.0,87,52
8831603.0,92,49
8831625.0,91,56
8831666.0,87,59
8831686.0,88,56
8831711.0,89,56
8831860.0,89,58
8831914.0,87,51
8831930.0,89,82
8831938.0,39,66
8831948.0,94,51
8831961.0,90,50
8831963.0,99,69
8831968.0,93,52
8831984.0,95,53
8831993.0,93,51
8832020.0,96,50
8832040.0,92,61
8832069.0,87,52
8832133.0,89,56
8832139.0,92,51
8832197.0,88,50
8832220.0,90,51
8832249.0,93,51
8832270.0,86,56
8832291.0,93,48
8832316.0,90,54
8832384.0,97,55
8832400.0,94,52
8832507.0,87,54
8832510.0,88,60
8832515.0,91,51
8832537.0,88,49
8832559.0,87,51
8832598.0,92,51
8832598.0,90,49
8832603.0,87,55
8832604.0,90,50
8832622.0,91,47
8832738.0,92,74
8832759.0,95,52
8832806.0,88,54
8832818.0,94,51
8832834.0,87,51
8832872.0,97,56
8832918.0,92,51
8833044.0,87,55
8833123.0,90,48
8833149.0,97,55
8833197.0,87,54
8833278.0,89,60
8833289.0,96,65
8833300.0,97,53
8833310.0,87,57
8833320.0,95,54
8833327.0,90,54
8833343.0,87,52
8833448.0,95,51
8833530.0,95,53
8833536.0,88,56
8833581.0,90,50
8833603.0,95,65
8833640.0,88,55
8833641.0,94,53
8833695.0,97,66
8833697.0,89,57
8833701.0,97,54
8833709.0,91,52
8833745.0,89,49
8833796.0,92,50
8833814.0,87,55
8833820.0,97,55
8833826.0,92,62
8833864.0,95,50
8833878.0,95,65
8833916.0,90,50
8833933.0,95,52
8833963.0,87,52
8833971.0,88,56
8834017.0,91,55
8834020.0,89,58
8834032.0,94,51
8834064.0,89,56
8834157.0,87,55
8834168.0,87,77
8834190.0,92,48
8834196.0,86,56
8834220.0,90,49
8834275.0,97,52
8834308.0,89,49
8834444.0,97,66
8834448.0,87,54
8834465.0,81,70
8834518.0,94,49
8834527.0,95,55
8834579.0,86,55
8834581.0,92,75
8834584.0,90,49
8834586.0,97,55
8834601.0,90,48
8834671.0,87,51
8834682.0,97,53
8834696.0,94,50
8834711.0,92,48
8834716.0,97,54
8834748.0,90,50
8834778.0,87,58
8834785.0,87,77
8834787.0,96,56
8834809.0,95,57
8834896.0,88,56
8834923.0,87,54
8834946.0,95,54
8834960.0,93,55
8835027.0,95,51
8835101.0,95,57
8835132.0,86,57
8835158.0,87,51
8835162.0,90,53
8835167.0,95,50
8835183.0,90,50
8835220.0,90,49
8835224.0,93,61
8835243.0,92,70
8835301.0,93,51
8835319.0,92,54
8835330.0,96,54
8835355.0,95,54
8835396.0,88,54
8835419.0,90,60
8835422.0,98,59
8835435.0,87,77
8835440.0,87,59
8835440.0,98,57
8835448.0,88,50
8835457.0,95,50
8835467.0,87,50
8835472.0,93,51
8835489.0,94,49
8835499.0,87,55
8835534.0,88,57
8835609.0,85,77
8835636.0,94,64
8835642.0,97,52
8835651.0,92,51
8835728.0,78,69
8835731.0,87,56
8835759.0,93,50
8835760.0,97,51
8835760.0,88,49
8835764.0,90,52
8835814.0,87,50
8835838.0,100,70
8835871.0,88,59
8835882.0,97,54
8835883.0,90,49
8835920.0,87,59
8835939.0,91,62
8835944.0,97,53
8835973.0,96,49
8836027.0,93,49
8836034.0,87,55
8836038.0,100,71
8836045.0,95,50
8836059.0,84,52
8836080.0,92,71
8836090.0,99,66
8836151.0,91,55
8836225.0,99,70
8836243.0,86,56
8836252.0,88,60
8836278.0,88,49
8836333.0,89,55
8836346.0,100,85
8836346.0,92,48
8836372.0,93,56
8836377.0,88,59
8836382.0,95,50
8836410.0,88,53
8836422.0,98,58
8836505.0,90,50
8836517.0,93,49
8836523.0,88,51
8836531.0,84,52
8836549.0,92,84
8836576.0,88,56
8836582.0,91,54
8836641.0,98,57
8836683.0,87,49
8836711.0,85,53
8836757.0,89,61
8836766.0,90,62
8836769.0,97,51
8836772.0,97,52
8836863.0,94,48
8836891.0,88,50
8836892.0,99,66
8836911.0,95,54
8836923.0,89,48
8836947.0,89,57
8836992.0,88,49
8837008.0,87,49
8837024.0,97,50
8837049.0,88,53
8837084.0,85,53
8837121.0,93,49
8837173.0,93,53
8837182.0,86,56
8837203.0,91,48
8837213.0,89,49
8837234.0,84,52
8837255.0,93,63
8837281.0,91,53
8837302.0,90,49
8837324.0,89,56
8837348.0,89,60
8837356.0,87,57
8837388.0,100,85
8837409.0,91,48
8837426.0,88,52
8837470.0,95,50
8837481.0,90,50
8837501.0,93,49
8837514.0,100,67
8837558.0,89,59
8837572.0,84,52
8837580.0,98,57
8837596.0,93,62
8837622.0,91,55
8837627.0,90,51
8837630.0,94,48
8837640.0,88,49
8837641.0,99,66
8837651.0,99,84
8837683.0,90,49
8837831.0,88,58
8837903.0,95,66
8837917.0,93,66
8837919.0,91,49
8837992.0,87,58
8838013.0,97,51
8838035.0,89,58
8838036.0,88,58
8838059.0,93,52
8838074.0,88,52
8838081.0,90,48
8838087.0,93,49
8838090.0,91,48
8838119.0,88,59
8838128.0,88,54
8838179.0,90,49
8838200.0,88,53
8838218.0,93,48
8838244.0,90,58
8838254.0,91,49
8838273.0,93,49
8838280.0,99,66
8838288.0,87,58
8838313.0,91,48
8838321.0,87,56
8838387.0,88,55
8838427.0,95,66
8838483.0,97,50
8838502.0,88,52
8838647.0,94,48
8838708.0,88,49
8838740.0,87,56
8838819.0,98,56
8838880.0,96,52
8838882.0,94,63
8838922.0,88,58
8838928.0,84,80
8838942.0,91,49
8838980.0,92,65
8838994.0,98,57
8838997.0,90,49
8839015.0,91,61
8839017.0,99,65
8839019.0,95,51
8839021.0,87,58
8839024.0,94,50
8839102.0,91,48
8839118.0,88,55
8839130.0,97,55
8839175.0,95,52
8839200.0,89,56
8839201.0,99,60
8839206.0,89,55
8839243.0,87,56
8839268.0,88,52
8839292.0,95,53
8839297.0,88,58
8839312.0,91,50
8839347.0,93,76
8839407.0,91,48
8839412.0,98,56
8839419.0,91,52
8839428.0,91,51
8839454.0,100,85
8839460.0,90,56
8839489.0,95,50
8839525.0,100,68
8839528.0,97,50
8839568.0,88,56
8839677.0,99,64
8839761.0,96,51
8839785.0,92,47
8839802.0,93,48
8839959.0,87,58
8840015.0,96,53
8840018.0,88,55
8840025.0,91,54
8840069.0,89,56
8840069.0,86,55
8840081.0,95,51
8840095.0,89,49
8840147.0,100,66
8840170.0,99,63
8840182.0,92,55
8840192.0,96,55
8840203.0,100,67
8840243.0,91,48
8840297.0,95,49
8840304.0,99,61
8840354.0,96,50
8840369.0,90,60
8840405.0,93,50
8840406.0,96,54
8840418.0,94,67
8840464.0,95,62
8840490.0,98,56
8840536.0,100,70
8840575.0,95,50
8840611.0,92,47
8840613.0,98,54
8840666.0,88,51
8840728.0,89,54
8840735.0,97,49
8840761.0,99,59
8840772.0,86,55
8840785.0,98,58
8840804.0,87,55
8840843.0,89,61
8840868.0,91,48
8840871.0,89,55
8840929.0,91,54
8841010.0,98,55
8841032.0,99,62
8841045.0,91,53
8841060.0,91,49
8841072.0,94,55
8841171.0,87,58
8841185.0,99,60
8841191.0,93,48
8841196.0,91,56
8841220.0,98,56
8841257.0,99,61
8841269.0,95,53
8841276.0,96,51
8841326.0,99,67
8841328.0,96,52
8841333.0,89,60
8841357.0,91,48
8841372.0,96,53
8841425.0,95,52
8841590.0,95,49
8841591.0,86,55
8841598.0,95,48
8841627.0,87,56
8841643.0,92,55
8841674.0,88,58
8841677.0,98,53
8841705.0,89,61
8841756.0,95,61
8841775.0,88,56
8841916.0,98,55
8841961.0,100,66
8841974.0,87,55
8842022.0,96,54
8842071.0,96,55
8842097.0,98,54
8842132.0,92,61
8842146.0,86,55
8842174.0,89,61
8842244.0,99,59
8842249.0,99,66
8842260.0,91,48
8842277.0,94,51
8842292.0,100,48
8842304.0,98,56
8842344.0,95,48
8842376.0,99,57
8842409.0,90,61
8842437.0,93,47
8842447.0,91,53
8842520.0,98,52
8842530.0,96,50
8842552.0,97,52
8842557.0,94,49
8842568.0,98,53
8842645.0,90,48
8842674.0,94,62
8842713.0,98,51
8842759.0,91,52
8842783.0,89,50
8842793.0,92,62
8842807.0,91,48
8842811.0,89,61
8842815.0,86,56
8842821.0,96,61
8842840.0,97,52
8842887.0,98,55
8842919.0,89,55
8842947.0,91,49
8842970.0,95,48
8842996.0,91,57
8843006.0,98,54
8843042.0,93,47
8843043.0,89,52
8843066.0,96,50
8843074.0,98,50
8843110.0,91,48
8843144.0,92,53
8843153.0,91,51
8843245.0,96,51
8843253.0,89,51
8843256.0,94,49
8843287.0,91,61
8843314.0,89,59
8843332.0,89,54
8843382.0,88,80
8843405.0,86,56
8843426.0,98,52
8843443.0,95,56
8843457.0,89,61
8843459.0,88,50
8843503.0,89,55
8843505.0,90,56
8843507.0,98,51
8843547.0,91,50
8843584.0,92,54
8843605.0,89,58
8843612.0,86,87
8843649.0,97,49
8843694.0,88,54
8843716.0,90,49
8843716.0,99,58
8843740.0,94,48
8843765.0,96,50
8843803.0,98,53
8843917.0,91,49
8843925.0,90,49
8843932.0,93,61
8843977.0,98,50
8843993.0,87,55
8844033.0,95,52
8844037.0,89,49
8844050.0,89,55
8844068.0,99,60
8844099.0,99,62
8844105.0,98,55
8844137.0,92,55
8844141.0,92,47
8844146.0,91,48
8844231.0,89,61
8844233.0,90,80
8844248.0,93,61
8844287.0,91,60
8844294.0,88,49
8844322.0,96,52
8844363.0,91,49
8844381.0,96,50
8844414.0,89,50
8844479.0,90,50
8844534.0,88,57
8844557.0,100,72
8844561.0,90,59
8844587.0,87,55
8844605.0,91,48
8844616.0,98,50
8844621.0,89,49
8844633.0,91,49
8844665.0,92,48
8844679.0,88,55
8844745.0,92,50
8844757.0,98,51
8844771.0,96,52
8844872.0,90,48
8844875.0,99,68
8844878.0,89,50
8844881.0,93,52
8844892.0,96,50
8844982.0,88,54
8844983.0,94,48
8845000.0,98,54
8845004.0,99,58
8845044.0,99,61
8845106.0,93,47
8845154.0,89,55
8845195.0,93,58
8845200.0,101,72
8845220.0,97,52
8845239.0,96,50
8845251.0,91,62
8845272.0,100,72
8845350.0,92,49
8845413.0,86,56
8845461.0,94,49
8845469.0,92,52
8845528.0,89,49
8845565.0,98,50
8845586.0,89,59
8845587.0,89,53
8845661.0,92,47
8845666.0,96,53
8845698.0,97,50
8845792.0,96,51
8845818.0,91,48
8845826.0,92,53
8845830.0,95,48
8845831.0,91,76
8845900.0,100,68
8845905.0,94,52
8845943.0,89,81
8845993.0,89,50
8846040.0,92,50
8846078.0,92,63
8846147.0,99,59
8846277.0,97,49
8846278.0,96,49
8846281.0,94,50
8846320.0,89,53
8846322.0,92,51
8846352.0,92,50
8846393.0,97,51
8846422.0,88,54
8846457.0,89,50
8846511.0,92,48
8846548.0,99,58
8846558.0,87,55
8846567.0,90,51
8846670.0,96,53
8846689.0,90,55
8846696.0,98,77
8846711.0,91,48
8846741.0,96,52
8846759.0,99,57
8846759.0,99,77
8846771.0,88,56
8846779.0,88,55
8846780.0,94,49
8846837.0,92,54
8846848.0,87,55
8846888.0,96,51
8847018.0,92,56
8847047.0,92,53
8847093.0,89,53
8847101.0,89,57
8847178.0,96,50
8847186.0,96,54
8847208.0,92,49
8847231.0,96,49
8847270.0,98,49
8847281.0,90,49
8847308.0,90,54
8847364.0,96,48
8847446.0,97,50
8847481.0,87,55
8847499.0,95,55
8847530.0,95,49
8847599.0,94,48
8847633.0,92,50
8847669.0,94,47
8847746.0,96,53
8847773.0,93,62
8847775.0,100,69
8847781.0,93,64
8847854.0,87,55
8847937.0,89,56
8848029.0,90,50
8848087.0,92,50
8848154.0,96,48
8848157.0,89,54
8848161.0,90,56
8848178.0,97,52
8848244.0,91,48
8848266.0,99,56
8848269.0,97,51
8848292.0,92,47
8848381.0,88,59
8848434.0,92,53
8848452.0,76,87
8848461.0,93,55
8848583.0,99,57
8848596.0,93,51
8848620.0,90,48
8848650.0,89,54
8848655.0,97,53
8848706.0,94,47
8848746.0,97,55
8848769.0,90,50
8848802.0,92,49
8848812.0,99,51
8848828.0,99,58
8848869.0,99,53
8848871.0,98,55
8848887.0,92,58
8848937.0,90,58
8848979.0,90,60
8849002.0,93,51
8849019.0,77,89
8849024.0,99,63
8849041.0,88,56
8849041.0,92,47
8849183.0,97,54
8849299.0,99,54
8849335.0,92,60
8849365.0,88,55
8849376.0,87,57
8849409.0,89,54
8849409.0,97,50
8849435.0,91,49
8849445.0,92,51
8849483.0,90,51
8849496.0,94,63
8849572.0,90,49
8849625.0,99,51
8849629.0,95,48
8849655.0,97,51
8849673.0,88,55
8849683.0,99,53
8849684.0,99,50
8849689.0,91,55
8849700.0,97,53
8849720.0,95,64
8849738.0,92,49
8849751.0,92,63
8849754.0,89,58
8849757.0,88,58
8849761.0,97,49
8849811.0,99,56
8849813.0,90,54
8849816.0,89,61
8849826.0,88,54
8849873.0,99,57
8849880.0,99,52
8849900.0,93,61
8849929.0,99,55
8849930.0,90,49
8849951.0,90,55
8849999.0,97,52
8850040.0,90,61
8850118.0,88,58
8850151.0,97,50
8850203.0,99,51
8850205.0,93,64
8850207.0,92,52
8850239.0,97,54
8850275.0,89,55
8850308.0,89,61
8850333.0,99,54
8850395.0,92,54
8850531.0,92,48
8850554.0,99,50
8850563.0,95,48
8850580.0,97,48
8850583.0,99,53
8850652.0,89,55
8850694.0,99,56
8850734.0,97,49
8850745.0,100,64
8850752.0,97,50
8850790.0,90,55
8850949.0,90,53
8850989.0,90,50
8850990.0,99,55
8851021.0,90,49
8851113.0,100,65
8851132.0,95,49
8851150.0,95,51
8851162.0,97,52
8851218.0,93,50
8851221.0,97,55
8851225.0,97,49
8851229.0,100,67
8851246.0,90,51
8851268.0,99,54
8851293.0,93,53
8851295.0,92,48
8851315.0,93,49
8851405.0,90,49
8851504.0,92,68
8851542.0,100,56
8851548.0,91,48
8851594.0,93,48
8851609.0,99,53
8851625.0,91,54
8851646.0,89,61
8851651.0,89,58
8851736.0,98,57
8851830.0,99,50
8851844.0,92,50
8851851.0,87,59
8851855.0,93,51
8851860.0,94,61
8851866.0,90,52
8851868.0,90,59
8851923.0,88,55
8851946.0,95,52
8851973.0,91,61
8851974.0,93,47
8851982.0,92,68
8852063.0,99,55
8852101.0,88,54
8852108.0,99,54
8852123.0,96,63
8852155.0,97,50
8852173.0,87,55
8852189.0,97,51
8852189.0,88,55
8852253.0,86,55
8852266.0,89,58
8852408.0,89,55
8852417.0,86,55
8852445.0,90,59
8852471.0,80,86
8852538.0,91,48
8852561.0,68,55
8852576.0,95,66
8852582.0,97,49
8852599.0,87,55
8852761.0,99,57
8852794.0,97,48
8852836.0,95,50
8852854.0,99,56
8852857.0,94,66
8852884.0,97,52
8852901.0,95,47
8852906.0,95,49
8852917.0,95,66
8852946.0,89,58
8852952.0,89,53
8853011.0,97,53
8853035.0,97,49
8853043.0,93,50
8853072.0,98,50
8853119.0,100,58
8853123.0,90,54
8853160.0,97,54
8853170.0,93,49
8853177.0,97,50
8853234.0,89,58
8853262.0,100,50
8853283.0,88,54
8853311.0,68,55
8853375.0,97,49
8853424.0,89,57
8853453.0,88,76
8853458.0,94,53
8853504.0,97,51
8853516.0,88,84
8853523.0,99,58
8853551.0,88,83
8853552.0,99,52
8853564.0,90,53
8853573.0,98,52
8853574.0,89,53
8853666.0,93,67
8853669.0,93,54
8853675.0,87,82
8853706.0,93,49
8853724.0,97,48
8853736.0,98,51
8853778.0,90,60
8853840.0,93,52
8853876.0,97,53
8853919.0,89,60
8853977.0,93,51
8853978.0,90,53
8853985.0,84,78
8854050.0,90,54
8854104.0,95,52
8854118.0,92,55
8854123.0,91,60
8854159.0,91,59
8854168.0,99,59
8854170.0,97,52
8854188.0,93,51
8854193.0,89,53
8854231.0,92,61
8854258.0,90,59
8854394.0,95,49
8854403.0,87,74
8854413.0,84,78
8854431.0,90,60
8854452.0,88,53
8854453.0,95,66
8854534.0,89,60
8854554.0,93,67
8854556.0,91,55
8854569.0,93,53
8854575.0,87,80
8854700.0,95,76
8854732.0,100,53
8854804.0,97,53
8854806.0,88,83
8854837.0,79,86
8854867.0,98,52
8854885.0,97,54
8854954.0,80,86
8855158.0,89,53
8855264.0,100,52
8855339.0,100,60
8855355.0,89,85
8855389.0,90,49
8855419.0,95,53
8855479.0,91,49
8855512.0,89,54
8855569.0,86,82
8855640.0,100,51
8855647.0,98,50
8855664.0,85,78
8855666.0,93,53
8855679.0,93,48
8855813.0,88,82
8855838.0,96,56
8855916.0,90,49
8855919.0,100,59
8855956.0,91,54
8856044.0,100,50
8856052.0,93,52
8856053.0,98,53
8856194.0,92,62
8856197.0,98,51
8856248.0,104,56
8856281.0,100,51
8856330.0,98,50
8856339.0,98,55
8856445.0,97,49
8856458.0,89,55
8856503.0,79,92
8856519.0,89,56
8856528.0,90,49
8856534.0,100,53
8856548.0,93,50
8856607.0,89,53
8856620.0,96,50
8856686.0,96,48
8856699.0,87,84
8856842.0,96,49
8856944.0,100,50
8856985.0,100,59
8857105.0,104,56
8857201.0,100,52
8857204.0,91,50
8857214.0,90,49
8857242.0,88,54
8857271.0,98,54
8857286.0,93,54
8857299.0,90,55
8857314.0,100,51
8857328.0,93,51
8857362.0,89,54
8857382.0,91,53
8857467.0,91,51
8857484.0,100,53
8857517.0,85,85
8857535.0,91,54
8857583.0,100,58
8857626.0,91,50
8857685.0,98,52
8857725.0,93,50
8857772.0,98,53
8857809.0,88,55
8857835.0,91,49
8857863.0,85,86
8857890.0,90,53
8857919.0,91,51
8857934.0,91,58
8857966.0,87,85
8858001.0,72,73
8858005.0,94,48
8858007.0,93,52
8858008.0,98,50
8858009.0,89,56
8858022.0,95,48
8858036.0,98,56
8858104.0,90,59
8858108.0,100,60
8858140.0,98,52
8858141.0,98,48
8858146.0,100,54
8858155.0,100,52
8858155.0,90,57
8858329.0,98,50
8858333.0,91,49
8858354.0,96,51
8858453.0,90,59
8858498.0,95,46
8858500.0,94,50
8858518.0,91,52
8858546.0,100,57
8858573.0,100,50
8858589.0,100,61
8858593.0,88,53
8858644.0,91,51
8858674.0,92,52
8858717.0,98,51
8858796.0,96,47
8858860.0,89,54
8858894.0,91,54
8858970.0,92,50
8858975.0,98,54
8859037.0,99,50
8859062.0,98,49
8859085.0,91,49
8859090.0,100,59
8859093.0,90,53
8859103.0,92,48
8859124.0,99,54
8859153.0,91,51
8859170.0,100,55
8859178.0,89,53
8859179.0,100,53
8859186.0,98,48
8859209.0,93,47
8859221.0,94,49
8859253.0,92,51
8859270.0,94,51
8859300.0,98,50
8859320.0,100,54
8859407.0,100,58
8859440.0,91,55
8859538.0,100,57
8859548.0,94,47
8859609.0,94,66
8859660.0,90,58
8859695.0,96,52
8859697.0,94,53
8859703.0,94,54
8859757.0,91,53
8859776.0,96,47
8859823.0,89,57
8859824.0,91,51
8859828.0,91,49
8859845.0,99,51
8859902.0,94,52
8859907.0,100,56
8859927.0,91,48
8860010.0,99,52
8860025.0,89,55
8860034.0,91,60
8860083.0,91,50
8860138.0,89,57
8860139.0,98,48
8860144.0,91,48
8860173.0,91,52
8860187.0,90,58
8860239.0,95,60
8860244.0,91,54
8860277.0,91,60
8860413.0,99,50
8860416.0,90,56
8860445.0,93,65
8860449.0,96,50
8860481.0,98,53
8860517.0,100,57
8860581.0,92,48
8860603.0,91,50
8860716.0,89,54
8860718.0,98,51
8860776.0,100,56
8860794.0,99,50
8860804.0,95,69
8860841.0,96,48
8860852.0,98,50
8860891.0,86,78
8860938.0,98,52
8860980.0,100,55
8861200.0,93,50
8861219.0,89,53
8861235.0,100,54
8861242.0,90,53
8861255.0,93,47
8861270.0,94,54
8861291.0,91,52
8861386.0,91,54
8861387.0,100,61
8861396.0,95,47
8861460.0,98,54
8861492.0,99,48
8861555.0,99,51
8861607.0,90,54
8861691.0,100,58
8861696.0,99,55
8861711.0,94,48
8861728.0,99,50
8861833.0,92,55
8861893.0,101,50
8861915.0,90,57
8861929.0,99,52
8861987.0,100,55
8861991.0,91,49
8862060.0,91,52
8862087.0,100,56
8862116.0,93,60
8862173.0,96,46
8862181.0,101,52
8862185.0,92,60
8862199.0,98,53
8862213.0,92,52
8862221.0,97,55
8862236.0,96,61
8862256.0,92,62
8862286.0,99,52
8862455.0,94,60
8862471.0,97,48
8862498.0,93,60
8862501.0,99,50
8862501.0,95,46
8862521.0,99,61
8862532.0,92,49
8862555.0,91,60
8862574.0,91,52
8862633.0,89,53
8862641.0,90,80
8862641.0,92,54
8862649.0,98,54
8862682.0,95,62
8862717.0,80,82
8862749.0,97,49
8862752.0,94,47
8862850.0,91,53
8862881.0,101,52
8862886.0,101,50
8862925.0,95,47
8862986.0,99,50
8863016.0,92,56
8863022.0,91,57
8863052.0,93,47
8863055.0,92,58
8863175.0,97,54
8863197.0,100,59
8863300.0,91,52
8863328.0,94,53
8863350.0,92,50
8863385.0,99,52
8863387.0,79,81
8863403.0,96,46
8863439.0,94,47
8863484.0,90,52
8863528.0,100,57
8863537.0,95,54
8863548.0,94,49
8863549.0,101,53
8863561.0,101,49
8863565.0,91,60
8863610.0,101,52
8863623.0,91,53
8863698.0,92,48
8863707.0,92,50
8863724.0,101,50
8863748.0,95,48
8863756.0,96,49
8863758.0,94,52
8863764.0,91,52
8863788.0,93,56
8863837.0,97,50
8863842.0,85,82
8863887.0,99,53
8863903.0,101,51
8863912.0,89,53
8863955.0,90,59
8863992.0,97,47
8864071.0,90,53
8864080.0,95,47
8864081.0,91,60
8864143.0,91,53
8864156.0,100,56
8864197.0,100,54
8864210.0,90,52
8864297.0,99,53
8864350.0,97,51
8864354.0,91,50
8864364.0,92,51
8864474.0,91,59
8864528.0,99,49
8864564.0,90,60
8864603.0,101,49
8864606.0,92,53
8864615.0,90,58
8864620.0,92,52
8864693.0,92,50
8864706.0,91,50
8864722.0,101,53
8864724.0,94,47
8864783.0,92,54
8864817.0,89,51
8864834.0,91,53
8864873.0,99,48
8864907.0,91,60
8864924.0,93,47
8864950.0,94,50
8864959.0,99,50
8865012.0,90,52
8865023.0,92,52
8865049.0,99,54
8865120.0,100,50
8865126.0,92,49
8865139.0,90,60
8865153.0,97,47
8865175.0,100,72
8865196.0,90,57
8865259.0,91,60
8865282.0,90,51
8865296.0,90,58
8865320.0,101,49
8865323.0,95,52
8865358.0,96,55
8865450.0,97,49
8865466.0,93,52
8865492.0,92,49
8865562.0,91,58
8865563.0,90,52
8865583.0,99,51
8865618.0,96,65
8865704.0,92,52
8865752.0,95,54
8865782.0,91,50
8865789.0,97,51
8865908.0,99,53
8865958.0,97,65
8865960.0,101,54
8865993.0,94,61
8866009.0,95,48
8866054.0,90,51
8866072.0,99,50
8866078.0,97,48
8866127.0,101,80
8866140.0,99,54
8866172.0,90,56
8866176.0,95,49
8866238.0,92,55
8866253.0,100,50
8866345.0,97,46
8866365.0,98,76
8866407.0,91,56
8866513.0,97,54
8866519.0,100,51
8866549.0,95,50
8866563.0,97,50
8866566.0,99,52
8866568.0,95,49
8866575.0,80,59
8866587.0,92,51
8866641.0,87,76
8866655.0,93,48
8866712.0,93,75
8866724.0,92,53
8866767.0,92,59
8866785.0,97,65
8866804.0,98,76
8866806.0,100,62
8866817.0,96,65
8866818.0,96,46
8866880.0,95,48
8866964.0,93,66
8867008.0,92,61
8867028.0,90,54
8867028.0,99,51
8867035.0,90,53
8867264.0,93,51
8867268.0,97,65
8867312.0,91,54
8867401.0,90,54
8867441.0,93,61
8867545.0,101,53
8867555.0,100,52
8867561.0,93,66
8867562.0,90,52
8867575.0,101,52
8867596.0,92,54
8867603.0,91,52
8867642.0,89,82
8867651.0,95,49
8867713.0,101,55
8867754.0,100,55
8867840.0,98,48
8868074.0,98,54
8868161.0,95,52
8868233.0,95,51
8868332.0,102,51
8868385.0,97,67
8868402.0,99,53
8868421.0,95,47
8868495.0,95,49
8868510.0,91,59
8868558.0,96,47
8868577.0,90,54
8868583.0,91,52
8868633.0,97,46
8868645.0,93,49
8868700.0,97,49
8868703.0,90,55
8868706.0,90,58
8868768.0,97,67
8868791.0,100,52
8868828.0,91,57
8868832.0,92,49
8868855.0,99,47
8868868.0,93,48
8868992.0,94,47
8869014.0,101,55
8869040.0,89,57
8869103.0,90,53
8869146.0,93,49
8869150.0,100,52
8869179.0,98,49
8869181.0,102,51
8869194.0,101,57
8869218.0,91,52
8869244.0,93,67
8869332.0,99,53
8869335.0,98,48
8869340.0,95,47
8869347.0,92,49
8869362.0,100,48
8869422.0,89,57
8869474.0,90,53
8869538.0,102,52
8869552.0,98,47
8869566.0,100,57
8869633.0,100,64
8869661.0,93,49
8869673.0,99,52
8869731.0,91,52
8869781.0,102,50
8869810.0,96,47
8869823.0,101,49
8869830.0,100,49
8869850.0,92,49
8869945.0,92,53
8870029.0,90,53
8870030.0,99,54
8870042.0,93,49
8870089.0,101,56
8870099.0,100,52
8870107.0,100,51
8870137.0,100,48
8870175.0,101,54
8870184.0,92,49
8870205.0,91,58
8870209.0,99,53
8870264.0,89,53
8870273.0,90,52
8870353.0,98,50
8870354.0,96,46
8870359.0,93,52
8870364.0,100,52
8870378.0,102,51
8870409.0,101,50
8870445.0,102,53
8870487.0,94,47
8870504.0,93,50
8870509.0,94,49
8870511.0,91,55
8870529.0,92,54
8870553.0,102,50
8870557.0,89,57
8870581.0,100,51
8870621.0,101,57
8870623.0,92,53
8870650.0,97,75
8870657.0,93,49
8870661.0,102,52
8870674.0,98,50
8870679.0,94,53
8870738.0,96,48
8870753.0,92,49
8870779.0,100,48
8870814.0,101,55
8870825.0,99,65
8870826.0,89,53
8870836.0,99,66
8870872.0,100,49
8871030.0,92,52
8871083.0,94,48
8871083.0,95,53
8871120.0,101,56
8871185.0,93,49
8871187.0,100,53
8871214.0,95,52
8871260.0,89,53
8871261.0,92,53
8871290.0,101,58
8871294.0,92,49
8871344.0,96,51
8871462.0,95,50
8871463.0,98,48
8871545.0,99,54
8871546.0,91,52
8871560.0,102,53
8871561.0,96,49
8871565.0,101,50
8871624.0,93,51
8871627.0,98,47
8871722.0,95,51
8871791.0,91,85
8871829.0,92,52
8871833.0,102,57
8871848.0,89,53
8871855.0,95,53
8871897.0,77,90
8871905.0,93,50
8871943.0,90,52
8871955.0,94,47
8871963.0,94,50
8871982.0,101,59
8871985.0,100,50
8871991.0,91,56
8872019.0,93,49
8872039.0,100,66
8872070.0,90,54
8872074.0,98,52
8872093.0,91,84
8872095.0,101,57
8872114.0,100,56
8872138.0,101,56
8872238.0,102,57
8872248.0,98,49
8872255.0,101,54
8872290.0,93,52
8872294.0,98,51
8872340.0,100,51
8872345.0,93,54
8872347.0,93,49
8872392.0,91,56
8872434.0,94,51
8872460.0,97,46
8872713.0,91,53
8872736.0,100,53
8872755.0,91,84
8872764.0,91,57
8872821.0,93,53
8872902.0,101,58
8872915.0,90,54
8873002.0,101,59
8873096.0,94,48
8873129.0,101,51
8873190.0,92,58
8873271.0,98,54
8873287.0,99,48
8873288.0,94,48
8873389.0,102,54
8873408.0,93,51
8873425.0,85,78
8873520.0,98,46
8873529.0,90,52
8873587.0,91,84
8873672.0,100,51
8873688.0,96,50
8873691.0,100,54
8873693.0,93,51
8873788.0,97,46
8873792.0,93,52
8873835.0,102,53
8873890.0,90,52
8873891.0,101,50
8873912.0,91,51
8873922.0,91,58
8873935.0,101,58
8874041.0,95,48
8874103.0,98,48
8874116.0,99,46
8874123.0,101,60
8874194.0,98,46
8874204.0,93,49
8874227.0,96,47
8874280.0,90,54
8874288.0,91,56
8874301.0,96,51
8874349.0,94,48
8874353.0,92,52
8874363.0,99,48
8874402.0,101,57
8874417.0,93,54
8874433.0,97,51
8874436.0,94,54
8874462.0,101,51
8874482.0,92,83
8874515.0,91,84
8874554.0,94,51
8874563.0,94,48
8874573.0,91,54
8874612.0,90,53
8874619.0,101,53
8874642.0,90,54
8874656.0,93,47
8874662.0,95,49
8874670.0,101,51
8874688.0,94,84
8874725.0,101,59
8874732.0,96,47
8874742.0,96,85
8874769.0,101,52
8874815.0,91,57
8874879.0,95,47
8874889.0,98,53
8874938.0,100,54
8874945.0,90,53
8874959.0,95,85
8874980.0,101,48
8875009.0,93,47
8875042.0,94,62
8875065.0,90,52
8875114.0,96,85
8875141.0,93,49
8875186.0,100,52
8875203.0,91,84
8875220.0,98,51
8875227.0,92,52
8875265.0,95,52
8875341.0,103,50
8875365.0,101,49
8875386.0,93,53
8875430.0,102,52
8875434.0,91,51
8875435.0,96,48
8875513.0,101,48
8875526.0,99,49
8875561.0,91,84
8875562.0,91,82
8875564.0,93,49
8875575.0,97,67
8875588.0,103,51
8875598.0,88,85
8875643.0,94,49
8875669.0,97,47
8875702.0,94,48
8875721.0,100,53
8875752.0,98,52
8875777.0,92,84
8875850.0,103,52
8875876.0,91,55
8875880.0,99,47
8875883.0,96,68
8875909.0,91,53
8875950.0,101,52
8875989.0,101,56
8876070.0,101,48
8876125.0,95,47
8876164.0,97,46
8876198.0,93,49
8876231.0,90,53
8876276.0,102,50
8876284.0,98,55
8876302.0,101,49
8876306.0,97,68
8876316.0,103,50
8876341.0,98,50
8876436.0,93,60
8876467.0,102,55
8876474.0,96,52
8876474.0,94,48
8876493.0,96,60
8876528.0,91,51
8876556.0,97,56
8876577.0,99,46
8876601.0,93,63
8876661.0,98,46
8876704.0,91,52
8876714.0,99,50
8876781.0,93,60
8876814.0,93,47
8876840.0,101,48
8876865.0,92,52
8876894.0,93,70
8876907.0,95,60
8876921.0,91,56
8876922.0,99,47
8876931.0,93,56
8876958.0,100,53
8876968.0,94,55
8877001.0,94,60
8877028.0,103,50
8877143.0,94,48
8877144.0,95,51
8877163.0,98,47
8877188.0,96,61
8877226.0,91,56
8877245.0,101,49
8877263.0,95,47
8877264.0,95,49
8877268.0,102,54
8877279.0,93,54
8877289.0,101,55
8877323.0,103,52
8877335.0,95,56
8877340.0,93,53
8877343.0,92,59
8877355.0,97,48
8877411.0,101,50
8877480.0,97,50
8877505.0,95,61
8877514.0,93,51
8877519.0,102,50
8877581.0,94,58
8877611.0,94,50
8877632.0,93,49
8877656.0,103,53
8877711.0,101,53
8877723.0,91,55
8877735.0,95,53
8877749.0,103,51
8877848.0,101,59
8877909.0,94,49
8877909.0,99,46
8877922.0,91,56
8877955.0,93,49
8877964.0,94,48
8877974.0,93,51
8878010.0,98,46
8878017.0,103,50
8878038.0,91,54
8878060.0,102,55
8878113.0,91,53
8878154.0,98,49
8878168.0,101,56
8878202.0,96,52
8878484.0,101,50
8878497.0,99,48
8878513.0,93,53
8878559.0,100,48
8878637.0,93,51
8878657.0,92,51
8878669.0,95,49
8878681.0,102,53
8878727.0,100,59
8878876.0,94,48
8878879.0,99,46
8878905.0,99,49
8878923.0,101,48
8878927.0,100,54
8878953.0,102,51
8879007.0,93,51
8879016.0,91,51
8879046.0,91,52
8879077.0,92,60
8879083.0,95,48
8879108.0,101,51
8879134.0,95,51
8879158.0,103,53
8879159.0,99,51
8879194.0,93,54
8879320.0,98,46
8879495.0,94,48
8879567.0,97,47
8879583.0,100,50
8879612.0,97,49
8879681.0,100,48
8879700.0,99,52
8879710.0,92,51
8879813.0,92,57
8879843.0,97,49
8879996.0,91,54
8880005.0,87,77
8880050.0,101,53
8880136.0,101,58
8880168.0,94,65
8880171.0,99,52
8880206.0,96,52
8880235.0,91,57
8880263.0,96,53
8880275.0,94,51
8880291.0,94,52
8880316.0,92,51
8880386.0,102,54
8880421.0,98,52
8880440.0,95,51
8880470.0,97,48
8880530.0,102,51
8880552.0,99,50
8880576.0,93,52
8880586.0,103,54
8880636.0,96,49
8880637.0,95,50
8880682.0,91,52
8880710.0,99,49
8880747.0,97,50
8880822.0,102,56
8880842.0,94,51
8880843.0,96,47
8880881.0,98,47
8880889.0,99,54
8880890.0,92,59
8880926.0,91,53
8880932.0,97,49
8880950.0,99,46
8881027.0,96,51
8881031.0,99,52
8881066.0,95,48
8881145.0,91,57
8881145.0,91,51
8881168.0,92,51
8881173.0,92,58
8881191.0,95,49
8881250.0,93,52
8881338.0,101,52
8881416.0,94,53
8881430.0,95,47
8881454.0,100,47
8881490.0,94,52
8881559.0,101,57
8881579.0,101,54
8881598.0,96,48
8881602.0,91,57
8881618.0,103,50
8881652.0,102,49
8881699.0,102,52
8881736.0,103,53
8881784.0,94,51
8881857.0,99,51
8881859.0,96,47
8881937.0,93,52
8881945.0,101,71
8881961.0,92,56
8882029.0,104,51
8882032.0,94,50
8882091.0,102,52
8882095.0,100,49
8882137.0,74,93
8882185.0,95,47
8882222.0,104,52
8882225.0,100,47
8882240.0,96,49
8882256.0,98,51
8882269.0,94,51
8882289.0,100,46
8882337.0,92,53
8882395.0,93,62
8882584.0,100,53
8882610.0,91,51
8882614.0,103,52
8882675.0,95,49
8882695.0,98,46
8882742.0,101,61
8882747.0,95,47
8882752.0,103,54
8882759.0,99,53
8882804.0,91,51
8882806.0,94,53
8882812.0,102,52
8882819.0,96,58
8882835.0,101,72
8882836.0,100,54
8882886.0,92,51
8882900.0,91,57
8882905.0,96,47
8883000.0,100,50
8883002.0,94,51
8883003.0,99,47
8883104.0,103,50
8883108.0,102,49
8883148.0,102,52
8883172.0,99,46
8883225.0,104,51
8883300.0,102,48
8883309.0,95,47
8883320.0,104,52
8883332.0,97,51
8883335.0,98,48
8883342.0,91,57
8883394.0,102,56
8883417.0,99,52
8883457.0,102,57
8883469.0,94,51
8883660.0,91,57
8883739.0,98,47
8883774.0,100,47
8883805.0,103,50
8883829.0,94,47
8883853.0,101,54
8883864.0,101,48
8883869.0,102,50
8883881.0,98,50
8883887.0,92,55
8884005.0,100,46
8884073.0,102,52
8884140.0,91,51
8884144.0,93,51
8884149.0,96,51
8884253.0,103,55
8884295.0,95,50
8884318.0,99,54
8884337.0,91,51
8884348.0,97,52
8884387.0,92,52
8884389.0,96,47
8884411.0,104,52
8884429.0,103,50
8884432.0,100,52
8884485.0,99,46
8884514.0,99,51
8884527.0,101,51
8884585.0,101,53
8884586.0,100,48
8884619.0,95,50
8884621.0,102,53
8884650.0,92,52
8884655.0,100,60
8884661.0,93,52
8884669.0,98,51
8884675.0,97,52
8884732.0,100,46
8884739.0,103,50
8884757.0,102,48
8884798.0,99,53
8884810.0,98,47
8884913.0,99,48
8884976.0,97,49
8885009.0,102,57
8885062.0,103,51
8885154.0,102,51
8885219.0,101,48
8885304.0,96,48
8885312.0,100,51
8885432.0,92,52
8885436.0,97,48
8885488.0,95,50
8885508.0,95,49
8885550.0,93,51
8885604.0,103,52
8885656.0,97,51
8885767.0,104,53
8885784.0,92,58
8885808.0,102,55
8885820.0,103,55
8885841.0,100,49
8885866.0,99,46
8885918.0,99,52
8885963.0,98,49
8885998.0,95,50
8886050.0,102,56
8886109.0,91,51
8886138.0,93,51
8886166.0,100,65
8886196.0,101,53
8886243.0,102,51
8886257.0,99,51
8886317.0,95,51
8886384.0,95,55
8886511.0,96,56
8886512.0,100,46
8886577.0,102,58
8886628.0,92,57
8886645.0,101,54
8886651.0,91,51
8886715.0,95,50
8886718.0,102,53
8886724.0,93,51
8886749.0,100,51
8886784.0,102,50
8886797.0,102,57
8886896.0,96,50
8886903.0,100,49
8886955.0,99,47
8886967.0,103,49
8886991.0,104,51
8887011.0,95,50
8887020.0,104,53
8887034.0,97,49
8887070.0,101,47
8887094.0,100,64
8887178.0,99,47
8887182.0,101,55
8887215.0,100,51
8887229.0,103,51
8887282.0,91,51
8887372.0,93,51
8887468.0,100,64
8887509.0,95,51
8887515.0,96,48
8887522.0,103,55
8887544.0,92,56
8887551.0,100,55
8887576.0,94,56
8887579.0,95,50
8887594.0,100,48
8887598.0,99,47
8887615.0,94,53
8887666.0,99,53
8887688.0,102,52
8887731.0,101,49
8887744.0,92,51
8887784.0,105,51
8887838.0,99,47
8887871.0,101,47
8887876.0,92,54
8887880.0,102,58
8887886.0,95,51
8887906.0,103,54
8887906.0,100,50
8887914.0,94,54
8887928.0,92,51
8887955.0,101,54
8887959.0,103,49
8887972.0,96,51
8888064.0,103,52
8888103.0,99,49
8888109.0,95,50
8888115.0,97,47
8888133.0,92,52
8888215.0,104,52
8888258.0,96,49
8888305.0,94,57
8888361.0,92,51
8888393.0,95,52
8888413.0,99,46
8888434.0,101,46
8888492.0,95,51
8888534.0,102,59
8888559.0,92,51
8888566.0,97,51
8888571.0,96,53
8888614.0,97,53
8888639.0,100,52
8888651.0,101,52
8888718.0,98,50
8888746.0,101,47
8888768.0,105,51
8888792.0,100,46
8888887.0,95,51
8888889.0,93,56
8889015.0,91,52
8889017.0,103,48
8889018.0,99,50
8889030.0,92,51
8889031.0,102,52
8889059.0,98,48
8889079.0,103,52
8889150.0,99,47
8889307.0,94,52
8889342.0,105,52
8889346.0,103,49
8889379.0,103,53
8889404.0,98,50
8889449.0,103,50
8889460.0,103,52
8889487.0,98,53
8889525.0,99,50
8889544.0,104,54
8889554.0,95,51
8889594.0,96,49
8889634.0,94,53
8889645.0,102,48
8889649.0,92,57
8889650.0,102,57
8889669.0,101,46
8889690.0,105,51
8889696.0,97,47
8889808.0,98,65
8889835.0,103,48
8889871.0,98,51
8889874.0,102,56
8889887.0,99,48
8889915.0,101,49
8889964.0,102,54
8889994.0,95,52
8890062.0,92,79
8890064.0,97,52
8890075.0,99,50
8890081.0,92,53
8890092.0,92,56
8890103.0,103,52
8890113.0,94,52
8890132.0,105,52
8890203.0,91,79
8890242.0,95,51
8890271.0,84,79
8890314.0,90,86
8890333.0,92,52
8890339.0,103,48
8890502.0,103,55
8890504.0,101,48
8890521.0,102,49
8890523.0,99,47
8890547.0,101,55
8890578.0,100,46
8890706.0,92,51
8890758.0,95,51
8890781.0,100,53
8890781.0,101,50
8890795.0,103,52
8890822.0,91,79
8890903.0,104,51
8891042.0,100,53
8891044.0,95,51
8891053.0,98,49
8891129.0,104,54
8891233.0,105,51
8891240.0,102,53
8891242.0,101,54
8891250.0,105,52
8891284.0,104,53
8891304.0,94,52
8891325.0,100,47
8891342.0,102,48
8891402.0,101,47
8891438.0,103,50
8891493.0,97,49
8891544.0,97,48
8891557.0,97,53
8891588.0,93,50
8891677.0,92,55
8891695.0,103,53
8891819.0,95,53
8891860.0,91,79
8891891.0,97,48
8891903.0,100,53
8891910.0,101,46
8891949.0,93,52
8891993.0,97,47
8891999.0,101,49
8892022.0,92,53
8892045.0,104,51
8892189.0,102,51
8892286.0,92,51
8892342.0,94,51
8892369.0,96,50
8892450.0,101,51
8892453.0,93,50
8892462.0,98,52
8892471.0,103,51
8892509.0,100,48
8892532.0,95,52
8892569.0,105,53
8892587.0,92,51
8892593.0,95,50
8892596.0,99,49
8892604.0,100,49
8892761.0,102,49
8892788.0,103,53
8892816.0,100,51
8892819.0,97,48
8892846.0,97,51
8892863.0,100,52
8892913.0,87,81
8892996.0,103,49
8893019.0,99,51
8893021.0,95,53
8893081.0,98,48
8893202.0,97,48
8893240.0,101,49
8893297.0,94,51
8893304.0,97,50
8893374.0,95,53
8893401.0,102,47
8893429.0,100,47
8893445.0,93,50
8893469.0,104,55
8893508.0,104,49
8893612.0,98,49
8893733.0,102,53
8893775.0,92,51
8893866.0,102,48
8893872.0,99,49
8893885.0,103,51
8893889.0,98,47
8893930.0,96,51
8894101.0,103,53
8894103.0,104,49
8894107.0,94,51
8894162.0,97,48
8894186.0,92,51
8894190.0,97,49
8894253.0,99,49
8894316.0,101,50
8894320.0,101,59
8894344.0,95,53
8894372.0,102,48
8894394.0,103,48
8894398.0,101,48
8894442.0,103,53
8894475.0,100,46
8894537.0,93,50
8894620.0,104,51
8894679.0,103,56
8894779.0,100,53
8894802.0,92,59
8894828.0,102,47
8895049.0,104,49
8895058.0,100,47
8895064.0,104,53
8895176.0,96,49
8895180.0,102,59
8895217.0,92,51
8895227.0,100,55
8895267.0,98,51
8895274.0,103,52
8895315.0,104,50
8895329.0,104,52
8895340.0,92,59
8895368.0,94,51
8895427.0,94,84
8895482.0,93,83
8895499.0,104,55
8895649.0,102,49
8895650.0,91,60
8895840.0,98,47
8895870.0,102,50
8895902.0,93,50
8895989.0,99,50
8895991.0,93,60
8896123.0,103,48
8896142.0,101,52
8896153.0,101,58
8896219.0,94,84
8896240.0,105,54
8896260.0,101,47
8896302.0,91,60
8896316.0,103,53
8896479.0,104,50
8896502.0,103,55
8896509.0,87,73
8896530.0,98,52
8896537.0,103,52
8896547.0,101,52
8896575.0,102,55
8896589.0,101,46
8896607.0,92,68
8896636.0,102,53
8896649.0,103,50
8896649.0,100,52
8896659.0,103,57
8896743.0,104,52
8896743.0,92,69
8896825.0,105,51
8896977.0,105,52
8896995.0,100,50
8897033.0,104,54
8897041.0,94,84
8897066.0,77,107
8897087.0,102,48
8897209.0,93,52
8897233.0,101,52
8897246.0,105,54
8897298.0,100,48
8897459.0,101,55
8897467.0,100,65
8897468.0,98,49
8897485.0,106,52
8897518.0,100,51
8897525.0,101,51
8897553.0,86,84
8897573.0,92,69
8897585.0,99,48
8897657.0,102,54
8897788.0,93,51
8897817.0,99,53
8897844.0,103,54
8897885.0,94,50
8897894.0,103,56
8897897.0,102,50
8897909.0,102,56
8897982.0,104,49
8897996.0,98,48
8898043.0,105,51
8898054.0,102,58
8898096.0,101,49
8898100.0,98,53
8898107.0,94,53
8898124.0,102,47
8898146.0,102,52
8898199.0,98,47
8898234.0,96,50
8898259.0,102,57
8898280.0,104,56
8898317.0,103,48
8898400.0,87,85
8898430.0,96,52
8898450.0,105,54
8898532.0,99,66
8898537.0,105,51
8898541.0,101,54
8898664.0,106,52
8898720.0,98,47
8898789.0,102,55
8898814.0,102,50
8898817.0,98,66
8898872.0,97,49
8898879.0,104,51
8898936.0,103,51
8898953.0,101,48
8898957.0,97,50
8898980.0,103,47
8898981.0,103,49
8899001.0,100,47
8899030.0,102,48
8899039.0,103,53
8899047.0,101,47
8899067.0,102,46
8899146.0,94,50
8899186.0,93,50
8899214.0,105,51
8899220.0,95,52
8899266.0,97,49
8899300.0,102,51
8899302.0,103,57
8899317.0,104,55
8899423.0,98,51
8899431.0,97,51
8899446.0,99,49
8899463.0,105,51
8899485.0,87,85
8899562.0,102,54
8899573.0,97,50
8899578.0,101,52
8899643.0,99,47
8899672.0,93,52
8899677.0,102,50
8899686.0,104,53
8899754.0,102,49
8899782.0,93,59
8899793.0,99,51
8899840.0,105,53
8899912.0,103,47
8899938.0,98,50
8899957.0,102,59
8899986.0,91,81
8899996.0,97,50
8899997.0,94,50
8900000.0,89,81
8900030.0,95,52
8900067.0,96,52
8900110.0,101,53
8900127.0,93,59
8900168.0,98,48
8900176.0,97,50
8900257.0,97,49
8900350.0,100,49
8900357.0,103,53
8900467.0,100,65
8900494.0,101,53
8900509.0,95,53
8900573.0,98,52
8900606.0,106,53
8900639.0,92,59
8900683.0,97,49
8900713.0,96,52
8900774.0,101,52
8900857.0,102,50
8900917.0,98,53
8900922.0,93,51
8900932.0,101,53
8900949.0,103,49
8900951.0,92,59
8900962.0,92,60
8901083.0,95,51
8901155.0,93,50
8901271.0,99,47
8901309.0,97,49
8901321.0,103,49
8901407.0,102,51
8901513.0,98,49
8901617.0,104,53
8901641.0,103,54
8901664.0,94,50
8901670.0,96,52
8901693.0,101,53
8901735.0,99,48
8901736.0,105,50
8901839.0,97,49
8901908.0,97,51
8902004.0,106,52
8902034.0,105,49
8902042.0,95,51
8902129.0,100,48
8902161.0,103,50
8902168.0,103,48
8902186.0,97,50
8902189.0,96,53
8902194.0,95,52
8902199.0,103,49
8902205.0,101,52
8902252.0,93,50
8902289.0,104,52
8902297.0,93,51
8902338.0,106,53
8902451.0,102,50
8902517.0,101,46
8902529.0,93,50
8902557.0,97,49
8902560.0,104,56
8902565.0,103,49
8902614.0,105,55
8902707.0,105,54
8902716.0,99,49
8902753.0,98,49
8902759.0,105,49
8902766.0,98,48
8902968.0,93,54
8902973.0,96,54
8902996.0,100,51
8903036.0,98,50
8903052.0,103,47
8903180.0,101,71
8903274.0,95,53
8903276.0,95,51
8903281.0,105,50
8903314.0,105,52
8903315.0,97,49
8903316.0,99,48
8903317.0,99,51
8903352.0,104,50
8903375.0,101,48
8903377.0,103,58
8903445.0,102,52
8903492.0,103,49
8903533.0,97,51
8903608.0,103,50
8903676.0,93,50
8903732.0,97,49
8903733.0,103,49
8903782.0,102,47
8903844.0,100,53
8903885.0,102,48
8903899.0,103,48
8903917.0,101,47
8903991.0,105,49
8904050.0,104,56
8904140.0,104,51
8904156.0,102,49
8904222.0,97,49
8904320.0,99,48
8904471.0,104,52
8904494.0,103,52
8904499.0,104,55
8904518.0,96,53
8904609.0,103,54
8904654.0,102,51
8904725.0,93,58
8904732.0,94,50
8904809.0,103,47
8904814.0,95,50
8904856.0,100,50
8904885.0,93,56
8904996.0,102,52
8905018.0,98,51
8905128.0,100,47
8905389.0,105,51
8905497.0,104,49
8905538.0,102,46
8905588.0,95,53
8905628.0,98,49
8905705.0,105,52
8905752.0,95,51
8905762.0,93,53
8905765.0,103,49
8905917.0,103,56
8905942.0,101,51
8905982.0,101,50
8906054.0,93,51
8906071.0,95,50
8906076.0,103,51
8906089.0,93,52
8906172.0,102,47
8906205.0,105,55
8906230.0,98,50
8906289.0,100,48
8906316.0,104,53
8906319.0,104,54
8906334.0,99,50
8906354.0,93,51
8906397.0,93,53
8906452.0,97,51
8906477.0,100,47
8906535.0,105,52
8906595.0,104,47
8906608.0,105,49
8906652.0,94,60
8906765.0,103,55
8906789.0,104,50
8906857.0,95,50
8906929.0,94,54
8906943.0,105,51
8906945.0,106,54
8906960.0,100,49
8906982.0,93,51
8906988.0,103,49
8906991.0,99,47
8906992.0,99,51
8906997.0,104,56
8907143.0,103,48
8907209.0,102,49
8907259.0,99,48
8907341.0,103,51
8907354.0,93,53
8907413.0,105,52
8907505.0,103,54
8907611.0,104,47
8907668.0,100,52
8907682.0,95,50
8907693.0,99,48
8907714.0,107,53
8907726.0,102,53
8907737.0,105,52
8907738.0,93,55
8907744.0,103,58
8907766.0,97,52
8907770.0,104,49
8907771.0,103,57
8907791.0,100,51
8907810.0,96,53
8907852.0,93,50
8907916.0,101,54
8908047.0,103,55
8908048.0,105,50
8908079.0,98,50
8908101.0,107,52
8908127.0,101,49
8908131.0,93,50
8908247.0,83,75
8908274.0,93,55
8908309.0,105,53
8908372.0,102,47
8908375.0,92,56
8908393.0,98,50
8908477.0,93,54
8908484.0,99,53
8908521.0,104,48
8908538.0,99,49
8908585.0,103,55
8908596.0,106,50
8908636.0,106,53
8908804.0,104,50
8908930.0,105,49
8908934.0,101,53
8908954.0,102,52
8908976.0,107,53
8909001.0,104,54
8909003.0,106,52
8909014.0,104,47
8909017.0,102,58
8909045.0,97,52
8909047.0,101,68
8909054.0,89,78
8909127.0,99,51
8909138.0,92,56
8909161.0,102,55
8909231.0,104,53
8909248.0,101,48
8909380.0,103,55
8909399.0,105,55
8909402.0,90,78
8909515.0,103,50
8909529.0,106,50
8909618.0,99,49
8909648.0,105,49
8909662.0,102,47
8909683.0,96,55
8909698.0,101,47
8909698.0,104,47
8909716.0,100,49
8909743.0,99,48
8909796.0,103,55
8909851.0,101,67
8909881.0,104,48
8910011.0,99,50
8910021.0,102,50
8910134.0,107,53
8910157.0,104,50
8910177.0,103,53
8910265.0,92,56
8910317.0,101,67
8910377.0,106,52
8910382.0,101,66
8910388.0,93,55
8910409.0,94,50
8910415.0,106,50
8910496.0,103,58
8910499.0,104,50
8910546.0,98,50
8910688.0,103,50
8910727.0,100,48
8910728.0,103,55
8910862.0,105,56
8910891.0,100,47
8910916.0,102,52
8910932.0,106,54
8910995.0,107,52
8911047.0,101,47
8911059.0,104,51
8911082.0,93,50
8911090.0,95,50
8911093.0,103,54
8911094.0,102,53
8911133.0,95,53
8911147.0,103,48
8911169.0,103,55
8911190.0,103,52
8911296.0,105,52
8911325.0,100,53
8911365.0,103,47
8911393.0,98,51
8911618.0,103,52
8911676.0,105,49
8911684.0,104,50
8911726.0,94,51
8911760.0,104,57
8911804.0,93,50
8911826.0,103,48
8911908.0,101,52
8911925.0,106,52
8911972.0,105,50
8912080.0,103,57
8912133.0,102,47
8912221.0,106,55
8912273.0,94,69
8912366.0,98,51
8912404.0,96,52
8912487.0,103,52
8912506.0,93,50
8912527.0,101,47
8912543.0,102,50
8912598.0,100,72
8912683.0,103,49
8912706.0,100,52
8912736.0,103,52
8912771.0,105,51
8912816.0,104,52
8912928.0,99,72
8912939.0,107,53
8912942.0,101,51
8913009.0,102,51
8913039.0,93,50
8913063.0,96,51
8913083.0,102,55
8913096.0,89,79
8913126.0,101,49
8913190.0,83,79
8913191.0,104,51
8913209.0,103,51
8913259.0,100,50
8913324.0,100,52
8913338.0,93,50
8913349.0,101,73
8913423.0,100,51
8913486.0,99,72
8913491.0,99,51
8913514.0,94,50
8913523.0,97,52
8913546.0,99,52
8913569.0,99,53
8913648.0,101,48
8913649.0,106,51
8913761.0,100,48
8913791.0,89,79
8913795.0,97,73
8913944.0,103,52
8913977.0,105,52
8914087.0,106,50
8914132.0,104,49
8914241.0,98,74
8914250.0,107,52
8914275.0,98,51
8914371.0,102,53
8914396.0,94,51
8914448.0,105,56
8914461.0,101,70
8914462.0,104,48
8914463.0,96,51
8914560.0,103,47
8914756.0,104,51
8914769.0,103,52
8914873.0,101,69
8914928.0,105,49
8914964.0,103,49
8915042.0,93,56
8915056.0,99,50
8915070.0,96,52
8915210.0,105,54
8915212.0,102,47
8915278.0,107,54
8915283.0,99,50
8915319.0,101,54
8915341.0,105,48
8915451.0,96,54
8915484.0,103,52
8915678.0,100,49
8915754.0,105,50
8915770.0,95,69
8915809.0,101,76
8915954.0,99,50
8915976.0,93,55
8916028.0,100,50
8916035.0,106,51
8916043.0,106,50
8916114.0,96,50
8916182.0,103,52
8916260.0,105,47
8916295.0,101,47
8916330.0,96,51
8916338.0,100,51
8916348.0,101,49
8916414.0,94,50
8916450.0,103,51
8916475.0,106,55
8916545.0,97,53
8916570.0,102,47
8916612.0,102,49
8916646.0,94,52
8916686.0,103,52
8916713.0,91,80
8916747.0,104,55
8916755.0,105,48
8916782.0,102,52
8916800.0,96,52
8916858.0,105,53
8917015.0,101,48
8917025.0,105,50
8917129.0,107,53
8917134.0,104,47
8917222.0,103,53
8917231.0,102,53
8917255.0,103,50
8917259.0,104,48
8917332.0,102,54
8917470.0,96,50
8917536.0,96,53
8917629.0,103,53
8917720.0,95,49
8917825.0,100,70
8917886.0,77,102
8917926.0,97,54
8918101.0,103,52
8918147.0,106,54
8918184.0,102,47
8918205.0,100,49
8918212.0,97,51
8918234.0,106,53
8918294.0,104,56
8918331.0,103,53
8918446.0,101,48
8918465.0,105,51
8918499.0,104,50
8918526.0,97,53
8918531.0,100,49
8918619.0,103,53
8918636.0,98,52
8918765.0,104,47
8918770.0,105,55
8918806.0,104,49
8918856.0,101,49
8919010.0,103,47
8919043.0,96,50
8919077.0,97,51
8919103.0,96,51
8919219.0,103,52
8919234.0,106,52
8919264.0,102,51
8919325.0,107,54
8919378.0,104,53
8919426.0,105,48
8919513.0,96,53
8919646.0,97,51
8919715.0,104,58
8919747.0,104,52
8919757.0,100,66
8919778.0,100,50
8919808.0,103,53
8919878.0,101,51
8920110.0,100,52
8920133.0,97,51
8920192.0,102,48
8920214.0,100,51
8920248.0,107,51
8920257.0,101,48
8920394.0,95,49
8920397.0,106,56
8920422.0,107,50
8920450.0,98,52
8920452.0,100,49
8920595.0,94,75
8920596.0,99,51
8920618.0,96,50
8920668.0,101,48
8920679.0,104,54
8920719.0,105,49
8920748.0,106,53
8920796.0,103,52
8920840.0,93,59
8920851.0,107,53
8920975.0,101,67
8921083.0,97,53
8921085.0,106,53
8921100.0,105,52
8921134.0,97,51
8921156.0,104,52
8921241.0,101,48
8921297.0,105,51
8921336.0,105,56
8921355.0,97,51
8921438.0,107,52
8921545.0,104,49
8921621.0,99,51
8921664.0,100,67
8921686.0,94,60
8921740.0,105,50
8921816.0,98,51
8921825.0,104,50
8921884.0,94,51
8921946.0,107,50
8921952.0,106,55
8921964.0,107,51
8921970.0,98,65
8921985.0,97,66
8922042.0,97,51
8922153.0,105,49
8922180.0,98,51
8922230.0,104,48
8922311.0,94,51
8922381.0,97,66
8922391.0,97,51
8922424.0,97,79
8922433.0,100,50
8922448.0,104,57
8922497.0,105,57
8922686.0,27,112
8922695.0,103,50
8922730.0,93,60
8922758.0,100,66
8922833.0,106,51
8922860.0,104,51
8922986.0,26,112
8923084.0,99,67
8923089.0,100,68
8923134.0,96,66
8923135.0,101,49
8923311.0,99,51
8923427.0,101,49
8923449.0,102,49
8923583.0,27,112
8923622.0,106,50
8923661.0,104,47
8923665.0,105,48
8923699.0,105,51
8923734.0,103,57
8923789.0,106,48
8923901.0,102,47
8924004.0,107,51
8924041.0,105,51
8924071.0,100,67
8924073.0,101,49
8924080.0,105,47
8924182.0,26,112
8924234.0,100,50
8924300.0,100,51
8924561.0,27,112
8924592.0,96,53
8924609.0,106,52
8924736.0,102,48
8924811.0,103,49
8924851.0,26,112
8925006.0,97,53
8925120.0,105,51
8925137.0,106,48
8925289.0,103,56
8925329.0,98,52
8925540.0,106,50
8925542.0,105,51
8925554.0,104,51
8925583.0,102,52
8925585.0,100,53
8925795.0,94,52
8925948.0,107,52
8925969.0,27,112
8926194.0,102,48
8926209.0,99,51
8926258.0,26,112
8926337.0,107,51
8926389.0,105,50
8926408.0,99,64
8926601.0,105,51
8926649.0,95,50
8926659.0,101,49
8926685.0,103,53
8926846.0,99,51
8926882.0,101,50
8926887.0,63,111
8926894.0,104,49
8926909.0,96,50
8927202.0,100,50
8927240.0,107,53
8927354.0,102,53
8927369.0,95,49
8927394.0,102,49
8927416.0,107,55
8927565.0,63,111
8927638.0,105,54
8927763.0,96,49
8927859.0,105,51
8927944.0,104,54
8927968.0,108,54
8927980.0,104,50
8928200.0,105,49
8928347.0,63,111
8928394.0,99,69
8928607.0,101,53
8928614.0,101,69
8928834.0,99,69
8928844.0,101,51
8928887.0,105,50
8928957.0,104,53
8928987.0,106,49
8929100.0,106,51
8929137.0,106,48
8929227.0,101,69
8929477.0,101,54
8929597.0,107,52
8929613.0,105,52
8929842.0,103,54
8929856.0,105,54
8929870.0,107,53
8929915.0,104,52
8930044.0,61,115
8930078.0,106,49
8930152.0,106,50
8930232.0,106,53
8930487.0,106,48
8930498.0,107,50
8930919.0,107,51
8931055.0,105,49
8931108.0,61,115
8931124.0,105,55
8931136.0,100,51
8931208.0,99,68
8931217.0,99,69
8931326.0,104,48
8931351.0,95,50
8931377.0,100,70
8931408.0,104,55
8931426.0,105,55
8931498.0,105,48
8931551.0,101,50
8931616.0,95,50
8931664.0,101,69
8931668.0,106,52
8931692.0,104,49
8931705.0,100,68
8931720.0,101,49
8931758.0,99,51
8931833.0,92,82
8931921.0,103,48
8932020.0,101,70
8932130.0,103,49
8932292.0,101,49
8932306.0,96,49
8932452.0,100,67
8932454.0,100,69
8932480.0,99,52
8932530.0,95,50
8932548.0,93,65
8932559.0,101,50
8932674.0,101,69
8932799.0,95,49
8932808.0,105,52
8932812.0,106,54
8932881.0,104,50
8932919.0,106,51
8932925.0,99,58
8932982.0,90,81
8933039.0,105,51
8933047.0,101,49
8933066.0,100,51
8933154.0,103,48
8933253.0,95,75
8933312.0,101,69
8933410.0,97,50
8933457.0,102,49
8933669.0,101,49
8934079.0,89,51
8934398.0,90,50
8934438.0,101,49
8934453.0,105,55
8934531.0,98,54
8934533.0,107,53
8934549.0,99,50
8934591.0,97,50
8934606.0,96,54
8934656.0,94,50
8934781.0,103,50
8934862.0,101,50
8934891.0,101,49
8934961.0,99,50
8935131.0,105,48
8935266.0,103,50
8935273.0,107,51
8935360.0,100,51
8935376.0,95,50
8935382.0,105,50
8935461.0,103,49
8935467.0,103,48
8935489.0,105,48
8935571.0,101,49
8935620.0,105,57
8935715.0,103,51
8935878.0,106,49
8936053.0,99,50
8936185.0,101,72
8936313.0,105,51
8936542.0,99,50
8936654.0,99,52
8936790.0,101,51
8936837.0,107,52
8937002.0,103,52
8937114.0,99,52
8937194.0,100,62
8937497.0,103,53
8937535.0,107,49
8937639.0,106,48
8937753.0,95,60
8937970.0,95,76
8938216.0,100,52
8938503.0,95,75
8938523.0,71,106
8938529.0,102,50
8938529.0,96,60
8938819.0,100,71
8938836.0,71,106
8938836.0,103,54
8938863.0,100,65
8938865.0,94,52
8938982.0,104,48
8939049.0,106,50
8939163.0,106,49
8939171.0,101,50
8939359.0,104,55
8939704.0,94,53
8939750.0,106,48
8939899.0,103,48
8940015.0,94,53
8940300.0,97,51
8940564.0,107,49
8940962.0,97,52
8941592.0,102,49
8942188.0,106,48
8942447.0,100,69
8943345.0,99,66
8943348.0,102,60
8943620.0,101,61
8943671.0,99,68
8944106.0,93,63
8944414.0,101,75
8944565.0,93,65
8945526.0,100,67
8945922.0,103,49
8946178.0,93,64
8946638.0,104,51
8946926.0,99,66
8947090.0,90,82
8947163.0,107,52
8947282.0,97,49
8947334.0,104,49
8947592.0,105,55
8948856.0,106,50
8949043.0,106,56
8949849.0,93,57
8950376.0,100,61
8950489.0,94,67
8950624.0,101,61
8950746.0,105,57
8950815.0,100,62
8950829.0,107,55
8950878.0,95,67
8951079.0,93,58
8951727.0,60,84
8952108.0,94,66
8952355.0,99,65
8952529.0,106,55
8952662.0,105,48
8953353.0,93,63
8953503.0,106,54
8954131.0,100,66
8954245.0,93,60
8954619.0,90,75
8954862.0,99,68
8955629.0,101,69
8955830.0,107,55
8956029.0,91,75
8956275.0,99,67
8956344.0,99,52
8956553.0,100,51
8956892.0,93,57
8956895.0,100,73
8957602.0,100,67
8957754.0,105,57
8958152.0,92,71
8958284.0,95,50
8958851.0,107,53
8958946.0,104,56
8959009.0,63,63
8959125.0,93,64
8959183.0,107,52
8959440.0,100,64
8959514.0,97,50
8959547.0,92,69
8959747.0,107,54
8959764.0,94,52
8959807.0,107,53
8959873.0,100,53
8959935.0,105,56
8960133.0,100,51
8960185.0,93,56
8960301.0,104,50
8960457.0,106,51
8960533.0,107,53
8960629.0,94,54
8960694.0,97,54
8960712.0,93,65
8960790.0,93,60
8960817.0,104,55
8960868.0,104,49
8961081.0,103,57
8961086.0,104,55
8961138.0,107,52
8961444.0,97,52
8961453.0,93,62
8961472.0,107,53
8961662.0,102,57
8961687.0,97,51
8961792.0,93,55
8961842.0,98,66
8961936.0,96,54
8961943.0,94,53
8962030.0,97,52
8962237.0,104,57
8962263.0,107,53
8962536.0,101,50
8962572.0,105,52
8962681.0,106,51
8962811.0,97,52
8962849.0,97,50
8963053.0,99,52
8963063.0,107,53
8963256.0,97,52
8963440.0,102,49
8963571.0,101,53
8963620.0,101,60
8963641.0,103,54
8963852.0,101,51
8963879.0,101,50
8963909.0,100,51
8963969.0,108,54
8964030.0,104,53
8964219.0,103,56
8964224.0,105,52
8964259.0,107,53
8964578.0,105,48
8964594.0,94,68
8964776.0,104,54
8964845.0,92,64
8964990.0,93,54
8965011.0,97,51
8965017.0,93,67
8965156.0,103,48
8965218.0,106,53
8965249.0,106,55
8965292.0,95,50
8965576.0,97,50
8965576.0,101,50
8965586.0,101,59
8965828.0,94,64
8965844.0,102,49
8965922.0,96,53
8966056.0,105,49
8966116.0,97,53
8966133.0,80,82
8966238.0,105,54
8966441.0,106,51
8966485.0,101,51
8966546.0,96,49
8966662.0,99,73
8966685.0,102,51
8966722.0,97,52
8966746.0,103,52
8966859.0,102,58
8966939.0,103,48
8966951.0,105,56
8966959.0,99,60
8966976.0,100,51
8967119.0,95,54
8967146.0,95,49
8967160.0,99,73
8967176.0,103,58
8967348.0,94,65
8967359.0,102,49
8967365.0,101,73
8967468.0,106,54
8967733.0,100,53
8967752.0,101,54
8967809.0,93,54
8967943.0,105,55
8967975.0,93,64
8968126.0,92,56
8968245.0,96,49
8968343.0,104,56
8968388.0,103,58
8968396.0,94,51
8968426.0,101,58
8968428.0,93,64
8968449.0,106,55
8968570.0,100,52
8968631.0,94,52
8968684.0,95,49
8968893.0,99,51
8968894.0,96,53
8968978.0,106,55
8969389.0,92,57
8969408.0,95,52
8969543.0,102,50
8969550.0,104,57
8969569.0,103,55
8969669.0,102,55
8969687.0,101,60
8969890.0,103,53
8969975.0,103,55
8970277.0,97,53
8970399.0,96,54
8970414.0,104,48
8970455.0,106,52
8970475.0,107,52
8970498.0,96,49
8970629.0,105,56
8970659.0,106,54
8970719.0,101,51
8970728.0,103,49
8970759.0,96,49
8970769.0,102,48
8970808.0,93,63
8970882.0,96,53
8970894.0,103,48
8970919.0,101,49
8971225.0,106,50
8971282.0,94,51
8971463.0,98,52
8971519.0,101,52
8971564.0,106,52
8971631.0,99,51
8971721.0,97,51
8971823.0,104,52
8971908.0,105,50
8972041.0,99,68
8972123.0,105,57
8972351.0,94,50
8972384.0,105,51
8972388.0,101,50
8972416.0,100,50
8972454.0,97,53
8972518.0,100,68
8972581.0,106,51
8972658.0,98,52
8972766.0,102,51
8972961.0,101,49
8973012.0,103,50
8973067.0,95,49
8973093.0,99,51
8973137.0,94,51
8973248.0,103,56
8973265.0,22,123
8973366.0,102,52
8973369.0,105,51
8973375.0,63,58
8973395.0,93,55
8973456.0,96,52
8973530.0,96,50
8973603.0,106,53
8973778.0,102,50
8973782.0,94,50
8973791.0,100,50
8973856.0,106,49
8973942.0,103,51
8974084.0,102,48
8974158.0,99,64
8974226.0,99,51
8974346.0,101,49
8974362.0,101,52
8974801.0,95,53
8974884.0,96,50
8974886.0,92,59
8974891.0,96,51
8974919.0,97,54
8974940.0,94,50
8975008.0,104,49
8975032.0,104,56
8975050.0,100,50
8975101.0,99,51
8975140.0,104,52
8975165.0,96,50
8975184.0,102,53
8975223.0,92,55
8975236.0,98,52
8975416.0,105,54
8975535.0,103,54
8975555.0,104,50
8975569.0,102,48
8975574.0,106,52
8975578.0,102,54
8975595.0,91,54
8975622.0,106,55
8975656.0,91,76
8975669.0,99,65
8975697.0,100,51
8975699.0,105,55
8975813.0,96,52
8975857.0,99,51
8975887.0,91,77
8975892.0,105,51
8975973.0,100,51
8975981.0,97,55
8976000.0,95,49
8976053.0,103,49
8976062.0,96,50
8976081.0,91,54
8976111.0,104,53
8976116.0,106,54
8976153.0,95,54
8976173.0,94,51
8976314.0,103,53
8976497.0,54,55
8976509.0,94,50
8976662.0,94,49
8976682.0,106,54
8976691.0,99,52
8976701.0,95,50
8976768.0,105,53
8976851.0,72,92
8976879.0,102,48
8977044.0,96,51
8977058.0,92,58
8977100.0,102,58
8977190.0,92,57
8977215.0,103,59
8977252.0,101,49
8977259.0,103,57
8977307.0,92,56
8977322.0,96,54
8977339.0,106,54
8977359.0,99,59
8977539.0,102,57
8977767.0,103,53
8977775.0,106,54
8977841.0,100,51
8977849.0,95,49
8978162.0,103,59
8978186.0,101,52
8978267.0,90,75
8978285.0,93,52
8978360.0,94,49
8978442.0,102,54
8978462.0,99,53
8978481.0,98,54
8978536.0,93,53
8978540.0,105,52
8978550.0,92,59
8978702.0,101,59
8978704.0,104,49
8978711.0,99,53
8978941.0,106,51
8979030.0,100,59
8979106.0,99,67
8979134.0,92,55
8979138.0,93,54
8979159.0,102,49
8979230.0,92,54
8979247.0,102,52
8979268.0,95,49
8979303.0,94,49
8979358.0,105,50
8979391.0,96,51
8979407.0,94,50
8979535.0,96,53
8979568.0,99,66
8979580.0,94,84
8979654.0,93,53
8979680.0,93,63
8979710.0,104,48
8979731.0,95,54
8979747.0,105,55
8979925.0,106,49
8979937.0,93,84
8979973.0,95,83
8980099.0,92,56
8980208.0,101,56
8980210.0,93,52
8980236.0,96,51
8980382.0,94,84
8980460.0,93,84
8980479.0,101,55
8980526.0,95,53
8980554.0,104,56
8980666.0,104,50
8980742.0,92,55
8980748.0,101,50
8980949.0,93,51
8980983.0,99,50
8981087.0,101,48
8981156.0,94,54
8981173.0,98,51
8981202.0,104,51
8981294.0,103,48
8981428.0,102,50
8981459.0,100,49
8981544.0,97,52
8981623.0,105,49
8981651.0,103,49
8981733.0,103,56
8981824.0,94,52
8981901.0,95,53
8981925.0,96,53
8982071.0,78,76
8982113.0,101,48
8982118.0,105,51
8982233.0,100,51
8982260.0,100,49
8982355.0,92,64
8982372.0,103,48
8982400.0,98,51
8982462.0,103,49
8982492.0,92,63
8982508.0,101,49
8982518.0,103,57
8982525.0,100,54
8982538.0,102,50
8982590.0,93,51
8982611.0,99,50
8982626.0,93,65
8982629.0,104,51
8982643.0,93,50
8982674.0,93,52
8982680.0,103,50
8982786.0,94,49
8982815.0,104,48
8982903.0,101,60
8983009.0,101,48
8983085.0,99,61
8983087.0,97,52
8983113.0,92,54
8983128.0,95,54
8983149.0,96,53
8983153.0,104,55
8983256.0,105,51
8983260.0,93,51
8983264.0,103,48
8983405.0,101,52
8983468.0,95,50
8983479.0,93,50
8983512.0,101,60
8983557.0,100,49
8983594.0,98,51
8983625.0,99,50
8983811.0,104,53
8983859.0,95,53
8984143.0,105,49
8984166.0,94,49
8984176.0,101,51
8984196.0,105,54
8984280.0,95,49
8984283.0,95,52
8984297.0,96,53
8984344.0,92,54
8984391.0,100,55
8984533.0,101,60
8984535.0,93,50
8984558.0,92,56
8984563.0,104,52
8984601.0,98,52
8984647.0,95,51
8984742.0,104,50
8984779.0,92,55
8984793.0,97,52
8984796.0,105,51
8984816.0,103,55
8984847.0,96,50
8984865.0,93,51
8984866.0,95,50
8984923.0,95,51
8984925.0,95,54
8984979.0,102,51
8985052.0,103,51
8985078.0,102,55
8985079.0,104,48
8985108.0,105,51
8985128.0,92,57
8985193.0,104,50
8985222.0,104,54
8985227.0,93,50
8985331.0,104,56
8985396.0,98,51
8985410.0,96,54
8985517.0,103,55
8985523.0,103,51
8985545.0,105,52
8985619.0,95,50
8985695.0,95,51
8985834.0,92,54
8985973.0,99,51
8986025.0,105,51
8986116.0,104,50
8986245.0,104,49
8986406.0,104,53
8986411.0,95,50
8986418.0,104,50
8986424.0,100,60
8986429.0,105,53
8986582.0,103,53
8986603.0,94,49
8986635.0,92,53
8986652.0,100,72
8986672.0,95,52
8986853.0,103,52
8986858.0,102,53
8986863.0,105,49
8986871.0,97,50
8986896.0,95,50
8986948.0,95,52
8986961.0,102,57
8987052.0,93,50
8987119.0,101,58
8987142.0,95,54
8987327.0,97,52
8987367.0,102,54
8987383.0,100,52
8987465.0,100,71
8987538.0,92,62
8987544.0,92,54
8987558.0,95,52
8987729.0,105,54
8987760.0,95,51
8987868.0,91,72
8987888.0,102,54
8987890.0,105,49
8987895.0,91,83
8987924.0,93,65
8987940.0,97,68
8987981.0,104,50
8988112.0,105,53
8988120.0,105,54
8988209.0,99,69
8988213.0,58,77
8988255.0,92,53
8988257.0,101,54
8988282.0,96,55
8988287.0,89,78
8988290.0,103,51
8988293.0,103,50
8988307.0,100,50
8988350.0,102,56
8988362.0,100,48
8988369.0,100,49
8988454.0,58,77
8988461.0,93,49
8988463.0,101,59
8988545.0,102,49
8988546.0,59,77
8988620.0,105,49
8988647.0,101,52
8988667.0,103,48
8988715.0,95,51
8988726.0,103,50
8988797.0,95,54
8988816.0,91,72
8988858.0,92,52
8988939.0,94,54
8988983.0,89,81
8988996.0,94,53
8989014.0,99,49
8989043.0,101,52
8989090.0,85,72
8989121.0,100,48
8989152.0,101,47
8989165.0,96,53
8989291.0,91,71
8989298.0,105,49
8989323.0,98,50
8989382.0,59,77
8989387.0,101,50
8989392.0,103,48
8989431.0,103,50
8989466.0,94,52
8989503.0,102,48
8989539.0,99,51
8989544.0,93,64
8989619.0,89,81
8989640.0,94,50
8989653.0,100,51
8989671.0,99,50
8989699.0,90,82
8989717.0,101,49
8989783.0,91,72
8989857.0,99,57
8989900.0,104,55
8989981.0,89,80
8989998.0,103,50
8989999.0,104,48
8990009.0,103,55
8990012.0,97,51
8990028.0,102,50
8990039.0,101,52
8990117.0,103,51
8990167.0,99,50
8990203.0,103,48
8990235.0,103,55
8990238.0,92,53
8990347.0,91,72
8990354.0,99,49
8990451.0,98,55
8990489.0,104,49
8990530.0,92,52
8990538.0,94,50
8990555.0,99,52
8990619.0,102,49
8990630.0,98,50
8990657.0,99,50
8990657.0,101,47
8990707.0,91,58
8990723.0,95,61
8990805.0,102,48
8990869.0,92,51
8990874.0,89,81
8990907.0,103,50
8990917.0,92,73
8990933.0,99,50
8990943.0,88,79
8990958.0,103,49
8990968.0,101,51
8991025.0,102,52
8991090.0,103,57
8991092.0,98,53
8991096.0,103,55
8991190.0,99,49
8991254.0,100,48
8991271.0,102,57
8991275.0,103,50
8991286.0,90,79
8991293.0,100,55
8991344.0,104,48
8991388.0,103,55
8991472.0,98,50
8991582.0,97,51
8991596.0,99,68
8991637.0,103,51
8991747.0,103,57
8991832.0,92,50
8991833.0,94,54
8991839.0,101,50
8991851.0,87,80
8991912.0,101,58
8992049.0,92,51
8992066.0,95,53
8992068.0,96,62
8992101.0,91,57
8992111.0,96,52
8992124.0,92,52
8992138.0,94,51
8992212.0,100,52
8992251.0,92,66
8992402.0,100,58
8992438.0,99,54
8992497.0,94,50
8992514.0,91,56
8992554.0,103,57
8992559.0,104,49
8992576.0,100,52
8992587.0,94,52
8992608.0,102,52
8992657.0,91,59
8992673.0,103,56
8992697.0,91,58
8992704.0,101,53
8992717.0,91,80
8992734.0,92,55
8992752.0,92,50
8992803.0,93,49
8992851.0,93,67
8992890.0,97,51
8992993.0,91,56
8993045.0,103,52
8993066.0,103,53
8993068.0,104,49
8993081.0,92,53
8993085.0,104,52
8993183.0,99,60
8993248.0,100,52
8993253.0,99,52
8993253.0,94,53
8993258.0,103,52
8993286.0,104,57
8993573.0,105,50
8993580.0,91,59
8993581.0,94,51
8993584.0,97,50
8993597.0,91,56
8993599.0,93,51
8993607.0,96,52
8993623.0,100,49
8993711.0,103,48
8993738.0,92,51
8993754.0,91,55
8993771.0,92,50
8993788.0,95,53
8993871.0,94,52
8993884.0,97,52
8993899.0,98,51
8993918.0,93,65
8993920.0,99,48
8994058.0,104,49
8994149.0,103,50
8994165.0,102,49
8994184.0,99,50
8994203.0,105,50
8994207.0,99,65
8994237.0,96,54
8994246.0,103,52
8994252.0,93,54
8994264.0,92,63
8994304.0,102,48
8994309.0,98,53
8994358.0,97,50
8994362.0,103,53
8994364.0,99,59
8994365.0,96,52
8994367.0,103,50
8994385.0,98,49
8994386.0,104,54
8994396.0,74,92
8994425.0,100,53
8994574.0,102,57
8994579.0,104,49
8994586.0,99,52
8994589.0,99,50
8994629.0,103,55
8994804.0,95,66
8994833.0,99,49
8994843.0,101,49
8994883.0,100,47
8994901.0,104,54
8994945.0,75,92
8995011.0,97,50
8995026.0,91,54
8995097.0,102,52
8995155.0,102,48
8995243.0,99,64
8995271.0,97,51
8995405.0,103,49
8995413.0,101,49
8995484.0,99,50
8995499.0,95,54
8995575.0,104,51
8995600.0,99,63
8995605.0,101,47
8995621.0,104,49
8995639.0,91,55
8995687.0,94,54
8995688.0,95,53
8995733.0,97,50
8995740.0,101,53
8995774.0,91,56
8995926.0,104,53
8996011.0,98,49
8996067.0,99,48
8996158.0,92,50
8996300.0,102,51
8996309.0,91,55
8996332.0,98,55
8996349.0,100,50
8996370.0,93,50
8996391.0,101,48
8996485.0,96,52
8996626.0,102,48
8996645.0,99,54
8996648.0,104,49
8996688.0,103,54
8996755.0,101,48
8996801.0,97,50
8996863.0,99,65
8996870.0,93,50
8996941.0,101,50
8996958.0,91,54
8996983.0,98,51
8997010.0,103,48
8997011.0,99,54
8997012.0,91,53
8997050.0,103,50
8997055.0,93,50
8997076.0,105,54
8997088.0,91,50
8997186.0,95,75
8997201.0,104,51
8997205.0,100,47
8997264.0,98,52
8997336.0,98,49
8997454.0,84,85
8997509.0,94,54
8997528.0,105,54
8997553.0,91,52
8997625.0,100,57
8997651.0,100,50
8997654.0,91,58
8997674.0,93,50
8997683.0,85,85
8997691.0,97,50
8997719.0,103,56
8997727.0,92,56
8997741.0,94,49
8997789.0,104,54
8997817.0,95,53
8997829.0,91,59
8997833.0,99,53
8997841.0,100,54
8997851.0,98,53
8998062.0,101,56
8998069.0,102,49
8998089.0,94,51
8998113.0,94,49
8998152.0,104,53
8998153.0,102,51
8998181.0,101,58
8998195.0,102,50
8998241.0,92,67
8998267.0,103,56
8998269.0,100,47
8998293.0,101,48
8998300.0,103,50
8998319.0,95,52
8998356.0,98,50
8998360.0,91,51
8998384.0,99,53
8998443.0,96,51
8998455.0,104,52
8998491.0,91,50
8998522.0,103,48
8998532.0,99,66
8998547.0,91,54
8998559.0,103,49
8998708.0,91,53
8998844.0,101,53
8998865.0,85,85
8998968.0,91,52
8999011.0,101,52
8999042.0,98,69
8999044.0,98,84
8999092.0,93,51
8999123.0,93,65
8999213.0,102,53
8999244.0,95,55
8999251.0,101,50
8999260.0,102,51
8999267.0,99,51
8999279.0,96,51
8999284.0,103,49
8999301.0,85,85
8999310.0,91,50
8999344.0,93,51
8999344.0,92,78
8999350.0,94,52
8999363.0,97,53
8999425.0,85,84
8999447.0,101,52
8999459.0,91,55
8999632.0,103,48
8999653.0,85,84
8999661.0,91,51
8999708.0,92,51
8999741.0,93,51
8999773.0,99,47
8999822.0,90,83
8999836.0,100,52
8999851.0,99,49
8999942.0,101,48
8999982.0,97,50
8999994.0,103,49
9000014.0,98,66
9000053.0,93,53
9000103.0,101,54
9000180.0,91,50
9000239.0,97,51
9000259.0,93,55
9000376.0,96,51
9000383.0,104,53
9000400.0,100,55
9000426.0,103,49
9000464.0,101,54
9000543.0,101,52
9000648.0,93,52
9000657.0,91,52
9000799.0,102,52
9000881.0,103,51
9000907.0,98,54
9000925.0,101,54
9000932.0,100,48
9000953.0,99,47
9000998.0,93,51
9001072.0,101,52
9001076.0,101,51
9001193.0,102,51
9001223.0,103,51
9001259.0,93,51
9001276.0,92,50
9001298.0,103,49
9001316.0,101,54
9001383.0,100,55
9001416.0,101,51
9001456.0,91,53
9001467.0,91,50
9001560.0,95,52
9001573.0,100,70
9001648.0,93,54
9001674.0,93,53
9001689.0,97,49
9001705.0,100,47
9001714.0,97,53
9001857.0,100,49
9001859.0,91,51
9001864.0,99,47
9001884.0,91,52
9001919.0,101,49
9001968.0,101,51
9001991.0,96,51
9002023.0,100,47
9002030.0,93,52
9002052.0,100,53
9002159.0,91,82
9002160.0,103,55
9002228.0,103,56
9002234.0,92,50
9002240.0,98,52
9002309.0,103,52
9002338.0,95,52
9002340.0,93,50
9002341.0,93,52
9002348.0,92,52
9002375.0,96,52
9002387.0,99,52
9002420.0,100,53
9002440.0,94,53
9002447.0,94,59
9002464.0,97,50
9002528.0,98,49
9002614.0,101,51
9002618.0,103,55
9002678.0,101,52
9002684.0,99,58
9002727.0,102,57
9002744.0,101,56
9002882.0,93,51
9002898.0,90,56
9002898.0,97,49
9002963.0,98,48
9002978.0,90,57
9003050.0,102,57
9003079.0,97,51
9003116.0,100,47
9003163.0,101,51
9003311.0,93,51
9003321.0,102,50
9003323.0,102,49
9003335.0,93,52
9003336.0,96,50
9003342.0,99,47
9003366.0,102,55
9003427.0,100,48
9003503.0,97,51
9003506.0,52,57
9003555.0,103,50
9003562.0,103,55
9003658.0,92,50
9003690.0,103,56
9003732.0,98,64
9003743.0,102,53
9003818.0,99,54
9003836.0,104,53
9003879.0,99,50
9003896.0,98,54
9003899.0,101,51
9003943.0,99,59
9003949.0,103,51
9004094.0,99,62
9004103.0,91,60
9004183.0,103,55
9004189.0,101,60
9004203.0,94,53
9004255.0,96,57
9004257.0,92,50
9004272.0,97,51
9004334.0,90,59
9004336.0,103,51
9004347.0,90,57
9004359.0,90,56
9004431.0,99,66
9004484.0,102,50
9004499.0,91,71
9004511.0,99,62
9004521.0,100,50
9004603.0,101,50
9004760.0,92,76
9004787.0,96,50
9004794.0,97,51
9004804.0,95,56
9004867.0,97,49
9004952.0,91,57
9004972.0,103,51
9005004.0,99,55
9005031.0,99,70
9005034.0,96,72
9005035.0,95,56
9005042.0,91,56
9005066.0,99,71
9005104.0,92,65
9005169.0,92,51
9005183.0,90,55
9005191.0,90,58
9005206.0,92,50
9005232.0,90,79
9005274.0,103,55
9005355.0,91,61
9005365.0,95,54
9005375.0,95,52
9005447.0,94,53
9005470.0,102,50
9005482.0,90,56
9005496.0,97,52
9005530.0,92,50
9005603.0,100,58
9005623.0,100,53
9005695.0,96,50
9005824.0,91,62
9005852.0,90,52
9005886.0,99,54
9005952.0,101,58
9005953.0,99,61
9005960.0,91,50
9005962.0,102,54
9005965.0,90,57
9006005.0,90,53
9006035.0,95,51
9006059.0,103,55
9006077.0,103,50
9006087.0,100,70
9006189.0,90,50
9006234.0,90,55
9006243.0,92,57
9006264.0,102,50
9006304.0,101,58
9006367.0,92,51
9006373.0,101,51
9006412.0,97,48
9006497.0,90,51
9006522.0,90,59
9006556.0,91,51
9006615.0,90,54
9006632.0,92,50
9006655.0,102,56
9006757.0,98,47
9006781.0,93,56
9006808.0,90,58
9006848.0,93,66
9006873.0,93,54
9007071.0,101,53
9007124.0,90,52
9007158.0,98,49
9007175.0,94,53
9007229.0,90,53
9007244.0,92,58
9007252.0,95,51
9007279.0,90,51
9007280.0,100,57
9007313.0,92,56
9007315.0,99,47
9007381.0,96,51
9007393.0,98,47
9007452.0,93,55
9007455.0,101,49
9007479.0,85,79
9007545.0,90,56
9007591.0,103,51
9007609.0,98,53
9007640.0,94,55
9007653.0,97,49
9007659.0,102,51
9007666.0,92,53
9007675.0,98,51
9007692.0,99,51
9007733.0,100,52
9007745.0,96,51
9007752.0,101,51
9007801.0,93,58
9007857.0,99,53
9007949.0,103,54
9007966.0,97,53
9007978.0,90,55
9008023.0,90,54
9008029.0,90,52
9008037.0,96,54
9008052.0,100,71
9008168.0,97,48
9008185.0,98,47
9008202.0,95,51
9008204.0,98,65
9008245.0,100,59
9008281.0,91,50
9008312.0,99,54
9008457.0,97,65
9008510.0,96,51
9008587.0,100,51
9008642.0,94,61
9008651.0,99,49
9008686.0,98,67
9008751.0,102,48
9008757.0,92,54
9008762.0,92,59
9008769.0,93,54
9008916.0,99,48
9008929.0,99,56
9008950.0,97,48
9008977.0,100,48
9009026.0,92,51
9009161.0,92,52
9009267.0,99,47
9009398.0,94,52
9009422.0,98,47
9009434.0,98,66
9009456.0,101,52
9009468.0,100,52
9009505.0,99,47
9009633.0,90,51
9009662.0,91,52
9009676.0,97,54
9009783.0,100,54
9009795.0,98,52
9009831.0,96,49
9009862.0,90,59
9009898.0,73,91
9009980.0,92,55
9009990.0,97,52
9010182.0,99,50
9010237.0,92,53
9010250.0,93,68
9010264.0,98,50
9010333.0,99,47
9010487.0,91,51
9010538.0,90,52
9010605.0,100,47
9010616.0,93,55
9010617.0,90,57
9010689.0,100,49
9010740.0,100,52
9010773.0,101,49
9010780.0,92,54
9010785.0,97,65
9010792.0,101,50
9010976.0,99,53
9011052.0,93,51
9011061.0,99,47
9011065.0,89,51
9011077.0,101,57
9011080.0,103,54
9011100.0,90,53
9011147.0,97,65
9011241.0,95,53
9011266.0,101,48
9011302.0,96,51
9011350.0,64,55
9011378.0,63,55
9011395.0,95,50
9011397.0,93,51
9011409.0,100,50
9011432.0,98,48
9011457.0,97,47
9011509.0,103,53
9011524.0,99,47
9011572.0,102,55
9011598.0,92,52
9011643.0,95,52
9011644.0,98,55
9011692.0,93,54
9011694.0,64,55
9011702.0,91,51
9011705.0,96,53
9011774.0,101,56
9011789.0,99,48
9011812.0,94,52
9011822.0,100,47
9011999.0,91,53
9012019.0,96,53
9012047.0,102,52
9012075.0,99,47
9012077.0,101,50
9012156.0,98,66
9012162.0,89,51
9012179.0,101,47
9012197.0,97,48
9012214.0,98,67
9012259.0,95,50
9012375.0,91,64
9012473.0,98,47
9012500.0,101,47
9012538.0,94,55
9012588.0,97,47
9012594.0,100,57
9012672.0,101,48
9012695.0,97,49
9012767.0,85,85
9012791.0,99,52
9012806.0,93,51
9012908.0,103,53
9012921.0,91,51
9012930.0,93,53
9012974.0,91,63
9012977.0,96,48
9013014.0,99,60
9013018.0,97,53
9013056.0,90,56
9013061.0,94,51
9013082.0,96,50
9013130.0,93,51
9013131.0,103,52
9013135.0,91,51
9013142.0,100,57
9013183.0,85,85
9013192.0,89,52
9013306.0,104,53
9013316.0,89,56
9013340.0,102,50
9013362.0,103,52
9013385.0,90,61
9013387.0,102,52
9013392.0,102,49
9013394.0,94,56
9013450.0,97,47
9013483.0,63,55
9013544.0,95,49
9013615.0,104,53
9013620.0,102,55
9013664.0,89,51
9013755.0,89,57
9013775.0,99,53
9013847.0,101,55
9013950.0,95,53
9013958.0,89,53
9013965.0,89,52
9014003.0,85,85
9014035.0,98,49
9014111.0,94,51
9014124.0,96,52
9014131.0,91,65
9014157.0,92,66
9014199.0,96,48
9014252.0,98,51
9014291.0,98,47
9014331.0,90,52
9014344.0,95,51
9014346.0,99,57
9014453.0,97,65
9014491.0,89,51
9014514.0,91,71
9014544.0,97,50
9014545.0,101,50
9014554.0,100,51
9014593.0,97,54
9014594.0,89,54
9014606.0,101,53
9014614.0,94,51
9014718.0,91,52
9014733.0,89,52
9014759.0,91,51
9014786.0,90,60
9014843.0,89,57
9014866.0,93,55
9014911.0,98,51
9014912.0,90,54
9014921.0,99,70
9014951.0,99,51
9014972.0,100,71
9015018.0,96,49
9015025.0,95,54
9015038.0,96,67
9015051.0,100,49
9015071.0,89,53
9015077.0,89,58
9015090.0,102,51
9015188.0,96,53
9015194.0,99,47
9015339.0,97,51
9015415.0,100,58
9015435.0,97,47
9015453.0,96,54
9015529.0,98,48
9015556.0,102,50
9015562.0,89,55
9015598.0,100,70
9015626.0,94,51
9015676.0,89,56
9015708.0,90,51
9015718.0,100,47
9015719.0,102,52
9015730.0,89,57
9015790.0,98,51
9015799.0,98,56
9015803.0,93,61
9015826.0,100,51
9015847.0,90,57
9015915.0,100,70
9015928.0,99,67
9015984.0,100,56
9016062.0,89,51
9016091.0,98,47
9016095.0,99,55
9016102.0,99,47
9016156.0,91,52
9016202.0,90,50
9016237.0,98,53
9016330.0,89,54
9016335.0,98,67
9016403.0,98,51
9016409.0,89,53
9016423.0,99,53
9016473.0,92,55
9016478.0,91,54
9016503.0,95,50
9016517.0,97,50
9016527.0,98,47
9016573.0,95,51
9016583.0,99,67
9016584.0,90,50
9016626.0,93,56
9016630.0,90,51
9016664.0,92,54
9016701.0,91,58
9016705.0,97,56
9016752.0,99,50
9016760.0,94,50
9016823.0,99,51
9016859.0,96,47
9016890.0,88,76
9016925.0,100,48
9016940.0,99,47
9017055.0,99,70
9017150.0,89,52
9017202.0,91,53
9017306.0,89,58
9017337.0,98,54
9017363.0,89,55
9017429.0,94,53
9017434.0,85,79
9017442.0,85,78
9017489.0,96,52
9017509.0,88,52
9017532.0,97,52
9017555.0,100,57
9017610.0,99,67
9017613.0,84,79
9017701.0,92,66
9017705.0,98,48
9017723.0,91,54
9017745.0,86,78
9017764.0,97,64
9017811.0,89,57
9017827.0,99,71
9017828.0,93,52
9017835.0,99,52
9017842.0,97,47
9017851.0,94,50
9017853.0,99,54
9017855.0,99,68
9017868.0,101,56
9017873.0,85,79
9017875.0,96,47
9017891.0,95,48
9017896.0,100,50
9017916.0,98,68
9017952.0,97,52
9017963.0,89,59
9018002.0,100,52
9018006.0,90,51
9018014.0,99,59
9018084.0,71,68
9018094.0,99,60
9018190.0,91,55
9018205.0,101,51
9018242.0,100,72
9018248.0,99,50
9018278.0,85,81
9018290.0,100,54
9018337.0,89,56
9018393.0,102,50
9018448.0,96,47
9018469.0,100,48
9018486.0,90,53
9018520.0,97,51
9018527.0,89,53
9018553.0,98,53
9018567.0,86,81
9018588.0,93,52
9018619.0,99,52
9018676.0,95,48
9018677.0,94,66
9018679.0,100,50
9018682.0,92,57
9018727.0,85,81
9018804.0,97,52
9018840.0,100,47
9018896.0,91,53
9018908.0,98,52
9019041.0,92,58
9019082.0,102,52
9019127.0,101,52
9019168.0,94,67
9019169.0,88,52
9019188.0,97,52
9019218.0,88,51
9019223.0,93,52
9019253.0,102,50
9019277.0,90,61
9019278.0,91,55
9019319.0,91,57
9019359.0,97,47
9019474.0,94,66
9019504.0,89,58
9019525.0,100,50
9019532.0,89,60
9019557.0,89,59
9019564.0,99,71
9019649.0,92,54
9019678.0,101,54
9019692.0,96,47
9019733.0,99,58
9019736.0,102,50
9019811.0,95,53
9019866.0,95,52
9019868.0,95,49
9019912.0,98,50
9019937.0,90,58
9019974.0,90,52
9019992.0,91,54
9019994.0,89,51
9020008.0,93,60
9020025.0,88,52
9020077.0,95,48
9020090.0,101,52
9020162.0,95,52
9020227.0,89,52
9020230.0,95,53
9020242.0,93,62
9020245.0,100,72
9020281.0,98,50
9020283.0,101,54
9020287.0,94,51
9020346.0,102,53
9020360.0,89,54
9020387.0,98,62
9020427.0,97,48
9020454.0,94,53
9020459.0,91,54
9020461.0,98,47
9020476.0,99,62
9020479.0,97,49
9020501.0,88,80
9020504.0,85,81
9020545.0,97,47
9020645.0,95,52
9020665.0,98,56
9020666.0,102,54
9020686.0,89,55
9020691.0,93,51
9020708.0,91,56
9020711.0,92,77
9020716.0,96,51
9020751.0,94,49
9020760.0,89,60
9020769.0,88,52
9020770.0,92,60
9020784.0,100,72
9020789.0,93,56
9020794.0,98,49
9020815.0,98,52
9020832.0,87,81
9020834.0,99,47
9020858.0,99,70
9020882.0,92,67
9020897.0,95,48
9020901.0,96,50
9020981.0,95,52
9021002.0,91,56
9021021.0,88,53
9021034.0,99,49
9021040.0,90,80
9021063.0,98,67
9021077.0,93,56
9021191.0,91,59
9021240.0,90,52
9021248.0,90,57
9021347.0,102,54
9021374.0,98,65
9021380.0,89,57
9021390.0,98,53
9021404.0,93,51
9021427.0,102,52
9021431.0,92,54
9021445.0,101,52
9021461.0,91,54
9021474.0,88,54
9021514.0,98,47
9021587.0,89,59
9021675.0,99,57
9021678.0,95,52
9021782.0,93,52
9021784.0,100,56
9021789.0,88,52
9021824.0,99,68
9021904.0,93,51
9021947.0,89,51
9021960.0,91,54
9022006.0,88,53
9022053.0,98,51
9022195.0,99,47
9022281.0,54,47
9022300.0,91,67
9022327.0,98,68
9022356.0,89,61
9022361.0,97,52
9022430.0,96,50
9022454.0,91,72
9022456.0,88,55
9022465.0,101,55
9022479.0,92,53
9022579.0,98,47
9022587.0,92,55
9022618.0,100,50
9022629.0,92,69
9022649.0,95,47
9022651.0,98,69
9022673.0,92,72
9022744.0,99,48
9022791.0,99,51
9022837.0,94,72
9022894.0,93,53
9022906.0,88,53
9022935.0,102,51
9022955.0,101,50
9022996.0,90,50
9023036.0,99,55
9023055.0,93,51
9023074.0,94,51
9023091.0,93,72
9023113.0,92,72
9023119.0,91,52
9023122.0,102,53
9023124.0,89,83
9023184.0,97,48
9023203.0,100,51
9023205.0,90,53
9023213.0,101,52
9023216.0,99,58
9023254.0,100,55
9023273.0,68,48
9023296.0,99,54
9023336.0,90,62
9023375.0,101,53
9023405.0,91,74
9023452.0,93,56
9023453.0,101,51
9023523.0,98,53
9023537.0,92,53
9023552.0,98,61
9023555.0,94,72
9023558.0,91,55
9023562.0,102,51
9023572.0,88,54
9023585.0,97,53
9023586.0,89,53
9023626.0,99,69
9023656.0,99,51
9023713.0,91,60
9023729.0,93,61
9023740.0,94,61
9023747.0,91,52
9023773.0,93,50
9023790.0,89,51
9023860.0,95,53
9023935.0,98,50
9023943.0,89,60
9023964.0,95,48
9023988.0,101,51
9024000.0,99,56
9024009.0,89,83
9024013.0,88,52
9024030.0,99,48
9024039.0,93,72
9024044.0,97,53
9024082.0,90,52
9024115.0,89,61
9024145.0,94,72
9024196.0,96,47
9024258.0,97,64
9024272.0,99,59
9024303.0,101,50
9024318.0,90,53
9024420.0,91,70
9024435.0,94,52
9024455.0,90,54
9024476.0,100,73
9024526.0,88,55
9024531.0,94,50
9024553.0,89,52
9024555.0,98,51
9024569.0,101,50
9024587.0,94,72
9024613.0,97,59
9024618.0,98,60
9024619.0,90,52
9024636.0,99,59
9024638.0,93,72
9024679.0,98,52
9024734.0,100,57
9024786.0,102,52
9024792.0,92,59
9024825.0,90,59
9024850.0,94,49
9024899.0,92,52
9024904.0,93,50
9024936.0,97,53
9024969.0,94,48
9025015.0,94,50
9025038.0,90,78
9025057.0,101,50
9025096.0,99,54
9025185.0,93,72
9025223.0,95,47
9025234.0,96,47
9025285.0,89,58
9025320.0,100,57
9025333.0,95,52
9025341.0,92,53
9025348.0,99,50
9025352.0,89,52
9025375.0,101,51
9025391.0,99,47
9025440.0,93,48
9025454.0,97,54
9025470.0,90,58
9025475.0,88,56
9025501.0,87,52
9025533.0,96,48
9025553.0,100,54
9025620.0,94,50
9025684.0,99,53
9025726.0,88,57
9025730.0,101,50
9025749.0,75,93
9025767.0,97,47
9025797.0,47,85
9025866.0,92,85
9025874.0,94,48
9025880.0,100,72
9025991.0,98,52
9026026.0,92,52
9026035.0,91,55
9026048.0,96,52
9026076.0,98,47
9026086.0,93,50
9026132.0,99,52
9026135.0,99,50
9026172.0,89,54
9026207.0,91,85
9026241.0,89,52
9026249.0,90,54
9026283.0,99,58
9026309.0,90,55
9026366.0,92,85
9026436.0,88,56
9026437.0,101,55
9026493.0,88,53
9026546.0,98,69
9026581.0,97,47
9026590.0,99,52
9026601.0,92,52
9026660.0,97,69
9026663.0,91,85
9026676.0,99,58
9026684.0,86,86
9026700.0,99,47
9026722.0,97,49
9026756.0,101,50
9026767.0,88,58
9026778.0,88,54
9026850.0,93,52
9026877.0,99,69
9026907.0,96,53
9026967.0,90,53
9026981.0,98,49
9027070.0,92,67
9027088.0,98,50
9027112.0,94,73
9027116.0,97,49
9027116.0,97,52
9027141.0,91,67
9027167.0,87,53
9027218.0,86,84
9027232.0,85,79
9027252.0,96,49
9027262.0,95,51
9027266.0,98,52
9027283.0,97,65
9027318.0,98,47
9027336.0,85,85
9027350.0,99,47
9027365.0,87,52
9027368.0,90,55
9027389.0,91,66
9027420.0,86,79
9027438.0,98,66
9027439.0,91,54
9027439.0,91,59
9027445.0,93,49
9027511.0,95,50
9027539.0,97,47
9027545.0,92,56
9027560.0,98,47
9027614.0,93,51
9027638.0,99,71
9027646.0,90,53
9027668.0,89,55
9027704.0,100,56
9027766.0,92,52
9027807.0,89,62
9027860.0,88,57
9027888.0,87,85
9027917.0,94,53
9027957.0,99,57
9027986.0,99,48
9028074.0,99,55
9028112.0,87,52
9028154.0,87,53
9028199.0,99,70
9028243.0,95,47
9028274.0,96,54
9028310.0,100,52
9028318.0,94,53
9028331.0,98,71
9028358.0,92,51
9028370.0,99,57
9028372.0,99,62
9028402.0,99,55
9028406.0,86,79
9028435.0,88,53
9028454.0,98,57
9028569.0,88,59
9028577.0,91,54
9028589.0,99,54
9028610.0,88,51
9028621.0,98,48
9028638.0,91,65
9028700.0,89,53
9028725.0,99,48
9028729.0,98,47
9028757.0,88,52
9028826.0,90,53
9028840.0,100,57
9028909.0,99,50
9028923.0,98,69
9028931.0,98,68
9028968.0,97,51
9028984.0,96,51
9028993.0,93,79
9029025.0,97,53
9029038.0,98,51
9029109.0,97,52
9029121.0,89,57
9029170.0,88,54
9029172.0,95,50
9029201.0,99,55
9029205.0,88,51
9029205.0,90,56
9029209.0,90,53
9029212.0,97,51
9029273.0,89,54
9029305.0,88,55
9029310.0,97,50
9029328.0,91,56
9029373.0,87,53
9029383.0,99,57
9029390.0,94,47
9029422.0,92,60
9029454.0,97,52
9029471.0,92,51
9029505.0,94,52
9029547.0,89,80
9029573.0,88,52
9029708.0,96,48
9029731.0,90,75
9029821.0,87,54
9029829.0,89,53
9029933.0,88,51
9029942.0,88,58
9030022.0,95,47
9030036.0,91,54
9030047.0,97,53
9030089.0,88,59
9030093.0,96,66
9030099.0,63,60
9030116.0,98,48
9030133.0,94,53
9030147.0,91,53
9030189.0,97,51
9030225.0,98,59
9030227.0,101,52
9030299.0,98,51
9030343.0,98,58
9030387.0,94,54
9030407.0,95,49
9030431.0,92,50
9030473.0,89,58
9030507.0,99,56
9030513.0,98,52
9030533.0,96,66
9030560.0,92,56
9030574.0,88,51
9030591.0,100,50
9030611.0,95,47
9030634.0,88,52
9030644.0,94,47
9030666.0,94,49
9030685.0,95,67
9030722.0,97,51
9030771.0,90,54
9030809.0,97,49
9030828.0,101,53
9030975.0,96,53
9031009.0,97,50
9031009.0,97,65
9031027.0,99,49
9031044.0,91,53
9031073.0,95,52
9031079.0,96,50
9031094.0,87,54
9031110.0,87,53
9031135.0,99,56
9031160.0,100,51
9031165.0,98,50
9031195.0,96,47
9031206.0,95,50
9031304.0,92,50
9031381.0,101,52
9031391.0,89,53
9031394.0,97,68
9031398.0,93,48
9031407.0,91,76
9031491.0,65,63
9031508.0,98,69
9031510.0,89,56
9031543.0,87,52
9031548.0,97,64
9031575.0,90,54
9031625.0,93,52
9031697.0,89,52
9031739.0,88,60
9031788.0,87,55
9031820.0,101,52
9031823.0,95,47
9031868.0,100,50
9031869.0,95,48
9031894.0,89,53
9031905.0,97,48
9031949.0,94,52
9031968.0,98,53
9032007.0,89,59
9032056.0,96,47
9032115.0,97,52
9032166.0,95,48
9032172.0,95,49
9032180.0,100,55
9032222.0,97,47
9032284.0,97,49
9032290.0,89,52
9032333.0,89,54
9032347.0,98,50
9032355.0,91,53
9032362.0,92,61
9032379.0,89,53
9032392.0,98,55
9032404.0,101,52
9032408.0,93,48
9032417.0,100,52
9032443.0,87,52
9032446.0,100,55
9032500.0,91,52
9032529.0,90,54
9032542.0,87,57
9032553.0,97,51
9032642.0,93,53
9032645.0,95,47
9032685.0,89,53
9032686.0,90,63
9032722.0,97,48
9032734.0,65,57
9032751.0,89,62
9032804.0,87,56
9032878.0,96,54
9032969.0,87,55
9032969.0,86,53
9032987.0,90,54
9032995.0,89,55
9032997.0,89,52
9033047.0,89,59
9033082.0,93,53
9033103.0,87,54
9033109.0,96,55
9033128.0,88,54
9033143.0,96,53
9033143.0,90,55
9033153.0,93,50
9033181.0,91,57
9033210.0,88,53
9033226.0,96,47
9033228.0,92,52
9033238.0,101,80
9033253.0,97,52
9033258.0,91,52
9033265.0,91,62
9033304.0,88,58
9033338.0,96,49
9033384.0,94,47
9033420.0,89,53
9033423.0,98,60
9033499.0,96,53
9033522.0,86,53
9033524.0,97,47
9033552.0,89,52
9033580.0,96,52
9033591.0,88,57
9033624.0,92,53
9033701.0,100,55
9033724.0,87,52
9033755.0,98,50
9033767.0,90,60
9033787.0,97,55
9033863.0,91,56
9033893.0,92,49
9033907.0,95,50
9033945.0,89,53
9033955.0,88,53
9033957.0,13,49
9033978.0,101,53
9033981.0,89,55
9034022.0,91,52
9034042.0,89,52
9034060.0,97,59
9034100.0,90,55
9034105.0,91,51
9034120.0,87,56
9034135.0,98,59
9034139.0,87,52
9034154.0,96,56
9034181.0,97,48
9034186.0,86,53
9034252.0,92,51
9034257.0,89,55
9034265.0,101,52
9034307.0,90,56
9034310.0,88,59
9034328.0,99,53
9034331.0,88,60
9034335.0,101,53
9034335.0,96,47
9034382.0,89,53
9034385.0,93,47
9034395.0,89,52
9034436.0,97,52
9034461.0,97,59
9034499.0,91,60
9034651.0,92,51
9034710.0,93,49
9034857.0,90,55
9034858.0,92,57
9034859.0,87,57
9034860.0,97,67
9034915.0,97,61
9034927.0,95,48
9034960.0,92,49
9035000.0,89,54
9035004.0,95,57
9035015.0,98,57
9035022.0,93,53
9035026.0,86,54
9035139.0,98,56
9035160.0,98,58
9035188.0,94,47
9035201.0,93,49
9035207.0,93,62
9035262.0,89,55
9035265.0,98,69
9035291.0,93,54
9035295.0,99,70
9035303.0,96,69
9035338.0,88,53
9035363.0,86,53
9035364.0,91,51
9035525.0,87,54
9035654.0,90,54
9035660.0,89,58
9035667.0,99,70
9035669.0,98,49
9035670.0,98,57
9035719.0,89,55
9035858.0,86,54
9035869.0,92,51
9035875.0,100,54
9035876.0,97,66
9035878.0,92,48
9035881.0,94,50
9035922.0,90,57
9035924.0,93,49
9035943.0,70,55
9035945.0,90,59
9035956.0,98,55
9035962.0,97,65
9035989.0,97,51
9036001.0,94,49
9036058.0,100,55
9036059.0,97,47
9036070.0,91,51
9036080.0,93,47
9036086.0,92,51
9036100.0,89,56
9036106.0,94,51
9036156.0,99,70
9036217.0,93,49
9036238.0,93,68
9036312.0,97,48
9036319.0,99,56
9036336.0,93,52
9036350.0,97,73
9036355.0,69,55
9036363.0,87,55
9036365.0,98,49
9036395.0,98,55
9036396.0,97,70
9036408.0,89,56
9036426.0,99,51
9036453.0,94,48
9036480.0,99,70
9036532.0,89,55
9036544.0,87,52
9036580.0,87,58
9036617.0,69,55
9036671.0,100,73
9036676.0,99,49
9036740.0,98,70
9036748.0,97,67
9036749.0,95,47
9036775.0,99,54
9036778.0,96,51
9036806.0,99,52
9036808.0,90,54
9036810.0,97,51
9036833.0,86,54
9036838.0,88,52
9036841.0,97,60
9036844.0,91,52
9036859.0,89,55
9036863.0,100,69
9036878.0,93,54
9036918.0,96,50
9036965.0,93,49
9036973.0,92,48
9036978.0,97,73
9036982.0,96,53
9037001.0,95,54
9037003.0,98,49
9037016.0,99,49
9037048.0,99,54
9037075.0,88,55
9037079.0,90,64
9037083.0,97,54
9037108.0,91,54
9037171.0,88,54
9037180.0,80,69
9037182.0,101,53
9037196.0,93,53
9037204.0,91,50
9037238.0,94,54
9037270.0,100,69
9037318.0,95,53
9037322.0,89,56
9037327.0,87,52
9037337.0,94,83
9037413.0,96,50
9037417.0,96,47
9037447.0,88,73
9037447.0,93,49
9037551.0,91,61
9037585.0,96,73
9037587.0,87,53
9037597.0,95,54
9037598.0,86,53
9037611.0,88,58
9037632.0,92,54
9037648.0,95,47
9037734.0,89,56
9037759.0,97,68
9037813.0,100,52
9037820.0,99,50
9037825.0,94,54
9037826.0,101,52
9037871.0,98,54
9037876.0,87,54
9037899.0,87,73
9037929.0,94,49
9037960.0,87,57
9037961.0,92,52
9037975.0,88,56
9037979.0,87,52
9037984.0,92,50
9038029.0,98,68
9038032.0,88,54
9038074.0,93,51
9038094.0,94,48
9038096.0,100,54
9038122.0,91,50
9038137.0,95,54
9038183.0,100,71
9038184.0,99,54
9038188.0,93,47
9038191.0,90,54
9038215.0,87,58
9038217.0,90,53
9038239.0,97,52
9038252.0,93,53
9038275.0,87,59
9038342.0,89,63
9038346.0,87,52
9038354.0,94,48
9038355.0,92,52
9038361.0,93,49
9038392.0,91,68
9038415.0,97,50
9038430.0,99,49
9038446.0,86,54
9038450.0,96,47
9038460.0,91,67
9038466.0,86,55
9038482.0,88,62
9038491.0,95,54
9038497.0,93,47
9038513.0,92,55
9038516.0,94,52
9038533.0,99,54
9038553.0,96,49
9038556.0,93,52
9038580.0,93,50
9038606.0,93,49
9038653.0,91,52
9038672.0,98,58
9038680.0,99,70
9038688.0,89,56
9038738.0,87,53
9038771.0,97,52
9038787.0,94,49
9038899.0,90,56
9038900.0,95,53
9038996.0,100,53
9039090.0,97,56
9039098.0,90,53
9039102.0,101,52
9039125.0,92,52
9039131.0,89,56
9039173.0,98,67
9039176.0,87,52
9039190.0,86,56
9039192.0,99,54
9039215.0,88,56
9039218.0,97,55
9039240.0,95,47
9039250.0,87,84
9039316.0,88,62
9039317.0,99,50
9039370.0,91,49
9039392.0,98,57
9039429.0,93,49
9039448.0,90,52
9039452.0,97,68
9039453.0,96,52
9039458.0,101,52
9039481.0,88,54
9039492.0,87,84
9039510.0,96,67
9039521.0,97,52
9039527.0,92,48
9039543.0,99,55
9039544.0,99,54
9039560.0,89,57
9039584.0,89,59
9039607.0,96,65
9039636.0,87,52
9039670.0,96,48
9039742.0,87,57
9039746.0,85,54
9039778.0,95,52
9039791.0,97,67
9039830.0,89,60
9039845.0,97,52
9039965.0,87,59
9039976.0,87,58
9039984.0,86,53
9039985.0,92,52
9040050.0,99,55
9040093.0,93,49
9040100.0,95,54
9040124.0,94,48
9040130.0,87,53
9040150.0,97,50
9040188.0,100,52
9040199.0,91,57
9040210.0,87,56
9040214.0,98,65
9040261.0,96,47
9040272.0,96,52
9040294.0,98,56
9040329.0,90,52
9040333.0,93,51
9040409.0,99,71
9040467.0,91,49
9040467.0,88,55
9040481.0,99,55
9040502.0,87,55
9040512.0,97,55
9040589.0,96,55
9040591.0,95,56
9040635.0,94,51
9040636.0,95,55
9040672.0,87,53
9040703.0,98,55
9040704.0,85,54
9040742.0,90,66
9040746.0,93,49
9040761.0,97,52
9040765.0,98,53
9040768.0,89,56
9040833.0,86,55
9040834.0,99,78
9040836.0,91,51
9040858.0,96,55
9040875.0,96,56
9040882.0,99,55
9040911.0,97,49
9041072.0,97,68
9041084.0,98,52
9041125.0,90,51
9041128.0,86,53
9041151.0,93,49
9041165.0,91,51
9041178.0,91,48
9041186.0,86,57
9041200.0,93,51
9041215.0,86,54
9041221.0,90,61
9041241.0,93,48
9041277.0,87,60
9041348.0,87,53
9041491.0,96,48
9041539.0,89,56
9041550.0,85,54
9041575.0,98,71
9041606.0,87,54
9041621.0,95,54
9041634.0,98,57
9041659.0,96,69
9041661.0,93,49
9041671.0,96,60
9041677.0,92,53
9041695.0,91,60
9041730.0,94,55
9041746.0,86,56
9041760.0,98,49
9041797.0,95,51
9041827.0,93,50
9041843.0,88,59
9041851.0,97,49
9041883.0,97,61
9041892.0,91,52
9041894.0,87,53
9041909.0,99,55
9041913.0,89,56
9041964.0,100,76
9041969.0,90,51
9042040.0,94,47
9042053.0,95,50
9042066.0,91,48
9042159.0,90,50
9042171.0,93,55
9042208.0,88,55
9042258.0,94,55
9042283.0,90,57
9042311.0,88,63
9042340.0,88,56
9042343.0,91,55
9042377.0,93,49
9042404.0,91,67
9042407.0,98,70
9042418.0,87,59
9042439.0,95,47
9042447.0,99,51
9042448.0,88,59
9042449.0,89,55
9042524.0,98,68
9042591.0,92,49
9042619.0,86,53
9042646.0,92,52
9042649.0,97,61
9042689.0,92,61
9042701.0,87,54
9042737.0,97,49
9042749.0,93,49
9042760.0,91,50
9042765.0,93,48
9042769.0,90,67
9042770.0,95,52
9042788.0,97,60
9042790.0,97,57
9042810.0,97,62
9042817.0,92,68
9042829.0,93,47
9042842.0,98,57
9042857.0,91,48
9042898.0,96,51
9042927.0,90,62
9042948.0,98,49
9042983.0,98,52
9043019.0,94,47
9043040.0,97,61
9043047.0,86,57
9043105.0,97,68
9043144.0,93,50
9043185.0,90,50
9043192.0,95,52
9043211.0,93,48
9043244.0,100,74
9043257.0,97,59
9043280.0,91,54
9043285.0,89,61
9043294.0,88,56
9043298.0,93,49
9043366.0,89,55
9043410.0,94,55
9043423.0,86,55
9043432.0,98,51
9043443.0,87,60
9043450.0,99,71
9043500.0,93,57
9043511.0,98,70
9043517.0,93,47
9043546.0,98,49
9043601.0,97,58
9043617.0,85,54
9043675.0,95,47
9043697.0,98,56
9043719.0,99,54
9043760.0,97,49
9043780.0,92,51
9043806.0,98,51
9043815.0,62,58
9043851.0,87,56
9043852.0,93,57
9043854.0,91,51
9043856.0,95,50
9043878.0,85,55
9043879.0,98,54
9043888.0,95,53
9043889.0,86,58
9043999.0,98,56
9044034.0,96,51
9044052.0,92,51
9044062.0,95,47
9044100.0,87,54
9044111.0,94,53
9044123.0,93,47
9044135.0,92,47
9044208.0,94,54
9044213.0,89,58
9044275.0,90,50
9044276.0,91,47
9044277.0,98,49
9044280.0,98,54
9044280.0,93,51
9044345.0,99,70
9044356.0,93,54
9044368.0,92,50
9044375.0,90,60
9044381.0,95,52
9044391.0,95,49
9044410.0,87,54
9044447.0,93,57
9044452.0,89,55
9044467.0,97,61
9044531.0,91,51
9044547.0,98,51
9044567.0,94,47
9044567.0,95,51
9044605.0,93,49
9044628.0,93,54
9044679.0,97,69
9044682.0,98,50
9044686.0,98,56
9044695.0,91,48
9044767.0,93,47
9044769.0,88,56
9044791.0,92,51
9044810.0,85,55
9044848.0,89,57
9044880.0,86,56
9044908.0,91,50
9044931.0,98,69
9044946.0,94,56
9044950.0,98,71
9045094.0,91,61
9045109.0,98,51
9045144.0,92,51
9045147.0,93,57
9045166.0,96,50
9045184.0,92,53
9045223.0,88,62
9045238.0,96,66
9045248.0,93,74
9045258.0,96,65
9045267.0,90,61
9045272.0,90,75
9045277.0,89,54
9045297.0,87,61
9045327.0,95,48
9045331.0,92,52
9045347.0,98,54
9045364.0,85,54
9045484.0,97,53
9045572.0,86,54
9045582.0,93,48
9045617.0,98,66
9045628.0,90,57
9045639.0,95,48
9045658.0,98,54
9045661.0,90,48
9045686.0,90,52
9045712.0,92,73
9045725.0,99,54
9045741.0,94,51
9045791.0,99,69
9045902.0,97,60
9045952.0,89,53
9045963.0,87,57
9045984.0,89,52
9045990.0,91,53
9045995.0,97,69
9046011.0,87,55
9046082.0,97,55
9046088.0,88,57
9046098.0,98,69
9046105.0,99,53
9046137.0,86,55
9046169.0,92,48
9046171.0,90,49
9046188.0,97,54
9046261.0,97,71
9046267.0,87,59
9046270.0,98,66
9046274.0,98,71
9046278.0,99,51
9046318.0,85,56
9046319.0,99,69
9046349.0,98,51
9046361.0,94,53
9046365.0,84,54
9046374.0,99,54
9046391.0,98,54
9046422.0,85,55
9046454.0,97,56
9046463.0,95,52
9046470.0,98,69
9046474.0,93,56
9046542.0,91,67
9046572.0,88,60
9046587.0,96,49
9046591.0,95,48
9046597.0,99,71
9046605.0,97,48
9046642.0,88,63
9046665.0,98,53
9046753.0,91,68
9046797.0,86,58
9046803.0,78,93
9046819.0,90,48
9046852.0,95,47
9046894.0,98,56
9046896.0,87,55
9046898.0,91,58
9046931.0,92,52
9046970.0,97,71
9046990.0,94,57
9047068.0,99,52
9047069.0,95,48
9047070.0,97,57
9047079.0,86,54
9047108.0,89,54
9047120.0,84,54
9047125.0,89,51
9047130.0,92,49
9047143.0,97,58
9047158.0,89,52
9047179.0,87,55
9047184.0,90,49
9047209.0,91,58
9047210.0,94,47
9047237.0,96,49
9047240.0,91,66
9047270.0,97,49
9047284.0,97,59
9047301.0,99,54
9047334.0,87,58
9047345.0,95,52
9047354.0,89,60
9047403.0,98,53
9047415.0,89,64
9047446.0,99,53
9047462.0,94,50
9047480.0,88,59
9047486.0,88,57
9047488.0,87,60
9047497.0,99,54
9047498.0,84,55
9047502.0,92,48
9047507.0,98,69
9047518.0,86,57
9047533.0,98,51
9047584.0,86,56
9047585.0,90,48
9047674.0,92,50
9047766.0,87,55
9047901.0,94,55
9047902.0,87,61
9047907.0,96,49
9047911.0,97,53
9047932.0,85,55
9047982.0,96,80
9047985.0,88,57
9048023.0,95,48
9048033.0,99,69
9048109.0,100,53
9048123.0,93,47
9048128.0,87,55
9048132.0,94,51
9048181.0,96,55
9048186.0,94,52
9048247.0,90,48
9048261.0,85,54
9048278.0,95,80
9048313.0,97,69
9048316.0,92,83
9048344.0,94,54
9048368.0,43,84
9048371.0,98,55
9048382.0,99,69
9048408.0,89,51
9048444.0,97,68
9048479.0,84,55
9048490.0,96,80
9048504.0,98,50
9048516.0,93,48
9048541.0,90,57
9048551.0,91,63
9048582.0,85,56
9048623.0,90,50
9048653.0,100,77
9048688.0,87,56
9048714.0,94,50
9048732.0,90,68
9048754.0,92,50
9048763.0,97,67
9048806.0,95,51
9048823.0,95,80
9048831.0,91,54
9048832.0,93,50
9048832.0,88,63
9048836.0,97,49
9048860.0,85,57
9048866.0,87,55
9048891.0,96,54
9048895.0,100,53
9048904.0,86,54
9048969.0,96,49
9049009.0,97,51
9049010.0,90,67
9049034.0,87,54
9049049.0,90,48
9049054.0,93,55
9049080.0,99,52
9049089.0,87,55
9049109.0,85,55
9049112.0,98,50
9049113.0,85,54
9049124.0,92,83
9049139.0,84,55
9049153.0,92,49
9049160.0,95,50
9049181.0,99,74
9049183.0,86,59
9049185.0,95,55
9049185.0,91,54
9049198.0,98,51
9049225.0,88,56
9049226.0,89,50
9049246.0,92,55
9049266.0,91,51
9049310.0,87,54
9049332.0,86,54
9049334.0,101,52
9049336.0,94,47
9049345.0,66,48
9049352.0,91,68
9049421.0,99,52
9049433.0,98,78
9049444.0,95,55
9049450.0,96,64
9049458.0,98,71
9049508.0,94,49
9049535.0,97,58
9049570.0,68,49
9049622.0,88,60
9049646.0,97,52
9049658.0,91,48
9049707.0,90,55
9049739.0,87,56
9049746.0,91,53
9049772.0,95,80
9049804.0,91,58
9049828.0,97,57
9049867.0,91,51
9049871.0,87,83
9049890.0,86,60
9049900.0,92,49
9049906.0,91,82
9049912.0,101,52
9049964.0,97,58
9049977.0,97,49
9049978.0,89,49
9050041.0,84,55
9050045.0,100,53
9050046.0,99,68
9050103.0,86,55
9050132.0,92,48
9050156.0,91,52
9050161.0,90,48
9050169.0,85,57
9050175.0,91,53
9050189.0,88,57
9050223.0,95,80
9050238.0,90,49
9050240.0,85,56
9050262.0,87,62
9050296.0,94,48
9050326.0,94,53
9050336.0,100,53
9050355.0,91,82
9050377.0,97,50
9050399.0,95,51
9050405.0,95,56
9050432.0,86,56
9050434.0,89,50
9050447.0,89,57
9050512.0,99,52
9050537.0,90,49
9050563.0,101,52
9050569.0,87,59
9050614.0,88,58
9050636.0,91,52
9050648.0,90,72
9050712.0,97,58
9050723.0,91,55
9050729.0,85,54
9050740.0,91,48
9050759.0,96,49
9050760.0,84,54
9050774.0,98,68
9050856.0,88,54
9050864.0,91,51
9050908.0,99,52
9050937.0,96,54
9050949.0,89,49
9050978.0,84,55
9051010.0,92,48
9051039.0,84,54
9051044.0,99,51
9051057.0,97,66
9051065.0,97,51
9051091.0,86,58
9051103.0,91,49
9051109.0,97,65
9051143.0,86,55
9051175.0,98,57
9051192.0,91,48
9051217.0,96,66
9051230.0,90,55
9051293.0,88,56
9051294.0,86,60
9051306.0,95,55
9051317.0,94,55
9051334.0,84,56
9051349.0,94,49
9051361.0,91,51
9051368.0,97,70
9051369.0,98,55
9051455.0,85,54
9051463.0,97,58
9051537.0,96,53
9051551.0,88,53
9051565.0,93,49
9051584.0,97,49
9051585.0,95,50
9051613.0,91,50
9051648.0,90,69
9051654.0,87,56
9051691.0,91,48
9051753.0,88,55
9051761.0,93,53
9051762.0,95,55
9051820.0,86,57
9051853.0,89,49
9051865.0,87,60
9051883.0,97,51
9051934.0,92,48
9051946.0,93,54
9051962.0,95,50
9051981.0,97,56
9052076.0,86,59
9052082.0,97,50
9052085.0,96,54
9052115.0,85,54
9052120.0,96,56
9052133.0,91,48
9052133.0,95,50
9052135.0,94,52
9052199.0,86,60
9052206.0,89,52
9052214.0,97,66
9052216.0,88,52
9052252.0,91,70
9052253.0,69,56
9052258.0,98,51
9052266.0,87,56
9052280.0,97,58
9052281.0,95,49
9052284.0,87,53
9052286.0,69,55
9052299.0,85,56
9052304.0,94,48
9052306.0,98,55
9052338.0,97,55
9052342.0,85,58
9052355.0,97,65
9052395.0,84,55
9052431.0,103,48
9052503.0,89,48
9052516.0,99,56
9052547.0,86,55
9052556.0,97,55
9052567.0,95,55
9052575.0,69,56
9052590.0,85,80
9052593.0,97,51
9052601.0,93,52
9052615.0,88,53
9052629.0,87,53
9052639.0,84,56
9052664.0,96,69
9052732.0,91,55
9052742.0,98,69
9052789.0,99,56
9052790.0,93,47
9052817.0,97,58
9052833.0,69,55
9052838.0,88,54
9052846.0,97,67
9052860.0,96,67
9052875.0,87,82
9052926.0,89,61
9052972.0,91,49
9052985.0,95,55
9052990.0,88,55
9052992.0,91,48
9053058.0,91,70
9053062.0,95,49
9053089.0,97,69
9053125.0,96,49
9053134.0,90,62
9053134.0,90,48
9053150.0,91,52
9053161.0,86,81
9053215.0,98,54
9053244.0,69,55
9053244.0,94,52
9053292.0,98,51
9053300.0,88,51
9053319.0,87,57
9053324.0,97,70
9053328.0,99,74
9053350.0,98,53
9053371.0,91,49
9053433.0,88,52
9053454.0,96,53
9053485.0,96,55
9053486.0,91,70
9053515.0,93,47
9053529.0,93,53
9053544.0,98,54
9053559.0,89,62
9053563.0,95,55
9053566.0,90,63
9053598.0,96,62
9053616.0,91,51
9053647.0,90,55
9053689.0,93,51
9053726.0,84,56
9053779.0,88,49
9053800.0,91,50
9053817.0,91,49
9053834.0,96,66
9053839.0,88,60
9053861.0,89,51
9053871.0,85,55
9053880.0,92,56
9053883.0,96,52
9053889.0,98,71
9053920.0,92,71
9053943.0,95,55
9053973.0,97,51
9054032.0,95,49
9054053.0,85,58
9054065.0,91,48
9054096.0,93,51
9054141.0,90,48
9054165.0,99,72
9054243.0,89,51
9054246.0,97,72
9054260.0,91,49
9054299.0,96,60
9054325.0,99,71
9054350.0,91,51
9054358.0,98,52
9054375.0,89,53
9054386.0,88,50
9054392.0,86,58
9054411.0,90,54
9054441.0,90,53
9054475.0,89,48
9054502.0,85,57
9054505.0,92,71
9054514.0,94,53
9054518.0,85,56
9054522.0,88,51
9054588.0,96,51
9054596.0,93,50
9054626.0,70,56
9054647.0,83,55
9054766.0,91,51
9054783.0,90,54
9054787.0,90,51
9054824.0,96,53
9054842.0,91,50
9054852.0,96,49
9054904.0,86,56
9054910.0,93,51
9054911.0,85,55
9054935.0,91,48
9054944.0,98,51
9054958.0,93,52
9054964.0,97,54
9054974.0,89,64
9054992.0,95,55
9055004.0,87,57
9055024.0,96,58
9055033.0,84,56
9055041.0,93,49
9055044.0,94,51
9055045.0,95,54
9055121.0,88,58
9055136.0,91,48
9055146.0,93,48
9055160.0,95,50
9055224.0,87,62
9055234.0,98,54
9055241.0,91,49
9055273.0,97,70
9055304.0,84,57
9055332.0,93,51
9055348.0,84,54
9055368.0,96,57
9055378.0,93,52
9055455.0,88,50
9055459.0,97,48
9055470.0,93,54
9055530.0,90,48
9055553.0,89,51
9055728.0,86,59
9055741.0,88,59
9055755.0,85,57
9055788.0,97,48
9055809.0,94,49
9055857.0,90,49
9055880.0,89,51
9055897.0,90,52
9055904.0,93,51
9055914.0,88,64
9055917.0,97,55
9055920.0,91,48
9055922.0,92,63
9055932.0,90,53
9055957.0,83,56
9055971.0,98,52
9055973.0,86,56
9056000.0,96,68
9056007.0,88,53
9056011.0,92,55
9056022.0,90,54
9056081.0,88,49
9056090.0,91,63
9056094.0,96,52
9056099.0,93,77
9056106.0,96,59
9056111.0,92,48
9056112.0,96,50
9056125.0,86,61
9056131.0,84,55
9056181.0,93,52
9056185.0,89,74
9056204.0,93,51
9056239.0,89,49
9056249.0,94,50
9056268.0,85,55
9056287.0,93,54
9056288.0,97,56
9056331.0,85,59
9056351.0,86,54
9056429.0,96,67
9056436.0,90,53
9056505.0,87,60
9056529.0,94,51
9056544.0,93,64
9056556.0,93,55
9056573.0,96,49
9056605.0,90,55
9056649.0,90,54
9056653.0,93,48
9056678.0,93,52
9056680.0,86,58
9056715.0,93,76
9056721.0,93,49
9056743.0,83,56
9056764.0,89,51
9056767.0,88,49
9056878.0,97,56
9056885.0,90,50
9056961.0,92,55
9056992.0,86,54
9057001.0,94,49
9057031.0,90,51
9057042.0,87,58
9057044.0,84,56
9057053.0,93,49
9057060.0,83,58
9057147.0,93,50
9057152.0,84,57
9057179.0,94,50
9057180.0,90,49
9057244.0,96,68
9057257.0,96,58
9057275.0,91,48
9057283.0,96,54
9057287.0,84,55
9057360.0,95,54
9057412.0,88,49
9057461.0,90,50
9057478.0,96,60
9057581.0,90,62
9057595.0,86,60
9057600.0,96,51
9057601.0,88,61
9057606.0,93,53
9057611.0,91,62
9057674.0,85,57
9057722.0,94,68
9057739.0,89,63
9057746.0,87,57
9057767.0,85,60
9057775.0,91,55
9057796.0,90,73
9057806.0,96,61
9057817.0,83,55
9057849.0,99,74
9057850.0,95,53
9057861.0,95,66
9057940.0,94,49
9057958.0,95,61
9057968.0,90,52
9057996.0,87,61
9058008.0,97,54
9058132.0,90,55
9058160.0,88,63
9058166.0,87,53
9058198.0,86,57
9058311.0,99,72
9058346.0,85,58
9058413.0,96,59
9058445.0,83,56
9058448.0,87,55
9058511.0,87,52
9058539.0,90,51
9058552.0,93,49
9058570.0,82,79
9058584.0,96,56
9058601.0,84,55
9058628.0,85,56
9058650.0,84,57
9058659.0,87,56
9058689.0,90,63
9058696.0,94,49
9058732.0,87,57
9058738.0,87,54
9058808.0,93,57
9058811.0,88,56
9058818.0,92,53
9058917.0,84,58
9059001.0,92,52
9059055.0,93,52
9059064.0,97,51
9059069.0,96,57
9059070.0,88,52
9059115.0,92,54
9059130.0,88,51
9059210.0,90,53
9059215.0,83,56
9059217.0,93,49
9059233.0,86,57
9059312.0,95,52
9059347.0,96,58
9059348.0,96,60
9059474.0,89,56
9059519.0,85,56
9059532.0,87,54
9059608.0,97,53
9059622.0,87,56
9059628.0,96,65
9059664.0,94,53
9059673.0,86,57
9059699.0,87,52
9059699.0,95,49
9059703.0,89,48
9059748.0,87,51
9059784.0,92,54
9059791.0,86,60
9059792.0,96,64
9059797.0,92,48
9059873.0,88,61
9059877.0,92,51
9059881.0,91,52
9059904.0,92,50
9059927.0,83,57
9059958.0,93,49
9059992.0,97,51
9059994.0,90,49
9060038.0,94,49
9060100.0,90,48
9060105.0,97,52
9060107.0,87,50
9060108.0,87,58
9060127.0,85,59
9060136.0,90,51
9060197.0,93,50
9060218.0,91,52
9060238.0,92,49
9060258.0,93,47
9060261.0,92,50
9060273.0,93,49
9060284.0,92,51
9060297.0,86,57
9060312.0,93,51
9060359.0,89,48
9060367.0,99,75
9060411.0,87,54
9060439.0,89,49
9060488.0,92,49
9060503.0,95,53
9060523.0,87,55
9060540.0,95,56
9060543.0,96,64
9060563.0,85,60
9060601.0,93,47
9060605.0,95,49
9060632.0,90,49
9060642.0,83,57
9060647.0,90,50
9060659.0,95,50
9060659.0,92,48
9060663.0,86,57
9060698.0,88,62
9060707.0,89,50
9060733.0,91,48
9060735.0,83,56
9060737.0,93,52
9060749.0,89,51
9060759.0,95,62
9060788.0,87,50
9060844.0,88,60
9060846.0,88,49
9060903.0,100,74
9060941.0,95,56
9060950.0,95,51
9060960.0,96,51
9060972.0,86,56
9061024.0,90,48
9061041.0,96,61
9061046.0,89,53
9061051.0,89,54
9061053.0,87,58
9061055.0,99,75
9061083.0,100,77
9061091.0,87,63
9061112.0,87,51
9061116.0,91,52
9061137.0,87,49
9061155.0,93,51
9061183.0,94,47
9061210.0,89,51
9061254.0,90,69
9061288.0,85,56
9061294.0,85,61
9061304.0,93,47
9061322.0,86,56
9061338.0,90,68
9061348.0,83,57
9061356.0,89,61
9061361.0,89,48
9061367.0,92,49
9061377.0,95,62
9061378.0,87,57
9061404.0,89,52
9061457.0,92,50
9061468.0,87,61
9061480.0,98,53
9061487.0,99,75
9061488.0,96,68
9061489.0,82,56
9061611.0,97,51
9061612.0,91,52
9061625.0,84,57
9061645.0,90,68
9061660.0,96,56
9061671.0,85,56
9061696.0,90,48
9061716.0,96,55
9061738.0,89,49
9061768.0,97,52
9061784.0,93,49
9061819.0,84,56
9061841.0,97,57
9061878.0,86,85
9061889.0,85,58
9061903.0,94,47
9061918.0,95,51
9061971.0,98,75
9061978.0,95,52
9061996.0,97,52
9062006.0,93,50
9062010.0,95,60
9062017.0,88,57
9062154.0,95,69
9062201.0,87,60
9062233.0,98,53
9062240.0,87,49
9062251.0,89,54
9062302.0,87,59
9062326.0,89,55
9062331.0,84,59
9062333.0,84,58
9062392.0,86,59
9062409.0,95,53
9062420.0,97,51
9062421.0,93,49
9062439.0,86,83
9062542.0,94,54
9062550.0,95,57
9062563.0,97,59
9062686.0,96,59
9062761.0,89,54
9062765.0,86,61
9062839.0,83,57
9062842.0,94,55
9062842.0,85,59
9062964.0,93,49
9063000.0,84,56
9063010.0,97,51
9063015.0,98,75
9063082.0,96,62
9063108.0,42,82
9063144.0,91,69
9063166.0,94,54
9063176.0,98,75
9063205.0,95,51
9063212.0,85,56
9063235.0,95,50
9063259.0,86,58
9063266.0,97,67
9063297.0,86,57
9063339.0,98,53
9063341.0,90,67
9063350.0,89,62
9063357.0,92,53
9063370.0,90,48
9063385.0,83,56
9063436.0,84,57
9063468.0,85,60
9063470.0,91,55
9063490.0,90,68
9063498.0,96,67
9063510.0,93,49
9063605.0,97,59
9063639.0,96,64
9063668.0,92,48
9063670.0,83,57
9063708.0,97,67
9063769.0,88,49
9063797.0,94,53
9063821.0,91,48
9063872.0,89,53
9063874.0,84,58
9063882.0,85,61
9063914.0,92,55
9063942.0,98,53
9063979.0,84,59
9063993.0,97,51
9064037.0,96,64
9064051.0,85,57
9064051.0,92,48
9064127.0,89,51
9064169.0,86,54
9064203.0,86,61
9064213.0,83,56
9064238.0,90,68
9064247.0,89,52
9064262.0,97,68
9064286.0,93,56
9064318.0,84,56
9064331.0,82,57
9064379.0,95,51
9064405.0,87,51
9064412.0,94,49
9064452.0,92,54
9064453.0,83,57
9064469.0,91,52
9064495.0,99,73
9064526.0,90,48
9064551.0,100,74
9064601.0,86,58
9064607.0,96,54
9064631.0,88,49
9064691.0,87,51
9064736.0,84,56
9064740.0,84,58
9064767.0,86,52
9064801.0,89,63
9064805.0,83,58
9064829.0,96,51
9064841.0,97,67
9064851.0,88,49
9064869.0,86,55
9064875.0,86,51
9064879.0,97,51
9064896.0,91,51
9064897.0,97,70
9064932.0,91,49
9064948.0,91,50
9065000.0,89,54
9065023.0,54,67
9065048.0,98,74
9065059.0,92,52
9065064.0,89,49
9065074.0,87,50
9065085.0,97,60
9065184.0,87,61
9065190.0,89,50
9065205.0,89,51
9065210.0,85,50
9065224.0,82,57
9065226.0,86,53
9065243.0,97,67
9065248.0,91,51
9065273.0,93,49
9065288.0,100,74
9065353.0,85,57
9065357.0,94,51
9065362.0,86,54
9065367.0,96,53
9065371.0,94,49
9065378.0,89,53
9065391.0,85,58
9065424.0,94,54
9065604.0,70,57
9065623.0,94,52
9065638.0,87,51
9065656.0,88,61
9065690.0,86,51
9065692.0,97,67
9065708.0,83,56
9065780.0,86,52
9065782.0,87,61
9065789.0,96,51
9065812.0,95,52
9065826.0,91,48
9065830.0,85,57
9065833.0,91,53
9065855.0,86,50
9065905.0,83,57
9065961.0,96,53
9065964.0,91,69
9065977.0,90,59
9065982.0,85,50
9065992.0,88,49
9066006.0,86,55
9066014.0,94,50
9066023.0,82,57
9066040.0,83,58
9066054.0,97,67
9066057.0,91,52
9066069.0,83,56
9066070.0,92,50
9066081.0,90,67
9066084.0,89,48
9066097.0,91,55
9066164.0,96,69
9066184.0,95,56
9066185.0,89,49
9066200.0,91,51
9066232.0,92,49
9066338.0,96,68
9066387.0,88,52
9066398.0,88,51
9066404.0,95,55
9066483.0,91,48
9066489.0,88,50
9066492.0,86,56
9066524.0,91,51
9066542.0,88,49
9066545.0,94,53
9066565.0,100,75
9066594.0,90,68
9066595.0,91,52
9066601.0,86,57
9066621.0,85,57
9066632.0,91,49
9066636.0,96,52
9066644.0,86,59
9066646.0,95,58
9066647.0,89,49
9066684.0,85,59
9066688.0,91,54
9066709.0,91,63
9066712.0,94,49
9066712.0,87,59
9066728.0,95,56
9066755.0,83,56
9066761.0,92,51
9066792.0,86,60
9066810.0,89,48
9066853.0,85,61
9066891.0,84,57
9066954.0,87,49
9066968.0,88,53
9066969.0,82,57
9067021.0,92,49
9067029.0,84,76
9067050.0,85,57
9067060.0,91,56
9067062.0,86,50
9067063.0,89,57
9067083.0,96,66
9067087.0,84,58
9067108.0,86,61
9067109.0,84,60
9067161.0,83,56
9067183.0,96,51
9067211.0,21,124
9067269.0,96,53
9067308.0,91,54
9067324.0,85,60
9067440.0,86,58
9067447.0,88,49
9067480.0,92,49
9067484.0,86,62
9067519.0,95,57
9067522.0,91,48
9067571.0,90,54
9067578.0,95,56
9067585.0,92,54
9067593.0,88,63
9067599.0,85,75
9067633.0,94,52
9067638.0,89,53
9067659.0,95,59
9067690.0,89,59
9067717.0,88,49
9067739.0,83,58
9067761.0,91,51
9067766.0,83,59
9067788.0,60,59
9067796.0,95,56
9067812.0,86,59
9067838.0,95,57
9067841.0,82,58
9067859.0,89,48
9067878.0,88,54
9067878.0,86,49
9067890.0,85,58
9067900.0,93,55
9067916.0,90,48
9067939.0,90,49
9067945.0,91,54
9068012.0,84,57
9068036.0,86,56
9068052.0,97,53
9068054.0,94,53
9068057.0,87,49
9068070.0,92,54
9068134.0,91,51
9068148.0,88,55
9068158.0,86,57
9068197.0,92,50
9068230.0,95,58
9068256.0,93,54
9068271.0,90,62
9068359.0,83,56
9068429.0,95,56
9068444.0,36,95
9068500.0,94,56
9068515.0,95,66
9068523.0,92,49
9068588.0,21,124
9068625.0,85,62
9068676.0,91,54
9068706.0,87,62
9068707.0,86,58
9068729.0,82,58
9068773.0,95,56
9068776.0,94,51
9068776.0,91,55
9068783.0,93,49
9068831.0,97,66
9068932.0,89,49
9068933.0,95,57
9068954.0,90,48
9069038.0,84,59
9069054.0,95,59
9069096.0,83,56
9069108.0,88,62
9069166.0,84,57
9069192.0,85,58
9069229.0,94,52
9069266.0,95,55
9069272.0,90,52
9069280.0,88,52
9069434.0,86,57
9069480.0,85,58
9069508.0,91,69
9069526.0,88,51
9069544.0,95,59
9069565.0,92,49
9069582.0,91,53
9069615.0,82,58
9069640.0,88,53
9069671.0,93,49
9069689.0,88,49
9069831.0,85,60
9069856.0,93,53
9069858.0,83,58
9069872.0,95,60
9069891.0,91,70
9069925.0,86,50
9069938.0,83,59
9069951.0,96,54
9069954.0,85,51
9069955.0,87,59
9069999.0,86,58
9070049.0,88,50
9070091.0,91,54
9070136.0,90,48
9070176.0,90,50
9070195.0,85,53
9070199.0,90,49
9070213.0,86,61
9070215.0,95,59
9070227.0,86,54
9070235.0,86,63
9070254.0,85,58
9070259.0,93,55
9070347.0,87,50
9070418.0,87,49
9070431.0,91,52
9070442.0,85,52
9070494.0,82,58
9070516.0,88,49
9070548.0,88,54
9070617.0,90,51
9070650.0,93,51
9070659.0,85,50
9070683.0,83,57
9070704.0,87,57
9070717.0,95,54
9070728.0,93,52
9070749.0,88,51
9070752.0,91,49
9070777.0,96,60
9070800.0,96,54
9070807.0,93,49
9070811.0,85,58
9070826.0,89,58
9070853.0,93,50
9070853.0,85,54
9070877.0,94,51
9070888.0,85,51
9070907.0,90,52
9070921.0,93,54
9070936.0,97,54
9070944.0,88,48
9070947.0,93,51
9071021.0,87,63
9071035.0,95,55
9071053.0,87,52
9071102.0,88,50
9071120.0,95,58
9071167.0,85,55
9071168.0,88,52
9071173.0,90,53
9071175.0,83,60
9071185.0,95,52
9071261.0,82,57
9071264.0,90,52
9071329.0,91,50
9071335.0,93,55
9071339.0,85,50
9071349.0,84,59
9071356.0,95,53
9071366.0,86,55
9071369.0,92,56
9071374.0,85,56
9071402.0,95,51
9071430.0,85,58
9071443.0,97,70
9071565.0,89,64
9071582.0,96,50
9071587.0,87,49
9071596.0,91,56
9071606.0,95,55
9071608.0,96,60
9071633.0,90,53
9071658.0,95,56
9071660.0,97,54
9071666.0,85,54
9071690.0,90,54
9071692.0,91,51
9071695.0,83,58
9071722.0,85,62
9071727.0,88,73
9071742.0,91,49
9071835.0,89,48
9071885.0,91,56
9071908.0,85,52
9071920.0,89,63
9071941.0,84,60
9071948.0,89,62
9071981.0,96,62
9072044.0,88,49
9072055.0,83,59
9072059.0,85,53
9072062.0,87,49
9072076.0,89,49
9072096.0,87,62
9072117.0,90,52
9072192.0,84,61
9072219.0,95,55
9072239.0,100,83
9072270.0,97,74
9072272.0,83,57
9072288.0,87,64
9072295.0,87,51
9072309.0,85,50
9072335.0,90,53
9072346.0,87,52
9072355.0,93,53
9072388.0,95,54
9072455.0,85,55
9072467.0,88,48
9072498.0,85,51
9072501.0,95,63
9072510.0,91,49
9072522.0,82,58
9072528.0,95,53
9072537.0,87,51
9072625.0,94,59
9072638.0,90,52
9072650.0,95,51
9072660.0,95,55
9072664.0,87,53
9072709.0,87,54
9072712.0,83,59
9072742.0,90,63
9072760.0,90,51
9072782.0,89,66
9072837.0,85,59
9072847.0,87,49
9072898.0,85,56
9072959.0,90,54
9073002.0,95,52
9073004.0,87,50
9073015.0,89,51
9073022.0,88,56
9073056.0,86,59
9073075.0,93,52
9073159.0,95,51
9073169.0,85,50
9073190.0,90,55
9073198.0,93,54
9073231.0,88,52
9073241.0,90,53
9073245.0,89,48
9073274.0,82,57
9073295.0,87,51
9073381.0,85,61
9073397.0,87,50
9073407.0,89,54
9073408.0,86,62
9073427.0,82,56
9073428.0,84,58
9073440.0,81,58
9073490.0,90,51
9073494.0,86,63
9073506.0,95,55
9073562.0,90,54
9073575.0,89,68
9073593.0,88,63
9073671.0,92,55
9073711.0,91,56
9073721.0,93,51
9073730.0,95,52
9073752.0,85,56
9073753.0,92,49
9073789.0,82,57
9073796.0,91,49
9073803.0,92,52
9073867.0,95,61
9073902.0,95,60
9073915.0,82,59
9073978.0,86,60
9073982.0,89,49
9073986.0,86,50
9073996.0,86,51
9074000.0,82,56
9074039.0,88,58
9074078.0,87,51
9074087.0,89,48
9074143.0,95,60
9074189.0,93,53
9074190.0,93,52
9074229.0,85,59
9074308.0,87,52
9074420.0,82,58
9074472.0,93,51
9074507.0,90,56
9074559.0,87,49
9074583.0,92,49
9074590.0,83,59
9074619.0,89,64
9074684.0,95,64
9074743.0,96,66
9074778.0,85,59
9074780.0,87,55
9074827.0,94,56
9074836.0,92,54
9074866.0,89,48
9074879.0,85,57
9074887.0,94,66
9074890.0,94,55
9074938.0,90,55
9074959.0,95,55
9074962.0,89,53
9074995.0,90,54
9075024.0,82,59
9075054.0,83,60
9075061.0,84,58
9075069.0,84,60
9075082.0,83,57
9075106.0,85,87
9075144.0,89,49
9075207.0,92,54
9075232.0,94,55
9075256.0,90,53
9075262.0,87,59
9075264.0,87,51
9075280.0,80,80
9075283.0,86,50
9075291.0,87,50
9075304.0,87,53
9075304.0,89,50
9075306.0,82,57
9075348.0,87,49
9075479.0,86,53
9075490.0,89,51
9075491.0,87,52
9075501.0,83,59
9075532.0,84,58
9075542.0,95,55
9075598.0,81,58
9075634.0,89,48
9075642.0,95,60
9075675.0,84,52
9075688.0,88,49
9075710.0,92,53
9075714.0,94,55
9075720.0,86,51
9075730.0,89,55
9075739.0,86,62
9075744.0,85,61
9075750.0,92,50
9075772.0,92,49
9075781.0,85,63
9075797.0,80,80
9075865.0,93,50
9075880.0,90,52
9075886.0,90,53
9075921.0,93,51
9075921.0,83,58
9075934.0,92,51
9075985.0,95,55
9075986.0,94,55
9076006.0,64,78
9076035.0,90,49
9076067.0,85,58
9076079.0,87,49
9076095.0,85,51
9076108.0,84,51
9076132.0,90,50
9076148.0,92,49
9076157.0,82,57
9076175.0,84,53
9076210.0,92,54
9076231.0,85,76
9076239.0,86,77
9076246.0,85,59
9076249.0,94,57
9076266.0,85,50
9076267.0,92,52
9076281.0,86,52
9076300.0,84,54
9076308.0,90,53
9076342.0,84,62
9076429.0,84,60
9076435.0,88,48
9076439.0,90,51
9076474.0,87,54
9076485.0,92,54
9076488.0,90,54
9076503.0,86,54
9076521.0,95,55
9076525.0,84,58
9076539.0,95,61
9076599.0,85,76
9076630.0,94,51
9076648.0,90,49
9076664.0,92,52
9076672.0,92,55
9076688.0,87,53
9076691.0,82,59
9076697.0,85,59
9076729.0,94,56
9076747.0,85,57
9076749.0,84,58
9076756.0,89,53
9076774.0,84,51
9076775.0,91,50
9076795.0,81,80
9076805.0,83,58
9076807.0,94,54
9076809.0,89,48
9076820.0,87,50
9076823.0,91,56
9076834.0,89,51
9076845.0,92,57
9076942.0,88,63
9076954.0,90,53
9076960.0,95,62
9076980.0,93,50
9076992.0,94,55
9076992.0,85,50
9076999.0,81,59
9077015.0,84,52
9077096.0,95,63
9077119.0,85,54
9077122.0,81,80
9077175.0,90,56
9077188.0,94,58
9077246.0,86,53
9077263.0,82,58
9077298.0,90,49
9077322.0,95,55
9077325.0,89,52
9077366.0,94,52
9077373.0,84,53
9077437.0,89,48
9077463.0,85,63
9077499.0,85,58
9077579.0,83,59
9077592.0,84,55
9077599.0,95,55
9077660.0,91,49
9077761.0,92,54
9077778.0,87,54
9077782.0,85,51
9077785.0,93,59
9077788.0,82,80
9077864.0,82,59
9077927.0,87,65
9077927.0,88,62
9077947.0,89,52
9077982.0,67,50
9078081.0,83,58
9078118.0,81,80
9078120.0,92,55
9078122.0,94,53
9078139.0,81,59
9078147.0,94,51
9078166.0,88,52
9078205.0,90,49
9078218.0,89,54
9078235.0,82,80
9078279.0,81,58
9078293.0,82,58
9078312.0,90,65
9078340.0,84,61
9078421.0,92,51
9078421.0,84,54
9078432.0,91,52
9078438.0,87,55
9078457.0,94,51
9078459.0,88,49
9078463.0,83,58
9078478.0,81,80
9078481.0,91,49
9078576.0,91,51
9078581.0,92,53
9078644.0,95,64
9078652.0,91,64
9078737.0,89,52
9078810.0,87,64
9078811.0,87,56
9078813.0,95,64
9078865.0,83,60
9078872.0,84,59
9078902.0,83,59
9078911.0,87,63
9078913.0,85,62
9078920.0,84,58
9078945.0,94,54
9078947.0,83,58
9078991.0,84,51
9079053.0,94,58
9079077.0,81,59
9079082.0,92,52
9079095.0,86,64
9079123.0,82,58
9079147.0,83,61
9079166.0,86,53
9079177.0,85,50
9079191.0,94,50
9079231.0,93,53
9079256.0,87,62
9079267.0,94,52
9079269.0,92,51
9079302.0,82,59
9079354.0,84,58
9079354.0,85,60
9079363.0,87,49
9079395.0,86,49
9079440.0,93,55
9079444.0,86,62
9079447.0,83,58
9079447.0,94,59
9079489.0,93,58
9079494.0,88,49
9079526.0,93,50
9079535.0,87,53
9079556.0,92,65
9079560.0,94,50
9079566.0,86,54
9079639.0,85,51
9079649.0,91,54
9079679.0,89,55
9079686.0,86,50
9079689.0,88,55
9079691.0,89,52
9079739.0,85,50
9079765.0,94,51
9079780.0,91,50
9079797.0,93,50
9079822.0,88,50
9079827.0,91,49
9079828.0,85,59
9079858.0,88,49
9079892.0,87,54
9079893.0,91,51
9079900.0,86,49
9079914.0,85,61
9079961.0,89,51
9079972.0,85,58
9079984.0,86,58
9080034.0,82,60
9080062.0,86,53
9080069.0,86,55
9080134.0,91,55
9080203.0,84,59
9080237.0,89,50
9080243.0,90,64
9080252.0,85,54
9080298.0,88,54
9080344.0,85,56
9080424.0,84,51
9080457.0,83,51
9080466.0,86,49
9080501.0,87,52
9080539.0,83,52
9080543.0,88,51
9080612.0,83,60
9080618.0,90,50
9080665.0,86,51
9080715.0,91,52
9080721.0,93,50
9080726.0,86,50
9080759.0,96,65
9080766.0,92,51
9080767.0,92,52
9080778.0,83,58
9080778.0,89,51
9080804.0,89,52
9080811.0,91,83
9080823.0,92,53
9080835.0,89,49
9080847.0,92,50
9080886.0,89,65
9080892.0,89,53
9080904.0,81,59
9080914.0,89,50
9080935.0,91,53
9080942.0,89,54
9080954.0,84,61
9080964.0,85,60
9080997.0,82,60
9081017.0,92,49
9081066.0,93,50
9081094.0,86,55
9081102.0,89,55
9081163.0,86,52
9081164.0,90,49
9081222.0,85,51
9081224.0,91,54
9081276.0,87,52
9081278.0,94,59
9081315.0,84,57
9081337.0,86,54
9081342.0,86,49
9081352.0,86,57
9081363.0,86,53
9081395.0,83,51
9081413.0,93,51
9081419.0,92,49
9081429.0,85,51
9081487.0,91,50
9081496.0,83,52
9081505.0,91,51
9081529.0,89,64
9081642.0,89,49
9081710.0,84,56
9081715.0,87,52
9081720.0,90,51
9081769.0,91,51
9081780.0,88,49
9081834.0,88,52
9081848.0,89,51
9081863.0,93,50
9081870.0,87,50
9081971.0,95,60
9081974.0,87,49
9081984.0,82,58
9082012.0,88,49
9082050.0,91,50
9082062.0,83,53
9082071.0,89,52
9082103.0,85,52
9082116.0,95,64
9082182.0,86,63
9082183.0,90,52
9082231.0,89,54
9082270.0,83,51
9082292.0,87,63
9082310.0,87,51
9082313.0,83,59
9082316.0,90,49
9082325.0,93,51
9082357.0,86,60
9082397.0,90,63
9082416.0,84,57
9082461.0,91,55
9082466.0,86,54
9082472.0,82,60
9082507.0,84,62
9082508.0,89,49
9082563.0,88,51
9082587.0,95,60
9082594.0,85,53
9082617.0,91,56
9082638.0,90,49
9082656.0,93,51
9082790.0,83,60
9082795.0,89,55
9082798.0,94,59
9082816.0,83,53
9082829.0,93,55
9082844.0,84,51
9082871.0,87,49
9082978.0,84,63
9083007.0,88,53
9083009.0,88,51
9083070.0,84,61
9083093.0,93,57
9083112.0,86,55
9083120.0,83,54
9083131.0,93,52
9083148.0,83,53
9083156.0,85,53
9083187.0,86,63
9083254.0,86,56
9083269.0,93,54
9083291.0,94,53
9083391.0,91,55
9083433.0,93,56
9083516.0,93,51
9083545.0,94,55
9083547.0,88,54
9083565.0,83,59
9083568.0,84,58
9083576.0,88,53
9083605.0,91,51
9083674.0,84,52
9083715.0,85,53
9083727.0,94,53
9083729.0,94,58
9083769.0,83,55
9083775.0,85,51
9083829.0,91,54
9083839.0,87,54
9083847.0,87,50
9083849.0,84,51
9083887.0,90,50
9083887.0,89,50
9083899.0,94,55
9083942.0,83,53
9084003.0,93,51
9084012.0,85,53
9084065.0,81,60
9084084.0,93,53
9084099.0,88,53
9084131.0,89,63
9084136.0,84,60
9084152.0,85,51
9084201.0,85,50
9084225.0,83,53
9084241.0,90,49
9084361.0,90,51
9084386.0,87,49
9084387.0,85,49
9084447.0,85,57
9084455.0,89,49
9084479.0,94,60
9084482.0,91,53
9084507.0,88,53
9084517.0,87,53
9084521.0,91,55
9084526.0,84,53
9084558.0,82,59
9084601.0,88,50
9084601.0,83,56
9084631.0,83,52
9084664.0,86,50
9084719.0,92,50
9084738.0,90,49
9084753.0,82,60
9084772.0,93,55
9084774.0,81,59
9084787.0,90,64
9084859.0,91,51
9084883.0,85,54
9084891.0,93,57
9084935.0,83,59
9084944.0,85,50
9084993.0,91,52
9085016.0,87,51
9085043.0,86,59
9085075.0,95,60
9085076.0,87,49
9085085.0,90,50
9085086.0,83,61
9085110.0,81,87
9085112.0,93,52
9085151.0,91,57
9085154.0,91,56
9085173.0,93,59
9085180.0,88,54
9085208.0,81,60
9085228.0,83,51
9085255.0,91,51
9085284.0,84,58
9085294.0,85,54
9085295.0,83,62
9085295.0,86,49
9085311.0,87,50
9085328.0,91,53
9085343.0,84,52
9085395.0,88,51
9085397.0,89,49
9085399.0,87,55
9085421.0,91,51
9085446.0,83,59
9085453.0,84,60
9085454.0,86,55
9085458.0,85,51
9085478.0,86,51
9085483.0,82,52
9085564.0,82,59
9085585.0,85,52
9085590.0,88,50
9085624.0,88,52
9085738.0,90,49
9085750.0,93,54
9085759.0,96,67
9085831.0,81,59
9085849.0,94,59
9085935.0,90,52
9085944.0,87,50
9086008.0,85,49
9086020.0,92,52
9086029.0,80,80
9086079.0,83,52
9086079.0,84,54
9086111.0,90,49
9086116.0,91,50
9086127.0,85,59
9086130.0,89,51
9086146.0,87,49
9086161.0,85,55
9086185.0,82,53
9086189.0,93,66
9086190.0,86,49
9086221.0,82,52
9086224.0,88,54
9086227.0,90,51
9086228.0,81,59
9086245.0,92,53
9086265.0,84,52
9086271.0,86,57
9086272.0,90,54
9086317.0,88,64
9086337.0,86,56
9086349.0,90,52
9086367.0,92,59
9086376.0,82,61
9086377.0,88,49
9086394.0,86,49
9086398.0,88,53
9086418.0,72,97
9086425.0,88,55
9086443.0,89,49
9086458.0,91,55
9086462.0,101,52
9086473.0,85,61
9086475.0,87,52
9086479.0,83,51
9086494.0,90,53
9086504.0,91,53
9086567.0,84,52
9086606.0,83,57
9086642.0,84,51
9086672.0,94,55
9086692.0,60,56
9086711.0,85,53
9086728.0,92,51
9086739.0,89,52
9086742.0,87,60
9086752.0,81,59
9086771.0,84,62
9086788.0,87,51
9086813.0,87,57
9086828.0,81,60
9086863.0,87,49
9086888.0,86,63
9086889.0,87,50
9086901.0,86,58
9086919.0,82,60
9086920.0,82,52
9086923.0,92,58
9086956.0,85,52
9086973.0,88,52
9086978.0,82,59
9087024.0,100,53
9087068.0,94,55
9087108.0,85,50
9087152.0,93,56
9087156.0,85,64
9087196.0,88,55
9087198.0,89,49
9087216.0,84,53
9087243.0,84,63
9087266.0,81,59
9087316.0,86,49
9087318.0,90,52
9087320.0,87,59
9087330.0,91,54
9087340.0,88,54
9087377.0,85,63
9087402.0,87,51
9087405.0,84,52
9087423.0,82,53
9087429.0,94,60
9087430.0,83,62
9087465.0,86,64
9087476.0,82,54
9087487.0,85,54
9087490.0,86,65
9087544.0,95,61
9087546.0,90,51
9087549.0,83,52
9087563.0,60,56
9087575.0,90,52
9087578.0,83,57
9087615.0,82,52
9087640.0,96,66
9087652.0,85,58
9087669.0,84,57
9087719.0,86,52
9087749.0,83,61
9087762.0,87,52
9087771.0,100,53
9087772.0,90,55
9087778.0,84,52
9087801.0,87,50
9087803.0,85,53
9087808.0,93,58
9087875.0,89,50
9087963.0,92,52
9087980.0,84,50
9087998.0,86,50
9088002.0,93,56
9088018.0,82,61
9088070.0,81,59
9088127.0,85,60
9088133.0,92,51
9088262.0,85,50
9088271.0,84,55
9088299.0,81,59
9088300.0,87,55
9088343.0,90,54
9088422.0,88,57
9088494.0,84,59
9088508.0,91,51
9088537.0,88,55
9088539.0,78,76
9088583.0,89,49
9088651.0,82,55
9088691.0,88,50
9088709.0,84,50
9088738.0,81,61
9088738.0,91,52
9088746.0,80,60
9088759.0,85,56
9088799.0,94,68
9088813.0,84,51
9088828.0,87,53
9088841.0,87,50
9088858.0,90,56
9088863.0,92,53
9088912.0,84,54
9088920.0,92,52
9088953.0,90,51
9089012.0,85,55
9089035.0,86,63
9089037.0,93,56
9089041.0,89,51
9089073.0,86,50
9089112.0,85,49
9089153.0,89,50
9089223.0,84,60
9089266.0,84,50
9089278.0,87,51
9089298.0,88,49
9089302.0,83,60
9089319.0,90,51
9089340.0,85,54
9089420.0,87,50
9089493.0,89,55
9089506.0,83,53
9089510.0,85,49
9089521.0,88,49
9089558.0,86,51
9089560.0,85,63
9089569.0,87,63
9089610.0,88,74
9089686.0,86,50
9089691.0,86,60
9089705.0,87,54
9089760.0,83,52
9089839.0,82,61
9089860.0,84,51
9089945.0,93,51
9089970.0,91,50
9089998.0,84,50
9090020.0,87,51
9090036.0,88,51
9090049.0,83,59
9090081.0,90,53
9090086.0,90,52
9090103.0,87,64
9090161.0,83,61
9090176.0,93,51
9090202.0,89,52
9090232.0,85,56
9090237.0,87,50
9090245.0,92,53
9090251.0,91,50
9090251.0,86,53
9090266.0,87,52
9090347.0,92,64
9090348.0,84,54
9090384.0,83,58
9090403.0,89,51
9090433.0,92,55
9090471.0,84,52
9090516.0,82,56
9090521.0,90,54
9090522.0,85,56
9090530.0,92,56
9090596.0,90,51
9090625.0,86,50
9090634.0,93,56
9090688.0,92,54
9090785.0,84,63
9090839.0,89,51
9090871.0,90,65
9090880.0,83,52
9090884.0,84,54
9090889.0,82,53
9090889.0,89,65
9090900.0,83,54
9090905.0,83,59
9090908.0,85,51
9090910.0,91,53
9090960.0,85,59
9090970.0,88,52
9090978.0,93,65
9090980.0,88,51
9091070.0,87,53
9091101.0,88,54
9091107.0,81,53
9091112.0,86,52
9091124.0,83,63
9091148.0,93,56
9091166.0,89,52
9091239.0,90,55
9091296.0,83,55
9091327.0,83,60
9091329.0,87,55
9091336.0,81,61
9091341.0,88,50
9091395.0,90,53
9091411.0,82,54
9091430.0,90,54
9091446.0,82,60
9091449.0,87,52
9091451.0,90,50
9091462.0,82,55
9091463.0,85,49
9091491.0,85,50
9091580.0,84,55
9091590.0,84,58
9091608.0,82,52
9091644.0,86,51
9091667.0,83,53
9091700.0,84,61
9091707.0,86,65
9091715.0,83,58
9091719.0,92,55
9091751.0,89,53
9091752.0,81,53
9091797.0,83,60
9091800.0,84,56
9091858.0,84,60
9091859.0,87,53
9091888.0,85,57
9091891.0,87,54
9091927.0,89,54
9091958.0,82,53
9091971.0,84,50
9091984.0,84,59
9092009.0,85,56
9092083.0,84,62
9092135.0,92,54
9092142.0,91,51
9092149.0,92,59
9092160.0,85,50
9092162.0,85,60
9092164.0,82,62
9092166.0,96,69
9092169.0,86,50
9092185.0,87,65
9092192.0,82,61
9092200.0,83,57
9092213.0,88,64
9092234.0,92,56
9092281.0,84,53
9092293.0,88,65
9092319.0,88,50
9092341.0,83,60
9092367.0,84,54
9092452.0,89,54
9092454.0,75,68
9092460.0,92,54
9092492.0,91,51
9092502.0,85,52
9092542.0,82,60
9092631.0,93,60
9092658.0,75,93
9092684.0,88,50
9092700.0,83,60
9092747.0,81,61
9092770.0,91,54
9092793.0,91,50
9092816.0,82,52
9092843.0,86,50
9092849.0,90,56
9092852.0,84,61
9092863.0,81,60
9092929.0,84,51
9092938.0,82,57
9092967.0,81,54
9092974.0,88,51
9092978.0,81,53
9092987.0,86,51
9093028.0,86,53
9093037.0,90,55
9093043.0,90,53
9093057.0,93,59
9093129.0,93,57
9093155.0,85,63
9093219.0,86,50
9093242.0,89,55
9093323.0,91,51
9093338.0,75,81
9093344.0,89,54
9093394.0,87,50
9093431.0,83,53
9093433.0,86,52
9093454.0,94,57
9093455.0,86,63
9093461.0,83,55
9093464.0,88,53
9093482.0,85,50
9093488.0,83,51
9093495.0,82,53
9093500.0,81,59
9093506.0,84,56
9093511.0,90,52
9093521.0,78,88
9093552.0,93,57
9093554.0,84,54
9093600.0,82,60
9093618.0,81,54
9093628.0,83,62
9093641.0,91,51
9093652.0,92,57
9093662.0,86,50
9093667.0,79,87
9093668.0,89,54
9093733.0,85,51
9093764.0,85,57
9093791.0,84,51
9093797.0,83,50
9093836.0,89,51
9093862.0,79,89
9093884.0,90,51
9093894.0,81,53
9093910.0,84,57
9093993.0,86,51
9093998.0,85,53
9094001.0,85,57
9094099.0,91,52
9094116.0,86,52
9094116.0,88,50
9094132.0,84,63
9094148.0,84,52
9094157.0,88,51
9094167.0,86,53
9094189.0,91,51
9094292.0,81,55
9094385.0,84,50
9094393.0,83,51
9094401.0,89,55
9094419.0,88,79
9094455.0,89,51
9094476.0,80,61
9094477.0,81,60
9094486.0,83,54
9094580.0,88,54
9094662.0,91,51
9094664.0,86,50
9094680.0,82,61
9094706.0,83,59
9094786.0,92,58
9094818.0,82,54
9094839.0,88,52
9094923.0,87,51
9094937.0,81,60
9094943.0,84,55
9094975.0,89,56
9094976.0,90,56
9094984.0,87,50
9094996.0,91,59
9095001.0,89,52
9095028.0,88,52
9095067.0,86,56
9095078.0,92,50
9095079.0,85,51
9095085.0,79,89
9095103.0,89,78
9095115.0,81,61
9095201.0,87,56
9095217.0,83,56
9095256.0,89,51
9095273.0,88,63
9095304.0,84,64
9095305.0,91,58
9095308.0,82,60
9095312.0,86,64
9095324.0,91,53
9095338.0,84,50
9095361.0,83,52
9095371.0,84,56
9095381.0,91,52
9095409.0,85,51
9095428.0,94,57
9095475.0,83,57
9095478.0,86,52
9095494.0,84,58
9095494.0,79,89
9095496.0,93,59
9095510.0,84,60
9095517.0,91,51
9095532.0,82,58
9095539.0,79,86
9095589.0,82,53
9095596.0,88,52
9095623.0,91,53
9095630.0,84,52
9095686.0,83,51
9095698.0,80,86
9095741.0,84,56
9095752.0,85,52
9095753.0,92,50
9095773.0,81,53
9095785.0,87,50
9095786.0,86,50
9095794.0,81,86
9095797.0,85,57
9095806.0,83,55
9095817.0,87,52
9095829.0,92,53
9095834.0,93,57
9095850.0,88,55
9095861.0,88,52
9095864.0,82,62
9095871.0,85,65
9095887.0,86,53
9095916.0,86,54
9095926.0,85,64
9095949.0,92,57
9095951.0,87,57
9095963.0,91,51
9095986.0,88,56
9095992.0,88,49
9096063.0,88,53
9096092.0,81,56
9096114.0,83,53
9096138.0,81,60
9096210.0,87,55
9096213.0,89,52
9096214.0,85,60
9096224.0,83,55
9096227.0,91,53
9096268.0,92,53
9096274.0,63,57
9096281.0,83,59
9096291.0,83,62
9096315.0,92,57
9096324.0,80,86
9096375.0,81,54
9096387.0,84,53
9096391.0,87,50
9096398.0,89,53
9096425.0,90,52
9096446.0,90,66
9096473.0,83,52
9096473.0,93,57
9096480.0,82,53
9096601.0,84,50
9096607.0,83,63
9096618.0,90,53
9096626.0,90,63
9096662.0,91,54
9096675.0,62,57
9096697.0,85,55
9096698.0,91,51
9096762.0,90,51
9096791.0,89,54
9096810.0,89,56
9096814.0,85,64
9096826.0,86,51
9096843.0,84,57
9096850.0,90,50
9096882.0,93,67
9096899.0,82,56
9096940.0,87,50
9096943.0,88,52
9096958.0,84,50
9096963.0,63,57
9096965.0,83,55
9096981.0,90,67
9096992.0,81,55
9097025.0,83,58
9097045.0,89,67
9097051.0,82,55
9097062.0,95,66
9097086.0,86,53
9097090.0,81,62
9097090.0,85,56
9097098.0,87,56
9097110.0,80,54
9097127.0,89,56
9097133.0,80,83
9097175.0,86,54
9097183.0,92,57
9097185.0,87,52
9097187.0,87,51
9097221.0,85,51
9097230.0,83,53
9097241.0,89,53
9097269.0,83,61
9097273.0,81,56
9097289.0,86,50
9097295.0,84,63
9097302.0,95,65
9097331.0,86,55
9097333.0,88,52
9097347.0,83,55
9097415.0,82,58
9097455.0,63,57
9097490.0,90,67
9097491.0,83,51
9097501.0,84,56
9097503.0,91,51
9097518.0,85,59
9097527.0,88,54
9097534.0,88,53
9097549.0,85,52
9097550.0,89,57
9097581.0,86,55
9097591.0,91,54
9097596.0,91,55
9097629.0,82,51
9097630.0,84,59
9097632.0,89,54
9097646.0,92,52
9097654.0,81,61
9097656.0,81,53
9097676.0,85,62
9097779.0,87,52
9097794.0,87,50
9097801.0,90,51
9097801.0,87,53
9097808.0,89,67
9097827.0,84,51
9097843.0,89,55
9097852.0,81,57
9097864.0,84,57
9097869.0,85,54
9097891.0,90,55
9097936.0,63,57
9097940.0,88,53
9097949.0,91,55
9097958.0,82,62
9097993.0,89,51
9098032.0,92,52
9098126.0,85,53
9098135.0,88,65
9098170.0,89,63
9098237.0,90,67
9098239.0,86,50
9098254.0,85,50
9098272.0,81,54
9098293.0,86,55
9098306.0,91,53
9098312.0,85,53
9098370.0,85,52
9098379.0,80,54
9098390.0,85,51
9098434.0,92,67
9098451.0,87,64
9098510.0,87,51
9098568.0,91,55
9098572.0,91,51
9098603.0,81,53
9098612.0,88,51
9098616.0,86,51
9098629.0,94,61
9098657.0,88,56
9098711.0,83,54
9098713.0,86,55
9098746.0,86,59
9098766.0,81,57
9098843.0,91,53
9098881.0,82,51
9098905.0,86,56
9098909.0,91,51
9098916.0,89,55
9098939.0,87,52
9098953.0,84,51
9098977.0,81,62
9098999.0,77,87
9099021.0,90,51
9099024.0,82,54
9099042.0,87,51
9099053.0,80,54
9099083.0,88,58
9099169.0,96,67
9099196.0,87,50
9099198.0,92,52
9099211.0,96,68
9099211.0,84,57
9099247.0,85,52
9099262.0,89,54
9099267.0,67,51
9099301.0,84,54
9099328.0,87,52
9099344.0,83,59
9099356.0,83,61
9099416.0,88,55
9099425.0,83,56
9099459.0,85,53
9099460.0,90,52
9099493.0,86,50
9099505.0,93,61
9099528.0,92,52
9099542.0,91,53
9099581.0,86,65
9099583.0,84,60
9099595.0,88,51
9099626.0,81,53
9099648.0,83,61
9099654.0,84,61
9099669.0,85,53
9099678.0,80,54
9099685.0,86,52
9099741.0,90,54
9099755.0,91,56
9099874.0,91,66
9099911.0,82,52
9099941.0,80,55
9099990.0,83,56
9099992.0,87,52
9100009.0,85,58
9100012.0,81,54
9100016.0,82,59
9100030.0,84,57
9100036.0,83,52
9100044.0,88,53
9100045.0,89,52
9100050.0,92,58
9100080.0,82,62
9100183.0,91,55
9100196.0,87,51
9100234.0,85,54
9100237.0,86,51
9100265.0,88,51
9100292.0,98,82
9100323.0,82,61
9100371.0,92,54
9100413.0,82,51
9100426.0,89,53
9100460.0,88,54
9100461.0,88,55
9100465.0,82,56
9100466.0,91,55
9100486.0,83,57
9100489.0,83,56
9100490.0,89,56
9100493.0,87,51
9100546.0,86,64
9100574.0,80,54
9100576.0,84,52
9100593.0,85,55
9100606.0,87,53
9100607.0,87,54
9100663.0,69,53
9100674.0,86,57
9100713.0,83,61
9100738.0,90,52
9100799.0,81,61
9100814.0,88,52
9100824.0,82,52
9100826.0,86,53
9100866.0,92,61
9100869.0,84,53
9100919.0,83,58
9100931.0,83,60
9100951.0,88,64
9100974.0,82,57
9100983.0,85,51
9100998.0,84,57
9101032.0,84,51
9101042.0,82,51
9101054.0,90,53
9101062.0,86,56
9101091.0,83,55
9101121.0,77,83
9101190.0,86,51
9101211.0,84,63
9101214.0,83,56
9101222.0,85,64
9101267.0,91,56
9101279.0,87,51
9101315.0,82,55
9101350.0,81,62
9101381.0,85,53
9101440.0,84,62
9101448.0,81,55
9101457.0,78,82
9101474.0,88,51
9101550.0,90,52
9101556.0,89,64
9101616.0,83,51
9101622.0,78,83
9101643.0,80,62
9101659.0,80,55
9101663.0,79,82
9101681.0,82,62
9101687.0,87,51
9101688.0,82,63
9101740.0,84,51
9101757.0,83,52
9101809.0,82,58
9101821.0,87,53
9101842.0,97,80
9101848.0,88,52
9101878.0,80,61
9101910.0,90,53
9101935.0,76,78
9101966.0,84,54
9101981.0,83,53
9101987.0,89,53
9102040.0,89,56
9102073.0,81,58
9102079.0,80,56
9102097.0,85,56
9102120.0,88,53
9102127.0,84,59
9102144.0,87,53
9102149.0,91,59
9102157.0,83,54
9102158.0,90,52
9102197.0,89,51
9102238.0,82,53
9102274.0,92,60
9102279.0,84,53
9102463.0,83,57
9102468.0,81,62
9102472.0,84,51
9102505.0,84,58
9102554.0,89,52
9102559.0,87,56
9102570.0,81,54
9102594.0,86,54
9102698.0,82,61
9102726.0,82,52
9102751.0,84,52
9102765.0,88,56
9102778.0,83,62
9102813.0,83,51
9102848.0,86,52
9102897.0,86,51
9102956.0,85,63
9103018.0,84,55
9103020.0,80,62
9103024.0,86,53
9103028.0,92,58
9103055.0,90,53
9103055.0,88,53
9103149.0,85,52
9103150.0,82,59
9103163.0,89,51
9103166.0,81,55
9103171.0,86,51
9103175.0,89,55
9103197.0,85,65
9103232.0,83,56
9103283.0,85,50
9103426.0,87,54
9103429.0,87,53
9103439.0,93,60
9103456.0,82,55
9103456.0,88,60
9103466.0,83,64
9103519.0,88,54
9103544.0,89,51
9103562.0,94,64
9103566.0,81,57
9103607.0,81,54
9103608.0,83,50
9103683.0,80,56
9103725.0,84,53
9103870.0,83,57
9103880.0,82,56
9103884.0,87,54
9103957.0,83,59
9103960.0,85,50
9103967.0,90,76
9103977.0,88,56
9103996.0,90,54
9104003.0,89,54
9104013.0,82,51
9104015.0,80,62
9104053.0,89,51
9104070.0,85,64
9104071.0,87,53
9104082.0,85,52
9104089.0,81,52
9104091.0,96,70
9104106.0,86,51
9104106.0,83,63
9104145.0,84,51
9104168.0,82,55
9104180.0,86,52
9104252.0,80,56
9104256.0,81,61
9104270.0,84,61
9104294.0,82,61
9104306.0,86,66
9104325.0,85,51
9104329.0,82,52
9104345.0,91,57
9104380.0,82,57
9104399.0,83,52
9104400.0,84,62
9104401.0,89,51
9104429.0,83,56
9104478.0,88,54
9104535.0,80,56
9104570.0,80,55
9104578.0,87,51
9104640.0,86,51
9104679.0,82,60
9104684.0,84,58
9104692.0,87,54
9104699.0,86,64
9104719.0,88,56
9104796.0,82,54
9104838.0,86,54
9104848.0,81,54
9104854.0,91,58
9104871.0,91,55
9104895.0,89,52
9104909.0,87,53
9104951.0,86,53
9104990.0,88,53
9105004.0,81,62
9105006.0,91,60
9105026.0,87,55
9105027.0,81,59
9105038.0,90,60
9105048.0,81,56
9105066.0,84,56
9105070.0,81,52
9105083.0,83,53
9105112.0,82,56
9105150.0,97,68
9105182.0,80,54
9105188.0,88,54
9105200.0,81,54
9105205.0,87,51
9105276.0,82,51
9105288.0,84,53
9105296.0,87,54
9105308.0,98,71
9105332.0,81,61
9105376.0,87,66
9105383.0,84,52
9105403.0,83,52
9105441.0,89,64
9105477.0,90,59
9105493.0,85,62
9105536.0,87,53
9105564.0,85,57
9105578.0,85,51
9105617.0,88,55
9105707.0,87,52
9105710.0,90,54
9105715.0,81,52
9105756.0,88,59
9105772.0,89,52
9105777.0,91,57
9105792.0,87,51
9105815.0,84,64
9105817.0,83,54
9105835.0,87,54
9105855.0,79,55
9105890.0,87,56
9105891.0,85,53
9105900.0,83,63
9105906.0,85,64
9105908.0,91,54
9105915.0,89,66
9105941.0,90,56
9105967.0,86,53
9105985.0,81,54
9105991.0,85,54
9105998.0,84,63
9106028.0,90,54
9106049.0,90,55
9106051.0,85,51
9106093.0,87,53
9106113.0,85,58
9106172.0,80,54
9106226.0,88,52
9106242.0,87,55
9106257.0,91,54
9106276.0,87,54
9106334.0,82,53
9106373.0,88,63
9106387.0,80,55
9106470.0,87,55
9106513.0,86,61
9106547.0,82,55
9106564.0,87,51
9106574.0,81,55
9106583.0,85,51
9106610.0,81,54
9106651.0,83,59
9106661.0,81,52
9106678.0,84,55
9106689.0,78,80
9106735.0,80,57
9106738.0,82,51
9106774.0,82,52
9106804.0,90,57
9106826.0,88,55
9106827.0,83,57
9106844.0,83,52
9106894.0,82,59
9106897.0,85,52
9106939.0,88,51
9106990.0,87,53
9106999.0,87,52
9107008.0,81,57
9107008.0,84,51
9107015.0,82,60
9107033.0,40,77
9107053.0,84,58
9107068.0,88,66
9107084.0,75,96
9107092.0,82,63
9107093.0,85,51
9107105.0,79,55
9107185.0,81,53
9107243.0,84,54
9107297.0,91,57
9107327.0,82,51
9107382.0,87,55
9107443.0,99,74
9107459.0,81,54
9107515.0,80,54
9107516.0,84,52
9107540.0,82,62
9107565.0,83,62
9107570.0,41,77
9107576.0,90,55
9107582.0,84,57
9107620.0,87,55
9107667.0,89,53
9107668.0,84,53
9107685.0,89,57
9107694.0,88,57
9107714.0,90,54
9107720.0,79,80
9107769.0,80,55
9107776.0,82,55
9107786.0,81,56
9107827.0,83,51
9107830.0,81,53
9107839.0,84,51
9107840.0,83,60
9107849.0,90,56
9107891.0,88,56
9107892.0,81,54
9107908.0,81,63
9107931.0,83,52
9107941.0,82,51
9107958.0,81,52
9107969.0,85,52
9107975.0,83,58
9107981.0,81,55
9107993.0,86,55
9108028.0,79,80
9108047.0,88,52
9108049.0,91,57
9108056.0,87,52
9108106.0,89,65
9108107.0,86,54
9108163.0,83,57
9108196.0,83,53
9108227.0,81,56
9108323.0,85,57
9108393.0,79,56
9108397.0,83,58
9108434.0,88,51
9108435.0,81,56
9108508.0,79,55
9108514.0,89,52
9108553.0,83,53
9108573.0,83,52
9108593.0,89,51
9108600.0,88,53
9108616.0,86,65
9108616.0,80,58
9108617.0,88,51
9108620.0,85,56
9108622.0,85,66
9108645.0,93,60
9108667.0,89,53
9108678.0,78,88
9108773.0,84,56
9108854.0,88,56
9108869.0,85,65
9108875.0,81,59
9108878.0,86,56
9108880.0,82,59
9108898.0,83,55
9108934.0,89,51
9109108.0,87,53
9109132.0,83,58
9109134.0,89,52
9109152.0,85,64
9109157.0,91,57
9109182.0,83,53
9109184.0,84,64
9109213.0,92,59
9109230.0,87,58
9109234.0,87,56
9109289.0,79,56
9109298.0,77,88
9109337.0,82,57
9109375.0,89,56
9109403.0,82,53
9109417.0,86,54
9109442.0,85,54
9109509.0,84,51
9109520.0,83,53
9109530.0,84,71
9109564.0,84,65
9109575.0,89,51
9109693.0,85,53
9109696.0,91,54
9109703.0,77,89
9109705.0,86,54
9109717.0,87,55
9109724.0,83,63
9109768.0,84,53
9109792.0,81,58
9109817.0,88,51
9109838.0,90,56
9109841.0,82,58
9109848.0,80,82
9109857.0,82,52
9109861.0,89,51
9109891.0,83,64
9109918.0,89,55
9109932.0,81,56
9109944.0,88,64
9109948.0,86,55
9109969.0,85,53
9109991.0,82,56
9110049.0,84,62
9110055.0,89,53
9110056.0,87,53
9110061.0,82,63
9110063.0,92,56
9110104.0,81,63
9110135.0,83,52
9110210.0,90,56
9110219.0,81,56
9110280.0,105,55
9110287.0,84,51
9110328.0,84,52
9110334.0,81,53
9110397.0,84,54
9110418.0,89,53
9110433.0,92,56
9110472.0,97,68
9110520.0,81,54
9110522.0,85,53
9110527.0,87,56
9110557.0,84,60
9110591.0,82,64
9110611.0,88,65
9110628.0,80,56
9110781.0,79,56
9110834.0,86,66
9110847.0,87,54
9110872.0,83,61
9110876.0,85,53
9110878.0,81,56
9110962.0,89,53
9111012.0,78,87
9111023.0,88,52
9111063.0,89,54
9111068.0,83,51
9111095.0,91,59
9111108.0,90,56
9111137.0,87,50
9111164.0,82,60
9111228.0,87,51
9111230.0,96,67
9111275.0,80,58
9111297.0,83,62
9111304.0,90,56
9111325.0,81,57
9111338.0,81,63
9111392.0,89,53
9111411.0,85,53
9111453.0,88,54
9111468.0,82,53
9111494.0,86,55
9111497.0,84,53
9111547.0,84,51
9111600.0,85,63
9111606.0,84,52
9111679.0,80,55
9111702.0,83,60
9111714.0,85,53
9111729.0,88,56
9111732.0,80,63
9111758.0,86,52
9111765.0,88,52
9111800.0,95,66
9111817.0,87,55
9111825.0,87,64
9111826.0,80,53
9111834.0,86,51
9111835.0,82,54
9111835.0,83,55
9111845.0,89,64
9111849.0,84,51
9111882.0,81,54
9111887.0,80,62
9111890.0,89,57
9111908.0,74,85
9111937.0,79,57
9111947.0,82,56
9111980.0,81,53
9112230.0,87,54
9112250.0,89,53
9112255.0,89,54
9112303.0,92,59
9112333.0,87,52
9112361.0,90,58
9112368.0,83,52
9112407.0,86,52
9112463.0,85,56
9112514.0,84,54
9112522.0,82,57
9112611.0,90,52
9112715.0,79,56
9112742.0,81,60
9112988.0,87,65
9113005.0,84,57
9113035.0,88,57
9113040.0,82,52
9113059.0,96,66
9113062.0,86,52
9113074.0,80,55
9113081.0,84,59
9113121.0,81,52
9113140.0,82,63
9113175.0,91,58
9113208.0,82,62
9113272.0,90,52
9113289.0,87,51
9113294.0,80,55
9113333.0,87,55
9113418.0,80,59
9113503.0,90,64
9113534.0,84,50
9113569.0,80,53
9113579.0,88,52
9113599.0,81,56
9113622.0,90,52
9113646.0,82,55
9113651.0,85,54
9113655.0,80,63
9113665.0,87,54
9113703.0,82,57
9113712.0,87,56
9113739.0,81,55
9113790.0,89,55
9113812.0,88,54
9113821.0,82,54
9113861.0,83,58
9113861.0,84,53
9113866.0,83,52
9113868.0,85,58
9113911.0,90,57
9114005.0,79,55
9114095.0,82,61
9114164.0,80,55
9114199.0,83,65
9114210.0,91,60
9114295.0,83,54
9114350.0,82,52
9114438.0,87,55
9114467.0,81,62
9114476.0,83,56
9114488.0,83,53
9114491.0,83,60
9114495.0,80,53
9114505.0,81,53
9114554.0,82,60
9114581.0,82,62
9114668.0,88,53
9114694.0,84,54
9114704.0,81,52
9114742.0,84,53
9114743.0,87,52
9114771.0,77,84
9114818.0,81,63
9114830.0,80,57
9114849.0,83,63
9114875.0,80,56
9114880.0,82,58
9114900.0,83,52
9114918.0,86,53
9114966.0,85,53
9114971.0,89,55
9114987.0,88,55
9115024.0,90,57
9115039.0,81,58
9115040.0,85,54
9115149.0,79,56
9115153.0,79,57
9115169.0,87,53
9115193.0,77,85
9115215.0,85,53
9115327.0,83,61
9115354.0,82,58
9115372.0,84,54
9115397.0,96,78
9115451.0,79,55
9115465.0,80,53
9115469.0,77,84
9115492.0,82,63
9115521.0,76,80
9115550.0,85,65
9115698.0,92,59
9115699.0,86,56
9115749.0,85,54
9115807.0,89,54
9115808.0,81,63
9115822.0,96,78
9115831.0,84,56
9115840.0,88,53
9115872.0,84,57
9115900.0,90,63
9115906.0,80,54
9115921.0,80,62
9115927.0,91,58
9115968.0,92,59
9115970.0,79,93
9115992.0,80,59
9116024.0,84,58
9116030.0,80,63
9116063.0,81,62
9116130.0,86,53
9116151.0,82,58
9116182.0,82,62
9116186.0,92,58
9116194.0,84,65
9116199.0,83,53
9116230.0,90,57
9116289.0,83,59
9116309.0,86,52
9116313.0,96,67
9116349.0,94,67
9116384.0,82,57
9116387.0,83,52
9116410.0,87,52
9116510.0,80,62
9116537.0,81,57
9116585.0,96,78
9116619.0,87,57
9116647.0,79,93
9116658.0,92,59
9116659.0,84,60
9116744.0,86,57
9116846.0,81,52
9116863.0,81,55
9116874.0,87,56
9116952.0,85,56
9117021.0,96,78
9117022.0,80,53
9117031.0,89,55
9117100.0,85,55
9117135.0,85,54
9117227.0,82,52
9117262.0,81,52
9117284.0,86,52
9117317.0,88,63
9117487.0,94,66
9117533.0,89,55
9117551.0,83,54
9117568.0,84,64
9117580.0,86,56
9117590.0,83,64
9117613.0,90,56
9117662.0,87,52
9117670.0,81,53
9117765.0,79,93
9117810.0,87,54
9117891.0,93,60
9117904.0,87,56
9117927.0,81,59
9118013.0,83,57
9118025.0,81,57
9118066.0,95,65
9118076.0,92,60
9118121.0,90,56
9118147.0,92,59
9118261.0,92,61
9118266.0,90,57
9118320.0,89,56
9118440.0,87,51
9118445.0,84,54
9118478.0,93,60
9118544.0,83,59
9118579.0,88,54
9118606.0,86,54
9118611.0,83,53
9118672.0,93,65
9118677.0,95,66
9118697.0,84,54
9118761.0,86,51
9118820.0,85,52
9119013.0,80,56
9119091.0,96,66
9119098.0,87,51
9119108.0,82,52
9119118.0,80,54
9119137.0,85,55
9119178.0,95,66
9119207.0,80,58
9119210.0,81,60
9119241.0,83,62
9119270.0,81,54
9119298.0,84,54
9119311.0,91,58
9119329.0,88,56
9119379.0,79,56
9119413.0,86,66
9119424.0,86,51
9119450.0,87,52
9119572.0,97,67
9119589.0,89,56
9119623.0,78,93
9119692.0,79,58
9119734.0,87,51
9119771.0,79,55
9119777.0,86,54
9119787.0,84,61
9119789.0,83,53
9119814.0,85,52
9119831.0,80,63
9119898.0,81,56
9119968.0,97,68
9119990.0,85,65
9120052.0,87,51
9120084.0,84,53
9120086.0,82,55
9120102.0,91,58
9120157.0,87,64
9120171.0,84,55
9120264.0,81,63
9120279.0,86,53
9120303.0,87,56
9120377.0,82,62
9120411.0,80,57
9120452.0,84,62
9120466.0,83,56
9120545.0,81,64
9120585.0,81,54
9120595.0,88,53
9120628.0,75,90
9120659.0,86,54
9120660.0,82,61
9120664.0,85,53
9120696.0,82,53
9120844.0,76,91
9120937.0,83,57
9121004.0,88,53
9121159.0,84,54
9121251.0,83,53
9121256.0,99,82
9121262.0,80,53
9121274.0,86,64
9121381.0,80,56
9121438.0,82,63
9121506.0,79,82
9121591.0,84,54
9121609.0,87,53
9121891.0,86,55
9122025.0,87,63
9122090.0,85,52
9122094.0,83,53
9122097.0,83,54
9122269.0,87,55
9122288.0,89,52
9122392.0,86,55
9122495.0,83,61
9122643.0,88,54
9122697.0,85,53
9122713.0,83,53
9122744.0,80,54
9122761.0,86,55
9122770.0,82,60
9122781.0,81,56
9122887.0,85,56
9122922.0,86,52
9122985.0,79,81
9123020.0,80,56
9123159.0,89,55
9123227.0,83,63
9123228.0,81,61
9123283.0,82,58
9123360.0,90,57
9123402.0,85,66
9123435.0,80,56
9123447.0,88,55
9123500.0,79,81
9123554.0,87,53
9123639.0,86,53
9123651.0,89,56
9123666.0,87,65
9123696.0,82,64
9123716.0,82,56
9123827.0,83,64
9123919.0,86,51
9123947.0,86,52
9123963.0,85,52
9124003.0,89,56
9124026.0,84,66
9124030.0,89,55
9124093.0,80,56
9124101.0,87,54
9124194.0,72,92
9124343.0,87,53
9124367.0,92,58
9124501.0,92,57
9124545.0,80,60
9124712.0,86,54
9124731.0,86,55
9124737.0,85,53
9124817.0,88,55
9124845.0,79,57
9124919.0,81,61
9124947.0,82,59
9125006.0,85,56
9125047.0,84,56
9125217.0,86,57
9125586.0,81,60
9125613.0,85,54
9125816.0,83,63
9125844.0,93,61
9125957.0,87,53
9126278.0,92,59
9126309.0,84,55
9126406.0,85,86
9126502.0,83,62
9126552.0,74,79
9126584.0,81,54
9126592.0,82,62
9126680.0,87,53
9126807.0,84,53
9126895.0,87,54
9127276.0,84,52
9127378.0,81,63
9127481.0,82,53
9127575.0,87,53
9127629.0,80,85
9127757.0,86,56
9127827.0,85,54
9127846.0,85,65
9127858.0,80,53
9127876.0,85,53
9127908.0,85,52
9128018.0,91,64
9128097.0,82,59
9128142.0,82,58
9128215.0,86,57
9128224.0,87,53
9128254.0,37,108
9128275.0,86,54
9128285.0,80,55
9128315.0,84,64
9128340.0,84,53
9128462.0,87,55
9128525.0,83,59
9128600.0,86,53
9128697.0,87,54
9128771.0,80,54
9128853.0,79,54
9129130.0,88,55
9129291.0,85,56
9129321.0,89,58
9129329.0,81,62
9129332.0,84,53
9129475.0,89,55
9129501.0,83,54
9129526.0,61,57
9129610.0,85,54
9129618.0,88,53
9129629.0,88,57
9129654.0,46,97
9129761.0,83,57
9129777.0,61,57
9129881.0,86,53
9129983.0,81,59
9130138.0,45,97
9130249.0,90,59
9130263.0,84,58
9130307.0,61,57
9130350.0,88,53
9130390.0,82,61
9130712.0,84,65
9130811.0,87,56
9130814.0,87,54
9130816.0,77,92
9130822.0,93,65
9130929.0,82,64
9130956.0,80,64
9131093.0,85,53
9131096.0,82,65
9131112.0,84,53
9131132.0,88,65
9131186.0,86,53
9131322.0,79,56
9131331.0,91,58
9131348.0,83,60
9131374.0,84,61
9131470.0,86,54
9131537.0,86,56
9131607.0,61,56
9131654.0,93,82
9131679.0,81,58
9131727.0,91,58
9131772.0,87,54
9131803.0,88,56
9131928.0,85,52
9131960.0,90,58
9131981.0,84,57
9132163.0,85,55
9132221.0,80,58
9132505.0,79,57
9132533.0,89,57
9132622.0,83,63
9132773.0,87,54
9132846.0,83,56
9132870.0,89,66
9132895.0,83,63
9133089.0,89,56
9133273.0,83,56
9133445.0,87,54
9133482.0,86,55
9133602.0,88,56
9133698.0,89,56
9133900.0,83,56
9134035.0,79,59
9134185.0,87,54
9134353.0,82,62
9134485.0,81,62
9134619.0,87,54
9134646.0,89,56
9134726.0,77,84
9135195.0,91,55
9135410.0,89,56
9135638.0,84,54
9135944.0,85,52
9135984.0,80,63
9136193.0,84,53
9136221.0,85,54
9136350.0,84,52
9136436.0,78,89
9136789.0,97,82
9136944.0,78,86
9137616.0,97,82
9137817.0,77,86
9138066.0,83,53
9138291.0,84,53
9138405.0,84,54
9138533.0,83,87
9138606.0,88,56
9138657.0,83,54
9138954.0,83,53
9139170.0,85,53
9139222.0,83,53
9139284.0,86,54
9139563.0,78,105
9139577.0,43,105
9139767.0,82,53
9140237.0,43,105
9140299.0,78,105
9140477.0,43,105
9140567.0,73,115
9140806.0,78,105
9141113.0,81,61
9141327.0,76,97
9142952.0,82,54
9144509.0,78,81
9144645.0,77,81
9144702.0,80,85
9145390.0,81,53
9145610.0,98,73
9145683.0,93,62
9146764.0,58,74
9146803.0,84,55
9147066.0,88,56
9147081.0,57,74
9147451.0,58,74
9147647.0,57,74
9148289.0,80,57
9148378.0,57,74
9148489.0,85,56
9148521.0,83,55
9148698.0,79,56
9148716.0,87,55
9148778.0,88,56
9148960.0,78,57
9149138.0,83,104
9149916.0,81,57
9149975.0,81,58
9150238.0,89,57
9150257.0,81,57
9150335.0,86,57
9150542.0,83,58
9150667.0,85,56
9151159.0,75,94
9151162.0,92,60
9151270.0,82,59
9151508.0,82,58
9151955.0,89,105
9152121.0,96,79
9152140.0,82,58
9152211.0,82,62
9152293.0,83,105
9152615.0,96,78
9152666.0,81,58
9152883.0,89,105
9152891.0,89,57
9152921.0,83,104
9153069.0,84,56
9153137.0,85,56
9153194.0,88,56
9153199.0,96,79
9153250.0,82,59
9153379.0,79,56
9153498.0,84,56
9153701.0,83,104
9153758.0,85,55
9153812.0,86,57
9153851.0,82,63
9153942.0,86,56
9154016.0,80,55
9154072.0,83,59
9154079.0,80,56
9154254.0,81,53
9154603.0,81,57
9154677.0,83,59
9154692.0,84,57
9154696.0,82,58
9154938.0,80,58
9154948.0,81,54
9155146.0,81,59
9155188.0,82,52
9155228.0,81,56
9155282.0,81,53
9155793.0,84,54
9155840.0,83,63
9155953.0,83,60
9155987.0,82,54
9156260.0,93,63
9156504.0,80,56
9156527.0,95,64
9156934.0,83,59
9157021.0,84,53
9157091.0,84,63
9157128.0,82,61
9157260.0,85,54
9157267.0,84,54
9157291.0,86,53
9157320.0,87,56
9157655.0,85,54
9157819.0,84,52
9157920.0,95,65
9157966.0,86,55
9157971.0,83,54
9157982.0,82,55
9158080.0,83,56
9158103.0,83,55
9158112.0,87,54
9158119.0,84,58
9158126.0,82,56
9158161.0,86,56
9158171.0,88,55
9158281.0,76,94
9158352.0,83,63
9158363.0,83,53
9158387.0,82,52
9158463.0,85,52
9158568.0,87,57
9158641.0,86,53
9158726.0,82,54
9158804.0,95,66
9158808.0,87,57
9158940.0,80,57
9158961.0,80,63
9158980.0,85,63
9159038.0,96,66
9159110.0,76,95
9159211.0,81,56
9159415.0,84,59
9159424.0,93,60
9159451.0,79,58
9159484.0,81,61
9159522.0,91,58
9159588.0,85,54
9159590.0,83,57
9159641.0,85,55
9159762.0,88,55
9159771.0,79,58
9159778.0,85,52
9159926.0,84,53
9159949.0,86,53
9159953.0,87,54
9159961.0,89,58
9160078.0,79,59
9160189.0,84,53
9160202.0,83,62
9160241.0,81,56
9160294.0,83,59
9160340.0,90,59
9160363.0,79,59
9160387.0,82,64
9160522.0,80,53
9160573.0,83,64
9160672.0,85,52
9160689.0,83,63
9160746.0,89,56
9160751.0,93,61
9160761.0,80,59
9160765.0,81,56
9160767.0,84,65
9160841.0,85,53
9160860.0,81,54
9160866.0,79,58
9160960.0,81,57
9160962.0,92,59
9160983.0,90,57
9160997.0,82,53
9161058.0,91,58
9161145.0,88,59
9161176.0,86,54
9161177.0,84,61
9161180.0,82,59
9161323.0,88,55
9161332.0,83,61
9161383.0,79,52
9161447.0,83,52
9161572.0,95,64
9161621.0,81,55
9161632.0,81,56
9161638.0,94,64
9161691.0,85,52
9161697.0,83,61
9161849.0,82,54
9161934.0,83,59
9161960.0,79,52
9161987.0,89,56
9162026.0,81,57
9162030.0,87,60
9162047.0,82,52
9162056.0,89,60
9162094.0,79,57
9162152.0,81,55
9162202.0,85,55
9162261.0,84,53
9162286.0,85,65
9162287.0,91,58
9162386.0,81,60
9162567.0,92,59
9162587.0,84,55
9162643.0,83,52
9162715.0,90,57
9162789.0,83,61
9162977.0,85,54
9163109.0,82,57
9163115.0,84,63
9163150.0,81,52
9163159.0,88,55
9163172.0,80,63
9163205.0,87,54
9163209.0,86,56
9163243.0,85,52
9163258.0,80,53
9163258.0,89,56
9163490.0,83,58
9163531.0,79,56
9163534.0,84,52
9163575.0,82,61
9163575.0,86,55
9163628.0,83,59
9163676.0,86,65
9163722.0,92,59
9163751.0,82,58
9163766.0,81,55
9163826.0,81,62
9163848.0,83,53
9163916.0,80,55
9163949.0,87,55
9164047.0,83,62
9164061.0,83,52
9164217.0,86,56
9164272.0,84,53
9164416.0,82,60
9164479.0,89,56
9164710.0,87,53
9164740.0,81,52
9164751.0,90,68
9164775.0,80,55
9164799.0,93,60
9164902.0,83,52
9164977.0,87,66
9165104.0,81,63
9165111.0,86,59
9165116.0,86,55
9165135.0,81,53
9165157.0,86,54
9165208.0,83,65
9165250.0,90,57
9165290.0,81,56
9165311.0,84,53
9165355.0,84,65
9165368.0,92,59
9165406.0,85,53
9165438.0,79,55
9165445.0,83,59
9165460.0,85,56
9165493.0,87,56
9165504.0,84,57
9165516.0,85,54
9165544.0,79,56
9165584.0,85,65
9165711.0,81,62
9165771.0,87,53
9165783.0,80,55
9165804.0,94,67
9165840.0,87,57
9165898.0,92,69
9165933.0,81,59
9165958.0,91,58
9165997.0,88,54
9166196.0,82,54
9166198.0,86,52
9166207.0,84,62
9166210.0,81,52
9166224.0,84,64
9166423.0,80,59
9166481.0,82,62
9166488.0,79,57
9166498.0,84,54
9166539.0,80,57
9166586.0,81,62
9166658.0,89,65
9166723.0,87,53
9166748.0,85,54
9166763.0,84,54
9166766.0,82,63
9166813.0,80,53
9166822.0,83,54
9166854.0,83,52
9166994.0,81,56
9167034.0,93,60
9167063.0,88,54
9167091.0,83,58
9167103.0,83,56
9167174.0,79,56
9167316.0,88,66
9167425.0,82,58
9167587.0,83,58
9167607.0,82,62
9167640.0,79,59
9167792.0,79,54
9167890.0,80,55
9167917.0,96,65
9167980.0,81,60
9168032.0,85,53
9168084.0,89,55
9168118.0,81,56
9168128.0,88,54
9168169.0,81,58
9168196.0,81,64
9168214.0,92,59
9168236.0,79,54
9168257.0,87,53
9168292.0,88,64
9168312.0,80,56
9168367.0,83,58
9168394.0,85,53
9168404.0,87,64
9168460.0,80,62
9168478.0,87,57
9168498.0,84,54
9168567.0,95,65
9168609.0,88,56
9168713.0,81,62
9168721.0,86,52
9168756.0,86,54
9168801.0,84,54
9168855.0,82,56
9168856.0,81,64
9168959.0,89,67
9169011.0,83,58
9169029.0,82,62
9169056.0,87,65
9169079.0,82,61
9169110.0,81,54
9169132.0,93,60
9169134.0,88,54
9169187.0,84,58
9169196.0,87,65
9169200.0,87,56
9169357.0,79,54
9169415.0,89,55
9169427.0,80,63
9169428.0,84,55
9169559.0,85,52
9169583.0,82,54
9169621.0,84,54
9169669.0,87,54
9169672.0,81,63
9169744.0,84,52
9169754.0,85,53
9169805.0,86,53
9169869.0,81,64
9169880.0,84,63
9169885.0,82,61
9169957.0,69,55
9170033.0,81,53
9170159.0,83,55
9170221.0,86,55
9170240.0,69,55
9170289.0,85,53
9170415.0,82,63
9170428.0,88,57
9170442.0,89,55
9170460.0,82,52
9170667.0,81,64
9170669.0,91,110
9170697.0,80,62
9170777.0,89,68
9170782.0,84,52
9170918.0,85,63
9170948.0,84,59
9170964.0,82,57
9171043.0,85,55
9171090.0,86,55
9171107.0,85,52
9171125.0,84,64
9171141.0,88,58
9171158.0,87,52
9171243.0,91,110
9171278.0,86,51
9171325.0,87,56
9171344.0,87,55
9171423.0,91,57
9171552.0,82,62
9171625.0,82,60
9171636.0,83,61
9171652.0,84,60
9171804.0,81,64
9171817.0,84,52
9171827.0,95,64
9172011.0,85,53
9172014.0,89,56
9172047.0,83,57
9172055.0,82,57
9172112.0,84,62
9172147.0,90,56
9172168.0,83,62
9172237.0,87,52
9172258.0,83,58
9172279.0,82,53
9172284.0,87,56
9172395.0,88,55
9172410.0,81,64
9172713.0,92,61
9172756.0,85,52
9172782.0,82,55
9172816.0,88,55
9172832.0,86,54
9172856.0,88,53
9172906.0,85,53
9172920.0,85,59
9172946.0,84,59
9172953.0,84,54
9172977.0,85,56
9172995.0,96,65
9173028.0,85,66
9173036.0,87,52
9173086.0,89,55
9173099.0,95,66
9173140.0,86,54
9173197.0,81,55
9173241.0,84,53
9173273.0,92,58
9173325.0,90,56
9173435.0,81,53
9173455.0,85,63
9173485.0,82,63
9173504.0,83,62
9173510.0,81,64
9173722.0,91,66
9173729.0,87,55
9173765.0,91,64
9173778.0,86,53
9173811.0,87,53
9173822.0,88,53
9173846.0,81,63
9173867.0,82,61
9173923.0,82,63
9173947.0,90,66
9173966.0,84,54
9173991.0,81,64
9174010.0,86,51
9174033.0,87,56
9174098.0,91,57
9174101.0,89,64
9174199.0,83,58
9174343.0,84,65
9174372.0,92,58
9174396.0,90,66
9174516.0,85,65
9174518.0,89,54
9174571.0,98,69
9174576.0,83,52
9174580.0,82,59
9174629.0,86,58
9174646.0,86,64
9174696.0,83,57
9174842.0,87,64
9174848.0,83,63
9174912.0,96,66
9175045.0,86,52
9175089.0,82,64
9175107.0,81,64
9175115.0,90,66
9175168.0,85,64
9175168.0,83,60
9175238.0,84,64
9175272.0,90,56
9175283.0,85,65
9175339.0,91,60
9175349.0,81,52
9175412.0,82,60
9175455.0,96,66
9175477.0,86,54
9175481.0,92,58
9175500.0,83,61
9175574.0,93,59
9175579.0,89,60
9175613.0,88,53
9175635.0,81,55
9175678.0,89,54
9175683.0,86,51
9175706.0,82,51
9175748.0,87,54
9175751.0,88,56
9175764.0,83,54
9175785.0,85,54
9175809.0,91,65
9175831.0,91,57
9175833.0,86,53
9175899.0,83,62
9175989.0,84,56
9176021.0,82,55
9176074.0,81,59
9176084.0,84,51
9176100.0,84,58
9176106.0,85,65
9176122.0,79,55
9176134.0,80,58
9176173.0,82,53
9176285.0,90,58
9176293.0,96,65
9176307.0,80,56
9176309.0,84,57
9176314.0,90,56
9176412.0,81,56
9176425.0,82,55
9176433.0,84,61
9176481.0,86,54
9176516.0,84,58
9176526.0,79,55
9176574.0,85,65
9176635.0,82,52
9176663.0,82,56
9176688.0,89,54
9176819.0,92,58
9176848.0,84,54
9176923.0,80,55
9176962.0,87,51
9177046.0,85,52
9177074.0,82,54
9177092.0,80,54
9177370.0,85,57
9177410.0,82,55
9177461.0,79,55
9177467.0,81,53
9177502.0,94,62
9177632.0,84,51
9177656.0,81,61
9177681.0,88,52
9177707.0,87,54
9177752.0,86,52
9177813.0,82,56
9177838.0,85,62
9178034.0,85,52
9178081.0,88,54
9178106.0,87,65
9178114.0,84,55
9178216.0,79,55
9178266.0,83,62
9178325.0,84,52
9178354.0,87,65
9178363.0,87,51
9178423.0,94,61
9178590.0,88,52
9178625.0,82,63
9178633.0,82,61
9178637.0,93,59
9178655.0,87,55
9178696.0,83,55
9178728.0,88,56
9178771.0,81,61
9178777.0,81,62
9178811.0,86,53
9178829.0,88,64
9178894.0,81,52
9178949.0,92,58
9178955.0,89,53
9178963.0,84,64
9179010.0,84,62
9179037.0,82,51
9179064.0,87,51
9179077.0,81,54
9179091.0,85,65
9179159.0,86,52
9179271.0,86,65
9179274.0,88,52
9179282.0,93,59
9179329.0,95,63
9179376.0,82,58
9179400.0,88,55
9179404.0,85,61
9179430.0,83,57
9179468.0,84,61
9179533.0,81,61
9179563.0,82,61
9179566.0,87,53
9179583.0,82,54
9179610.0,97,69
9179645.0,80,54
9179688.0,83,63
9179785.0,83,56
9179790.0,87,55
9179819.0,85,64
9179850.0,88,66
9179904.0,86,53
9179925.0,86,64
9179939.0,87,53
9179961.0,81,58
9179988.0,87,66
9180027.0,88,65
9180042.0,84,58
9180074.0,84,51
9180186.0,83,56
9180213.0,89,53
9180238.0,82,55
9180270.0,82,60
9180341.0,83,60
9180362.0,88,65
9180375.0,84,62
9180380.0,89,56
9180400.0,82,62
9180438.0,91,67
9180479.0,83,57
9180481.0,87,66
9180547.0,87,53
9180547.0,93,67
9180553.0,82,52
9180589.0,85,53
9180608.0,86,51
9180637.0,94,60
9180835.0,86,53
9180890.0,80,56
9180914.0,84,57
9180927.0,80,55
9180939.0,82,61
9180950.0,97,68
9180955.0,88,56
9180963.0,83,51
9181002.0,86,51
9181025.0,91,56
9181032.0,84,58
9181068.0,84,62
9181076.0,93,67
9181077.0,84,78
9181094.0,85,51
9181148.0,83,56
9181253.0,89,53
9181270.0,92,60
9181300.0,81,55
9181330.0,81,54
9181334.0,46,108
9181352.0,90,55
9181444.0,84,53
9181531.0,81,61
9181560.0,87,65
9181584.0,83,53
9181601.0,86,51
9181706.0,83,51
9181751.0,84,79
9181806.0,82,53
9181813.0,92,67
9181829.0,82,55
9181844.0,91,59
9181897.0,94,61
9181900.0,87,65
9181928.0,85,51
9181990.0,84,79
9181998.0,86,51
9182034.0,91,56
9182037.0,84,54
9182058.0,88,55
9182104.0,82,51
9182164.0,88,53
9182188.0,93,67
9182247.0,84,60
9182265.0,84,63
9182302.0,83,61
9182367.0,83,59
9182372.0,82,61
9182616.0,82,59
9182626.0,94,60
9182632.0,90,57
9182673.0,85,51
9182719.0,88,56
9182738.0,93,67
9182759.0,90,54
9182778.0,82,55
9182802.0,90,67
9182813.0,90,55
9182867.0,83,51
9182962.0,83,55
9183112.0,92,57
9183149.0,86,57
9183175.0,85,54
9183201.0,91,68
9183220.0,84,61
9183235.0,85,64
9183368.0,86,51
9183422.0,85,51
9183426.0,87,52
9183498.0,89,65
9183530.0,97,67
9183539.0,87,54
9183561.0,85,64
9183563.0,81,62
9183564.0,80,55
9183621.0,86,51
9183631.0,82,52
9183659.0,88,64
9183672.0,82,62
9183776.0,98,68
9183808.0,87,53
9183850.0,83,62
9183863.0,83,61
9183888.0,81,63
9183936.0,96,67
9183943.0,81,58
9183943.0,84,58
9183958.0,81,62
9183975.0,90,54
9184001.0,86,52
9184002.0,91,56
9184067.0,85,62
9184096.0,90,64
9184101.0,84,57
9184135.0,93,68
9184159.0,89,63
9184170.0,83,52
9184172.0,92,68
9184191.0,88,51
9184230.0,88,54
9184247.0,93,59
9184276.0,87,54
9184381.0,89,52
9184404.0,87,52
9184432.0,94,60
9184580.0,83,56
9184607.0,93,68
9184618.0,86,54
9184632.0,89,64
9184666.0,92,57
9184721.0,84,57
9184762.0,87,64
9184770.0,84,71
9184818.0,86,52
9184827.0,92,68
9184857.0,84,64
9184888.0,82,54
9184912.0,84,63
9185006.0,81,58
9185015.0,83,51
9185042.0,81,62
9185044.0,85,50
9185053.0,84,52
9185055.0,85,56
9185059.0,88,63
9185061.0,82,57
9185078.0,85,64
9185106.0,83,71
9185173.0,89,52
9185196.0,84,51
9185319.0,84,57
9185363.0,91,56
9185395.0,85,56
9185456.0,86,66
9185541.0,85,52
9185552.0,86,64
9185578.0,81,62
9185594.0,85,58
9185617.0,87,51
9185626.0,83,54
9185632.0,88,51
9185653.0,81,58
9185653.0,87,66
9185660.0,88,65
9185673.0,83,56
9185805.0,87,59
9185824.0,82,52
9185830.0,93,58
9185865.0,89,52
9185886.0,97,68
9185891.0,82,54
9186004.0,82,51
9186039.0,82,53
9186134.0,83,60
9186138.0,89,55
9186165.0,92,68
9186170.0,98,70
9186217.0,80,62
9186219.0,87,63
9186251.0,90,65
9186252.0,88,54
9186260.0,85,63
9186320.0,87,53
9186323.0,89,54
9186381.0,85,62
9186404.0,82,54
9186405.0,82,59
9186474.0,77,80
9186498.0,92,68
9186500.0,98,74
9186556.0,92,57
9186567.0,96,66
9186585.0,90,65
9186593.0,88,59
9186646.0,81,58
9186648.0,97,74
9186651.0,96,65
9186654.0,89,52
9186662.0,81,53
9186684.0,94,59
9186689.0,81,62
9186811.0,89,60
9186862.0,97,66
9186921.0,93,58
9186927.0,90,56
9186937.0,82,59
9187032.0,90,53
9187059.0,87,52
9187073.0,86,53
9187087.0,83,61
9187097.0,87,53
9187114.0,86,65
9187215.0,84,53
9187221.0,81,62
9187225.0,85,53
9187275.0,80,54
9187287.0,85,64
9187297.0,85,58
9187312.0,89,56
9187349.0,84,56
9187385.0,84,51
9187403.0,86,51
9187420.0,88,55
9187444.0,84,54
9187483.0,81,58
9187492.0,88,53
9187531.0,96,65
9187537.0,84,53
9187576.0,84,59
9187576.0,87,52
9187631.0,82,58
9187639.0,81,54
9187641.0,82,59
9187667.0,81,53
9187678.0,81,62
9187723.0,87,51
9187759.0,84,54
9187848.0,93,58
9187867.0,81,58
9188003.0,85,56
9188077.0,84,57
9188147.0,82,58
9188166.0,91,55
9188214.0,80,55
9188214.0,86,51
9188222.0,87,53
9188264.0,83,54
9188309.0,99,76
9188329.0,84,60
9188467.0,89,57
9188485.0,91,58
9188509.0,84,57
9188542.0,83,62
9188558.0,88,52
9188578.0,89,51
9188595.0,82,58
9188598.0,81,61
9188648.0,93,58
9188668.0,81,62
9188671.0,81,56
9188810.0,90,72
9188817.0,84,57
9188836.0,86,51
9188837.0,83,63
9188846.0,81,53
9188862.0,85,61
9188864.0,85,58
9188890.0,82,62
9188896.0,87,51
9188899.0,81,57
9188932.0,85,57
9188960.0,84,61
9188979.0,88,53
9188987.0,81,62
9188988.0,83,59
9189000.0,97,66
9189004.0,86,55
9189046.0,83,51
9189138.0,84,63
9189148.0,88,55
9189225.0,83,55
9189245.0,98,68
9189290.0,82,53
9189293.0,82,60
9189305.0,85,50
9189355.0,90,72
9189362.0,89,51
9189370.0,82,62
9189386.0,91,67
9189430.0,85,51
9189488.0,89,66
9189496.0,97,68
9189518.0,83,53
9189524.0,96,69
9189568.0,84,52
9189599.0,83,50
9189656.0,87,51
9189668.0,86,51
9189813.0,89,55
9189833.0,94,59
9189889.0,89,56
9189916.0,86,56
9189969.0,90,66
9189977.0,89,66
9189988.0,79,81
9190050.0,81,60
9190080.0,84,61
9190125.0,82,61
9190131.0,82,56
9190151.0,83,55
9190156.0,89,51
9190203.0,89,55
9190348.0,82,55
9190375.0,87,66
9190422.0,87,51
9190436.0,88,50
9190501.0,92,56
9190502.0,81,62
9190523.0,96,65
9190561.0,84,50
9190593.0,92,59
9190622.0,90,66
9190650.0,81,61
9190760.0,83,64
9190787.0,82,55
9190833.0,81,54
9190841.0,87,52
9190853.0,88,51
9190866.0,89,55
9190878.0,87,65
9190891.0,82,60
9190958.0,81,62
9191100.0,81,55
9191107.0,89,55
9191117.0,90,52
9191166.0,96,65
9191175.0,82,53
9191237.0,86,64
9191247.0,82,62
9191314.0,83,52
9191358.0,84,60
9191378.0,88,50
9191410.0,86,63
9191413.0,87,65
9191417.0,88,52
9191418.0,93,58
9191435.0,83,60
9191494.0,81,60
9191514.0,87,56
9191553.0,85,63
9191564.0,90,66
9191583.0,84,55
9191595.0,84,61
9191629.0,83,56
9191686.0,95,62
9191712.0,82,60
9191731.0,88,54
9191741.0,91,54
9191752.0,85,50
9191755.0,83,51
9191781.0,87,52
9191806.0,84,60
9191832.0,86,50
9191886.0,88,58
9191915.0,84,53
9191980.0,97,66
9191983.0,90,52
9192041.0,89,52
9192043.0,82,53
9192092.0,86,52
9192130.0,87,55
9192159.0,87,65
9192292.0,87,63
9192350.0,84,65
9192354.0,85,52
9192361.0,87,65
9192376.0,84,62
9192381.0,85,55
9192382.0,83,65
9192384.0,85,60
9192391.0,84,50
9192396.0,85,54
9192402.0,83,54
9192447.0,91,72
9192473.0,86,54
9192486.0,82,61
9192516.0,84,56
9192527.0,86,52
9192533.0,97,67
9192560.0,91,61
9192593.0,91,65
9192594.0,83,59
9192637.0,89,73
9192641.0,88,54
9192718.0,96,72
9192739.0,91,71
9192743.0,95,61
9192747.0,88,63
9192763.0,90,52
9192804.0,84,59
9192818.0,83,65
9192850.0,88,52
9192876.0,94,59
9192899.0,97,73
9192902.0,91,67
9192904.0,88,65
9192912.0,89,56
9192928.0,85,64
9192938.0,91,65
9192939.0,89,54
9192953.0,83,52
9192964.0,86,50
9192983.0,83,60
9193030.0,84,54
9193031.0,89,50
9193040.0,85,59
9193094.0,81,54
9193118.0,84,64
9193156.0,83,59
9193192.0,93,65
9193204.0,83,61
9193218.0,96,72
9193223.0,96,65
9193223.0,84,63
9193247.0,83,51
9193255.0,81,61
9193311.0,91,55
9193410.0,91,67
9193430.0,86,52
9193456.0,88,51
9193482.0,90,56
9193486.0,93,57
9193515.0,82,55
9193566.0,84,50
9193575.0,89,53
9193621.0,96,65
9193624.0,98,68
9193696.0,85,57
9193698.0,86,51
9193704.0,83,60
9193723.0,86,50
9193831.0,87,53
9193890.0,87,51
9193941.0,97,69
9193950.0,81,53
9193988.0,82,60
9194011.0,84,56
9194038.0,96,72
9194040.0,83,54
9194052.0,89,50
9194120.0,97,68
9194150.0,82,54
9194210.0,85,56
9194281.0,83,51
9194281.0,85,61
9194307.0,90,55
9194341.0,88,53
9194357.0,87,64
9194442.0,97,68
9194514.0,96,72
9194543.0,91,53
9194545.0,91,54
9194648.0,84,50
9194665.0,88,51
9194688.0,93,57
9194717.0,89,55
9194851.0,85,63
9194867.0,87,51
9194965.0,86,61
9194981.0,90,51
9195020.0,89,50
9195033.0,83,62
9195119.0,86,53
9195190.0,85,57
9195222.0,86,60
9195226.0,95,60
9195242.0,84,51
9195288.0,81,53
9195346.0,89,64
9195357.0,92,56
9195382.0,89,54
9195441.0,82,61
9195467.0,91,53
9195496.0,85,50
9195558.0,88,50
9195574.0,89,53
9195575.0,88,53
9195584.0,85,61
9195591.0,87,51
9195719.0,81,54
9195748.0,83,51
9195770.0,90,51
9195799.0,86,55
9195833.0,89,50
9195844.0,84,58
9195871.0,88,50
9195965.0,90,52
9195992.0,83,58
9196000.0,98,68
9196030.0,92,67
9196064.0,93,57
9196087.0,94,58
9196128.0,88,51
9196133.0,90,50
9196351.0,86,63
9196377.0,81,60
9196382.0,87,60
9196431.0,84,54
9196461.0,87,57
9196461.0,90,51
9196462.0,89,65
9196465.0,89,55
9196468.0,90,56
9196502.0,84,72
9196528.0,91,53
9196557.0,81,53
9196568.0,92,67
9196583.0,82,63
9196589.0,84,62
9196611.0,89,53
9196624.0,97,67
9196678.0,88,51
9196760.0,84,60
9196819.0,85,56
9196823.0,82,53
9196836.0,95,60
9196844.0,92,68
9196878.0,92,55
9196942.0,84,55
9196951.0,82,52
9196984.0,59,55
9197024.0,88,50
9197054.0,91,66
9197057.0,85,50
9197094.0,84,53
9197120.0,89,63
9197140.0,94,59
9197145.0,83,61
9197171.0,86,64
9197189.0,81,61
9197191.0,90,55
9197226.0,83,53
9197227.0,85,60
9197233.0,93,60
9197242.0,84,52
9197287.0,89,50
9197302.0,94,58
9197317.0,84,59
9197336.0,88,50
9197395.0,90,60
9197415.0,88,52
9197434.0,82,61
9197451.0,83,61
9197539.0,59,55
9197582.0,84,52
9197590.0,86,52
9197617.0,87,50
9197647.0,85,63
9197652.0,82,52
9197653.0,91,69
9197739.0,89,52
9197754.0,84,60
9197781.0,88,64
9197795.0,95,61
9197802.0,84,55
9197836.0,81,61
9197842.0,87,52
9197901.0,88,63
9198072.0,86,51
9198075.0,95,60
9198127.0,91,52
9198203.0,96,65
9198214.0,82,60
9198216.0,84,52
9198236.0,82,61
9198291.0,88,52
9198300.0,92,67
9198301.0,86,52
9198310.0,93,57
9198408.0,85,50
9198431.0,88,50
9198570.0,85,62
9198587.0,94,58
9198672.0,87,51
9198691.0,92,58
9198695.0,86,61
9198715.0,82,52
9198724.0,85,56
9198733.0,82,59
9198759.0,85,53
9198759.0,86,57
9198812.0,98,69
9198827.0,87,50
9198835.0,87,56
9198943.0,90,53
9198968.0,89,52
9198971.0,81,60
9198977.0,95,60
9198987.0,92,61
9199069.0,88,50
9199073.0,84,63
9199126.0,85,52
9199281.0,92,68
9199292.0,85,50
9199343.0,93,59
9199377.0,82,61
9199410.0,90,69
9199455.0,89,54
9199492.0,97,65
9199493.0,82,59
9199524.0,90,64
9199545.0,84,61
9199558.0,86,57
9199577.0,88,55
9199595.0,88,57
9199618.0,89,51
9199619.0,90,50
9199663.0,83,52
9199720.0,90,55
9199737.0,88,58
9199746.0,90,54
9199796.0,94,58
9199806.0,85,57
9199818.0,84,51
9199818.0,83,61
9199899.0,91,52
9199942.0,86,53
9199946.0,82,61
9199959.0,85,55
9200015.0,85,56
9200017.0,88,57
9200021.0,91,67
9200164.0,84,54
9200205.0,86,54
9200223.0,83,55
9200237.0,84,50
9200257.0,98,66
9200271.0,89,54
9200285.0,87,54
9200305.0,84,60
9200310.0,82,55
9200320.0,93,56
9200320.0,85,55
9200321.0,82,53
9200323.0,84,52
9200368.0,86,63
9200381.0,90,50
9200433.0,88,57
9200441.0,83,61
9200441.0,83,59
9200474.0,85,59
9200510.0,90,55
9200554.0,83,52
9200564.0,97,67
9200568.0,91,64
9200615.0,84,52
9200647.0,82,60
9200695.0,85,58
9200714.0,92,64
9200758.0,86,51
9200765.0,88,51
9200773.0,92,54
9200785.0,89,58
9200791.0,88,57
9200804.0,90,55
9200881.0,86,55
9200996.0,89,58
9201024.0,93,67
9201043.0,87,64
9201056.0,82,59
9201112.0,89,52
9201129.0,89,51
9201138.0,88,58
9201184.0,97,67
9201215.0,90,52
9201234.0,84,54
9201234.0,83,62
9201252.0,93,56
9201283.0,86,64
9201308.0,84,50
9201332.0,88,57
9201358.0,86,56
9201362.0,82,54
9201363.0,98,67
9201468.0,96,65
9201520.0,84,51
9201536.0,83,59
9201553.0,86,57
9201570.0,85,54
9201575.0,87,64
9201585.0,88,57
9201593.0,88,51
9201636.0,89,50
9201651.0,92,65
9201658.0,91,51
9201671.0,85,56
9201692.0,83,58
9201765.0,86,79
9201794.0,83,60
9201827.0,85,62
9201901.0,86,50
9201905.0,94,68
9201905.0,87,51
9201928.0,91,66
9201976.0,81,53
9202076.0,95,59
9202083.0,88,63
9202114.0,83,59
9202146.0,83,57
9202158.0,87,57
9202192.0,83,58
9202233.0,85,54
9202291.0,95,60
9202292.0,85,51
9202310.0,87,51
9202341.0,90,50
9202348.0,91,55
9202374.0,83,52
9202378.0,95,65
9202439.0,81,55
9202487.0,97,66
9202525.0,89,51
9202532.0,85,49
9202544.0,88,51
9202546.0,87,64
9202554.0,85,59
9202560.0,82,60
9202686.0,95,66
9202693.0,90,55
9202701.0,90,54
9202753.0,91,51
9202755.0,94,66
9202787.0,85,63
9202789.0,87,51
9202801.0,89,64
9202819.0,89,65
9202847.0,84,62
9202870.0,83,61
9202893.0,90,59
9202895.0,81,55
9202914.0,95,65
9202915.0,85,51
9202941.0,89,53
9202990.0,85,54
9203021.0,84,53
9203058.0,97,65
9203083.0,95,59
9203089.0,92,54
9203176.0,87,49
9203191.0,85,60
9203241.0,84,50
9203259.0,92,53
9203321.0,90,53
9203358.0,84,61
9203366.0,89,65
9203382.0,85,49
9203407.0,98,69
9203418.0,87,51
9203438.0,84,57
9203440.0,91,51
9203467.0,85,54
9203502.0,86,62
9203557.0,98,67
9203559.0,83,57
9203642.0,83,53
9203663.0,84,59
9203675.0,81,54
9203712.0,84,53
9203732.0,90,55
9203778.0,90,65
9203783.0,97,67
9203815.0,82,53
9203854.0,85,60
9203861.0,86,59
9203864.0,89,50
9203906.0,88,54
9203927.0,88,50
9203935.0,85,54
9203936.0,84,52
9203943.0,91,67
9203950.0,94,57
9203968.0,82,60
9204025.0,85,49
9204036.0,88,53
9204037.0,88,49
9204135.0,82,52
9204158.0,82,54
9204159.0,83,53
9204174.0,93,56
9204209.0,83,56
9204457.0,84,59
9204468.0,83,54
9204567.0,85,50
9204595.0,92,53
9204607.0,84,52
9204680.0,84,58
9204855.0,89,52
9204857.0,96,62
9204899.0,88,61
9204900.0,82,54
9204901.0,90,52
9204901.0,88,62
9204905.0,88,50
9204905.0,90,53
9204922.0,87,49
9204923.0,84,50
9205031.0,91,50
9205032.0,83,53
9205106.0,99,71
9205114.0,85,55
9205166.0,84,53
9205186.0,87,52
9205200.0,84,52
9205215.0,98,67
9205282.0,89,50
9205424.0,89,65
9205427.0,85,53
9205429.0,84,51
9205504.0,92,67
9205504.0,83,60
9205536.0,84,52
9205557.0,94,57
9205587.0,87,55
9205602.0,83,53
9205641.0,87,49
9205657.0,90,51
9205675.0,92,52
9205677.0,92,53
9205693.0,88,64
9205712.0,82,54
9205734.0,93,55
9205750.0,85,61
9205769.0,87,62
9205783.0,81,55
9205818.0,85,62
9205833.0,82,52
9205842.0,87,55
9205874.0,86,49
9205886.0,85,53
9205934.0,91,50
9206006.0,84,60
9206010.0,89,52
9206014.0,84,59
9206105.0,83,53
9206125.0,65,75
9206190.0,87,63
9206202.0,87,54
9206225.0,88,50
9206252.0,85,62
9206294.0,84,52
9206388.0,82,53
9206391.0,86,52
9206424.0,85,54
9206455.0,90,54
9206487.0,86,63
9206496.0,85,52
9206526.0,86,56
9206564.0,83,53
9206595.0,83,51
9206665.0,84,77
9206673.0,87,63
9206838.0,91,50
9206863.0,86,55
9206865.0,92,52
9206920.0,88,51
9207014.0,85,60
9207029.0,82,59
9207116.0,86,49
9207143.0,84,52
9207223.0,89,58
9207223.0,86,55
9207224.0,83,60
9207235.0,88,54
9207295.0,85,62
9207405.0,85,58
9207430.0,85,53
9207443.0,86,60
9207446.0,97,64
9207479.0,85,59
9207567.0,97,65
9207577.0,83,55
9207581.0,90,52
9207584.0,83,51
9207597.0,89,51
9207616.0,93,68
9207619.0,91,50
9207670.0,83,52
9207674.0,85,54
9207797.0,88,49
9207811.0,89,55
9207831.0,85,59
9207861.0,83,58
9207925.0,95,58
9207962.0,87,58
9207986.0,91,62
9208062.0,84,57
9208116.0,87,50
9208128.0,85,51
9208130.0,82,58
9208150.0,85,57
9208219.0,86,55
9208224.0,93,69
9208256.0,83,56
9208260.0,89,51
9208267.0,99,75
9208367.0,83,51
9208450.0,90,51
9208458.0,90,50
9208466.0,82,52
9208474.0,91,54
9208494.0,89,62
9208516.0,86,62
9208521.0,84,57
9208525.0,85,50
9208536.0,85,54
9208573.0,82,59
9208630.0,83,61
9208676.0,87,51
9208683.0,83,59
9208693.0,88,63
9208701.0,85,53
9208721.0,86,59
9208777.0,88,50
9208797.0,88,49
9208809.0,87,60
9208888.0,89,59
9208899.0,85,59
9208905.0,84,51
9208923.0,93,54
9208933.0,83,59
9208945.0,86,59
9208953.0,86,49
9208995.0,83,58
9209018.0,95,58
9209031.0,94,57
9209205.0,84,53
9209236.0,89,51
9209307.0,85,53
9209324.0,84,57
9209326.0,86,56
9209413.0,97,68
9209454.0,94,59
9209461.0,92,51
9209507.0,97,64
9209616.0,84,58
9209682.0,84,51
9209721.0,87,49
9209743.0,90,62
9209770.0,85,53
9209772.0,84,61
9209786.0,83,61
9209805.0,86,55
9209807.0,86,51
9209818.0,84,57
9209819.0,95,58
9209827.0,87,63
9209832.0,85,49
9209839.0,94,56
9209842.0,92,67
9209853.0,95,56
9209878.0,90,54
9209933.0,86,54
9209946.0,83,58
9209981.0,85,61
9210029.0,90,51
9210032.0,86,50
9210073.0,91,53
9210102.0,84,60
9210139.0,84,51
9210166.0,90,53
9210186.0,93,70
9210197.0,84,61
9210207.0,87,62
9210224.0,99,69
9210226.0,85,50
9210258.0,85,59
9210264.0,91,63
9210398.0,85,61
9210403.0,88,49
9210434.0,85,60
9210451.0,86,50
9210477.0,85,58
9210485.0,84,58
9210507.0,87,63
9210518.0,90,50
9210522.0,84,57
9210530.0,89,50
9210557.0,86,60
9210588.0,96,62
9210620.0,84,56
9210644.0,88,52
9210711.0,87,55
9210753.0,83,59
9210785.0,91,64
9210797.0,86,55
9210816.0,91,49
9210822.0,95,58
9210829.0,82,58
9210841.0,82,60
9210843.0,87,58
9210846.0,93,57
9210862.0,84,52
9210868.0,91,55
9210893.0,91,54
9210906.0,82,61
9210989.0,86,59
9211033.0,83,54
9211080.0,86,58
9211104.0,88,52
9211109.0,90,53
9211109.0,84,61
9211164.0,84,57
9211167.0,85,62
9211207.0,97,65
9211217.0,89,54
9211266.0,91,66
9211276.0,93,57
9211315.0,87,50
9211381.0,85,51
9211401.0,98,67
9211414.0,89,64
9211515.0,91,52
9211530.0,96,61
9211543.0,85,53
9211559.0,84,59
9211564.0,89,50
9211573.0,92,51
9211580.0,92,50
9211585.0,84,58
9211618.0,93,53
9211633.0,86,61
9211683.0,91,53
9211727.0,82,59
9211826.0,85,49
9211834.0,88,64
9211855.0,88,62
9211862.0,88,57
9211865.0,96,64
9211868.0,86,54
9211873.0,89,63
9211885.0,82,59
9211939.0,86,63
9211975.0,86,53
9212047.0,87,52
9212048.0,91,49
9212054.0,83,61
9212111.0,98,69
9212116.0,98,68
9212119.0,93,54
9212172.0,90,52
9212206.0,83,52
9212206.0,85,52
9212222.0,87,63
9212232.0,90,50
9212330.0,83,59
9212336.0,84,51
9212350.0,85,49
9212357.0,83,51
9212473.0,83,53
9212495.0,91,50
9212567.0,94,56
9212574.0,84,57
9212601.0,92,50
9212637.0,93,53
9212698.0,91,51
9212712.0,90,53
9212755.0,89,49
9212851.0,91,49
9212855.0,84,54
9212876.0,96,60
9212918.0,85,61
9212957.0,89,55
9212987.0,86,55
9212992.0,84,58
9213041.0,90,52
9213065.0,90,50
9213086.0,94,56
9213100.0,93,52
9213104.0,88,50
9213110.0,96,61
9213120.0,86,49
9213154.0,87,49
9213244.0,87,56
9213359.0,85,54
9213388.0,85,52
9213400.0,91,52
9213421.0,83,60
9213427.0,83,53
9213447.0,93,53
9213462.0,89,57
9213503.0,85,49
9213541.0,90,57
9213546.0,90,63
9213569.0,91,53
9213628.0,88,63
9213744.0,83,60
9213828.0,83,51
9213834.0,86,48
9213837.0,89,51
9213862.0,92,50
9213884.0,83,59
9213901.0,96,60
9213902.0,91,53
9213926.0,87,53
9213965.0,87,51
9214002.0,86,54
9214035.0,85,60
9214043.0,86,59
9214044.0,85,51
9214049.0,88,63
9214060.0,86,52
9214063.0,87,48
9214072.0,91,54
9214076.0,89,49
9214136.0,83,59
9214145.0,82,58
9214154.0,93,52
9214236.0,95,57
9214275.0,83,53
9214377.0,84,59
9214389.0,85,57
9214549.0,86,54
9214562.0,85,58
9214604.0,87,55
9214606.0,83,53
9214617.0,86,58
9214624.0,85,51
9214639.0,86,53
9214651.0,83,52
9214684.0,86,62
9214686.0,88,51
9214720.0,86,57
9214723.0,85,49
9214725.0,89,64
9214782.0,90,51
9214803.0,94,55
9214853.0,89,62
9214856.0,89,52
9214867.0,87,55
9214883.0,93,52
9214895.0,90,52
9214926.0,97,65
9214931.0,92,70
9214968.0,84,56
9214972.0,90,50
9214979.0,91,53
9214988.0,91,52
9215026.0,85,56
9215046.0,86,53
9215051.0,86,59
9215057.0,86,61
9215063.0,84,55
9215099.0,89,49
9215109.0,99,68
9215120.0,96,59
9215148.0,92,66
9215310.0,87,50
9215318.0,93,65
9215321.0,84,60
9215342.0,85,73
9215354.0,83,52
9215385.0,85,51
9215386.0,85,58
9215399.0,91,51
9215410.0,91,54
9215468.0,92,64
9215471.0,90,51
9215559.0,91,65
9215585.0,91,67
9215719.0,90,60
9215754.0,94,65
9215762.0,93,67
9215781.0,98,68
9215812.0,94,68
9215900.0,83,58
9215909.0,83,57
9215929.0,91,67
9215958.0,84,60
9215963.0,83,59
9215986.0,93,55
9215992.0,92,67
9215999.0,89,61
9216029.0,85,61
9216030.0,98,67
9216060.0,86,49
9216076.0,85,58
9216095.0,84,51
9216116.0,93,51
9216173.0,87,54
9216180.0,86,59
9216238.0,93,52
9216242.0,90,51
9216273.0,88,54
9216286.0,94,65
9216291.0,98,66
9216338.0,83,52
9216342.0,83,54
9216403.0,88,61
9216430.0,86,50
9216437.0,88,50
9216447.0,94,68
9216489.0,93,64
9216496.0,96,60
9216614.0,85,61
9216632.0,87,61
9216674.0,89,60
9216689.0,83,59
9216727.0,86,53
9216732.0,83,57
9216741.0,88,53
9216770.0,91,65
9216784.0,94,55
9216795.0,88,65
9216832.0,91,50
9216839.0,89,63
9216844.0,88,56
9216846.0,83,54
9216884.0,83,58
9216913.0,92,55
9216918.0,91,51
9216963.0,93,64
9216963.0,93,67
9217029.0,87,55
9217049.0,87,65
9217067.0,93,51
9217068.0,84,54
9217093.0,89,53
9217103.0,90,54
9217103.0,88,49
9217140.0,87,48
9217220.0,98,65
9217236.0,83,59
9217249.0,89,54
9217254.0,91,65
9217259.0,92,51
9217269.0,84,57
9217291.0,89,57
9217366.0,88,52
9217375.0,88,65
9217381.0,97,67
9217385.0,84,60
9217422.0,96,59
9217431.0,91,67
9217465.0,85,59
9217476.0,94,65
9217481.0,86,60
9217499.0,89,59
9217505.0,91,53
9217523.0,97,64
9217527.0,91,54
9217651.0,89,55
9217679.0,93,67
9217685.0,92,49
9217705.0,83,51
9217724.0,83,57
9217739.0,92,54
9217764.0,90,50
9217785.0,92,67
9217797.0,83,59
9217798.0,93,51
9217799.0,92,53
9217807.0,87,65
9217812.0,91,49
9217827.0,94,65
9217866.0,87,57
9217869.0,86,58
9217876.0,84,50
9217881.0,94,55
9217960.0,86,49
9218020.0,87,65
9218035.0,88,63
9218062.0,93,67
9218071.0,90,56
9218117.0,87,54
9218125.0,84,57
9218146.0,86,53
9218157.0,91,49
9218248.0,86,54
9218257.0,85,61
9218294.0,85,48
9218300.0,87,48
9218306.0,84,53
9218312.0,85,50
9218318.0,91,68
9218358.0,90,65
9218369.0,97,65
9218436.0,94,54
9218516.0,91,53
9218535.0,90,63
9218587.0,89,50
9218607.0,97,58
9218623.0,87,62
9218645.0,90,62
9218647.0,98,68
9218658.0,92,49
9218665.0,92,52
9218682.0,92,56
9218693.0,91,50
9218694.0,86,56
9218702.0,93,50
9218711.0,89,48
9218726.0,90,55
9218751.0,84,58
9218763.0,87,54
9218833.0,87,55
9218852.0,84,52
9218858.0,85,56
9218872.0,83,57
9218877.0,91,49
9218886.0,99,68
9218891.0,85,60
9218895.0,87,49
9218942.0,93,58
9218958.0,88,62
9219018.0,90,50
9219027.0,87,62
9219039.0,90,65
9219063.0,97,58
9219115.0,90,49
9219154.0,85,53
9219165.0,84,52
9219206.0,92,54
9219216.0,95,56
9219222.0,84,59
9219233.0,88,62
9219238.0,88,56
9219261.0,84,55
9219265.0,97,63
9219273.0,94,54
9219277.0,85,60
9219281.0,83,58
9219289.0,86,61
9219317.0,85,50
9219378.0,85,48
9219394.0,93,51
9219403.0,91,53
9219416.0,99,69
9219429.0,91,49
9219557.0,93,68
9219562.0,89,48
9219583.0,88,58
9219585.0,86,49
9219675.0,86,52
9219685.0,98,65
9219747.0,89,62
9219802.0,90,65
9219818.0,85,48
9219874.0,87,62
9219906.0,87,54
9219922.0,89,49
9219956.0,88,62
9219974.0,96,58
9219976.0,93,68
9219983.0,84,57
9220000.0,93,50
9220005.0,92,49
9220013.0,90,49
9220029.0,99,70
9220063.0,91,62
9220176.0,84,51
9220199.0,83,55
9220220.0,84,52
9220232.0,87,54
9220310.0,90,53
9220340.0,99,71
9220340.0,100,71
9220344.0,87,63
9220364.0,89,61
9220399.0,88,48
9220418.0,87,58
9220420.0,91,52
9220422.0,91,50
9220450.0,84,52
9220458.0,94,55
9220463.0,85,48
9220540.0,85,60
9220541.0,88,55
9220545.0,89,52
9220551.0,98,67
9220557.0,97,66
9220577.0,96,59
9220586.0,94,53
9220652.0,86,57
9220656.0,87,53
9220657.0,89,48
9220698.0,85,57
9220732.0,93,50
9220776.0,91,49
9220794.0,86,58
9220821.0,86,51
9220846.0,95,56
9220930.0,93,62
9220933.0,90,49
9220992.0,85,48
9221004.0,92,53
9221017.0,92,54
9221019.0,93,69
9221021.0,87,52
9221031.0,90,51
9221056.0,84,52
9221084.0,85,60
9221100.0,97,65
9221170.0,87,54
9221214.0,90,57
9221270.0,86,52
9221277.0,84,52
9221323.0,85,57
9221325.0,92,52
9221394.0,88,48
9221414.0,94,52
9221441.0,85,48
9221446.0,89,51
9221447.0,96,58
9221455.0,91,51
9221470.0,91,56
9221493.0,84,58
9221532.0,99,68
9221537.0,85,52
9221542.0,84,51
9221563.0,88,61
9221616.0,86,61
9221645.0,91,52
9221655.0,86,60
9221678.0,92,60
9221697.0,87,51
9221714.0,95,56
9221820.0,93,49
9221858.0,93,64
9221897.0,87,59
9221921.0,83,57
9221924.0,92,59
9221959.0,85,57
9221984.0,84,54
9221989.0,87,54
9222008.0,92,51
9222022.0,85,52
9222024.0,84,51
9222047.0,98,65
9222065.0,45,122
9222095.0,86,51
9222109.0,91,51
9222117.0,99,71
9222140.0,86,58
9222188.0,86,59
9222194.0,97,58
9222199.0,85,55
9222202.0,85,60
9222279.0,94,52
9222329.0,84,50
9222363.0,86,57
9222409.0,90,48
9222471.0,87,60
9222489.0,86,50
9222525.0,92,62
9222608.0,96,58
9222642.0,85,58
9222684.0,84,54
9222693.0,90,52
9222700.0,87,48
9222703.0,87,50
9222746.0,85,52
9222759.0,97,62
9222872.0,91,51
9222875.0,97,58
9222888.0,90,58
9222896.0,84,50
9222911.0,83,58
9222958.0,97,84
9223037.0,83,57
9223080.0,94,53
9223133.0,92,53
9223161.0,86,50
9223182.0,94,52
9223183.0,90,50
9223207.0,85,52
9223213.0,88,48
9223213.0,100,71
9223286.0,87,51
9223345.0,83,58
9223356.0,89,50
9223363.0,85,51
9223421.0,92,50
9223448.0,96,84
9223493.0,89,58
9223522.0,93,49
9223542.0,98,66
9223557.0,96,58
9223564.0,84,51
9223567.0,97,58
9223594.0,87,61
9223611.0,99,67
9223630.0,84,50
9223632.0,92,52
9223634.0,85,51
9223749.0,87,51
9223862.0,91,50
9223879.0,87,53
9223881.0,94,51
9223927.0,86,50
9223937.0,87,49
9223963.0,98,67
9224035.0,85,57
9224042.0,88,54
9224083.0,89,48
9224089.0,88,49
9224109.0,92,49
9224129.0,92,51
9224153.0,88,55
9224179.0,85,59
9224183.0,92,54
9224193.0,95,55
9224200.0,93,55
9224224.0,89,57
9224267.0,94,52
9224298.0,84,58
9224308.0,93,49
9224321.0,84,50
9224324.0,89,63
9224336.0,88,51
9224341.0,87,48
9224344.0,88,49
9224362.0,94,51
9224377.0,92,51
9224448.0,90,48
9224578.0,87,50
9224589.0,93,67
9224622.0,93,51
9224632.0,86,57
9224699.0,87,57
9224727.0,84,57
9224752.0,91,50
9224769.0,96,57
9224774.0,87,51
9224804.0,93,51
9224826.0,86,51
9224830.0,92,50
9224888.0,84,56
9224945.0,94,53
9224952.0,97,65
9224956.0,83,57
9225024.0,87,53
9225028.0,83,58
9225074.0,85,55
9225094.0,92,53
9225237.0,85,78
9225290.0,90,49
9225307.0,87,49
9225340.0,84,50
9225344.0,99,68
9225376.0,85,58
9225422.0,94,51
9225475.0,86,78
9225478.0,85,53
9225494.0,91,64
9225685.0,97,64
9225690.0,99,69
9225714.0,84,56
9225742.0,92,49
9225745.0,86,57
9225766.0,86,59
9225777.0,98,68
9225796.0,95,56
9225815.0,86,56
9225823.0,85,54
9225849.0,85,53
9225896.0,91,50
9225912.0,92,69
9225958.0,92,53
9225995.0,88,55
9225999.0,85,50
9226067.0,84,50
9226071.0,87,48
9226118.0,97,61
9226173.0,94,50
9226227.0,87,60
9226236.0,92,66
9226305.0,88,61
9226307.0,99,67
9226362.0,87,52
9226405.0,92,51
9226456.0,87,48
9226524.0,91,54
9226544.0,91,49
9226596.0,96,57
9226599.0,92,63
9226647.0,88,61
9226675.0,84,57
9226687.0,93,59
9226712.0,92,53
9226716.0,86,60
9226722.0,92,65
9226726.0,92,50
9226743.0,85,52
9226826.0,93,51
9226854.0,88,62
9226857.0,86,49
9226863.0,97,62
9226873.0,93,67
9226876.0,98,66
9226879.0,94,51
9226897.0,84,50
9226905.0,97,60
9226926.0,92,49
9226986.0,88,48
9227036.0,94,50
9227086.0,84,56
9227101.0,87,48
9227106.0,87,58
9227149.0,98,64
9227224.0,85,48
9227262.0,85,50
9227270.0,94,67
9227272.0,89,48
9227305.0,93,52
9227330.0,84,52
9227373.0,85,48
9227408.0,86,57
9227417.0,93,54
9227437.0,97,61
9227473.0,87,51
9227524.0,87,48
9227547.0,84,58
9227560.0,84,50
9227572.0,88,54
9227585.0,91,49
9227618.0,88,47
9227637.0,91,48
9227659.0,84,52
9227709.0,93,52
9227719.0,86,50
9227741.0,85,53
9227775.0,85,59
9227828.0,85,51
9227837.0,92,53
9227848.0,85,56
9227967.0,89,62
9227968.0,94,50
9227975.0,84,58
9228048.0,89,51
9228079.0,95,55
9228095.0,89,52
9228110.0,97,59
9228122.0,87,50
9228160.0,95,54
9228165.0,87,61
9228186.0,85,57
9228235.0,90,62
9228238.0,86,49
9228277.0,87,58
9228304.0,85,51
9228322.0,93,52
9228324.0,85,59
9228388.0,88,53
9228388.0,92,52
9228403.0,84,57
9228410.0,89,61
9228447.0,88,52
9228475.0,93,53
9228492.0,89,47
9228549.0,99,67
9228559.0,87,61
9228599.0,87,56
9228621.0,97,60
9228646.0,91,62
9228762.0,89,51
9228771.0,89,61
9228782.0,87,57
9228814.0,95,53
9228832.0,88,54
9228844.0,91,52
9228847.0,97,58
9228864.0,94,49
9228868.0,87,51
9228869.0,86,55
9228873.0,88,62
9228883.0,91,54
9228884.0,93,52
9228885.0,86,58
9228938.0,85,51
9228974.0,87,50
9229039.0,85,56
9229153.0,89,55
9229174.0,95,54
9229203.0,92,51
9229231.0,88,60
9229233.0,97,59
9229239.0,86,55
9229256.0,96,56
9229261.0,85,59
9229296.0,89,47
9229341.0,85,50
9229358.0,93,66
9229363.0,89,61
9229443.0,95,52
9229456.0,85,51
9229461.0,86,49
9229469.0,84,59
9229503.0,100,72
9229514.0,92,52
9229571.0,84,50
9229577.0,87,59
9229616.0,89,61
9229620.0,93,52
9229643.0,97,61
9229668.0,95,53
9229689.0,90,63
9229695.0,93,67
9229707.0,88,51
9229752.0,88,50
9229765.0,97,60
9229870.0,94,49
9229894.0,92,48
9229925.0,85,52
9229937.0,88,52
9229957.0,86,55
9230000.0,85,50
9230048.0,99,70
9230079.0,93,51
9230081.0,88,49
9230121.0,92,49
9230144.0,92,51
9230157.0,93,52
9230197.0,89,60
9230204.0,93,53
9230210.0,95,53
9230252.0,84,59
9230256.0,100,70
9230260.0,97,59
9230269.0,91,53
9230281.0,87,49
9230318.0,93,50
9230336.0,87,48
9230371.0,88,53
9230409.0,100,73
9230459.0,99,70
9230467.0,88,49
9230473.0,90,50
9230481.0,95,52
9230483.0,91,61
9230499.0,85,58
9230500.0,92,49
9230502.0,96,57
9230504.0,96,58
9230516.0,92,58
9230534.0,91,50
9230567.0,94,49
9230569.0,95,54
9230582.0,91,49
9230614.0,92,50
9230627.0,86,55
9230633.0,87,48
9230647.0,84,57
9230653.0,91,54
9230655.0,89,55
9230695.0,85,51
9230698.0,86,56
9230754.0,90,48
9230796.0,93,49
9230805.0,90,58
9230844.0,90,56
9230881.0,89,47
9230886.0,87,49
9231012.0,97,59
9231024.0,85,58
9231029.0,95,53
9231051.0,96,56
9231082.0,86,59
9231094.0,87,51
9231127.0,92,61
9231134.0,85,57
9231153.0,84,56
9231174.0,87,57
9231245.0,93,52
9231276.0,88,49
9231280.0,87,60
9231281.0,86,55
9231299.0,88,61
9231305.0,86,54
9231306.0,101,79
9231315.0,85,51
9231325.0,87,61
9231357.0,91,60
9231379.0,89,49
9231400.0,88,48
9231418.0,91,71
9231434.0,84,59
9231449.0,88,53
9231456.0,95,51
9231457.0,85,50
9231489.0,88,58
9231492.0,86,56
9231534.0,87,49
9231554.0,92,50
9231555.0,95,52
9231583.0,89,54
9231662.0,85,58
9231715.0,88,56
9231771.0,93,54
9231800.0,101,79
9231808.0,88,57
9231842.0,91,71
9231852.0,88,61
9231866.0,93,52
9231876.0,87,55
9231959.0,94,63
9231974.0,93,62
9231986.0,95,51
9231987.0,95,65
9232005.0,86,55
9232031.0,88,50
9232063.0,85,58
9232088.0,87,56
9232105.0,97,64
9232106.0,84,56
9232114.0,96,56
9232155.0,87,57
9232166.0,96,59
9232200.0,89,54
9232229.0,93,61
9232243.0,89,53
9232317.0,90,53
9232335.0,94,51
9232361.0,93,51
9232380.0,93,49
9232393.0,87,49
9232403.0,88,52
9232411.0,89,61
9232446.0,86,56
9232498.0,96,59
9232528.0,88,54
9232535.0,85,51
9232578.0,95,51
9232579.0,86,49
9232601.0,97,58
9232733.0,93,50
9232736.0,100,70
9232781.0,97,60
9232785.0,93,51
9232803.0,89,60
9232812.0,92,50
9232819.0,90,48
9232856.0,89,62
9232859.0,86,55
9232867.0,93,52
9232881.0,86,57
9232918.0,89,54
9232920.0,86,53
9232945.0,86,52
9232950.0,90,60
9232994.0,88,60
9233049.0,95,50
9233061.0,85,55
9233070.0,86,55
9233089.0,85,58
9233130.0,86,54
9233167.0,89,54
9233181.0,88,58
9233231.0,85,51
9233393.0,96,66
9233396.0,87,59
9233401.0,93,53
9233413.0,89,52
9233431.0,91,52
9233452.0,92,49
9233469.0,95,51
9233524.0,85,58
9233541.0,93,49
9233602.0,90,54
9233620.0,93,52
9233646.0,96,55
9233656.0,84,56
9233677.0,89,55
9233706.0,91,79
9233726.0,93,51
9233767.0,97,58
9233820.0,86,49
9233857.0,85,56
9233875.0,86,50
9233884.0,88,48
9233899.0,94,62
9233937.0,85,57
9234001.0,87,53
9234081.0,88,61
9234095.0,92,48
9234168.0,85,51
9234185.0,87,58
9234192.0,89,53
9234208.0,91,53
9234228.0,85,55
9234260.0,97,57
9234290.0,90,55
9234304.0,95,50
9234333.0,93,50
9234345.0,93,53
9234373.0,87,60
9234374.0,85,57
9234378.0,88,51
9234408.0,93,54
9234443.0,93,51
9234449.0,99,69
9234508.0,88,50
9234539.0,93,50
9234607.0,85,58
9234610.0,98,68
9234671.0,85,51
9234696.0,93,55
9234717.0,92,49
9234735.0,88,52
9234748.0,85,55
9234814.0,99,69
9234945.0,92,48
9235048.0,90,56
9235080.0,99,68
9235095.0,87,50
9235106.0,86,50
9235128.0,92,72
9235150.0,89,54
9235192.0,94,53
9235253.0,93,50
9235274.0,97,59
9235288.0,98,64
9235309.0,89,56
9235320.0,99,66
9235375.0,85,57
9235395.0,87,56
9235446.0,85,56
9235496.0,95,49
9235523.0,88,49
9235541.0,87,78
9235561.0,86,59
9235581.0,84,56
9235586.0,88,50
9235608.0,86,52
9235637.0,91,62
9235672.0,91,80
9235739.0,99,69
9235769.0,85,57
9235778.0,94,66
9235807.0,85,55
9235810.0,91,48
9235817.0,89,52
9235821.0,84,56
9235822.0,89,62
9235836.0,97,58
9235863.0,93,49
9235871.0,91,62
9235879.0,86,52
9235888.0,86,53
9235964.0,98,65
9236020.0,93,52
9236026.0,86,49
9236033.0,86,58
9236075.0,89,54
9236107.0,93,49
9236139.0,92,48
9236148.0,86,59
9236155.0,87,56
9236179.0,86,55
9236191.0,90,63
9236198.0,88,49
9236281.0,92,63
9236306.0,91,55
9236313.0,91,80
9236410.0,86,57
9236411.0,97,57
9236439.0,94,67
9236447.0,87,54
9236480.0,94,54
9236488.0,93,53
9236514.0,86,51
9236522.0,91,79
9236562.0,94,51
9236573.0,93,51
9236661.0,94,65
9236664.0,87,49
9236667.0,87,55
9236678.0,89,50
9236693.0,94,52
9236695.0,99,71
9236732.0,93,52
9236735.0,90,81
9236768.0,89,49
9236781.0,86,55
9236831.0,90,47
9236890.0,88,49
9236945.0,87,56
9236966.0,88,52
9237000.0,87,49
9237023.0,89,47
9237031.0,86,59
9237154.0,91,56
9237157.0,87,59
9237226.0,93,50
9237285.0,97,57
9237309.0,86,59
9237318.0,87,55
9237438.0,89,53
9237446.0,91,63
9237469.0,94,50
9237483.0,86,55
9237486.0,96,54
9237497.0,93,51
9237572.0,96,53
9237616.0,88,59
9237623.0,87,58
9237739.0,92,47
9237743.0,88,56
9237771.0,76,102
9237795.0,97,58
9237803.0,92,53
9237844.0,88,47
9237861.0,88,55
9237902.0,92,62
9237952.0,88,57
9237969.0,85,56
9237978.0,93,50
9238005.0,96,56
9238020.0,89,51
9238022.0,98,64
9238041.0,89,47
9238070.0,94,53
9238093.0,91,63
9238174.0,92,53
9238259.0,94,49
9238318.0,89,53
9238334.0,92,54
9238400.0,87,54
9238417.0,86,50
9238418.0,87,55
9238425.0,94,54
9238426.0,96,52
9238445.0,94,64
9238457.0,92,49
9238474.0,95,54
9238517.0,94,51
9238537.0,97,57
9238565.0,89,50
9238588.0,87,49
9238591.0,88,47
9238629.0,96,53
9238638.0,100,70
9238689.0,89,51
9238692.0,89,49
9238764.0,93,52
9238791.0,96,51
9238821.0,86,56
9238842.0,89,48
9238853.0,93,50
9238862.0,88,58
9238914.0,96,54
9238925.0,86,50
9238989.0,90,50
9239011.0,94,70
9239024.0,92,70
9239030.0,89,49
9239040.0,91,62
9239040.0,91,57
9239045.0,94,52
9239051.0,99,67
9239056.0,98,63
9239091.0,88,47
9239093.0,98,69
9239125.0,91,47
9239188.0,86,55
9239200.0,90,61
9239235.0,89,50
9239262.0,90,62
9239268.0,89,47
9239283.0,99,65
9239325.0,90,63
9239417.0,93,49
9239466.0,91,61
9239473.0,88,47
9239495.0,89,51
9239502.0,94,50
9239521.0,89,61
9239537.0,88,48
9239568.0,97,56
9239607.0,96,53
9239614.0,94,49
9239618.0,93,50
9239651.0,88,56
9239657.0,97,57
9239707.0,89,47
9239762.0,100,69
9239798.0,88,50
9239816.0,96,51
9239832.0,87,59
9239861.0,92,47
9239865.0,89,59
9239920.0,91,60
9239925.0,92,64
9239959.0,96,52
9240011.0,89,50
9240034.0,91,47
9240055.0,90,60
9240103.0,87,55
9240103.0,88,59
9240113.0,95,48
9240143.0,88,60
9240175.0,97,57
9240208.0,93,49
9240222.0,93,48
9240254.0,88,47
9240276.0,92,55
9240286.0,96,50
9240290.0,90,80
9240305.0,88,54
9240378.0,89,51
9240460.0,90,53
9240491.0,89,47
9240497.0,88,47
9240541.0,91,47
9240552.0,92,69
9240588.0,97,56
9240694.0,87,77
9240765.0,89,50
9240771.0,88,48
9240820.0,87,49
9240838.0,86,49
9240851.0,90,54
9240880.0,92,48
9240894.0,87,57
9240901.0,85,55
9240923.0,93,48
9240953.0,80,69
9240969.0,98,59
9240984.0,97,57
9241020.0,98,61
9241059.0,87,52
9241088.0,87,54
9241124.0,94,51
9241143.0,95,61
9241188.0,88,49
9241201.0,87,49
9241320.0,94,49
9241326.0,81,69
9241329.0,91,53
9241354.0,87,55
9241377.0,96,51
9241424.0,86,49
9241448.0,96,54
9241451.0,96,50
9241467.0,97,56
9241558.0,89,51
9241675.0,94,59
9241730.0,94,50
9241741.0,93,48
9241746.0,87,54
9241767.0,93,54
9241775.0,91,57
9241786.0,99,68
9241789.0,87,49
9241789.0,96,49
9241806.0,87,53
9241909.0,89,47
9241987.0,88,55
9242045.0,97,68
9242075.0,86,56
9242104.0,87,55
9242156.0,88,56
9242173.0,87,50
9242176.0,92,56
9242190.0,86,57
9242234.0,94,53
9242240.0,89,50
9242246.0,89,55
9242253.0,87,51
9242265.0,89,60
9242271.0,94,50
9242310.0,89,49
9242342.0,98,62
9242365.0,85,56
9242392.0,86,58
9242414.0,88,58
9242460.0,87,50
9242515.0,93,47
9242552.0,92,52
9242564.0,87,58
9242594.0,90,54
9242604.0,88,60
9242647.0,97,56
9242692.0,89,47
9242868.0,85,56
9242893.0,93,59
9242986.0,86,54
9242987.0,86,55
9243061.0,87,54
9243076.0,90,47
9243102.0,87,52
9243128.0,93,47
9243140.0,100,69
9243249.0,90,52
9243268.0,100,78
9243300.0,97,55
9243337.0,89,47
9243337.0,93,66
9243354.0,92,61
9243379.0,89,48
9243419.0,88,73
9243442.0,88,56
9243443.0,94,52
9243459.0,85,55
9243466.0,96,50
9243489.0,87,54
9243499.0,99,67
9243528.0,87,52
9243582.0,87,50
9243682.0,98,61
9243693.0,92,47
9243731.0,86,54
9243773.0,90,51
9243816.0,95,51
9243912.0,94,50
9243936.0,97,55
9244039.0,94,52
9244058.0,89,57
9244059.0,90,48
9244109.0,87,50
9244110.0,92,52
9244185.0,91,46
9244240.0,92,74
9244249.0,96,49
9244256.0,93,47
9244286.0,94,67
9244343.0,86,54
9244369.0,98,62
9244404.0,87,56
9244427.0,95,50
9244437.0,90,53
9244463.0,94,53
9244575.0,90,50
9244620.0,88,55
9244648.0,86,56
9244652.0,90,49
9244666.0,69,49
9244714.0,91,52
9244791.0,98,60
9244808.0,90,47
9244818.0,91,74
9244830.0,87,56
9244831.0,87,49
9244857.0,89,74
9244860.0,86,55
9244894.0,91,57
9244916.0,95,52
9244919.0,98,59
9244975.0,100,68
9245032.0,88,59
9245036.0,94,51
9245044.0,93,47
9245062.0,98,79
9245086.0,92,62
9245094.0,87,50
9245177.0,98,58
9245242.0,90,53
9245339.0,89,48
9245342.0,91,56
9245354.0,87,48
9245362.0,95,52
9245401.0,87,60
9245413.0,94,52
9245440.0,94,50
9245467.0,94,49
9245503.0,87,57
9245506.0,69,49
9245519.0,95,51
9245549.0,88,54
9245565.0,90,48
9245591.0,91,54
9245658.0,93,62
9245668.0,88,48
9245692.0,99,66
9245698.0,98,57
9245736.0,95,53
9245740.0,95,49
9245745.0,96,53
9245802.0,97,53
9245828.0,91,46
9245842.0,97,57
9245845.0,87,48
9245886.0,88,57
9245889.0,87,54
9245905.0,97,52
9245966.0,90,52
9245972.0,98,61
9245998.0,97,54
9246010.0,97,56
9246104.0,87,58
9246140.0,88,48
9246186.0,96,48
9246239.0,93,49
9246269.0,88,55
9246275.0,87,54
9246285.0,95,52
9246322.0,95,54
9246350.0,87,60
9246352.0,93,48
9246372.0,98,58
9246413.0,88,57
9246472.0,97,57
9246481.0,99,64
9246506.0,98,60
9246509.0,90,57
9246512.0,94,49
9246534.0,97,55
9246611.0,93,57
9246626.0,93,53
9246628.0,90,47
9246631.0,94,48
9246687.0,98,62
9246694.0,95,52
9246720.0,88,53
9246728.0,87,54
9246749.0,95,50
9246753.0,97,53
9246769.0,97,52
9246849.0,92,50
9246890.0,87,55
9246976.0,90,52
9246977.0,91,50
9247017.0,97,51
9247049.0,88,57
9247083.0,97,50
9247094.0,88,48
9247119.0,97,54
9247122.0,89,61
9247140.0,95,49
9247161.0,99,67
9247167.0,87,52
9247191.0,88,55
9247239.0,96,48
9247251.0,89,56
9247322.0,92,50
9247340.0,91,50
9247403.0,87,54
9247417.0,88,58
9247448.0,95,53
9247463.0,98,67
9247505.0,91,58
9247518.0,94,49
9247525.0,94,47
9247574.0,95,52
9247590.0,97,53
9247593.0,88,54
9247601.0,90,53
9247657.0,94,48
9247687.0,95,51
9247730.0,92,53
9247745.0,100,68
9247746.0,90,59
9247790.0,99,67
9247827.0,98,59
9247844.0,78,82
9247866.0,97,52
9247906.0,95,52
9247923.0,98,61
9247944.0,98,57
9247954.0,98,58
9247961.0,97,51
9248000.0,78,81
9248030.0,99,80
9248046.0,80,83
9248099.0,95,48
9248163.0,78,83
9248173.0,97,49
9248206.0,82,80
9248247.0,86,55
9248259.0,97,54
9248427.0,90,51
9248437.0,91,54
9248449.0,94,61
9248475.0,95,62
9248480.0,96,48
9248513.0,89,55
9248588.0,94,47
9248610.0,90,48
9248629.0,88,49
9248656.0,97,50
9248689.0,87,57
9248692.0,90,50
9248698.0,90,49
9248869.0,95,62
9248932.0,91,59
9248944.0,88,49
9248988.0,87,57
9249007.0,89,56
9249038.0,98,57
9249094.0,88,53
9249184.0,87,55
9249230.0,97,49
9249256.0,94,62
9249257.0,97,53
9249262.0,90,48
9249319.0,86,54
9249353.0,97,66
9249373.0,88,52
9249402.0,98,64
9249403.0,91,53
9249443.0,99,67
9249491.0,91,61
9249512.0,99,70
9249525.0,88,51
9249551.0,89,60
9249587.0,97,57
9249629.0,94,47
9249641.0,91,52
9249663.0,99,66
9249673.0,88,48
9249764.0,91,48
9249838.0,88,53
9249880.0,95,53
9249901.0,88,51
9249928.0,88,59
9249986.0,88,54
9250091.0,89,59
9250160.0,91,46
9250388.0,93,47
9250414.0,99,66
9250447.0,87,56
9250469.0,98,56
9250490.0,96,48
9250581.0,89,58
9250595.0,92,63
9250623.0,90,55
9250626.0,88,53
9250627.0,88,49
9250628.0,86,54
9250751.0,92,52
9250788.0,88,54
9250813.0,90,60
9250821.0,93,55
9250874.0,98,57
9250893.0,92,63
9250903.0,88,50
9250932.0,94,74
9251005.0,89,55
9251068.0,89,48
9251072.0,87,52
9251086.0,90,48
9251117.0,99,66
9251120.0,93,55
9251134.0,88,51
9251177.0,100,68
9251194.0,92,46
9251232.0,96,50
9251268.0,91,47
9251311.0,89,54
9251355.0,96,49
9251426.0,95,52
9251428.0,88,58
9251449.0,89,60
9251454.0,92,61
9251465.0,95,50
9251520.0,100,67
9251525.0,93,51
9251534.0,91,62
9251535.0,89,52
9251542.0,88,50
9251558.0,89,53
9251564.0,98,56
9251603.0,91,64
9251666.0,88,56
9251690.0,89,56
9251730.0,88,58
9251733.0,95,61
9251742.0,92,63
9251757.0,99,66
9251769.0,91,53
9251777.0,92,60
9251802.0,91,49
9251835.0,95,73
9251876.0,87,53
9251892.0,97,49
9251893.0,87,48
9251946.0,97,48
9251946.0,93,61
9251951.0,95,51
9251967.0,88,54
9252001.0,94,49
9252014.0,93,47
9252020.0,91,50
9252028.0,96,73
9252028.0,95,73
9252044.0,89,60
9252068.0,86,85
9252099.0,87,56
9252104.0,86,54
9252114.0,91,48
9252148.0,90,57
9252160.0,97,55
9252179.0,93,49
9252221.0,85,55
9252248.0,96,54
9252256.0,98,56
9252298.0,91,64
9252300.0,90,47
9252309.0,93,47
9252319.0,94,48
9252376.0,96,48
9252382.0,87,48
9252455.0,84,56
9252456.0,91,76
9252465.0,95,52
9252478.0,89,55
9252517.0,96,51
9252534.0,91,60
9252536.0,96,50
9252554.0,99,66
9252639.0,87,55
9252675.0,85,54
9252676.0,85,55
9252678.0,87,53
9252710.0,91,46
9252718.0,95,48
9252738.0,90,58
9252852.0,91,64
9252855.0,96,73
9252885.0,95,50
9252921.0,96,48
9252929.0,97,48
9252965.0,91,47
9252977.0,97,54
9253041.0,96,67
9253057.0,87,54
9253092.0,98,57
9253114.0,96,50
9253218.0,90,47
9253227.0,85,54
9253257.0,95,49
9253258.0,96,53
9253263.0,99,66
9253277.0,91,52
9253325.0,98,55
9253344.0,95,47
9253350.0,89,54
9253362.0,92,54
9253371.0,89,55
9253394.0,87,53
9253494.0,96,52
9253628.0,98,50
9253644.0,98,51
9253664.0,96,50
9253692.0,89,48
9253727.0,97,48
9253883.0,99,70
9253909.0,95,48
9253918.0,95,47
9253977.0,98,52
9253989.0,88,55
9254027.0,93,46
9254043.0,100,69
9254053.0,90,53
9254077.0,96,50
9254092.0,91,52
9254104.0,100,70
9254134.0,81,69
9254187.0,95,51
9254207.0,96,49
9254229.0,100,67
9254303.0,95,53
9254314.0,96,51
9254358.0,95,47
9254363.0,95,49
9254385.0,99,68
9254385.0,98,55
9254485.0,89,53
9254510.0,96,48
9254592.0,98,53
9254634.0,87,53
9254653.0,91,53
9254657.0,98,54
9254661.0,88,57
9254672.0,96,54
9254691.0,99,66
9254731.0,98,51
9254742.0,97,53
9254767.0,98,56
9254929.0,96,53
9254948.0,98,50
9255014.0,91,48
9255173.0,98,49
9255185.0,87,54
9255318.0,89,49
9255357.0,98,52
9255365.0,89,48
9255389.0,90,47
9255467.0,84,80
9255473.0,99,66
9255477.0,88,50
9255483.0,89,51
9255485.0,87,55
9255486.0,88,53
9255486.0,97,49
9255537.0,87,54
9255562.0,98,54
9255613.0,98,53
9255686.0,98,55
9255705.0,89,53
9255725.0,91,50
9255856.0,92,46
9255874.0,98,68
9255897.0,89,54
9255927.0,93,65
9255930.0,99,66
9255975.0,87,55
9256046.0,91,59
9256050.0,89,48
9256083.0,98,49
9256117.0,85,55
9256135.0,91,47
9256163.0,98,50
9256221.0,88,50
9256315.0,96,50
9256323.0,87,54
9256347.0,89,57
9256360.0,91,49
9256401.0,89,56
9256405.0,88,53
9256432.0,99,64
9256446.0,92,49
9256547.0,96,72
9256565.0,94,47
9256596.0,98,54
9256615.0,89,52
9256636.0,98,51
9256703.0,95,47
9256769.0,99,60
9256789.0,96,52
9256838.0,89,51
9256880.0,89,48
9257024.0,89,50
9257038.0,98,53
9257196.0,89,54
9257311.0,89,51
9257314.0,97,48
9257357.0,91,47
9257386.0,87,53
9257394.0,94,47
9257395.0,87,55
9257405.0,98,55
9257513.0,88,53
9257545.0,89,58
9257572.0,88,57
9257575.0,93,60
9257590.0,86,55
9257751.0,90,47
9257774.0,91,47
9257847.0,99,58
9257849.0,87,55
9257919.0,100,66
9257960.0,90,60
9257965.0,93,49
9257966.0,98,49
9257970.0,92,48
9258127.0,88,54
9258158.0,92,46
9258179.0,94,46
9258290.0,87,54
9258296.0,90,59
9258323.0,95,48
9258380.0,93,49
9258429.0,87,55
9258516.0,90,55
9258566.0,98,54
9258586.0,89,51
9258598.0,91,83
9258705.0,98,48
9258707.0,87,54
9258715.0,97,49
9258796.0,92,49
9258812.0,100,67
9258823.0,92,47
9258827.0,83,80
9258837.0,97,50
9258844.0,92,51
9258890.0,93,49
9258897.0,96,48
9258918.0,97,48
9258975.0,97,51
9258979.0,96,47
9258997.0,90,47
9259034.0,87,53
9259046.0,97,49
9259077.0,94,49
9259159.0,81,75
9259168.0,93,49
9259205.0,91,58
9259210.0,92,47
9259237.0,89,58
9259252.0,88,56
9259284.0,99,67
9259328.0,92,50
9259358.0,87,55
9259361.0,96,49
9259394.0,90,58
9259491.0,90,54
9259532.0,102,75
9259541.0,89,60
9259544.0,96,52
9259553.0,88,54
9259556.0,97,67
9259577.0,96,51
9259594.0,97,54
9259651.0,97,48
9259696.0,96,50
9259702.0,96,48
9259740.0,96,53
9259764.0,101,67
9259777.0,99,63
9259798.0,89,60
9259808.0,98,48
9259837.0,99,61
9259893.0,89,53
9259901.0,91,60
9259904.0,96,47
9259908.0,87,55
9259962.0,99,59
9260017.0,97,49
9260052.0,94,47
9260106.0,90,55
9260117.0,97,66
9260132.0,92,46
9260140.0,92,48
9260156.0,99,57
9260178.0,101,76
9260196.0,97,48
9260238.0,93,59
9260422.0,97,66
9260423.0,92,52
9260447.0,97,51
9260449.0,91,61
9260459.0,87,55
9260471.0,91,60
9260477.0,96,49
9260482.0,90,48
9260539.0,90,47
9260572.0,101,67
9260600.0,87,53
9260611.0,97,48
9260616.0,90,53
9260617.0,96,52
9260676.0,95,47
9260685.0,92,57
9260748.0,97,50
9260749.0,99,50
9260754.0,95,68
9260756.0,99,51
9260797.0,96,47
9260805.0,100,68
9260806.0,93,52
9260823.0,99,58
9260850.0,95,62
9260886.0,87,55
9260887.0,90,55
9260967.0,89,53
9261047.0,99,49
9261054.0,93,52
9261060.0,92,62
9261077.0,87,55
9261120.0,92,72
9261190.0,99,52
9261199.0,96,51
9261227.0,89,57
9261230.0,90,54
9261272.0,35,111
9261274.0,86,54
9261290.0,97,53
9261307.0,99,51
9261310.0,88,55
9261354.0,100,65
9261380.0,91,60
9261402.0,89,56
9261493.0,98,54
9261564.0,34,111
9261571.0,98,53
9261579.0,92,51
9261591.0,94,51
9261615.0,99,60
9261621.0,97,52
9261630.0,91,60
9261699.0,88,52
9261705.0,100,49
9261757.0,87,84
9261761.0,89,53
9261867.0,87,54
9261903.0,92,47
9261935.0,97,48
9261981.0,100,66
9261988.0,99,56
9262099.0,86,54
9262101.0,94,46
9262167.0,90,48
9262177.0,88,54
9262186.0,87,53
9262189.0,99,50
9262218.0,99,49
9262239.0,99,51
9262326.0,35,111
9262372.0,95,55
9262379.0,97,51
9262387.0,99,57
9262402.0,87,76
9262407.0,99,53
9262415.0,99,52
9262419.0,87,52
9262423.0,92,52
9262468.0,90,54
9262513.0,92,47
9262524.0,90,49
9262533.0,88,52
9262551.0,97,49
9262558.0,90,57
9262570.0,88,53
9262596.0,90,59
9262597.0,87,74
9262615.0,92,50
9262616.0,99,59
9262669.0,97,53
9262670.0,92,53
9262770.0,97,51
9262847.0,93,46
9262898.0,34,111
9262900.0,89,60
9262913.0,101,71
9262968.0,87,54
9262985.0,97,52
9263011.0,99,49
9263040.0,101,67
9263045.0,90,50
9263106.0,92,60
9263169.0,89,55
9263208.0,35,111
9263253.0,97,54
9263273.0,89,60
9263317.0,99,57
9263325.0,92,54
9263333.0,90,53
9263361.0,92,60
9263362.0,88,52
9263370.0,99,52
9263385.0,99,54
9263395.0,99,53
9263419.0,94,55
9263438.0,99,51
9263441.0,93,53
9263452.0,93,61
9263462.0,92,59
9263466.0,34,111
9263493.0,99,56
9263604.0,90,54
9263624.0,90,52
9263627.0,100,70
9263628.0,99,55
9263648.0,97,51
9263654.0,91,55
9263680.0,92,51
9263821.0,94,52
9263875.0,69,51
9263925.0,92,49
9263935.0,86,81
9263939.0,93,51
9263940.0,98,65
9263950.0,100,65
9263958.0,91,61
9263963.0,92,60
9263976.0,68,51
9263986.0,93,52
9264004.0,99,53
9264011.0,99,60
9264093.0,97,51
9264130.0,87,54
9264131.0,95,50
9264145.0,100,68
9264153.0,97,53
9264183.0,98,48
9264206.0,90,51
9264209.0,91,47
9264306.0,88,55
9264338.0,95,50
9264373.0,69,51
9264377.0,93,56
9264383.0,93,46
9264404.0,80,56
9264412.0,99,56
9264448.0,100,72
9264467.0,99,58
9264511.0,89,60
9264521.0,93,47
9264553.0,89,58
9264565.0,96,54
9264574.0,98,49
9264588.0,91,61
9264623.0,99,54
9264651.0,95,46
9264712.0,88,53
9264738.0,88,54
9264753.0,97,47
9264780.0,90,47
9264795.0,95,48
9264822.0,99,52
9264834.0,93,48
9264834.0,97,48
9264867.0,89,57
9264936.0,97,51
9264963.0,90,50
9264967.0,89,54
9264978.0,87,54
9265068.0,95,53
9265122.0,90,60
9265179.0,91,54
9265198.0,99,54
9265201.0,99,53
9265205.0,99,61
9265234.0,69,51
9265245.0,89,57
9265248.0,95,48
9265252.0,95,50
9265283.0,99,69
9265288.0,88,52
9265315.0,97,50
9265342.0,93,52
9265405.0,97,51
9265417.0,90,47
9265475.0,97,47
9265601.0,91,47
9265603.0,95,46
9265609.0,93,49
9265698.0,95,51
9265715.0,97,48
9265748.0,98,50
9265760.0,93,53
9265762.0,89,56
9265785.0,98,56
9265819.0,89,57
9265847.0,99,48
9265887.0,98,49
9265899.0,94,45
9265922.0,93,49
9265994.0,97,49
9265999.0,90,53
9266083.0,90,59
9266116.0,97,47
9266121.0,89,57
9266134.0,89,52
9266137.0,90,47
9266172.0,95,69
9266214.0,95,54
9266221.0,90,60
9266231.0,99,54
9266255.0,95,49
9266364.0,99,62
9266367.0,95,60
9266384.0,99,50
9266407.0,94,48
9266416.0,97,50
9266480.0,95,47
9266575.0,91,60
9266594.0,93,51
9266597.0,98,48
9266613.0,92,46
9266618.0,90,47
9266643.0,88,53
9266668.0,90,52
9266710.0,93,53
9266750.0,98,51
9266798.0,93,49
9266824.0,89,52
9266834.0,88,56
9266889.0,99,55
9266903.0,91,47
9266918.0,90,53
9267030.0,93,51
9267033.0,93,49
9267086.0,93,50
9267127.0,97,52
9267176.0,98,48
9267260.0,98,50
9267316.0,89,53
9267372.0,99,55
9267374.0,97,51
9267433.0,96,53
9267434.0,93,50
9267504.0,97,53
9267620.0,99,55
9267649.0,97,49
9267690.0,93,47
9267715.0,98,50
9267819.0,90,58
9267840.0,100,50
9267856.0,95,48
9267916.0,89,56
9267920.0,90,48
9267967.0,100,49
9267992.0,88,52
9267996.0,99,54
9268009.0,97,49
9268010.0,90,49
9268012.0,91,51
9268071.0,90,53
9268104.0,101,73
9268104.0,93,50
9268122.0,97,52
9268128.0,90,51
9268132.0,92,55
9268154.0,98,51
9268168.0,99,53
9268209.0,93,52
9268212.0,97,49
9268297.0,91,54
9268336.0,98,54
9268382.0,93,50
9268463.0,91,57
9268464.0,100,50
9268524.0,90,57
9268684.0,91,47
9268759.0,91,53
9268808.0,98,50
9268870.0,100,49
9268921.0,97,47
9268937.0,100,51
9268965.0,89,52
9269028.0,100,50
9269175.0,88,52
9269322.0,96,47
9269351.0,93,54
9269357.0,91,59
9269401.0,92,58
9269456.0,88,52
9269497.0,92,47
9269516.0,90,55
9269546.0,93,59
9269552.0,91,59
9269579.0,100,52
9269610.0,91,52
9269628.0,92,49
9269661.0,94,46
9269664.0,95,45
9269688.0,98,49
9269731.0,89,53
9269732.0,99,53
9269751.0,93,51
9269778.0,91,48
9269797.0,93,63
9269824.0,98,52
9269830.0,100,49
9269871.0,94,59
9269907.0,94,53
9269928.0,88,52
9269978.0,91,49
9269985.0,94,45
9270002.0,93,49
9270085.0,90,52
9270157.0,93,46
9270171.0,91,48
9270200.0,91,46
9270237.0,97,53
9270319.0,92,62
9270367.0,100,51
9270384.0,94,45
9270450.0,92,48
9270505.0,91,58
9270510.0,89,55
9270562.0,98,49
9270568.0,96,48
9270590.0,96,46
9270593.0,96,47
9270764.0,99,67
9270776.0,100,53
9270807.0,100,52
9270809.0,92,62
9270830.0,91,62
9270845.0,94,46
9270852.0,92,51
9270883.0,94,47
9270945.0,100,68
9271003.0,98,53
9271035.0,96,49
9271102.0,90,52
9271117.0,94,61
9271162.0,90,56
9271198.0,91,52
9271238.0,93,46
9271399.0,91,48
9271429.0,91,53
9271448.0,88,52
9271501.0,99,48
9271521.0,87,53
9271531.0,100,53
9271534.0,91,60
9271555.0,91,50
9271566.0,91,62
9271578.0,97,54
9271610.0,92,55
9271626.0,99,62
9271677.0,88,53
9271679.0,94,48
9271693.0,98,48
9271694.0,91,53
9271726.0,100,54
9271743.0,99,50
9271744.0,98,50
9271788.0,90,58
9271792.0,91,48
9271794.0,96,53
9271794.0,96,46
9271806.0,91,51
9271842.0,93,60
9271929.0,98,54
9272000.0,98,47
9272021.0,92,46
9272115.0,91,51
9272118.0,90,52
9272132.0,91,54
9272136.0,92,61
9272140.0,99,54
9272157.0,89,53
9272168.0,92,57
9272169.0,93,58
9272194.0,98,53
9272198.0,99,49
9272199.0,89,51
9272205.0,94,49
9272216.0,99,63
9272217.0,98,49
9272220.0,88,53
9272244.0,89,54
9272281.0,96,47
9272341.0,94,45
9272355.0,100,50
9272460.0,96,48
9272542.0,99,65
9272665.0,96,45
9272737.0,99,57
9272750.0,91,57
9272751.0,92,59
9272770.0,96,50
9272775.0,100,59
9272825.0,91,51
9272839.0,98,50
9272854.0,92,47
9272882.0,94,50
9272898.0,91,59
9272915.0,95,50
9272924.0,100,53
9272929.0,89,51
9272962.0,89,57
9272972.0,92,56
9272974.0,91,57
9272983.0,88,80
9272991.0,88,53
9273004.0,88,55
9273032.0,100,56
9273060.0,92,49
9273096.0,99,50
9273126.0,98,60
9273176.0,95,50
9273198.0,98,49
9273225.0,100,57
9273325.0,98,48
9273345.0,100,52
9273350.0,91,53
9273363.0,95,52
9273405.0,88,53
9273416.0,90,57
9273466.0,100,66
9273471.0,96,50
9273501.0,89,52
9273577.0,91,51
9273651.0,98,50
9273657.0,89,57
9273675.0,97,52
9273677.0,96,45
9273682.0,89,53
9273704.0,93,64
9273719.0,95,52
9273723.0,101,67
9273760.0,92,47
9273763.0,89,51
9273780.0,90,53
9273826.0,98,47
9273859.0,95,45
9273991.0,100,58
9274045.0,91,53
9274049.0,99,51
9274062.0,96,46
9274066.0,94,52
9274071.0,99,49
9274081.0,96,49
9274100.0,94,45
9274227.0,101,49
9274273.0,100,55
9274278.0,97,59
9274294.0,91,48
9274416.0,100,54
9274448.0,100,56
9274539.0,96,45
9274542.0,92,48
9274651.0,101,50
9274681.0,94,52
9274969.0,100,55
9274974.0,101,49
9275051.0,98,52
9275123.0,89,53
9275124.0,100,53
9275238.0,97,47
9275259.0,98,51
9275260.0,94,46
9275269.0,101,51
9275279.0,99,50
9275377.0,69,50
9275390.0,100,57
9275420.0,100,59
9275572.0,90,51
9275613.0,97,51
9275632.0,101,50
9275705.0,99,51
9275712.0,92,49
9275722.0,100,56
9275731.0,69,50
9275791.0,95,46
9275811.0,93,55
9275858.0,94,46
9275907.0,100,54
9276012.0,101,49
9276043.0,96,48
9276067.0,70,51
9276070.0,89,52
9276085.0,98,53
9276098.0,93,46
9276129.0,54,65
9276159.0,90,54
9276173.0,101,51
9276185.0,97,53
9276224.0,88,52
9276262.0,101,68
9276308.0,98,52
9276313.0,91,51
9276330.0,70,51
9276370.0,99,52
9276396.0,90,56
9276406.0,93,46
9276429.0,89,51
9276448.0,81,76
9276476.0,90,81
9276510.0,100,55
9276545.0,90,51
9276549.0,92,48
9276567.0,101,70
9276577.0,97,46
9276579.0,101,52
9276629.0,100,57
9276638.0,91,82
9276649.0,91,51
9276664.0,92,47
9276765.0,100,54
9276795.0,90,56
9276811.0,95,47
9277029.0,100,60
9277040.0,90,51
9277093.0,93,46
9277101.0,97,47
9277106.0,94,46
9277186.0,101,51
9277186.0,95,45
9277268.0,97,48
9277300.0,91,52
9277323.0,92,53
9277334.0,95,46
9277353.0,100,65
9277358.0,97,49
9277369.0,90,56
9277393.0,91,51
9277395.0,95,47
9277450.0,94,52
9277475.0,97,46
9277487.0,92,51
9277488.0,95,48
9277500.0,91,56
9277504.0,91,57
9277542.0,100,49
9277554.0,98,79
9277560.0,101,52
9277590.0,99,52
9277613.0,94,49
9277621.0,92,57
9277637.0,92,49
9277652.0,97,48
9277656.0,95,45
9277760.0,99,48
9277765.0,99,54
9277781.0,90,56
9277791.0,89,52
9277818.0,96,52
9277845.0,99,52
9277911.0,95,48
9277929.0,99,47
9277965.0,90,57
9277980.0,97,78
9277984.0,90,51
9277988.0,100,55
9278012.0,95,47
9278030.0,92,57
9278035.0,91,51
9278064.0,89,55
9278069.0,97,45
9278072.0,92,52
9278077.0,100,59
9278129.0,91,52
9278130.0,93,48
9278274.0,98,53
9278275.0,89,51
9278280.0,100,58
9278295.0,92,55
9278353.0,98,51
9278392.0,93,58
9278443.0,100,56
9278527.0,95,48
9278532.0,95,47
9278586.0,95,45
9278723.0,99,53
9278763.0,95,45
9278763.0,99,59
9278790.0,99,48
9278829.0,92,50
9278872.0,97,50
9278876.0,99,49
9278897.0,101,53
9278959.0,101,49
9278990.0,100,50
9279042.0,97,47
9279109.0,97,46
9279110.0,92,51
9279141.0,95,46
9279151.0,100,49
9279178.0,95,48
9279200.0,101,52
9279209.0,93,49
9279214.0,93,51
9279241.0,99,50
9279283.0,92,53
9279288.0,100,67
9279308.0,99,52
9279311.0,98,53
9279401.0,100,53
9279511.0,97,45
9279517.0,95,49
9279518.0,97,53
9279524.0,95,60
9279608.0,97,48
9279634.0,97,47
9279666.0,92,52
9279754.0,100,60
9279830.0,90,53
9279834.0,93,57
9279848.0,101,53
9279899.0,93,47
9279908.0,97,52
9279972.0,95,46
9279977.0,100,67
9280147.0,96,45
9280169.0,92,52
9280187.0,97,47
9280206.0,94,51
9280321.0,89,54
9280340.0,97,52
9280424.0,99,53
9280438.0,97,45
9280474.0,92,50
9280563.0,90,51
9280577.0,100,51
9280617.0,93,66
9280627.0,94,46
9280628.0,94,48
9280641.0,88,84
9280687.0,92,51
9280735.0,99,53
9280764.0,90,52
9280794.0,99,64
9280835.0,87,84
9280836.0,90,55
9280856.0,102,49
9280884.0,99,49
9280884.0,100,50
9280984.0,93,62
9281016.0,99,63
9281037.0,98,47
9281128.0,100,54
9281146.0,102,50
9281150.0,93,50
9281201.0,99,50
9281210.0,92,51
9281228.0,101,53
9281232.0,95,50
9281249.0,91,51
9281265.0,93,67
9281268.0,97,49
9281273.0,99,47
9281277.0,99,51
9281305.0,100,59
9281368.0,95,59
9281436.0,100,50
9281441.0,95,50
9281462.0,93,62
9281478.0,96,50
9281498.0,94,45
9281572.0,94,59
9281711.0,95,59
9281731.0,102,49
9281751.0,93,71
9281817.0,92,52
9281843.0,95,51
9281848.0,95,52
9281866.0,93,67
9281894.0,90,56
9281903.0,100,70
9281974.0,97,50
9282012.0,91,51
9282025.0,102,50
9282028.0,89,52
9282029.0,93,61
9282052.0,95,52
9282104.0,100,51
9282112.0,101,54
9282160.0,95,46
9282223.0,92,51
9282224.0,92,52
9282291.0,96,46
9282302.0,89,52
9282332.0,102,51
9282403.0,93,48
9282471.0,99,52
9282515.0,91,51
9282527.0,98,52
9282543.0,92,51
9282548.0,100,55
9282565.0,93,47
9282571.0,92,60
9282578.0,102,49
9282611.0,100,47
9282704.0,99,53
9282798.0,99,51
9282801.0,94,46
9282824.0,96,60
9282866.0,98,47
9282935.0,92,53
9282966.0,101,53
9282968.0,89,51
9283019.0,93,47
9283019.0,100,60
9283022.0,96,45
9283102.0,98,47
9283156.0,95,52
9283178.0,103,52
9283182.0,91,61
9283194.0,98,48
9283288.0,102,51
9283309.0,99,52
9283363.0,101,49
9283386.0,94,47
9283459.0,91,51
9283555.0,101,54
9283610.0,100,50
9283618.0,91,56
9283657.0,98,46
9283674.0,94,46
9283727.0,98,49
9283786.0,93,49
9283810.0,90,52
9283823.0,102,49
9283827.0,94,52
9283846.0,92,56
9283847.0,103,52
9283940.0,102,50
9283972.0,90,53
9283973.0,102,52
9283978.0,91,56
9283992.0,100,50
9284000.0,92,52
9284057.0,90,51
9284079.0,91,53
9284166.0,99,53
9284226.0,95,51
9284288.0,87,74
9284312.0,101,55
9284348.0,87,81
9284481.0,98,54
9284485.0,91,57
9284488.0,101,49
9284663.0,100,52
9284732.0,99,52
9284749.0,100,48
9284788.0,93,47
9284791.0,95,52
9284804.0,94,50
9284841.0,94,53
9284905.0,99,53
9284920.0,61,63
9285028.0,98,49
9285029.0,92,52
9285074.0,98,46
9285161.0,102,52
9285174.0,98,45
9285192.0,94,64
9285195.0,100,47
9285253.0,101,74
9285254.0,93,47
9285260.0,96,46
9285283.0,102,51
9285364.0,94,48
9285392.0,93,70
9285402.0,92,65
9285429.0,92,49
9285564.0,93,49
9285570.0,91,55
9285587.0,91,49
9285589.0,97,45
9285601.0,91,52
9285607.0,96,48
9285625.0,90,52
9285751.0,93,53
9285787.0,100,49
9285790.0,93,51
9285818.0,94,46
9285837.0,101,56
9285878.0,90,53
9285881.0,92,52
9285885.0,92,49
9285888.0,90,52
9285895.0,100,51
9285914.0,101,54
9285944.0,93,49
9285955.0,91,56
9285970.0,100,52
9285988.0,101,50
9286030.0,98,50
9286035.0,92,60
9286047.0,96,46
9286047.0,93,60
9286124.0,90,51
9286197.0,91,56
9286214.0,91,49
9286224.0,95,52
9286250.0,100,50
9286266.0,101,53
9286323.0,100,51
9286387.0,93,50
9286408.0,55,49
9286429.0,94,50
9286480.0,97,45
9286480.0,98,45
9286482.0,100,52
9286504.0,95,47
9286522.0,98,47
9286545.0,94,49
9286734.0,102,52
9286751.0,94,47
9286791.0,98,48
9286813.0,95,51
9286895.0,91,56
9286901.0,93,52
9286906.0,99,53
9286950.0,102,53
9286990.0,98,53
9287009.0,99,47
9287043.0,100,52
9287068.0,79,90
9287088.0,87,75
9287161.0,101,50
9287173.0,98,49
9287180.0,97,52
9287188.0,95,64
9287191.0,93,49
9287199.0,93,51
9287289.0,100,50
9287295.0,91,50
9287318.0,93,52
9287337.0,92,51
9287519.0,103,50
9287585.0,101,49
9287638.0,101,57
9287735.0,98,52
9287760.0,101,55
9287780.0,57,113
9287904.0,90,51
9287988.0,100,53
9287994.0,93,52
9288001.0,57,114
9288015.0,101,52
9288113.0,90,52
9288120.0,102,53
9288130.0,91,57
9288148.0,92,51
9288171.0,91,50
9288271.0,101,51
9288275.0,96,52
9288424.0,94,49
9288450.0,99,47
9288463.0,103,50
9288517.0,57,113
9288580.0,98,50
9288603.0,93,52
9288611.0,93,51
9288617.0,103,49
9288650.0,99,47
9288653.0,101,57
9288667.0,92,51
9288687.0,103,51
9288728.0,94,48
9288759.0,94,50
9288760.0,91,55
9288775.0,99,46
9288789.0,91,77
9288794.0,95,46
9288846.0,99,48
9288949.0,101,56
9288950.0,96,50
9289048.0,100,53
9289092.0,91,50
9289119.0,91,54
9289121.0,100,51
9289121.0,102,53
9289137.0,102,51
9289163.0,100,56
9289174.0,95,48
9289202.0,91,55
9289217.0,101,58
9289236.0,101,48
9289316.0,101,47
9289366.0,93,50
9289427.0,102,49
9289462.0,57,114
9289488.0,95,55
9289583.0,93,53
9289604.0,93,52
9289642.0,97,46
9289648.0,103,51
9289684.0,103,50
9289689.0,96,51
9289697.0,95,52
9289725.0,91,52
9289750.0,92,51
9289761.0,95,46
9289837.0,101,55
9289856.0,57,113
9289889.0,91,55
9289931.0,93,48
9289983.0,100,52
9290012.0,99,46
9290028.0,93,69
9290034.0,57,114
9290040.0,93,52
9290205.0,94,48
9290220.0,93,54
9290224.0,103,49
9290232.0,93,51
9290299.0,101,47
9290314.0,93,53
9290337.0,101,67
9290343.0,99,53
9290346.0,101,51
9290365.0,91,78
9290366.0,100,63
9290368.0,91,52
9290370.0,103,51
9290392.0,102,54
9290401.0,95,50
9290407.0,97,50
9290415.0,91,50
9290454.0,101,54
9290478.0,91,56
9290496.0,91,58
9290635.0,61,58
9290650.0,97,46
9290652.0,97,47
9290660.0,102,49
9290671.0,101,56
9290688.0,57,113
9290720.0,99,45
9290768.0,100,57
9290864.0,100,52
9290897.0,91,52
9290938.0,98,45
9290963.0,102,49
9290970.0,103,49
9291071.0,101,48
9291073.0,91,58
9291194.0,101,52
9291225.0,91,51
9291226.0,103,52
9291237.0,94,49
9291252.0,92,57
9291281.0,93,62
9291426.0,101,49
9291462.0,99,45
9291493.0,92,62
9291511.0,100,49
9291532.0,100,58
9291548.0,57,114
9291638.0,93,53
9291722.0,93,62
9291732.0,97,46
9291742.0,99,46
9291778.0,91,54
9291852.0,98,50
9291916.0,99,51
9291963.0,102,49
9291977.0,94,55
9291989.0,100,52
9292035.0,101,52
9292046.0,92,59
9292107.0,103,52
9292114.0,91,58
9292145.0,57,114
9292162.0,96,47
9292185.0,101,59
9292203.0,102,54
9292282.0,92,50
9292306.0,102,50
9292314.0,93,59
9292360.0,95,48
9292399.0,99,47
9292460.0,95,47
9292498.0,88,53
9292588.0,91,53
9292596.0,95,49
9292598.0,99,50
9292618.0,101,50
9292626.0,90,85
9292630.0,93,55
9292710.0,99,48
9292848.0,95,50
9292911.0,100,48
9292925.0,102,53
9292926.0,94,49
9292928.0,91,55
9292959.0,100,47
9292983.0,100,53
9293033.0,97,48
9293036.0,93,52
9293037.0,94,50
9293042.0,95,52
9293089.0,86,81
9293097.0,87,81
9293122.0,91,53
9293137.0,96,51
9293165.0,103,52
9293379.0,91,51
9293394.0,93,56
9293455.0,101,49
9293457.0,92,50
9293470.0,98,45
9293514.0,101,50
9293557.0,102,50
9293595.0,93,53
9293626.0,101,52
9293656.0,99,50
9293702.0,92,53
9293793.0,95,45
9293886.0,91,53
9293968.0,101,52
9293981.0,102,54
9294015.0,103,49
9294059.0,95,47
9294062.0,93,52
9294082.0,99,49
9294091.0,96,50
9294109.0,100,52
9294123.0,98,51
9294132.0,93,51
9294191.0,100,53
9294199.0,92,50
9294285.0,100,47
9294318.0,94,51
9294361.0,102,52
9294363.0,91,53
9294366.0,94,50
9294430.0,96,52
9294448.0,101,52
9294463.0,103,51
9294478.0,91,50
9294543.0,91,52
9294547.0,91,54
9294561.0,96,47
9294598.0,89,51
9294609.0,102,51
9294656.0,100,67
9294663.0,91,51
9294689.0,94,50
9294691.0,96,59
9294692.0,75,76
9294743.0,93,52
9294788.0,104,50
9294865.0,96,51
9294870.0,93,51
9294883.0,100,47
9294896.0,101,52
9294898.0,90,54
9294924.0,103,53
9294925.0,96,48
9294943.0,95,65
9294951.0,88,50
9294993.0,91,51
9295003.0,101,51
9295052.0,95,48
9295068.0,98,48
9295089.0,100,46
9295105.0,99,51
9295105.0,96,46
9295154.0,95,49
9295207.0,86,79
9295217.0,91,53
9295220.0,91,54
9295221.0,101,55
9295235.0,102,48
9295317.0,98,46
9295355.0,104,50
9295374.0,104,51
9295390.0,102,55
9295464.0,100,45
9295477.0,101,58
9295483.0,93,51
9295495.0,98,45
9295517.0,91,51
9295520.0,88,50
9295525.0,88,79
9295540.0,103,50
9295584.0,92,52
9295598.0,100,48
9295606.0,95,50
9295656.0,103,52
9295668.0,101,52
9295691.0,102,47
9295756.0,101,57
9295770.0,103,49
9295797.0,98,46
9295820.0,90,54
9295827.0,92,50
9295858.0,91,53
9295893.0,100,46
9295924.0,91,54
9295936.0,99,53
9295957.0,96,60
9296042.0,97,49
9296048.0,101,53
9296118.0,96,46
9296194.0,102,48
9296219.0,94,51
9296225.0,95,45
9296240.0,97,50
9296321.0,102,51
9296340.0,93,51
9296354.0,91,53
9296354.0,103,53
9296371.0,91,54
9296373.0,101,51
9296411.0,100,45
9296413.0,91,50
9296421.0,101,52
9296422.0,104,50
9296452.0,92,55
9296543.0,95,45
9296557.0,99,45
9296572.0,97,49
9296580.0,104,51
9296597.0,96,52
9296608.0,102,55
9296628.0,91,53
9296640.0,98,72
9296682.0,94,50
9296717.0,102,51
9296836.0,98,49
9296881.0,96,49
9296883.0,90,54
9296888.0,95,48
9296901.0,97,49
9296920.0,99,50
9296929.0,102,54
9296950.0,92,57
9296972.0,93,62
9296983.0,85,76
9297015.0,92,58
9297040.0,98,46
9297081.0,88,75
9297093.0,99,49
9297097.0,102,48
9297099.0,104,49
9297129.0,98,45
9297210.0,97,49
9297214.0,96,46
9297239.0,95,45
9297265.0,94,62
9297274.0,90,51
9297274.0,86,78
9297275.0,99,46
9297311.0,103,49
9297337.0,99,48
9297397.0,99,54
9297443.0,94,50
9297452.0,100,45
9297465.0,90,78
9297474.0,96,50
9297577.0,91,54
9297630.0,95,45
9297635.0,94,52
9297651.0,102,53
9297682.0,102,51
9297723.0,92,58
9297725.0,93,51
9297749.0,100,49
9297754.0,95,51
9297858.0,91,50
9297861.0,99,52
9297891.0,102,47
9297909.0,91,56
9297911.0,100,54
9297912.0,94,52
9297929.0,91,54
9297935.0,94,50
9297952.0,103,49
9297996.0,104,49
9298028.0,102,56
9298039.0,100,53
9298049.0,95,53
9298129.0,92,58
9298132.0,98,50
9298159.0,103,50
9298160.0,101,53
9298185.0,93,50
9298237.0,94,50
9298383.0,97,51
9298398.0,99,45
9298426.0,99,50
9298430.0,101,52
9298437.0,104,52
9298477.0,101,47
9298488.0,101,55
9298524.0,102,55
9298559.0,102,49
9298573.0,95,49
9298804.0,95,45
9298850.0,103,54
9298858.0,103,49
9298897.0,104,51
9298902.0,102,47
9298907.0,99,47
9298915.0,94,52
9299088.0,96,48
9299173.0,100,47
9299179.0,100,48
9299188.0,97,48
9299260.0,93,50
9299275.0,103,50
9299358.0,96,47
9299415.0,102,52
9299533.0,101,52
9299537.0,92,51
9299559.0,95,48
9299566.0,92,54
9299589.0,99,51
9299593.0,103,53
9299632.0,104,52
9299811.0,95,50
9299881.0,102,50
9299890.0,101,47
9299911.0,93,50
9299925.0,103,54
9299984.0,100,50
9300007.0,98,48
9300066.0,95,48
9300087.0,96,50
9300260.0,97,47
9300283.0,102,56
9300596.0,100,46
9300644.0,100,48
9300818.0,95,48
9300830.0,93,50
9300841.0,95,49
9300891.0,91,50
9300904.0,95,54
9300917.0,104,52
9300943.0,95,50
9300947.0,99,45
9300951.0,101,46
9300993.0,99,46
9301079.0,101,53
9301152.0,101,45
9301155.0,93,55
9301238.0,96,45
9301255.0,102,50
9301260.0,95,48
9301280.0,97,50
9301425.0,91,55
9301437.0,95,49
9301500.0,96,49
9301693.0,96,52
9301731.0,92,58
9301750.0,97,46
9301754.0,92,50
9301826.0,101,48
9301856.0,96,50
9301856.0,92,56
9301858.0,91,51
9301887.0,103,50
9301933.0,101,56
9301971.0,100,49
9302009.0,97,51
9302023.0,91,57
9302033.0,95,48
9302069.0,102,52
9302073.0,97,48
9302088.0,96,45
9302095.0,95,50
9302113.0,102,56
9302114.0,102,51
9302170.0,103,50
9302194.0,104,50
9302222.0,101,53
9302264.0,101,50
9302267.0,95,49
9302289.0,97,52
9302291.0,95,50
9302295.0,104,53
9302328.0,101,48
9302355.0,91,51
9302391.0,98,49
9302415.0,96,48
9302498.0,101,46
9302573.0,95,48
9302583.0,96,47
9302588.0,105,50
9302610.0,102,57
9302652.0,102,47
9302658.0,101,54
9302687.0,92,54
9302705.0,101,45
9302707.0,103,48
9302739.0,103,51
9302748.0,92,49
9302753.0,103,54
9302756.0,95,50
9302764.0,92,51
9302805.0,96,55
9302883.0,95,51
9302916.0,99,46
9302957.0,105,51
9303063.0,94,52
9303089.0,91,51
9303117.0,95,50
9303165.0,100,45
9303184.0,103,47
9303282.0,92,52
9303298.0,97,46
9303323.0,102,55
9303334.0,101,48
9303338.0,96,47
9303384.0,102,51
9303385.0,99,46
9303404.0,103,48
9303410.0,100,51
9303537.0,94,51
9303554.0,103,49
9303562.0,105,50
9303573.0,92,50
9303630.0,104,53
9303659.0,95,48
9303667.0,95,50
9303693.0,99,47
9303720.0,97,46
9303791.0,99,50
9303795.0,96,48
9303819.0,93,50
9303885.0,101,48
9303898.0,92,50
9303915.0,102,47
9303943.0,92,55
9303944.0,91,51
9303951.0,96,47
9304026.0,105,51
9304029.0,98,50
9304050.0,101,49
9304093.0,99,46
9304093.0,104,52
9304099.0,95,51
9304134.0,104,50
9304157.0,95,48
9304183.0,101,47
9304229.0,103,47
9304323.0,105,50
9304347.0,91,52
9304357.0,104,51
9304426.0,94,51
9304466.0,93,49
9304490.0,101,45
9304536.0,100,48
9304750.0,92,50
9304808.0,96,47
9304926.0,91,51
9304965.0,103,49
9304984.0,103,51
9304997.0,100,47
9305044.0,100,50
9305086.0,105,51
9305122.0,97,46
9305139.0,103,47
9305298.0,91,51
9305314.0,100,52
9305358.0,98,46
9305395.0,102,47
9305463.0,97,50
9305518.0,92,53
9305569.0,102,56
9305586.0,94,52
9305612.0,101,58
9305682.0,92,54
9305693.0,100,53
9305717.0,97,46
9305733.0,97,47
9305739.0,97,48
9305742.0,102,54
9305756.0,104,50
9305766.0,103,55
9305771.0,100,61
9305805.0,100,45
9305840.0,101,52
9305909.0,104,53
9305935.0,100,51
9305960.0,94,50
9305962.0,103,52
9305972.0,104,50
9306072.0,93,49
9306158.0,96,46
9306165.0,95,51
9306168.0,95,52
9306251.0,98,52
9306270.0,101,48
9306285.0,97,46
9306298.0,98,48
9306339.0,92,52
9306533.0,92,50
9306537.0,102,46
9306635.0,102,52
9306702.0,103,50
9306731.0,97,46
9306757.0,102,57
9306810.0,101,50
9306830.0,105,52
9306836.0,104,50
9306912.0,101,46
9306924.0,98,51
9306927.0,99,48
9306930.0,94,50
9306931.0,85,74
9306951.0,93,49
9306962.0,100,51
9306995.0,103,52
9307190.0,91,59
9307214.0,92,55
9307221.0,103,48
9307233.0,95,52
9307259.0,96,49
9307260.0,92,51
9307296.0,92,49
9307419.0,100,46
9307423.0,101,54
9307433.0,102,49
9307475.0,103,52
9307479.0,104,48
9307492.0,80,86
9307516.0,97,51
9307518.0,97,49
9307556.0,100,52
9307579.0,102,46
9307595.0,97,46
9307610.0,103,55
9307612.0,94,50
9307706.0,92,51
9307772.0,103,54
9307828.0,93,51
9307842.0,101,47
9307845.0,104,52
9307870.0,91,59
9307879.0,98,47
9307912.0,56,113
9307922.0,100,52
9307925.0,95,45
9307926.0,98,46
9307939.0,102,45
9308152.0,103,52
9308158.0,102,48
9308197.0,101,53
9308198.0,91,80
9308217.0,105,52
9308249.0,101,49
9308278.0,92,59
9308286.0,99,50
9308339.0,97,47
9308399.0,101,45
9308453.0,94,50
9308511.0,104,48
9308589.0,96,50
9308598.0,98,50
9308621.0,93,60
9308690.0,92,57
9308723.0,101,57
9308878.0,103,51
9308889.0,100,46
9308909.0,93,49
9308985.0,100,51
9308997.0,92,50
9309105.0,101,50
9309133.0,102,53
9309224.0,103,53
9309270.0,104,54
9309286.0,105,51
9309298.0,102,50
9309317.0,102,52
9309348.0,102,55
9309356.0,101,50
9309387.0,97,48
9309425.0,100,54
9309430.0,103,47
9309478.0,98,46
9309504.0,97,45
9309576.0,99,52
9309653.0,97,48
9309693.0,94,53
9309715.0,93,58
9309728.0,100,49
9309748.0,102,58
9309760.0,98,49
9309819.0,101,45
9309892.0,105,53
9309940.0,97,45
9309956.0,94,50
9309964.0,102,49
9310087.0,95,58
9310098.0,104,51
9310106.0,106,51
9310120.0,103,51
9310205.0,98,48
9310215.0,102,47
9310224.0,103,55
9310272.0,104,49
9310295.0,100,50
9310306.0,101,51
9310315.0,99,49
9310427.0,97,50
9310481.0,96,49
9310522.0,94,55
9310564.0,97,48
9310585.0,102,45
9310592.0,102,46
9310647.0,92,51
9310767.0,100,46
9310787.0,105,50
9310817.0,104,48
9310896.0,103,50
9310943.0,101,51
9310964.0,94,49
9311014.0,93,50
9311023.0,100,47
9311033.0,92,51
9311056.0,101,54
9311127.0,98,51
9311201.0,94,59
9311295.0,89,74
9311404.0,106,51
9311442.0,102,54
9311478.0,101,51
9311543.0,96,50
9311590.0,99,50
9311612.0,104,51
9311636.0,103,53
9311636.0,101,50
9311683.0,104,53
9311758.0,87,74
9311763.0,98,47
9311769.0,92,51
9311796.0,98,50
9311836.0,94,49
9311870.0,105,50
9311892.0,91,53
9312005.0,96,50
9312006.0,101,51
9312087.0,87,59
9312096.0,103,53
9312128.0,104,51
9312139.0,102,53
9312163.0,103,51
9312180.0,101,48
9312246.0,106,51
9312334.0,99,47
9312412.0,103,52
9312437.0,92,51
9312454.0,101,52
9312472.0,92,52
9312608.0,94,49
9312694.0,101,51
9312705.0,103,53
9312751.0,104,54
9312861.0,99,48
9312887.0,92,52
9312898.0,104,51
9312915.0,102,48
9312992.0,103,49
9312993.0,101,51
9313068.0,104,52
9313124.0,96,51
9313171.0,98,46
9313196.0,95,59
9313216.0,103,48
9313220.0,103,53
9313295.0,95,51
9313296.0,105,53
9313310.0,101,47
9313330.0,99,51
9313333.0,102,50
9313346.0,93,49
9313370.0,104,48
9313389.0,104,51
9313442.0,98,47
9313500.0,99,46
9313581.0,98,52
9313596.0,98,48
9313623.0,92,53
9313624.0,96,54
9313677.0,106,52
9313724.0,104,50
9313776.0,94,49
9313875.0,100,50
9313990.0,100,48
9313992.0,92,52
9313997.0,103,53
9314066.0,104,49
9314113.0,104,52
9314125.0,102,55
9314140.0,100,49
9314182.0,103,48
9314239.0,101,45
9314259.0,106,51
9314262.0,97,49
9314285.0,105,51
9314295.0,92,52
9314300.0,104,55
9314309.0,103,56
9314312.0,93,49
9314333.0,95,51
9314338.0,98,46
9314363.0,99,46
9314378.0,101,52
9314391.0,93,50
9314499.0,99,50
9314543.0,94,49
9314556.0,102,48
9314558.0,99,49
9314568.0,102,52
9314593.0,97,49
9314606.0,95,50
9314682.0,88,55
9314705.0,95,52
9314724.0,105,52
9314817.0,102,45
9314826.0,101,52
9314826.0,99,47
9314837.0,100,52
9314837.0,93,51
9314869.0,97,45
9314934.0,105,50
9314941.0,96,48
9314973.0,102,50
9315001.0,103,55
9315178.0,103,46
9315253.0,103,52
9315306.0,88,55
9315325.0,103,50
9315339.0,102,50
9315363.0,105,48
9315374.0,101,52
9315398.0,101,51
9315420.0,96,51
9315433.0,93,50
9315447.0,106,52
9315523.0,97,49
9315640.0,101,50
9315683.0,104,52
9315697.0,101,52
9315738.0,96,48
9315740.0,95,50
9315750.0,101,49
9315751.0,64,48
9315843.0,101,46
9315847.0,95,52
9315851.0,103,48
9315893.0,97,49
9315923.0,98,48
9315937.0,102,49
9315998.0,95,51
9316044.0,99,51
9316139.0,102,47
9316253.0,103,53
9316309.0,93,49
9316312.0,105,53
9316320.0,97,49
9316327.0,105,49
9316351.0,103,47
9316367.0,98,65
9316372.0,105,51
9316373.0,96,52
9316377.0,88,83
9316425.0,98,50
9316480.0,99,48
9316521.0,87,83
9316590.0,103,49
9316592.0,93,52
9316637.0,99,46
9316672.0,104,55
9316700.0,97,49
9316809.0,96,53
9316818.0,102,56
9316867.0,105,54
9316904.0,102,57
9316967.0,95,50
9316970.0,102,53
9316977.0,105,48
9316981.0,98,49
9317004.0,104,51
9317017.0,95,49
9317068.0,99,50
9317087.0,101,47
9317115.0,89,83
9317213.0,97,50
9317302.0,100,49
9317330.0,103,57
9317337.0,99,52
9317389.0,98,48
9317467.0,87,83
9317631.0,97,49
9317659.0,105,49
9317762.0,106,51
9317773.0,100,49
9317844.0,104,54
9317891.0,97,51
9317892.0,90,81
9318021.0,98,51
9318071.0,105,51
9318120.0,99,47
9318235.0,100,59
9318253.0,105,54
9318361.0,102,48
9318506.0,106,52
9318534.0,104,48
9318559.0,97,50
9318613.0,104,49
9318698.0,100,47
9318732.0,92,82
9318763.0,101,46
9318945.0,100,48
9319131.0,93,53
9319134.0,93,50
9319142.0,102,46
9319163.0,104,55
9319208.0,102,47
9319216.0,93,49
9319313.0,93,50
9319316.0,103,53
9319376.0,100,46
9319384.0,103,46
9319497.0,93,51
9319587.0,61,56
9319592.0,98,48
9319666.0,99,50
9319673.0,101,49
9319682.0,105,48
9319727.0,97,50
9319728.0,105,50
9319746.0,102,51
9319758.0,99,48
9319811.0,93,51
9319960.0,93,49
9319998.0,99,51
9320037.0,102,51
9320086.0,104,48
9320139.0,93,49
9320159.0,103,56
9320236.0,104,46
9320250.0,93,50
9320448.0,106,53
9320481.0,102,46
9320646.0,103,48
9320700.0,100,46
9320735.0,93,54
9320844.0,99,49
9320927.0,99,47
9320932.0,95,52
9320980.0,102,46
9320984.0,101,70
9321038.0,101,48
9321061.0,103,50
9321083.0,101,52
9321179.0,93,51
9321209.0,100,51
9321370.0,99,47
9321420.0,104,50
9321496.0,103,50
9321548.0,104,47
9321558.0,105,49
9321608.0,102,48
9321778.0,104,52
9321846.0,99,47
9321877.0,103,53
9321894.0,102,52
9321965.0,105,54
9322067.0,98,49
9322077.0,103,47
9322110.0,103,50
9322157.0,102,46
9322178.0,103,54
9322194.0,99,47
9322294.0,95,50
9322326.0,94,50
9322341.0,93,52
9322387.0,105,52
9322536.0,104,47
9322542.0,103,50
9322554.0,94,50
9322601.0,93,53
9322602.0,96,52
9322636.0,104,46
9322655.0,100,46
9322690.0,92,55
9322873.0,105,50
9322975.0,100,50
9323030.0,106,49
9323039.0,102,49
9323045.0,100,48
9323072.0,99,48
9323076.0,100,52
9323118.0,95,49
9323159.0,97,51
9323262.0,103,50
9323284.0,99,49
9323297.0,103,51
9323308.0,102,51
9323319.0,99,51
9323346.0,102,50
9323387.0,91,54
9323405.0,97,51
9323409.0,100,50
9323423.0,105,48
9323449.0,101,50
9323455.0,107,52
9323523.0,103,49
9323618.0,99,47
9323659.0,105,49
9323688.0,103,47
9323725.0,104,55
9323806.0,106,51
9323812.0,104,49
9323902.0,102,46
9323982.0,103,46
9324006.0,103,50
9324023.0,103,48
9324049.0,102,47
9324060.0,100,50
9324090.0,106,49
9324140.0,105,48
9324186.0,102,52
9324252.0,97,50
9324326.0,99,67
9324436.0,96,52
9324444.0,106,52
9324525.0,97,51
9324562.0,102,52
9324564.0,91,54
9324625.0,99,48
9324661.0,102,46
9324784.0,105,51
9324863.0,105,52
9324874.0,107,51
9324899.0,98,49
9324922.0,101,46
9324942.0,99,49
9324990.0,103,46
9325006.0,103,50
9325012.0,106,51
9325077.0,99,50
9325091.0,104,56
9325145.0,106,49
9325187.0,95,60
9325189.0,101,49
9325199.0,96,50
9325205.0,103,50
9325206.0,101,66
9325255.0,95,80
9325398.0,105,52
9325407.0,107,52
9325441.0,94,50
9325479.0,60,60
9325496.0,100,48
9325500.0,100,45
9325529.0,100,47
9325573.0,94,49
9325709.0,104,49
9325727.0,101,49
9325756.0,103,51
9325764.0,101,66
9325774.0,105,55
9325878.0,95,60
9326062.0,102,59
9326116.0,101,47
9326142.0,106,54
9326180.0,93,49
9326187.0,104,46
9326221.0,103,51
9326282.0,101,46
9326299.0,101,49
9326343.0,104,47
9326360.0,103,46
9326393.0,103,52
9326422.0,106,53
9326432.0,105,48
9326485.0,97,51
9326615.0,93,49
9326675.0,99,48
9326741.0,100,51
9326748.0,98,51
9326774.0,103,51
9326785.0,103,57
9326821.0,98,50
9326900.0,95,48
9326905.0,106,51
9326926.0,102,51
9326934.0,96,50
9327144.0,101,49
9327234.0,103,50
9327242.0,104,48
9327272.0,93,55
9327278.0,102,46
9327310.0,94,49
9327324.0,106,50
9327325.0,106,49
9327410.0,104,50
9327543.0,93,53
9327565.0,100,47
9327589.0,96,51
9327802.0,95,47
9327810.0,103,48
9327813.0,105,47
9328097.0,96,50
9328178.0,102,48
9328195.0,107,51
9328220.0,95,80
9328263.0,98,50
9328353.0,93,49
9328459.0,94,50
9328523.0,106,50
9328551.0,102,57
9328591.0,102,49
9328594.0,95,48
9328625.0,95,47
9328669.0,107,51
9328677.0,94,49
9328695.0,105,50
9328699.0,105,46
9328704.0,103,48
9328759.0,99,46
9328789.0,105,47
9328839.0,106,54
9328872.0,93,49
9328899.0,96,51
9328938.0,96,49
9328940.0,100,50
9328956.0,104,46
9328978.0,101,46
9329004.0,99,50
9329095.0,101,47
9329130.0,103,57
9329157.0,104,51
9329164.0,99,46
9329204.0,101,48
9329342.0,99,49
9329511.0,87,73
9329532.0,103,56
9329631.0,105,55
9329768.0,105,47
9329798.0,103,53
9329927.0,106,53
9330016.0,107,51
9330030.0,93,49
9330169.0,96,52
9330212.0,96,49
9330235.0,93,49
9330242.0,104,52
9330272.0,104,46
9330335.0,101,51
9330339.0,105,51
9330411.0,106,49
9330543.0,105,54
9330648.0,107,52
9330663.0,99,49
9330673.0,100,48
9330710.0,104,47
9330730.0,105,53
9330748.0,96,53
9330750.0,102,46
9330868.0,103,52
9330904.0,104,50
9330925.0,97,53
9330956.0,106,54
9331133.0,105,49
9331138.0,105,53
9331144.0,96,50
9331144.0,104,53
9331174.0,101,52
9331214.0,104,56
9331255.0,100,51
9331272.0,103,51
9331284.0,103,52
9331312.0,104,50
9331326.0,96,49
9331379.0,104,49
9331421.0,97,51
9331432.0,101,49
9331534.0,104,46
9331543.0,98,54
9331592.0,102,53
9331688.0,105,47
9331707.0,101,47
9331710.0,101,50
9331720.0,101,58
9331778.0,105,53
9331893.0,94,50
9331939.0,103,54
9331945.0,102,53
9331957.0,95,48
9331968.0,107,53
9332003.0,100,50
9332085.0,98,50
9332107.0,101,48
9332154.0,105,53
9332215.0,101,74
9332244.0,104,50
9332255.0,100,48
9332328.0,103,49
9332401.0,101,73
9332402.0,103,52
9332413.0,100,49
9332602.0,102,53
9332608.0,98,50
9332634.0,105,53
9332804.0,102,47
9333006.0,104,54
9333158.0,104,50
9333235.0,104,48
9333244.0,94,51
9333265.0,106,52
9333280.0,101,47
9333316.0,85,64
9333320.0,106,51
9333508.0,101,73
9333613.0,102,51
9333738.0,96,49
9333802.0,94,50
9333838.0,101,69
9333855.0,102,49
9333876.0,97,52
9333879.0,103,51
9333941.0,102,50
9333955.0,104,51
9334009.0,100,50
9334124.0,97,52
9334280.0,105,48
9334349.0,107,50
9334440.0,93,54
9334606.0,102,46
9334619.0,101,48
9334630.0,106,50
9334724.0,99,50
9334744.0,104,49
9334856.0,99,49
9334912.0,101,47
9335023.0,102,47
9335026.0,102,46
9335103.0,98,51
9335108.0,107,52
9335115.0,103,47
9335170.0,105,49
9335351.0,97,52
9335373.0,100,49
9335410.0,104,46
9335440.0,104,48
9335986.0,104,50
9336146.0,105,47
9336294.0,106,50
9336303.0,107,50
9336442.0,105,50
9336559.0,99,50
9336572.0,103,50
9336622.0,103,48
9336630.0,105,52
9336709.0,102,46
9336843.0,103,49
9336903.0,106,47
9336924.0,97,53
9337056.0,106,49
9337077.0,97,46
9337168.0,100,66
9337409.0,98,46
9337478.0,105,55
9337509.0,99,51
9337519.0,97,46
9337604.0,107,49
9337656.0,104,47
9337697.0,99,66
9337805.0,106,47
9337824.0,104,56
9337832.0,98,51
9337955.0,107,50
9337976.0,100,65
9338033.0,100,49
9338058.0,100,50
9338082.0,104,55
9338093.0,99,50
9338522.0,102,52
9338595.0,105,50
9338694.0,106,54
9338696.0,103,52
9338706.0,101,48
9338865.0,96,52
9338910.0,106,51
9339045.0,106,49
9339070.0,105,48
9339103.0,104,48
9339197.0,106,55
9339203.0,104,51
9339361.0,102,47
9339525.0,104,49
9339608.0,102,48
9339608.0,97,52
9339611.0,106,47
9339637.0,105,51
9339641.0,103,55
9339671.0,105,49
9339804.0,95,48
9339903.0,100,49
9339923.0,101,48
9339965.0,107,50
9340133.0,97,52
9340155.0,105,56
9340160.0,106,48
9340236.0,104,47
9340277.0,101,74
9340468.0,99,50
9340525.0,104,57
9340589.0,96,48
9340673.0,101,49
9340800.0,97,52
9340868.0,105,49
9340882.0,102,47
9340957.0,103,47
9341081.0,95,49
9341205.0,104,57
9341314.0,106,48
9341342.0,106,47
9341346.0,69,51
9341420.0,95,50
9341428.0,98,51
9341453.0,103,50
9341637.0,102,50
9341637.0,104,57
9341638.0,87,80
9341703.0,104,51
9341772.0,98,51
9341850.0,107,51
9341996.0,106,49
9342182.0,69,51
9342184.0,103,53
9342205.0,104,47
9342236.0,108,53
9342283.0,103,49
9342364.0,107,53
9342400.0,107,54
9342401.0,105,52
9342457.0,69,51
9342575.0,105,48
9342586.0,106,49
9342593.0,103,49
9342614.0,104,49
9342637.0,100,67
9342658.0,103,52
9342710.0,104,48
9342719.0,96,48
9342884.0,104,52
9342895.0,105,51
9342985.0,94,50
9343045.0,99,51
9343121.0,105,47
9343175.0,105,51
9343187.0,106,49
9343229.0,103,49
9343478.0,102,49
9343510.0,101,48
9343604.0,106,49
9343627.0,107,49
9343630.0,107,52
9343673.0,100,66
9343904.0,101,48
9343980.0,97,49
9344064.0,105,51
9344147.0,97,50
9344237.0,100,65
9344285.0,107,50
9344367.0,107,49
9344387.0,102,47
9344515.0,95,49
9344690.0,93,49
9344939.0,94,51
9344947.0,101,50
9344991.0,106,48
9345002.0,101,48
9345039.0,104,47
9345091.0,95,48
9345260.0,100,64
9345488.0,101,48
9345506.0,100,51
9345599.0,104,50
9345662.0,103,51
9345665.0,107,49
9345680.0,97,49
9345710.0,105,54
9345717.0,98,51
9345742.0,97,52
9345845.0,95,68
9345900.0,105,50
9346020.0,105,54
9346022.0,95,48
9346135.0,99,50
9346137.0,99,82
9346225.0,105,47
9346230.0,107,49
9346242.0,101,53
9346353.0,99,50
9346495.0,98,51
9346516.0,105,48
9346574.0,100,49
9346607.0,103,47
9346657.0,97,46
9346776.0,102,52
9346790.0,107,52
9346880.0,101,48
9346892.0,106,53
9346948.0,106,50
9346952.0,103,46
9346982.0,97,50
9347102.0,97,46
9347131.0,103,48
9347137.0,106,51
9347159.0,98,51
9347442.0,101,50
9347557.0,103,46
9347586.0,101,72
9347744.0,106,55
9347755.0,106,47
9347871.0,101,48
9347887.0,103,48
9347901.0,105,51
9347980.0,96,48
9348095.0,108,53
9348111.0,98,50
9348258.0,106,48
9348264.0,97,46
9348265.0,101,48
9348367.0,97,51
9348502.0,105,49
9348550.0,102,48
9348594.0,103,46
9348702.0,97,49
9348716.0,106,49
9348829.0,103,47
9348834.0,95,49
9348854.0,101,49
9348935.0,100,50
9349038.0,99,51
9349152.0,105,54
9349252.0,104,54
9349420.0,106,50
9349662.0,107,48
9349695.0,103,46
9350059.0,101,50
9350402.0,102,49
9350757.0,103,52
9350900.0,105,53
9351144.0,102,48
9351350.0,106,47
9351391.0,93,62
9351489.0,102,48
9351530.0,92,75
9351653.0,105,48
9351941.0,100,50
9351952.0,101,51
9352032.0,107,48
9352130.0,101,48
9352194.0,105,50
9352306.0,105,49
9352355.0,101,49
9352581.0,101,48
9352712.0,106,48
9352874.0,103,50
9353214.0,103,48
9353308.0,100,62
9353502.0,101,48
9353580.0,103,47
9353596.0,104,49
9353703.0,99,62
9353720.0,104,47
9353748.0,102,48
9354039.0,105,48
9354401.0,99,62
9355011.0,98,51
9355172.0,101,69
9355509.0,105,55
9355533.0,100,68
9355877.0,102,51
9356606.0,107,51
9356615.0,104,51
9356690.0,97,51
9356716.0,100,51
9356877.0,100,66
9357214.0,99,50
9357246.0,100,50
9357492.0,107,50
9357696.0,104,47
9357965.0,78,89
9358120.0,106,49
9358684.0,107,49
9358688.0,99,50
9359034.0,107,52
9359058.0,107,50
9359079.0,100,63
9359127.0,93,63
9359295.0,101,76
9359721.0,79,89
9359731.0,95,83
9360050.0,105,49
9360107.0,94,64
9360316.0,100,64
9360831.0,106,52
9362698.0,106,48
9362879.0,105,48
9363002.0,106,50
9363006.0,106,49
9363140.0,104,48
9363183.0,107,51
9363242.0,102,50
9363332.0,93,56
9363488.0,93,63
9364305.0,93,55
9364701.0,98,67
9364910.0,99,66
9365304.0,100,68
9365799.0,99,66
9366294.0,101,58
9366644.0,107,49
9366710.0,99,67
9366815.0,101,59
9368671.0,93,55
9368846.0,93,58
9369668.0,94,53
9370137.0,106,49
9370785.0,100,65
9370794.0,79,79
9371009.0,93,64
9371048.0,100,69
9371172.0,97,50
9371225.0,100,65
9372048.0,102,51
9372629.0,64,57
9372705.0,93,54
9372747.0,100,64
9373327.0,94,51
9373600.0,100,65
9373701.0,101,50
9373797.0,93,65
9373937.0,96,80
9373970.0,96,48
9374150.0,97,50
9374170.0,100,73
9374295.0,101,71
9374443.0,94,52
9374653.0,97,50
9374810.0,106,54
9374882.0,107,53
9375080.0,100,50
9375347.0,97,50
9375462.0,107,54
9375464.0,107,48
9375506.0,104,53
9375518.0,94,50
9375561.0,95,49
9375584.0,106,53
9375633.0,107,49
9376052.0,105,47
9376160.0,107,49
9376295.0,107,48
9376342.0,105,48
9376594.0,107,50
9376596.0,107,49
9376715.0,93,53
9376735.0,106,51
9376778.0,104,49
9376783.0,107,51
9376863.0,103,48
9377105.0,107,48
9377118.0,103,50
9377319.0,96,48
9377334.0,107,49
9377351.0,106,48
9377517.0,107,52
9377595.0,107,50
9377628.0,107,48
9377723.0,106,48
9377796.0,99,65
9377890.0,107,49
9378138.0,99,51
9378177.0,101,49
9378353.0,107,49
9378372.0,101,50
9378373.0,107,53
9378736.0,107,51
9378750.0,100,70
9378875.0,97,52
9378884.0,106,47
9379310.0,101,70
9379421.0,105,56
9379468.0,100,50
9379480.0,107,49
9379758.0,101,70
9380424.0,101,51
9380634.0,105,55
9380660.0,99,51
9380673.0,93,53
9380875.0,104,56
9380886.0,93,60
9380941.0,96,52
9381078.0,100,50
9381101.0,72,113
9381141.0,107,50
9381165.0,102,48
9381597.0,71,113
9381621.0,94,50
9381701.0,101,49
9382159.0,103,49
9382173.0,101,52
9382180.0,96,53
9382219.0,101,49
9382248.0,93,61
9382422.0,102,48
9382501.0,94,49
9382734.0,100,50
9382757.0,104,57
9382846.0,101,49
9383129.0,103,50
9383180.0,102,51
9383494.0,96,49
9383627.0,102,48
9383676.0,99,69
9383751.0,97,52
9383756.0,95,48
9383849.0,106,52
9383943.0,94,64
9384294.0,95,60
9384480.0,102,57
9384502.0,96,52
9384506.0,99,69
9384554.0,93,65
9384675.0,106,50
9384676.0,94,71
9384728.0,96,50
9384813.0,102,57
9384884.0,100,52
9384913.0,104,49
9384939.0,100,69
9384964.0,105,51
9385277.0,94,49
9385322.0,96,49
9385431.0,104,48
9385469.0,94,71
9385472.0,103,50
9385502.0,101,70
9385527.0,104,50
9385651.0,101,51
9385785.0,93,54
9385890.0,96,51
9385952.0,105,51
9385996.0,105,55
9386057.0,93,55
9386145.0,97,52
9386242.0,99,65
9386247.0,104,52
9386309.0,94,66
9386370.0,94,50
9386459.0,98,66
9386501.0,107,50
9386618.0,102,49
9386640.0,93,66
9386788.0,104,48
9386791.0,96,50
9386806.0,102,50
9386838.0,104,49
9386879.0,101,50
9386987.0,101,54
9387014.0,98,51
9387037.0,94,49
9387102.0,94,67
9387127.0,102,48
9387180.0,96,53
9387201.0,102,50
9387218.0,101,50
9387243.0,96,49
9387261.0,97,52
9387279.0,89,77
9387381.0,102,52
9387395.0,105,48
9387462.0,99,50
9387829.0,93,53
9387846.0,105,50
9387851.0,100,66
9387899.0,100,58
9387918.0,94,49
9387991.0,100,50
9388067.0,95,68
9388156.0,97,53
9388226.0,106,49
9388234.0,101,52
9388236.0,105,50
9388309.0,106,54
9388330.0,100,49
9388392.0,93,52
9388450.0,105,51
9388539.0,104,49
9388555.0,104,48
9388608.0,101,57
9388665.0,98,51
9388679.0,92,59
9388680.0,99,50
9388732.0,99,52
9388895.0,95,48
9388938.0,96,50
9388954.0,105,48
9389029.0,92,58
9389059.0,96,51
9389172.0,92,57
9389267.0,89,76
9389374.0,95,50
9389380.0,96,51
9389383.0,94,53
9389393.0,92,55
9389404.0,95,51
9389503.0,98,51
9389535.0,100,51
9389547.0,103,53
9389604.0,94,49
9389632.0,98,52
9389636.0,102,56
9389937.0,105,50
9390005.0,101,48
9390072.0,93,51
9390208.0,96,51
9390333.0,95,52
9390334.0,102,58
9390396.0,94,49
9390426.0,99,50
9390430.0,93,52
9390486.0,101,59
9390503.0,91,59
9390664.0,106,49
9390695.0,101,60
9390863.0,96,51
9391114.0,95,53
9391133.0,105,53
9391180.0,98,51
9391455.0,93,51
9391545.0,103,56
9391558.0,95,52
9391581.0,102,57
9391584.0,105,48
9391585.0,106,51
9391605.0,100,49
9391609.0,104,54
9391652.0,99,67
9391691.0,102,50
9391719.0,99,50
9391833.0,104,50
9391841.0,107,52
9391904.0,92,55
9391925.0,94,52
9391927.0,92,56
9392029.0,101,53
9392115.0,95,52
9392143.0,92,59
9392169.0,100,67
9392179.0,107,52
9392268.0,91,80
9392368.0,99,67
9392426.0,106,52
9392491.0,101,50
9392499.0,104,51
9392528.0,100,49
9392531.0,100,53
9392551.0,106,51
9392553.0,96,52
9392582.0,105,55
9392698.0,102,52
9392735.0,95,52
9392747.0,100,50
9392774.0,96,53
9392792.0,93,51
9392801.0,99,67
9392824.0,106,52
9392942.0,97,52
9392957.0,101,50
9392957.0,105,55
9393126.0,104,47
9393253.0,106,53
9393342.0,102,53
9393366.0,105,49
9393373.0,98,63
9393507.0,102,50
9393643.0,102,53
9393679.0,99,50
9393850.0,92,56
9393858.0,98,51
9393966.0,101,49
9394127.0,96,51
9394139.0,95,50
9394147.0,106,51
9394159.0,106,54
9394169.0,105,55
9394241.0,102,50
9394256.0,93,50
9394270.0,95,50
9394274.0,95,53
9394373.0,92,55
9394393.0,105,54
9394403.0,98,52
9394508.0,104,49
9394520.0,100,49
9394580.0,99,69
9394609.0,101,48
9394735.0,98,50
9394827.0,99,69
9394890.0,106,53
9394907.0,104,48
9394921.0,100,51
9394939.0,101,48
9395087.0,103,48
9395110.0,103,49
9395158.0,70,112
9395211.0,95,49
9395236.0,102,47
9395393.0,71,112
9395397.0,93,49
9395462.0,101,51
9395504.0,100,52
9395577.0,95,50
9395596.0,70,112
9395669.0,94,50
9395709.0,95,52
9395726.0,92,53
9395739.0,101,48
9395752.0,93,63
9395758.0,103,52
9395801.0,104,51
9395849.0,102,53
9395890.0,93,50
9395908.0,74,104
9395999.0,96,52
9396011.0,103,49
9396019.0,103,52
9396021.0,102,50
9396027.0,97,49
9396115.0,104,53
9396142.0,92,59
9396170.0,104,48
9396340.0,103,48
9396355.0,92,57
9396513.0,105,48
9396547.0,102,53
9396571.0,103,50
9396640.0,95,50
9396678.0,96,76
9396737.0,99,50
9396757.0,103,50
9396831.0,93,50
9396850.0,104,51
9396877.0,95,51
9396883.0,95,50
9397037.0,102,48
9397092.0,102,53
9397186.0,97,51
9397220.0,104,48
9397301.0,93,49
9397417.0,102,53
9397430.0,95,50
9397449.0,99,51
9397526.0,96,53
9397548.0,98,52
9397636.0,98,50
9397692.0,92,54
9397717.0,104,52
9397806.0,100,52
9397846.0,101,49
9397875.0,105,48
9397904.0,100,53
9397947.0,101,52
9398032.0,105,49
9398039.0,104,52
9398208.0,99,49
9398232.0,103,48
9398236.0,93,68
9398265.0,106,52
9398304.0,93,49
9398308.0,95,51
9398323.0,95,53
9398376.0,94,68
9398443.0,100,53
9398523.0,100,71
9398554.0,96,52
9398607.0,105,50
9398615.0,93,68
9398634.0,104,48
9398659.0,93,50
9398801.0,103,52
9398809.0,100,48
9398833.0,103,50
9398947.0,102,51
9398965.0,98,50
9399010.0,92,53
9399014.0,101,72
9399054.0,92,51
9399074.0,92,55
9399077.0,99,49
9399087.0,101,47
9399097.0,102,49
9399122.0,106,52
9399131.0,94,68
9399164.0,93,75
9399215.0,104,49
9399400.0,101,72
9399455.0,102,53
9399538.0,97,51
9399705.0,101,50
9399716.0,105,48
9399732.0,94,54
9399753.0,99,50
9399797.0,95,53
9399804.0,93,49
9399933.0,104,53
9399945.0,105,49
9400034.0,96,54
9400081.0,99,49
9400248.0,96,52
9400255.0,92,52
9400380.0,92,63
9400533.0,94,52
9400745.0,94,49
9400903.0,97,51
9400904.0,94,53
9400928.0,93,51
9401028.0,92,53
9401072.0,103,55
9401266.0,93,49
9401384.0,99,63
9401492.0,98,50
9401498.0,100,48
9401561.0,104,50
9401579.0,101,54
9401585.0,103,51
9401625.0,99,66
9401637.0,92,52
9401678.0,100,49
9401711.0,101,47
9401747.0,95,53
9401801.0,100,50
9401820.0,102,49
9401847.0,94,49
9401873.0,102,47
9401994.0,104,55
9402106.0,104,50
9402241.0,101,47
9402265.0,103,48
9402282.0,99,51
9402334.0,103,47
9402374.0,96,52
9402418.0,104,52
9402423.0,99,49
9402441.0,100,50
9402457.0,100,48
9402478.0,99,64
9402559.0,101,50
9402576.0,101,48
9402622.0,91,81
9402634.0,93,52
9402634.0,100,67
9402638.0,100,53
9402723.0,98,52
9402725.0,103,55
9402728.0,105,50
9402732.0,92,52
9402815.0,102,49
9402824.0,105,53
9402836.0,102,48
9402863.0,99,53
9402867.0,103,49
9402871.0,97,56
9402879.0,103,48
9403012.0,97,51
9403016.0,92,53
9403024.0,105,53
9403045.0,94,49
9403113.0,91,83
9403137.0,101,47
9403160.0,93,53
9403287.0,101,53
9403415.0,101,55
9403433.0,91,83
9403466.0,105,51
9403613.0,102,56
9403666.0,103,57
9403802.0,104,50
9403822.0,93,50
9403867.0,99,50
9403995.0,92,79
9404032.0,94,53
9404056.0,102,47
9404110.0,94,50
9404122.0,92,50
9404136.0,103,51
9404138.0,102,54
9404165.0,91,55
9404262.0,92,51
9404311.0,94,53
9404380.0,102,52
9404448.0,104,52
9404492.0,99,58
9404492.0,95,58
9404502.0,101,51
9404572.0,104,50
9404576.0,91,79
9404585.0,100,49
9404620.0,90,79
9404629.0,97,52
9404660.0,96,52
9404715.0,102,50
9404788.0,103,48
9404818.0,102,48
9404835.0,93,64
9404847.0,104,53
9404858.0,94,53
9404866.0,99,79
9404893.0,108,53
9404913.0,93,68
9404933.0,105,54
9404935.0,91,57
9404996.0,102,49
9405033.0,91,79
9405077.0,102,47
9405084.0,103,53
9405088.0,103,56
9405148.0,94,53
9405206.0,92,79
9405213.0,108,53
9405225.0,94,50
9405283.0,105,51
9405285.0,103,51
9405293.0,99,48
9405293.0,107,53
9405302.0,98,49
9405308.0,99,67
9405317.0,99,59
9405365.0,92,50
9405441.0,91,56
9405485.0,91,54
9405495.0,98,51
9405535.0,103,53
9405569.0,102,57
9405579.0,93,65
9405587.0,107,53
9405600.0,104,49
9405671.0,100,51
9405703.0,101,56
9405760.0,93,49
9405764.0,99,52
9405765.0,98,50
9405884.0,104,48
9405989.0,105,50
9406062.0,100,52
9406072.0,91,54
9406074.0,103,49
9406080.0,96,51
9406100.0,101,49
9406104.0,100,55
9406136.0,104,55
9406143.0,94,52
9406196.0,92,50
9406248.0,102,52
9406305.0,97,50
9406319.0,101,58
9406435.0,101,57
9406447.0,92,49
9406457.0,105,53
9406489.0,103,52
9406528.0,95,51
9406529.0,92,62
9406541.0,98,49
9406573.0,92,63
9406577.0,94,52
9406580.0,99,68
9406606.0,100,47
9406620.0,99,52
9406627.0,94,51
9406644.0,100,48
9406687.0,94,53
9406816.0,92,51
9406818.0,93,49
9406903.0,95,51
9406942.0,92,50
9407013.0,99,48
9407058.0,91,57
9407103.0,91,55
9407244.0,94,50
9407312.0,99,51
9407317.0,97,50
9407322.0,91,56
9407336.0,91,54
9407359.0,104,50
9407375.0,104,48
9407406.0,104,51
9407440.0,103,50
9407460.0,100,47
9407460.0,91,58
9407681.0,99,69
9407699.0,105,51
9407706.0,94,51
9407717.0,96,51
9407834.0,93,49
9407862.0,103,50
9407887.0,97,52
9407920.0,102,52
9407954.0,99,53
9408008.0,102,48
9408105.0,98,49
9408115.0,93,49
9408141.0,92,74
9408158.0,92,55
9408205.0,95,51
9408235.0,97,50
9408261.0,101,47
9408281.0,92,65
9408378.0,99,48
9408428.0,94,54
9408482.0,105,52
9408505.0,102,50
9408518.0,95,52
9408523.0,105,51
9408574.0,91,56
9408732.0,101,49
9408781.0,99,49
9408791.0,102,49
9408802.0,93,49
9408808.0,95,51
9408819.0,92,50
9408836.0,101,53
9408866.0,91,55
9408868.0,102,50
9408900.0,94,52
9408946.0,99,64
9408997.0,98,61
9409001.0,104,49
9409109.0,96,51
9409114.0,100,47
9409170.0,92,49
9409255.0,105,52
9409309.0,105,51
9409352.0,98,64
9409456.0,101,47
9409493.0,91,54
9409519.0,93,49
9409631.0,105,51
9409649.0,104,52
9409658.0,94,53
9409754.0,95,60
9409774.0,97,50
9409820.0,101,49
9409920.0,93,52
9409932.0,98,50
9409951.0,91,57
9409970.0,105,52
9410031.0,102,51
9410057.0,97,49
9410082.0,102,48
9410105.0,102,57
9410181.0,100,50
9410299.0,105,53
9410312.0,93,49
9410332.0,97,73
9410386.0,101,57
9410407.0,95,52
9410432.0,96,51
9410472.0,100,51
9410507.0,91,59
9410519.0,100,47
9410611.0,99,49
9410688.0,105,52
9410690.0,98,51
9410695.0,101,73
9410697.0,103,50
9410825.0,97,51
9410899.0,95,54
9410990.0,102,57
9411092.0,89,82
9411123.0,93,54
9411142.0,91,60
9411165.0,94,53
9411213.0,101,52
9411221.0,95,52
9411253.0,98,51
9411261.0,100,59
9411279.0,104,55
9411335.0,104,52
9411348.0,101,54
9411359.0,96,52
9411397.0,93,50
9411481.0,101,59
9411554.0,101,58
9411660.0,100,71
9411691.0,100,55
9411717.0,99,51
9411724.0,103,50
9411727.0,101,47
9411750.0,91,53
9411757.0,104,50
9411762.0,92,51
9411846.0,98,53
9411860.0,101,51
9411879.0,93,81
9411892.0,92,56
9411944.0,105,52
9411949.0,98,51
9411957.0,95,52
9412078.0,103,55
9412108.0,92,49
9412134.0,92,50
9412165.0,100,52
9412167.0,96,51
9412169.0,101,58
9412178.0,93,50
9412187.0,93,81
9412194.0,105,49
9412207.0,101,51
9412246.0,103,56
9412275.0,91,50
9412314.0,92,49
9412330.0,101,59
9412350.0,97,50
9412351.0,93,50
9412416.0,45,53
9412443.0,105,52
9412445.0,102,50
9412445.0,97,49
9412458.0,103,49
9412487.0,105,56
9412491.0,100,52
9412494.0,103,56
9412626.0,101,48
9412638.0,98,48
9412738.0,105,56
9412754.0,101,50
9412766.0,95,50
9412794.0,99,47
9412823.0,105,53
9412835.0,99,48
9412872.0,94,53
9412922.0,100,49
9412933.0,91,51
9412947.0,104,52
9412954.0,100,53
9412980.0,103,50
9412991.0,102,51
9413002.0,45,53
9413062.0,95,50
9413073.0,93,50
9413077.0,93,53
9413104.0,102,56
9413113.0,91,52
9413121.0,101,55
9413166.0,101,58
9413220.0,91,50
9413244.0,105,53
9413270.0,53,70
9413271.0,101,48
9413384.0,45,53
9413448.0,101,59
9413457.0,93,50
9413498.0,44,52
9413542.0,103,53
9413550.0,91,53
9413551.0,95,49
9413562.0,98,48
9413573.0,96,50
9413583.0,92,49
9413658.0,101,58
9413722.0,97,63
9413751.0,101,59
9413751.0,91,54
9413846.0,104,50
9413893.0,91,50
9413918.0,99,47
9413949.0,103,50
9413985.0,103,48
9414007.0,102,54
9414010.0,93,51
9414039.0,104,53
9414083.0,104,54
9414158.0,98,64
9414177.0,94,53
9414253.0,91,51
9414281.0,103,54
9414341.0,93,50
9414382.0,101,48
9414406.0,93,51
9414489.0,91,82
9414492.0,98,67
9414538.0,96,50
9414543.0,91,50
9414573.0,102,51
9414582.0,93,50
9414596.0,101,58
9414620.0,97,49
9414655.0,96,53
9414796.0,100,58
9414797.0,91,83
9414824.0,99,50
9414834.0,102,49
9414849.0,98,48
9414881.0,97,51
9414889.0,93,53
9414916.0,87,76
9414923.0,100,55
9414938.0,93,51
9414948.0,103,48
9414993.0,101,55
9415022.0,94,55
9415027.0,100,47
9415086.0,95,52
9415112.0,104,50
9415220.0,104,51
9415225.0,100,49
9415290.0,96,50
9415311.0,93,50
9415419.0,101,51
9415423.0,98,53
9415462.0,97,50
9415485.0,91,82
9415505.0,99,64
9415512.0,91,50
9415528.0,91,83
9415616.0,93,52
9415629.0,101,52
9415632.0,97,49
9415790.0,94,53
9415814.0,95,55
9415834.0,101,58
9415877.0,98,47
9415879.0,99,52
9415893.0,101,48
9415895.0,99,47
9415898.0,104,52
9415906.0,93,54
9415970.0,98,49
9415991.0,100,52
9416018.0,93,50
9416075.0,100,48
9416108.0,95,51
9416177.0,102,53
9416403.0,100,49
9416424.0,92,53
9416438.0,96,50
9416476.0,93,53
9416556.0,102,53
9416627.0,91,51
9416637.0,101,50
9416704.0,92,50
9416737.0,104,50
9416745.0,92,52
9416778.0,101,54
9416873.0,94,60
9416876.0,101,52
9416922.0,92,77
9416957.0,93,50
9416974.0,100,53
9416977.0,99,50
9416994.0,93,53
9417016.0,93,52
9417035.0,99,65
9417046.0,100,59
9417095.0,93,59
9417105.0,100,60
9417237.0,100,47
9417256.0,102,47
9417277.0,91,82
9417285.0,97,52
9417325.0,94,58
9417334.0,91,50
9417355.0,87,84
9417373.0,100,59
9417421.0,105,53
9417464.0,95,51
9417486.0,99,48
9417545.0,93,50
9417658.0,102,53
9417728.0,101,49
9417753.0,91,52
9417754.0,105,49
9417786.0,105,53
9417942.0,102,53
9417954.0,90,57
9417959.0,100,48
9418025.0,101,57
9418041.0,93,51
9418066.0,97,51
9418066.0,92,51
9418099.0,99,48
9418160.0,101,49
9418174.0,103,51
9418199.0,92,50
9418217.0,86,81
9418249.0,95,51
9418250.0,99,50
9418261.0,91,50
9418263.0,100,53
9418289.0,97,51
9418289.0,100,48
9418440.0,85,82
9418605.0,102,49
9418626.0,99,68
9418660.0,93,51
9418680.0,99,49
9418705.0,102,56
9418742.0,101,49
9418816.0,103,52
9418894.0,93,54
9418899.0,96,51
9418935.0,102,52
9418943.0,97,51
9418949.0,95,52
9419084.0,98,47
9419104.0,104,52
9419114.0,101,49
9419120.0,95,51
9419178.0,91,51
9419206.0,97,53
9419220.0,102,50
9419272.0,98,48
9419276.0,93,51
9419425.0,92,50
9419446.0,90,55
9419449.0,94,52
9419485.0,96,50
9419492.0,98,51
9419493.0,100,52
9419630.0,96,61
9419691.0,97,48
9419798.0,101,47
9419820.0,99,53
9419887.0,102,55
9419988.0,90,54
9419995.0,93,57
9419999.0,104,53
9420022.0,99,57
9420060.0,93,51
9420106.0,90,56
9420163.0,92,51
9420210.0,90,53
9420248.0,103,52
9420295.0,95,60
9420322.0,94,52
9420324.0,101,54
9420337.0,98,47
9420425.0,101,50
9420448.0,100,48
9420448.0,102,47
9420560.0,101,55
9420573.0,96,49
9420574.0,98,58
9420602.0,102,48
9420614.0,93,51
9420617.0,104,54
9420636.0,94,54
9420690.0,97,52
9420693.0,100,50
9420761.0,101,47
9420813.0,100,49
9420814.0,93,51
9420839.0,90,57
9420866.0,91,50
9420870.0,99,49
9420875.0,90,52
9421061.0,90,50
9421075.0,100,47
9421101.0,100,48
9421149.0,103,53
9421161.0,104,52
9421203.0,90,51
9421210.0,97,49
9421247.0,95,50
9421275.0,104,54
9421294.0,97,52
9421300.0,97,50
9421362.0,99,47
9421383.0,90,56
9421458.0,99,65
9421485.0,93,66
9421526.0,97,48
9421568.0,99,47
9421570.0,103,53
9421572.0,90,55
9421593.0,100,72
9421618.0,96,49
9421620.0,98,50
9421663.0,91,50
9421674.0,92,51
9421685.0,90,53
9421746.0,90,54
9421759.0,103,52
9421778.0,99,51
9421787.0,100,56
9421830.0,99,72
9421843.0,98,53
9421870.0,98,65
9421873.0,93,53
9421879.0,96,66
9421881.0,99,65
9421930.0,101,47
9421935.0,96,53
9421950.0,102,48
9421956.0,101,51
9421989.0,90,58
9422042.0,98,47
9422099.0,96,51
9422160.0,94,52
9422169.0,90,51
9422237.0,94,59
9422273.0,95,50
9422280.0,99,48
9422297.0,103,53
9422389.0,104,54
9422423.0,99,66
9422530.0,98,51
9422544.0,97,52
9422568.0,90,52
9422611.0,103,53
9422616.0,92,65
9422644.0,99,65
9422672.0,98,53
9422705.0,99,66
9422725.0,99,55
9422733.0,99,49
9422737.0,99,47
9422748.0,101,55
9422754.0,101,52
9422765.0,103,51
9422787.0,90,51
9422813.0,93,65
9422814.0,97,49
9422821.0,104,54
9422882.0,91,50
9422971.0,90,50
9422991.0,90,59
9423026.0,100,51
9423086.0,98,64
9423100.0,90,55
9423103.0,95,50
9423110.0,100,52
9423211.0,94,66
9423214.0,104,52
9423220.0,101,49
9423235.0,97,47
9423299.0,91,56
9423367.0,101,48
9423372.0,93,53
9423400.0,100,73
9423445.0,92,51
9423453.0,90,52
9423493.0,98,50
9423547.0,92,52
9423549.0,99,66
9423593.0,90,57
9423625.0,102,48
9423673.0,99,72
9423676.0,101,57
9423689.0,95,52
9423700.0,98,76
9423711.0,100,47
9423744.0,103,52
9423821.0,99,48
9423862.0,91,62
9423921.0,99,52
9423926.0,95,53
9423979.0,97,52
9424007.0,92,53
9424055.0,99,50
9424057.0,99,47
9424060.0,100,52
9424071.0,100,57
9424080.0,101,54
9424100.0,103,54
9424149.0,94,66
9424164.0,99,52
9424168.0,104,53
9424195.0,93,53
9424208.0,92,54
9424253.0,99,47
9424259.0,102,48
9424261.0,103,50
9424302.0,93,55
9424304.0,93,67
9424324.0,102,53
9424331.0,90,51
9424401.0,97,48
9424417.0,99,50
9424426.0,91,50
9424431.0,103,50
9424524.0,96,50
9424553.0,100,51
9424555.0,104,53
9424577.0,102,51
9424590.0,102,54
9424634.0,97,53
9424641.0,94,51
9424655.0,96,51
9424659.0,91,52
9424664.0,90,58
9424710.0,92,66
9424766.0,96,47
9424785.0,103,51
9424786.0,97,77
9424790.0,92,52
9424803.0,93,66
9424808.0,90,52
9424810.0,90,59
9424810.0,97,51
9424841.0,98,49
9424851.0,99,50
9424852.0,98,50
9424860.0,96,48
9424877.0,100,47
9424882.0,97,47
9424888.0,102,51
9424892.0,100,69
9424904.0,100,51
9424916.0,90,60
9424932.0,102,48
9425037.0,99,50
9425107.0,99,69
9425145.0,101,50
9425208.0,100,53
9425212.0,101,49
9425220.0,90,53
9425245.0,101,47
9425259.0,103,50
9425283.0,97,51
9425289.0,98,54
9425372.0,91,58
9425374.0,96,53
9425399.0,100,59
9425521.0,96,47
9425533.0,92,58
9425535.0,94,51
9425555.0,90,56
9425605.0,99,48
9425753.0,97,51
9425763.0,100,47
9425799.0,93,58
9425811.0,90,51
9425978.0,95,49
9426001.0,90,60
9426048.0,90,50
9426058.0,100,58
9426079.0,97,51
9426095.0,100,59
9426110.0,101,50
9426130.0,84,79
9426158.0,96,48
9426180.0,93,66
9426343.0,93,53
9426380.0,84,80
9426455.0,97,47
9426481.0,99,52
9426513.0,100,49
9426563.0,98,47
9426653.0,100,54
9426674.0,99,53
9426713.0,91,51
9426720.0,101,50
9426789.0,97,54
9426812.0,100,50
9426847.0,99,49
9426875.0,99,48
9426890.0,101,47
9426901.0,98,66
9427007.0,96,52
9427031.0,100,59
9427062.0,96,49
9427067.0,100,48
9427080.0,98,51
9427087.0,91,57
9427091.0,95,53
9427094.0,89,51
9427115.0,95,49
9427124.0,99,59
9427135.0,101,53
9427179.0,98,49
9427213.0,93,59
9427252.0,101,47
9427277.0,95,50
9427553.0,94,51
9427560.0,100,47
9427590.0,91,51
9427744.0,102,52
9427867.0,98,49
9427898.0,101,48
9428023.0,99,66
9428031.0,94,60
9428035.0,100,65
9428107.0,101,56
9428132.0,95,51
9428200.0,91,80
9428205.0,99,60
9428232.0,98,47
9428317.0,99,66
9428323.0,94,50
9428394.0,42,80
9428413.0,93,60
9428508.0,98,52
9428524.0,103,53
9428548.0,95,49
9428558.0,101,47
9428624.0,103,52
9428729.0,102,55
9428732.0,93,85
9428741.0,99,50
9428774.0,93,52
9428802.0,97,47
9428831.0,103,53
9428855.0,101,73
9428866.0,89,52
9428891.0,91,80
9428907.0,90,52
9428927.0,98,53
9428945.0,90,78
9429013.0,98,67
9429021.0,98,48
9429070.0,100,51
9429089.0,98,69
9429117.0,89,51
9429159.0,104,51
9429209.0,93,53
9429219.0,99,61
9429260.0,96,63
9429289.0,54,65
9429298.0,99,50
9429404.0,96,47
9429490.0,95,63
9429510.0,93,61
9429519.0,98,65
9429527.0,54,65
9429590.0,92,54
9429597.0,102,52
9429649.0,93,52
9429649.0,98,69
9429675.0,93,55
9429699.0,98,66
9429703.0,94,50
9429726.0,96,49
9429734.0,101,55
9429743.0,89,52
9429792.0,90,80
9429836.0,104,51
9429857.0,89,51
9429923.0,55,65
9429980.0,91,57
9430001.0,99,47
9430002.0,98,65
9430005.0,95,51
9430054.0,95,53
9430060.0,98,47
9430083.0,102,53
9430115.0,103,50
9430158.0,85,83
9430182.0,98,54
9430187.0,95,63
9430206.0,91,52
9430223.0,55,65
9430254.0,99,69
9430268.0,94,56
9430379.0,98,56
9430397.0,89,56
9430403.0,98,65
9430425.0,96,47
9430449.0,96,52
9430465.0,101,48
9430468.0,102,53
9430496.0,97,50
9430496.0,102,51
9430518.0,103,50
9430525.0,89,53
9430559.0,99,51
9430567.0,92,66
9430603.0,99,47
9430619.0,97,65
9430648.0,103,49
9430659.0,92,54
9430703.0,89,52
9430748.0,99,52
9430802.0,100,51
9430842.0,89,51
9430867.0,95,48
9430882.0,92,65
9430939.0,98,69
9430943.0,93,52
9430955.0,100,49
9430988.0,101,49
9431023.0,98,47
9431048.0,99,67
9431050.0,103,53
9431085.0,89,57
9431108.0,94,50
9431110.0,103,52
9431148.0,100,57
9431149.0,102,53
9431215.0,90,53
9431233.0,100,47
9431296.0,101,56
9431305.0,96,47
9431308.0,99,66
9431309.0,103,49
9431362.0,91,52
9431363.0,90,51
9431393.0,101,53
9431470.0,98,48
9431546.0,89,55
9431629.0,89,53
9431648.0,89,54
9431652.0,93,51
9431679.0,97,49
9431690.0,90,52
9431701.0,97,47
9431716.0,99,47
9431760.0,89,52
9431838.0,98,50
9431853.0,95,48
9431856.0,95,50
9431860.0,101,49
9431911.0,98,69
9431930.0,89,56
9431934.0,102,50
9432032.0,101,75
9432108.0,90,64
9432121.0,103,49
9432139.0,102,54
9432169.0,95,53
9432278.0,102,55
9432295.0,103,54
9432353.0,99,52
9432368.0,91,54
9432375.0,100,50
9432387.0,97,49
9432393.0,96,54
9432419.0,99,56
9432502.0,89,57
9432519.0,97,54
9432524.0,100,47
9432535.0,96,47
9432553.0,102,54
9432606.0,103,49
9432619.0,100,73
9432623.0,94,53
9432627.0,98,48
9432660.0,89,54
9432708.0,101,49
9432711.0,90,51
9432768.0,102,52
9432789.0,89,55
9432795.0,100,69
9432809.0,100,48
9432813.0,99,69
9432816.0,95,49
9432842.0,93,51
9432850.0,97,49
9432862.0,91,53
9432880.0,100,55
9433019.0,97,47
9433022.0,97,49
9433026.0,91,51
9433034.0,103,52
9433089.0,99,50
9433103.0,95,52
9433115.0,98,52
9433136.0,99,55
9433156.0,99,47
9433157.0,104,52
9433194.0,98,69
9433278.0,100,55
9433302.0,100,50
9433359.0,99,50
9433366.0,92,53
9433406.0,101,50
9433424.0,98,69
9433441.0,95,48
9433455.0,99,71
9433473.0,94,51
9433488.0,97,52
9433532.0,97,48
9433537.0,102,54
9433543.0,89,82
9433599.0,93,61
9433613.0,89,58
9433614.0,93,51
9433712.0,98,53
9433726.0,94,49
9433766.0,101,54
9433828.0,99,48
9433846.0,104,52
9433846.0,97,48
9433859.0,100,47
9433892.0,100,56
9433974.0,100,72
9433978.0,102,50
9434020.0,100,51
9434021.0,89,52
9434035.0,97,52
9434045.0,104,48
9434073.0,98,55
9434098.0,101,51
9434106.0,99,71
9434106.0,100,54
9434129.0,97,49
9434269.0,101,52
9434275.0,89,53
9434295.0,93,68
9434345.0,89,57
9434374.0,94,57
9434393.0,97,52
9434396.0,89,56
9434419.0,101,51
9434511.0,93,51
9434530.0,100,52
9434532.0,92,53
9434535.0,99,50
9434552.0,91,53
9434577.0,100,48
9434584.0,89,83
9434598.0,100,57
9434617.0,99,53
9434645.0,97,47
9434659.0,99,59
9434664.0,89,51
9434678.0,90,57
9434702.0,101,48
9434745.0,103,52
9434812.0,94,57
9434825.0,101,52
9434837.0,94,49
9434840.0,92,59
9434851.0,95,47
9434875.0,94,79
9434877.0,95,53
9434894.0,91,60
9434895.0,88,52
9434898.0,98,53
9434947.0,87,52
9434968.0,97,48
9434970.0,98,47
9434972.0,99,49
9434991.0,98,49
9435045.0,98,67
9435050.0,103,52
9435059.0,91,54
9435072.0,89,60
9435079.0,99,54
9435101.0,99,55
9435172.0,88,84
9435197.0,101,48
9435303.0,99,71
9435366.0,99,51
9435449.0,93,50
9435453.0,93,56
9435472.0,89,59
9435482.0,90,52
9435513.0,99,54
9435521.0,90,54
9435534.0,95,49
9435552.0,87,83
9435569.0,103,52
9435584.0,95,52
9435585.0,98,47
9435594.0,97,48
9435617.0,92,60
9435626.0,89,57
9435678.0,94,51
9435706.0,100,49
9435819.0,96,51
9435870.0,99,67
9435916.0,91,58
9436004.0,93,53
9436010.0,99,70
9436050.0,99,54
9436080.0,87,84
9436087.0,93,51
9436089.0,101,48
9436148.0,88,52
9436212.0,89,51
9436269.0,97,48
9436332.0,92,66
9436343.0,103,53
9436352.0,101,52
9436354.0,97,66
9436397.0,102,54
9436402.0,89,58
9436403.0,100,70
9436408.0,98,59
9436434.0,97,53
9436435.0,92,53
9436448.0,99,51
9436479.0,99,54
9436507.0,101,49
9436532.0,101,48
9436537.0,94,52
9436570.0,93,50
9436602.0,91,66
9436603.0,91,64
9436655.0,97,62
9436696.0,90,52
9436697.0,89,59
9436722.0,103,53
9436737.0,97,54
9436769.0,89,51
9436778.0,100,49
9436789.0,94,54
9436814.0,98,47
9436826.0,98,51
9436888.0,92,52
9436921.0,99,58
9436963.0,97,48
9437010.0,98,62
9437026.0,99,47
9437042.0,88,52
9437075.0,92,55
9437114.0,100,55
9437120.0,88,53
9437130.0,95,52
9437190.0,101,51
9437216.0,93,67
9437240.0,95,51
9437256.0,94,50
9437265.0,94,53
9437280.0,94,48
9437383.0,96,50
9437470.0,99,49
9437526.0,89,51
9437530.0,101,49
9437532.0,98,67
9437591.0,95,51
9437619.0,96,47
9437658.0,96,49
9437665.0,101,51
9437723.0,98,65
9437727.0,96,54
9437740.0,100,49
9437762.0,93,51
9437763.0,101,55
9437763.0,99,59
9437781.0,93,50
9437803.0,94,61
9437867.0,93,60
9437924.0,90,58
9437925.0,92,65
9437984.0,92,52
9438020.0,96,65
9438053.0,99,49
9438055.0,95,47
9438056.0,86,79
9438064.0,97,48
9438068.0,93,49
9438082.0,99,67
9438112.0,99,47
9438141.0,91,54
9438162.0,97,64
9438191.0,89,54
9438192.0,89,51
9438275.0,98,55
9438287.0,98,52
9438325.0,89,53
9438358.0,88,53
9438367.0,89,55
9438405.0,97,50
9438417.0,101,50
9438423.0,101,51
9438424.0,94,48
9438491.0,100,56
9438516.0,98,47
9438557.0,92,61
9438557.0,97,65
9438614.0,99,50
9438617.0,85,79
9438665.0,95,51
9438707.0,98,68
9438711.0,96,47
9438718.0,100,68
9438722.0,88,52
9438793.0,95,52
9438815.0,94,49
9438850.0,99,67
9438864.0,97,49
9438883.0,90,59
9438946.0,92,51
9438964.0,99,48
9438967.0,96,65
9439010.0,95,47
9439026.0,92,52
9439047.0,99,49
9439055.0,97,52
9439070.0,100,49
9439077.0,90,55
9439084.0,89,60
9439085.0,101,49
9439145.0,96,47
9439153.0,90,53
9439192.0,92,59
9439197.0,96,48
9439212.0,99,68
9439249.0,90,51
9439287.0,90,54
9439326.0,97,56
9439403.0,88,53
9439418.0,91,54
9439430.0,102,52
9439454.0,97,65
9439467.0,98,50
9439469.0,96,65
9439534.0,99,49
9439537.0,99,47
9439543.0,98,48
9439551.0,96,48
9439609.0,99,67
9439665.0,93,51
9439681.0,102,53
9439723.0,96,49
9439748.0,97,47
9439773.0,99,50
9439801.0,93,53
9439857.0,99,47
9439967.0,101,51
9440092.0,98,53
9440094.0,92,51
9440099.0,95,48
9440117.0,96,47
9440128.0,98,65
9440149.0,89,52
9440222.0,99,67
9440225.0,90,53
9440238.0,101,48
9440392.0,94,47
9440449.0,102,52
9440454.0,90,58
9440461.0,95,51
9440468.0,89,59
9440500.0,93,49
9440520.0,96,51
9440532.0,96,49
9440540.0,98,68
9440552.0,96,48
9440561.0,99,47
9440569.0,88,54
9440591.0,98,69
9440644.0,88,52
9440660.0,96,67
9440674.0,88,53
9440719.0,99,52
9440724.0,96,72
9440788.0,96,66
9440833.0,98,67
9440882.0,97,47
9440909.0,92,51
9440916.0,97,52
9440970.0,99,70
9441002.0,91,54
9441009.0,96,51
9441015.0,101,51
9441023.0,92,72
9441048.0,101,49
9441081.0,89,52
9441104.0,96,72
9441228.0,91,73
9441261.0,97,73
9441301.0,102,49
9441328.0,99,47
9441331.0,99,51
9441332.0,99,52
9441338.0,98,49
9441345.0,89,52
9441387.0,94,73
9441491.0,97,53
9441650.0,101,49
9441652.0,97,47
9441675.0,98,56
9441752.0,97,73
9441827.0,90,54
9441836.0,94,47
9441852.0,92,81
9441865.0,89,81
9441870.0,94,52
9441911.0,99,57
9441949.0,95,47
9441953.0,93,57
9441998.0,98,51
9442004.0,90,77
9442006.0,93,81
9442037.0,89,52
9442047.0,101,50
9442062.0,91,76
9442075.0,89,60
9442118.0,88,54
9442128.0,97,69
9442133.0,92,50
9442156.0,99,49
9442160.0,89,54
9442211.0,90,62
9442233.0,94,50
9442248.0,92,81
9442267.0,100,56
9442279.0,99,71
9442302.0,93,49
9442309.0,96,72
9442317.0,102,52
9442319.0,97,53
9442325.0,86,76
9442337.0,88,55
9442346.0,94,53
9442359.0,87,53
9442367.0,94,57
9442371.0,93,81
9442413.0,98,51
9442417.0,98,54
9442545.0,101,50
9442551.0,93,57
9442556.0,97,55
9442573.0,88,57
9442652.0,101,49
9442657.0,100,70
9442662.0,94,47
9442727.0,101,51
9442773.0,91,53
9442805.0,99,54
9442814.0,90,55
9442830.0,96,48
9442845.0,101,55
9442853.0,98,47
9442865.0,88,52
9442887.0,94,50
9442901.0,93,50
9442911.0,99,49
9442950.0,97,60
9442960.0,93,52
9442967.0,101,49
9442975.0,98,55
9443018.0,101,50
9443025.0,92,50
9443049.0,95,50
9443064.0,95,49
9443066.0,89,82
9443068.0,89,80
9443069.0,95,47
9443232.0,100,52
9443239.0,93,50
9443251.0,93,48
9443353.0,98,61
9443361.0,99,55
9443366.0,97,51
9443392.0,88,58
9443399.0,97,48
9443407.0,91,67
9443419.0,98,68
9443439.0,96,48
9443510.0,101,55
9443518.0,91,51
9443537.0,98,51
9443543.0,88,56
9443544.0,93,61
9443554.0,92,53
9443562.0,92,66
9443578.0,101,50
9443586.0,96,53
9443587.0,90,63
9443619.0,98,60
9443649.0,95,49
9443684.0,100,49
9443687.0,99,59
9443734.0,88,53
9443749.0,86,75
9443763.0,99,58
9443779.0,91,53
9443832.0,88,52
9443861.0,90,54
9443871.0,87,53
9443876.0,88,75
9443881.0,97,47
9443886.0,91,58
9443923.0,92,50
9443930.0,94,47
9443985.0,97,52
9444028.0,98,47
9444038.0,96,54
9444120.0,99,55
9444181.0,98,48
9444197.0,101,55
9444201.0,91,52
9444215.0,93,48
9444227.0,90,55
9444228.0,88,52
9444237.0,99,57
9444240.0,43,101
9444261.0,100,54
9444265.0,70,56
9444301.0,99,59
9444363.0,92,81
9444407.0,100,74
9444461.0,91,51
9444481.0,93,51
9444536.0,98,59
9444544.0,92,69
9444557.0,95,47
9444578.0,96,52
9444593.0,94,52
9444617.0,89,53
9444633.0,92,51
9444655.0,88,52
9444657.0,100,52
9444657.0,100,55
9444694.0,91,53
9444697.0,91,51
9444709.0,91,56
9444713.0,89,51
9444745.0,99,48
9444758.0,95,46
9444785.0,98,69
9444787.0,98,65
9444808.0,94,49
9444827.0,96,47
9444835.0,101,55
9444843.0,91,60
9444865.0,96,50
9444878.0,100,55
9444881.0,95,47
9444934.0,100,51
9444979.0,91,54
9445034.0,89,58
9445042.0,99,68
9445071.0,99,55
9445091.0,99,59
9445093.0,95,46
9445137.0,95,50
9445171.0,93,62
9445171.0,88,52
9445183.0,98,50
9445200.0,100,50
9445209.0,94,51
9445229.0,100,51
9445239.0,97,52
9445244.0,97,68
9445336.0,88,58
9445405.0,87,53
9445416.0,89,62
9445436.0,101,53
9445456.0,100,49
9445508.0,91,52
9445514.0,94,49
9445526.0,98,47
9445557.0,99,55
9445558.0,88,54
9445580.0,93,54
9445696.0,95,50
9445723.0,101,54
9445735.0,89,53
9445772.0,96,47
9445777.0,100,55
9445789.0,99,53
9445821.0,92,60
9445867.0,88,52
9445890.0,97,50
9445891.0,95,50
9445932.0,93,50
9445949.0,101,75
9445989.0,98,47
9446017.0,89,51
9446023.0,95,49
9446054.0,93,49
9446057.0,94,47
9446058.0,99,55
9446120.0,98,50
9446140.0,94,52
9446144.0,88,57
9446255.0,101,51
9446292.0,92,49
9446308.0,99,49
9446332.0,87,54
9446334.0,89,56
9446335.0,93,50
9446363.0,94,50
9446364.0,87,53
9446371.0,99,55
9446447.0,90,55
9446450.0,97,65
9446461.0,100,51
9446574.0,88,52
9446619.0,92,61
9446721.0,90,59
9446741.0,96,47
9446760.0,90,63
9446779.0,91,51
9446789.0,91,56
9446796.0,97,53
9446848.0,96,49
9446892.0,99,56
9446976.0,102,53
9446989.0,100,49
9446996.0,92,49
9446998.0,101,52
9447007.0,90,58
9447043.0,88,58
9447099.0,88,52
9447132.0,97,49
9447141.0,98,66
9447179.0,89,61
9447187.0,93,47
9447210.0,94,51
9447241.0,96,49
9447245.0,100,51
9447341.0,95,48
9447371.0,101,51
9447373.0,87,54
9447374.0,99,52
9447416.0,102,53
9447419.0,98,69
9447440.0,99,55
9447450.0,91,61
9447471.0,94,47
9447493.0,98,51
9447494.0,90,55
9447518.0,97,61
9447588.0,96,61
9447624.0,88,52
9447656.0,98,48
9447671.0,89,55
9447715.0,95,48
9447727.0,93,52
9447755.0,93,53
9447761.0,102,51
9447765.0,98,60
9447804.0,98,49
9447811.0,101,51
9447818.0,102,52
9447827.0,93,50
9447838.0,98,51
9447890.0,99,55
9447892.0,97,51
9447926.0,94,51
9447959.0,91,51
9447966.0,87,54
9447985.0,87,53
9448021.0,99,50
9448044.0,96,53
9448045.0,96,52
9448075.0,99,52
9448095.0,89,54
9448102.0,102,52
9448132.0,101,53
9448142.0,100,51
9448196.0,97,47
9448205.0,90,54
9448210.0,87,55
9448217.0,88,55
9448268.0,95,54
9448269.0,98,57
9448275.0,92,52
9448320.0,100,50
9448329.0,101,51
9448435.0,96,47
9448457.0,88,54
9448482.0,99,50
9448483.0,101,52
9448488.0,92,49
9448503.0,100,52
9448526.0,95,52
9448579.0,88,53
9448586.0,99,71
9448630.0,92,48
9448641.0,96,53
9448712.0,101,51
9448881.0,100,50
9448904.0,101,53
9448905.0,95,50
9448908.0,93,47
9448909.0,98,48
9448917.0,94,54
9448948.0,97,51
9448949.0,89,54
9448957.0,97,58
9448991.0,99,54
9449013.0,99,55
9449061.0,98,54
9449067.0,94,50
9449074.0,96,51
9449081.0,94,47
9449178.0,89,62
9449183.0,98,56
9449196.0,90,54
9449204.0,99,54
9449207.0,95,48
9449217.0,99,69
9449251.0,98,49
9449272.0,87,54
9449278.0,95,50
9449342.0,94,49
9449375.0,89,56
9449392.0,101,51
9449396.0,97,48
9449401.0,91,56
9449404.0,89,57
9449419.0,88,59
9449438.0,94,48
9449512.0,99,51
9449520.0,98,69
9449533.0,88,53
9449633.0,92,48
9449662.0,99,52
9449669.0,87,55
9449674.0,91,50
9449694.0,98,59
9449739.0,98,48
9449786.0,101,53
9449825.0,97,49
9449833.0,95,50
9449843.0,94,50
9449847.0,98,58
9449847.0,88,52
9449885.0,93,53
9449950.0,98,53
9449981.0,93,52
9449988.0,92,57
9450010.0,98,50
9450043.0,100,54
9450105.0,94,49
9450119.0,99,49
9450154.0,95,50
9450177.0,98,48
9450206.0,99,54
9450208.0,92,50
9450223.0,100,55
9450289.0,91,54
9450326.0,97,49
9450475.0,97,47
9450526.0,87,54
9450533.0,86,54
9450544.0,92,48
9450564.0,55,50
9450590.0,93,52
9450603.0,99,56
9450654.0,84,53
9450761.0,100,55
9450773.0,90,54
9450775.0,86,53
9450886.0,90,53
9450947.0,93,54
9450953.0,91,50
9450959.0,97,59
9450991.0,97,65
9451028.0,99,56
9451032.0,95,47
9451038.0,89,55
9451042.0,88,60
9451078.0,98,67
9451089.0,93,62
9451095.0,93,53
9451110.0,95,63
9451133.0,99,50
9451149.0,89,59
9451206.0,100,53
9451282.0,100,55
9451317.0,98,49
9451325.0,87,53
9451351.0,90,59
9451371.0,87,56
9451392.0,97,50
9451418.0,92,56
9451503.0,88,55
9451546.0,84,53
9451587.0,100,55
9451616.0,100,53
9451684.0,94,48
9451693.0,97,55
9451699.0,93,48
9451701.0,99,49
9451741.0,91,60
9451776.0,93,47
9451802.0,89,53
9451808.0,97,54
9451848.0,84,53
9451871.0,96,52
9451912.0,91,63
9451926.0,88,53
9451933.0,94,49
9451976.0,95,47
9451981.0,98,57
9451986.0,90,52
9451989.0,96,48
9452002.0,93,52
9452013.0,94,52
9452017.0,90,53
9452085.0,93,47
9452099.0,87,53
9452111.0,98,58
9452118.0,91,49
9452209.0,99,70
9452217.0,101,52
9452262.0,94,48
9452276.0,90,78
9452290.0,98,53
9452363.0,86,54
9452368.0,87,53
9452390.0,100,74
9452415.0,97,64
9452440.0,87,55
9452481.0,98,59
9452534.0,95,54
9452563.0,96,50
9452602.0,88,54
9452621.0,96,49
9452625.0,99,51
9452634.0,89,55
9452655.0,84,77
9452666.0,87,57
9452737.0,99,49
9452764.0,93,47
9452786.0,100,72
9452788.0,100,53
9452835.0,91,52
9452870.0,97,49
9452881.0,93,52
9452902.0,91,49
9452906.0,90,52
9452938.0,89,56
9452962.0,98,69
9452975.0,99,50
9452987.0,87,54
9453001.0,99,55
9453015.0,87,53
9453019.0,92,62
9453020.0,96,69
9453039.0,96,47
9453040.0,93,47
9453044.0,92,53
9453075.0,98,53
9453092.0,89,55
9453185.0,97,67
9453283.0,86,54
9453298.0,97,56
9453304.0,99,51
9453334.0,92,68
9453340.0,85,77
9453355.0,97,54
9453365.0,100,53
9453397.0,91,67
9453470.0,90,51
9453482.0,88,54
9453487.0,91,68
9453496.0,98,57
9453529.0,97,47
9453555.0,97,55
9453574.0,98,52
9453590.0,88,57
9453609.0,88,56
9453619.0,96,54
9453627.0,96,55
9453641.0,94,68
9453709.0,97,49
9453719.0,95,47
9453744.0,93,51
9453756.0,92,49
9453758.0,97,51
9453842.0,94,51
9453864.0,91,61
9453892.0,92,55
9453953.0,89,56
9453975.0,91,77
9453984.0,96,47
9454004.0,100,51
9454073.0,93,68
9454128.0,90,55
9454136.0,98,60
9454181.0,98,51
9454222.0,89,56
9454247.0,96,55
9454256.0,91,49
9454274.0,98,67
9454278.0,90,60
9454291.0,95,52
9454402.0,87,55
9454448.0,94,48
9454461.0,88,60
9454475.0,93,49
9454484.0,92,66
9454517.0,97,67
9454518.0,99,53
9454532.0,92,48
9454534.0,90,51
9454542.0,91,48
9454545.0,98,51
9454577.0,90,52
9454611.0,86,54
9454623.0,91,57
9454648.0,93,68
9454651.0,89,57
9454686.0,93,48
9454727.0,93,54
9454784.0,88,54
9454803.0,92,54
9454886.0,98,53
9454929.0,95,57
9454930.0,86,53
9454940.0,96,51
9454950.0,97,47
9454950.0,96,55
9455047.0,96,48
9455051.0,92,61
9455090.0,95,67
9455109.0,87,57
9455152.0,91,48
9455226.0,100,51
9455238.0,95,51
9455243.0,96,47
9455255.0,100,52
9455277.0,90,64
9455306.0,95,53
9455322.0,87,58
9455323.0,86,55
9455382.0,98,69
9455444.0,91,50
9455458.0,99,56
9455469.0,88,56
9455585.0,98,52
9455650.0,94,55
9455654.0,94,47
9455684.0,96,48
9455703.0,91,52
9455715.0,93,48
9455716.0,91,48
9455749.0,97,47
9455802.0,92,67
9455823.0,88,58
9455830.0,98,51
9455863.0,97,54
9455920.0,97,53
9455921.0,95,53
9455985.0,97,66
9455990.0,91,51
9456054.0,86,54
9456103.0,97,69
9456105.0,95,56
9456118.0,98,56
9456126.0,94,56
9456162.0,96,51
9456178.0,90,50
9456202.0,91,51
9456236.0,91,60
9456288.0,89,59
9456291.0,91,54
9456292.0,96,53
9456296.0,96,48
9456314.0,89,55
9456349.0,97,49
9456407.0,94,47
9456422.0,86,55
9456477.0,92,52
9456526.0,91,67
9456561.0,90,65
9456575.0,93,62
9456635.0,88,55
9456664.0,92,67
9456668.0,95,50
9456732.0,99,55
9456756.0,98,55
9456798.0,88,57
9456811.0,91,66
9456836.0,97,67
9456837.0,98,52
9456838.0,96,50
9456850.0,87,54
9456884.0,97,47
9456900.0,96,48
9457061.0,90,50
9457071.0,95,52
9457105.0,92,68
9457113.0,92,52
9457115.0,98,49
9457121.0,91,67
9457124.0,89,53
9457126.0,87,55
9457152.0,94,47
9457191.0,92,51
9457211.0,99,54
9457238.0,98,54
9457285.0,99,55
9457329.0,93,68
9457346.0,92,67
9457423.0,89,56
9457519.0,95,49
9457552.0,93,49
9457561.0,88,59
9457604.0,93,68
9457663.0,92,68
9457677.0,89,54
9457756.0,88,55
9457866.0,98,50
9457869.0,91,49
9457875.0,90,52
9457924.0,96,50
9457942.0,87,58
9457949.0,89,55
9457962.0,91,57
9457978.0,92,50
9457988.0,91,67
9457999.0,95,50
9458031.0,91,48
9458044.0,98,51
9458051.0,90,49
9458088.0,95,52
9458111.0,90,52
9458113.0,86,55
9458133.0,95,47
9458148.0,92,58
9458153.0,91,55
9458158.0,87,56
9458160.0,91,49
9458187.0,86,56
9458250.0,98,49
9458260.0,101,50
9458316.0,87,59
9458316.0,93,49
9458335.0,91,57
9458362.0,87,60
9458415.0,89,60
9458475.0,98,66
9458490.0,93,52
9458524.0,87,54
9458576.0,89,54
9458581.0,97,68
9458582.0,95,48
9458587.0,89,53
9458614.0,96,49
9458703.0,89,52
9458712.0,91,49
9458782.0,96,51
9458788.0,94,47
9458792.0,98,51
9458849.0,90,49
9458886.0,97,53
9458931.0,91,69
9458940.0,90,60
9458947.0,99,53
9458949.0,91,57
9458962.0,99,55
9458984.0,97,61
9458993.0,93,48
9459003.0,91,49
9459021.0,89,55
9459066.0,87,55
9459080.0,94,53
9459098.0,87,53
9459103.0,92,68
9459155.0,97,57
9459166.0,98,53
9459200.0,91,57
9459201.0,88,55
9459213.0,95,47
9459245.0,97,67
9459294.0,87,59
9459296.0,99,54
9459323.0,99,67
9459399.0,97,52
9459402.0,95,49
9459421.0,99,53
9459508.0,91,69
9459539.0,92,48
9459571.0,98,67
9459578.0,92,52
9459580.0,97,65
9459587.0,99,55
9459599.0,91,48
9459655.0,96,49
9459711.0,95,48
9459737.0,98,52
9459751.0,89,52
9459757.0,91,57
9459776.0,86,55
9459780.0,98,56
9459810.0,96,56
9459825.0,91,49
9459840.0,86,54
9459851.0,94,52
9459859.0,97,52
9459861.0,89,53
9459888.0,92,49
9459922.0,96,54
9459925.0,96,55
9459943.0,93,48
9459964.0,85,55
9459979.0,90,49
9459990.0,90,57
9460034.0,92,51
9460047.0,95,51
9460056.0,99,52
9460065.0,92,62
9460077.0,92,63
9460089.0,91,57
9460092.0,99,69
9460104.0,86,56
9460110.0,98,56
9460120.0,89,51
9460160.0,97,53
9460178.0,91,49
9460232.0,92,68
9460268.0,87,54
9460272.0,99,53
9460307.0,96,69
9460392.0,90,48
9460410.0,98,68
9460432.0,94,54
9460515.0,99,51
9460525.0,92,53
9460579.0,99,55
9460633.0,87,55
9460664.0,98,62
9460668.0,98,55
9460671.0,97,60
9460677.0,87,54
9460690.0,90,61
9460699.0,86,54
9460716.0,99,69
9460782.0,85,55
9460810.0,88,56
9460812.0,87,55
9460829.0,86,57
9460831.0,97,51
9460848.0,97,58
9460921.0,99,55
9460943.0,88,57
9460989.0,89,51
9461046.0,87,56
9461070.0,92,48
9461179.0,99,70
9461187.0,95,51
9461229.0,91,53
9461242.0,96,55
9461259.0,87,55
9461262.0,88,62
9461282.0,97,57
9461332.0,90,48
9461342.0,92,48
9461352.0,93,47
9461379.0,97,68
9461500.0,97,51
9461510.0,87,60
9461529.0,95,53
9461568.0,99,51
9461652.0,92,50
9461713.0,99,72
9461733.0,94,53
9461738.0,89,60
9461909.0,85,55
9461942.0,99,52
9461965.0,97,61
9461999.0,99,69
9462071.0,95,50
9462087.0,91,58
9462122.0,93,47
9462163.0,90,48
9462184.0,97,52
9462191.0,94,51
9462221.0,97,55
9462254.0,99,55
9462308.0,87,57
9462328.0,87,55
9462361.0,91,54
9462384.0,98,51
9462397.0,85,55
9462410.0,94,47
9462425.0,91,51
9462462.0,92,48
9462464.0,98,70
9462481.0,94,50
9462499.0,95,55
9462500.0,97,59
9462505.0,96,54
9462530.0,99,55
9462538.0,99,82
9462540.0,88,56
9462541.0,95,48
9462562.0,87,55
9462585.0,90,60
9462592.0,91,48
9462610.0,88,58
9462628.0,99,69
9462644.0,93,47
9462660.0,95,56
9462667.0,97,50
9462676.0,86,57
9462692.0,91,51
9462731.0,97,56
9462749.0,97,57
9462770.0,86,54
9462809.0,90,57
9462809.0,97,48
9462820.0,90,48
9462839.0,92,49
9462847.0,89,50
9462883.0,97,60
9462885.0,97,49
9462911.0,99,52
9462912.0,99,82
9462944.0,97,50
9462982.0,88,60
9463028.0,98,49
9463055.0,92,48
9463058.0,94,49
9463076.0,88,57
9463094.0,91,74
9463109.0,90,57
9463112.0,99,51
9463134.0,86,56
9463144.0,97,56
9463246.0,97,58
9463261.0,97,48
9463278.0,97,51
9463294.0,95,49
9463302.0,87,60
9463302.0,89,49
9463311.0,96,49
9463325.0,87,55
9463346.0,95,47
9463355.0,95,52
9463391.0,97,49
9463413.0,94,52
9463424.0,91,48
9463431.0,90,55
9463474.0,95,50
9463489.0,90,50
9463492.0,94,55
9463546.0,92,49
9463573.0,97,58
9463576.0,90,51
9463630.0,87,55
9463708.0,97,49
9463732.0,85,56
9463745.0,87,56
9463749.0,97,50
9463766.0,90,67
9463774.0,97,65
9463786.0,100,50
9463792.0,98,54
9463923.0,97,56
9463936.0,89,50
9463945.0,90,50
9463980.0,94,50
9463994.0,97,50
9464022.0,95,48
9464038.0,96,54
9464040.0,99,52
9464040.0,91,51
9464047.0,98,49
9464068.0,91,50
9464106.0,97,57
9464118.0,92,50
9464133.0,91,61
9464137.0,97,49
9464138.0,95,49
9464183.0,94,47
9464232.0,94,49
9464236.0,89,57
9464242.0,99,75
9464258.0,91,49
9464274.0,94,48
9464279.0,89,75
9464296.0,91,54
9464336.0,100,50
9464342.0,92,48
9464347.0,86,58
9464392.0,89,49
9464405.0,97,60
9464408.0,99,52
9464439.0,87,61
9464441.0,91,48
9464450.0,97,51
9464459.0,92,64
9464461.0,97,49
9464466.0,98,68
9464514.0,97,68
9464555.0,87,55
9464565.0,96,52
9464578.0,88,56
9464578.0,88,53
9464586.0,91,50
9464608.0,97,58
9464644.0,88,62
9464653.0,94,49
9464666.0,90,52
9464687.0,90,62
9464705.0,85,55
9464712.0,88,55
9464754.0,91,58
9464759.0,96,47
9464759.0,87,55
9464778.0,85,56
9464804.0,93,56
9464840.0,94,52
9464849.0,99,67
9464869.0,97,59
9464907.0,90,50
9464910.0,88,54
9464948.0,92,49
9465024.0,87,58
9465092.0,88,59
9465114.0,91,55
9465151.0,92,48
9465197.0,85,79
9465227.0,95,50
9465239.0,97,49
9465240.0,89,49
9465244.0,88,57
9465250.0,86,55
9465280.0,95,54
9465353.0,87,55
9465362.0,90,52
9465422.0,87,57
9465442.0,91,49
9465460.0,88,57
9465523.0,90,50
9465527.0,87,55
9465533.0,98,53
9465576.0,85,56
9465601.0,93,63
9465606.0,91,67
9465652.0,88,56
9465663.0,86,56
9465722.0,94,51
9465723.0,91,49
9465744.0,94,47
9465802.0,97,58
9465830.0,96,53
9465835.0,91,51
9465851.0,94,49
9465874.0,87,56
9465880.0,93,53
9465899.0,90,58
9465912.0,88,53
9465916.0,90,61
9465929.0,88,55
9465988.0,88,52
9465996.0,92,47
9466007.0,95,49
9466042.0,92,55
9466067.0,94,47
9466069.0,99,69
9466138.0,99,67
9466164.0,91,68
9466195.0,95,51
9466222.0,98,70
9466273.0,89,49
9466275.0,94,50
9466279.0,86,55
9466356.0,97,56
9466441.0,98,73
9466474.0,88,52
9466495.0,88,54
9466586.0,90,50
9466629.0,95,48
9466645.0,96,51
9466653.0,94,51
9466674.0,95,51
9466674.0,94,49
9466690.0,93,52
9466698.0,92,47
9466707.0,97,50
9466711.0,90,49
9466727.0,88,52
9466782.0,89,49
9466793.0,96,56
9466832.0,87,56
9466848.0,98,51
9466858.0,88,51
9466916.0,88,55
9466927.0,91,62
9466967.0,96,49
9466968.0,93,47
9466982.0,97,53
9467093.0,99,69
9467106.0,98,56
9467110.0,98,52
9467114.0,85,57
9467139.0,90,48
9467187.0,88,60
9467192.0,89,49
9467231.0,92,49
9467297.0,93,47
9467331.0,85,55
9467335.0,85,56
9467382.0,95,55
9467399.0,94,56
9467455.0,96,50
9467460.0,89,61
9467475.0,91,69
9467484.0,86,57
9467506.0,92,70
9467508.0,92,49
9467601.0,91,50
9467610.0,93,51
9467663.0,94,50
9467680.0,93,49
9467686.0,89,53
9467717.0,97,55
9467734.0,92,63
9467747.0,92,47
9467752.0,95,54
9467781.0,89,51
9467782.0,99,70
9467787.0,97,50
9467790.0,88,51
9467842.0,96,50
9467925.0,92,70
9467939.0,91,55
9467955.0,98,56
9468041.0,90,53
9468063.0,86,56
9468072.0,88,56
9468080.0,86,55
9468084.0,96,49
9468092.0,93,69
9468099.0,85,55
9468100.0,91,53
9468124.0,98,72
9468180.0,87,59
9468186.0,99,72
9468250.0,93,50
9468270.0,99,70
9468278.0,87,55
9468369.0,87,56
9468383.0,89,59
9468390.0,84,56
9468427.0,90,54
9468460.0,94,49
9468496.0,85,57
9468539.0,95,55
9468572.0,90,48
9468643.0,95,56
9468645.0,92,48
9468673.0,93,53
9468694.0,95,53
9468779.0,88,50
9468803.0,87,55
9468810.0,91,49
9468845.0,96,50
9468867.0,98,51
9468884.0,88,61
9468957.0,93,71
9468965.0,99,70
9468996.0,94,49
9469009.0,96,51
9469035.0,96,52
9469069.0,93,54
9469081.0,100,73
9469136.0,91,48
9469174.0,92,56
9469233.0,91,55
9469233.0,93,49
9469251.0,95,54
9469262.0,97,57
9469274.0,88,51
9469310.0,90,53
9469327.0,98,51
9469334.0,87,55
9469397.0,85,56
9469415.0,90,52
9469418.0,90,49
9469419.0,93,55
9469437.0,98,70
9469446.0,105,53
9469465.0,61,57
9469471.0,60,57
9469473.0,85,55
9469474.0,93,49
9469478.0,86,57
9469513.0,96,66
9469520.0,92,55
9469526.0,93,52
9469572.0,96,65
9469599.0,96,50
9469614.0,85,58
9469636.0,93,48
9469642.0,90,53
9469655.0,89,60
9469676.0,61,57
9469682.0,87,55
9469707.0,87,58
9469737.0,84,56
9469747.0,97,65
9469759.0,89,61
9469773.0,90,51
9469848.0,96,51
9469865.0,88,50
9469868.0,91,67
9469925.0,95,64
9469942.0,85,76
9469944.0,105,53
9470020.0,85,57
9470021.0,96,55
9470050.0,93,57
9470217.0,98,68
9470229.0,93,47
9470251.0,94,57
9470267.0,96,57
9470297.0,88,49
9470355.0,90,49
9470411.0,89,62
9470459.0,87,62
9470480.0,92,70
9470505.0,90,65
9470515.0,97,65
9470521.0,86,56
9470528.0,85,76
9470545.0,97,54
9470579.0,97,69
9470589.0,92,49
9470613.0,90,62
9470646.0,84,56
9470665.0,95,52
9470667.0,95,67
9470695.0,96,49
9470697.0,93,47
9470700.0,87,57
9470797.0,97,70
9470874.0,90,55
9470940.0,86,58
9471018.0,85,58
9471039.0,97,65
9471040.0,88,49
9471158.0,90,52
9471177.0,92,47
9471209.0,91,48
9471223.0,97,53
9471229.0,93,51
9471269.0,90,63
9471278.0,97,50
9471287.0,96,49
9471296.0,84,56
9471297.0,90,72
9471341.0,86,56
9471420.0,95,53
9471434.0,89,49
9471453.0,96,50
9471497.0,88,61
9471509.0,87,54
9471539.0,95,51
9471544.0,90,56
9471553.0,95,48
9471578.0,85,71
9471631.0,89,62
9471642.0,87,61
9471651.0,94,49
9471661.0,101,50
9471672.0,88,49
9471703.0,85,57
9471753.0,90,54
9471770.0,88,51
9471805.0,90,53
9471821.0,98,51
9471905.0,96,56
9471936.0,85,55
9471937.0,87,55
9471942.0,90,51
9471974.0,93,51
9471990.0,86,57
9472023.0,90,50
9472029.0,96,57
9472135.0,93,48
9472140.0,93,85
9472142.0,87,53
9472150.0,92,52
9472180.0,91,62
9472184.0,96,50
9472190.0,87,56
9472213.0,92,53
9472225.0,95,53
9472253.0,94,56
9472259.0,101,49
9472283.0,92,54
9472287.0,93,47
9472287.0,97,66
9472290.0,92,47
9472361.0,98,51
9472380.0,95,49
9472418.0,84,57
9472454.0,101,50
9472457.0,97,52
9472464.0,96,57
9472473.0,97,53
9472476.0,96,63
9472478.0,89,62
9472534.0,86,79
9472541.0,85,57
9472542.0,90,50
9472564.0,87,59
9472568.0,96,58
9472583.0,95,56
9472609.0,96,64
9472628.0,97,62
9472632.0,93,50
9472655.0,95,50
9472661.0,97,51
9472663.0,93,64
9472754.0,87,52
9472757.0,94,66
9472765.0,94,54
9472769.0,92,50
9472838.0,91,64
9472898.0,93,49
9472898.0,97,66
9472931.0,95,50
9473007.0,96,51
9473119.0,90,51
9473165.0,97,62
9473173.0,87,54
9473216.0,91,47
9473229.0,85,56
9473248.0,101,49
9473256.0,87,55
9473283.0,86,58
9473287.0,87,60
9473369.0,96,57
9473376.0,89,56
9473443.0,84,57
9473460.0,92,51
9473489.0,94,53
9473505.0,96,59
9473527.0,95,49
9473536.0,96,55
9473544.0,96,54
9473559.0,95,53
9473560.0,90,55
9473580.0,89,49
9473635.0,86,59
9473648.0,90,49
9473660.0,92,48
9473688.0,93,49
9473699.0,97,55
9473724.0,90,50
9473732.0,90,48
9473746.0,87,55
9473752.0,96,55
9473785.0,87,51
9473795.0,86,60
9473826.0,90,83
9473857.0,95,52
9473864.0,95,50
9473911.0,91,51
9473915.0,87,56
9473923.0,85,57
9473961.0,88,57
9473989.0,87,55
9473995.0,92,49
9474009.0,86,56
9474018.0,95,49
9474029.0,93,52
9474047.0,101,49
9474057.0,87,50
9474075.0,96,60
9474077.0,90,61
9474256.0,91,48
9474342.0,85,56
9474357.0,32,69
9474374.0,87,58
9474375.0,86,56
9474383.0,95,50
9474433.0,96,58
9474448.0,89,49
9474449.0,90,49
9474474.0,85,58
9474493.0,96,56
9474513.0,87,52
9474536.0,85,59
9474540.0,97,55
9474566.0,92,53
9474570.0,96,55
9474590.0,97,58
9474607.0,84,56
9474680.0,97,51
9474730.0,92,54
9474809.0,95,51
9474837.0,90,48
9474837.0,94,54
9474852.0,92,48
9474898.0,88,61
9474919.0,84,57
9474965.0,94,50
9474981.0,89,52
9475002.0,95,52
9475011.0,87,49
9475018.0,87,51
9475078.0,87,50
9475093.0,94,55
9475099.0,92,50
9475109.0,89,58
9475110.0,97,58
9475134.0,87,57
9475139.0,89,54
9475152.0,85,57
9475187.0,100,48
9475283.0,96,61
9475332.0,94,52
9475396.0,92,52
9475476.0,89,50
9475504.0,86,57
9475526.0,84,57
9475535.0,88,58
9475567.0,94,53
9475605.0,96,50
9475640.0,90,48
9475665.0,90,63
9475671.0,87,61
9475676.0,84,58
9475706.0,84,56
9475754.0,96,59
9475784.0,85,56
9475800.0,87,59
9475809.0,91,54
9475834.0,92,62
9475848.0,100,48
9475848.0,87,56
9475855.0,86,61
9475877.0,95,51
9475958.0,89,55
9475973.0,85,59
9476043.0,94,51
9476050.0,95,50
9476112.0,84,56
9476203.0,98,75
9476217.0,90,48
9476288.0,94,55
9476305.0,89,55
9476371.0,100,73
9476382.0,87,50
9476386.0,94,49
9476386.0,97,58
9476395.0,88,60
9476403.0,94,56
9476407.0,85,58
9476414.0,97,50
9476453.0,85,56
9476457.0,86,58
9476469.0,89,52
9476584.0,96,60
9476597.0,87,49
9476602.0,89,62
9476618.0,95,62
9476743.0,96,50
9476776.0,94,50
9476787.0,95,50
9476825.0,94,54
9476826.0,89,53
9476888.0,93,49
9476893.0,97,50
9476935.0,84,56
9476971.0,88,49
9476975.0,88,64
9477014.0,96,55
9477033.0,88,63
9477041.0,89,55
9477054.0,97,58
9477062.0,96,65
9477103.0,92,55
9477119.0,97,54
9477150.0,89,49
9477158.0,86,57
9477195.0,92,50
9477214.0,89,64
9477218.0,93,56
9477263.0,97,66
9477265.0,96,62
9477283.0,95,62
9477329.0,92,51
9477377.0,92,63
9477407.0,96,53
9477423.0,94,49
9477439.0,83,57
9477463.0,97,62
9477500.0,95,62
9477502.0,94,52
9477513.0,85,58
9477534.0,95,50
9477540.0,93,55
9477553.0,94,48
9477560.0,89,61
9477568.0,94,51
9477568.0,95,68
9477582.0,96,55
9477588.0,92,60
9477633.0,91,56
9477657.0,92,49
9477711.0,96,62
9477813.0,91,48
9477835.0,97,66
9477850.0,88,49
9477913.0,84,58
9477920.0,91,59
9477942.0,99,71
9477993.0,96,51
9478018.0,96,66
9478022.0,97,62
9478050.0,89,52
9478055.0,95,56
9478142.0,89,49
9478160.0,97,60
9478199.0,87,49
9478218.0,88,56
9478222.0,92,49
9478246.0,92,64
9478274.0,86,59
9478276.0,91,47
9478280.0,96,67
9478362.0,94,53
9478491.0,86,50
9478506.0,99,70
9478539.0,89,50
9478549.0,91,50
9478570.0,96,52
9478593.0,96,61
9478636.0,93,55
9478640.0,89,48
9478643.0,86,54
9478652.0,94,50
9478680.0,91,48
9478680.0,94,48
9478692.0,96,63
9478693.0,92,54
9478704.0,93,50
9478710.0,90,63
9478725.0,85,58
9478727.0,96,53
9478728.0,85,60
9478733.0,91,49
9478758.0,89,55
9478762.0,97,62
9478842.0,88,54
9478848.0,84,57
9478858.0,87,57
9478897.0,91,53
9478899.0,96,50
9478902.0,91,54
9478946.0,92,49
9478976.0,88,49
9478994.0,89,51
9478999.0,91,50
9479020.0,96,60
9479042.0,90,48
9479056.0,94,50
9479059.0,91,48
9479059.0,87,58
9479147.0,86,53
9479162.0,97,62
9479195.0,91,51
9479207.0,91,49
9479222.0,96,63
9479244.0,85,57
9479263.0,89,54
9479283.0,96,59
9479283.0,96,51
9479310.0,92,50
9479314.0,90,62
9479317.0,92,48
9479324.0,89,62
9479328.0,86,52
9479354.0,90,59
9479375.0,86,51
9479489.0,93,54
9479547.0,91,51
9479578.0,94,63
9479599.0,68,57
9479604.0,84,58
9479632.0,89,48
9479633.0,91,52
9479712.0,94,51
9479752.0,95,55
9479763.0,91,63
9479766.0,86,54
9479799.0,89,49
9479817.0,88,52
9479859.0,91,48
9479865.0,88,62
9479871.0,95,57
9479906.0,98,49
9479919.0,92,52
9479935.0,94,56
9479937.0,68,57
9479942.0,89,63
9479978.0,91,49
9480044.0,86,60
9480047.0,97,48
9480059.0,87,50
9480064.0,89,57
9480075.0,94,53
9480104.0,95,57
9480111.0,87,49
9480138.0,86,51
9480144.0,91,49
9480149.0,94,52
9480182.0,87,61
9480186.0,89,49
9480194.0,88,50
9480258.0,91,48
9480324.0,91,53
9480341.0,86,50
9480348.0,86,58
9480351.0,89,48
9480354.0,86,55
9480462.0,98,49
9480508.0,91,51
9480532.0,85,57
9480548.0,89,49
9480576.0,87,55
9480578.0,95,56
9480588.0,92,52
9480590.0,96,62
9480638.0,86,56
9480684.0,91,50
9480699.0,91,64
9480706.0,94,51
9480712.0,97,48
9480731.0,84,58
9480749.0,87,63
9480749.0,97,62
9480750.0,95,51
9480751.0,88,61
9480777.0,83,58
9480800.0,87,59
9480809.0,85,60
9480814.0,94,50
9480817.0,85,58
9480874.0,95,57
9480912.0,91,48
9480924.0,93,53
9480941.0,86,61
9480951.0,95,50
9480978.0,91,51
9480981.0,85,57
9480987.0,96,62
9481001.0,96,48
9481014.0,93,49
9481059.0,89,48
9481063.0,97,62
9481074.0,90,54
9481085.0,93,51
9481128.0,86,50
9481139.0,95,50
9481165.0,89,59
9481166.0,85,56
9481194.0,88,54
9481226.0,91,52
9481237.0,98,49
9481293.0,88,53
9481301.0,84,57
9481325.0,88,52
9481334.0,91,48
9481338.0,91,50
9481412.0,88,51
9481441.0,97,48
9481449.0,87,52
9481456.0,93,53
9481469.0,96,48
9481480.0,94,49
9481499.0,84,59
9481500.0,87,49
9481541.0,94,52
9481617.0,91,53
9481625.0,94,50
9481651.0,90,48
9481675.0,95,50
9481684.0,90,68
9481711.0,86,58
9481744.0,93,50
9481783.0,98,49
9481815.0,88,52
9481816.0,87,62
9481859.0,85,57
9481937.0,86,56
9481962.0,96,61
9481970.0,95,50
9482013.0,88,53
9482021.0,91,49
9482026.0,85,59
9482050.0,97,48
9482081.0,93,49
9482122.0,88,62
9482124.0,91,48
9482140.0,96,58
9482149.0,95,57
9482157.0,83,58
9482177.0,86,50
9482178.0,87,49
9482184.0,95,55
9482188.0,84,57
9482205.0,94,50
9482223.0,95,56
9482281.0,88,51
9482358.0,93,52
9482362.0,95,57
9482423.0,97,50
9482432.0,91,51
9482468.0,95,50
9482491.0,90,48
9482511.0,95,55
9482513.0,96,62
9482551.0,87,52
9482576.0,93,49
9482682.0,91,49
9482739.0,85,57
9482755.0,93,53
9482762.0,83,58
9482771.0,86,62
9482774.0,92,49
9482777.0,91,50
9482795.0,90,49
9482839.0,87,49
9482869.0,96,49
9482874.0,87,60
9482946.0,88,51
9482951.0,95,55
9482961.0,84,58
9482988.0,89,58
9483003.0,91,54
9483092.0,95,53
9483098.0,95,54
9483116.0,88,48
9483164.0,95,51
9483166.0,88,49
9483170.0,88,51
9483215.0,97,48
9483260.0,85,72
9483274.0,84,57
9483287.0,86,57
9483306.0,88,55
9483319.0,90,73
9483324.0,90,50
9483338.0,87,49
9483347.0,88,50
9483406.0,84,59
9483409.0,93,84
9483436.0,91,72
9483441.0,95,57
9483445.0,93,53
9483451.0,91,50
9483486.0,95,58
9483488.0,88,52
9483503.0,97,48
9483506.0,97,58
9483512.0,95,52
9483531.0,88,53
9483535.0,94,50
9483556.0,93,52
9483644.0,95,61
9483644.0,93,83
9483717.0,95,57
9483768.0,93,49
9483773.0,88,57
9483794.0,88,84
9483820.0,93,54
9483836.0,87,61
9483877.0,85,59
9483878.0,91,49
9483886.0,91,50
9483920.0,88,49
9483956.0,93,52
9483966.0,83,58
9483991.0,95,49
9484025.0,97,58
9484066.0,91,53
9484067.0,92,50
9484074.0,88,51
9484159.0,87,57
9484201.0,87,50
9484214.0,95,51
9484222.0,88,84
9484256.0,85,61
9484277.0,90,51
9484369.0,92,56
9484422.0,90,48
9484428.0,93,49
9484486.0,88,48
9484497.0,86,50
9484519.0,89,65
9484536.0,95,49
9484563.0,95,53
9484615.0,85,58
9484647.0,90,49
9484665.0,89,59
9484720.0,90,53
9484839.0,93,56
9484846.0,92,49
9484881.0,91,50
9484967.0,90,52
9484978.0,86,60
9484993.0,85,51
9484996.0,91,57
9484997.0,95,52
9485018.0,95,50
9485047.0,85,54
9485061.0,94,54
9485090.0,93,49
9485097.0,88,56
9485197.0,85,55
9485233.0,93,53
9485244.0,93,55
9485255.0,85,52
9485268.0,92,54
9485273.0,95,52
9485309.0,90,50
9485315.0,95,50
9485336.0,89,48
9485377.0,93,51
9485389.0,95,58
9485404.0,90,49
9485408.0,88,55
9485423.0,88,49
9485434.0,95,59
9485440.0,85,58
9485505.0,87,50
9485518.0,90,54
9485559.0,97,66
9485574.0,94,50
9485586.0,93,50
9485634.0,88,62
9485655.0,93,49
9485674.0,86,58
9485706.0,83,59
9485708.0,93,52
9485709.0,92,50
9485730.0,90,50
9485742.0,87,51
9485795.0,87,62
9485814.0,94,51
9485828.0,90,53
9485831.0,90,54
9485831.0,87,50
9485884.0,90,52
9485949.0,89,54
9485956.0,95,52
9485973.0,84,59
9486018.0,85,51
9486032.0,77,101
9486121.0,93,51
9486208.0,90,53
9486219.0,92,51
9486228.0,94,58
9486240.0,85,53
9486277.0,92,53
9486281.0,87,52
9486313.0,89,48
9486316.0,92,55
9486342.0,85,55
9486348.0,92,49
9486369.0,85,52
9486373.0,90,49
9486413.0,86,59
9486437.0,55,53
9486453.0,95,52
9486500.0,84,60
9486538.0,90,53
9486539.0,93,50
9486569.0,88,48
9486592.0,86,51
9486593.0,85,58
9486597.0,94,50
9486597.0,90,63
9486622.0,95,54
9486643.0,93,49
9486660.0,92,49
9486661.0,86,50
9486691.0,92,52
9486699.0,85,59
9486778.0,85,51
9486798.0,87,53
9486823.0,86,59
9486894.0,90,49
9486955.0,93,53
9487029.0,85,56
9487065.0,93,50
9487092.0,87,52
9487104.0,92,54
9487230.0,93,49
9487317.0,90,50
9487344.0,85,50
9487346.0,86,60
9487385.0,95,59
9487389.0,90,49
9487419.0,84,59
9487422.0,92,50
9487426.0,83,59
9487450.0,86,61
9487454.0,99,83
9487454.0,93,52
9487456.0,87,54
9487469.0,95,57
9487523.0,97,63
9487526.0,89,49
9487529.0,91,63
9487575.0,87,64
9487701.0,86,50
9487703.0,96,64
9487725.0,94,50
9487765.0,93,58
9487818.0,100,82
9487874.0,87,58
9487999.0,94,56
9488017.0,89,52
9488024.0,87,49
9488050.0,91,52
9488058.0,92,50
9488118.0,85,60
9488120.0,84,58
9488223.0,89,63
9488243.0,90,51
9488252.0,97,63
9488254.0,91,50
9488273.0,86,63
9488282.0,95,64
9488285.0,90,52
9488301.0,85,58
9488325.0,88,49
9488335.0,89,50
9488440.0,87,62
9488507.0,87,53
9488520.0,93,54
9488526.0,87,50
9488544.0,94,51
9488575.0,92,52
9488581.0,92,49
9488590.0,88,58
9488603.0,86,51
9488605.0,83,58
9488606.0,89,49
9488623.0,89,64
9488631.0,94,55
9488650.0,89,62
9488667.0,88,50
9488680.0,92,65
9488741.0,87,51
9488747.0,83,59
9488774.0,96,65
9488777.0,84,59
9488815.0,86,57
9488828.0,87,49
9488843.0,89,49
9488845.0,88,54
9488851.0,85,58
9488852.0,87,52
9488854.0,90,49
9488859.0,85,51
9488868.0,89,50
9488911.0,92,49
9488984.0,91,69
9488988.0,84,58
9489097.0,92,52
9489108.0,87,54
9489122.0,89,55
9489154.0,86,58
9489336.0,86,62
9489379.0,60,57
9489405.0,85,60
9489445.0,89,52
9489455.0,83,57
9489463.0,94,56
9489468.0,92,57
9489482.0,89,51
9489486.0,85,57
9489565.0,86,50
9489580.0,87,55
9489608.0,88,59
9489618.0,94,54
9489662.0,87,57
9489727.0,94,53
9489736.0,94,52
9489744.0,94,51
9489794.0,94,55
9489797.0,93,51
9489821.0,85,61
9489856.0,89,50
9489878.0,91,65
9489942.0,83,58
9489975.0,89,51
9489999.0,92,66
9490018.0,88,63
9490028.0,86,51
9490042.0,87,55
9490066.0,96,66
9490071.0,92,54
9490110.0,83,59
9490114.0,86,50
9490158.0,94,51
9490214.0,91,50
9490262.0,83,57
9490280.0,85,58
9490333.0,91,49
9490355.0,86,86
9490416.0,89,50
9490421.0,95,59
9490428.0,84,51
9490432.0,94,57
9490458.0,95,60
9490462.0,90,65
9490483.0,86,63
9490693.0,87,49
9490693.0,87,54
9490711.0,86,61
9490716.0,89,49
9490734.0,87,87
9490818.0,92,50
9490854.0,84,58
9490883.0,83,59
9490888.0,92,51
9490960.0,84,52
9490984.0,92,68
9490984.0,91,51
9490990.0,90,64
9491043.0,94,53
9491084.0,95,58
9491131.0,84,53
9491135.0,83,58
9491138.0,94,51
9491167.0,93,50
9491177.0,94,54
9491181.0,86,51
9491189.0,92,53
9491201.0,85,57
9491232.0,84,54
9491232.0,83,57
9491296.0,86,56
9491302.0,92,55
9491323.0,89,49
9491331.0,94,56
9491341.0,87,56
9491392.0,92,52
9491403.0,85,51
9491434.0,91,51
9491454.0,84,55
9491462.0,90,50
9491467.0,87,62
9491491.0,92,50
9491504.0,85,59
9491511.0,84,51
9491554.0,92,51
9491608.0,85,62
9491634.0,84,60
9491641.0,88,49
9491645.0,91,52
9491648.0,92,56
9491710.0,94,51
9491715.0,84,52
9491757.0,91,50
9491770.0,86,51
9491788.0,95,65
9491871.0,89,49
9491923.0,94,53
9491931.0,95,60
9491948.0,87,56
9491957.0,92,53
9491980.0,91,64
9491985.0,84,53
9491992.0,84,61
9492003.0,89,51
9492009.0,85,58
9492014.0,86,53
9492030.0,84,54
9492033.0,93,63
9492080.0,89,50
9492089.0,92,50
9492094.0,94,55
9492109.0,90,53
9492132.0,88,51
9492250.0,91,51
9492274.0,86,60
9492286.0,86,63
9492288.0,87,64
9492289.0,90,49
9492302.0,84,51
9492327.0,91,53
9492346.0,87,63
9492398.0,94,57
9492437.0,86,49
9492450.0,91,49
9492454.0,89,52
9492465.0,89,49
9492472.0,95,61
9492482.0,88,65
9492507.0,93,50
9492518.0,90,50
9492518.0,94,51
9492581.0,88,50
9492595.0,92,50
9492599.0,84,55
9492630.0,85,57
9492656.0,94,53
9492664.0,92,52
9492670.0,85,59
9492698.0,94,50
9492719.0,91,49
9492727.0,91,51
9492774.0,88,49
9492801.0,86,52
9492810.0,93,50
9492840.0,91,54
9492894.0,90,53
9492931.0,85,60
9492945.0,86,62
9492969.0,92,54
9492979.0,90,49
9492984.0,88,63
9493000.0,79,68
9493007.0,83,60
9493031.0,94,51
9493040.0,94,53
9493054.0,88,51
9493078.0,89,63
9493219.0,84,51
9493228.0,86,50
9493236.0,88,55
9493252.0,87,64
9493297.0,85,51
9493309.0,93,50
9493317.0,93,53
9493431.0,91,52
9493464.0,94,50
9493502.0,94,52
9493506.0,93,51
9493526.0,93,50
9493588.0,85,60
9493599.0,85,58
9493609.0,85,51
9493653.0,92,51
9493670.0,90,52
9493682.0,86,52
9493700.0,88,48
9493721.0,91,51
9493725.0,91,52
9493753.0,91,55
9493814.0,85,52
9493822.0,94,52
9493832.0,95,60
9493851.0,90,51
9493870.0,86,51
9493953.0,87,54
9493963.0,84,56
9493970.0,84,60
9494021.0,91,51
9494090.0,83,59
9494117.0,86,49
9494208.0,90,50
9494340.0,85,61
9494373.0,95,60
9494404.0,85,51
9494445.0,94,58
9494450.0,86,61
9494539.0,85,50
9494584.0,91,56
9494591.0,93,51
9494613.0,86,57
9494639.0,93,50
9494660.0,83,60
9494711.0,90,49
9494761.0,87,50
9494843.0,85,50
9494865.0,82,59
9494917.0,86,52
9494966.0,96,60
9494974.0,90,49
9495045.0,93,51
9495126.0,84,52
9495149.0,86,58
9495166.0,93,52
9495171.0,87,49
9495289.0,91,50
9495299.0,88,51
9495302.0,88,49
9495394.0,88,50
9495397.0,88,52
9495418.0,83,78
9495428.0,89,49
9495436.0,74,108
9495437.0,84,59
9495443.0,84,51
9495446.0,86,53
9495458.0,92,53
9495460.0,90,51
9495481.0,86,55
9495483.0,87,51
9495493.0,87,58
9495512.0,95,60
9495561.0,86,49
9495613.0,90,50
9495633.0,93,51
9495649.0,83,52
9495658.0,88,63
9495671.0,85,51
9495710.0,93,53
9495754.0,90,49
9495757.0,94,51
9495759.0,94,58
9495788.0,92,50
9495822.0,94,66
9495837.0,76,68
9495843.0,89,50
9495879.0,88,52
9495894.0,91,51
9495944.0,86,55
9496065.0,85,51
9496066.0,85,52
9496109.0,94,51
9496146.0,86,50
9496167.0,87,49
9496178.0,90,49
9496230.0,87,52
9496236.0,93,51
9496256.0,84,52
9496277.0,93,54
9496280.0,86,59
9496285.0,85,56
9496298.0,90,50
9496304.0,89,49
9496381.0,88,51
9496383.0,88,52
9496394.0,91,51
9496402.0,86,54
9496414.0,87,54
9496455.0,84,60
9496469.0,88,49
9496511.0,87,55
9496559.0,90,52
9496569.0,85,54
9496575.0,93,52
9496576.0,83,52
9496615.0,91,50
9496628.0,93,59
9496685.0,88,50
9496760.0,91,53
9496775.0,84,51
9496789.0,88,52
9496792.0,90,51
9496796.0,89,64
9496859.0,92,50
9496883.0,87,50
9496894.0,93,52
9496898.0,83,60
9496908.0,84,59
9496915.0,92,49
9496921.0,83,53
9496933.0,85,51
9496939.0,93,56
9496940.0,89,51
9497000.0,91,54
9497011.0,87,63
9497050.0,93,51
9497074.0,91,49
9497132.0,91,51
9497140.0,82,79
9497168.0,96,63
9497191.0,91,52
9497222.0,84,51
9497236.0,93,53
9497238.0,93,55
9497254.0,88,55
9497258.0,91,55
9497288.0,86,62
9497289.0,93,51
9497297.0,90,49
9497305.0,85,58
9497324.0,89,49
9497366.0,90,50
9497381.0,88,54
9497391.0,83,52
9497410.0,81,78
9497424.0,86,56
9497463.0,95,61
9497466.0,85,50
9497480.0,92,52
9497528.0,98,70
9497531.0,91,49
9497543.0,86,49
9497550.0,90,53
9497563.0,85,51
9497564.0,90,49
9497636.0,91,53
9497651.0,93,55
9497656.0,86,51
9497672.0,85,57
9497700.0,89,49
9497710.0,83,59
9497736.0,94,58
9497739.0,85,52
9497771.0,85,59
9497773.0,83,54
9497778.0,95,51
9497789.0,89,65
9497808.0,89,51
9497834.0,91,50
9497917.0,95,52
9498003.0,83,52
9498037.0,84,57
9498075.0,84,51
9498125.0,81,80
9498197.0,86,50
9498243.0,92,50
9498293.0,85,52
9498300.0,93,56
9498324.0,95,51
9498325.0,85,53
9498337.0,84,53
9498369.0,89,50
9498378.0,93,55
9498418.0,90,54
9498450.0,94,59
9498507.0,95,52
9498516.0,83,60
9498523.0,83,56
9498526.0,91,54
9498540.0,86,49
9498553.0,83,59
9498562.0,92,64
9498571.0,90,52
9498586.0,85,54
9498587.0,86,64
9498592.0,85,50
9498617.0,93,52
9498635.0,89,53
9498690.0,91,76
9498693.0,93,55
9498703.0,85,53
9498725.0,85,60
9498733.0,86,56
9498758.0,91,53
9498790.0,85,55
9498799.0,84,74
9498823.0,87,51
9498857.0,82,60
9498883.0,88,63
9498886.0,89,52
9498922.0,92,55
9498931.0,86,55
9498941.0,89,49
9498983.0,83,59
9498993.0,91,64
9499003.0,83,53
9499009.0,95,51
9499057.0,93,54
9499064.0,84,58
9499104.0,92,51
9499104.0,86,56
9499106.0,85,61
9499137.0,87,57
9499147.0,92,54
9499157.0,91,55
9499168.0,87,51
9499269.0,97,69
9499338.0,85,51
9499369.0,85,62
9499397.0,83,54
9499403.0,95,51
9499409.0,83,57
9499416.0,88,50
9499448.0,90,52
9499456.0,87,50
9499475.0,84,59
9499480.0,89,55
9499484.0,82,59
9499492.0,92,59
9499497.0,90,65
9499507.0,85,63
9499509.0,91,66
9499510.0,89,50
9499514.0,83,59
9499538.0,87,52
9499540.0,95,62
9499548.0,93,54
9499549.0,85,49
9499562.0,85,73
9499660.0,86,49
9499761.0,93,64
9499781.0,83,55
9499830.0,93,65
9499834.0,87,55
9499848.0,88,59
9499880.0,90,55
9499897.0,88,49
9499914.0,83,56
9499920.0,89,51
9499948.0,83,59
9499948.0,86,63
9499972.0,84,62
9500035.0,84,52
9500084.0,88,55
9500086.0,86,49
9500090.0,90,54
9500108.0,91,52
9500111.0,88,49
9500144.0,86,61
9500166.0,83,52
9500226.0,92,51
9500283.0,87,50
9500315.0,89,60
9500325.0,85,52
9500456.0,90,51
9500476.0,85,57
9500493.0,91,50
9500542.0,89,48
9500543.0,92,51
9500545.0,82,53
9500579.0,86,51
9500585.0,84,60
9500624.0,87,51
9500634.0,84,58
9500769.0,95,66
9500781.0,92,52
9500785.0,95,61
9500817.0,85,53
9500823.0,84,52
9500940.0,84,53
9500951.0,87,50
9500993.0,84,61
9501017.0,87,52
9501027.0,84,52
9501090.0,63,64
9501090.0,86,49
9501102.0,86,58
9501110.0,87,63
9501112.0,92,51
9501116.0,87,54
9501118.0,90,51
9501128.0,86,50
9501179.0,95,61
9501202.0,87,56
9501238.0,91,51
9501255.0,85,50
9501291.0,88,51
9501294.0,85,61
9501300.0,92,51
9501308.0,89,52
9501356.0,87,52
9501362.0,90,50
9501372.0,88,64
9501378.0,86,57
9501464.0,62,63
9501561.0,84,54
9501618.0,89,51
9501636.0,82,60
9501646.0,83,61
9501658.0,85,55
9501666.0,87,62
9501702.0,91,55
9501718.0,84,55
9501757.0,89,63
9501764.0,83,57
9501778.0,62,63
9501779.0,95,62
9501797.0,89,64
9501896.0,90,64
9501949.0,83,52
9501987.0,83,59
9502000.0,90,51
9502008.0,91,50
9502012.0,86,62
9502015.0,88,63
9502020.0,84,50
9502061.0,96,65
9502068.0,92,52
9502083.0,83,53
9502146.0,88,52
9502172.0,90,52
9502175.0,88,50
9502199.0,86,50
9502200.0,89,51
9502246.0,85,54
9502264.0,88,51
9502273.0,92,53
9502292.0,93,53
9502295.0,93,56
9502299.0,95,61
9502337.0,84,52
9502359.0,90,55
9502368.0,93,57
9502436.0,89,52
9502457.0,84,53
9502482.0,91,68
9502522.0,89,53
9502523.0,82,53
9502592.0,93,56
9502610.0,91,50
9502615.0,84,50
9502650.0,90,54
9502686.0,84,57
9502705.0,92,52
9502728.0,93,55
9502729.0,83,52
9502731.0,90,50
9502733.0,86,51
9502799.0,82,54
9502843.0,84,51
9502858.0,90,56
9502861.0,84,52
9502983.0,89,52
9502997.0,85,59
9503003.0,93,53
9503006.0,86,63
9503081.0,86,59
9503081.0,86,52
9503122.0,83,60
9503126.0,95,61
9503158.0,83,53
9503178.0,97,65
9503197.0,84,50
9503208.0,85,58
9503208.0,90,52
9503228.0,92,54
9503290.0,86,60
9503291.0,87,50
9503328.0,82,53
9503549.0,90,53
9503566.0,92,53
9503613.0,84,61
9503614.0,88,50
9503619.0,84,59
9503620.0,92,51
9503673.0,93,55
9503723.0,93,53
9503743.0,87,59
9503745.0,85,55
9503765.0,86,50
9503787.0,89,54
9503847.0,89,53
9503875.0,97,65
9503884.0,92,55
9503913.0,84,53
9503971.0,82,54
9503980.0,88,51
9504003.0,93,53
9504037.0,84,51
9504068.0,90,54
9504075.0,89,54
9504130.0,91,50
9504132.0,83,52
9504135.0,82,53
9504147.0,91,53
9504160.0,78,87
9504189.0,83,57
9504258.0,90,55
9504279.0,84,50
9504343.0,84,54
9504346.0,91,51
9504368.0,79,87
9504410.0,91,52
9504413.0,86,50
9504478.0,89,52
9504499.0,83,52
9504537.0,84,52
9504543.0,84,53
9504545.0,92,54
9504557.0,85,56
9504559.0,84,54
9504626.0,94,62
9504690.0,84,58
9504700.0,90,53
9504742.0,86,53
9504791.0,83,61
9504816.0,85,53
9504819.0,89,54
9504838.0,95,61
9504840.0,93,56
9504847.0,87,64
9504850.0,85,56
9504853.0,87,61
9504878.0,84,50
9504973.0,85,50
9505017.0,85,51
9505024.0,90,55
9505045.0,92,54
9505065.0,86,51
9505109.0,93,55
9505109.0,84,56
9505119.0,86,50
9505144.0,88,51
9505162.0,93,54
9505186.0,90,53
9505187.0,84,60
9505198.0,82,55
9505223.0,87,56
9505248.0,86,52
9505253.0,87,51
9505258.0,86,63
9505277.0,93,57
9505304.0,83,58
9505347.0,92,55
9505349.0,92,58
9505368.0,82,53
9505368.0,90,51
9505379.0,82,54
9505379.0,88,51
9505414.0,90,53
9505450.0,92,52
9505455.0,88,49
9505484.0,86,52
9505502.0,88,85
9505524.0,85,49
9505647.0,84,54
9505721.0,82,61
9505732.0,87,50
9505784.0,88,52
9505803.0,76,85
9505825.0,90,50
9505834.0,90,54
9505847.0,91,51
9505862.0,85,51
9505877.0,92,54
9505881.0,88,87
9505905.0,92,56
9505907.0,91,54
9505907.0,85,63
9505910.0,92,52
9505945.0,90,52
9505950.0,88,85
9505954.0,86,63
9505957.0,91,52
9506034.0,95,63
9506056.0,85,58
9506086.0,95,56
9506102.0,86,56
9506183.0,87,63
9506184.0,89,51
9506192.0,85,49
9506213.0,90,55
9506225.0,85,52
9506279.0,82,56
9506281.0,88,53
9506322.0,93,66
9506348.0,93,58
9506360.0,91,51
9506384.0,89,55
9506410.0,92,54
9506437.0,84,60
9506492.0,87,52
9506492.0,83,60
9506550.0,85,50
9506552.0,82,55
9506570.0,84,53
9506641.0,93,55
9506645.0,84,61
9506670.0,95,56
9506697.0,83,54
9506793.0,85,57
9506800.0,83,53
9506807.0,89,52
9506839.0,84,51
9506847.0,89,51
9506886.0,84,55
9506887.0,84,57
9506969.0,91,51
9506996.0,88,52
9507006.0,82,80
9507086.0,86,53
9507097.0,84,54
9507105.0,87,53
9507125.0,87,50
9507142.0,87,55
9507166.0,83,51
9507197.0,91,51
9507220.0,83,56
9507254.0,93,55
9507285.0,91,63
9507322.0,86,54
9507348.0,83,61
9507353.0,85,51
9507382.0,84,50
9507387.0,86,51
9507447.0,87,55
9507483.0,89,55
9507537.0,89,51
9507551.0,97,67
9507579.0,84,58
9507600.0,85,62
9507612.0,92,56
9507637.0,88,53
9507649.0,82,60
9507668.0,94,64
9507678.0,86,71
9507684.0,85,59
9507694.0,82,61
9507778.0,91,52
9507839.0,84,54
9507874.0,87,50
9507928.0,93,55
9507952.0,87,55
9508029.0,85,50
9508072.0,86,64
9508093.0,86,55
9508128.0,83,53
9508133.0,83,55
9508136.0,85,57
9508140.0,85,61
9508155.0,87,55
9508167.0,89,52
9508176.0,82,57
9508197.0,87,51
9508210.0,89,53
9508224.0,97,70
9508304.0,88,56
9508369.0,92,55
9508379.0,86,50
9508403.0,84,50
9508404.0,85,50
9508454.0,91,53
9508493.0,83,53
9508521.0,87,57
9508533.0,85,57
9508586.0,82,54
9508629.0,83,51
9508643.0,82,56
9508732.0,84,59
9508737.0,84,51
9508870.0,88,53
9508877.0,84,63
9508878.0,90,51
9508881.0,83,60
9508888.0,97,68
9509020.0,83,56
9509042.0,82,61
9509065.0,84,56
9509073.0,94,60
9509138.0,83,57
9509160.0,85,51
9509175.0,86,51
9509181.0,82,53
9509238.0,88,53
9509262.0,89,51
9509274.0,93,55
9509277.0,93,60
9509290.0,82,60
9509368.0,83,53
9509379.0,87,53
9509383.0,83,51
9509437.0,89,54
9509474.0,90,52
9509478.0,88,54
9509499.0,89,53
9509517.0,87,50
9509550.0,79,81
9509559.0,86,50
9509559.0,82,56
9509574.0,83,58
9509602.0,94,74
9509675.0,89,58
9509683.0,91,53
9509694.0,98,70
9509696.0,89,56
9509706.0,87,51
9509715.0,95,61
9509730.0,83,53
9509735.0,91,54
9509737.0,94,51
9509747.0,87,65
9509755.0,93,55
9509789.0,85,51
9509790.0,88,55
9509810.0,84,52
9509855.0,92,59
9509858.0,84,50
9509896.0,88,64
9509900.0,87,56
9509901.0,83,54
9509909.0,83,62
9509914.0,89,56
9509937.0,90,51
9509963.0,83,59
9510016.0,90,56
9510024.0,81,54
9510088.0,83,52
9510125.0,91,60
9510150.0,87,52
9510200.0,83,60
9510211.0,88,53
9510224.0,87,64
9510234.0,82,53
9510250.0,87,51
9510275.0,89,63
9510322.0,87,50
9510380.0,89,53
9510384.0,86,63
9510401.0,89,64
9510438.0,84,55
9510440.0,94,51
9510469.0,85,59
9510574.0,88,63
9510586.0,95,61
9510712.0,85,53
9510734.0,82,57
9510741.0,88,53
9510752.0,89,54
9510792.0,82,54
9510805.0,79,80
9510809.0,91,54
9510865.0,89,56
9510932.0,84,61
9510935.0,87,51
9510943.0,81,54
9510963.0,95,63
9511048.0,82,61
9511096.0,88,65
9511114.0,84,59
9511177.0,88,54
9511216.0,85,64
9511276.0,83,80
9511278.0,88,51
9511302.0,93,58
9511314.0,87,51
9511380.0,89,56
9511390.0,86,52
9511447.0,86,56
9511463.0,90,51
9511497.0,90,52
9511506.0,89,55
9511506.0,89,52
9511578.0,85,51
9511654.0,88,55
9511662.0,86,51
9511703.0,91,55
9511717.0,81,55
9511781.0,83,61
9511860.0,85,62
9511888.0,89,54
9511900.0,87,52
9511939.0,85,60
9511955.0,88,51
9511962.0,81,54
9512045.0,83,51
9512102.0,82,58
9512134.0,83,53
9512184.0,87,50
9512188.0,87,52
9512207.0,85,58
9512208.0,83,55
9512223.0,90,55
9512226.0,84,51
9512246.0,92,56
9512277.0,78,80
9512282.0,89,56
9512282.0,87,56
9512331.0,84,57
9512391.0,87,49
9512395.0,86,55
9512425.0,92,58
9512427.0,83,59
9512436.0,91,64
9512438.0,88,55
9512549.0,86,51
9512600.0,78,80
9512602.0,90,52
9512623.0,86,59
9512624.0,91,54
9512655.0,89,55
9512784.0,84,56
9512803.0,86,65
9512823.0,81,54
9512834.0,81,55
9512843.0,87,53
9512869.0,91,55
9512894.0,82,53
9512938.0,84,53
9512962.0,88,52
9512981.0,85,54
9512993.0,92,57
9513015.0,93,55
9513109.0,84,52
9513148.0,84,62
9513173.0,91,57
9513203.0,86,63
9513211.0,86,58
9513225.0,85,63
9513306.0,90,65
9513364.0,85,53
9513382.0,88,51
9513383.0,90,54
9513391.0,87,55
9513397.0,93,55
9513483.0,91,59
9513502.0,86,57
9513519.0,86,53
9513545.0,85,56
9513562.0,85,53
9513624.0,88,55
9513664.0,89,55
9513786.0,83,52
9513796.0,83,55
9513817.0,86,64
9513822.0,85,64
9513892.0,85,60
9513931.0,88,52
9513937.0,37,91
9513971.0,84,59
9514014.0,82,55
9514065.0,89,51
9514138.0,89,56
9514208.0,88,51
9514261.0,61,44
9514411.0,81,56
9514524.0,92,59
9514543.0,37,91
9514561.0,86,52
9514613.0,89,52
9514697.0,87,52
9514769.0,91,58
9514816.0,84,54
9514839.0,75,82
9514863.0,84,51
9514875.0,82,52
9514876.0,87,53
9514879.0,84,57
9514949.0,90,53
9514959.0,83,54
9514993.0,89,72
9515107.0,91,55
9515181.0,89,53
9515188.0,91,56
9515266.0,83,57
9515282.0,84,57
9515314.0,89,51
9515417.0,93,59
9515471.0,82,54
9515515.0,85,55
9515528.0,86,52
9515543.0,82,51
9515546.0,91,55
9515601.0,93,59
9515664.0,84,63
9515685.0,83,51
9515697.0,83,60
9515700.0,87,54
9515745.0,88,53
9515773.0,81,55
9515809.0,87,52
9515827.0,83,58
9515834.0,84,61
9515965.0,84,62
9515979.0,83,59
9515979.0,85,51
9515995.0,83,56
9516005.0,82,56
9516056.0,81,56
9516075.0,82,52
9516141.0,84,60
9516162.0,83,52
9516170.0,89,54
9516274.0,93,61
9516349.0,84,51
9516367.0,87,51
9516391.0,86,51
9516466.0,91,56
9516492.0,85,52
9516521.0,81,54
9516559.0,87,52
9516579.0,82,54
9516605.0,83,55
9516629.0,79,76
9516691.0,83,51
9516789.0,85,61
9516797.0,90,53
9516819.0,88,54
9516841.0,84,53
9516966.0,87,54
9517003.0,87,52
9517005.0,90,54
9517023.0,92,57
9517066.0,85,56
9517124.0,90,52
9517171.0,89,52
9517208.0,76,93
9517229.0,85,54
9517292.0,85,51
9517319.0,89,64
9517355.0,87,51
9517405.0,88,64
9517421.0,92,57
9517510.0,86,54
9517527.0,88,56
9517537.0,89,51
9517565.0,85,59
9517598.0,83,62
9517629.0,85,51
9517649.0,84,64
9517654.0,85,54
9517705.0,82,53
9517724.0,86,56
9517777.0,83,51
9517849.0,81,54
9517890.0,88,54
9517935.0,82,52
9517943.0,91,56
9517952.0,79,88
9518032.0,90,56
9518052.0,89,51
9518109.0,85,57
9518141.0,89,56
9518143.0,86,53
9518146.0,87,51
9518188.0,76,86
9518239.0,82,59
9518246.0,84,54
9518280.0,89,52
9518291.0,84,51
9518298.0,89,53
9518337.0,90,54
9518386.0,93,60
9518409.0,84,61
9518452.0,95,66
9518465.0,87,52
9518473.0,81,55
9518486.0,88,53
9518501.0,86,53
9518540.0,84,57
9518542.0,85,63
9518543.0,82,62
9518682.0,87,55
9518702.0,91,56
9518722.0,84,54
9518815.0,91,55
9519004.0,83,53
9519055.0,87,55
9519071.0,88,51
9519080.0,87,51
9519126.0,84,53
9519134.0,88,55
9519146.0,89,51
9519147.0,88,54
9519149.0,84,60
9519154.0,93,59
9519169.0,88,52
9519184.0,86,53
9519203.0,92,58
9519287.0,79,82
9519305.0,88,56
9519306.0,82,57
9519309.0,82,53
9519352.0,91,55
9519375.0,85,52
9519393.0,80,55
9519418.0,84,51
9519419.0,89,55
9519489.0,86,60
9519604.0,87,52
9519637.0,87,55
9519644.0,81,54
9519645.0,84,58
9519731.0,94,61
9519768.0,89,51
9519799.0,85,62
9519819.0,80,81
9519824.0,90,55
9519830.0,83,51
9519910.0,87,51
9519938.0,87,55
9520032.0,81,54
9520064.0,91,55
9520069.0,90,54
9520131.0,87,65
9520135.0,86,56
9520141.0,88,51
9520194.0,81,55
9520210.0,85,53
9520211.0,85,56
9520231.0,83,57
9520268.0,88,55
9520280.0,84,62
9520283.0,85,51
9520322.0,90,54
9520363.0,89,53
9520381.0,92,60
9520384.0,83,51
9520461.0,94,60
9520464.0,88,51
9520495.0,89,52
9520561.0,82,52
9520606.0,91,55
9520618.0,89,51
9520764.0,93,59
9520824.0,84,51
9520853.0,94,60
9520871.0,87,55
9520962.0,92,58
9520972.0,89,54
9521016.0,85,63
9521034.0,85,52
9521037.0,89,51
9521153.0,82,55
9521159.0,87,55
9521161.0,78,85
9521168.0,86,55
9521180.0,83,63
9521222.0,82,62
9521231.0,83,58
9521238.0,92,58
9521251.0,85,55
9521260.0,87,53
9521297.0,84,55
9521410.0,89,53
9521458.0,86,54
9521483.0,93,59
9521506.0,82,58
9521539.0,86,64
9521622.0,83,61
9521658.0,83,53
9521691.0,86,61
9521714.0,82,61
9521734.0,86,65
9521755.0,88,51
9521803.0,82,56
9521852.0,85,52
9522010.0,88,53
9522063.0,85,60
9522073.0,81,58
9522100.0,81,54
9522119.0,83,59
9522147.0,89,51
9522170.0,84,52
9522175.0,90,55
9522204.0,87,51
9522206.0,100,74
9522236.0,92,58
9522271.0,87,52
9522278.0,81,52
9522365.0,82,52
9522456.0,85,52
9522523.0,87,53
9522527.0,87,55
9522622.0,83,56
9522661.0,88,56
9522683.0,93,59
9522694.0,82,54
9522716.0,87,55
9522759.0,81,54
9522785.0,84,56
9522786.0,91,57
9522864.0,83,62
9522884.0,93,59
9522943.0,86,54
9522956.0,88,65
9522969.0,84,62
9522975.0,88,52
9522991.0,89,53
9523176.0,74,104
9523179.0,88,64
9523181.0,83,54
9523183.0,83,56
9523206.0,86,54
9523236.0,87,64
9523279.0,85,52
9523291.0,85,53
9523396.0,82,60
9523514.0,83,52
9523538.0,83,56
9523557.0,87,54
9523569.0,82,57
9523647.0,90,56
9523680.0,88,56
9523687.0,83,57
9523788.0,81,54
9523818.0,87,56
9523854.0,85,54
9523875.0,86,52
9523884.0,85,57
9523887.0,88,54
9523932.0,82,56
9523936.0,91,57
9523959.0,84,54
9524014.0,86,58
9524029.0,88,52
9524060.0,86,54
9524065.0,84,53
9524151.0,83,56
9524185.0,81,54
9524207.0,81,59
9524250.0,82,62
9524260.0,92,57
9524275.0,84,52
9524478.0,83,56
9524526.0,89,64
9524560.0,87,52
9524584.0,85,64
9524611.0,78,84
9524821.0,85,53
9524844.0,89,54
9524873.0,89,53
9524874.0,87,53
9524902.0,86,52
9524944.0,87,56
9524945.0,87,54
9524997.0,86,55
9525010.0,85,59
9525061.0,96,73
9525074.0,83,56
9525153.0,82,53
9525182.0,85,56
9525209.0,81,53
9525252.0,81,55
9525303.0,90,56
9525337.0,83,56
9525343.0,88,52
9525413.0,86,60
9525441.0,84,52
9525445.0,91,55
9525448.0,82,59
9525493.0,83,61
9525648.0,85,55
9525663.0,88,63
9525697.0,83,58
9525730.0,81,54
9525893.0,98,120
9525900.0,91,55
9525929.0,90,56
9525970.0,83,62
9525998.0,85,63
9526007.0,89,54
9526103.0,88,57
9526107.0,81,54
9526172.0,99,119
9526193.0,84,53
9526211.0,87,54
9526297.0,86,55
9526303.0,74,84
9526327.0,89,54
9526373.0,81,59
9526437.0,87,55
9526481.0,85,53
9526499.0,85,60
9526580.0,81,53
9526654.0,90,56
9526683.0,84,55
9526768.0,86,52
9526830.0,99,119
9526849.0,87,56
9526873.0,88,53
9526893.0,82,60
9526895.0,83,52
9526901.0,90,56
9526903.0,98,70
9527014.0,85,53
9527021.0,91,55
9527059.0,87,57
9527071.0,86,53
9527094.0,88,56
9527141.0,91,57
9527148.0,82,61
9527258.0,99,70
9527259.0,87,56
9527287.0,84,52
9527374.0,89,54
9527453.0,82,52
9527461.0,79,77
9527464.0,88,55
9527557.0,91,55
9527624.0,90,58
9527627.0,83,54
9527761.0,81,53
9527776.0,87,55
9527788.0,80,56
9527805.0,86,55
9527879.0,87,56
9527907.0,82,53
9527939.0,88,53
9528032.0,92,58
9528102.0,93,62
9528298.0,87,51
9528468.0,81,55
9528506.0,78,90
9528549.0,86,53
9528630.0,83,57
9528676.0,87,52
9528748.0,86,52
9528832.0,89,55
9528834.0,77,90
9528839.0,88,54
9528851.0,92,58
9528863.0,84,53
9528894.0,83,55
9528910.0,90,59
9528972.0,77,89
9529019.0,87,54
9529095.0,84,59
9529125.0,81,57
9529192.0,83,60
9529319.0,84,57
9529361.0,89,56
9529380.0,85,57
9529423.0,87,56
9529481.0,80,57
9529528.0,82,52
9529550.0,81,53
9529597.0,86,54
9529676.0,90,56
9529700.0,87,55
9529882.0,83,58
9529952.0,85,54
9529971.0,90,56
9529996.0,89,55
9530058.0,88,53
9530086.0,81,53
9530113.0,87,52
9530150.0,82,53
9530158.0,99,73
9530161.0,87,63
9530171.0,81,63
9530213.0,87,53
9530419.0,85,52
9530434.0,83,58
9530456.0,80,56
9530489.0,84,56
9530500.0,82,58
9530593.0,81,55
9530643.0,87,64
9530693.0,82,60
9530704.0,89,65
9531006.0,82,54
9531010.0,88,53
9531041.0,82,52
9531287.0,85,54
9531361.0,83,51
9531375.0,94,63
9531496.0,84,53
9531567.0,83,52
9531581.0,86,54
9531669.0,82,51
9531714.0,88,53
9531743.0,84,53
9531745.0,87,52
9531922.0,85,64
9531983.0,87,65
9531988.0,82,55
9532024.0,86,53
9532035.0,87,56
9532044.0,82,51
9532096.0,88,64
9532114.0,88,54
9532154.0,85,52
9532450.0,88,53
9532476.0,81,53
9532528.0,81,55
9532623.0,89,55
9532626.0,85,58
9532815.0,92,59
9532951.0,93,60
9532966.0,94,59
9533026.0,84,53
9533078.0,86,54
9533193.0,81,56
9533208.0,93,59
9533232.0,93,60
9533279.0,86,66
9533293.0,90,66
9533401.0,88,53
9533405.0,88,55
9533418.0,88,54
9533460.0,84,61
9533479.0,85,53
9533481.0,85,59
9533676.0,84,54
9533697.0,86,52
9533869.0,81,54
9533940.0,82,57
9534020.0,83,52
9534053.0,87,56
9534099.0,82,63
9534188.0,85,54
9534479.0,84,62
9534480.0,82,62
9534493.0,87,53
9534497.0,87,57
9534587.0,85,52
9534628.0,90,55
9534663.0,90,57
9534679.0,85,54
9534726.0,89,56
9534754.0,84,55
9534773.0,90,56
9534780.0,85,53
9534824.0,88,54
9534854.0,80,56
9534925.0,87,57
9534933.0,91,56
9534934.0,87,54
9534959.0,90,56
9534966.0,89,56
9535027.0,90,55
9535086.0,86,65
9535119.0,84,55
9535125.0,82,53
9535219.0,81,55
9535330.0,84,63
9535404.0,86,52
9535407.0,82,58
9535432.0,86,56
9535433.0,85,54
9535496.0,76,89
9535523.0,86,50
9535552.0,89,56
9535575.0,84,53
9535638.0,81,53
9535648.0,86,53
9535753.0,86,56
9535761.0,87,57
9535899.0,83,64
9535977.0,83,52
9535996.0,80,57
9536038.0,87,53
9536058.0,87,55
9536239.0,85,50
9536506.0,86,54
9536519.0,86,55
9536527.0,86,56
9536622.0,91,58
9536867.0,82,59
9536890.0,90,56
9537081.0,92,69
9537139.0,81,59
9537617.0,92,59
9537636.0,87,56
9537731.0,82,60
9537752.0,81,60
9537838.0,97,83
9537906.0,85,54
9537979.0,83,60
9537981.0,90,57
9538009.0,91,56
9538500.0,80,58
9538532.0,83,56
9538629.0,84,61
9538726.0,89,56
9538812.0,85,52
9539000.0,97,72
9539198.0,85,53
9539359.0,83,54
9539368.0,83,55
9539380.0,83,61
9539383.0,87,55
9539492.0,88,55
9539520.0,84,60
9539570.0,82,57
9539782.0,85,82
9539907.0,86,55
9540098.0,81,58
9540109.0,86,54
9540377.0,85,54
9540413.0,88,56
9540597.0,84,63
9540705.0,83,63
9541000.0,98,72
9541109.0,85,83
9541864.0,88,55
9541874.0,86,55
9541894.0,89,57
9542100.0,86,53
9542212.0,87,54
9542231.0,85,64
9542465.0,84,53
9542471.0,88,65
9542777.0,90,57
9542787.0,97,72
9542879.0,93,61
9543535.0,86,53
9543574.0,83,53
9543642.0,90,58
9544090.0,85,54
9544178.0,88,55
9544203.0,89,56
9544493.0,84,53
9544736.0,89,56
9544873.0,76,91
9545141.0,87,54
9545387.0,85,53
9545392.0,45,106
9546471.0,86,53
9546611.0,84,54
9546813.0,86,54
9546927.0,100,74
9549306.0,80,84
9549402.0,72,85
9549428.0,76,81
9549987.0,76,81
9550075.0,77,78
9551202.0,79,93
9557817.0,83,52
9558050.0,90,57
9558051.0,88,55
9558086.0,83,53
9558677.0,99,71
9558825.0,83,52
9558918.0,89,56
9559684.0,90,57
9559975.0,88,55
9560217.0,87,54
9560335.0,86,55
9560586.0,86,56
9560838.0,86,53
9561160.0,87,57
9561206.0,87,54
9561566.0,89,56
9561907.0,87,57
9562088.0,88,55
9562291.0,100,75
9562401.0,61,118
9562406.0,88,57
9562521.0,83,54
9562632.0,90,57
9562965.0,61,117
9563133.0,61,118
9563182.0,82,54
9563411.0,91,58
9563424.0,80,55
9564214.0,89,56
9564216.0,61,118
9564244.0,86,54
9564432.0,81,57
9564494.0,90,57
9564539.0,81,55
9564673.0,85,52
9564729.0,61,117
9564797.0,81,53
9564898.0,81,54
9564918.0,85,51
9564949.0,80,55
9565024.0,61,117
9565108.0,61,118
9565133.0,87,54
9565240.0,83,58
9565342.0,82,57
9565453.0,85,51
9565606.0,82,52
9565669.0,85,53
9565707.0,83,56
9565800.0,81,55
9565811.0,82,56
9565928.0,82,53
9565952.0,61,118
9565965.0,83,61
9565995.0,83,55
9566205.0,85,52
9566244.0,82,52
9566253.0,82,63
9566324.0,82,56
9566351.0,85,51
9566417.0,80,56
9566651.0,80,56
9566817.0,85,51
9566848.0,61,118
9566909.0,82,61
9567077.0,84,57
9567161.0,84,52
9567176.0,85,52
9567256.0,82,56
9567464.0,81,55
9567540.0,85,54
9567666.0,88,56
9567761.0,76,78
9568022.0,81,53
9568036.0,87,55
9568306.0,88,54
9568672.0,83,60
9568724.0,82,57
9568770.0,84,52
9568792.0,82,52
9568879.0,84,59
9568937.0,89,57
9569131.0,80,56
9569150.0,83,58
9569168.0,82,61
9569174.0,96,66
9569314.0,81,55
9569380.0,81,56
9569387.0,88,54
9569506.0,87,53
9569837.0,95,65
9569945.0,86,54
9570155.0,84,59
9570263.0,82,62
9570277.0,86,54
9570278.0,85,58
9570305.0,87,53
9570345.0,80,55
9570357.0,83,58
9570370.0,84,53
9570582.0,84,61
9570659.0,82,53
9570736.0,86,52
9570808.0,83,53
9570869.0,81,53
9570888.0,88,54
9570980.0,88,64
9571166.0,89,55
9571224.0,82,56
9571347.0,83,57
9571365.0,84,52
9571387.0,82,55
9571483.0,84,62
9571501.0,90,56
9571746.0,86,55
9571756.0,83,62
9571937.0,82,55
9571976.0,85,51
9571983.0,92,58
9572137.0,91,57
9572173.0,87,54
9572189.0,90,58
9572195.0,89,55
9572275.0,87,56
9572296.0,86,53
9572355.0,91,59
9572365.0,86,54
9572597.0,82,61
9572603.0,85,51
9572690.0,85,61
9572733.0,81,59
9572758.0,85,56
9572839.0,90,56
9572906.0,83,57
9572915.0,82,55
9572946.0,88,54
9572975.0,93,59
9572999.0,93,60
9573018.0,85,55
9573019.0,89,55
9573024.0,84,58
9573063.0,85,59
9573120.0,91,69
9573191.0,91,57
9573196.0,86,64
9573215.0,85,57
9573236.0,87,65
9573321.0,85,51
9573334.0,91,67
9573371.0,83,58
9573619.0,82,56
9573721.0,90,56
9573734.0,86,52
9573864.0,94,61
9573916.0,91,66
9574019.0,92,58
9574032.0,92,68
9574088.0,85,51
9574462.0,85,52
9574546.0,84,54
9574562.0,91,57
9574631.0,83,54
9574673.0,90,56
9574702.0,80,56
9574737.0,88,53
9574751.0,89,55
9574762.0,87,55
9574775.0,90,65
9575052.0,97,67
9575118.0,84,58
9575208.0,84,59
9575252.0,82,54
9575267.0,86,54
9575373.0,82,60
9575381.0,81,62
9575409.0,82,62
9575503.0,87,56
9575616.0,83,60
9575657.0,87,52
9575772.0,84,60
9575779.0,82,60
9575982.0,83,53
9575991.0,89,56
9576042.0,88,57
9576250.0,88,56
9576262.0,89,56
9576266.0,83,61
9576279.0,89,65
9576536.0,88,53
9576701.0,87,52
9576756.0,90,56
9576768.0,85,54
9576898.0,86,65
9576918.0,81,54
9576958.0,88,55
9577006.0,86,54
9577057.0,92,58
9577321.0,86,53
9577327.0,91,57
9577374.0,82,52
9577425.0,82,55
9577501.0,89,54
9577504.0,81,55
9577521.0,87,55
9577534.0,87,52
9577571.0,82,60
9577654.0,93,59
9577747.0,87,54
9577781.0,80,55
9577812.0,90,56
9577897.0,87,66
9577953.0,93,61
9578000.0,83,61
9578004.0,89,64
9578115.0,81,54
9578125.0,87,55
9578147.0,88,66
9578191.0,88,53
9578255.0,86,55
9578278.0,86,52
9578308.0,80,56
9578320.0,81,56
9578424.0,84,61
9578502.0,83,62
9578649.0,83,56
9578670.0,89,66
9578680.0,82,59
9578805.0,89,54
9578894.0,86,66
9578911.0,81,58
9578911.0,92,58
9578934.0,83,56
9579113.0,81,54
9579139.0,86,51
9579208.0,80,56
9579251.0,85,52
9579298.0,88,56
9579368.0,82,54
9579398.0,86,54
9579563.0,84,57
9579656.0,82,53
9579694.0,83,57
9579714.0,82,57
9579728.0,89,56
9579760.0,82,55
9579785.0,87,53
9579804.0,80,56
9579806.0,87,55
9579812.0,89,54
9579953.0,81,54
9579978.0,89,53
9580024.0,84,51
9580032.0,93,59
9580047.0,83,56
9580063.0,82,54
9580114.0,83,55
9580166.0,80,56
9580199.0,85,60
9580318.0,87,54
9580384.0,96,64
9580385.0,84,52
9580394.0,83,51
9580551.0,84,63
9580569.0,84,58
9580742.0,89,53
9580795.0,84,64
9580802.0,85,59
9581015.0,83,52
9581166.0,84,55
9581175.0,90,55
9581196.0,85,52
9581347.0,83,51
9581390.0,94,60
9581448.0,83,64
9581458.0,89,53
9581529.0,86,53
9581542.0,82,52
9581570.0,86,58
9581731.0,86,52
9581786.0,87,51
9581787.0,83,53
9581817.0,83,64
9581917.0,87,55
9581952.0,88,54
9582012.0,82,51
9582016.0,95,68
9582271.0,83,53
9582299.0,85,64
9582322.0,90,55
9582326.0,84,53
9582409.0,83,57
9582422.0,84,57
9582428.0,84,58
9582488.0,82,53
9582490.0,86,60
9582532.0,83,51
9582566.0,85,51
9582580.0,84,60
9582648.0,87,51
9582726.0,82,51
9582772.0,83,59
9582821.0,88,52
9582831.0,85,53
9582837.0,86,52
9582876.0,88,62
9583000.0,82,54
9583011.0,83,53
9583014.0,87,51
9583038.0,83,51
9583063.0,85,51
9583077.0,103,59
9583123.0,89,53
9583128.0,87,52
9583128.0,81,54
9583190.0,103,60
9583358.0,83,53
9583377.0,85,63
9583424.0,95,63
9583446.0,91,64
9583483.0,103,59
9583542.0,82,60
9583547.0,80,55
9583591.0,82,51
9583636.0,103,60
9583638.0,88,55
9583640.0,88,56
9583672.0,91,56
9583702.0,94,67
9583748.0,90,63
9583752.0,85,51
9583873.0,85,61
9583885.0,82,59
9583931.0,83,55
9583936.0,87,53
9583943.0,89,53
9583947.0,89,54
9583956.0,83,56
9584000.0,81,53
9584001.0,103,60
9584020.0,82,61
9584051.0,88,52
9584093.0,96,64
9584155.0,87,51
9584234.0,83,60
9584280.0,82,52
9584372.0,97,66
9584377.0,82,54
9584477.0,81,53
9584482.0,85,52
9584581.0,85,62
9584614.0,95,62
9584621.0,85,51
9584693.0,88,52
9584700.0,82,60
9584757.0,92,64
9584763.0,86,57
9584796.0,92,57
9584801.0,103,60
9584820.0,102,59
9584863.0,81,69
9584882.0,96,66
9584964.0,94,60
9585060.0,91,56
9585065.0,81,59
9585101.0,102,59
9585103.0,89,56
9585167.0,87,51
9585173.0,88,56
9585274.0,86,54
9585288.0,91,62
9585382.0,90,65
9585396.0,103,60
9585398.0,87,54
9585424.0,94,59
9585517.0,83,52
9585569.0,85,54
9585596.0,87,52
9585670.0,84,52
9585738.0,86,54
9585743.0,82,60
9585774.0,89,53
9585797.0,86,52
9585818.0,81,61
9585866.0,82,54
9585898.0,87,58
9585994.0,94,59
9586025.0,87,52
9586216.0,84,61
9586222.0,83,59
9586363.0,84,54
9586437.0,91,65
9586501.0,92,57
9586533.0,103,60
9586638.0,91,56
9586643.0,82,52
9586725.0,82,60
9586753.0,86,52
9586754.0,97,67
9586764.0,89,65
9586779.0,83,54
9587032.0,89,55
9587077.0,90,54
9587178.0,84,51
9587277.0,87,64
9587312.0,97,67
9587334.0,87,53
9587371.0,85,65
9587410.0,83,61
9587423.0,93,58
9587556.0,81,54
9587581.0,87,54
9587752.0,88,51
9587763.0,94,59
9587775.0,87,52
9587785.0,88,53
9587854.0,83,60
9587907.0,88,54
9587912.0,84,53
9587915.0,92,57
9587997.0,84,57
9588063.0,90,56
9588092.0,82,58
9588218.0,79,98
9588344.0,85,58
9588350.0,83,56
9588437.0,84,62
9588469.0,82,57
9588486.0,82,58
9588598.0,91,56
9588617.0,84,56
9588635.0,81,58
9588691.0,96,65
9588694.0,79,98
9588705.0,86,52
9588719.0,88,59
9588753.0,88,51
9588766.0,82,60
9588767.0,89,56
9588792.0,88,52
9588878.0,86,64
9588910.0,93,58
9588914.0,96,64
9588915.0,84,63
9588959.0,85,58
9588986.0,84,57
9588993.0,89,52
9589080.0,91,68
9589084.0,82,58
9589085.0,85,53
9589160.0,82,61
9589169.0,85,57
9589192.0,83,60
9589199.0,82,57
9589239.0,81,58
9589254.0,91,67
9589291.0,86,58
9589303.0,89,56
9589564.0,88,55
9589567.0,84,59
9589574.0,90,66
9589645.0,88,51
9589718.0,89,52
9589732.0,87,53
9589737.0,96,65
9589755.0,84,60
9589761.0,87,52
9589818.0,87,51
9589831.0,86,51
9589842.0,81,54
9589908.0,89,66
9589980.0,89,56
9589992.0,87,63
9590024.0,83,55
9590026.0,81,58
9590058.0,84,52
9590154.0,81,55
9590212.0,87,56
9590355.0,87,52
9590358.0,85,58
9590415.0,94,59
9590432.0,87,65
9590465.0,81,58
9590468.0,82,55
9590472.0,84,51
9590539.0,83,53
9590559.0,86,63
9590621.0,82,53
9590673.0,96,65
9590700.0,86,51
9590719.0,89,56
9590736.0,83,60
9590750.0,88,54
9590865.0,83,61
9590877.0,89,52
9590885.0,85,54
9590905.0,92,57
9590945.0,91,55
9590967.0,87,53
9591197.0,85,59
9591246.0,90,53
9591258.0,85,54
9591259.0,85,61
9591280.0,88,53
9591360.0,88,51
9591373.0,86,51
9591543.0,82,61
9591728.0,83,55
9591733.0,91,59
9591753.0,87,52
9591795.0,85,64
9591831.0,89,54
9591921.0,85,63
9591923.0,91,59
9591939.0,88,55
9591966.0,82,53
9592000.0,94,59
9592005.0,93,58
9592007.0,87,51
9592013.0,84,57
9592033.0,83,59
9592039.0,86,56
9592063.0,82,54
9592072.0,81,54
9592108.0,88,63
9592172.0,88,64
9592188.0,94,66
9592370.0,82,59
9592410.0,87,52
9592532.0,86,52
9592568.0,90,53
9592759.0,83,52
9592791.0,82,53
9592851.0,85,50
9592911.0,91,58
9592933.0,83,51
9593032.0,82,59
9593080.0,81,57
9593124.0,88,58
9593130.0,86,71
9593137.0,88,60
9593162.0,95,61
9593169.0,88,59
9593247.0,84,50
9593278.0,88,52
9593311.0,89,56
9593416.0,89,55
9593431.0,87,51
9593478.0,84,55
9593485.0,86,51
9593492.0,87,64
9593544.0,90,53
9593576.0,88,52
9593654.0,89,51
9593659.0,85,57
9593673.0,88,53
9593869.0,61,114
9593870.0,86,50
9593886.0,82,60
9593980.0,83,54
9594027.0,85,51
9594047.0,85,50
9594077.0,84,63
9594209.0,81,54
9594235.0,84,62
9594246.0,89,51
9594346.0,86,63
9594363.0,88,72
9594422.0,83,62
9594448.0,61,114
9594548.0,84,50
9594556.0,83,58
9594607.0,82,58
9594617.0,85,60
9594691.0,83,61
9594727.0,83,53
9594773.0,92,56
9594813.0,88,50
9594862.0,87,65
9594899.0,86,50
9594907.0,84,60
9594914.0,83,51
9594932.0,96,66
9594939.0,83,50
9594949.0,81,55
9594989.0,89,51
9595027.0,83,53
9595079.0,87,52
9595118.0,84,56
9595224.0,89,56
9595323.0,85,56
9595356.0,87,65
9595364.0,83,52
9595385.0,86,50
9595402.0,85,61
9595452.0,93,57
9595473.0,91,61
9595543.0,88,54
9595549.0,91,54
9595613.0,82,60
9595670.0,87,51
9595677.0,86,59
9595717.0,88,52
9595739.0,85,56
9595742.0,85,57
9595743.0,84,52
9595748.0,83,52
9595757.0,83,56
9595764.0,92,56
9595778.0,88,51
9595864.0,90,52
9595892.0,87,52
9595900.0,96,65
9595904.0,84,60
9595919.0,84,50
9595945.0,84,52
9595947.0,89,51
9595958.0,87,51
9596049.0,83,51
9596074.0,86,58
9596195.0,93,58
9596195.0,86,50
9596201.0,83,56
9596232.0,86,51
9596271.0,97,65
9596341.0,89,53
9596342.0,83,53
9596355.0,87,54
9596370.0,82,59
9596450.0,84,54
9596467.0,81,54
9596476.0,87,55
9596539.0,82,54
9596687.0,85,55
9596714.0,88,54
9596715.0,94,59
9596719.0,87,55
9596739.0,85,56
9596768.0,82,57
9596852.0,90,52
9596859.0,84,60
9596894.0,87,56
9596994.0,81,54
9597017.0,85,57
9597072.0,103,59
9597085.0,92,56
9597094.0,85,55
9597118.0,93,57
9597184.0,84,51
9597227.0,88,50
9597278.0,82,57
9597432.0,103,60
9597432.0,83,51
9597440.0,103,59
9597518.0,89,64
9597532.0,84,56
9597605.0,86,56
9597714.0,87,57
9597751.0,87,51
9597767.0,90,52
9597779.0,82,60
9597786.0,83,53
9597792.0,85,51
9597805.0,81,54
9597876.0,103,60
9597942.0,86,56
9597995.0,82,56
9598017.0,84,56
9598037.0,93,57
9598086.0,95,65
9598103.0,103,60
9598115.0,86,50
9598121.0,84,61
9598185.0,89,54
9598214.0,88,63
9598217.0,88,53
9598234.0,87,53
9598237.0,83,59
9598285.0,90,56
9598306.0,95,65
9598315.0,93,66
9598389.0,90,65
9598410.0,96,64
9598449.0,91,66
9598489.0,84,56
9598502.0,98,67
9598526.0,91,63
9598544.0,86,64
9598544.0,92,56
9598648.0,87,64
9598668.0,85,59
9598675.0,90,66
9598694.0,89,60
9598701.0,86,63
9598706.0,88,60
9598739.0,88,65
9598786.0,85,50
9598857.0,88,51
9598860.0,97,66
9598869.0,82,57
9598954.0,88,52
9598958.0,86,56
9598970.0,83,60
9598974.0,90,64
9598980.0,83,58
9599026.0,83,59
9599027.0,89,55
9599034.0,85,57
9599055.0,89,50
9599070.0,85,59
9599176.0,85,61
9599181.0,93,57
9599185.0,89,53
9599186.0,87,58
9599220.0,85,56
9599257.0,84,58
9599260.0,88,65
9599280.0,91,66
9599425.0,88,53
9599433.0,96,65
9599469.0,84,53
9599543.0,91,53
9599587.0,95,60
9599595.0,87,60
9599650.0,90,52
9599667.0,91,67
9599738.0,85,50
9599741.0,87,51
9599838.0,84,55
9599851.0,86,51
9599915.0,85,62
9599973.0,83,62
9599991.0,89,50
9600021.0,97,65
9600025.0,89,55
9600038.0,91,54
9600044.0,90,51
9600069.0,90,53
9600080.0,85,60
9600090.0,88,56
9600125.0,82,59
9600141.0,82,53
9600226.0,86,51
9600249.0,89,65
9600265.0,84,51
9600332.0,91,53
9600387.0,84,62
9600413.0,93,68
9600427.0,88,51
9600516.0,85,50
9600528.0,84,52
9600583.0,87,50
9600628.0,82,60
9600646.0,87,52
9600661.0,83,59
9600669.0,90,55
9600808.0,88,57
9600835.0,89,63
9600875.0,89,52
9600880.0,86,51
9600892.0,89,65
9600895.0,83,62
9600924.0,89,53
9600999.0,83,56
9601107.0,43,127
9601140.0,93,67
9601144.0,82,56
9601179.0,89,50
9601236.0,88,52
9601246.0,82,52
9601262.0,92,55
9601321.0,87,50
9601420.0,83,57
9601561.0,85,59
9601591.0,93,57
9601615.0,90,51
9601808.0,83,60
9601837.0,89,51
9601878.0,87,50
9601927.0,82,55
9601993.0,86,55
9602024.0,93,69
9602074.0,88,50
9602110.0,84,61
9602137.0,85,55
9602235.0,83,52
9602258.0,86,52
9602273.0,95,68
9602296.0,89,51
9602341.0,85,51
9602392.0,90,51
9602448.0,94,58
9602500.0,86,55
9602569.0,89,64
9602591.0,92,68
9602594.0,88,51
9602663.0,88,56
9602708.0,87,56
9602822.0,88,52
9602877.0,89,52
9602930.0,83,61
9602945.0,84,54
9603008.0,87,50
9603010.0,83,52
9603073.0,85,56
9603101.0,90,58
9603137.0,85,52
9603179.0,89,50
9603238.0,88,51
9603246.0,84,53
9603274.0,88,58
9603303.0,86,50
9603303.0,94,68
9603314.0,87,51
9603352.0,84,50
9603365.0,91,52
9603396.0,87,54
9603494.0,87,63
9603556.0,82,53
9603606.0,83,50
9603637.0,76,68
9603683.0,82,54
9603707.0,84,59
9603708.0,92,64
9603749.0,88,61
9603764.0,83,53
9603775.0,96,64
9603781.0,89,65
9603818.0,98,69
9603891.0,85,62
9603898.0,84,54
9603923.0,89,62
9603962.0,84,53
9603966.0,90,55
9603997.0,90,61
9604043.0,94,67
9604089.0,85,60
9604102.0,84,52
9604150.0,86,62
9604163.0,96,65
9604170.0,92,67
9604236.0,91,52
9604244.0,93,56
9604254.0,87,63
9604290.0,83,54
9604309.0,84,60
9604366.0,85,54
9604367.0,83,50
9604407.0,84,52
9604428.0,87,61
9604537.0,85,63
9604624.0,89,54
9604746.0,85,54
9604767.0,91,66
9604770.0,86,63
9604776.0,86,57
9604854.0,89,52
9604924.0,84,53
9604943.0,88,65
9604967.0,92,55
9605045.0,86,51
9605093.0,89,51
9605108.0,85,61
9605149.0,91,67
9605226.0,87,57
9605248.0,84,51
9605268.0,85,63
9605271.0,86,54
9605374.0,89,53
9605406.0,84,59
9605423.0,85,54
9605457.0,53,59
9605503.0,82,53
9605522.0,90,54
9605525.0,85,58
9605552.0,96,63
9605604.0,93,56
9605798.0,92,54
9605845.0,90,50
9605864.0,88,64
9605881.0,95,59
9605947.0,77,82
9606012.0,89,53
9606064.0,86,53
9606104.0,84,50
9606125.0,85,49
9606196.0,84,57
9606229.0,83,58
9606274.0,96,62
9606313.0,87,62
9606317.0,82,59
9606414.0,90,52
9606463.0,86,50
9606485.0,83,60
9606494.0,93,56
9606513.0,86,56
9606569.0,88,55
9606571.0,85,59
9606610.0,97,68
9606612.0,84,57
9606635.0,88,51
9606654.0,92,54
9606674.0,93,59
9606711.0,87,49
9606734.0,98,67
9606752.0,85,60
9606855.0,82,61
9606930.0,85,56
9606941.0,90,50
9606970.0,83,59
9606980.0,93,59
9606997.0,95,59
9607005.0,84,53
9607006.0,84,58
9607026.0,92,57
9607047.0,91,52
9607144.0,89,51
9607179.0,84,57
9607252.0,83,60
9607253.0,91,57
9607276.0,83,58
9607301.0,89,50
9607397.0,82,52
9607399.0,83,57
9607461.0,85,49
9607526.0,86,62
9607576.0,90,53
9607633.0,86,58
9607658.0,84,57
9607718.0,84,52
9607761.0,91,51
9607793.0,87,53
9607855.0,90,53
9607883.0,89,58
9607901.0,89,53
9608019.0,98,70
9608091.0,85,61
9608219.0,93,56
9608228.0,82,53
9608231.0,84,50
9608265.0,83,60
9608279.0,85,53
9608281.0,85,54
9608293.0,85,55
9608354.0,85,50
9608406.0,84,60
9608524.0,94,57
9608539.0,86,60
9608577.0,88,50
9608577.0,88,63
9608598.0,83,60
9608600.0,86,55
9608615.0,84,62
9608619.0,85,50
9608647.0,98,68
9608664.0,90,54
9608669.0,89,63
9608723.0,85,54
9608737.0,83,58
9608769.0,90,55
9608791.0,84,60
9608797.0,90,53
9608852.0,93,64
9608906.0,84,62
9608982.0,91,51
9609082.0,89,50
9609124.0,82,59
9609144.0,85,59
9609199.0,86,49
9609232.0,83,59
9609354.0,87,60
9609360.0,91,54
9609400.0,84,52
9609442.0,89,52
9609455.0,88,50
9609487.0,89,57
9609506.0,85,55
9609512.0,87,57
9609541.0,83,59
9609560.0,92,53
9609585.0,87,49
9609606.0,84,60
9609610.0,85,54
9609624.0,85,49
9609670.0,94,57
9609696.0,85,62
9609713.0,89,64
9609721.0,86,56
9609764.0,90,63
9609782.0,87,60
9609874.0,89,51
9609970.0,83,56
9610013.0,84,62
9610016.0,85,50
9610017.0,87,59
9610061.0,91,64
9610068.0,83,53
9610093.0,83,52
9610151.0,90,53
9610155.0,83,59
9610188.0,82,60
9610197.0,89,50
9610198.0,85,54
9610215.0,88,64
9610216.0,86,49
9610258.0,83,53
9610259.0,86,63
9610266.0,85,62
9610285.0,89,52
9610320.0,90,52
9610343.0,87,55
9610350.0,90,55
9610373.0,92,53
9610416.0,84,57
9610427.0,87,50
9610440.0,89,53
9610441.0,85,59
9610452.0,91,55
9610521.0,86,56
9610592.0,96,63
9610638.0,88,50
9610686.0,84,58
9610734.0,86,63
9610771.0,96,62
9610830.0,96,64
9610870.0,84,57
9610875.0,88,49
9611008.0,97,65
9611090.0,85,62
9611143.0,86,62
9611154.0,99,69
9611181.0,85,52
9611339.0,97,62
9611345.0,87,63
9611347.0,85,62
9611396.0,89,58
9611461.0,85,54
9611476.0,86,63
9611486.0,85,61
9611524.0,86,59
9611587.0,90,51
9611693.0,92,52
9611751.0,106,51
9611768.0,97,62
9611774.0,83,60
9611804.0,84,61
9611812.0,86,49
9611839.0,84,51
9611847.0,93,61
9611852.0,98,66
9611936.0,86,55
9611999.0,86,52
9612029.0,91,63
9612040.0,85,51
9612078.0,87,62
9612091.0,85,60
9612154.0,97,64
9612183.0,84,57
9612187.0,88,52
9612190.0,83,60
9612211.0,84,58
9612212.0,92,52
9612225.0,90,54
9612243.0,86,56
9612268.0,82,54
9612291.0,83,51
9612357.0,84,59
9612385.0,88,49
9612392.0,84,51
9612423.0,86,63
9612431.0,90,52
9612516.0,89,52
9612569.0,86,55
9612572.0,84,63
9612643.0,83,55
9612665.0,96,62
9612687.0,90,59
9612729.0,85,57
9612750.0,83,52
9612831.0,84,60
9612846.0,75,101
9612878.0,89,51
9612889.0,85,59
9612956.0,85,49
9613032.0,90,62
9613033.0,84,51
9613060.0,82,54
9613072.0,85,62
9613085.0,95,58
9613123.0,88,59
9613189.0,88,53
9613224.0,86,55
9613280.0,83,55
9613385.0,88,54
9613454.0,85,62
9613507.0,91,50
9613532.0,86,55
9613582.0,91,62
9613587.0,84,56
9613588.0,96,60
9613676.0,83,59
9613684.0,89,51
9613744.0,91,62
9613807.0,86,51
9613937.0,85,53
9613939.0,96,61
9613995.0,85,50
9614062.0,85,58
9614073.0,93,68
9614155.0,89,62
9614235.0,91,53
9614273.0,90,72
9614282.0,84,51
9614315.0,95,58
9614351.0,88,51
9614381.0,91,62
9614387.0,92,51
9614412.0,89,59
9614441.0,83,54
9614479.0,83,53
9614495.0,91,52
9614505.0,87,51
9614591.0,87,53
9614671.0,91,66
9614724.0,88,50
9614725.0,86,61
9614761.0,85,62
9614768.0,94,56
9614774.0,89,55
9614786.0,85,49
9614871.0,93,54
9615010.0,87,49
9615039.0,87,53
9615065.0,83,52
9615091.0,88,53
9615093.0,89,51
9615101.0,83,57
9615184.0,84,53
9615303.0,90,51
9615396.0,88,63
9615494.0,90,50
9615515.0,85,53
9615649.0,84,53
9615651.0,91,54
9615662.0,84,54
9615781.0,83,58
9615931.0,90,53
9615969.0,86,54
9616075.0,94,56
9616108.0,89,50
9616119.0,87,50
9616122.0,84,54
9616150.0,83,53
9616208.0,96,61
9616254.0,91,55
9616275.0,85,50
9616302.0,85,52
9616385.0,84,59
9616458.0,87,63
9616462.0,83,57
9616493.0,84,52
9616496.0,86,55
9616579.0,91,49
9616598.0,85,58
9616732.0,83,53
9616791.0,90,50
9616929.0,89,50
9616993.0,86,58
9617009.0,84,54
9617057.0,84,60
9617094.0,97,65
9617182.0,85,60
9617213.0,85,59
9617218.0,86,65
9617261.0,91,54
9617315.0,86,62
9617360.0,84,60
9617369.0,85,49
9617386.0,89,49
9617388.0,90,53
9617408.0,95,62
9617413.0,91,65
9617426.0,83,53
9617479.0,86,59
9617508.0,83,52
9617532.0,83,51
9617563.0,84,54
9617580.0,83,58
9617592.0,82,70
9617611.0,83,57
9617617.0,85,64
9617626.0,84,56
9617642.0,91,49
9617683.0,87,60
9617695.0,94,63
9617700.0,85,77
9617710.0,85,57
9617716.0,88,61
9617728.0,87,62
9617742.0,91,54
9617746.0,87,56
9617768.0,84,57
9617790.0,85,49
9617964.0,85,51
9618069.0,91,53
9618075.0,93,53
9618079.0,92,50
9618087.0,86,52
9618089.0,93,63
9618134.0,90,50
9618162.0,85,50
9618185.0,83,53
9618212.0,87,54
9618236.0,90,52
9618243.0,91,54
9618245.0,86,49
9618285.0,85,58
9618292.0,85,49
9618312.0,92,49
9618354.0,86,53
9618397.0,88,52
9618408.0,87,53
9618412.0,91,49
9618458.0,96,61
9618512.0,96,60
9618528.0,85,54
9618533.0,86,61
9618548.0,91,55
9618561.0,88,63
9618584.0,87,80
9618589.0,87,55
9618624.0,84,57
9618639.0,89,49
9618690.0,86,50
9618762.0,86,53
9618768.0,91,54
9618783.0,92,50
9618843.0,83,57
9618875.0,85,54
9618963.0,91,52
9618975.0,85,49
9619016.0,85,51
9619020.0,89,52
9619027.0,93,53
9619030.0,86,54
9619053.0,93,49
9619060.0,89,64
9619070.0,88,51
9619071.0,95,57
9619074.0,91,72
9619080.0,90,53
9619124.0,86,48
9619128.0,83,53
9619195.0,88,80
9619312.0,84,51
9619355.0,90,52
9619376.0,93,55
9619468.0,85,50
9619515.0,91,54
9619613.0,89,49
9619643.0,91,71
9619690.0,85,54
9619893.0,86,52
9619923.0,86,59
9619926.0,90,63
9619928.0,91,54
9619967.0,84,58
9619991.0,87,48
9620037.0,84,55
9620058.0,93,52
9620074.0,98,67
9620075.0,92,50
9620127.0,84,57
9620128.0,88,49
9620134.0,85,59
9620143.0,97,71
9620160.0,91,52
9620166.0,83,58
9620175.0,86,52
9620182.0,93,53
9620237.0,85,54
9620245.0,85,56
9620286.0,98,68
9620304.0,91,49
9620358.0,96,60
9620392.0,93,54
9620394.0,94,55
9620396.0,86,57
9620579.0,85,72
9620646.0,86,54
9620708.0,98,66
9620742.0,91,51
9620774.0,88,51
9620815.0,87,48
9620827.0,89,49
9620909.0,89,61
9620961.0,90,51
9621009.0,85,54
9621060.0,93,52
9621066.0,83,58
9621096.0,86,51
9621113.0,89,51
9621149.0,96,59
9621199.0,88,56
9621354.0,84,51
9621400.0,90,64
9621450.0,85,54
9621452.0,96,60
9621477.0,89,51
9621535.0,87,51
9621539.0,86,58
9621612.0,89,62
9621628.0,92,62
9621653.0,92,50
9621696.0,92,55
9621700.0,83,58
9621718.0,95,58
9621722.0,87,50
9621794.0,91,62
9621803.0,87,61
9621849.0,91,53
9621880.0,85,50
9621884.0,86,49
9621905.0,89,57
9621940.0,89,58
9621955.0,87,48
9621972.0,86,53
9621974.0,87,57
9621993.0,85,60
9621996.0,90,51
9622003.0,91,63
9622014.0,84,54
9622032.0,91,50
9622036.0,83,58
9622108.0,93,67
9622131.0,85,57
9622135.0,88,61
9622136.0,92,49
9622142.0,93,52
9622316.0,94,55
9622357.0,86,60
9622376.0,84,59
9622476.0,86,50
9622514.0,95,57
9622544.0,93,51
9622556.0,91,54
9622589.0,92,67
9622597.0,93,67
9622606.0,87,55
9622666.0,96,59
9622688.0,85,50
9622715.0,91,63
9622726.0,83,57
9622755.0,94,56
9622845.0,91,68
9622847.0,88,63
9622896.0,87,59
9622914.0,87,58
9622932.0,91,56
9623041.0,91,51
9623054.0,93,49
9623263.0,92,49
9623289.0,85,53
9623328.0,91,63
9623347.0,84,53
9623361.0,91,49
9623361.0,94,55
9623397.0,85,50
9623405.0,90,62
9623508.0,87,62
9623548.0,86,49
9623549.0,93,53
9623580.0,86,48
9623586.0,87,54
9623617.0,93,51
9623728.0,86,58
9623759.0,84,58
9623909.0,85,57
9623975.0,84,51
9624046.0,90,50
9624049.0,97,64
9624054.0,91,53
9624147.0,98,65
9624166.0,85,51
9624185.0,85,56
9624216.0,95,57
9624217.0,87,55
9624231.0,84,52
9624417.0,91,64
9624450.0,94,55
9624489.0,92,49
9624495.0,91,50
9624590.0,97,65
9624617.0,86,52
9624649.0,83,57
9624676.0,85,58
9624985.0,85,55
9625001.0,86,61
9625021.0,90,50
9625025.0,85,60
9625031.0,93,50
9625071.0,84,55
9625105.0,92,49
9625110.0,84,56
9625134.0,88,56
9625156.0,89,49
9625206.0,98,67
9625215.0,91,49
9625247.0,92,52
9625293.0,88,62
9625316.0,87,60
9625356.0,85,60
9625363.0,96,58
9625404.0,89,48
9625434.0,86,51
9625475.0,90,49
9625496.0,92,54
9625507.0,86,58
9625529.0,95,56
9625541.0,88,55
9625560.0,94,55
9625568.0,89,50
9625597.0,87,55
9625624.0,84,57
9625644.0,92,50
9625671.0,94,54
9625694.0,96,63
9625751.0,86,59
9625759.0,88,48
9625802.0,87,54
9625823.0,86,57
9625828.0,100,73
9625893.0,100,71
9625894.0,86,56
9625931.0,83,59
9625985.0,91,53
9626003.0,93,50
9626022.0,71,108
9626080.0,84,56
9626123.0,88,52
9626254.0,90,49
9626260.0,91,50
9626473.0,84,51
9626481.0,94,54
9626523.0,83,59
9626556.0,100,70
9626603.0,95,56
9626611.0,84,56
9626625.0,86,50
9626628.0,87,54
9626630.0,83,60
9626760.0,97,63
9626874.0,89,63
9626898.0,84,52
9626910.0,86,60
9626919.0,91,49
9626939.0,70,55
9627055.0,87,53
9627115.0,87,61
9627133.0,85,56
9627170.0,90,54
9627218.0,87,52
9627218.0,84,56
9627225.0,88,48
9627256.0,85,58
9627270.0,92,53
9627291.0,90,56
9627303.0,93,57
9627312.0,87,54
9627313.0,84,58
9627317.0,93,50
9627321.0,91,58
9627365.0,87,53
9627426.0,92,56
9627437.0,90,57
9627451.0,92,52
9627496.0,85,56
9627506.0,84,52
9627554.0,96,58
9627555.0,86,49
9627556.0,87,52
9627564.0,92,49
9627567.0,87,59
9627569.0,84,58
9627593.0,90,56
9627741.0,89,62
9627965.0,94,53
9628054.0,92,54
9628110.0,91,52
9628118.0,86,62
9628173.0,90,48
9628253.0,98,84
9628255.0,86,50
9628262.0,91,51
9628293.0,88,49
9628330.0,89,61
9628341.0,87,53
9628381.0,93,51
9628411.0,84,59
9628463.0,88,61
9628476.0,87,52
9628477.0,93,50
9628481.0,96,60
9628542.0,96,58
9628587.0,84,57
9628630.0,95,57
9628656.0,87,51
9628693.0,90,48
9628697.0,95,56
9628779.0,86,57
9628834.0,86,62
9628863.0,92,51
9628869.0,83,57
9628883.0,94,53
9628890.0,85,60
9628900.0,84,57
9628912.0,93,49
9628931.0,91,62
9628989.0,87,62
9629063.0,97,65
9629082.0,88,48
9629141.0,94,52
9629153.0,90,63
9629166.0,87,53
9629193.0,87,49
9629213.0,85,56
9629234.0,87,51
9629334.0,92,53
9629358.0,96,58
9629455.0,84,59
9629484.0,86,50
9629501.0,78,83
9629512.0,99,68
9629572.0,90,53
9629623.0,88,54
9629639.0,91,51
9629660.0,90,50
9629686.0,87,48
9629708.0,85,55
9629819.0,92,52
9629861.0,87,53
9629908.0,85,54
9629916.0,87,62
9629932.0,94,53
9629967.0,89,50
9630026.0,95,56
9630224.0,84,58
9630260.0,84,53
9630325.0,85,59
9630328.0,84,57
9630348.0,91,62
9630380.0,94,52
9630380.0,93,60
9630387.0,93,66
9630429.0,92,54
9630440.0,99,67
9630472.0,87,50
9630489.0,85,58
9630561.0,86,58
9630578.0,87,53
9630595.0,96,58
9630606.0,93,67
9630607.0,87,51
9630614.0,90,80
9630654.0,87,58
9630661.0,86,55
9630689.0,88,51
9630702.0,85,56
9630719.0,100,78
9630728.0,94,54
9630745.0,91,50
9630816.0,92,70
9630843.0,87,50
9630846.0,86,57
9630848.0,88,62
9630849.0,84,53
9630855.0,97,62
9630861.0,92,51
9630876.0,85,50
9630945.0,88,55
9630954.0,85,57
9630994.0,95,55
9631073.0,86,83
9631083.0,87,57
9631112.0,87,51
9631116.0,88,57
9631120.0,98,66
9631197.0,86,56
9631252.0,87,52
9631288.0,90,54
9631292.0,94,51
9631293.0,95,56
9631340.0,87,49
9631355.0,87,48
9631384.0,85,54
9631396.0,92,49
9631428.0,92,50
9631522.0,91,52
9631522.0,86,49
9631526.0,89,48
9631538.0,91,50
9631543.0,94,52
9631579.0,90,48
9631606.0,91,51
9631647.0,92,52
9631791.0,88,60
9631812.0,85,54
9631868.0,86,59
9632064.0,89,54
9632081.0,87,51
9632097.0,97,62
9632102.0,87,50
9632114.0,90,51
9632307.0,88,54
9632319.0,94,51
9632346.0,92,52
9632351.0,85,53
9632367.0,87,56
9632384.0,93,49
9632404.0,84,56
9632526.0,92,53
9632545.0,86,49
9632549.0,90,53
9632564.0,85,50
9632631.0,87,51
9632659.0,87,50
9632727.0,89,63
9632740.0,91,49
9632746.0,88,81
9632753.0,91,50
9632767.0,85,54
9632783.0,85,52
9632801.0,91,61
9632845.0,85,53
9632853.0,95,55
9632871.0,87,52
9632956.0,87,81
9632990.0,91,61
9633038.0,88,54
9633108.0,85,51
9633115.0,96,75
9633158.0,98,64
9633174.0,93,51
9633178.0,97,61
9633193.0,86,60
9633200.0,94,53
9633235.0,88,55
9633261.0,87,48
9633267.0,92,49
9633285.0,88,53
9633322.0,92,50
9633413.0,84,53
9633430.0,92,53
9633440.0,85,54
9633466.0,86,49
9633510.0,86,50
9633520.0,92,63
9633538.0,85,51
9633567.0,88,48
9633609.0,87,60
9633615.0,85,50
9633636.0,85,53
9633667.0,100,70
9633704.0,94,50
9633707.0,90,60
9633710.0,92,50
9633808.0,99,67
9633811.0,87,48
9633812.0,84,53
9633819.0,98,66
9633909.0,95,68
9633909.0,86,56
9633928.0,89,60
9633945.0,89,53
9633995.0,98,67
9633999.0,94,51
9634065.0,89,62
9634081.0,92,63
9634087.0,85,54
9634129.0,90,61
9634146.0,88,54
9634147.0,85,51
9634152.0,87,61
9634174.0,92,53
9634181.0,85,53
9634377.0,95,68
9634383.0,91,49
9634403.0,95,54
9634405.0,92,49
9634410.0,94,50
9634433.0,85,51
9634441.0,92,54
9634459.0,87,48
9634517.0,85,54
9634593.0,85,59
9634635.0,86,55
9634641.0,91,64
9634771.0,91,48
9634799.0,95,55
9634814.0,98,68
9634817.0,90,49
9634825.0,89,55
9634830.0,87,48
9634835.0,87,50
9634837.0,93,54
9634842.0,97,64
9634847.0,88,54
9634854.0,91,64
9634936.0,88,47
9634970.0,96,58
9635002.0,97,59
9635093.0,85,59
9635168.0,92,50
9635240.0,92,63
9635412.0,90,64
9635516.0,96,57
9635586.0,91,64
9635595.0,94,49
9635621.0,86,61
9635731.0,85,57
9635752.0,86,56
9635778.0,84,57
9635829.0,93,52
9635860.0,98,64
9635863.0,93,67
9635883.0,97,60
9635897.0,93,63
9635918.0,86,49
9635940.0,86,57
9635941.0,85,55
9635957.0,97,62
9635991.0,89,47
9635992.0,95,54
9636033.0,87,55
9636168.0,97,61
9636209.0,85,57
9636213.0,100,72
9636224.0,84,56
9636245.0,92,52
9636352.0,87,49
9636372.0,99,67
9636420.0,91,64
9636431.0,86,58
9636462.0,95,66
9636487.0,85,55
9636495.0,84,57
9636497.0,84,56
9636565.0,87,54
9636692.0,88,54
9636789.0,95,54
9636798.0,85,57
9636804.0,94,50
9636824.0,93,53
9636880.0,85,59
9636952.0,97,61
9637017.0,97,60
9637056.0,94,49
9637071.0,85,58
9637081.0,86,55
9637082.0,88,62
9637110.0,92,51
9637126.0,85,57
9637135.0,88,56
9637160.0,95,53
9637183.0,93,67
9637202.0,90,51
9637249.0,89,61
9637258.0,88,61
9637262.0,95,66
9637305.0,85,55
9637312.0,87,49
9637348.0,93,52
9637362.0,88,49
9637384.0,92,52
9637414.0,84,50
9637419.0,91,67
9637453.0,95,65
9637481.0,97,59
9637482.0,93,50
9637500.0,88,51
9637522.0,89,55
9637527.0,92,50
9637623.0,100,67
9637629.0,85,56
9637698.0,88,50
9637774.0,88,60
9637779.0,87,56
9637807.0,90,50
9637867.0,93,51
9637888.0,88,53
9637934.0,84,50
9637987.0,91,51
9637988.0,93,53
9637999.0,94,49
9638012.0,86,59
9638030.0,100,67
9638037.0,91,62
9638046.0,96,57
9638154.0,91,48
9638181.0,95,54
9638182.0,85,57
9638222.0,88,49
9638256.0,89,57
9638394.0,88,47
9638477.0,96,56
9638503.0,90,63
9638517.0,85,57
9638533.0,95,52
9638605.0,100,81
9638625.0,91,63
9638631.0,84,55
9638645.0,95,53
9638699.0,83,71
9638715.0,88,53
9638758.0,87,59
9638787.0,92,52
9638897.0,92,50
9638951.0,97,60
9639016.0,100,81
9639040.0,99,67
9639147.0,98,68
9639181.0,92,51
9639231.0,87,57
9639307.0,90,48
9639323.0,95,51
9639339.0,85,50
9639353.0,93,50
9639360.0,97,61
9639363.0,93,52
9639365.0,90,54
9639372.0,95,52
9639409.0,88,48
9639412.0,92,61
9639442.0,96,56
9639448.0,87,60
9639470.0,93,49
9639478.0,91,53
9639509.0,95,53
9639546.0,89,54
9639559.0,86,49
9639602.0,97,60
9639609.0,91,54
9639614.0,87,49
9639661.0,87,48
9639676.0,96,73
9639680.0,93,49
9639716.0,88,61
9639717.0,86,57
9639744.0,93,54
9639775.0,93,53
9639783.0,91,47
9639861.0,88,48
9639880.0,90,54
9639907.0,87,56
9639929.0,92,50
9639929.0,88,49
9639947.0,86,49
9639965.0,54,67
9640027.0,90,49
9640043.0,99,69
9640075.0,85,50
9640139.0,93,53
9640177.0,86,55
9640179.0,92,49
9640214.0,95,51
9640228.0,93,49
9640255.0,88,52
9640258.0,86,49
9640307.0,54,67
9640309.0,85,57
9640340.0,89,62
9640350.0,87,58
9640370.0,88,58
9640384.0,92,62
9640436.0,87,48
9640437.0,86,54
9640454.0,88,49
9640510.0,85,56
9640538.0,95,50
9640589.0,95,51
9640598.0,84,56
9640624.0,86,50
9640630.0,92,66
9640634.0,92,48
9640689.0,85,53
9640698.0,87,56
9640715.0,79,82
9640730.0,91,49
9640750.0,84,50
9640830.0,86,53
9640832.0,88,47
9640840.0,92,53
9640883.0,88,48
9640889.0,92,49
9640940.0,86,49
9640947.0,97,59
9640983.0,94,63
9640987.0,86,52
9641006.0,89,53
9641009.0,90,47
9641023.0,87,50
9641050.0,86,53
9641054.0,93,51
9641061.0,84,56
9641102.0,91,47
9641116.0,87,48
9641121.0,88,51
9641162.0,95,51
9641170.0,85,50
9641178.0,80,83
9641187.0,95,52
9641237.0,86,56
9641297.0,88,48
9641300.0,91,49
9641320.0,86,52
9641336.0,87,54
9641338.0,86,55
9641375.0,86,51
9641386.0,95,54
9641444.0,93,49
9641462.0,84,50
9641473.0,85,53
9641570.0,93,50
9641589.0,93,54
9641669.0,89,60
9641689.0,90,60
9641720.0,87,48
9641774.0,93,49
9641805.0,87,52
9641819.0,87,86
9641826.0,91,50
9641833.0,95,50
9641837.0,90,47
9641875.0,91,53
9641884.0,95,53
9641899.0,85,50
9641916.0,92,49
9641958.0,86,53
9641980.0,96,55
9642027.0,88,49
9642075.0,92,48
9642085.0,87,48
9642113.0,85,56
9642180.0,87,49
9642185.0,84,61
9642286.0,88,48
9642290.0,93,53
9642293.0,84,56
9642315.0,86,53
9642412.0,87,85
9642449.0,95,51
9642463.0,95,50
9642516.0,84,50
9642530.0,87,48
9642549.0,90,47
9642561.0,97,60
9642590.0,94,55
9642615.0,97,58
9642719.0,88,60
9642752.0,88,59
9642781.0,87,55
9642792.0,93,49
9642795.0,88,49
9642797.0,89,50
9642825.0,88,50
9642837.0,88,48
9642850.0,87,48
9642954.0,85,53
9642961.0,86,52
9642961.0,85,55
9642983.0,91,48
9643008.0,86,53
9643020.0,89,61
9643027.0,92,48
9643033.0,87,55
9643041.0,93,49
9643082.0,86,50
9643096.0,85,61
9643108.0,86,49
9643152.0,89,50
9643224.0,91,47
9643290.0,85,53
9643366.0,95,49
9643375.0,100,72
9643454.0,86,52
9643524.0,93,53
9643621.0,101,76
9643709.0,89,54
9643746.0,86,58
9643945.0,87,59
9643956.0,93,49
9643995.0,85,61
9644016.0,86,56
9644034.0,87,56
9644075.0,91,60
9644090.0,95,49
9644100.0,86,52
9644168.0,89,47
9644207.0,85,55
9644208.0,87,55
9644214.0,93,52
9644292.0,87,60
9644342.0,90,61
9644415.0,89,53
9644515.0,96,68
9644533.0,93,61
9644544.0,92,54
9644549.0,88,56
9644557.0,86,52
9644616.0,94,51
9644819.0,89,54
9644832.0,96,56
9644905.0,90,53
9644959.0,89,52
9645068.0,95,50
9645092.0,89,57
9645103.0,95,49
9645116.0,94,53
9645147.0,89,49
9645196.0,93,52
9645230.0,86,52
9645246.0,68,53
9645282.0,88,57
9645288.0,93,51
9645341.0,87,55
9645380.0,97,58
9645390.0,97,68
9645461.0,88,59
9645495.0,85,55
9645496.0,96,55
9645560.0,89,52
9645699.0,90,62
9645721.0,89,51
9645722.0,87,48
9645742.0,86,54
9645770.0,100,69
9645795.0,87,54
9646008.0,93,51
9646034.0,94,50
9646050.0,87,58
9646063.0,97,57
9646068.0,89,53
9646088.0,96,54
9646104.0,87,54
9646121.0,88,48
9646138.0,87,48
9646152.0,86,51
9646218.0,94,52
9646273.0,90,51
9646281.0,88,55
9646298.0,91,61
9646317.0,89,48
9646319.0,88,58
9646335.0,87,58
9646356.0,92,53
9646360.0,86,57
9646372.0,96,53
9646374.0,85,54
9646472.0,99,68
9646478.0,93,52
9646535.0,94,51
9646627.0,94,52
9646694.0,93,50
9646732.0,97,69
9646798.0,94,53
9646840.0,86,54
9646842.0,90,50
9646862.0,96,54
9646864.0,87,48
9646900.0,87,55
9646944.0,89,49
9646994.0,97,57
9647005.0,91,47
9647059.0,86,55
9647078.0,92,47
9647083.0,86,52
9647176.0,88,48
9647238.0,91,50
9647247.0,98,69
9647276.0,92,55
9647285.0,94,49
9647295.0,91,62
9647325.0,89,50
9647352.0,94,52
9647390.0,87,54
9647442.0,86,54
9647444.0,87,55
9647453.0,87,56
9647555.0,89,47
9647601.0,94,49
9647671.0,87,48
9647673.0,91,49
9647679.0,93,49
9647682.0,98,70
9647710.0,94,62
9647754.0,87,59
9647765.0,87,58
9647787.0,96,53
9647794.0,96,52
9647814.0,96,51
9647821.0,98,64
9647834.0,95,63
9647843.0,89,48
9647844.0,92,51
9647860.0,91,57
9647893.0,91,62
9647924.0,87,57
9647980.0,93,62
9648016.0,93,50
9648044.0,94,51
9648125.0,87,48
9648200.0,94,49
9648258.0,89,51
9648296.0,87,49
9648329.0,86,57
9648432.0,86,56
9648445.0,87,53
9648448.0,89,48
9648488.0,93,48
9648488.0,99,65
9648510.0,92,49
9648551.0,96,54
9648611.0,94,54
9648621.0,94,50
9648727.0,87,48
9648839.0,94,53
9648845.0,89,52
9648856.0,93,49
9648861.0,95,48
9648867.0,91,47
9648971.0,98,65
9648980.0,90,52
9648994.0,89,60
9649087.0,96,51
9649105.0,88,61
9649122.0,90,46
9649310.0,89,49
9649369.0,89,61
9649418.0,87,48
9649453.0,85,55
9649478.0,86,55
9649546.0,96,52
9649568.0,97,56
9649590.0,88,61
9649628.0,96,50
9649633.0,90,60
9649712.0,91,47
9649722.0,93,48
9649820.0,89,61
9649841.0,96,53
9649860.0,89,47
9649871.0,88,60
9649876.0,92,63
9649933.0,94,49
9649960.0,89,76
9649992.0,89,51
9650055.0,90,60
9650057.0,93,66
9650086.0,92,60
9650089.0,90,54
9650117.0,91,46
9650122.0,99,66
9650164.0,87,48
9650240.0,88,61
9650258.0,75,92
9650296.0,89,50
9650311.0,95,48
9650357.0,89,49
9650448.0,89,61
9650498.0,96,51
9650510.0,99,67
9650550.0,90,53
9650566.0,94,53
9650618.0,95,64
9650674.0,96,50
9650800.0,88,61
9650848.0,87,58
9650864.0,93,47
9650868.0,92,62
9650875.0,87,56
9650904.0,87,54
9650969.0,89,56
9650990.0,97,57
9650999.0,96,54
9651054.0,90,62
9651068.0,86,77
9651069.0,88,58
9651098.0,87,49
9651185.0,87,56
9651231.0,99,65
9651250.0,87,53
9651313.0,96,49
9651336.0,99,68
9651453.0,86,56
9651473.0,85,54
9651492.0,90,54
9651494.0,87,51
9651526.0,97,57
9651548.0,88,56
9651563.0,87,58
9651571.0,88,54
9651594.0,97,56
9651606.0,89,48
9651799.0,87,56
9651800.0,88,61
9651936.0,76,91
9652076.0,88,55
9652078.0,86,56
9652088.0,87,54
9652103.0,93,66
9652187.0,96,49
9652294.0,88,57
9652299.0,89,59
9652305.0,87,55
9652308.0,92,48
9652312.0,86,59
9652412.0,86,55
9652458.0,98,64
9652463.0,87,58
9652482.0,90,47
9652484.0,87,56
9652512.0,87,55
9652620.0,91,71
9652625.0,89,59
9652635.0,98,59
9652707.0,87,58
9652770.0,91,46
9652822.0,91,57
9652835.0,91,63
9652893.0,97,55
9652896.0,93,47
9653058.0,88,59
9653062.0,97,56
9653095.0,94,52
9653154.0,92,70
9653187.0,92,68
9653211.0,86,53
9653250.0,100,68
9653259.0,89,59
9653324.0,86,59
9653327.0,91,54
9653334.0,92,47
9653337.0,89,48
9653345.0,88,48
9653444.0,95,51
9653551.0,92,66
9653596.0,87,55
9653607.0,93,66
9653690.0,87,54
9653707.0,87,57
9653738.0,93,54
9653752.0,97,55
9653804.0,96,50
9653831.0,90,53
9653844.0,90,57
9653845.0,91,71
9653874.0,91,46
9653959.0,90,46
9654005.0,85,73
9654049.0,82,71
9654095.0,96,49
9654099.0,100,70
9654111.0,91,71
9654150.0,94,51
9654349.0,95,50
9654360.0,95,54
9654395.0,100,71
9654444.0,97,55
9654494.0,94,52
9654496.0,90,49
9654510.0,88,58
9654600.0,90,52
9654613.0,95,52
9654627.0,89,49
9654647.0,94,50
9654660.0,99,67
9654673.0,92,72
9654676.0,88,55
9654683.0,89,58
9654811.0,88,53
9654857.0,86,54
9654868.0,90,53
9654908.0,90,49
9654951.0,97,54
9654955.0,87,58
9655032.0,97,57
9655083.0,95,53
9655085.0,90,48
9655102.0,86,53
9655112.0,90,47
9655159.0,97,55
9655189.0,94,49
9655194.0,88,48
9655204.0,95,49
9655206.0,98,58
9655212.0,94,51
9655249.0,92,72
9655299.0,87,52
9655350.0,90,54
9655405.0,95,48
9655467.0,87,55
9655607.0,95,51
9655647.0,95,50
9655651.0,89,55
9655704.0,98,59
9655760.0,90,52
9655765.0,88,54
9655861.0,97,53
9655892.0,97,52
9655912.0,91,52
9655917.0,94,50
9656007.0,88,49
9656009.0,88,53
9656010.0,94,48
9656048.0,99,66
9656050.0,92,73
9656079.0,86,54
9656113.0,94,49
9656132.0,92,72
9656178.0,86,55
9656222.0,98,60
9656226.0,88,54
9656234.0,96,48
9656235.0,95,53
9656311.0,99,66
9656367.0,95,54
9656374.0,97,51
9656462.0,87,53
9656663.0,95,52
9656860.0,97,54
9656877.0,88,54
9656907.0,94,48
9656947.0,90,46
9656949.0,97,52
9656959.0,97,50
9656971.0,94,47
9657003.0,98,61
9657025.0,91,50
9657033.0,88,59
9657051.0,98,62
9657062.0,90,59
9657062.0,88,48
9657089.0,95,49
9657110.0,99,67
9657174.0,97,53
9657200.0,86,55
9657264.0,90,61
9657307.0,96,48
9657321.0,100,68
9657353.0,87,53
9657433.0,97,55
9657515.0,90,61
9657606.0,99,65
9657640.0,86,53
9657666.0,91,50
9657687.0,86,54
9657694.0,89,53
9657695.0,98,67
9657801.0,91,60
9657830.0,90,60
9657858.0,99,66
9657879.0,89,62
9657914.0,88,54
9657927.0,94,47
9657930.0,98,59
9657935.0,92,74
9657982.0,97,54
9658022.0,97,56
9658027.0,88,52
9658030.0,90,50
9658035.0,89,53
9658047.0,97,50
9658066.0,87,53
9658090.0,94,55
9658149.0,97,53
9658180.0,94,53
9658195.0,88,49
9658219.0,97,51
9658225.0,98,58
9658236.0,97,52
9658251.0,88,50
9658297.0,93,52
9658303.0,86,56
9658324.0,93,55
9658354.0,91,62
9658414.0,97,49
9658460.0,88,49
9658494.0,87,54
9658558.0,85,55
9658571.0,89,62
9658618.0,99,64
9658660.0,93,55
9658696.0,92,63
9658724.0,98,63
9658738.0,92,50
9658856.0,90,58
9658865.0,94,47
9658917.0,88,53
9658945.0,97,51
9658993.0,87,57
9659033.0,91,62
9659071.0,92,63
9659093.0,88,57
9659124.0,95,53
9659131.0,69,49
9659180.0,87,49
9659185.0,93,47
9659212.0,89,52
9659236.0,87,53
9659258.0,98,60
9659270.0,88,51
9659272.0,90,52
9659414.0,88,53
9659417.0,93,61
9659437.0,97,49
9659452.0,95,53
9659464.0,88,58
9659481.0,87,49
9659601.0,98,58
9659627.0,98,57
9659670.0,83,71
9659684.0,93,65
9659686.0,69,49
9659742.0,91,46
9659764.0,91,49
9659790.0,89,58
9659907.0,88,51
9659988.0,88,55
9659994.0,87,56
9660022.0,97,54
9660028.0,97,53
9660045.0,91,49
9660097.0,91,54
9660100.0,86,53
9660171.0,97,50
9660224.0,86,84
9660313.0,90,57
9660349.0,96,54
9660353.0,88,52
9660355.0,94,66
9660392.0,89,48
9660430.0,98,48
9660463.0,90,47
9660593.0,91,47
9660608.0,98,64
9660659.0,88,53
9660702.0,98,62
9660732.0,91,48
9660802.0,95,60
9660806.0,93,62
9660807.0,93,51
9660849.0,97,49
9660877.0,90,61
9660900.0,93,48
9660951.0,89,54
9660981.0,95,53
9660993.0,88,49
9661106.0,91,46
9661111.0,91,56
9661120.0,91,52
9661160.0,98,57
9661174.0,98,48
9661176.0,86,54
9661191.0,93,47
9661232.0,88,49
9661295.0,96,48
9661340.0,90,47
9661342.0,91,49
9661383.0,88,56
9661419.0,88,53
9661433.0,89,50
9661464.0,93,47
9661564.0,89,62
9661581.0,85,53
9661591.0,96,59
9661615.0,91,50
9661648.0,94,66
9661701.0,93,51
9661703.0,89,53
9661808.0,91,51
9661879.0,96,50
9661907.0,85,53
9661917.0,91,62
9661921.0,91,47
9661949.0,100,72
9661966.0,95,51
9662044.0,87,54
9662067.0,98,56
9662069.0,88,51
9662107.0,89,62
9662117.0,96,51
9662134.0,93,46
9662178.0,91,53
9662183.0,97,48
9662238.0,99,64
9662252.0,91,62
9662276.0,93,47
9662339.0,90,47
9662441.0,95,50
9662459.0,88,53
9662464.0,95,52
9662565.0,96,49
9662620.0,91,48
9662645.0,100,71
9662660.0,93,47
9662689.0,87,55
9662710.0,95,53
9662807.0,95,48
9662816.0,91,46
9662860.0,98,56
9662866.0,93,46
9662999.0,89,48
9663033.0,91,52
9663091.0,100,67
9663094.0,85,53
9663153.0,91,48
9663176.0,100,71
9663298.0,99,66
9663302.0,100,70
9663408.0,96,48
9663429.0,97,48
9663432.0,88,53
9663462.0,91,46
9663466.0,93,48
9663466.0,95,47
9663483.0,99,65
9663483.0,96,50
9663516.0,98,57
9663574.0,95,52
9663645.0,96,52
9663731.0,98,68
9663732.0,95,51
9663772.0,95,49
9663784.0,99,67
9663795.0,99,70
9663837.0,96,49
9663844.0,86,53
9663888.0,87,54
9664067.0,93,46
9664138.0,95,48
9664163.0,95,50
9664217.0,96,51
9664220.0,97,48
9664240.0,98,56
9664251.0,87,53
9664295.0,91,53
9664317.0,91,52
9664324.0,99,67
9664602.0,96,54
9664713.0,95,47
9664732.0,89,53
9664750.0,90,54
9664800.0,91,59
9664888.0,98,53
9664936.0,95,52
9664982.0,98,64
9664992.0,89,57
9665008.0,98,56
9665040.0,98,55
9665152.0,96,50
9665191.0,89,54
9665219.0,93,59
9665226.0,99,67
9665241.0,93,58
9665307.0,98,52
9665339.0,91,47
9665348.0,100,69
9665362.0,95,47
9665466.0,91,58
9665477.0,89,49
9665515.0,89,60
9665523.0,96,52
9665553.0,92,63
9665576.0,98,49
9665581.0,89,52
9665697.0,98,57
9665702.0,91,46
9665710.0,98,51
9665716.0,94,48
9665743.0,93,60
9666004.0,95,63
9666008.0,98,55
9666030.0,96,53
9666037.0,91,46
9666069.0,89,59
9666103.0,99,63
9666158.0,88,54
9666240.0,91,52
9666241.0,87,53
9666245.0,91,47
9666249.0,96,49
9666254.0,89,50
9666276.0,89,51
9666279.0,98,50
9666287.0,92,57
9666288.0,97,52
9666389.0,90,55
9666456.0,98,51
9666473.0,98,52
9666526.0,90,47
9666528.0,100,67
9666617.0,98,49
9666628.0,92,46
9666639.0,90,58
9666652.0,98,54
9666674.0,87,52
9666729.0,90,49
9666767.0,87,54
9666783.0,92,52
9666785.0,79,90
9666887.0,87,55
9666903.0,96,51
9666922.0,94,47
9666926.0,79,91
9666955.0,89,59
9667003.0,86,55
9667011.0,93,56
9667069.0,88,55
9667132.0,98,53
9667187.0,98,50
9667192.0,98,55
9667201.0,88,58
9667202.0,92,56
9667206.0,90,60
9667213.0,88,57
9667224.0,94,62
9667283.0,91,51
9667305.0,98,61
9667317.0,79,91
9667321.0,86,55
9667386.0,94,63
9667437.0,90,49
9667459.0,98,49
9667467.0,92,61
9667525.0,95,54
9667530.0,96,53
9667589.0,98,63
9667700.0,89,56
9667701.0,90,47
9667849.0,88,58
9667862.0,87,53
9667864.0,91,47
9667928.0,92,46
9667982.0,98,54
9667986.0,88,56
9668000.0,92,50
9668034.0,99,67
9668044.0,84,76
9668101.0,89,52
9668112.0,88,57
9668116.0,89,51
9668158.0,94,66
9668169.0,91,60
9668187.0,89,59
9668189.0,98,53
9668210.0,67,47
9668254.0,97,60
9668285.0,79,91
9668290.0,92,62
9668397.0,89,50
9668468.0,92,47
9668480.0,88,52
9668508.0,69,51
9668587.0,89,59
9668666.0,93,45
9668690.0,88,58
9668747.0,93,65
9668807.0,91,62
9668867.0,89,50
9668967.0,97,49
9669001.0,89,53
9669006.0,90,47
9669074.0,94,51
9669094.0,100,67
9669184.0,88,58
9669190.0,90,59
9669298.0,97,48
9669308.0,88,57
9669348.0,96,49
9669364.0,91,54
9669397.0,91,62
9669425.0,94,46
9669429.0,88,52
9669463.0,89,59
9669482.0,90,59
9669487.0,96,50
9669506.0,98,59
9669520.0,98,48
9669553.0,89,57
9669588.0,87,53
9669595.0,92,46
9669703.0,92,48
9669704.0,92,64
9669713.0,96,48
9669761.0,90,57
9669782.0,89,57
9669854.0,91,61
9669886.0,69,50
9669975.0,91,46
9669979.0,90,56
9670023.0,95,48
9670046.0,92,51
9670064.0,92,49
9670083.0,89,59
9670136.0,93,61
9670169.0,95,72
9670177.0,99,63
9670209.0,94,46
9670227.0,88,57
9670233.0,96,51
9670239.0,91,61
9670249.0,88,52
9670254.0,97,51
9670254.0,92,51
9670257.0,98,54
9670266.0,97,49
9670294.0,90,48
9670322.0,98,52
9670328.0,89,58
9670370.0,90,54
9670390.0,92,53
9670398.0,97,50
9670429.0,92,48
9670449.0,96,47
9670450.0,96,49
9670456.0,92,49
9670459.0,92,64
9670535.0,96,50
9670542.0,94,49
9670618.0,94,47
9670628.0,90,49
9670638.0,95,48
9670685.0,89,53
9670754.0,98,48
9670759.0,89,59
9670784.0,96,48
9670793.0,97,50
9670804.0,88,53
9670821.0,93,48
9670822.0,96,52
9670989.0,92,47
9671011.0,90,47
9671101.0,99,59
9671244.0,92,53
9671258.0,97,50
9671259.0,96,50
9671405.0,96,47
9671412.0,90,53
9671420.0,93,65
9671485.0,95,47
9671487.0,101,82
9671492.0,87,56
9671502.0,86,55
9671551.0,94,66
9671580.0,89,59
9671582.0,90,55
9671593.0,88,54
9671617.0,94,47
9671642.0,89,57
9671669.0,97,53
9671676.0,96,51
9671691.0,94,48
9671745.0,97,51
9671782.0,88,55
9671825.0,92,47
9671827.0,99,58
9671897.0,79,86
9671919.0,80,86
9672061.0,80,85
9672081.0,90,48
9672228.0,90,49
9672235.0,99,51
9672249.0,97,49
9672311.0,92,52
9672325.0,89,59
9672343.0,96,53
9672361.0,94,53
9672395.0,99,49
9672406.0,100,70
9672417.0,101,71
9672516.0,99,59
9672543.0,99,50
9672629.0,97,52
9672646.0,96,52
9672743.0,100,70
9672787.0,100,69
9673004.0,99,68
9673066.0,89,58
9673129.0,99,51
9673130.0,90,52
9673143.0,89,52
9673232.0,91,51
9673301.0,94,65
9673520.0,95,67
9673528.0,99,49
9673545.0,98,55
9673545.0,97,53
9673546.0,90,53
9673593.0,99,57
9673677.0,99,52
9673712.0,89,59
9673893.0,92,51
9673932.0,97,52
9673962.0,95,53
9673986.0,90,59
9673989.0,90,53
9674013.0,88,53
9674039.0,99,51
9674079.0,65,77
9674150.0,99,50
9674186.0,93,53
9674210.0,99,54
9674268.0,89,52
9674274.0,90,50
9674276.0,97,54
9674335.0,95,52
9674388.0,93,46
9674435.0,99,52
9674505.0,89,57
9674539.0,99,49
9674652.0,95,48
9674665.0,88,54
9674684.0,89,56
9674720.0,90,52
9674755.0,90,53
9674764.0,99,56
9674827.0,89,54
9674861.0,98,56
9674892.0,91,49
9674906.0,88,55
9674936.0,91,48
9674970.0,100,69
9675003.0,99,51
9675079.0,96,46
9675094.0,95,46
9675108.0,89,55
9675135.0,99,53
9675170.0,89,52
9675179.0,90,53
9675200.0,98,53
9675209.0,93,45
9675228.0,99,57
9675298.0,93,51
9675378.0,91,70
9675414.0,98,48
9675420.0,91,46
9675434.0,95,47
9675457.0,97,53
9675483.0,90,48
9675644.0,90,57
9675664.0,90,53
9675684.0,99,52
9675701.0,89,53
9675702.0,95,53
9675703.0,101,73
9675704.0,99,59
9675742.0,99,58
9675787.0,99,55
9675807.0,90,58
9675917.0,97,52
9675946.0,91,57
9675968.0,90,54
9676034.0,93,46
9676045.0,93,47
9676192.0,88,53
9676240.0,91,46
9676257.0,95,49
9676276.0,95,46
9676304.0,91,47
9676337.0,93,52
9676351.0,90,49
9676367.0,100,68
9676372.0,93,50
9676391.0,92,71
9676430.0,98,54
9676433.0,97,52
9676443.0,87,52
9676492.0,91,58
9676535.0,89,50
9676537.0,99,56
9676546.0,97,47
9676566.0,98,49
9676569.0,88,52
9676577.0,90,51
9676583.0,99,53
9676630.0,91,47
9676639.0,90,56
9676643.0,93,48
9676653.0,95,51
9676654.0,93,49
9676660.0,99,67
9676681.0,97,50
9676704.0,95,48
9676726.0,90,49
9676734.0,97,49
9676740.0,93,52
9676751.0,99,48
9676770.0,96,54
9676838.0,94,61
9676940.0,91,46
9676957.0,99,55
9677007.0,88,56
9677040.0,95,46
9677094.0,90,50
9677129.0,89,50
9677200.0,90,59
9677279.0,93,47
9677289.0,93,52
9677302.0,97,51
9677324.0,89,52
9677330.0,91,62
9677396.0,91,47
9677402.0,99,60
9677422.0,97,48
9677429.0,91,51
9677486.0,97,47
9677510.0,100,66
9677524.0,99,56
9677527.0,93,51
9677548.0,92,62
9677570.0,98,48
9677573.0,91,62
9677598.0,93,49
9677626.0,93,52
9677685.0,95,45
9677693.0,93,64
9677698.0,98,50
9677717.0,87,52
9677719.0,99,57
9677726.0,99,54
9677741.0,89,56
9677745.0,97,49
9677770.0,98,49
9677784.0,97,51
9677885.0,88,56
9677906.0,99,55
9677918.0,95,48
9677922.0,91,46
9677931.0,90,53
9677946.0,98,48
9677947.0,93,49
9677965.0,96,53
9678119.0,88,54
9678148.0,91,48
9678159.0,88,52
9678171.0,87,52
9678270.0,93,46
9678315.0,95,49
9678449.0,97,50
9678454.0,92,49
9678463.0,99,53
9678511.0,91,55
9678516.0,95,47
9678689.0,93,52
9678713.0,96,51
9678817.0,93,53
9678913.0,95,50
9678945.0,92,62
9678985.0,99,54
9678995.0,98,51
9679091.0,88,56
9679101.0,100,65
9679147.0,93,47
9679191.0,97,52
9679318.0,91,52
9679337.0,92,62
9679364.0,99,58
9679391.0,95,51
9679461.0,99,55
9679465.0,98,51
9679520.0,91,54
9679533.0,89,53
9679552.0,98,54
9679577.0,97,47
9679590.0,99,52
9679651.0,88,52
9679652.0,92,52
9679657.0,91,50
9679674.0,97,51
9679712.0,92,48
9679726.0,98,49
9679799.0,95,66
9679799.0,100,51
9679875.0,89,51
9679884.0,91,59
9679947.0,100,50
9679966.0,89,57
9679967.0,93,51
9679971.0,94,45
9680001.0,100,49
9680040.0,91,48
9680118.0,98,50
9680119.0,90,52
9680169.0,98,51
9680176.0,89,58
9680273.0,95,45
9680275.0,97,52
9680401.0,98,51
9680441.0,96,47
9680442.0,88,53
9680493.0,93,52
9680501.0,93,46
9680575.0,91,60
9680578.0,89,51
9680629.0,91,49
9680699.0,89,52
9680707.0,97,53
9680722.0,89,57
9680769.0,98,50
9680780.0,96,47
9681003.0,89,55
9681024.0,100,51
9681064.0,92,51
9681105.0,91,57
9681121.0,92,55
9681167.0,89,51
9681196.0,93,51
9681261.0,96,61
9681273.0,97,46
9681280.0,93,46
9681301.0,94,46
9681358.0,91,53
9681385.0,79,87
9681432.0,90,52
9681542.0,93,52
9681552.0,98,52
9681554.0,98,51
9681652.0,91,51
9681670.0,89,51
9681799.0,100,50
9681826.0,99,50
9681844.0,100,51
9681906.0,91,51
9681974.0,91,50
9681998.0,89,57
9682020.0,100,52
9682030.0,100,49
9682079.0,91,52
9682116.0,91,49
9682120.0,98,51
9682127.0,100,68
9682132.0,90,57
9682148.0,80,88
9682162.0,88,75
9682261.0,96,47
9682362.0,93,56
9682398.0,90,58
9682432.0,91,49
9682466.0,99,67
9682490.0,88,75
9682491.0,89,57
9682512.0,92,47
9682531.0,89,51
9682545.0,98,47
9682687.0,89,56
9682724.0,90,55
9682736.0,93,59
9682792.0,96,46
9682829.0,91,51
9682835.0,88,51
9682846.0,93,46
9682850.0,97,53
9682992.0,90,52
9683030.0,91,49
9683033.0,98,53
9683071.0,91,51
9683085.0,98,52
9683097.0,94,47
9683112.0,89,56
9683120.0,91,47
9683133.0,100,52
9683167.0,96,48
9683184.0,99,49
9683235.0,98,51
9683241.0,100,67
9683354.0,89,57
9683383.0,91,49
9683414.0,100,67
9683416.0,93,60
9683437.0,88,52
9683469.0,94,48
9683472.0,91,52
9683520.0,89,52
9683537.0,94,45
9683595.0,96,49
9683597.0,99,53
9683612.0,96,50
9683646.0,98,57
9683665.0,99,66
9683684.0,100,51
9683700.0,92,47
9683757.0,91,51
9683774.0,89,56
9683781.0,96,48
9683801.0,89,57
9683816.0,96,53
9683868.0,91,54
9683870.0,78,123
9683890.0,94,46
9683926.0,88,51
9683974.0,93,49
9684009.0,100,53
9684011.0,89,51
9684042.0,98,49
9684130.0,99,50
9684159.0,96,49
9684159.0,96,45
9684163.0,89,53
9684169.0,99,54
9684185.0,96,47
9684269.0,93,49
9684285.0,99,49
9684306.0,89,54
9684388.0,98,48
9684403.0,100,52
9684408.0,96,46
9684434.0,91,51
9684513.0,94,49
9684523.0,91,50
9684525.0,89,56
9684624.0,92,49
9684674.0,99,55
9684676.0,94,60
9684744.0,91,47
9684747.0,98,53
9684750.0,100,50
9684766.0,99,53
9684836.0,90,56
9684850.0,92,50
9684871.0,97,54
9684890.0,95,45
9684920.0,100,49
9684977.0,94,49
9684984.0,98,49
9685038.0,98,47
9685071.0,101,69
9685115.0,96,45
9685125.0,91,50
9685366.0,75,99
9685372.0,94,46
9685390.0,99,50
9685445.0,91,49
9685483.0,94,47
9685488.0,100,65
9685560.0,91,51
9685572.0,90,51
9685592.0,98,50
9685600.0,92,47
9685742.0,89,52
9685756.0,91,51
9685757.0,100,53
9685761.0,94,50
9685765.0,92,51
9685777.0,89,53
9685830.0,99,50
9685843.0,93,46
9685854.0,94,49
9685861.0,96,45
9685868.0,94,52
9685906.0,99,64
9685977.0,89,55
9686101.0,89,54
9686133.0,91,49
9686166.0,94,46
9686172.0,100,64
9686192.0,90,51
9686200.0,99,48
9686228.0,94,50
9686248.0,98,48
9686327.0,99,49
9686374.0,99,50
9686401.0,94,49
9686444.0,101,49
9686458.0,98,50
9686471.0,100,53
9686492.0,98,53
9686554.0,97,46
9686593.0,99,64
9686608.0,98,51
9686616.0,101,50
9686629.0,89,55
9686657.0,99,50
9686673.0,91,58
9686756.0,90,81
9686774.0,90,58
9686798.0,90,51
9686910.0,90,57
9686952.0,94,53
9686952.0,91,58
9686997.0,99,51
9687005.0,100,54
9687072.0,99,59
9687115.0,97,46
9687121.0,98,49
9687260.0,95,45
9687318.0,94,46
9687332.0,69,55
9687332.0,92,48
9687383.0,89,51
9687421.0,90,51
9687480.0,100,58
9687575.0,93,46
9687589.0,100,59
9687603.0,98,51
9687684.0,101,52
9687686.0,101,50
9687688.0,101,51
9687701.0,89,55
9687726.0,98,52
9687749.0,94,65
9687751.0,100,56
9687834.0,91,52
9687866.0,97,51
9687899.0,101,49
9687980.0,100,54
9688052.0,92,49
9688062.0,91,82
9688069.0,99,54
9688116.0,100,55
9688188.0,99,51
9688266.0,91,51
9688315.0,101,71
9688321.0,90,53
9688395.0,98,46
9688410.0,96,50
9688411.0,89,52
9688414.0,95,69
9688470.0,93,61
9688502.0,99,56
9688513.0,96,52
9688554.0,90,82
9688592.0,100,68
9688608.0,89,53
9688614.0,97,46
9688618.0,91,51
9688621.0,98,52
9688650.0,100,53
9688662.0,97,53
9688673.0,91,52
9688760.0,93,46
9688768.0,98,63
9688828.0,101,72
9688840.0,94,51
9688876.0,95,45
9688915.0,95,46
9688948.0,101,51
9688953.0,100,56
9688971.0,90,52
9689014.0,100,54
9689069.0,101,50
9689090.0,95,68
9689111.0,89,51
9689147.0,97,45
9689201.0,90,51
9689216.0,100,57
9689222.0,91,51
9689224.0,97,47
9689259.0,99,62
9689260.0,93,46
9689289.0,101,49
9689321.0,100,58
9689362.0,101,73
9689414.0,90,82
9689436.0,92,51
9689471.0,91,51
9689492.0,100,59
9689612.0,97,48
9689696.0,100,55
9689708.0,97,49
9689710.0,94,51
9689715.0,101,52
9689726.0,100,64
9689732.0,97,52
9689747.0,98,53
9689769.0,98,52
9689779.0,101,73
9689783.0,96,51
9689824.0,90,55
9689920.0,90,56
9689933.0,97,49
9689939.0,101,51
9689941.0,99,50
9689960.0,91,52
9689992.0,100,56
9690040.0,94,52
9690053.0,100,49
9690096.0,99,51
9690123.0,101,72
9690181.0,93,66
9690214.0,97,46
9690220.0,89,51
9690240.0,99,52
9690244.0,96,46
9690277.0,99,47
9690364.0,93,52
9690414.0,97,48
9690425.0,99,48
9690464.0,91,71
9690483.0,92,52
9690582.0,92,50
9690585.0,92,49
9690642.0,97,49
9690643.0,100,52
9690643.0,93,71
9690655.0,93,47
9690658.0,101,72
9690698.0,101,73
9690717.0,93,46
9690743.0,95,46
9690766.0,91,58
9690781.0,100,58
9690813.0,91,56
9691046.0,92,53
9691058.0,92,49
9691064.0,93,65
9691066.0,97,49
9691076.0,90,57
9691088.0,95,48
9691150.0,100,57
9691216.0,100,49
9691265.0,99,48
9691270.0,101,52
9691274.0,93,46
9691344.0,92,70
9691382.0,91,59
9691400.0,99,49
9691408.0,92,51
9691410.0,95,46
9691418.0,101,73
9691510.0,98,51
9691621.0,93,48
9691681.0,90,54
9691729.0,101,49
9691852.0,100,55
9691882.0,97,52
9691891.0,101,72
9691896.0,91,59
9691901.0,99,52
9691930.0,93,46
9691965.0,99,47
9691989.0,94,52
9692038.0,90,55
9692113.0,97,45
9692152.0,95,46
9692162.0,93,69
9692173.0,98,46
9692296.0,97,50
9692311.0,99,50
9692372.0,101,72
9692385.0,92,52
9692393.0,100,57
9692419.0,98,53
9692435.0,90,56
9692450.0,99,49
9692461.0,88,79
9692495.0,100,50
9692499.0,92,49
9692546.0,93,47
9692548.0,100,59
9692556.0,92,57
9692567.0,95,49
9692575.0,100,67
9692605.0,97,47
9692630.0,91,51
9692652.0,96,45
9692660.0,101,67
9692711.0,96,64
9692747.0,100,56
9692815.0,93,46
9692842.0,97,50
9692995.0,101,53
9693044.0,93,46
9693059.0,99,53
9693097.0,97,48
9693148.0,101,72
9693242.0,91,49
9693259.0,91,57
9693278.0,92,59
9693279.0,91,59
9693302.0,99,50
9693304.0,90,52
9693314.0,93,50
9693340.0,93,49
9693365.0,92,53
9693386.0,92,51
9693389.0,101,67
9693456.0,91,51
9693458.0,94,46
9693460.0,97,45
9693490.0,92,50
9693556.0,90,58
9693614.0,89,51
9693649.0,100,49
9693749.0,90,50
9693751.0,95,46
9693754.0,92,51
9693757.0,92,50
9693790.0,89,56
9693815.0,92,59
9693869.0,99,63
9693874.0,91,49
9693966.0,94,55
9693968.0,90,58
9694140.0,97,51
9694174.0,95,50
9694187.0,99,53
9694226.0,102,49
9694227.0,95,51
9694239.0,99,51
9694249.0,98,47
9694283.0,92,51
9694295.0,91,51
9694315.0,93,50
9694326.0,101,50
9694411.0,89,56
9694442.0,100,53
9694482.0,99,46
9694535.0,101,52
9694585.0,100,50
9694596.0,89,51
9694731.0,96,45
9694742.0,97,50
9694819.0,100,51
9694844.0,90,50
9694912.0,90,55
9694932.0,92,54
9694951.0,102,49
9694986.0,90,51
9694988.0,97,49
9695057.0,94,46
9695084.0,99,51
9695133.0,97,52
9695197.0,89,56
9695206.0,96,49
9695239.0,87,78
9695276.0,90,58
9695310.0,91,58
9695325.0,89,51
9695356.0,96,46
9695391.0,89,52
9695569.0,101,53
9695592.0,97,52
9695675.0,90,54
9695685.0,94,56
9695743.0,95,52
9695763.0,93,49
9695766.0,90,52
9695845.0,91,58
9695875.0,98,47
9695885.0,89,52
9695907.0,100,47
9695948.0,102,49
9695958.0,99,52
9695992.0,93,53
9696027.0,95,52
9696070.0,94,49
9696076.0,102,51
9696120.0,86,81
9696155.0,102,50
9696192.0,100,70
9696197.0,97,51
9696279.0,90,58
9696298.0,100,51
9696345.0,96,50
9696374.0,101,54
9696393.0,97,52
9696413.0,101,49
9696417.0,91,58
9696494.0,91,59
9696511.0,98,46
9696558.0,99,52
9696568.0,92,50
9696571.0,89,52
9696631.0,98,48
9696638.0,100,54
9696663.0,89,56
9696706.0,99,50
9696715.0,92,53
9696738.0,98,45
9696821.0,91,59
9696934.0,91,58
9696993.0,94,48
9697053.0,92,52
9697162.0,98,49
9697245.0,91,54
9697260.0,101,49
9697293.0,102,49
9697312.0,98,51
9697325.0,102,51
9697334.0,93,49
9697349.0,101,73
9697419.0,100,48
9697441.0,90,53
9697535.0,94,50
9697566.0,102,52
9697590.0,93,63
9697612.0,90,51
9697616.0,90,55
9697623.0,99,49
9697748.0,100,47
9697788.0,101,54
9697891.0,99,52
9697897.0,91,55
9698041.0,101,73
9698071.0,91,50
9698101.0,98,47
9698141.0,100,52
9698166.0,93,48
9698248.0,93,51
9698299.0,92,53
9698379.0,101,51
9698413.0,99,53
9698491.0,98,45
9698497.0,100,49
9698529.0,98,49
9698538.0,92,52
9698569.0,90,52
9698598.0,101,72
9698607.0,94,47
9698647.0,97,46
9698675.0,100,48
9698675.0,91,57
9698699.0,95,51
9698704.0,92,64
9698712.0,96,46
9698790.0,101,73
9698802.0,90,51
9698811.0,94,53
9698817.0,93,50
9698820.0,99,51
9698830.0,101,50
9698865.0,93,64
9698945.0,98,53
9698946.0,97,45
9698970.0,101,53
9699166.0,94,59
9699266.0,91,50
9699319.0,98,47
9699322.0,102,52
9699327.0,98,50
9699329.0,75,96
9699351.0,97,52
9699355.0,101,54
9699394.0,101,49
9699426.0,98,48
9699465.0,101,55
9699467.0,92,64
9699489.0,100,60
9699491.0,91,56
9699542.0,95,46
9699645.0,92,51
9699648.0,95,58
9699676.0,93,51
9699684.0,100,47
9699790.0,96,45
9699817.0,95,52
9699835.0,102,51
9699847.0,90,56
9699859.0,93,52
9699887.0,94,50
9699900.0,90,53
9699990.0,98,45
9700013.0,100,49
9700025.0,91,50
9700143.0,94,58
9700158.0,100,50
9700162.0,97,45
9700183.0,92,58
9700202.0,100,52
9700206.0,83,50
9700289.0,90,56
9700292.0,90,53
9700463.0,101,50
9700491.0,92,64
9700519.0,99,47
9700561.0,92,56
9700600.0,93,50
9700628.0,83,50
9700641.0,92,51
9700648.0,101,56
9700687.0,100,56
9700695.0,98,48
9700818.0,95,46
9700841.0,99,53
9700910.0,76,85
9700930.0,97,50
9700933.0,102,52
9700945.0,100,50
9700990.0,101,55
9701000.0,95,51
9701034.0,76,99
9701057.0,101,51
9701074.0,103,50
9701115.0,91,50
9701133.0,98,49
9701148.0,85,79
9701181.0,93,52
9701205.0,96,50
9701265.0,90,50
9701266.0,98,50
9701301.0,93,51
9701347.0,96,49
9701371.0,101,54
9701409.0,93,49
9701426.0,102,50
9701455.0,95,50
9701482.0,92,51
9701488.0,94,57
9701516.0,90,51
9701528.0,93,51
9701577.0,78,100
9701613.0,94,49
9701638.0,100,49
9701661.0,94,50
9701694.0,90,50
9701703.0,99,52
9701714.0,93,49
9701730.0,98,46
9701741.0,97,45
9701746.0,102,53
9701756.0,95,46
9701761.0,95,47
9701808.0,94,48
9701988.0,95,48
9701994.0,103,49
9702110.0,101,57
9702112.0,94,52
9702149.0,98,51
9702156.0,97,45
9702170.0,96,59
9702225.0,101,55
9702350.0,91,57
9702367.0,103,50
9702373.0,95,55
9702380.0,100,53
9702406.0,99,47
9702428.0,101,51
9702443.0,78,87
9702456.0,95,52
9702465.0,93,51
9702490.0,100,57
9702519.0,99,64
9702621.0,102,49
9702672.0,94,47
9702675.0,103,49
9702708.0,96,51
9702734.0,94,51
9702737.0,93,53
9702738.0,92,51
9702776.0,97,46
9702782.0,99,45
9702795.0,100,51
9702856.0,93,49
9702861.0,62,57
9702919.0,90,50
9702968.0,93,51
9703010.0,93,52
9703126.0,98,52
9703156.0,98,50
9703197.0,90,54
9703201.0,102,53
9703218.0,101,50
9703289.0,91,50
9703335.0,99,46
9703382.0,90,50
9703392.0,103,50
9703408.0,93,49
9703410.0,101,48
9703507.0,101,66
9703528.0,99,53
9703550.0,95,46
9703606.0,100,63
9703642.0,96,50
9703671.0,97,45
9703709.0,101,76
9703744.0,103,49
9703750.0,91,52
9703769.0,101,57
9703874.0,100,53
9703899.0,103,51
9703919.0,96,63
9703920.0,101,51
9703945.0,90,53
9703979.0,92,50
9703987.0,95,50
9704029.0,102,49
9704053.0,97,46
9704102.0,101,56
9704105.0,101,53
9704107.0,93,49
9704117.0,95,46
9704166.0,100,53
9704221.0,102,53
9704291.0,96,63
9704337.0,94,49
9704358.0,99,48
9704375.0,101,47
9704393.0,95,49
9704395.0,91,51
9704399.0,103,49
9704406.0,93,49
9704408.0,99,45
9704493.0,99,60
9704494.0,100,51
9704528.0,95,48
9704618.0,99,44
9704655.0,98,51
9704657.0,100,52
9704717.0,95,47
9704723.0,98,46
9704733.0,102,54
9704781.0,101,47
9704785.0,96,51
9704813.0,90,53
9704861.0,98,54
9704900.0,102,52
9705040.0,90,50
9705143.0,101,47
9705158.0,95,46
9705164.0,92,50
9705205.0,99,46
9705207.0,100,53
9705243.0,91,54
9705310.0,93,50
9705353.0,97,46
9705505.0,103,52
9705506.0,77,93
9705525.0,101,55
9705548.0,90,53
9705565.0,100,55
9705565.0,90,50
9705599.0,100,53
9705697.0,99,47
9705709.0,98,45
9705725.0,101,48
9705756.0,99,49
9705760.0,103,51
9705810.0,101,54
9705827.0,91,55
9705838.0,93,50
9705903.0,94,50
9705949.0,93,49
9705949.0,92,50
9705978.0,94,49
9705999.0,95,46
9705999.0,92,59
9706023.0,92,60
9706111.0,95,50
9706115.0,98,50
9706121.0,96,50
9706166.0,102,54
9706243.0,100,52
9706247.0,99,49
9706288.0,95,52
9706298.0,103,52
9706309.0,93,50
9706339.0,94,49
9706353.0,101,57
9706372.0,101,49
9706438.0,102,50
9706463.0,91,53
9706468.0,91,75
9706479.0,96,46
9706517.0,92,50
9706531.0,103,50
9706545.0,93,50
9706608.0,99,45
9706708.0,101,50
9706734.0,95,49
9706751.0,99,49
9706798.0,96,48
9706805.0,96,51
9706811.0,67,66
9706845.0,91,54
9706915.0,99,50
9706979.0,94,50
9707062.0,91,51
9707122.0,94,51
9707129.0,93,56
9707134.0,102,49
9707174.0,99,49
9707179.0,91,50
9707191.0,95,47
9707196.0,87,74
9707200.0,101,52
9707227.0,103,52
9707253.0,87,75
9707273.0,99,50
9707298.0,93,61
9707307.0,101,58
9707370.0,100,47
9707377.0,91,54
9707402.0,99,48
9707570.0,102,54
9707570.0,102,50
9707622.0,94,49
9707755.0,99,50
9707896.0,101,49
9707915.0,95,46
9707963.0,101,50
9708009.0,104,50
9708012.0,91,54
9708154.0,98,45
9708177.0,101,57
9708200.0,99,50
9708210.0,93,52
9708301.0,100,53
9708349.0,96,47
9708389.0,100,45
9708464.0,101,56
9708499.0,95,48
9708516.0,100,52
9708530.0,92,50
9708573.0,96,46
9708604.0,91,50
9708709.0,93,51
9708720.0,93,53
9708810.0,101,52
9708852.0,91,52
9708873.0,88,57
9708914.0,99,50
9708957.0,103,49
9708961.0,92,70
9708997.0,97,64
9709106.0,96,48
9709144.0,104,50
9709232.0,88,57
9709288.0,100,46
9709338.0,94,51
9709360.0,89,57
9709378.0,94,50
9709388.0,99,53
9709407.0,97,52
9709435.0,102,53
9709436.0,96,51
9709456.0,93,51
9709510.0,96,50
9709511.0,100,47
9709523.0,92,57
9709552.0,100,50
9709573.0,100,53
9709589.0,91,58
9709611.0,91,53
9709626.0,98,55
9709645.0,91,51
9709690.0,100,45
9709832.0,101,58
9709868.0,103,52
9709914.0,95,48
9709998.0,103,51
9710041.0,100,48
9710137.0,101,59
9710171.0,91,50
9710189.0,93,51
9710205.0,94,52
9710219.0,104,50
9710259.0,99,49
9710299.0,95,50
9710304.0,91,51
9710391.0,99,51
9710406.0,79,78
9710413.0,94,51
9710483.0,91,52
9710526.0,90,50
9710545.0,101,50
9710617.0,102,51
9710626.0,95,51
9710701.0,99,46
9710705.0,103,53
9710735.0,103,49
9710747.0,101,51
9710757.0,104,51
9710845.0,91,51
9710855.0,97,50
9710872.0,102,50
9710968.0,100,45
9711151.0,102,54
9711167.0,100,46
9711265.0,92,55
9711353.0,92,59
9711358.0,97,50
9711367.0,103,49
9711386.0,99,50
9711392.0,101,53
9711422.0,102,50
9711490.0,102,48
9711541.0,91,50
9711563.0,92,58
9711566.0,91,56
9711584.0,96,49
9711588.0,58,63
9711627.0,103,56
9711680.0,101,57
9711688.0,99,45
9711698.0,99,52
9711739.0,95,47
9711810.0,102,47
9711814.0,104,51
9711839.0,99,47
9711885.0,100,48
9711900.0,91,56
9711968.0,96,47
9712009.0,94,52
9712087.0,91,54
9712095.0,103,53
9712098.0,103,49
9712111.0,97,50
9712173.0,92,49
9712208.0,102,50
9712239.0,96,50
9712313.0,100,49
9712317.0,102,48
9712391.0,101,55
9712392.0,103,56
9712420.0,95,49
9712457.0,98,46
9712470.0,100,51
9712473.0,103,49
9712474.0,91,54
9712553.0,101,51
9712561.0,93,50
9712609.0,98,49
9712645.0,100,45
9712658.0,100,67
9712677.0,99,45
9712776.0,91,56
9712815.0,102,50
9712834.0,102,55
9712837.0,101,53
9712847.0,102,56
9712943.0,98,50
9712955.0,100,47
9712988.0,92,51
9712995.0,103,56
9713003.0,100,53
9713018.0,101,52
9713035.0,102,49
9713058.0,100,54
9713067.0,101,51
9713129.0,98,51
9713142.0,103,49
9713167.0,91,53
9713177.0,103,50
9713194.0,96,48
9713194.0,101,47
9713196.0,100,46
9713226.0,97,51
9713230.0,93,50
9713256.0,97,46
9713258.0,100,58
9713306.0,91,48
9713330.0,97,47
9713338.0,102,51
9713349.0,101,51
9713437.0,92,49
9713462.0,95,50
9713491.0,103,52
9713494.0,100,48
9713497.0,104,51
9713586.0,103,54
9713610.0,102,53
9713654.0,103,56
9713660.0,104,50
9713662.0,90,78
9713678.0,93,51
9713695.0,91,48
9713731.0,94,52
9713748.0,96,52
9713810.0,91,57
9713824.0,103,49
9713844.0,99,64
9713919.0,99,52
9713930.0,101,52
9713997.0,104,52
9714014.0,98,52
9714015.0,96,47
9714099.0,95,49
9714172.0,94,52
9714212.0,93,50
9714260.0,101,59
9714279.0,91,56
9714331.0,100,48
9714435.0,99,52
9714497.0,91,48
9714519.0,97,48
9714527.0,102,49
9714535.0,101,47
9714547.0,103,49
9714548.0,102,47
9714550.0,96,46
9714560.0,99,45
9714597.0,55,47
9714618.0,99,50
9714666.0,103,56
9714716.0,98,48
9714722.0,103,53
9714745.0,79,90
9714792.0,102,54
9714806.0,99,53
9714838.0,103,50
9714897.0,102,52
9714902.0,102,50
9714909.0,97,50
9714923.0,100,50
9714966.0,101,45
9714976.0,97,46
9714990.0,95,50
9714994.0,96,58
9714995.0,103,50
9715028.0,102,55
9715038.0,103,49
9715076.0,96,54
9715138.0,104,52
9715306.0,96,50
9715352.0,91,48
9715458.0,96,48
9715466.0,103,56
9715506.0,92,49
9715584.0,92,56
9715606.0,75,76
9715607.0,102,56
9715625.0,101,59
9715704.0,95,48
9715789.0,93,82
9715849.0,99,51
9715870.0,101,52
9715909.0,96,49
9715975.0,101,47
9716033.0,99,48
9716051.0,93,50
9716077.0,101,46
9716166.0,102,50
9716300.0,95,48
9716381.0,103,48
9716506.0,97,51
9716510.0,103,50
9716584.0,95,50
9716641.0,97,48
9716687.0,92,50
9716716.0,99,49
9716745.0,96,48
9716788.0,94,53
9716794.0,83,73
9716882.0,96,53
9716908.0,95,51
9716966.0,103,50
9716983.0,101,53
9717002.0,95,48
9717008.0,103,51
9717025.0,95,50
9717031.0,96,55
9717057.0,96,48
9717134.0,91,50
9717193.0,102,51
9717204.0,101,48
9717218.0,104,53
9717222.0,92,51
9717306.0,101,45
9717335.0,102,52
9717342.0,103,52
9717388.0,95,48
9717558.0,103,50
9717574.0,103,54
9717576.0,93,49
9717577.0,91,50
9717759.0,100,46
9717904.0,99,46
9717908.0,92,57
9717982.0,83,75
9718003.0,100,45
9718069.0,100,51
9718147.0,103,50
9718149.0,105,51
9718168.0,92,52
9718196.0,97,66
9718201.0,103,47
9718224.0,102,57
9718256.0,96,48
9718305.0,95,51
9718308.0,105,50
9718315.0,102,51
9718342.0,101,52
9718353.0,102,48
9718375.0,100,47
9718399.0,100,48
9718447.0,99,47
9718523.0,98,49
9718571.0,95,50
9718587.0,94,52
9718636.0,95,48
9718638.0,99,47
9718683.0,95,53
9718706.0,97,52
9718760.0,103,50
9718817.0,103,51
9718846.0,92,50
9718855.0,101,47
9718910.0,96,48
9718926.0,95,50
9718950.0,105,50
9718952.0,99,52
9718998.0,101,45
9719027.0,94,51
9719028.0,97,50
9719054.0,105,51
9719080.0,104,52
9719111.0,102,47
9719115.0,102,55
9719158.0,103,47
9719178.0,96,66
9719268.0,104,53
9719299.0,99,47
9719334.0,101,53
9719346.0,103,50
9719364.0,92,53
9719435.0,95,48
9719457.0,98,50
9719458.0,100,49
9719536.0,103,48
9719610.0,102,51
9719619.0,93,49
9719626.0,102,53
9719656.0,86,81
9719849.0,95,50
9719854.0,103,49
9719883.0,92,55
9719910.0,103,53
9719916.0,103,50
9719919.0,102,56
9719939.0,94,51
9719954.0,92,49
9719964.0,99,50
9720020.0,97,47
9720033.0,96,48
9720042.0,105,51
9720043.0,91,54
9720045.0,93,73
9720122.0,92,50
9720151.0,103,50
9720204.0,103,54
9720206.0,101,46
9720220.0,101,49
9720236.0,92,49
9720238.0,102,47
9720281.0,104,50
9720293.0,100,50
9720304.0,95,48
9720349.0,96,49
9720427.0,41,74
9720508.0,92,51
9720518.0,93,49
9720536.0,92,54
9720564.0,96,48
9720625.0,92,56
9720629.0,94,53
9720686.0,96,51
9720750.0,98,49
9720794.0,95,52
9720845.0,95,48
9720846.0,94,52
9720857.0,95,50
9720899.0,100,45
9720920.0,94,50
9720927.0,92,52
9720981.0,101,66
9720997.0,98,46
9721087.0,95,51
9721099.0,92,49
9721142.0,103,47
9721209.0,102,46
9721302.0,102,57
9721393.0,98,48
9721429.0,97,47
9721439.0,101,47
9721458.0,98,49
9721465.0,95,50
9721476.0,103,55
9721476.0,93,49
9721486.0,96,48
9721490.0,102,52
9721525.0,95,48
9721526.0,101,48
9721535.0,104,50
9721662.0,103,52
9721669.0,97,52
9721673.0,92,79
9721695.0,105,50
9721741.0,103,49
9721747.0,101,58
9721778.0,99,48
9721785.0,95,48
9721877.0,103,48
9721878.0,102,47
9721888.0,96,48
9721900.0,95,50
9721941.0,102,53
9722025.0,103,52
9722099.0,94,50
9722117.0,98,47
9722129.0,103,54
9722141.0,103,50
9722164.0,98,49
9722166.0,92,50
9722244.0,104,52
9722249.0,96,47
9722325.0,102,46
9722357.0,105,52
9722463.0,92,53
9722497.0,96,60
9722548.0,93,49
9722553.0,103,52
9722576.0,104,53
9722602.0,98,46
9722633.0,104,51
9722638.0,94,50
9722659.0,97,50
9722817.0,102,55
9722952.0,103,52
9723023.0,99,55
9723044.0,95,50
9723148.0,102,45
9723199.0,102,56
9723216.0,96,50
9723243.0,102,52
9723251.0,95,50
9723280.0,99,55
9723300.0,97,49
9723320.0,98,48
9723339.0,103,52
9723383.0,100,50
9723462.0,94,50
9723475.0,100,51
9723476.0,101,57
9723526.0,94,52
9723593.0,97,48
9723602.0,103,52
9723647.0,101,45
9723677.0,100,53
9723694.0,103,55
9723781.0,100,46
9723791.0,99,55
9723820.0,87,78
9723838.0,104,48
9723850.0,102,46
9723878.0,100,52
9723886.0,105,52
9723998.0,101,46
9724009.0,100,46
9724019.0,92,54
9724116.0,96,49
9724140.0,95,52
9724221.0,103,50
9724266.0,100,53
9724276.0,92,54
9724295.0,102,50
9724312.0,103,52
9724341.0,92,52
9724351.0,94,83
9724448.0,103,48
9724457.0,96,50
9724490.0,101,48
9724531.0,92,51
9724607.0,95,52
9724642.0,101,53
9724649.0,103,52
9724666.0,96,49
9724697.0,103,50
9724728.0,102,45
9724823.0,92,51
9724831.0,104,54
9724841.0,101,45
9724891.0,99,52
9724913.0,92,53
9724939.0,103,50
9724945.0,104,51
9724958.0,104,50
9724985.0,92,56
9724996.0,101,56
9725066.0,93,52
9725175.0,103,47
9725243.0,95,52
9725253.0,75,82
9725284.0,102,52
9725303.0,99,51
9725308.0,104,48
9725324.0,101,50
9725374.0,101,49
9725406.0,97,48
9725668.0,102,47
9725679.0,103,52
9725711.0,102,48
9725773.0,105,51
9725946.0,101,50
9725947.0,92,51
9725959.0,103,51
9725969.0,95,51
9726045.0,96,49
9726060.0,101,51
9726091.0,100,46
9726093.0,106,51
9726153.0,98,47
9726164.0,96,50
9726227.0,97,48
9726235.0,104,51
9726366.0,105,50
9726429.0,92,55
9726464.0,102,45
9726546.0,103,52
9726552.0,98,48
9726621.0,103,47
9726624.0,100,51
9726647.0,99,47
9726707.0,94,56
9726869.0,92,54
9726886.0,102,57
9726989.0,97,48
9726991.0,95,51
9727010.0,103,51
9727016.0,101,45
9727030.0,98,50
9727053.0,96,51
9727249.0,104,49
9727377.0,105,50
9727428.0,94,57
9727465.0,102,49
9727500.0,106,51
9727522.0,102,46
9727674.0,104,47
9727763.0,101,47
9727783.0,105,53
9727818.0,95,51
9727855.0,100,52
9727867.0,101,50
9727885.0,93,50
9727887.0,97,48
9727915.0,97,50
9728027.0,98,47
9728027.0,105,52
9728033.0,93,58
9728035.0,93,49
9728087.0,97,49
9728088.0,100,49
9728259.0,102,53
9728284.0,106,51
9728292.0,102,58
9728361.0,104,48
9728367.0,104,49
9728386.0,99,46
9728404.0,102,48
9728436.0,99,50
9728449.0,103,50
9728667.0,95,51
9728712.0,96,51
9728733.0,103,49
9728873.0,103,47
9728880.0,103,55
9729005.0,103,46
9729116.0,103,53
9729191.0,105,50
9729193.0,101,46
9729200.0,100,50
9729231.0,99,46
9729275.0,94,49
9729364.0,97,48
9729368.0,105,53
9729383.0,103,53
9729575.0,99,48
9729582.0,103,52
9729601.0,102,48
9729609.0,99,52
9729656.0,93,49
9729663.0,98,49
9729834.0,102,54
9729856.0,105,51
9729968.0,103,54
9730114.0,103,46
9730133.0,99,47
9730155.0,104,50
9730195.0,102,55
9730233.0,99,49
9730310.0,100,48
9730313.0,94,59
9730319.0,99,55
9730397.0,104,52
9730435.0,102,52
9730443.0,93,49
9730525.0,93,50
9730569.0,103,56
9730573.0,77,85
9730616.0,95,51
9730624.0,97,49
9730722.0,102,50
9730732.0,100,50
9730767.0,95,50
9730808.0,102,45
9730842.0,103,48
9730850.0,96,51
9730880.0,102,47
9730894.0,97,51
9730921.0,104,51
9730924.0,98,48
9730939.0,93,51
9731078.0,98,50
9731130.0,100,59
9731150.0,101,52
9731250.0,103,53
9731253.0,95,50
9731275.0,93,51
9731399.0,99,50
9731452.0,106,51
9731553.0,97,50
9731602.0,106,52
9731606.0,99,46
9731698.0,98,49
9731717.0,93,49
9731919.0,102,49
9731976.0,95,51
9732029.0,104,53
9732113.0,103,48
9732116.0,101,52
9732133.0,102,48
9732166.0,95,50
9732199.0,95,52
9732208.0,98,48
9732222.0,93,50
9732228.0,101,45
9732290.0,94,53
9732338.0,104,52
9732416.0,101,46
9732441.0,105,50
9732468.0,104,54
9732522.0,104,55
9732772.0,101,51
9732853.0,105,53
9732855.0,87,84
9732903.0,99,48
9732930.0,105,54
9733035.0,105,50
9733152.0,106,52
9733184.0,93,52
9733193.0,100,52
9733337.0,105,51
9733380.0,103,47
9733418.0,101,48
9733444.0,93,51
9733461.0,96,53
9733488.0,97,50
9733532.0,99,51
9733602.0,101,46
9733650.0,105,51
9733678.0,105,50
9733714.0,95,50
9733819.0,93,51
9733991.0,103,52
9733993.0,99,47
9734027.0,103,46
9734047.0,104,51
9734088.0,105,49
9734104.0,101,47
9734233.0,100,49
9734260.0,104,50
9734372.0,105,48
9734378.0,103,56
9734455.0,105,51
9734476.0,100,46
9734519.0,97,49
9734527.0,106,51
9734602.0,97,50
9734628.0,103,50
9734634.0,95,52
9734643.0,98,48
9734660.0,101,51
9734682.0,101,50
9734732.0,105,51
9734797.0,96,52
9734928.0,95,49
9734976.0,97,49
9734987.0,103,55
9735021.0,103,52
9735053.0,102,53
9735062.0,101,49
9735094.0,101,52
9735171.0,96,51
9735187.0,105,51
9735235.0,104,55
9735265.0,105,52
9735324.0,102,47
9735344.0,105,49
9735346.0,99,47
9735468.0,103,49
9735486.0,103,51
9735534.0,102,49
9735626.0,105,54
9735660.0,105,51
9735882.0,100,46
9735892.0,97,49
9735900.0,99,50
9736043.0,104,51
9736101.0,102,46
9736137.0,102,56
9736173.0,97,49
9736364.0,67,47
9736438.0,102,51
9736461.0,100,47
9736610.0,105,48
9736648.0,105,51
9736673.0,103,47
9736754.0,67,47
9736773.0,96,64
9736777.0,98,50
9736822.0,104,46
9736850.0,100,46
9736854.0,102,48
9736874.0,93,50
9736880.0,101,47
9736881.0,105,50
9736881.0,102,45
9736889.0,93,52
9736944.0,101,48
9736977.0,104,49
9736985.0,93,49
9737011.0,98,49
9737057.0,97,50
9737084.0,103,48
9737174.0,99,45
9737339.0,104,46
9737383.0,93,50
9737387.0,99,50
9737393.0,102,50
9737432.0,104,48
9737448.0,93,53
9737475.0,105,53
9737482.0,100,50
9737540.0,101,46
9737622.0,106,53
9737657.0,99,49
9737759.0,93,49
9737858.0,101,52
9737924.0,97,51
9738268.0,93,50
9738367.0,99,51
9738458.0,96,52
9738536.0,93,49
9738545.0,103,50
9738661.0,93,50
9738701.0,105,50
9738919.0,104,54
9738986.0,104,48
9739027.0,100,48
9739042.0,103,54
9739133.0,104,52
9739199.0,93,49
9739303.0,106,52
9739367.0,105,49
9739374.0,93,49
9739529.0,104,53
9739696.0,107,52
9739742.0,105,54
9739768.0,104,47
9739831.0,107,51
9739836.0,103,57
9739875.0,97,54
9739875.0,105,52
9739894.0,103,53
9739919.0,97,51
9739932.0,102,51
9739939.0,103,49
9740014.0,104,56
9740154.0,101,50
9740180.0,103,56
9740217.0,99,48
9740290.0,104,46
9740371.0,102,52
9740394.0,104,47
9740405.0,94,52
9740481.0,101,58
9740523.0,102,54
9740642.0,103,47
9740766.0,104,47
9740772.0,99,49
9740844.0,100,48
9741004.0,106,49
9741075.0,98,51
9741152.0,94,49
9741220.0,99,47
9741239.0,107,52
9741307.0,100,50
9741322.0,97,51
9741409.0,100,46
9741418.0,102,46
9741419.0,106,51
9741420.0,97,65
9741442.0,104,51
9741467.0,106,53
9741632.0,104,46
9741741.0,94,50
9741755.0,100,50
9741762.0,104,50
9741805.0,100,49
9741832.0,93,54
9741896.0,103,48
9741914.0,93,55
9741932.0,101,46
9741934.0,97,65
9741939.0,98,50
9741947.0,100,46
9742010.0,105,52
9742069.0,99,48
9742097.0,99,54
9742155.0,104,49
9742278.0,102,51
9742294.0,100,47
9742323.0,92,54
9742390.0,96,52
9742489.0,103,54
9742504.0,103,46
9742530.0,100,67
9742559.0,105,51
9742583.0,103,50
9742619.0,96,50
9742631.0,95,48
9742742.0,93,51
9742766.0,76,94
9742781.0,106,51
9742782.0,107,52
9742801.0,93,52
9742805.0,107,51
9742808.0,99,50
9742823.0,93,56
9742892.0,103,52
9742919.0,96,51
9742948.0,103,48
9742975.0,94,49
9743062.0,104,53
9743257.0,101,49
9743323.0,93,53
9743327.0,104,49
9743347.0,103,53
9743407.0,105,49
9743520.0,103,50
9743566.0,102,46
9743686.0,96,50
9743724.0,103,47
9743740.0,105,48
9743746.0,101,46
9743873.0,98,50
9744016.0,100,48
9744031.0,103,50
9744054.0,106,54
9744060.0,102,49
9744087.0,103,48
9744107.0,105,50
9744256.0,104,48
9744374.0,105,47
9744454.0,105,52
9744492.0,100,52
9744524.0,103,51
9744541.0,106,52
9744593.0,101,47
9744597.0,96,51
9744637.0,103,50
9744661.0,96,49
9744692.0,106,49
9744698.0,95,48
9744799.0,94,50
9744805.0,101,52
9744818.0,102,48
9744848.0,105,52
9744852.0,97,51
9745011.0,96,50
9745213.0,105,48
9745310.0,101,51
9745422.0,93,59
9745487.0,96,49
9745509.0,103,49
9745579.0,99,59
9745701.0,100,47
9745705.0,105,54
9745790.0,99,49
9745868.0,105,47
9745885.0,105,55
9745978.0,99,59
9745985.0,105,51
9746088.0,96,51
9746139.0,106,51
9746185.0,107,51
9746188.0,98,50
9746198.0,106,50
9746232.0,99,59
9746377.0,96,57
9746388.0,104,50
9746392.0,105,46
9746441.0,103,48
9746451.0,100,46
9746455.0,86,78
9746462.0,94,49
9746552.0,106,54
9746599.0,103,51
9746619.0,94,58
9746825.0,100,46
9747011.0,104,46
9747013.0,103,56
9747038.0,104,56
9747155.0,102,52
9747188.0,104,53
9747255.0,100,48
9747258.0,96,52
9747272.0,103,57
9747431.0,104,55
9747498.0,103,46
9747523.0,105,46
9747631.0,107,53
9747652.0,107,52
9747816.0,104,47
9747836.0,102,46
9747845.0,104,50
9748024.0,99,49
9748127.0,106,49
9748243.0,105,47
9748290.0,99,49
9748295.0,96,53
9748326.0,100,50
9748456.0,94,60
9748604.0,102,51
9748645.0,104,56
9748754.0,101,50
9748801.0,103,47
9748839.0,105,53
9748877.0,106,54
9748884.0,106,50
9748975.0,105,52
9748979.0,100,49
9749001.0,99,49
9749052.0,100,48
9749105.0,93,50
9749204.0,103,51
9749295.0,107,51
9749333.0,104,46
9749400.0,104,49
9749456.0,101,47
9749484.0,94,51
9749500.0,93,50
9749603.0,103,52
9749612.0,104,52
9749613.0,101,48
9749621.0,107,51
9749676.0,102,50
9749746.0,105,50
9749815.0,104,48
9749933.0,105,49
9750050.0,98,50
9750111.0,96,52
9750285.0,93,50
9750402.0,97,52
9750505.0,103,49
9750537.0,107,53
9750557.0,105,55
9750581.0,102,46
9750588.0,93,50
9750620.0,104,46
9750698.0,103,47
9750713.0,102,53
9750832.0,97,53
9751103.0,98,51
9751209.0,101,47
9751326.0,106,52
9751357.0,104,47
9751639.0,104,54
9751658.0,100,48
9751758.0,101,48
9751774.0,103,54
9751918.0,105,53
9752077.0,107,51
9752139.0,102,49
9752148.0,100,48
9752183.0,104,53
9752489.0,103,52
9752495.0,107,51
9752503.0,93,73
9752514.0,105,47
9752526.0,107,52
9752582.0,97,51
9752736.0,94,51
9752867.0,99,51
9752884.0,106,51
9753020.0,103,51
9753023.0,100,48
9753303.0,95,48
9753358.0,103,48
9753389.0,101,49
9753422.0,100,48
9753424.0,98,51
9753517.0,100,66
9753574.0,97,52
9753623.0,104,46
9753626.0,94,49
9753657.0,105,48
9753677.0,95,48
9753732.0,90,77
9754024.0,102,52
9754041.0,105,46
9754062.0,96,48
9754101.0,104,49
9754146.0,95,49
9754202.0,104,47
9754234.0,99,50
9754254.0,104,48
9754333.0,106,47
9754360.0,95,48
9754433.0,100,65
9754518.0,105,46
9754530.0,100,52
9754537.0,99,65
9754636.0,106,50
9754671.0,104,50
9754790.0,105,51
9755118.0,105,47
9755203.0,101,46
9755236.0,106,47
9755313.0,101,47
9755315.0,77,87
9755357.0,105,46
9755491.0,44,46
9755492.0,105,52
9755527.0,104,47
9755665.0,100,50
9755673.0,107,50
9755735.0,106,53
9755757.0,101,46
9755766.0,107,49
9755821.0,105,46
9755956.0,105,50
9756007.0,104,51
9756026.0,96,48
9756057.0,101,48
9756062.0,106,55
9756076.0,99,50
9756097.0,93,53
9756102.0,68,59
9756135.0,106,52
9756192.0,43,46
9756319.0,107,53
9756434.0,100,49
9756531.0,44,46
9756549.0,25,80
9756574.0,95,49
9756578.0,77,101
9756586.0,103,47
9756604.0,72,121
9756720.0,98,51
9756770.0,97,52
9756796.0,94,80
9756888.0,43,46
9756964.0,99,93
9757027.0,101,67
9757174.0,44,46
9757179.0,57,50
9757195.0,99,50
9757220.0,43,46
9757222.0,101,68
9757256.0,104,56
9757497.0,107,50
9757525.0,103,52
9757577.0,102,48
9757644.0,97,49
9757681.0,106,47
9757722.0,105,49
9757737.0,104,49
9757772.0,101,48
9757856.0,104,47
9757889.0,99,48
9758111.0,97,50
9758113.0,107,54
9758260.0,44,46
9758263.0,105,50
9758278.0,97,52
9758429.0,106,49
9758484.0,100,66
9758523.0,101,52
9758717.0,107,49
9759031.0,97,51
9759104.0,106,48
9759165.0,44,46
9759231.0,95,57
9759262.0,103,46
9759278.0,102,47
9759323.0,107,49
9759446.0,97,49
9759476.0,106,49
9759484.0,96,52
9759508.0,100,49
9759538.0,102,46
9759552.0,102,49
9759559.0,101,72
9759675.0,100,67
9759717.0,96,48
9759735.0,107,49
9759760.0,106,50
9759810.0,103,46
9759820.0,102,51
9759863.0,95,49
9759868.0,104,47
9759954.0,103,50
9760082.0,100,66
9760089.0,100,52
9760182.0,95,50
9760345.0,97,50
9760355.0,95,50
9760388.0,100,65
9760478.0,105,54
9760548.0,105,48
9760552.0,105,53
9760592.0,104,49
9760716.0,103,55
9760833.0,98,51
9761055.0,106,47
9761106.0,101,49
9761126.0,105,49
9761187.0,107,50
9761234.0,99,66
9761321.0,102,50
9761345.0,101,48
9761472.0,107,52
9761637.0,104,51
9761661.0,103,49
9761665.0,106,48
9761751.0,97,51
9761783.0,92,49
9761808.0,104,53
9761866.0,105,55
9761924.0,93,50
9761961.0,104,47
9762175.0,106,51
9762182.0,95,51
9762191.0,103,49
9762245.0,101,74
9762304.0,92,49
9762564.0,106,49
9762599.0,105,47
9762720.0,93,50
9762771.0,103,49
9762878.0,95,50
9762978.0,100,67
9762994.0,92,49
9763012.0,107,53
9763028.0,108,53
9763143.0,93,50
9763249.0,95,50
9763264.0,103,49
9763433.0,92,49
9763691.0,93,50
9763925.0,105,51
9763947.0,95,50
9763957.0,107,52
9764127.0,105,48
9764159.0,97,48
9764179.0,106,52
9764200.0,95,52
9764332.0,105,47
9764452.0,104,52
9764542.0,103,48
9764641.0,106,53
9764644.0,92,49
9764701.0,102,49
9764753.0,95,48
9764932.0,103,52
9764981.0,100,51
9764996.0,101,51
9765075.0,102,52
9765138.0,105,56
9765217.0,105,52
9765703.0,101,49
9765744.0,99,50
9765910.0,107,51
9765941.0,105,54
9765971.0,105,47
9765992.0,101,49
9766011.0,100,52
9766115.0,100,50
9766202.0,101,50
9766347.0,106,48
9766351.0,103,47
9766487.0,104,56
9766550.0,96,48
9766564.0,105,50
9766733.0,107,49
9766760.0,105,51
9766963.0,99,51
9766972.0,101,49
9766990.0,105,46
9767008.0,102,48
9767040.0,104,57
9767084.0,105,48
9767287.0,106,47
9767369.0,103,47
9767373.0,107,49
9767387.0,103,46
9767396.0,100,66
9767702.0,107,52
9767815.0,95,49
9767825.0,103,51
9767843.0,101,73
9767965.0,105,49
9768097.0,107,50
9768363.0,107,49
9768685.0,107,49
9768748.0,100,62
9768891.0,100,50
9768992.0,107,53
9768998.0,101,52
9769043.0,107,48
9769250.0,104,54
9769434.0,99,61
9769480.0,106,47
9769529.0,99,51
9769702.0,97,52
9769827.0,104,47
9769909.0,96,48
9769993.0,106,50
9770160.0,103,48
9770216.0,103,52
9770348.0,102,51
9770431.0,101,49
9770452.0,106,48
9770554.0,101,50
9770691.0,97,52
9770718.0,107,48
9770790.0,102,48
9770971.0,97,52
9771202.0,102,48
9771548.0,106,49
9771668.0,106,47
9771693.0,105,49
9771760.0,93,64
9771805.0,102,48
9771910.0,104,47
9772032.0,98,52
9772345.0,102,48
9772462.0,97,51
9772785.0,96,50
9772805.0,99,67
9772886.0,95,50
9773001.0,105,48
9773506.0,106,50
9773584.0,107,48
9773721.0,105,49
9773728.0,95,50
9773764.0,103,48
9773951.0,103,50
9773990.0,104,49
9774148.0,95,50
9774466.0,104,47
9774629.0,103,49
9774694.0,107,51
9774738.0,95,50
9774758.0,106,47
9775155.0,93,63
9775210.0,106,48
9775241.0,93,62
9775744.0,94,63
9776038.0,95,64
9776473.0,99,68
9776512.0,105,48
9776609.0,104,50
9776848.0,74,104
9777425.0,89,64
9777567.0,101,74
9777684.0,104,47
9777723.0,105,50
9777998.0,103,47
9778525.0,74,105
9778565.0,104,48
9778700.0,100,69
9779504.0,107,49
9779698.0,101,70
9780451.0,100,68
9780914.0,101,67
9781355.0,99,67
9781437.0,99,66
9781612.0,98,66
9782166.0,107,51
9782171.0,99,67
9782226.0,107,49
9783325.0,100,65
9783387.0,98,67
9783914.0,106,50
9783965.0,94,66
9784012.0,106,49
9784372.0,107,51
9784433.0,106,48
9785107.0,100,69
9785315.0,93,65
9785783.0,93,59
9785933.0,107,48
9786922.0,100,70
9787432.0,106,48
9787514.0,107,49
9787531.0,107,53
9787785.0,99,64
9788217.0,100,69
9788437.0,99,65
9788461.0,96,74
9789135.0,93,63
9789269.0,99,66
9789714.0,100,66
9791058.0,106,49
9791322.0,93,64
9791484.0,106,48
9791786.0,101,76
9792283.0,100,51
9792548.0,93,55
9792778.0,93,65
9792902.0,100,65
9793185.0,93,63
9793404.0,99,61
9793437.0,107,49
9793469.0,101,69
9793524.0,99,66
9793572.0,102,58
9794741.0,101,53
9795282.0,98,65
9795376.0,72,112
9795680.0,71,112
9795820.0,107,54
9795830.0,104,55
9795993.0,72,112
9796080.0,100,66
9796473.0,98,66
9796624.0,106,49
9796694.0,72,112
9796719.0,71,112
9796767.0,100,66
9796872.0,99,65
9796904.0,94,66
9797076.0,71,112
9797159.0,93,53
9797326.0,94,52
9797607.0,100,83
9797636.0,100,66
9797754.0,93,54
9797837.0,99,67
9797899.0,102,49
9798142.0,101,70
9798324.0,93,81
9798363.0,93,62
9798461.0,93,70
9798521.0,100,66
9798563.0,94,67
9798646.0,99,84
9798993.0,102,53
9799024.0,97,52
9799178.0,100,69
9799281.0,99,84
9799334.0,101,50
9799357.0,95,53
9799500.0,103,48
9800087.0,95,52
9800195.0,91,74
9800561.0,90,75
9800851.0,101,51
9801036.0,95,50
9801189.0,101,51
9801203.0,94,52
9801274.0,105,56
9801593.0,99,64
9801689.0,105,56
9801942.0,96,48
9801973.0,107,54
9802069.0,94,64
9802176.0,106,53
9802212.0,93,63
9802370.0,100,55
9802583.0,98,61
9802686.0,105,54
9802752.0,95,49
9802927.0,101,59
9802957.0,104,54
9802999.0,94,51
9803098.0,92,57
9803196.0,102,59
9803474.0,93,64
9803475.0,97,49
9803586.0,101,59
9803622.0,97,50
9803711.0,99,62
9803733.0,95,51
9803825.0,100,50
9803874.0,94,52
9803876.0,95,63
9803916.0,103,48
9803925.0,92,63
9803938.0,98,62
9803942.0,104,49
9804019.0,102,57
9804058.0,97,50
9804080.0,95,50
9804094.0,104,57
9804201.0,97,52
9804256.0,94,65
9804308.0,99,51
9804475.0,97,50
9804482.0,99,52
9804531.0,99,63
9804680.0,92,58
9804738.0,100,50
9804953.0,95,49
9805228.0,103,56
9805416.0,92,57
9805494.0,104,48
9805625.0,97,49
9805704.0,101,51
9805809.0,95,49
9806030.0,94,51
9806082.0,102,48
9806139.0,96,48
9806153.0,97,49
9806424.0,100,50
9806561.0,96,52
9806590.0,97,49
9806591.0,101,49
9806693.0,92,56
9806730.0,101,54
9806765.0,93,54
9807289.0,92,58
9807414.0,100,52
9807452.0,107,52
9807461.0,100,53
9807641.0,101,53
9807643.0,97,52
9807651.0,97,49
9807706.0,99,52
9807739.0,107,51
9807837.0,101,50
9807906.0,102,50
9807996.0,99,52
9808026.0,96,53
9808036.0,102,52
9808122.0,101,49
9808127.0,91,55
9808129.0,93,53
9808152.0,102,48
9808209.0,107,51
9808232.0,101,52
9808459.0,102,50
9808572.0,92,56
9808577.0,99,51
9808808.0,104,56
9808834.0,100,59
9808973.0,106,51
9809061.0,92,55
9809076.0,92,57
9809210.0,101,49
9809270.0,97,54
9809322.0,102,48
9809380.0,99,68
9809703.0,96,52
9809782.0,99,63
9809826.0,100,51
9809882.0,102,51
9809887.0,100,50
9809933.0,99,52
9809973.0,98,52
9810196.0,97,50
9810198.0,103,48
9810206.0,99,50
9810311.0,106,55
9810400.0,96,48
9810514.0,103,50
9810553.0,101,58
9810627.0,105,51
9810682.0,102,48
9810701.0,92,58
9810749.0,106,50
9810898.0,101,49
9811006.0,95,53
9811089.0,106,54
9811149.0,106,51
9811174.0,98,51
9811183.0,97,52
9811209.0,96,53
9811217.0,95,53
9811277.0,105,56
9811352.0,107,51
9811357.0,104,55
9811494.0,92,59
9811527.0,104,51
9811646.0,103,51
9811649.0,102,53
9811759.0,100,71
9811797.0,105,56
9811816.0,102,53
9811891.0,92,55
9811939.0,102,58
9811976.0,106,48
9811994.0,104,49
9812006.0,94,49
9812010.0,102,54
9812056.0,101,58
9812167.0,92,60
9812205.0,94,50
9812354.0,103,53
9812363.0,102,58
9812469.0,106,48
9812506.0,105,56
9812506.0,101,72
9812512.0,106,49
9812517.0,92,54
9812561.0,106,53
9812681.0,93,62
9812797.0,103,56
9812838.0,105,56
9812958.0,93,55
9813060.0,96,50
9813091.0,102,53
9813114.0,105,47
9813154.0,104,53
9813200.0,106,52
9813219.0,103,50
9813255.0,92,63
9813324.0,103,58
9813371.0,104,52
9813449.0,102,56
9813580.0,94,50
9813632.0,100,59
9813673.0,105,51
9813692.0,93,53
9813746.0,94,49
9813761.0,103,57
9813783.0,101,52
9813937.0,104,49
9813952.0,96,49
9814110.0,106,54
9814264.0,104,50
9814307.0,92,56
9814327.0,96,51
9814333.0,92,64
9814348.0,103,49
9814385.0,103,52
9814475.0,96,50
9814524.0,92,54
9814596.0,97,52
9814615.0,103,49
9814616.0,103,52
9814739.0,102,48
9814840.0,103,53
9814846.0,100,51
9814938.0,93,65
9814952.0,99,50
9815023.0,101,60
9815324.0,94,49
9815465.0,100,61
9815525.0,93,52
9815532.0,99,64
9815670.0,100,49
9815693.0,96,50
9815752.0,98,51
9815880.0,92,55
9815899.0,101,49
9815959.0,92,54
9816131.0,98,52
9816237.0,100,50
9816283.0,103,49
9816313.0,94,52
9816328.0,98,56
9816332.0,103,48
9816410.0,95,52
9816481.0,100,53
9816509.0,96,51
9816569.0,101,55
9816606.0,103,49
9816670.0,99,50
9816748.0,93,52
9816776.0,102,49
9816854.0,104,49
9816954.0,94,53
9817063.0,100,49
9817073.0,102,49
9817092.0,105,50
9817112.0,98,51
9817178.0,93,54
9817321.0,101,48
9817460.0,103,48
9817465.0,95,60
9817476.0,101,58
9817527.0,101,59
9817595.0,104,54
9817639.0,103,49
9817670.0,101,50
9817884.0,102,57
9817899.0,101,58
9818021.0,100,49
9818054.0,99,50
9818107.0,94,50
9818128.0,103,49
9818131.0,92,54
9818261.0,102,55
9818351.0,102,50
9818567.0,93,51
9818639.0,93,65
9818648.0,106,52
9818807.0,104,56
9818833.0,97,67
9818861.0,101,48
9818903.0,100,60
9819021.0,105,56
9819068.0,93,60
9819072.0,102,50
9819097.0,98,52
9819140.0,106,52
9819261.0,93,50
9819339.0,100,49
9819347.0,94,49
9819413.0,104,50
9819549.0,95,53
9819559.0,103,48
9819584.0,105,56
9819585.0,102,50
9819585.0,95,49
9819721.0,101,52
9819728.0,93,60
9819760.0,93,51
9819797.0,101,58
9819813.0,104,50
9819827.0,102,50
9819868.0,106,51
9819927.0,104,55
9819949.0,98,51
9820079.0,103,52
9820105.0,99,60
9820235.0,92,60
9820272.0,30,65
9820341.0,101,49
9820342.0,93,64
9820367.0,99,51
9820450.0,105,56
9820452.0,105,50
9820518.0,104,50
9820586.0,93,49
9820744.0,95,49
9820814.0,105,56
9820845.0,91,57
9820912.0,105,51
9820940.0,91,56
9820952.0,101,57
9820965.0,99,53
9821061.0,29,65
9821147.0,100,72
9821149.0,97,52
9821164.0,104,50
9821227.0,92,65
9821238.0,93,50
9821334.0,95,49
9821362.0,95,53
9821393.0,103,49
9821423.0,95,50
9821450.0,94,54
9821568.0,105,54
9821600.0,96,50
9821619.0,29,65
9821634.0,104,51
9821719.0,95,50
9821830.0,101,48
9821838.0,105,49
9821846.0,96,52
9821914.0,100,51
9821929.0,103,52
9821933.0,101,54
9822026.0,95,52
9822057.0,92,77
9822082.0,95,49
9822100.0,95,50
9822103.0,103,49
9822124.0,92,53
9822204.0,100,52
9822231.0,105,55
9822243.0,93,50
9822300.0,101,53
9822311.0,96,54
9822359.0,101,51
9822422.0,95,50
9822433.0,95,55
9822465.0,102,50
9822471.0,93,51
9822495.0,95,49
9822709.0,93,49
9822762.0,104,56
9822842.0,92,55
9822859.0,105,55
9822927.0,104,51
9822943.0,99,70
9822989.0,103,49
9823027.0,97,51
9823064.0,99,51
9823067.0,105,49
9823083.0,99,64
9823090.0,95,50
9823122.0,98,50
9823126.0,95,53
9823149.0,100,58
9823175.0,103,50
9823221.0,92,59
9823260.0,93,50
9823306.0,103,53
9823343.0,104,56
9823382.0,95,54
9823385.0,102,49
9823389.0,105,51
9823393.0,96,55
9823418.0,95,49
9823447.0,96,52
9823501.0,101,52
9823512.0,99,73
9823531.0,103,52
9823548.0,93,49
9823614.0,94,52
9823621.0,99,59
9823705.0,103,57
9823718.0,100,70
9823849.0,105,52
9823853.0,102,57
9823865.0,99,70
9823881.0,93,53
9823885.0,95,51
9823906.0,99,59
9824015.0,103,57
9824044.0,99,72
9824080.0,91,59
9824081.0,104,56
9824182.0,100,73
9824218.0,101,52
9824238.0,103,51
9824318.0,99,50
9824337.0,100,68
9824376.0,105,52
9824414.0,105,53
9824422.0,102,57
9824569.0,95,50
9824606.0,97,51
9824615.0,100,53
9824618.0,99,49
9824636.0,103,51
9824646.0,92,53
9824660.0,95,53
9824685.0,99,72
9824762.0,98,50
9824848.0,106,48
9824864.0,105,53
9824866.0,93,49
9824893.0,91,56
9824978.0,95,50
9825005.0,100,53
9825014.0,103,49
9825031.0,106,49
9825035.0,38,120
9825104.0,100,73
9825154.0,91,55
9825204.0,100,50
9825212.0,103,51
9825238.0,98,66
9825259.0,105,49
9825277.0,105,52
9825295.0,105,54
9825308.0,102,53
9825316.0,104,50
9825337.0,102,48
9825350.0,100,49
9825361.0,101,73
9825365.0,94,49
9825368.0,96,52
9825430.0,97,52
9825439.0,91,58
9825461.0,91,59
9825471.0,106,49
9825485.0,103,52
9825518.0,99,49
9825538.0,103,56
9825578.0,102,54
9825631.0,104,51
9825686.0,105,51
9825694.0,95,50
9825731.0,103,57
9825760.0,97,51
9825770.0,101,72
9825826.0,38,120
9825829.0,95,51
9825834.0,101,50
9825897.0,95,50
9826008.0,93,49
9826092.0,99,51
9826098.0,105,49
9826195.0,92,52
9826376.0,99,52
9826401.0,104,52
9826422.0,100,48
9826440.0,99,49
9826558.0,100,73
9826595.0,91,57
9826608.0,93,52
9826648.0,104,52
9826655.0,98,50
9826717.0,91,56
9826741.0,99,67
9826783.0,99,52
9827104.0,94,55
9827117.0,92,51
9827194.0,94,49
9827237.0,102,51
9827264.0,96,52
9827280.0,105,53
9827300.0,95,50
9827338.0,100,72
9827349.0,92,52
9827363.0,94,53
9827384.0,103,50
9827483.0,100,48
9827535.0,100,53
9827559.0,99,56
9827560.0,95,50
9827627.0,91,55
9827652.0,92,53
9827668.0,94,53
9827782.0,100,53
9827841.0,91,56
9827855.0,97,51
9827953.0,105,54
9827959.0,104,55
9828150.0,99,49
9828171.0,98,58
9828202.0,98,64
9828204.0,104,55
9828226.0,97,52
9828292.0,101,50
9828386.0,100,67
9828471.0,94,53
9828507.0,99,54
9828532.0,104,53
9828547.0,98,51
9828549.0,103,55
9828722.0,100,67
9828724.0,91,55
9828881.0,91,54
9828957.0,98,65
9828965.0,92,51
9828975.0,103,55
9829022.0,92,50
9829075.0,94,49
9829098.0,93,50
9829125.0,101,50
9829171.0,93,81
9829181.0,102,50
9829241.0,104,55
9829394.0,102,49
9829697.0,94,50
9829715.0,92,49
9829721.0,92,66
9829735.0,98,53
9829811.0,103,55
9829813.0,99,66
9829939.0,92,55
9829998.0,91,76
9830015.0,93,65
9830169.0,92,50
9830185.0,93,81
9830212.0,103,55
9830276.0,97,67
9830281.0,104,49
9830284.0,102,49
9830288.0,93,58
9830305.0,100,51
9830484.0,92,62
9830530.0,97,50
9830620.0,92,51
9830631.0,99,50
9830684.0,93,67
9830723.0,104,49
9830793.0,91,55
9830799.0,101,49
9830805.0,95,50
9830866.0,93,49
9830889.0,100,52
9830890.0,101,50
9830911.0,92,50
9830996.0,99,50
9831012.0,92,49
9831016.0,95,50
9831020.0,98,52
9831052.0,99,49
9831072.0,91,54
9831120.0,101,58
9831139.0,100,49
9831158.0,104,49
9831175.0,93,49
9831183.0,103,51
9831238.0,94,72
9831260.0,98,49
9831282.0,100,51
9831392.0,94,50
9831451.0,55,64
9831497.0,93,67
9831516.0,99,52
9831549.0,99,49
9831553.0,101,52
9831557.0,94,54
9831566.0,94,73
9831655.0,94,51
9831684.0,98,65
9831752.0,102,57
9831786.0,94,50
9831801.0,104,54
9831857.0,100,59
9831867.0,95,72
9831896.0,98,50
9831917.0,93,49
9831933.0,94,73
9831950.0,55,64
9831964.0,104,53
9831978.0,95,54
9831992.0,97,68
9831998.0,98,51
9832008.0,101,53
9832027.0,100,50
9832042.0,99,65
9832073.0,103,48
9832209.0,96,51
9832217.0,95,52
9832229.0,103,55
9832240.0,93,49
9832423.0,101,49
9832497.0,92,49
9832571.0,99,48
9832615.0,103,49
9832646.0,98,49
9832664.0,97,50
9832667.0,103,51
9832685.0,98,64
9832701.0,104,49
9832714.0,98,67
9832751.0,93,49
9832752.0,101,49
9832901.0,95,52
9832918.0,103,49
9833069.0,93,49
9833077.0,94,51
9833177.0,95,52
9833200.0,103,56
9833237.0,99,59
9833304.0,101,51
9833312.0,104,52
9833416.0,101,48
9833444.0,98,49
9833445.0,95,72
9833468.0,99,48
9833537.0,94,51
9833550.0,102,56
9833555.0,103,52
9833572.0,101,51
9833622.0,104,52
9833743.0,99,50
9833791.0,100,72
9833800.0,100,52
9833878.0,101,53
9833882.0,102,52
9833938.0,97,50
9833961.0,100,71
9833984.0,99,50
9834042.0,94,52
9834110.0,94,66
9834133.0,91,53
9834171.0,99,53
9834186.0,96,51
9834215.0,92,53
9834245.0,101,51
9834257.0,93,49
9834309.0,94,51
9834365.0,94,65
9834370.0,99,58
9834423.0,103,48
9834430.0,100,58
9834445.0,104,51
9834467.0,101,56
9834498.0,95,52
9834527.0,95,55
9834546.0,100,53
9834570.0,100,55
9834575.0,98,49
9834616.0,101,55
9834618.0,99,70
9834638.0,99,53
9834646.0,92,50
9834665.0,101,51
9834688.0,94,50
9834721.0,104,52
9834739.0,88,83
9834748.0,103,51
9834759.0,91,56
9834817.0,92,56
9834852.0,89,82
9834893.0,96,52
9835011.0,91,73
9835049.0,100,60
9835087.0,96,51
9835250.0,99,51
9835309.0,99,49
9835316.0,91,52
9835349.0,103,50
9835357.0,91,53
9835383.0,101,51
9835396.0,102,48
9835415.0,99,69
9835446.0,94,53
9835518.0,93,50
9835558.0,93,52
9835606.0,91,51
9835686.0,100,50
9835697.0,92,65
9835712.0,103,50
9835784.0,99,50
9835859.0,101,49
9835862.0,101,51
9835924.0,95,52
9835934.0,94,55
9835951.0,97,53
9836070.0,91,50
9836151.0,97,51
9836193.0,104,51
9836222.0,101,50
9836251.0,102,51
9836290.0,101,51
9836291.0,93,49
9836328.0,103,49
9836350.0,96,51
9836362.0,99,68
9836363.0,55,64
9836390.0,99,49
9836505.0,98,54
9836512.0,98,51
9836521.0,102,50
9836562.0,87,84
9836584.0,92,49
9836599.0,93,49
9836629.0,93,50
9836648.0,91,52
9836651.0,101,51
9836656.0,94,53
9836688.0,99,49
9836743.0,100,50
9836796.0,91,50
9836807.0,93,50
9836826.0,86,84
9836828.0,101,49
9836836.0,93,53
9836928.0,87,84
9836969.0,93,66
9836980.0,93,68
9837010.0,90,57
9837010.0,96,50
9837011.0,91,51
9837065.0,103,50
9837083.0,102,48
9837168.0,89,57
9837182.0,101,51
9837276.0,104,53
9837288.0,100,68
9837326.0,93,68
9837337.0,103,50
9837398.0,103,48
9837402.0,93,50
9837486.0,100,50
9837502.0,101,54
9837547.0,90,56
9837638.0,101,51
9837684.0,98,67
9837763.0,104,54
9837784.0,86,84
9837790.0,99,51
9837861.0,98,48
9837902.0,104,51
9837904.0,87,84
9837910.0,91,51
9837974.0,101,49
9837999.0,93,49
9838023.0,91,53
9838076.0,104,52
9838087.0,90,55
9838136.0,92,51
9838138.0,90,58
9838158.0,91,66
9838162.0,86,84
9838212.0,93,51
9838249.0,97,53
9838269.0,98,49
9838280.0,87,79
9838307.0,103,53
9838331.0,105,52
9838345.0,101,51
9838430.0,93,53
9838495.0,93,49
9838521.0,103,49
9838527.0,91,52
9838576.0,102,48
9838595.0,87,84
9838612.0,92,49
9838614.0,95,52
9838665.0,93,52
9838678.0,90,56
9838696.0,104,51
9838723.0,105,52
9838733.0,100,56
9838747.0,101,51
9838752.0,93,78
9838804.0,97,49
9838816.0,87,78
9838816.0,91,64
9838829.0,93,68
9838867.0,93,77
9838871.0,103,49
9838904.0,99,51
9838974.0,92,49
9838993.0,102,49
9839084.0,98,48
9839224.0,93,78
9839242.0,102,51
9839286.0,99,66
9839318.0,94,53
9839358.0,91,50
9839393.0,101,50
9839447.0,93,49
9839497.0,91,49
9839557.0,93,51
9839584.0,95,51
9839585.0,100,48
9839607.0,92,49
9839622.0,93,49
9839626.0,104,51
9839628.0,96,50
9839644.0,91,64
9839674.0,103,55
9839689.0,97,50
9839698.0,91,62
9839733.0,102,53
9839764.0,103,49
9839773.0,100,58
9839814.0,97,49
9839849.0,100,51
9839874.0,102,48
9839909.0,98,48
9839957.0,102,51
9839969.0,98,66
9839972.0,101,56
9839976.0,90,57
9839983.0,101,48
9839994.0,97,52
9840071.0,92,49
9840112.0,93,52
9840117.0,94,60
9840131.0,92,52
9840178.0,86,79
9840233.0,91,62
9840272.0,93,78
9840357.0,99,50
9840358.0,96,50
9840361.0,101,56
9840365.0,99,52
9840368.0,104,51
9840486.0,94,54
9840512.0,90,55
9840516.0,98,52
9840576.0,104,53
9840651.0,100,53
9840697.0,90,56
9840705.0,66,67
9840739.0,91,50
9840741.0,92,64
9840767.0,99,70
9840801.0,99,50
9840805.0,102,54
9840838.0,92,50
9840854.0,96,50
9840892.0,98,53
9840924.0,97,49
9841108.0,89,76
9841158.0,98,54
9841280.0,90,59
9841329.0,91,51
9841372.0,100,48
9841431.0,90,55
9841442.0,98,50
9841509.0,92,62
9841524.0,102,50
9841615.0,100,53
9841654.0,90,50
9841663.0,89,76
9841714.0,92,50
9841755.0,93,55
9841761.0,97,49
9841791.0,99,73
9841828.0,95,51
9841847.0,91,64
9841854.0,103,54
9841878.0,102,50
9841956.0,100,68
9841974.0,98,64
9842085.0,104,53
9842106.0,101,51
9842112.0,99,67
9842143.0,90,54
9842286.0,90,58
9842347.0,101,52
9842375.0,96,51
9842385.0,100,73
9842392.0,88,75
9842495.0,101,48
9842514.0,99,56
9842515.0,104,53
9842565.0,99,73
9842579.0,90,60
9842580.0,103,53
9842582.0,101,51
9842600.0,100,49
9842622.0,95,51
9842630.0,98,49
9842634.0,96,50
9842645.0,94,52
9842645.0,99,50
9842667.0,103,54
9842723.0,103,50
9842813.0,92,50
9843001.0,90,53
9843010.0,93,50
9843030.0,101,73
9843046.0,92,55
9843078.0,99,55
9843083.0,104,53
9843106.0,91,56
9843142.0,90,51
9843150.0,95,51
9843155.0,102,48
9843170.0,103,50
9843196.0,90,50
9843198.0,98,49
9843230.0,93,50
9843276.0,93,52
9843282.0,100,69
9843294.0,94,55
9843318.0,92,50
9843335.0,101,51
9843339.0,102,56
9843386.0,97,58
9843398.0,99,50
9843416.0,99,55
9843453.0,103,54
9843469.0,101,56
9843479.0,101,57
9843484.0,90,56
9843491.0,104,53
9843546.0,100,53
9843663.0,101,48
9843664.0,101,49
9843694.0,100,49
9843701.0,90,52
9843712.0,93,52
9843722.0,103,48
9843828.0,95,52
9843886.0,101,51
9843914.0,100,50
9843920.0,101,58
9843948.0,92,51
9843953.0,97,49
9843983.0,93,50
9843985.0,93,54
9843991.0,90,50
9844030.0,99,53
9844075.0,97,48
9844101.0,103,49
9844107.0,92,50
9844134.0,90,51
9844149.0,94,56
9844154.0,99,50
9844203.0,100,72
9844205.0,90,54
9844227.0,99,49
9844250.0,103,52
9844277.0,93,50
9844297.0,103,54
9844317.0,99,54
9844318.0,100,50
9844343.0,99,70
9844351.0,104,55
9844359.0,101,56
9844440.0,96,51
9844467.0,103,50
9844478.0,91,63
9844481.0,99,60
9844579.0,93,56
9844705.0,90,53
9844708.0,94,52
9844761.0,92,56
9844770.0,103,52
9844818.0,92,50
9844818.0,97,54
9844886.0,101,56
9844896.0,95,51
9845020.0,92,51
9845034.0,100,53
9845039.0,102,48
9845048.0,90,50
9845050.0,90,52
9845083.0,91,50
9845173.0,103,49
9845217.0,103,50
9845242.0,86,78
9845296.0,103,51
9845306.0,97,48
9845323.0,97,52
9845324.0,93,53
9845337.0,102,49
9845340.0,90,51
9845376.0,100,52
9845385.0,103,52
9845406.0,98,69
9845410.0,94,52
9845429.0,96,49
9845471.0,104,55
9845533.0,100,57
9845635.0,98,51
9845642.0,93,69
9845695.0,101,56
9845709.0,81,69
9845727.0,99,69
9845807.0,92,53
9845882.0,103,50
9845937.0,92,54
9845942.0,91,65
9845952.0,103,55
9845988.0,97,52
9845992.0,91,50
9846040.0,101,48
9846047.0,91,52
9846138.0,102,53
9846155.0,94,52
9846161.0,97,48
9846178.0,99,48
9846193.0,93,53
9846287.0,101,58
9846292.0,103,51
9846303.0,97,50
9846345.0,103,50
9846349.0,98,64
9846354.0,94,51
9846354.0,102,50
9846394.0,96,50
9846421.0,92,51
9846436.0,103,49
9846460.0,102,48
9846527.0,90,50
9846542.0,95,50
9846575.0,94,70
9846615.0,96,49
9846629.0,98,50
9846690.0,96,51
9846724.0,96,53
9846754.0,103,50
9846812.0,92,52
9846872.0,92,51
9846890.0,98,51
9846894.0,90,52
9846938.0,93,53
9846941.0,101,50
9846977.0,96,52
9846996.0,71,110
9847025.0,98,60
9847026.0,90,51
9847102.0,95,72
9847113.0,98,47
9847119.0,101,58
9847143.0,92,58
9847212.0,100,48
9847249.0,91,50
9847289.0,100,58
9847322.0,101,53
9847352.0,103,49
9847374.0,101,55
9847420.0,101,50
9847438.0,102,55
9847467.0,102,50
9847574.0,101,51
9847586.0,100,56
9847672.0,101,58
9847738.0,94,52
9847763.0,97,49
9847771.0,91,70
9847773.0,96,49
9847802.0,102,54
9847836.0,99,48
9847859.0,101,49
9847864.0,98,52
9847868.0,89,62
9847899.0,92,52
9847905.0,95,50
9847979.0,104,48
9848031.0,102,49
9848073.0,99,57
9848109.0,92,53
9848126.0,103,54
9848164.0,91,57
9848199.0,98,62
9848224.0,95,53
9848234.0,97,49
9848275.0,101,58
9848337.0,101,50
9848362.0,99,49
9848385.0,103,49
9848539.0,101,58
9848577.0,100,50
9848588.0,97,52
9848691.0,101,50
9848704.0,103,51
9848710.0,90,50
9848749.0,99,50
9848784.0,97,49
9848825.0,95,50
9848835.0,103,54
9848869.0,100,48
9849035.0,101,51
9849115.0,102,50
9849155.0,93,53
9849170.0,89,51
9849217.0,101,50
9849230.0,98,50
9849246.0,103,49
9849266.0,97,51
9849349.0,94,51
9849382.0,95,51
9849541.0,96,48
9849626.0,91,51
9849655.0,103,53
9849711.0,102,53
9849727.0,98,68
9849767.0,99,70
9849778.0,100,51
9849807.0,90,50
9849821.0,98,50
9849872.0,100,52
9849879.0,99,49
9849899.0,91,66
9849948.0,89,57
9849954.0,93,53
9849963.0,103,53
9849966.0,89,51
9850029.0,103,54
9850116.0,94,51
9850123.0,100,49
9850174.0,99,67
9850193.0,95,57
9850255.0,101,57
9850278.0,100,51
9850309.0,92,54
9850384.0,100,48
9850415.0,89,52
9850435.0,93,77
9850563.0,103,49
9850620.0,98,49
9850669.0,92,49
9850686.0,91,51
9850697.0,101,48
9850708.0,103,53
9850741.0,86,82
9850756.0,100,74
9850781.0,94,66
9850822.0,89,51
9850877.0,100,51
9850886.0,102,52
9850923.0,100,52
9851015.0,105,52
9851034.0,87,81
9851036.0,91,65
9851041.0,94,51
9851046.0,103,49
9851048.0,92,59
9851056.0,98,50
9851094.0,89,56
9851151.0,90,52
9851159.0,99,51
9851162.0,95,49
9851168.0,92,49
9851173.0,90,50
9851207.0,93,76
9851281.0,102,52
9851291.0,102,55
9851329.0,89,55
9851341.0,89,52
9851360.0,96,58
9851369.0,93,55
9851391.0,85,83
9851426.0,89,58
9851459.0,105,52
9851533.0,99,74
9851545.0,93,65
9851608.0,101,50
9851618.0,89,57
9851630.0,100,51
9851640.0,89,51
9851642.0,99,73
9851656.0,89,53
9851800.0,90,50
9851842.0,98,71
9851875.0,90,57
9851884.0,96,49
9851890.0,99,50
9851946.0,101,48
9851953.0,96,48
9851958.0,95,51
9851979.0,103,48
9851986.0,99,58
9852026.0,101,52
9852046.0,90,53
9852067.0,92,54
9852082.0,96,50
9852092.0,102,52
9852098.0,93,52
9852115.0,89,52
9852140.0,92,55
9852154.0,99,60
9852171.0,87,81
9852180.0,97,51
9852191.0,99,53
9852234.0,99,52
9852255.0,94,52
9852270.0,91,52
9852275.0,89,54
9852277.0,99,71
9852286.0,98,48
9852295.0,98,52
9852375.0,100,54
9852378.0,103,53
9852383.0,101,49
9852386.0,99,73
9852405.0,104,54
9852423.0,93,76
9852458.0,95,49
9852488.0,102,50
9852526.0,97,50
9852537.0,100,70
9852540.0,96,52
9852550.0,100,51
9852559.0,90,62
9852578.0,97,59
9852582.0,92,52
9852586.0,98,65
9852620.0,95,57
9852663.0,99,59
9852674.0,98,52
9852698.0,96,53
9852739.0,96,54
9852740.0,101,49
9852761.0,101,50
9852771.0,99,71
9852784.0,99,52
9852788.0,89,59
9852802.0,103,53
9852862.0,89,58
9852876.0,91,70
9852898.0,98,58
9852941.0,99,48
9852957.0,96,48
9853090.0,89,53
9853163.0,95,50
9853169.0,89,60
9853186.0,91,57
9853196.0,100,57
9853225.0,94,53
9853239.0,92,52
9853253.0,95,49
9853255.0,89,52
9853263.0,93,52
9853287.0,91,52
9853350.0,101,48
9853358.0,100,56
9853366.0,94,50
9853375.0,98,65
9853397.0,95,50
9853428.0,88,50
9853471.0,98,54
9853522.0,101,49
9853548.0,99,52
9853552.0,100,51
9853636.0,98,48
9853639.0,93,50
9853643.0,101,48
9853774.0,90,80
9853815.0,103,53
9853825.0,101,50
9853890.0,89,51
9853904.0,98,51
9853931.0,99,52
9853961.0,95,50
9853966.0,98,68
9853986.0,92,52
9854013.0,95,52
9854072.0,101,49
9854110.0,93,50
9854114.0,99,48
9854139.0,89,55
9854143.0,89,58
9854171.0,93,52
9854180.0,95,50
9854207.0,90,52
9854212.0,100,50
9854215.0,95,52
9854235.0,91,62
9854301.0,89,54
9854313.0,89,59
9854400.0,90,54
9854411.0,88,51
9854475.0,95,49
9854495.0,100,53
9854516.0,92,52
9854532.0,89,57
9854572.0,91,53
9854632.0,91,58
9854648.0,94,50
9854721.0,88,84
9854727.0,93,50
9854729.0,101,48
9854736.0,90,57
9854745.0,99,53
9854753.0,101,50
9854793.0,89,56
9854837.0,95,53
9854845.0,99,67
9854860.0,91,52
9854951.0,99,48
9854953.0,102,50
9854959.0,90,51
9854984.0,93,50
9854996.0,102,51
9855075.0,100,53
9855079.0,96,52
9855088.0,101,56
9855088.0,91,52
9855096.0,102,55
9855118.0,100,51
9855198.0,93,52
9855222.0,91,54
9855378.0,98,53
9855408.0,99,68
9855520.0,98,49
9855557.0,90,53
9855578.0,92,52
9855603.0,97,68
9855632.0,101,53
9855642.0,99,54
9855646.0,89,83
9855662.0,101,48
9855683.0,89,52
9855693.0,93,56
9855693.0,92,53
9855718.0,97,65
9855723.0,96,59
9855733.0,91,69
9855846.0,93,61
9855886.0,104,53
9855942.0,88,51
9855957.0,94,50
9855976.0,91,67
9856022.0,98,61
9856047.0,97,66
9856068.0,100,51
9856081.0,90,62
9856126.0,90,51
9856140.0,97,50
9856145.0,91,53
9856169.0,104,53
9856176.0,96,52
9856182.0,99,52
9856186.0,97,64
9856216.0,90,58
9856262.0,96,51
9856303.0,99,49
9856314.0,84,79
9856328.0,89,60
9856342.0,96,66
9856385.0,88,52
9856435.0,97,51
9856466.0,100,54
9856542.0,98,57
9856556.0,94,53
9856605.0,101,49
9856641.0,98,50
9856674.0,98,47
9856698.0,102,51
9856765.0,94,51
9856781.0,95,50
9856786.0,100,52
9856828.0,88,51
9856844.0,84,79
9856851.0,92,53
9856910.0,93,51
9856926.0,97,51
9856987.0,97,49
9857001.0,97,50
9857022.0,95,50
9857044.0,101,56
9857105.0,103,53
9857106.0,92,52
9857171.0,96,49
9857194.0,93,56
9857195.0,99,51
9857220.0,98,49
9857252.0,99,58
9857259.0,101,48
9857259.0,100,49
9857277.0,102,52
9857317.0,97,49
9857332.0,102,53
9857362.0,95,49
9857425.0,99,52
9857456.0,103,53
9857487.0,91,54
9857494.0,98,66
9857513.0,91,59
9857538.0,88,52
9857551.0,96,54
9857588.0,95,48
9857606.0,101,48
9857654.0,101,51
9857678.0,92,67
9857719.0,102,53
9857740.0,90,73
9857754.0,93,51
9857772.0,89,57
9857802.0,93,53
9857803.0,88,51
9857826.0,100,57
9857863.0,90,52
9857893.0,97,48
9857899.0,89,51
9857977.0,97,63
9858030.0,97,52
9858055.0,102,54
9858068.0,92,55
9858072.0,97,49
9858104.0,92,53
9858156.0,89,52
9858158.0,101,48
9858167.0,97,53
9858171.0,101,51
9858242.0,101,55
9858260.0,100,57
9858284.0,94,49
9858328.0,97,52
9858417.0,99,56
9858457.0,100,48
9858466.0,100,55
9858500.0,91,66
9858552.0,93,51
9858569.0,88,53
9858590.0,97,51
9858618.0,95,48
9858647.0,101,48
9858694.0,100,50
9858699.0,92,59
9858758.0,88,52
9858793.0,101,51
9858797.0,90,52
9858823.0,99,52
9858829.0,97,54
9858848.0,98,48
9858857.0,99,57
9858867.0,100,54
9858874.0,94,57
9858887.0,95,67
9858912.0,97,67
9858952.0,99,70
9858999.0,89,51
9859024.0,97,55
9859026.0,101,51
9859047.0,98,59
9859125.0,98,52
9859133.0,91,60
9859138.0,95,50
9859141.0,98,65
9859182.0,99,58
9859205.0,101,48
9859223.0,97,66
9859235.0,91,68
9859260.0,97,48
9859275.0,88,56
9859338.0,96,51
9859339.0,99,50
9859348.0,99,71
9859394.0,95,50
9859434.0,97,65
9859495.0,94,52
9859522.0,94,49
9859541.0,98,53
9859553.0,100,48
9859576.0,102,53
9859604.0,100,50
9859613.0,98,48
9859620.0,97,48
9859653.0,99,68
9859712.0,99,58
9859787.0,101,48
9859875.0,92,66
9859898.0,100,74
9859935.0,94,50
9859989.0,88,53
9860000.0,98,74
9860005.0,61,56
9860033.0,95,53
9860056.0,88,54
9860115.0,92,60
9860121.0,92,52
9860125.0,95,50
9860151.0,95,58
9860162.0,93,50
9860172.0,90,58
9860177.0,100,50
9860197.0,97,73
9860220.0,94,50
9860222.0,101,48
9860242.0,93,53
9860256.0,98,65
9860271.0,98,49
9860306.0,89,51
9860324.0,88,52
9860361.0,90,50
9860389.0,97,49
9860406.0,97,54
9860425.0,96,51
9860440.0,95,54
9860444.0,98,50
9860492.0,90,53
9860515.0,94,49
9860546.0,97,59
9860599.0,98,53
9860654.0,91,66
9860709.0,94,51
9860740.0,88,55
9860758.0,98,48
9860769.0,91,59
9860779.0,90,52
9860800.0,101,54
9860837.0,102,54
9860845.0,97,52
9860891.0,97,66
9860975.0,89,51
9860997.0,100,49
9861013.0,101,48
9861033.0,88,51
9861041.0,98,69
9861053.0,92,67
9861076.0,89,54
9861080.0,93,52
9861087.0,98,74
9861095.0,95,49
9861105.0,101,54
9861107.0,98,50
9861154.0,102,54
9861156.0,91,65
9861177.0,97,52
9861181.0,97,67
9861187.0,93,50
9861234.0,101,52
9861244.0,92,52
9861348.0,90,54
9861462.0,100,51
9861478.0,91,51
9861486.0,90,53
9861489.0,89,51
9861500.0,101,74
9861503.0,89,53
9861507.0,91,52
9861525.0,99,51
9861570.0,60,57
9861594.0,102,52
9861600.0,93,67
9861609.0,102,53
9861656.0,93,50
9861660.0,91,54
9861683.0,98,57
9861739.0,101,54
9861754.0,97,65
9861761.0,88,53
9861763.0,101,51
9861765.0,88,56
9861772.0,91,52
9861793.0,91,51
9861798.0,100,51
9861911.0,101,48
9861954.0,100,48
9861962.0,87,52
9861969.0,101,52
9861977.0,92,67
9861986.0,92,61
9862046.0,97,49
9862118.0,89,55
9862143.0,99,52
9862196.0,98,60
9862208.0,89,51
9862247.0,99,51
9862250.0,92,52
9862279.0,93,51
9862279.0,97,54
9862422.0,89,52
9862436.0,101,50
9862460.0,88,51
9862464.0,101,54
9862495.0,100,50
9862498.0,95,52
9862543.0,93,51
9862545.0,92,57
9862546.0,98,68
9862587.0,100,48
9862633.0,97,53
9862681.0,94,48
9862682.0,90,54
9862703.0,101,48
9862712.0,88,54
9862765.0,90,59
9862771.0,101,52
9862777.0,101,55
9862787.0,91,54
9862832.0,95,51
9862850.0,87,52
9862925.0,93,67
9862938.0,99,82
9862967.0,99,59
9863000.0,92,67
9863006.0,96,48
9863014.0,94,50
9863047.0,88,56
9863110.0,88,51
9863112.0,93,50
9863118.0,96,50
9863121.0,88,52
9863150.0,101,50
9863207.0,97,67
9863217.0,102,54
9863233.0,91,52
9863241.0,96,56
9863251.0,98,67
9863349.0,98,51
9863374.0,101,48
9863385.0,100,54
9863388.0,99,59
9863393.0,88,57
9863394.0,99,49
9863477.0,92,67
9863571.0,88,55
9863585.0,98,66
9863621.0,92,56
9863626.0,100,48
9863744.0,97,50
9863747.0,93,51
9863762.0,90,53
9863765.0,89,52
9863771.0,87,52
9863778.0,91,52
9863789.0,102,50
9863836.0,89,62
9863857.0,97,64
9863877.0,101,51
9863878.0,88,58
9863904.0,98,64
9863939.0,92,51
9863948.0,99,51
9863966.0,101,48
9863976.0,98,52
9863989.0,100,56
9863991.0,96,48
9864005.0,87,53
9864009.0,102,54
9864012.0,88,51
9864051.0,102,53
9864076.0,94,53
9864112.0,89,52
9864140.0,96,50
9864194.0,88,53
9864197.0,100,48
9864236.0,90,64
9864265.0,99,53
9864282.0,101,51
9864313.0,95,52
9864330.0,87,52
9864516.0,96,49
9864517.0,93,67
9864555.0,93,52
9864568.0,88,51
9864602.0,102,50
9864619.0,101,48
9864628.0,97,48
9864635.0,90,66
9864638.0,88,54
9864677.0,99,53
9864684.0,93,49
9864791.0,94,49
9864816.0,89,52
9864818.0,101,50
9864820.0,102,54
9864837.0,92,51
9864887.0,101,51
9864919.0,98,52
9864948.0,101,52
9864991.0,99,48
9864998.0,91,53
9865002.0,97,62
9865058.0,99,49
9865076.0,101,50
9865086.0,89,58
9865087.0,94,49
9865090.0,87,53
9865094.0,99,57
9865115.0,92,52
9865126.0,88,51
9865127.0,98,49
9865132.0,102,54
9865142.0,87,52
9865179.0,101,48
9865181.0,93,57
9865190.0,96,51
9865269.0,89,54
9865298.0,97,48
9865305.0,99,50
9865312.0,101,51
9865323.0,96,62
9865328.0,91,56
9865386.0,95,48
9865492.0,101,48
9865501.0,96,53
9865513.0,90,55
9865547.0,97,62
9865583.0,96,49
9865599.0,96,52
9865675.0,98,50
9865689.0,95,51
9865730.0,88,51
9865738.0,97,52
9865782.0,93,54
9865786.0,101,50
9865798.0,92,50
9865878.0,90,65
9865918.0,93,50
9866000.0,89,53
9866012.0,101,51
9866081.0,88,52
9866086.0,99,48
9866096.0,90,54
9866100.0,92,53
9866218.0,88,59
9866257.0,97,52
9866261.0,101,50
9866278.0,93,49
9866412.0,87,53
9866461.0,94,53
9866466.0,99,50
9866481.0,95,51
9866500.0,99,56
9866514.0,87,54
9866517.0,97,53
9866550.0,97,62
9866576.0,103,53
9866680.0,94,52
9866758.0,91,53
9866804.0,89,53
9866852.0,88,53
9866858.0,88,60
9866920.0,95,50
9866945.0,88,52
9866987.0,102,48
9867012.0,101,50
9867031.0,96,49
9867035.0,94,52
9867080.0,101,51
9867145.0,88,52
9867167.0,97,50
9867203.0,98,54
9867221.0,97,52
9867252.0,95,50
9867301.0,101,50
9867305.0,90,55
9867326.0,96,61
9867329.0,92,50
9867428.0,97,60
9867429.0,91,68
9867555.0,97,52
9867592.0,94,53
9867613.0,94,52
9867645.0,97,48
9867702.0,91,67
9867712.0,95,48
9867738.0,86,76
9867747.0,88,52
9867812.0,100,52
9867819.0,94,52
9867878.0,97,53
9867879.0,87,54
9867886.0,93,48
9867897.0,101,52
9867903.0,89,53
9867904.0,91,53
9867961.0,92,50
9868023.0,95,52
9868083.0,88,54
9868091.0,94,48
9868103.0,99,51
9868134.0,100,71
9868174.0,87,58
9868180.0,97,49
9868181.0,96,49
9868265.0,88,52
9868279.0,100,55
9868341.0,90,59
9868345.0,95,54
9868422.0,91,67
9868428.0,98,51
9868450.0,87,55
9868465.0,93,62
9868505.0,92,52
9868578.0,91,52
9868593.0,90,77
9868622.0,99,71
9868690.0,100,52
9868722.0,97,67
9868733.0,101,54
9868740.0,97,68
9868753.0,92,68
9868778.0,88,52
9868781.0,90,60
9868785.0,92,52
9868799.0,87,52
9868838.0,87,77
9868860.0,89,55
9868877.0,100,51
9868881.0,98,60
9868884.0,95,55
9868961.0,94,65
9868973.0,93,52
9868996.0,94,54
9869004.0,91,79
9869047.0,95,48
9869057.0,89,54
9869064.0,89,60
9869117.0,98,58
9869162.0,89,58
9869171.0,88,58
9869172.0,87,53
9869188.0,88,52
9869193.0,86,53
9869218.0,95,49
9869253.0,88,60
9869287.0,95,50
9869295.0,87,54
9869296.0,68,53
9869359.0,93,48
9869395.0,88,57
9869445.0,91,80
9869452.0,97,66
9869460.0,91,52
9869462.0,91,57
9869472.0,95,48
9869567.0,92,52
9869571.0,90,55
9869576.0,101,53
9869581.0,88,52
9869584.0,97,51
9869650.0,87,55
9869715.0,96,53
9869732.0,98,51
9869745.0,90,54
9869752.0,91,56
9869756.0,87,52
9869758.0,99,55
9869791.0,92,66
9869793.0,101,52
9869807.0,94,52
9869813.0,99,57
9869821.0,66,56
9869841.0,100,52
9869883.0,101,54
9869964.0,95,48
9869965.0,96,48
9869976.0,92,52
9869980.0,91,66
9869987.0,98,49
9870008.0,93,50
9870014.0,89,81
9870028.0,86,53
9870028.0,90,81
9870042.0,96,50
9870084.0,98,56
9870092.0,88,52
9870093.0,87,56
9870097.0,101,75
9870121.0,100,50
9870218.0,88,56
9870235.0,98,52
9870326.0,101,54
9870369.0,99,55
9870399.0,89,54
9870414.0,87,58
9870421.0,88,53
9870441.0,97,65
9870442.0,87,57
9870460.0,88,59
9870499.0,98,56
9870548.0,89,55
9870549.0,91,56
9870585.0,91,61
9870607.0,88,52
9870608.0,91,52
9870644.0,99,49
9870666.0,96,48
9870707.0,92,49
9870732.0,98,52
9870757.0,87,52
9870769.0,92,62
9870770.0,97,57
9870782.0,96,54
9870790.0,91,51
9870794.0,93,53
9870805.0,92,54
9870814.0,101,52
9870827.0,86,52
9870861.0,92,52
9870897.0,98,59
9870939.0,88,52
9871038.0,87,54
9871075.0,97,52
9871106.0,88,72
9871164.0,98,60
9871198.0,98,52
9871205.0,100,51
9871227.0,92,52
9871232.0,90,54
9871233.0,98,70
9871250.0,99,55
9871284.0,86,53
9871303.0,95,50
9871313.0,85,79
9871339.0,92,51
9871343.0,100,50
9871385.0,87,56
9871406.0,65,56
9871410.0,94,50
9871425.0,93,54
9871425.0,88,53
9871427.0,98,69
9871430.0,88,55
9871470.0,98,52
9871510.0,100,55
9871516.0,101,54
9871525.0,98,48
9871551.0,90,61
9871589.0,97,51
9871598.0,86,54
9871634.0,99,55
9871676.0,101,74
9871687.0,96,54
9871700.0,93,49
9871706.0,99,49
9871709.0,92,51
9871712.0,92,49
9871719.0,96,55
9871726.0,53,55
9871756.0,90,60
9871784.0,91,60
9871895.0,96,48
9871941.0,100,55
9871950.0,97,52
9872020.0,89,55
9872092.0,94,49
9872112.0,97,47
9872131.0,98,58
9872191.0,91,51
9872203.0,97,51
9872226.0,94,52
