timestamp,x,y
17786113.0,108,60
17786277.0,110,57
17786606.0,121,63
17786636.0,109,58
17786816.0,122,62
17786855.0,122,59
17787086.0,106,63
17787135.0,112,55
17787138.0,115,67
17787229.0,116,57
17787290.0,119,64
17787456.0,109,58
17787621.0,119,59
17787652.0,109,61
17787697.0,123,63
17787714.0,109,80
17787739.0,107,66
17787750.0,108,59
17787802.0,114,59
17787820.0,107,61
17787875.0,121,60
17787942.0,111,56
17787986.0,119,55
17787992.0,117,58
17788065.0,104,69
17788093.0,112,58
17788396.0,120,63
17788460.0,121,60
17788467.0,124,63
17788493.0,114,58
17788517.0,111,55
17788665.0,110,57
17788666.0,121,55
17788669.0,117,56
17788749.0,122,61
17788786.0,105,67
17788899.0,122,55
17788981.0,108,61
17789137.0,107,60
17789142.0,111,59
17789155.0,121,57
17789160.0,109,59
17789172.0,111,57
17789173.0,108,60
17789272.0,112,54
17789294.0,111,55
17789332.0,97,88
17789352.0,108,59
17789470.0,109,58
17789558.0,105,66
17789667.0,110,56
17789846.0,101,76
17789868.0,122,59
17789924.0,105,65
17790052.0,81,65
17790069.0,118,64
17790090.0,118,65
17790145.0,121,55
17790159.0,81,66
17790195.0,113,55
17790225.0,115,57
17790309.0,106,64
17790338.0,121,62
17790357.0,113,58
17790392.0,113,68
17790469.0,118,60
17790550.0,104,68
17790566.0,122,56
17790726.0,123,57
17790740.0,119,64
17790747.0,110,56
17790810.0,122,58
17790817.0,119,59
17791000.0,106,63
17791049.0,109,79
17791080.0,121,59
17791199.0,107,60
17791224.0,123,60
17791273.0,109,60
17791446.0,118,66
17791570.0,109,57
17791579.0,119,63
17791720.0,108,58
17791769.0,116,56
17791810.0,114,67
17791850.0,113,67
17791896.0,114,60
17791977.0,121,60
17792185.0,112,57
17792194.0,122,60
17792354.0,111,59
17792515.0,108,58
17792644.0,106,62
17792655.0,120,62
17792728.0,121,59
17792738.0,120,63
17792745.0,117,55
17792861.0,97,92
17792898.0,120,60
17792949.0,107,59
17793013.0,106,61
17793075.0,118,64
17793491.0,112,58
17793597.0,110,55
17793662.0,115,59
17793746.0,111,58
17793798.0,120,62
17793802.0,119,63
17793995.0,103,70
17794113.0,121,61
17794126.0,117,64
17794164.0,73,68
17794210.0,112,59
17794383.0,111,71
17794402.0,105,63
17794557.0,117,60
17794615.0,109,56
17794793.0,119,65
17794805.0,105,85
17794832.0,120,61
17794850.0,105,65
17794900.0,115,56
17794932.0,118,63
17794949.0,106,63
17795013.0,118,54
17795014.0,106,84
17795069.0,110,77
17795110.0,108,69
17795114.0,121,58
17795158.0,108,57
17795248.0,109,57
17795271.0,110,77
17795400.0,114,68
17795405.0,73,67
17795584.0,116,55
17795618.0,122,55
17795665.0,109,79
17795671.0,121,58
17795694.0,120,56
17795704.0,109,56
17795735.0,119,62
17795813.0,107,64
17795841.0,121,54
17795852.0,103,69
17795872.0,120,54
17795930.0,111,58
17795932.0,111,57
17796152.0,119,57
17796160.0,107,61
17796167.0,118,63
17796304.0,114,66
17796383.0,120,59
17796402.0,116,64
17796659.0,106,60
17796747.0,112,56
17796782.0,120,56
17796782.0,106,81
17796802.0,107,59
17796802.0,107,63
17796857.0,121,55
17796984.0,119,62
17796986.0,108,57
17797165.0,110,55
17797271.0,121,60
17797302.0,120,61
17797309.0,107,58
17797386.0,111,53
17797500.0,105,66
17797506.0,112,58
17797624.0,95,89
17797667.0,119,53
17797775.0,109,55
17797819.0,114,56
17798077.0,108,59
17798099.0,109,58
17798150.0,118,53
17798183.0,116,55
17798318.0,107,81
17798468.0,88,73
17798587.0,93,91
17798700.0,121,55
17798789.0,112,54
17798845.0,120,56
17798879.0,120,59
17798914.0,105,63
17799042.0,121,57
17799049.0,112,57
17799099.0,115,65
17799130.0,106,78
17799242.0,117,58
17799390.0,120,58
17799400.0,108,56
17799438.0,111,56
17799447.0,119,59
17799483.0,115,55
17799511.0,113,66
17799517.0,105,61
17799528.0,108,57
17799674.0,115,66
17799677.0,113,65
17799703.0,119,56
17799714.0,121,54
17800094.0,119,57
17800098.0,116,54
17800141.0,107,57
17800171.0,119,60
17800266.0,107,60
17800386.0,109,56
17800430.0,111,58
17800455.0,109,55
17800471.0,119,62
17800595.0,115,64
17800615.0,110,75
17800636.0,107,78
17800702.0,110,74
17800755.0,112,66
17800826.0,109,54
17800838.0,118,62
17800924.0,117,53
17800997.0,110,57
17801037.0,111,57
17801043.0,120,55
17801082.0,106,60
17801121.0,116,58
17801185.0,108,79
17801204.0,107,58
17801262.0,116,59
17801274.0,108,56
17801285.0,111,53
17801286.0,107,59
17801298.0,105,60
17801425.0,119,61
17801632.0,111,69
17801810.0,107,57
17801890.0,106,58
17802092.0,111,54
17802214.0,112,57
17802271.0,108,55
17802290.0,109,58
17802573.0,114,55
17802578.0,118,53
17802640.0,117,57
17802659.0,119,55
17802680.0,119,58
17802690.0,117,58
17802742.0,109,53
17802806.0,109,54
17802827.0,116,53
17802869.0,117,53
17802880.0,111,57
17802985.0,112,69
17803031.0,104,65
17803075.0,120,61
17803204.0,118,56
17803312.0,117,57
17803351.0,113,56
17803359.0,116,64
17803363.0,115,54
17803411.0,119,53
17803554.0,110,56
17803629.0,111,54
17803695.0,111,66
17803696.0,120,60
17803775.0,110,74
17803888.0,107,56
17803928.0,110,75
17803934.0,115,56
17803965.0,117,62
17804029.0,121,63
17804034.0,98,84
17804042.0,105,61
17804130.0,120,54
17804145.0,109,53
17804192.0,104,63
17804437.0,99,84
17804541.0,106,59
17804638.0,110,76
17804661.0,112,56
17804713.0,111,68
17804716.0,103,67
17804750.0,108,55
17804826.0,105,60
17804883.0,116,53
17804917.0,114,64
17804945.0,108,54
17804978.0,118,61
17804989.0,110,57
17805024.0,113,55
17805057.0,106,57
17805068.0,107,57
17805078.0,107,56
17805222.0,109,57
17805462.0,106,83
17805486.0,116,57
17805544.0,120,53
17805625.0,104,61
17805652.0,120,59
17805681.0,109,58
17805771.0,115,63
17805807.0,120,57
17805917.0,119,60
17805953.0,117,52
17805974.0,114,54
17805999.0,119,54
17806064.0,109,52
17806070.0,105,64
17806119.0,120,56
17806123.0,108,54
17806303.0,110,55
17806362.0,106,61
17806384.0,113,57
17806457.0,118,55
17806568.0,115,58
17806629.0,119,57
17806633.0,106,69
17806705.0,111,56
17806759.0,103,77
17806766.0,104,62
17806772.0,110,53
17806773.0,104,63
17806785.0,105,59
17806805.0,108,53
17806838.0,115,58
17807231.0,103,77
17807306.0,116,52
17807361.0,106,58
17807492.0,106,57
17807493.0,115,53
17807553.0,109,57
17807555.0,109,56
17807694.0,110,57
17807769.0,99,75
17807776.0,105,58
17807904.0,119,54
17807926.0,108,53
17808039.0,110,54
17808068.0,118,58
17808094.0,118,60
17808128.0,108,58
17808230.0,110,70
17808299.0,106,56
17808413.0,107,56
17808585.0,109,56
17808592.0,112,65
17808684.0,111,57
17808762.0,116,52
17808809.0,111,56
17808828.0,109,52
17808878.0,109,56
17808936.0,116,62
17809050.0,110,53
17809203.0,107,55
17809235.0,118,54
17809316.0,114,53
17809344.0,112,56
17809384.0,119,57
17809473.0,105,57
17809557.0,113,64
17809615.0,119,59
17809617.0,118,60
17809776.0,119,53
17809781.0,106,56
17809849.0,109,55
17809862.0,110,56
17809891.0,114,63
17809906.0,111,68
17809973.0,107,55
17810002.0,108,52
17810021.0,112,55
17810077.0,117,61
17810137.0,113,57
17810165.0,109,57
17810173.0,118,57
17810223.0,117,55
17810276.0,103,64
17810376.0,118,52
17810376.0,107,54
17810405.0,107,80
17810491.0,104,59
17810656.0,115,52
17810664.0,108,52
17810772.0,108,53
17810789.0,119,56
17810811.0,105,59
17810894.0,119,61
17811111.0,117,53
17811204.0,110,56
17811397.0,106,55
17811463.0,108,57
17811472.0,117,59
17811523.0,114,65
17811526.0,108,78
17811607.0,111,55
17811611.0,109,54
17811686.0,108,80
17811736.0,107,53
17811768.0,116,57
17811832.0,116,61
17811905.0,119,53
17811923.0,115,62
17812012.0,109,55
17812103.0,110,58
17812195.0,39,86
17812266.0,106,55
17812417.0,76,63
17812486.0,109,78
17812534.0,112,54
17812676.0,107,54
17812687.0,108,56
17812740.0,106,56
17812747.0,112,64
17812767.0,75,62
17812793.0,118,59
17812819.0,113,54
17812937.0,117,60
17812985.0,104,61
17813001.0,109,53
17813040.0,106,58
17813051.0,103,64
17813073.0,107,52
17813079.0,117,54
17813104.0,111,55
17813192.0,109,78
17813219.0,114,52
17813220.0,103,62
17813246.0,104,58
17813254.0,118,53
17813273.0,100,91
17813300.0,105,56
17813352.0,106,54
17813410.0,75,62
17813475.0,119,58
17813476.0,109,56
17813478.0,108,57
17813498.0,112,56
17813553.0,106,55
17813566.0,40,77
17813574.0,116,55
17813604.0,105,55
17813720.0,118,56
17813740.0,109,54
17813899.0,111,65
17814012.0,103,61
17814015.0,109,54
17814101.0,117,57
17814197.0,107,57
17814282.0,106,54
17814349.0,118,59
17814397.0,106,57
17814431.0,111,54
17814449.0,110,68
17814561.0,105,56
17814633.0,117,60
17814694.0,108,55
17814697.0,116,61
17814812.0,118,52
17814876.0,105,71
17814951.0,106,54
17815002.0,104,60
17815029.0,105,60
17815053.0,107,53
17815358.0,115,51
17815385.0,115,61
17815411.0,113,63
17815415.0,117,57
17815436.0,118,56
17815457.0,103,67
17815538.0,111,53
17815615.0,105,58
17815727.0,110,55
17815847.0,106,53
17815867.0,111,64
17815918.0,111,53
17815991.0,117,51
17816212.0,116,60
17816233.0,104,57
17816259.0,110,67
17816305.0,103,60
17816308.0,117,53
17816361.0,112,64
17816487.0,104,58
17816491.0,108,53
17816503.0,104,59
17816574.0,109,55
17816646.0,106,52
17816655.0,105,55
17816656.0,118,52
17816662.0,117,54
17816688.0,79,72
17816802.0,108,56
17816944.0,114,53
17816965.0,110,77
17817055.0,113,52
17817058.0,114,51
17817110.0,109,53
17817164.0,108,78
17817173.0,117,59
17817189.0,108,52
17817266.0,106,53
17817276.0,107,56
17817289.0,116,54
17817371.0,111,54
17817417.0,117,57
17817493.0,105,57
17817514.0,109,56
17817526.0,108,54
17817598.0,107,51
17817604.0,103,59
17817780.0,118,55
17817859.0,109,76
17817874.0,117,56
17817906.0,109,55
17817958.0,114,52
17818095.0,119,54
17818212.0,104,56
17818277.0,105,55
17818388.0,108,53
17818411.0,112,63
17818444.0,118,58
17818464.0,116,60
17818523.0,106,52
17818594.0,105,54
17818672.0,115,61
17818679.0,108,53
17818693.0,116,58
17818922.0,109,71
17818936.0,112,56
17819023.0,116,53
17819122.0,117,59
17819124.0,107,55
17819368.0,117,52
17819431.0,110,54
17819449.0,118,54
17819548.0,103,58
17819576.0,111,53
17819662.0,108,56
17819733.0,106,51
17819813.0,113,51
17819814.0,117,55
17819838.0,111,64
17819957.0,102,89
17819997.0,103,61
17820228.0,116,54
17820292.0,109,55
17820359.0,115,54
17820380.0,104,55
17820476.0,104,56
17820513.0,102,62
17820522.0,112,57
17820618.0,110,66
17820627.0,117,53
17820674.0,107,57
17820718.0,108,55
17820778.0,104,57
17820786.0,110,67
17820825.0,116,59
17820872.0,114,50
17820884.0,110,55
17820908.0,113,56
17820975.0,117,55
17820983.0,109,57
17821057.0,114,55
17821071.0,114,53
17821141.0,115,60
17821185.0,111,56
17821251.0,109,73
17821258.0,105,54
17821283.0,110,65
17821448.0,107,56
17821455.0,116,56
17821500.0,107,55
17821525.0,111,63
17821529.0,107,54
17821631.0,103,63
17821663.0,112,62
17821668.0,105,52
17821674.0,105,71
17821776.0,102,63
17821781.0,116,52
17821809.0,107,51
17821825.0,104,55
17821894.0,117,51
17821910.0,114,61
17822082.0,114,59
17822105.0,102,61
17822218.0,107,53
17822248.0,106,56
17822256.0,103,60
17822266.0,2,53
17822280.0,103,59
17822297.0,116,59
17822315.0,9,105
17822353.0,117,58
17822387.0,116,52
17822551.0,113,56
17822556.0,107,52
17822562.0,111,52
17822617.0,108,53
17822635.0,109,54
17822671.0,104,62
17822837.0,113,54
17822868.0,105,53
17822935.0,9,105
17822959.0,103,56
17823017.0,103,62
17823023.0,108,53
17823036.0,115,53
17823038.0,108,56
17823120.0,108,55
17823123.0,2,53
17823136.0,105,52
17823146.0,109,53
17823147.0,103,57
17823186.0,116,52
17823242.0,110,64
17823314.0,105,51
17823383.0,104,54
17823405.0,102,59
17823411.0,102,64
17823413.0,114,60
17823577.0,110,62
17823614.0,110,65
17823626.0,115,54
17823700.0,113,61
17823799.0,109,68
17823825.0,113,59
17823976.0,105,51
17824002.0,110,55
17824033.0,103,58
17824047.0,108,55
17824075.0,112,57
17824213.0,106,55
17824327.0,71,65
17824327.0,107,55
17824372.0,111,65
17824398.0,112,56
17824459.0,112,62
17824486.0,102,60
17824627.0,103,56
17824810.0,108,70
17824838.0,114,54
17824872.0,100,69
17824932.0,115,59
17824941.0,107,53
17825012.0,110,52
17825103.0,109,53
17825132.0,116,58
17825136.0,116,50
17825149.0,104,58
17825240.0,117,53
17825282.0,104,53
17825387.0,116,51
17825434.0,111,62
17825456.0,114,50
17825457.0,111,51
17825583.0,108,54
17825609.0,116,55
17825651.0,111,63
17825692.0,106,54
17825706.0,113,51
17825767.0,114,52
17825847.0,102,58
17825985.0,104,59
17826051.0,69,63
17826076.0,107,54
17826167.0,106,56
17826170.0,103,55
17826262.0,116,52
17826375.0,115,52
17826388.0,70,62
17826425.0,107,55
17826438.0,110,52
17826471.0,116,54
17826564.0,116,52
17826565.0,109,53
17826568.0,69,63
17826626.0,114,53
17826749.0,107,54
17826866.0,115,53
17826892.0,106,53
17826926.0,102,57
17826980.0,103,55
17827150.0,108,54
17827163.0,116,54
17827247.0,110,63
17827301.0,111,51
17827479.0,106,52
17827484.0,70,61
17827581.0,103,57
17827620.0,103,54
17827645.0,111,95
17827675.0,110,64
17827795.0,107,56
17827874.0,73,58
17827955.0,111,62
17827965.0,104,51
17827974.0,112,61
17828079.0,114,60
17828171.0,104,53
17828240.0,115,51
17828288.0,109,54
17828395.0,113,54
17828501.0,114,59
17828504.0,115,55
17828526.0,106,56
17828570.0,103,56
17828718.0,103,59
17828720.0,102,56
17828742.0,117,52
17828749.0,116,50
17828833.0,115,52
17828842.0,109,55
17828906.0,107,55
17828918.0,110,51
17829002.0,109,74
17829062.0,109,52
17829091.0,104,52
17829104.0,113,62
17829106.0,108,53
17829123.0,105,55
17829151.0,115,58
17829157.0,116,57
17829176.0,111,50
17829231.0,103,54
17829459.0,104,51
17829569.0,112,55
17829674.0,106,55
17829771.0,103,53
17829868.0,102,58
17829886.0,107,54
17830322.0,114,56
17830344.0,105,54
17830413.0,114,53
17830506.0,116,53
17830709.0,115,54
17830726.0,105,51
17830735.0,111,62
17830798.0,102,57
17830819.0,114,52
17830949.0,103,52
17831001.0,111,61
17831041.0,109,65
17831077.0,113,53
17831165.0,98,88
17831210.0,101,58
17831271.0,101,61
17831347.0,115,54
17831542.0,116,52
17831555.0,114,51
17831568.0,111,58
17831703.0,108,53
17831751.0,115,50
17831803.0,113,49
17831939.0,113,54
17831969.0,107,54
17832031.0,110,62
17832084.0,115,57
17832139.0,109,63
17832156.0,114,54
17832190.0,112,57
17832204.0,105,53
17832207.0,102,61
17832221.0,97,75
17832265.0,105,52
17832307.0,112,60
17832309.0,107,53
17832363.0,102,62
17832385.0,109,51
17832577.0,108,52
17832598.0,114,55
17832629.0,110,55
17832772.0,109,64
17832786.0,103,51
17832791.0,102,56
17832794.0,115,55
17832796.0,101,60
17832806.0,102,55
17832848.0,116,57
17832851.0,114,58
17832894.0,110,50
17833084.0,106,54
17833166.0,101,59
17833168.0,114,82
17833191.0,115,53
17833195.0,112,49
17833235.0,116,56
17833247.0,107,53
17833250.0,114,56
17833268.0,103,54
17833269.0,110,56
17833284.0,113,59
17833334.0,101,57
17833378.0,102,58
17833412.0,102,60
17833986.0,111,58
17834027.0,101,56
17834121.0,113,49
17834124.0,102,54
17834157.0,109,74
17834175.0,102,53
17834253.0,105,55
17834276.0,114,50
17834279.0,113,53
17834295.0,103,50
17834338.0,110,56
17834488.0,110,74
17834770.0,111,51
17834778.0,112,57
17834815.0,110,49
17834834.0,104,55
17834875.0,104,54
17834894.0,109,50
17834906.0,111,61
17834914.0,105,55
17834937.0,106,55
17835103.0,111,57
17835154.0,113,51
17835281.0,108,51
17835423.0,114,52
17835427.0,108,67
17835492.0,104,51
17835665.0,102,52
17835812.0,111,60
17835852.0,112,56
17835878.0,101,57
17835890.0,111,48
17835919.0,107,52
17835944.0,112,50
17835947.0,112,59
17835958.0,115,52
17835976.0,113,52
17835977.0,114,57
17836119.0,110,55
17836131.0,102,51
17836154.0,115,51
17836173.0,115,56
17836186.0,114,54
17836189.0,109,63
17836214.0,104,52
17836242.0,113,53
17836320.0,102,53
17836335.0,109,68
17836342.0,110,53
17836456.0,104,56
17836620.0,72,62
17836624.0,116,54
17836656.0,104,53
17836687.0,113,58
17836739.0,114,53
17836741.0,110,52
17836853.0,108,66
17836880.0,113,51
17837024.0,107,53
17837058.0,72,62
17837113.0,117,53
17837151.0,106,54
17837162.0,111,60
17837164.0,110,61
17837182.0,102,51
17837224.0,104,55
17837246.0,114,50
17837279.0,105,54
17837413.0,114,49
17837421.0,109,62
17837492.0,114,57
17837571.0,111,54
17837599.0,99,75
17837609.0,101,56
17837645.0,106,53
17837745.0,100,59
17837767.0,115,56
17837869.0,109,49
17837933.0,113,55
17838144.0,113,50
17838163.0,110,55
17838166.0,102,52
17838187.0,102,54
17838193.0,108,50
17838204.0,112,51
17838240.0,113,51
17838305.0,107,52
17838309.0,103,56
17838401.0,108,51
17838415.0,102,50
17838444.0,112,56
17838495.0,102,57
17838576.0,111,57
17838581.0,110,48
17838642.0,109,67
17838692.0,101,54
17838728.0,109,49
17838818.0,113,54
17838875.0,107,51
17838922.0,100,57
17838993.0,114,53
17839016.0,101,53
17839022.0,100,60
17839041.0,100,61
17839085.0,114,52
17839124.0,99,89
17839195.0,103,54
17839203.0,101,54
17839217.0,73,70
17839261.0,108,66
17839321.0,108,53
17839346.0,101,60
17839361.0,115,55
17839417.0,105,54
17839444.0,103,55
17839533.0,114,56
17839538.0,106,52
17839627.0,109,67
17839673.0,113,49
17839709.0,98,89
17839729.0,110,56
17839744.0,110,57
17839746.0,110,54
17839767.0,108,66
17839927.0,114,54
17839927.0,101,52
17839955.0,103,51
17839961.0,9,75
17840011.0,111,48
17840037.0,101,51
17840071.0,113,55
17840158.0,111,50
17840164.0,108,65
17840166.0,110,51
17840172.0,108,64
17840176.0,109,48
17840254.0,100,65
17840314.0,109,64
17840320.0,71,63
17840380.0,108,76
17840398.0,112,48
17840402.0,114,52
17840437.0,87,75
17840476.0,107,51
17840495.0,113,57
17840512.0,105,53
17840514.0,100,58
17840550.0,107,54
17840580.0,110,48
17840610.0,100,56
17840621.0,110,60
17840684.0,107,77
17840686.0,103,52
17840702.0,109,55
17840797.0,111,52
17840827.0,98,90
17840834.0,100,68
17840855.0,109,61
17840895.0,108,50
17840925.0,112,51
17840958.0,103,56
17840965.0,110,57
17841075.0,114,56
17841080.0,110,53
17841087.0,110,50
17841192.0,112,53
17841225.0,103,53
17841236.0,111,59
17841255.0,113,53
17841260.0,109,62
17841308.0,100,55
17841370.0,107,50
17841411.0,109,50
17841412.0,101,50
17841429.0,108,49
17841593.0,109,48
17841599.0,103,54
17841652.0,101,51
17841841.0,103,55
17841847.0,27,54
17841856.0,106,52
17841889.0,26,53
17841894.0,108,77
17841956.0,103,54
17842004.0,108,63
17842044.0,101,52
17842058.0,111,51
17842093.0,110,54
17842097.0,108,49
17842104.0,109,55
17842154.0,108,63
17842200.0,112,51
17842262.0,105,53
17842306.0,110,60
17842339.0,113,55
17842343.0,111,60
17842363.0,111,53
17842399.0,104,54
17842466.0,102,50
17842734.0,103,55
17842914.0,111,52
17842999.0,113,52
17843031.0,54,49
17843033.0,72,61
17843038.0,110,49
17843062.0,100,63
17843064.0,100,54
17843076.0,103,52
17843128.0,106,51
17843198.0,113,54
17843203.0,101,50
17843298.0,111,48
17843344.0,107,50
17843500.0,109,54
17843571.0,101,75
17843582.0,111,55
17843619.0,109,50
17843692.0,72,61
17843780.0,111,58
17843810.0,110,48
17843811.0,105,52
17843811.0,104,55
17843829.0,71,61
17843840.0,111,55
17843846.0,113,56
17843876.0,108,48
17843884.0,100,53
17843901.0,102,55
17843979.0,53,49
17844036.0,110,52
17844110.0,107,68
17844114.0,108,62
17844226.0,115,55
17844269.0,109,51
17844308.0,109,61
17844363.0,108,55
17844368.0,107,49
17844397.0,112,49
17844452.0,110,59
17844599.0,111,50
17844678.0,100,52
17844680.0,99,59
17844725.0,72,61
17844756.0,108,63
17844780.0,102,51
17844849.0,100,59
17844866.0,100,51
17844930.0,99,61
17844942.0,53,49
17844975.0,104,53
17844989.0,100,62
17845038.0,99,58
17845089.0,108,53
17845143.0,107,67
17845206.0,72,61
17845269.0,111,58
17845314.0,102,52
17845315.0,110,53
17845323.0,100,58
17845335.0,99,57
17845391.0,110,51
17845410.0,102,54
17845498.0,106,50
17845503.0,103,54
17845644.0,101,57
17845675.0,111,51
17845687.0,114,54
17845692.0,109,54
17845702.0,104,54
17845729.0,109,53
17845750.0,104,53
17845788.0,100,51
17845794.0,100,57
17845917.0,100,50
17845928.0,114,55
17845978.0,111,52
17845983.0,99,56
17845984.0,108,52
17846034.0,109,60
17846466.0,101,50
17846496.0,100,55
17846518.0,87,74
17846526.0,110,52
17846653.0,100,52
17846693.0,111,49
17846860.0,99,55
17846880.0,105,51
17846910.0,109,56
17846922.0,102,56
17846940.0,107,48
17846973.0,99,63
17846980.0,114,54
17847038.0,100,56
17847102.0,108,55
17847113.0,105,52
17847270.0,106,49
17847423.0,111,54
17847461.0,111,50
17847546.0,108,54
17847563.0,110,47
17847583.0,110,51
17847620.0,100,50
17847651.0,103,54
17847723.0,99,55
17847768.0,113,55
17847784.0,110,55
17847809.0,110,59
17847881.0,111,51
17847973.0,104,52
17848014.0,99,54
17848090.0,110,51
17848093.0,103,53
17848178.0,108,48
17848180.0,99,65
17848302.0,110,50
17848374.0,109,60
17848394.0,108,47
17848597.0,107,65
17848772.0,110,58
17848817.0,101,51
17848861.0,99,53
17848865.0,109,52
17848866.0,109,53
17848873.0,108,53
17848882.0,104,64
17848901.0,105,50
17849020.0,111,57
17849057.0,99,51
17849165.0,102,55
17849188.0,111,48
17849193.0,108,54
17849196.0,117,57
17849204.0,107,47
17849273.0,108,74
17849276.0,110,51
17849345.0,107,64
17849417.0,110,49
17849468.0,99,52
17849475.0,106,48
17849480.0,101,54
17849552.0,108,61
17849603.0,99,50
17849633.0,102,54
17849670.0,113,54
17849685.0,109,51
17849805.0,99,51
17849896.0,109,47
17849950.0,111,50
17850054.0,103,53
17850145.0,108,54
17850147.0,101,52
17850164.0,100,50
17850174.0,109,59
17850203.0,104,86
17850251.0,107,76
17850272.0,105,86
17850305.0,111,49
17850318.0,101,55
17850366.0,108,52
17850374.0,111,54
17850416.0,99,54
17850453.0,109,48
17850488.0,109,56
17850540.0,105,49
17850542.0,100,50
17850557.0,108,56
17850723.0,109,47
17850736.0,98,58
17850753.0,109,57
17850810.0,109,52
17850900.0,99,50
17850943.0,103,52
17851005.0,99,52
17851030.0,98,56
17851056.0,107,63
17851078.0,110,50
17851154.0,109,50
17851307.0,104,51
17851346.0,107,47
17851428.0,108,53
17851430.0,110,48
17851432.0,100,60
17851533.0,101,53
17851647.0,110,54
17851725.0,104,50
17851824.0,100,61
17851996.0,108,53
17852052.0,108,47
17852110.0,102,54
17852160.0,111,49
17852207.0,106,67
17852231.0,110,58
17852306.0,107,62
17852318.0,109,55
17852327.0,110,51
17852347.0,98,59
17852404.0,106,47
17852424.0,98,60
17852438.0,100,51
17852478.0,110,47
17852502.0,107,70
17852677.0,98,51
17852719.0,109,58
17852766.0,99,57
17852850.0,98,55
17852855.0,103,53
17852861.0,104,71
17852862.0,110,57
17852982.0,108,52
17853033.0,102,53
17853055.0,111,56
17853089.0,98,53
17853146.0,105,49
17853167.0,110,49
17853173.0,111,53
17853234.0,103,51
17853279.0,98,52
17853308.0,103,52
17853369.0,110,53
17853391.0,106,48
17853424.0,110,48
17853456.0,80,71
17853501.0,108,51
17853510.0,98,51
17853550.0,100,50
17853606.0,105,71
17853617.0,111,54
17853626.0,98,54
17853632.0,101,55
17853666.0,109,51
17853783.0,109,49
17853797.0,105,48
17853798.0,100,52
17853833.0,107,53
17853861.0,110,49
17853902.0,100,50
17853924.0,98,50
17853973.0,111,51
17854010.0,108,53
17854140.0,109,59
17854290.0,110,54
17854310.0,103,51
17854325.0,100,55
17854368.0,99,56
17854435.0,108,52
17854458.0,100,54
17854589.0,99,50
17854633.0,99,58
17854764.0,104,49
17854784.0,111,50
17854796.0,98,52
17854930.0,109,48
17854942.0,70,62
17855016.0,107,52
17855173.0,101,54
17855193.0,109,50
17855193.0,106,47
17855350.0,102,53
17855359.0,97,72
17855360.0,108,50
17855394.0,105,47
17855409.0,110,52
17855517.0,98,57
17855538.0,111,52
17855549.0,109,54
17855561.0,102,52
17855575.0,109,58
17855631.0,109,55
17855654.0,111,49
17855755.0,102,55
17855791.0,102,54
17855795.0,108,74
17855806.0,109,54
17855875.0,107,61
17855898.0,111,55
17855919.0,107,47
17855974.0,100,53
17856051.0,108,52
17856060.0,104,82
17856087.0,100,52
17856130.0,98,61
17856150.0,107,47
17856160.0,104,53
17856169.0,109,47
17856188.0,100,88
17856190.0,110,56
17856279.0,112,52
17856316.0,108,59
17856370.0,106,54
17856477.0,108,49
17856479.0,108,55
17856500.0,107,52
17856502.0,111,53
17856508.0,109,49
17856511.0,104,53
17856521.0,109,57
17856566.0,98,53
17856597.0,110,53
17856671.0,109,48
17856708.0,111,52
17856738.0,106,54
17856781.0,108,51
17856783.0,109,52
17856870.0,97,57
17856940.0,110,51
17857029.0,99,51
17857116.0,98,58
17857118.0,97,56
17857130.0,104,48
17857137.0,112,51
17857298.0,101,64
17857344.0,108,60
17857404.0,103,82
17857410.0,107,53
17857424.0,109,53
17857437.0,97,58
17857521.0,101,89
17857704.0,109,54
17857720.0,107,51
17857774.0,109,47
17857795.0,103,49
17857831.0,97,52
17857871.0,98,59
17857900.0,109,57
17857908.0,107,61
17857933.0,108,54
17857950.0,102,51
17857954.0,107,51
17857977.0,107,52
17858002.0,97,55
17858005.0,101,53
17858135.0,97,53
17858153.0,107,56
17858163.0,99,52
17858187.0,109,52
17858284.0,105,47
17858296.0,106,54
17858357.0,97,59
17858384.0,105,49
17858497.0,108,55
17858505.0,104,47
17858525.0,97,69
17858526.0,98,56
17858534.0,107,60
17858564.0,111,54
17858589.0,109,49
17858610.0,101,54
17858617.0,110,56
17858625.0,98,55
17858641.0,106,50
17858688.0,107,55
17858710.0,107,52
17858832.0,97,54
17858846.0,108,50
17858854.0,97,56
17858861.0,106,64
17858967.0,97,50
17859064.0,97,52
17859123.0,107,50
17859154.0,106,66
17859207.0,107,47
17859244.0,106,52
17859309.0,108,48
17859327.0,99,56
17859416.0,110,53
17859444.0,97,51
17859467.0,108,58
17859490.0,110,52
17859505.0,110,50
17859542.0,108,48
17859586.0,105,49
17859666.0,109,48
17859696.0,101,52
17859725.0,106,62
17859854.0,110,49
17859914.0,97,60
17859973.0,105,46
17859987.0,99,54
17860043.0,103,48
17860054.0,107,49
17860103.0,109,52
17860117.0,102,50
17860188.0,99,55
17860207.0,105,54
17860274.0,100,54
17860363.0,107,59
17860452.0,108,53
17860461.0,109,53
17860476.0,97,57
17860550.0,99,53
17860592.0,108,47
17860844.0,107,51
17860850.0,110,52
17860875.0,110,55
17860993.0,108,57
17861001.0,108,55
17861026.0,106,52
17861028.0,111,53
17861032.0,108,49
17861104.0,106,46
17861110.0,103,52
17861140.0,102,49
17861223.0,104,46
17861321.0,98,66
17861351.0,109,51
17861371.0,96,51
17861424.0,103,52
17861435.0,102,52
17861442.0,98,64
17861488.0,98,60
17861519.0,106,51
17861536.0,101,51
17861568.0,110,57
17861639.0,107,63
17861892.0,106,61
17861899.0,100,53
17861960.0,108,53
17862091.0,103,47
17862097.0,109,53
17862106.0,103,48
17862117.0,111,53
17862122.0,96,54
17862168.0,97,59
17862174.0,97,53
17862246.0,107,75
17862258.0,106,52
17862286.0,98,52
17862343.0,108,53
17862347.0,98,67
17862390.0,108,54
17862448.0,107,48
17862453.0,109,54
17862479.0,100,54
17862495.0,101,53
17862508.0,108,50
17862526.0,104,53
17862533.0,106,50
17862561.0,107,50
17862563.0,99,52
17862629.0,109,50
17862645.0,105,68
17862734.0,111,52
17862754.0,104,68
17862781.0,103,53
17862815.0,107,55
17862847.0,96,52
17862886.0,110,54
17862917.0,100,53
17862943.0,96,55
17862982.0,108,48
17863008.0,108,52
17863018.0,112,69
17863034.0,98,57
17863059.0,105,54
17863126.0,97,57
17863130.0,96,58
17863158.0,97,50
17863168.0,105,53
17863266.0,112,70
17863278.0,105,79
17863287.0,107,47
17863412.0,106,55
17863455.0,107,58
17863532.0,110,51
17863562.0,107,51
17863639.0,106,49
17863645.0,109,52
17863774.0,107,58
17863779.0,97,58
17863781.0,107,54
17863817.0,109,48
17863818.0,105,48
17863933.0,107,46
17863940.0,109,49
17864005.0,99,55
17864027.0,102,48
17864036.0,98,53
17864055.0,96,56
17864063.0,96,53
17864076.0,106,51
17864086.0,97,54
17864113.0,109,55
17864126.0,105,52
17864161.0,105,53
17864243.0,96,54
17864266.0,96,57
17864286.0,107,49
17864345.0,106,60
17864348.0,97,62
17864398.0,102,53
17864405.0,110,49
17864441.0,96,55
17864448.0,108,53
17864460.0,99,54
17864464.0,100,52
17864492.0,106,62
17864694.0,97,61
17864705.0,108,52
17864706.0,101,49
17864716.0,109,56
17864818.0,108,56
17864877.0,27,34
17864913.0,107,59
17864944.0,97,51
17865016.0,110,53
17865029.0,100,53
17865049.0,106,48
17865090.0,98,54
17865161.0,96,52
17865179.0,107,58
17865237.0,103,52
17865263.0,108,51
17865401.0,98,55
17865410.0,101,50
17865474.0,69,50
17865509.0,105,51
17865530.0,102,47
17865549.0,96,56
17865567.0,98,61
17865664.0,107,56
17865722.0,107,58
17865769.0,104,46
17865834.0,103,49
17865869.0,109,51
17865876.0,107,54
17865892.0,105,51
17865917.0,109,52
17865919.0,95,51
17865977.0,109,55
17865987.0,107,48
17866068.0,107,53
17866119.0,69,50
17866153.0,107,57
17866172.0,106,55
17866180.0,104,53
17866189.0,102,52
17866197.0,106,52
17866208.0,99,54
17866236.0,108,52
17866249.0,106,47
17866258.0,108,50
17866260.0,105,53
17866262.0,97,60
17866328.0,96,59
17866329.0,96,60
17866456.0,105,46
17866487.0,109,54
17866495.0,100,51
17866526.0,106,51
17866531.0,109,55
17866567.0,105,66
17866624.0,100,50
17866678.0,106,60
17866701.0,95,52
17866731.0,100,52
17866755.0,106,50
17866764.0,109,51
17866872.0,110,52
17866890.0,99,53
17866996.0,102,52
17867012.0,105,52
17867035.0,101,48
17867046.0,107,48
17867058.0,103,46
17867073.0,107,57
17867089.0,102,46
17867098.0,98,56
17867294.0,109,55
17867324.0,108,52
17867346.0,106,54
17867419.0,105,49
17867421.0,98,84
17867512.0,106,46
17867517.0,109,55
17867530.0,106,47
17867535.0,107,52
17867615.0,109,54
17867633.0,108,55
17867638.0,106,59
17867639.0,105,50
17867671.0,95,53
17867675.0,101,47
17867741.0,95,52
17867745.0,99,52
17867799.0,106,58
17867817.0,108,49
17867819.0,95,51
17867822.0,106,55
17867835.0,106,49
17867883.0,104,46
17868068.0,105,55
17868120.0,108,48
17868161.0,95,54
17868316.0,105,48
17868347.0,110,51
17868362.0,99,56
17868387.0,58,52
17868462.0,102,53
17868463.0,104,52
17868507.0,107,53
17868556.0,107,51
17868653.0,105,51
17868674.0,97,53
17868743.0,106,53
17868770.0,104,53
17868776.0,104,47
17868793.0,109,53
17868828.0,108,73
17868903.0,102,46
17868910.0,97,54
17868981.0,95,56
17869011.0,108,53
17869074.0,96,51
17869079.0,104,49
17869108.0,101,53
17869125.0,108,56
17869154.0,98,55
17869211.0,96,57
17869221.0,104,51
17869237.0,108,51
17869349.0,98,54
17869359.0,99,54
17869361.0,95,57
17869381.0,106,59
17869399.0,105,62
17869404.0,107,53
17869439.0,96,70
17869474.0,106,48
17869498.0,103,46
17869534.0,95,53
17869541.0,99,51
17869610.0,105,50
17869710.0,107,56
17869805.0,105,47
17869862.0,107,51
17869983.0,108,52
17869983.0,101,48
17870020.0,108,51
17870174.0,108,55
17870241.0,105,61
17870257.0,97,54
17870293.0,97,55
17870334.0,104,50
17870340.0,105,50
17870396.0,96,58
17870420.0,106,58
17870420.0,101,52
17870446.0,105,61
17870467.0,95,55
17870475.0,108,55
17870486.0,109,52
17870520.0,103,48
17870521.0,106,54
17870525.0,97,55
17870591.0,105,48
17870609.0,104,46
17870611.0,107,50
17870677.0,103,47
17870682.0,101,46
17870692.0,104,52
17870735.0,94,52
17870770.0,96,59
17870790.0,97,52
17870818.0,106,50
17870848.0,96,52
17870886.0,100,48
17870904.0,95,59
17870915.0,95,56
17870947.0,105,46
17870952.0,97,59
17871074.0,97,61
17871087.0,107,52
17871140.0,107,56
17871193.0,106,52
17871228.0,101,51
17871235.0,106,57
17871247.0,99,53
17871255.0,98,53
17871256.0,108,54
17871300.0,109,53
17871396.0,97,53
17871416.0,107,49
17871453.0,106,57
17871469.0,101,50
17871493.0,100,47
17871631.0,106,61
17871646.0,106,47
17871681.0,104,49
17871683.0,95,57
17871693.0,103,46
17871779.0,98,56
17871789.0,107,52
17871822.0,99,50
17871855.0,102,52
17871864.0,99,51
17871869.0,105,60
17871955.0,105,46
17871970.0,99,49
17871976.0,105,49
17871985.0,109,52
17872060.0,107,48
17872062.0,94,53
17872128.0,97,62
17872283.0,97,65
17872286.0,106,52
17872293.0,94,52
17872298.0,95,51
17872310.0,105,54
17872328.0,103,52
17872332.0,105,48
17872337.0,106,57
17872363.0,109,51
17872368.0,101,51
17872372.0,104,51
17872391.0,107,55
17872402.0,97,57
17872418.0,104,52
17872656.0,94,54
17872658.0,101,47
17872669.0,101,52
17872837.0,108,53
17872866.0,106,51
17872925.0,107,74
17872985.0,96,60
17872991.0,98,53
17873007.0,106,53
17873068.0,95,60
17873091.0,98,51
17873125.0,102,46
17873169.0,101,48
17873175.0,107,51
17873205.0,97,56
17873279.0,105,48
17873282.0,105,53
17873298.0,96,62
17873299.0,105,55
17873321.0,105,62
17873429.0,104,48
17873434.0,104,53
17873439.0,100,46
17873446.0,102,46
17873448.0,95,58
17873474.0,99,49
17873510.0,97,67
17873656.0,106,50
17873731.0,97,54
17873756.0,98,54
17873760.0,102,48
17873769.0,94,53
17873791.0,100,53
17873809.0,104,50
17873857.0,108,50
17873893.0,104,55
17873934.0,103,51
17873943.0,96,53
17874017.0,97,68
17874060.0,94,55
17874183.0,106,56
17874189.0,104,47
17874222.0,98,52
17874282.0,105,54
17874367.0,106,63
17874388.0,99,63
17874615.0,94,79
17874628.0,100,52
17874705.0,103,52
17874765.0,93,52
17874769.0,105,47
17874811.0,98,52
17874816.0,96,55
17874874.0,99,47
17874876.0,108,52
17874888.0,106,52
17874958.0,96,54
17874994.0,102,50
17875002.0,97,57
17875003.0,104,46
17875041.0,104,50
17875080.0,95,52
17875083.0,100,46
17875107.0,98,62
17875107.0,99,48
17875108.0,106,49
17875126.0,94,56
17875147.0,108,53
17875162.0,103,45
17875179.0,103,48
17875216.0,102,66
17875267.0,103,50
17875296.0,97,56
17875307.0,105,59
17875318.0,106,50
17875334.0,107,51
17875349.0,93,51
17875355.0,103,53
17875386.0,100,88
17875393.0,104,49
17875437.0,108,53
17875438.0,105,58
17875484.0,106,49
17875489.0,102,49
17875527.0,104,67
17875533.0,101,49
17875555.0,104,54
17875648.0,93,52
17875657.0,105,54
17875677.0,100,51
17875692.0,103,51
17875730.0,101,51
17875753.0,107,50
17875788.0,94,57
17875802.0,102,53
17875831.0,102,47
17875839.0,97,53
17875841.0,98,72
17875907.0,106,48
17875919.0,101,48
17875919.0,105,52
17875923.0,103,49
17875929.0,107,54
17875932.0,105,49
17875934.0,94,51
17875940.0,108,52
17875978.0,101,67
17875994.0,102,68
17876042.0,106,52
17876124.0,104,48
17876140.0,97,54
17876198.0,98,69
17876223.0,100,52
17876231.0,103,52
17876326.0,94,58
17876394.0,104,55
17876460.0,108,53
17876465.0,99,88
17876500.0,93,53
17876520.0,97,55
17876542.0,99,46
17876630.0,102,46
17876698.0,105,51
17876751.0,108,51
17876851.0,103,51
17876869.0,107,50
17876892.0,103,47
17876912.0,96,56
17876937.0,100,51
17876949.0,106,55
17876952.0,98,49
17876979.0,104,66
17876985.0,102,52
17877044.0,85,73
17877119.0,98,55
17877138.0,102,45
17877198.0,108,55
17877203.0,106,55
17877264.0,105,63
17877291.0,102,52
17877299.0,97,52
17877301.0,93,54
17877311.0,97,53
17877327.0,105,50
17877334.0,103,50
17877360.0,107,53
17877381.0,102,53
17877394.0,96,56
17877404.0,103,56
17877415.0,105,53
17877460.0,103,48
17877625.0,94,56
17877649.0,95,61
17877658.0,93,53
17877670.0,106,51
17877820.0,105,63
17877945.0,104,53
17877945.0,103,46
17878004.0,102,51
17878086.0,104,47
17878111.0,95,59
17878112.0,104,61
17878151.0,103,65
17878190.0,97,51
17878237.0,105,49
17878254.0,102,50
17878304.0,109,51
17878363.0,108,50
17878372.0,103,50
17878405.0,98,48
17878416.0,101,52
17878437.0,101,50
17878491.0,105,56
17878705.0,105,81
17878708.0,105,50
17878778.0,93,55
17878796.0,94,59
17878972.0,92,52
17878988.0,103,49
17878999.0,104,64
17879009.0,105,58
17879072.0,94,52
17879089.0,94,57
17879110.0,98,47
17879144.0,106,50
17879163.0,106,51
17879180.0,105,53
17879192.0,99,52
17879204.0,102,49
17879206.0,104,60
17879251.0,104,63
17879273.0,97,52
17879277.0,97,51
17879297.0,105,52
17879321.0,102,48
17879441.0,107,52
17879513.0,104,62
17879574.0,99,51
17879586.0,95,62
17879618.0,94,55
17879654.0,96,59
17879683.0,104,54
17879703.0,104,52
17879749.0,106,54
17879808.0,97,49
17879808.0,105,48
17879817.0,96,54
17879837.0,105,47
17879840.0,96,55
17879850.0,92,52
17879873.0,95,54
17879933.0,97,50
17879939.0,97,60
17880060.0,95,55
17880072.0,102,52
17880162.0,105,56
17880187.0,106,50
17880217.0,102,53
17880229.0,104,49
17880250.0,100,46
17880352.0,97,63
17880383.0,107,73
17880387.0,93,54
17880407.0,98,46
17880456.0,104,65
17880656.0,103,54
17880712.0,92,53
17880724.0,107,51
17880735.0,99,52
17880762.0,104,59
17880825.0,101,52
17880842.0,102,47
17880905.0,93,56
17880998.0,107,50
17881072.0,105,52
17881086.0,104,50
17881109.0,102,51
17881134.0,102,46
17881146.0,96,53
17881187.0,104,51
17881223.0,101,52
17881232.0,101,51
17881332.0,103,53
17881337.0,96,56
17881338.0,101,45
17881361.0,92,53
17881362.0,95,58
17881363.0,103,47
17881364.0,93,55
17881398.0,100,46
17881406.0,103,48
17881439.0,105,51
17881517.0,105,55
17881536.0,97,48
17881679.0,93,52
17881749.0,104,53
17881755.0,97,47
17881765.0,107,78
17881767.0,103,49
17881911.0,100,53
17881928.0,97,53
17881951.0,96,51
17882053.0,96,53
17882054.0,104,58
17882090.0,102,50
17882092.0,101,52
17882105.0,100,46
17882168.0,93,57
17882186.0,92,54
17882189.0,99,51
17882202.0,96,52
17882329.0,101,50
17882345.0,97,54
17882370.0,94,53
17882390.0,105,50
17882491.0,95,55
17882506.0,98,52
17882686.0,97,67
17882697.0,102,45
17882701.0,104,59
17882741.0,100,47
17882747.0,104,49
17882768.0,95,55
17882779.0,94,58
17882924.0,103,47
17883050.0,103,52
17883091.0,101,49
17883139.0,93,56
17883202.0,99,46
17883223.0,104,57
17883225.0,104,48
17883262.0,107,52
17883320.0,100,45
17883332.0,102,49
17883334.0,95,56
17883355.0,105,50
17883380.0,97,46
17883398.0,104,47
17883401.0,101,48
17883409.0,103,53
17883432.0,97,47
17883463.0,96,49
17883499.0,106,52
17883509.0,103,48
17883518.0,104,52
17883528.0,107,52
17883553.0,106,56
17883590.0,105,51
17883619.0,101,52
17883624.0,104,50
17883709.0,93,58
17883750.0,103,54
17883796.0,92,55
17883834.0,96,51
17883836.0,96,54
17883852.0,105,54
17883883.0,102,47
17884078.0,98,51
17884291.0,104,52
17884382.0,102,48
17884413.0,92,83
17884427.0,101,47
17884430.0,101,53
17884456.0,101,45
17884462.0,102,47
17884469.0,99,48
17884478.0,96,50
17884656.0,102,54
17884661.0,106,51
17884703.0,91,53
17884792.0,101,45
17884979.0,98,49
17885021.0,99,46
17885066.0,104,56
17885075.0,100,53
17885238.0,103,51
17885297.0,94,55
17885347.0,99,50
17885383.0,93,52
17885411.0,95,54
17885413.0,106,50
17885421.0,96,66
17885424.0,103,60
17885468.0,103,50
17885479.0,96,55
17885521.0,105,53
17885550.0,101,51
17885573.0,102,60
17885574.0,92,56
17885578.0,101,46
17885625.0,104,51
17885633.0,101,45
17885673.0,100,86
17885728.0,103,61
17885755.0,99,53
17885777.0,92,52
17885790.0,103,53
17885819.0,95,61
17885823.0,99,45
17885891.0,94,61
17885927.0,97,46
17885976.0,101,46
17886063.0,101,50
17886209.0,98,49
17886210.0,93,53
17886270.0,106,51
17886341.0,102,53
17886358.0,104,50
17886395.0,103,49
17886406.0,101,49
17886438.0,103,47
17886443.0,104,55
17886469.0,107,51
17886504.0,105,50
17886529.0,95,53
17886562.0,102,50
17886648.0,96,48
17886658.0,98,46
17886693.0,103,53
17886804.0,101,46
17886846.0,95,55
17886851.0,103,55
17886880.0,95,62
17886917.0,95,50
17886922.0,92,55
17886945.0,105,54
17886965.0,91,54
17887007.0,96,62
17887054.0,92,57
17887055.0,96,46
17887100.0,92,52
17887110.0,98,52
17887128.0,95,56
17887165.0,103,48
17887169.0,97,52
17887185.0,93,57
17887212.0,100,51
17887241.0,104,51
17887247.0,100,53
17887248.0,96,52
17887285.0,100,45
17887290.0,100,48
17887303.0,99,47
17887389.0,100,47
17887431.0,99,45
17887440.0,101,48
17887462.0,105,53
17887490.0,91,53
17887494.0,103,59
17887519.0,112,93
17887520.0,92,58
17887528.0,101,46
17887636.0,95,52
17887702.0,100,46
17887708.0,92,56
17887710.0,97,53
17887716.0,95,49
17887946.0,94,56
17887949.0,105,53
17887951.0,97,51
17887965.0,93,58
17888015.0,102,52
17888092.0,98,48
17888112.0,104,50
17888129.0,95,54
17888161.0,91,55
17888170.0,98,51
17888174.0,105,52
17888193.0,94,59
17888257.0,95,51
17888262.0,93,54
17888341.0,97,62
17888368.0,93,60
17888370.0,101,49
17888371.0,103,52
17888377.0,95,59
17888414.0,95,60
17888467.0,91,54
17888498.0,102,54
17888501.0,97,49
17888529.0,90,53
17888542.0,98,46
17888543.0,98,73
17888547.0,93,54
17888563.0,103,61
17888574.0,101,47
17888637.0,103,63
17888689.0,95,48
17888700.0,95,47
17888713.0,105,51
17888736.0,103,64
17888793.0,96,46
17888873.0,97,49
17888936.0,104,54
17888984.0,102,51
17889074.0,105,50
17889105.0,103,52
17889113.0,100,52
17889246.0,91,52
17889252.0,99,72
17889347.0,97,47
17889373.0,103,58
17889402.0,98,47
17889437.0,102,62
17889443.0,94,55
17889443.0,98,50
17889481.0,90,53
17889492.0,96,69
17889520.0,100,53
17889531.0,104,49
17889554.0,100,51
17889560.0,92,53
17889650.0,102,50
17889659.0,91,55
17889673.0,97,51
17889809.0,103,51
17889826.0,91,56
17889846.0,103,57
17889848.0,97,48
17889901.0,98,45
17889998.0,97,46
17890074.0,93,55
17890080.0,101,54
17890097.0,99,53
17890105.0,104,66
17890132.0,102,50
17890152.0,105,51
17890178.0,103,60
17890188.0,99,45
17890212.0,105,49
17890216.0,105,50
17890223.0,97,48
17890292.0,95,46
17890362.0,103,55
17890374.0,97,52
17890406.0,102,48
17890428.0,99,50
17890431.0,94,53
17890464.0,92,56
17890467.0,103,60
17890508.0,103,59
17890513.0,99,48
17890513.0,100,48
17890537.0,102,47
17890562.0,103,65
17890613.0,102,49
17890619.0,95,49
17890782.0,92,57
17890805.0,99,51
17890880.0,94,52
17890934.0,94,56
17890949.0,90,54
17890967.0,100,50
17891003.0,94,50
17891008.0,94,49
17891011.0,99,46
17891183.0,99,47
17891192.0,100,47
17891281.0,104,49
17891302.0,103,51
17891379.0,101,53
17891392.0,99,49
17891406.0,99,52
17891425.0,99,47
17891471.0,91,57
17891580.0,97,49
17891606.0,96,46
17891645.0,102,53
17891654.0,92,58
17891697.0,91,53
17891728.0,111,54
17891820.0,100,48
17891832.0,99,49
17891844.0,96,48
17891873.0,97,47
17891951.0,94,55
17892012.0,94,48
17892082.0,97,48
17892089.0,90,54
17892104.0,99,53
17892111.0,95,53
17892137.0,103,50
17892166.0,96,49
17892177.0,96,51
17892251.0,96,52
17892285.0,103,56
17892342.0,101,52
17892358.0,99,52
17892380.0,99,47
17892400.0,104,55
17892430.0,103,58
17892489.0,104,52
17892536.0,94,47
17892540.0,102,52
17892614.0,92,54
17892739.0,99,53
17892819.0,91,53
17892898.0,96,53
17892912.0,94,54
17892915.0,91,55
17892960.0,111,100
17893049.0,103,49
17893101.0,95,55
17893148.0,104,51
17893198.0,97,46
17893209.0,94,49
17893287.0,96,47
17893294.0,104,49
17893454.0,101,51
17893460.0,89,53
17893479.0,94,46
17893481.0,101,49
17893496.0,91,57
17893567.0,95,52
17893569.0,94,62
17893571.0,97,45
17893601.0,35,108
17893616.0,93,56
17893652.0,101,47
17893687.0,96,51
17893768.0,101,50
17893787.0,100,49
17893848.0,101,51
17893873.0,103,57
17893895.0,103,54
17894022.0,99,51
17894076.0,103,57
17894101.0,104,50
17894181.0,99,50
17894183.0,97,69
17894224.0,94,53
17894259.0,100,47
17894349.0,99,52
17894355.0,98,48
17894398.0,99,47
17894415.0,96,48
17894525.0,98,51
17894530.0,98,52
17894546.0,102,52
17894565.0,102,51
17894595.0,91,56
17894607.0,94,57
17894611.0,98,46
17894622.0,98,47
17894627.0,90,55
17894634.0,99,49
17894657.0,93,52
17894679.0,98,53
17894718.0,101,48
17894770.0,91,58
17894790.0,93,50
17894808.0,93,48
17894810.0,93,49
17894867.0,96,47
17894896.0,98,49
17894939.0,96,53
17895027.0,90,53
17895065.0,99,48
17895102.0,102,60
17895119.0,94,52
17895144.0,102,49
17895211.0,93,57
17895217.0,92,55
17895263.0,102,57
17895276.0,93,51
17895298.0,101,53
17895386.0,89,54
17895416.0,93,55
17895448.0,92,60
17895466.0,94,47
17895514.0,97,51
17895560.0,98,72
17895565.0,98,50
17895625.0,102,50
17895728.0,93,53
17895831.0,103,53
17895853.0,88,91
17895891.0,95,46
17895964.0,102,61
17895981.0,90,56
17895995.0,95,49
17896001.0,96,52
17896004.0,93,48
17896009.0,93,47
17896035.0,95,47
17896039.0,104,56
17896043.0,95,51
17896152.0,93,49
17896157.0,100,53
17896176.0,96,46
17896176.0,102,53
17896181.0,100,54
17896205.0,103,52
17896271.0,102,58
17896289.0,102,56
17896299.0,95,52
17896349.0,93,52
17896362.0,93,56
17896411.0,98,53
17896521.0,95,50
17896635.0,100,52
17896654.0,95,47
17896666.0,96,47
17896672.0,93,47
17896683.0,91,57
17896684.0,91,54
17896687.0,100,66
17896734.0,98,52
17896749.0,97,45
17896749.0,96,45
17896808.0,97,73
17896837.0,100,47
17896953.0,102,55
17896984.0,101,52
17897013.0,103,51
17897025.0,95,53
17897049.0,102,49
17897136.0,96,51
17897165.0,93,54
17897179.0,100,68
17897184.0,91,59
17897213.0,96,48
17897227.0,92,54
17897296.0,102,59
17897405.0,102,57
17897563.0,90,57
17897625.0,100,48
17897642.0,94,57
17897649.0,89,55
17897694.0,92,54
17897702.0,101,86
17897735.0,92,56
17897752.0,100,50
17897759.0,95,50
17897858.0,98,49
17897863.0,91,58
17897882.0,102,60
17897943.0,94,61
17897967.0,85,73
17898045.0,95,49
17898064.0,106,73
17898084.0,101,52
17898135.0,97,51
17898146.0,97,48
17898150.0,103,52
17898177.0,103,50
17898212.0,97,46
17898218.0,98,51
17898224.0,104,57
17898277.0,100,51
17898281.0,94,63
17898311.0,97,47
17898346.0,93,53
17898357.0,102,58
17898385.0,102,51
17898416.0,97,51
17898431.0,103,49
17898461.0,97,49
17898478.0,92,52
17898496.0,98,48
17898571.0,95,47
17898641.0,92,51
17898656.0,88,54
17898703.0,95,46
17898719.0,94,49
17898723.0,100,51
17898758.0,106,72
17898800.0,95,51
17898860.0,97,47
17898916.0,94,47
17898973.0,95,52
17898981.0,94,46
17899062.0,97,50
17899062.0,101,50
17899116.0,98,52
17899140.0,102,54
17899163.0,92,49
17899184.0,93,55
17899248.0,93,59
17899312.0,91,55
17899334.0,98,53
17899399.0,97,51
17899407.0,88,54
17899448.0,103,51
17899478.0,98,50
17899479.0,92,51
17899500.0,100,53
17899524.0,95,53
17899530.0,92,48
17899588.0,92,52
17899626.0,90,53
17899764.0,97,52
17899861.0,101,51
17899876.0,92,61
17899885.0,89,56
17899928.0,106,71
17899929.0,96,45
17899936.0,94,56
17899939.0,101,49
17899952.0,92,59
17899954.0,90,54
17899961.0,102,53
17899972.0,93,57
17899990.0,99,54
17899999.0,96,67
17900044.0,102,63
17900092.0,98,46
17900141.0,92,53
17900294.0,95,50
17900327.0,97,53
17900384.0,100,53
17900412.0,94,51
17900427.0,92,48
17900431.0,96,50
17900503.0,104,68
17900599.0,95,48
17900765.0,94,48
17900810.0,94,50
17900824.0,92,47
17900898.0,95,65
17900946.0,92,57
17900963.0,94,52
17901054.0,99,52
17901077.0,61,55
17901102.0,96,48
17901110.0,109,48
17901111.0,102,52
17901124.0,92,54
17901125.0,99,49
17901142.0,95,45
17901148.0,99,53
17901168.0,91,56
17901169.0,93,50
17901197.0,101,50
17901237.0,95,46
17901276.0,99,47
17901293.0,92,55
17901303.0,94,53
17901304.0,96,47
17901323.0,91,59
17901371.0,100,52
17901391.0,89,55
17901440.0,99,51
17901459.0,96,46
17901489.0,98,49
17901498.0,97,52
17901507.0,101,49
17901527.0,94,46
17901538.0,102,51
17901541.0,99,50
17901541.0,97,50
17901570.0,90,58
17901669.0,99,48
17901783.0,48,96
17901843.0,97,53
17901970.0,93,47
17901972.0,94,48
17902013.0,88,55
17902014.0,97,51
17902022.0,92,55
17902024.0,95,49
17902035.0,94,49
17902068.0,90,57
17902108.0,94,50
17902111.0,97,48
17902241.0,97,47
17902253.0,97,49
17902273.0,89,56
17902281.0,96,48
17902316.0,89,57
17902377.0,102,49
17902526.0,94,46
17902561.0,96,50
17902565.0,98,46
17902601.0,99,46
17902614.0,94,51
17902656.0,92,56
17902660.0,100,54
17902733.0,101,55
17902741.0,91,51
17902764.0,91,49
17902795.0,91,52
17902818.0,100,51
17902836.0,101,57
17902859.0,93,61
17902865.0,97,46
17902879.0,89,54
17902912.0,99,46
17902936.0,100,52
17902939.0,102,50
17902975.0,91,56
17903001.0,93,56
17903002.0,96,51
17903058.0,94,47
17903168.0,92,50
17903180.0,88,55
17903283.0,100,50
17903321.0,93,50
17903322.0,90,59
17903325.0,93,49
17903336.0,91,60
17903355.0,93,60
17903415.0,91,48
17903435.0,111,80
17903455.0,94,48
17903490.0,96,49
17903519.0,102,50
17903526.0,94,50
17903701.0,91,47
17903707.0,91,53
17903726.0,101,56
17903734.0,101,54
17903758.0,93,49
17904002.0,94,52
17904029.0,100,50
17904038.0,93,55
17904046.0,94,66
17904088.0,100,49
17904116.0,94,49
17904253.0,98,63
17904258.0,101,58
17904321.0,98,47
17904370.0,97,50
17904470.0,93,49
17904508.0,93,48
17904554.0,93,63
17904609.0,99,53
17904614.0,91,47
17904620.0,98,49
17904636.0,90,55
17904642.0,100,49
17904655.0,99,54
17904667.0,96,52
17904697.0,96,48
17904764.0,93,51
17904777.0,92,56
17904830.0,91,52
17904867.0,94,53
17904872.0,87,55
17904885.0,93,52
17904907.0,93,49
17904910.0,95,46
17904921.0,96,47
17904937.0,91,57
17904988.0,91,61
17905011.0,101,53
17905035.0,98,51
17905039.0,92,47
17905053.0,88,54
17905115.0,88,56
17905136.0,91,50
17905138.0,98,53
17905157.0,98,48
17905193.0,90,58
17905213.0,89,58
17905215.0,98,52
17905233.0,95,47
17905235.0,91,53
17905476.0,91,51
17905517.0,101,52
17905531.0,95,48
17905558.0,101,57
17905595.0,90,48
17905597.0,91,54
17905641.0,96,48
17905645.0,98,50
17905650.0,100,51
17905675.0,98,62
17905695.0,90,59
17905727.0,99,53
17905731.0,101,51
17905740.0,93,48
17905763.0,93,46
17905810.0,96,49
17905875.0,100,86
17905885.0,106,72
17905895.0,101,49
17905901.0,101,50
17905918.0,97,53
17905998.0,98,54
17906030.0,87,55
17906054.0,91,49
17906084.0,90,50
17906098.0,95,49
17906117.0,92,62
17906131.0,90,51
17906137.0,93,51
17906167.0,100,50
17906169.0,88,56
17906196.0,92,54
17906239.0,92,57
17906240.0,92,48
17906245.0,93,50
17906255.0,90,48
17906292.0,89,55
17906306.0,89,57
17906428.0,90,49
17906475.0,99,52
17906622.0,97,52
17906702.0,92,49
17906819.0,91,60
17906843.0,96,51
17906849.0,96,50
17906853.0,90,60
17906896.0,99,51
17906916.0,92,50
17906918.0,92,60
17906953.0,93,47
17906990.0,91,56
17907014.0,94,51
17907025.0,101,59
17907050.0,99,50
17907126.0,100,55
17907147.0,95,50
17907155.0,97,47
17907156.0,89,55
17907160.0,101,50
17907162.0,91,55
17907201.0,101,61
17907257.0,93,49
17907305.0,102,61
17907312.0,90,50
17907363.0,90,51
17907418.0,90,52
17907434.0,93,51
17907539.0,90,56
17907555.0,91,47
17907615.0,93,53
17907622.0,90,47
17907673.0,90,53
17907709.0,92,47
17907802.0,99,51
17907849.0,88,57
17907933.0,96,53
17907968.0,87,55
17908019.0,93,52
17908224.0,89,58
17908258.0,92,55
17908391.0,96,52
17908393.0,99,49
17908409.0,97,48
17908489.0,96,49
17908545.0,94,46
17908591.0,95,48
17908641.0,76,124
17908661.0,95,50
17908744.0,92,47
17908757.0,95,52
17908788.0,92,51
17908800.0,102,51
17908814.0,99,50
17908880.0,100,54
17908930.0,90,48
17908945.0,92,52
17908969.0,95,52
17908973.0,101,62
17909004.0,92,48
17909015.0,94,47
17909017.0,103,62
17909031.0,90,53
17909036.0,95,51
17909038.0,87,56
17909046.0,93,53
17909122.0,47,115
17909172.0,91,56
17909215.0,94,48
17909268.0,91,54
17909272.0,97,50
17909295.0,89,48
17909309.0,92,51
17909334.0,95,47
17909407.0,95,51
17909436.0,97,49
17909564.0,92,49
17909605.0,91,48
17909607.0,89,49
17909615.0,93,50
17909619.0,88,55
17909649.0,97,50
17909668.0,95,53
17909685.0,100,49
17909708.0,91,55
17909721.0,97,52
17909727.0,93,52
17909730.0,95,50
17909757.0,97,53
17909761.0,88,57
17909771.0,90,52
17909817.0,91,61
17909848.0,100,51
17909951.0,97,49
17909953.0,100,53
17909991.0,90,54
17910022.0,94,49
17910069.0,89,59
17910114.0,100,50
17910167.0,92,48
17910168.0,90,57
17910225.0,89,50
17910282.0,95,47
17910290.0,91,49
17910296.0,92,49
17910309.0,89,48
17910317.0,100,52
17910334.0,96,47
17910355.0,95,49
17910381.0,98,52
17910385.0,97,50
17910389.0,101,63
17910401.0,97,51
17910479.0,97,49
17910582.0,99,52
17910590.0,92,50
17910614.0,94,63
17910690.0,87,55
17910692.0,98,53
17910780.0,89,51
17910825.0,97,53
17910858.0,89,56
17910870.0,91,50
17910879.0,87,56
17910909.0,97,54
17910960.0,94,47
17911002.0,90,55
17911008.0,94,64
17911025.0,92,53
17911051.0,98,51
17911057.0,80,107
17911136.0,94,50
17911155.0,98,50
17911206.0,90,49
17911272.0,96,69
17911363.0,88,58
17911446.0,95,52
17911510.0,91,62
17911529.0,90,60
17911538.0,95,53
17911605.0,89,52
17911626.0,92,52
17911658.0,91,51
17911670.0,100,54
17911680.0,92,54
17911725.0,98,54
17911733.0,100,51
17911745.0,96,48
17911763.0,92,51
17911795.0,95,71
17911825.0,98,49
17911864.0,92,47
17911884.0,94,51
17911928.0,95,67
17911947.0,96,49
17911994.0,94,47
17912035.0,93,47
17912143.0,90,48
17912248.0,94,65
17912249.0,95,51
17912271.0,90,47
17912303.0,100,57
17912400.0,91,52
17912432.0,86,56
17912447.0,94,48
17912455.0,87,57
17912532.0,95,48
17912567.0,91,47
17912604.0,98,48
17912858.0,89,53
17912867.0,95,53
17912880.0,87,55
17912943.0,90,47
17912957.0,90,56
17913010.0,91,48
17913019.0,92,48
17913034.0,98,50
17913093.0,93,53
17913100.0,93,46
17913161.0,90,49
17913187.0,92,54
17913195.0,94,49
17913205.0,100,58
17913211.0,98,51
17913245.0,89,50
17913264.0,91,49
17913268.0,91,46
17913281.0,94,52
17913284.0,88,59
17913287.0,93,48
17913292.0,88,50
17913299.0,90,61
17913319.0,95,47
17913331.0,91,47
17913433.0,99,58
17913434.0,89,49
17913453.0,89,54
17913538.0,90,54
17913625.0,93,46
17913635.0,96,50
17913717.0,94,50
17913728.0,87,57
17913767.0,91,50
17913834.0,96,51
17913871.0,89,59
17913884.0,91,48
17913934.0,93,49
17913945.0,91,49
17913974.0,92,46
17913986.0,92,52
17914003.0,91,57
17914006.0,99,58
17914034.0,95,59
17914111.0,89,51
17914120.0,95,48
17914185.0,90,55
17914214.0,96,51
17914246.0,98,52
17914261.0,90,58
17914291.0,92,53
17914305.0,99,50
17914323.0,88,56
17914336.0,91,62
17914351.0,99,53
17914368.0,90,56
17914370.0,99,54
17914405.0,99,49
17914417.0,92,54
17914456.0,90,50
17914469.0,94,51
17914542.0,94,53
17914573.0,96,52
17914587.0,89,57
17914590.0,97,49
17914617.0,88,51
17914644.0,90,49
17914759.0,99,51
17914770.0,96,51
17914801.0,91,51
17914814.0,89,57
17914828.0,99,55
17914872.0,91,53
17914874.0,88,48
17914900.0,97,53
17914901.0,89,48
17914930.0,99,52
17914989.0,88,49
17915011.0,89,55
17915021.0,90,57
17915044.0,93,48
17915061.0,93,50
17915092.0,97,51
17915099.0,93,47
17915137.0,96,51
17915172.0,91,50
17915316.0,88,52
17915322.0,89,54
17915323.0,96,53
17915424.0,94,54
17915562.0,86,56
17915571.0,94,52
17915612.0,89,57
17915641.0,87,56
17915680.0,92,47
17915695.0,94,55
17915702.0,97,55
17915757.0,90,51
17915757.0,99,56
17915807.0,89,60
17915813.0,88,59
17915852.0,91,51
17915895.0,92,48
17915921.0,97,51
17915945.0,95,49
17915968.0,86,57
17916061.0,99,55
17916216.0,90,47
17916345.0,97,50
17916380.0,94,47
17916441.0,91,54
17916455.0,94,53
17916488.0,88,58
17916491.0,92,54
17916529.0,101,66
17916565.0,91,46
17916596.0,90,49
17916605.0,97,48
17916611.0,93,49
17916643.0,92,62
17916648.0,97,52
17916708.0,89,48
17916716.0,91,49
17916732.0,93,51
17916818.0,87,49
17916866.0,93,48
17916881.0,95,48
17916942.0,88,53
17916974.0,92,48
17917001.0,93,52
17917050.0,86,57
17917069.0,89,48
17917088.0,95,50
17917124.0,101,64
17917124.0,96,54
17917156.0,87,50
17917173.0,90,48
17917188.0,100,60
17917194.0,91,61
17917218.0,89,49
17917235.0,97,54
17917251.0,93,50
17917301.0,98,49
17917308.0,90,62
17917379.0,88,48
17917396.0,92,49
17917401.0,90,52
17917437.0,87,49
17917446.0,89,49
17917510.0,89,56
17917549.0,96,56
17917557.0,100,60
17917642.0,95,48
17917648.0,89,52
17917652.0,88,48
17917668.0,89,55
17917680.0,86,56
17917685.0,91,52
17917693.0,94,54
17917831.0,90,50
17917957.0,89,50
17917991.0,91,50
17918025.0,87,58
17918054.0,95,51
17918096.0,94,53
17918106.0,89,53
17918107.0,93,51
17918110.0,88,50
17918200.0,92,48
17918307.0,90,53
17918314.0,89,49
17918367.0,87,51
17918385.0,89,61
17918402.0,88,51
17918505.0,98,50
17918507.0,90,57
17918547.0,92,47
17918549.0,88,52
17918580.0,90,49
17918617.0,94,48
17918640.0,93,51
17918679.0,88,57
17918717.0,91,53
17918752.0,90,47
17918755.0,92,53
17918812.0,91,47
17918877.0,89,47
17918899.0,94,48
17918905.0,89,58
17918911.0,95,52
17918924.0,89,51
17918961.0,98,51
17919000.0,92,48
17919039.0,96,49
17919063.0,98,52
17919100.0,88,54
17919172.0,98,54
17919263.0,87,50
17919285.0,85,57
17919349.0,88,60
17919368.0,92,50
17919368.0,87,59
17919370.0,100,61
17919378.0,94,47
17919404.0,87,52
17919430.0,92,49
17919444.0,96,64
17919471.0,88,49
17919515.0,90,50
17919535.0,94,48
17919539.0,93,63
17919562.0,96,50
17919598.0,90,53
17919600.0,122,65
17919655.0,98,53
17919660.0,91,56
17919715.0,87,53
17919746.0,88,55
17919765.0,94,49
17919782.0,91,48
17919844.0,93,53
17919851.0,99,55
17919857.0,96,52
17919863.0,89,57
17919868.0,94,48
17919916.0,91,47
17919999.0,93,47
17920065.0,95,53
17920098.0,96,54
17920108.0,87,56
17920138.0,94,49
17920146.0,96,53
17920158.0,98,55
17920162.0,89,47
17920180.0,86,58
17920194.0,90,51
17920198.0,90,52
17920225.0,91,54
17920232.0,90,56
17920259.0,89,48
17920267.0,96,51
17920278.0,89,61
17920288.0,89,52
17920364.0,100,60
17920497.0,93,50
17920577.0,96,50
17920625.0,89,49
17920687.0,93,52
17920696.0,92,51
17920712.0,98,52
17920712.0,90,54
17920719.0,93,51
17920729.0,98,54
17920762.0,91,49
17920843.0,92,89
17920863.0,87,58
17920879.0,94,65
17920946.0,88,49
17921022.0,92,49
17921028.0,86,50
17921044.0,93,90
17921058.0,86,56
17921076.0,90,53
17921090.0,87,53
17921114.0,94,64
17921121.0,93,53
17921143.0,94,50
17921174.0,90,61
17921188.0,93,54
17921204.0,89,49
17921215.0,85,57
17921223.0,92,57
17921266.0,90,62
17921272.0,95,54
17921311.0,88,50
17921361.0,86,58
17921416.0,93,48
17921455.0,90,52
17921487.0,87,51
17921527.0,86,51
17921565.0,89,57
17921579.0,88,49
17921595.0,96,49
17921705.0,99,59
17921720.0,97,49
17921730.0,87,54
17921757.0,88,55
17921859.0,96,53
17921872.0,90,47
17921888.0,92,50
17921962.0,89,56
17921967.0,96,51
17921980.0,89,53
17922110.0,92,51
17922198.0,96,54
17922223.0,94,51
17922226.0,87,57
17922231.0,89,62
17922366.0,91,47
17922408.0,96,52
17922411.0,99,57
17922420.0,89,50
17922432.0,88,56
17922457.0,88,51
17922584.0,93,54
17922594.0,84,72
17922626.0,91,50
17922647.0,86,51
17922649.0,90,58
17922684.0,91,62
17922721.0,99,57
17922722.0,93,58
17922780.0,89,58
17922787.0,91,48
17922793.0,85,58
17922807.0,87,59
17922816.0,92,52
17922837.0,86,50
17922857.0,97,50
17922890.0,87,49
17922977.0,93,49
17923032.0,95,49
17923070.0,87,55
17923103.0,86,52
17923146.0,86,57
17923154.0,89,51
17923156.0,92,52
17923272.0,92,47
17923343.0,88,48
17923345.0,100,61
17923461.0,94,52
17923495.0,99,57
17923537.0,88,61
17923570.0,95,50
17923669.0,98,56
17923727.0,91,49
17923758.0,91,50
17923796.0,89,50
17923881.0,88,60
17923888.0,88,58
17923928.0,87,55
17924043.0,93,50
17924129.0,86,53
17924216.0,91,50
17924223.0,97,51
17924242.0,90,51
17924279.0,95,50
17924322.0,92,51
17924342.0,88,52
17924385.0,90,49
17924414.0,95,49
17924469.0,92,53
17924493.0,91,51
17924528.0,85,50
17924538.0,90,54
17924543.0,87,54
17924564.0,97,52
17924620.0,89,51
17924635.0,95,51
17924670.0,85,58
17924710.0,92,48
17924735.0,99,58
17924735.0,86,58
17924857.0,90,55
17924863.0,97,53
17924872.0,97,55
17924879.0,89,58
17924886.0,88,49
17924908.0,86,57
17924918.0,87,50
17924957.0,96,49
17925001.0,94,53
17925049.0,99,55
17925062.0,95,52
17925119.0,89,54
17925396.0,95,53
17925418.0,88,56
17925456.0,85,57
17925468.0,85,51
17925519.0,89,56
17925520.0,89,52
17925559.0,99,55
17925642.0,89,51
17925684.0,98,57
17925694.0,92,52
17925758.0,102,87
17925766.0,88,49
17925787.0,85,50
17925807.0,95,54
17925808.0,88,50
17925818.0,86,54
17925826.0,93,51
17925880.0,89,59
17925890.0,87,51
17925906.0,87,56
17925932.0,85,57
17926036.0,85,51
17926047.0,89,57
17926054.0,88,48
17926063.0,91,51
17926121.0,103,86
17926176.0,93,89
17926177.0,90,49
17926186.0,89,62
17926353.0,86,53
17926356.0,86,59
17926397.0,88,53
17926481.0,87,58
17926584.0,90,50
17926609.0,96,50
17926682.0,92,49
17926697.0,91,52
17926758.0,88,57
17926814.0,92,53
17926823.0,90,48
17926877.0,85,57
17926940.0,89,48
17926964.0,85,52
17926985.0,95,54
17926988.0,86,59
17927024.0,94,54
17927093.0,91,52
17927099.0,91,47
17927116.0,95,51
17927198.0,90,55
17927216.0,87,48
17927226.0,91,63
17927241.0,95,52
17927374.0,87,51
17927449.0,86,50
17927461.0,96,51
17927468.0,87,56
17927473.0,85,59
17927485.0,90,57
17927493.0,89,48
17927510.0,91,48
17927565.0,93,52
17927566.0,87,55
17927590.0,88,51
17927592.0,97,55
17927626.0,88,61
17927631.0,85,51
17927640.0,87,51
17927870.0,87,49
17927973.0,85,53
17928000.0,86,55
17928015.0,89,53
17928058.0,94,50
17928067.0,95,53
17928075.0,86,54
17928079.0,92,63
17928124.0,88,50
17928136.0,90,50
17928302.0,93,64
17928314.0,92,50
17928336.0,90,49
17928354.0,90,51
17928395.0,93,51
17928481.0,86,60
17928585.0,87,48
17928626.0,87,52
17928634.0,87,58
17928669.0,88,59
17928737.0,88,54
17928830.0,86,58
17928850.0,106,70
17928854.0,96,51
17928882.0,89,49
17928935.0,88,58
17928977.0,89,54
17928981.0,91,53
17928992.0,90,54
17929005.0,97,53
17929006.0,85,53
17929012.0,88,52
17929043.0,91,50
17929189.0,93,50
17929191.0,88,54
17929200.0,87,50
17929209.0,87,61
17929283.0,91,52
17929311.0,96,52
17929376.0,91,48
17929388.0,85,50
17929414.0,93,65
17929415.0,88,48
17929438.0,86,50
17929443.0,87,56
17929505.0,91,49
17929527.0,89,63
17929749.0,89,55
17929807.0,94,51
17929835.0,84,51
17929840.0,90,51
17929846.0,92,51
17929873.0,88,86
17929894.0,90,50
17929895.0,85,54
17929903.0,89,50
17929964.0,89,48
17929966.0,85,59
17929981.0,95,49
17930035.0,94,52
17930035.0,86,51
17930053.0,96,53
17930069.0,99,60
17930070.0,92,51
17930090.0,91,64
17930175.0,91,51
17930246.0,86,56
17930291.0,87,53
17930343.0,84,52
17930351.0,91,53
17930465.0,87,57
17930492.0,90,48
17930549.0,89,49
17930587.0,93,49
17930594.0,92,51
17930601.0,85,52
17930629.0,87,50
17930771.0,94,53
17930796.0,88,48
17930801.0,88,62
17930811.0,98,56
17930814.0,96,54
17930891.0,84,51
17930901.0,89,62
17930924.0,90,62
17930993.0,89,58
17931064.0,94,52
17931095.0,86,58
17931111.0,93,49
17931183.0,88,58
17931186.0,88,49
17931216.0,89,56
17931232.0,94,54
17931263.0,84,52
17931293.0,86,49
17931315.0,88,53
17931333.0,94,65
17931377.0,91,50
17931435.0,86,55
17931583.0,95,50
17931622.0,87,51
17931634.0,85,55
17931654.0,93,50
17931768.0,89,50
17931830.0,95,50
17931835.0,84,53
17931860.0,94,66
17931874.0,96,52
17931936.0,89,55
17932032.0,86,49
17932043.0,86,56
17932089.0,86,50
17932093.0,92,52
17932171.0,85,58
17932375.0,89,51
17932499.0,95,51
17932509.0,86,52
17932573.0,90,49
17932622.0,88,55
17932633.0,85,51
17932647.0,87,48
17932650.0,93,54
17932709.0,94,54
17932738.0,89,51
17932757.0,94,53
17932793.0,89,48
17932801.0,87,54
17932903.0,93,50
17932917.0,96,55
17932921.0,87,58
17932921.0,94,51
17932942.0,87,52
17932951.0,86,50
17932967.0,96,50
17933018.0,94,49
17933042.0,87,48
17933069.0,93,51
17933114.0,111,97
17933180.0,92,54
17933181.0,89,49
17933305.0,89,54
17933314.0,84,54
17933343.0,87,59
17933497.0,86,61
17933514.0,86,57
17933578.0,88,50
17933682.0,86,53
17933686.0,91,51
17933772.0,85,55
17933794.0,89,50
17933799.0,92,53
17933811.0,88,49
17933848.0,90,49
17933889.0,84,51
17933929.0,91,51
17933938.0,93,51
17933954.0,95,52
17934057.0,84,52
17934123.0,88,53
17934150.0,87,52
17934167.0,96,49
17934174.0,95,52
17934185.0,90,51
17934208.0,86,51
17934224.0,85,51
17934314.0,86,57
17934323.0,87,48
17934394.0,95,51
17934413.0,93,51
17934439.0,88,59
17934505.0,97,56
17934630.0,88,54
17934684.0,85,60
17934685.0,91,51
17934694.0,85,51
17934745.0,99,62
17934777.0,93,52
17934845.0,91,55
17934853.0,90,52
17934863.0,91,54
17934906.0,87,51
17934962.0,86,49
17934978.0,88,49
17935106.0,87,55
17935122.0,91,64
17935145.0,90,50
17935159.0,95,52
17935165.0,91,51
17935181.0,88,50
17935259.0,87,49
17935269.0,87,61
17935288.0,85,56
17935293.0,87,53
17935303.0,90,64
17935349.0,95,53
17935351.0,93,85
17935354.0,89,55
17935379.0,85,52
17935451.0,91,53
17935482.0,88,62
17935488.0,86,51
17935499.0,89,49
17935544.0,87,62
17935569.0,93,50
17935585.0,83,52
17935678.0,84,54
17935691.0,89,63
17935725.0,94,50
17935773.0,97,57
17935936.0,96,55
17935959.0,86,53
17936010.0,92,50
17936059.0,89,51
17936119.0,98,57
17936163.0,87,58
17936166.0,86,50
17936196.0,83,53
17936199.0,85,50
17936208.0,86,51
17936252.0,88,63
17936255.0,86,52
17936310.0,86,61
17936343.0,91,52
17936403.0,93,53
17936419.0,84,60
17936511.0,87,57
17936512.0,92,54
17936512.0,85,54
17936559.0,88,56
17936579.0,88,55
17936586.0,93,52
17936602.0,84,55
17936791.0,86,59
17936831.0,88,59
17936843.0,90,50
17936870.0,93,49
17936901.0,89,49
17936912.0,92,50
17936920.0,85,60
17936924.0,87,49
17936976.0,88,50
17937045.0,86,54
17937168.0,83,52
17937193.0,85,49
17937212.0,84,52
17937219.0,94,51
17937228.0,92,51
17937301.0,93,54
17937321.0,92,53
17937322.0,86,58
17937346.0,85,50
17937370.0,86,52
17937378.0,85,57
17937420.0,87,54
17937434.0,97,58
17937450.0,88,58
17937681.0,95,54
17937735.0,84,54
17937787.0,90,51
17937793.0,85,59
17937823.0,91,53
17937826.0,91,55
17937840.0,83,53
17937885.0,87,53
17937901.0,86,60
17937913.0,96,56
17937941.0,92,53
17937974.0,84,53
17938041.0,92,54
17938090.0,85,51
17938121.0,93,53
17938356.0,86,49
17938373.0,87,49
17938438.0,88,49
17938473.0,85,56
17938478.0,85,53
17938506.0,89,50
17938532.0,83,54
17938677.0,86,53
17938804.0,89,52
17938909.0,85,53
17938921.0,84,55
17938942.0,87,59
17938984.0,84,60
17938992.0,86,55
17939096.0,84,56
17939124.0,87,51
17939133.0,93,50
17939175.0,84,52
17939205.0,88,63
17939223.0,85,59
17939298.0,84,59
17939308.0,88,55
17939314.0,91,53
17939337.0,90,53
17939352.0,95,55
17939420.0,85,50
17939484.0,92,52
17939486.0,87,60
17939541.0,98,55
17939595.0,94,52
17939626.0,85,53
17939646.0,93,54
17939647.0,87,56
17939680.0,85,54
17939706.0,84,52
17939745.0,88,56
17939763.0,86,53
17939834.0,87,54
17940094.0,105,71
17940112.0,96,56
17940170.0,91,50
17940197.0,92,52
17940212.0,86,50
17940224.0,104,71
17940265.0,88,54
17940304.0,97,57
17940308.0,88,49
17940387.0,86,57
17940406.0,84,56
17940413.0,90,52
17940414.0,96,56
17940417.0,86,55
17940453.0,101,69
17940503.0,83,52
17940524.0,86,52
17940575.0,85,57
17940590.0,83,55
17940648.0,84,52
17940653.0,86,55
17940711.0,90,64
17940776.0,92,55
17940843.0,92,49
17940909.0,91,49
17940960.0,89,64
17940993.0,94,53
17941040.0,87,49
17941103.0,89,53
17941111.0,93,50
17941118.0,95,55
17941201.0,84,53
17941237.0,88,50
17941262.0,86,55
17941267.0,88,63
17941284.0,91,50
17941307.0,93,51
17941318.0,85,51
17941370.0,88,53
17941416.0,93,50
17941419.0,98,56
17941424.0,91,63
17941445.0,106,71
17941579.0,86,55
17941715.0,85,52
17941742.0,88,57
17941775.0,90,52
17941804.0,89,51
17941809.0,83,54
17941838.0,91,54
17941850.0,84,50
17941862.0,93,50
17941978.0,87,55
17942048.0,84,57
17942059.0,86,58
17942120.0,92,53
17942127.0,88,56
17942135.0,86,55
17942140.0,89,50
17942145.0,86,53
17942173.0,96,56
17942193.0,86,61
17942225.0,93,50
17942269.0,91,54
17942365.0,89,63
17942395.0,90,55
17942455.0,91,51
17942477.0,87,51
17942496.0,86,54
17942505.0,88,50
17942565.0,84,53
17942591.0,92,54
17942639.0,86,50
17942791.0,90,53
17942820.0,85,53
17942829.0,91,54
17942841.0,93,50
17942887.0,82,54
17942931.0,84,51
17943002.0,103,84
17943071.0,90,56
17943087.0,93,51
17943099.0,86,56
17943123.0,85,54
17943135.0,91,49
17943145.0,86,59
17943186.0,91,54
17943253.0,85,50
17943290.0,93,51
17943304.0,93,49
17943450.0,92,50
17943572.0,88,57
17943579.0,85,54
17943646.0,92,54
17943707.0,93,49
17943711.0,86,60
17943734.0,91,51
17943770.0,90,50
17943788.0,86,54
17943817.0,85,61
17943836.0,87,57
17943880.0,85,58
17943984.0,92,50
17944101.0,95,56
17944103.0,93,52
17944123.0,84,52
17944142.0,102,84
17944160.0,91,54
17944210.0,93,49
17944356.0,90,53
17944384.0,89,52
17944399.0,84,61
17944440.0,86,51
17944446.0,85,50
17944517.0,92,50
17944564.0,88,53
17944664.0,85,55
17944665.0,86,55
17944696.0,112,65
17944784.0,90,50
17944839.0,84,57
17944898.0,84,52
17944914.0,85,53
17944934.0,99,69
17944953.0,83,55
17944968.0,92,53
17944970.0,88,52
17944982.0,96,57
17945070.0,87,60
17945087.0,91,52
17945251.0,83,53
17945311.0,82,54
17945493.0,87,50
17945533.0,83,56
17945574.0,82,55
17945599.0,93,52
17945745.0,87,59
17945812.0,85,60
17945833.0,94,55
17945842.0,87,55
17945846.0,85,52
17945863.0,87,60
17945865.0,87,56
17945869.0,99,74
17945948.0,88,51
17945984.0,84,54
17945990.0,85,55
17946037.0,84,61
17946080.0,97,58
17946143.0,84,51
17946151.0,85,61
17946277.0,92,51
17946292.0,85,59
17946345.0,86,55
17946378.0,85,55
17946386.0,89,52
17946416.0,83,56
17946533.0,82,55
17946533.0,86,51
17946553.0,87,53
17946647.0,87,57
17946674.0,88,63
17946718.0,87,61
17946741.0,84,60
17946775.0,85,60
17946979.0,91,52
17947023.0,85,54
17947062.0,84,50
17947064.0,92,55
17947091.0,87,61
17947139.0,91,53
17947319.0,90,51
17947381.0,93,53
17947384.0,83,51
17947396.0,90,54
17947475.0,84,52
17947604.0,90,65
17947609.0,84,58
17947638.0,91,50
17947689.0,87,56
17947732.0,90,56
17947748.0,89,53
17947750.0,84,53
17947865.0,83,57
17947895.0,85,56
17947956.0,85,53
17948059.0,88,57
17948178.0,95,56
17948393.0,86,50
17948460.0,92,56
17948491.0,88,56
17948560.0,88,52
17948582.0,92,54
17948682.0,87,53
17948697.0,85,54
17948754.0,83,52
17948829.0,86,63
17948867.0,86,55
17949013.0,86,57
17949027.0,85,56
17949045.0,91,54
17949095.0,87,57
17949136.0,84,55
17949248.0,90,52
17949253.0,94,54
17949265.0,83,52
17949318.0,89,53
17949355.0,91,55
17949380.0,94,55
17949507.0,82,56
17949576.0,91,53
17949768.0,83,54
17949797.0,94,55
17949854.0,92,52
17949929.0,87,51
17949932.0,90,52
17950043.0,84,53
17950093.0,83,52
17950173.0,88,64
17950213.0,93,54
17950295.0,86,60
17950327.0,91,51
17950415.0,94,55
17950494.0,85,55
17950508.0,84,51
17950537.0,85,51
17950559.0,89,51
17950652.0,98,60
17950692.0,94,55
17950710.0,90,51
17950753.0,87,57
17950795.0,87,58
17950832.0,98,55
17950844.0,89,50
17950908.0,91,54
17951004.0,88,58
17951044.0,112,58
17951374.0,83,57
17951426.0,84,58
17951437.0,86,61
17951444.0,82,55
17951505.0,86,62
17951580.0,84,54
17951631.0,86,56
17951654.0,91,55
17951693.0,89,51
17951734.0,93,53
17951875.0,82,54
17951937.0,91,51
17952039.0,90,50
17952079.0,90,53
17952114.0,83,53
17952155.0,83,58
17952230.0,84,59
17952380.0,86,51
17952520.0,89,54
17952563.0,85,62
17952653.0,94,53
17952712.0,90,55
17952725.0,84,56
17952756.0,92,53
17952804.0,84,53
17952849.0,93,54
17952921.0,89,56
17952943.0,95,64
17952952.0,87,61
17953064.0,82,56
17953370.0,88,53
17953385.0,82,54
17953394.0,91,55
17953409.0,92,55
17953443.0,88,52
17953444.0,84,54
17953450.0,85,60
17953469.0,85,55
17953646.0,103,70
17953663.0,87,52
17953675.0,82,57
17953717.0,90,53
17953761.0,89,52
17954035.0,81,55
17954128.0,85,61
17954204.0,84,62
17954212.0,86,51
17954298.0,85,57
17954447.0,83,58
17954484.0,83,55
17954538.0,90,65
17954556.0,91,52
17954679.0,85,57
17954682.0,90,51
17954947.0,88,64
17955006.0,88,51
17955202.0,92,53
17955245.0,85,62
17955378.0,81,56
17955381.0,93,55
17955574.0,89,50
17955576.0,89,64
17955610.0,85,56
17955660.0,89,52
17955665.0,85,51
17955804.0,86,63
17955977.0,90,64
17956065.0,90,54
17956095.0,84,56
17956146.0,88,53
17956159.0,83,55
17956182.0,85,55
17956215.0,86,58
17956317.0,87,58
17956357.0,89,54
17956368.0,86,59
17956443.0,84,61
17956449.0,83,54
17956464.0,86,60
17956526.0,84,56
17956766.0,83,55
17956812.0,92,54
17956819.0,84,54
17957036.0,88,51
17957041.0,91,56
17957082.0,86,56
17957174.0,87,64
17957184.0,84,56
17957273.0,90,51
17957629.0,86,57
17957649.0,91,52
17957745.0,85,57
17957771.0,87,57
17957885.0,88,52
17957886.0,85,61
17957901.0,84,56
17958041.0,82,53
17958066.0,84,55
17958223.0,86,52
17958355.0,60,56
17958641.0,60,56
17958682.0,82,55
17958878.0,100,67
17959134.0,84,62
17959136.0,89,53
17959173.0,83,52
17959223.0,83,54
17959230.0,85,51
17959241.0,83,59
17959365.0,85,56
17959375.0,81,56
17959447.0,84,59
17959501.0,93,55
17959614.0,95,57
17959796.0,82,55
17959828.0,87,53
17959945.0,91,53
17959990.0,82,58
17960001.0,82,57
17960078.0,85,57
17960170.0,88,52
17960230.0,88,54
17960287.0,86,64
17960711.0,90,52
17960849.0,99,84
17960854.0,83,55
17960878.0,85,58
17960902.0,69,56
17960904.0,84,57
17960939.0,84,60
17961087.0,96,80
17961123.0,89,55
17961125.0,84,57
17961162.0,81,57
17961256.0,83,56
17961319.0,89,55
17961350.0,89,61
17961422.0,96,80
17961428.0,82,54
17961740.0,82,53
17961796.0,83,59
17961817.0,87,61
17961843.0,87,65
17961966.0,89,53
17961978.0,81,55
17962022.0,89,55
17962055.0,85,60
17962152.0,90,55
17962284.0,90,54
17962467.0,84,56
17962543.0,89,51
17962557.0,88,81
17962735.0,87,81
17962750.0,35,70
17962926.0,87,64
17962930.0,89,54
17963004.0,88,65
17963071.0,83,55
17963124.0,88,51
17963176.0,86,62
17963299.0,91,53
17963446.0,90,56
17963528.0,84,57
17963582.0,88,53
17964109.0,81,56
17964405.0,87,52
17964406.0,93,66
17964466.0,85,61
17964482.0,84,61
17964565.0,89,54
17964571.0,83,56
17964641.0,85,57
17964662.0,82,58
17964688.0,86,59
17964762.0,101,87
17965236.0,84,56
17965271.0,86,52
17965632.0,88,51
17966148.0,89,52
17966171.0,85,63
17966196.0,86,58
17966236.0,67,60
17966393.0,87,52
17966546.0,86,64
17966747.0,86,53
17967748.0,85,62
17967752.0,100,68
17967838.0,85,52
17967931.0,84,62
17967934.0,88,53
17967940.0,90,55
17968029.0,90,53
17968074.0,87,54
17968399.0,90,53
17968869.0,81,57
17969464.0,92,55
17969921.0,85,63
17970310.0,84,63
17970456.0,83,59
17970607.0,91,66
17970658.0,112,69
17971046.0,91,56
17971234.0,82,56
17971298.0,83,71
17972369.0,90,66
17973370.0,103,69
17974233.0,102,68
17975118.0,87,53
17977308.0,100,67
17978401.0,100,66
17978855.0,105,73
17978923.0,101,67
17979180.0,103,68
17979732.0,104,69
17980028.0,105,70
17980184.0,101,66
17980518.0,101,65
17981899.0,102,66
17983154.0,82,53
17983663.0,86,59
17983886.0,87,54
17984191.0,100,83
17985066.0,98,60
17986079.0,83,55
17986230.0,84,56
17986484.0,83,56
17986683.0,91,54
17986966.0,99,61
17987473.0,86,58
17987782.0,85,57
17988553.0,105,69
17988576.0,88,54
17988793.0,105,71
17988855.0,90,53
17989177.0,91,56
17989180.0,89,52
17989241.0,95,67
17989670.0,89,55
17989864.0,81,56
17989871.0,87,53
17989876.0,89,57
17989901.0,88,53
17990084.0,83,55
17990178.0,84,57
17990192.0,87,63
17990259.0,81,57
17990340.0,83,56
17990373.0,90,55
17990401.0,83,59
17990467.0,90,56
17990871.0,89,54
17991095.0,84,55
17991145.0,62,61
17991263.0,59,57
17991514.0,64,126
17991586.0,87,59
17991590.0,87,58
17991718.0,87,52
17991759.0,89,52
17991809.0,84,57
17991813.0,97,58
17991989.0,83,54
17991992.0,87,58
17992002.0,96,57
17992021.0,65,126
17992030.0,95,57
17992082.0,86,52
17992198.0,94,56
17992213.0,64,126
17992309.0,85,63
17992425.0,84,63
17992533.0,65,126
17992549.0,85,56
17992703.0,88,51
17992728.0,87,53
17992849.0,84,58
17992977.0,85,58
17992996.0,64,126
17993020.0,86,57
17993080.0,92,54
17993129.0,84,56
17993138.0,84,60
17993174.0,84,55
17993217.0,88,53
17993590.0,57,55
17993649.0,92,55
17993662.0,84,56
17993762.0,65,126
17993875.0,91,53
17993887.0,90,52
17993931.0,64,126
17993955.0,86,61
17993986.0,97,58
17994013.0,87,61
17994017.0,88,54
17994053.0,83,52
17994118.0,95,66
17994197.0,84,52
17994286.0,65,126
17994344.0,83,56
17994427.0,92,54
17994635.0,83,58
17994667.0,94,66
17994719.0,64,126
17994802.0,86,62
17995032.0,83,54
17995086.0,98,59
17995102.0,89,53
17995104.0,99,60
17995194.0,85,60
17995338.0,96,57
17995393.0,82,55
17995477.0,65,126
17995537.0,89,54
17995586.0,86,58
17995759.0,64,126
17996012.0,65,126
17996020.0,90,52
17996141.0,87,65
17996264.0,88,51
17996289.0,88,53
17996360.0,84,59
17996402.0,87,58
17996420.0,85,57
17996454.0,83,59
17996503.0,89,53
17996596.0,83,55
17996650.0,64,126
17996657.0,91,55
17996685.0,90,55
17996708.0,86,58
17996720.0,103,66
17996738.0,85,62
17996786.0,90,54
17996845.0,84,56
17996950.0,88,52
17996957.0,84,54
17996976.0,87,57
17997036.0,83,58
17997147.0,85,63
17997154.0,87,52
17997259.0,85,55
17997273.0,85,51
17997284.0,85,57
17997382.0,95,56
17997509.0,83,53
17997568.0,86,56
17997629.0,83,55
17997795.0,85,60
17997830.0,91,53
17997915.0,89,51
17998064.0,82,56
17998209.0,88,58
17998466.0,86,62
17998486.0,91,52
17998599.0,86,64
17998751.0,99,62
17998826.0,100,65
17999034.0,104,70
17999159.0,91,55
17999216.0,86,51
17999226.0,89,58
17999229.0,92,53
17999245.0,85,56
17999294.0,89,63
17999416.0,90,57
17999422.0,100,61
17999478.0,94,55
17999542.0,86,60
17999547.0,93,54
17999580.0,67,49
17999676.0,87,64
17999679.0,94,63
17999693.0,104,69
17999696.0,89,64
17999702.0,93,62
17999755.0,87,58
18000099.0,90,51
18000171.0,87,61
18000174.0,91,52
18000337.0,90,65
18000353.0,90,53
18000369.0,88,61
18000417.0,89,52
18000546.0,86,56
18000628.0,95,56
18000643.0,87,52
18000761.0,85,55
18000822.0,88,51
18000879.0,90,51
18001029.0,105,68
18001067.0,85,59
18001079.0,86,63
18001093.0,85,63
18001196.0,87,60
18001243.0,87,57
18001285.0,92,53
18001296.0,82,56
18001317.0,83,57
18001337.0,84,53
18001473.0,87,53
18001537.0,88,53
18001547.0,85,56
18001553.0,90,66
18001608.0,84,54
18001639.0,84,55
18001696.0,101,64
18001722.0,89,53
18001753.0,111,99
18001786.0,84,58
18001816.0,88,52
18001874.0,87,58
18001944.0,94,55
18001960.0,110,99
18001966.0,91,54
18002034.0,84,54
18002145.0,89,52
18002167.0,86,51
18002290.0,100,63
18002293.0,87,62
18002606.0,92,55
18002724.0,85,54
18002807.0,96,56
18002822.0,105,69
18002827.0,90,54
18002834.0,97,58
18002863.0,87,56
18002996.0,83,57
18003057.0,93,54
18003107.0,91,55
18003164.0,84,55
18003211.0,82,55
18003246.0,76,115
18003249.0,83,54
18003419.0,87,51
18003460.0,85,56
18003536.0,90,53
18003605.0,98,58
18003629.0,86,57
18003639.0,93,53
18004114.0,92,52
18004128.0,86,55
18004143.0,63,85
18004154.0,88,57
18004238.0,91,54
18004290.0,83,54
18004331.0,95,55
18004332.0,84,53
18004342.0,86,55
18004360.0,93,53
18004487.0,102,65
18004489.0,54,59
18004612.0,88,58
18004621.0,89,62
18004687.0,91,51
18004728.0,86,60
18004822.0,91,54
18004844.0,96,56
18004867.0,92,55
18004884.0,94,54
18005083.0,88,62
18005173.0,81,107
18005178.0,83,56
18005188.0,89,52
18005239.0,99,59
18005307.0,84,58
18005375.0,89,61
18005403.0,91,53
18005415.0,85,51
18005426.0,84,52
18005458.0,86,55
18005507.0,88,51
18005525.0,97,57
18005662.0,90,52
18005674.0,90,53
18005783.0,90,50
18005814.0,86,61
18005884.0,100,66
18005959.0,87,57
18005984.0,89,51
18006035.0,87,51
18006040.0,87,64
18006043.0,84,54
18006115.0,85,62
18006123.0,85,55
18006246.0,90,53
18006357.0,94,54
18006391.0,89,52
18006419.0,87,60
18006473.0,88,64
18006478.0,90,62
18006545.0,84,57
18006580.0,89,65
18006625.0,90,50
18006737.0,88,60
18006739.0,84,52
18006903.0,88,57
18006947.0,90,65
18006949.0,87,52
18006958.0,86,54
18006962.0,84,54
18006994.0,85,53
18006996.0,85,61
18007043.0,84,62
18007086.0,91,65
18007088.0,88,58
18007119.0,91,54
18007134.0,92,52
18007154.0,87,50
18007156.0,91,53
18007191.0,85,54
18007194.0,88,53
18007205.0,88,57
18007226.0,85,58
18007271.0,88,62
18007274.0,88,51
18007328.0,84,63
18007389.0,83,55
18007444.0,86,51
18007461.0,86,56
18007472.0,92,65
18007480.0,91,51
18007611.0,92,54
18007761.0,87,61
18007893.0,86,61
18007946.0,92,54
18007980.0,92,55
18008008.0,85,55
18008027.0,95,55
18008047.0,88,56
18008054.0,92,50
18008065.0,87,55
18008150.0,86,62
18008274.0,89,62
18008433.0,86,54
18008478.0,92,51
18008480.0,91,50
18008615.0,93,52
18008627.0,93,53
18008740.0,93,55
18008756.0,90,51
18008912.0,86,51
18009016.0,86,59
18009035.0,92,51
18009113.0,92,54
18009163.0,84,54
18009203.0,87,63
18009208.0,94,53
18009320.0,87,50
18009437.0,91,50
18009594.0,85,54
18009667.0,96,55
18009671.0,89,61
18009699.0,94,65
18009890.0,90,62
18009932.0,94,53
18009986.0,91,52
18009991.0,97,57
18010003.0,97,56
18010111.0,89,51
18010287.0,90,52
18010398.0,88,50
18010400.0,90,64
18010425.0,89,57
18010550.0,88,60
18010651.0,100,62
18010683.0,89,51
18010692.0,87,61
18010707.0,85,54
18010736.0,83,55
18010741.0,97,57
18010742.0,87,51
18010774.0,86,53
18010791.0,99,58
18010826.0,84,53
18010840.0,99,59
18010872.0,85,52
18010874.0,98,57
18010877.0,90,51
18010909.0,83,54
18010960.0,98,58
18011042.0,84,56
18011058.0,96,56
18011098.0,95,54
18011115.0,101,62
18011134.0,92,53
18011250.0,86,55
18011291.0,94,54
18011395.0,87,54
18011511.0,90,50
18011512.0,88,50
18011515.0,91,64
18011588.0,52,56
18011629.0,88,61
18011696.0,92,54
18011796.0,92,55
18011802.0,94,55
18011838.0,92,50
18011842.0,91,53
18011943.0,87,59
18012004.0,86,50
18012085.0,96,55
18012100.0,87,55
18012192.0,84,53
18012335.0,91,51
18012354.0,88,56
18012387.0,88,55
18012452.0,89,56
18012465.0,89,60
18012521.0,93,52
18012565.0,85,57
18012578.0,86,60
18012586.0,86,58
18012590.0,93,54
18012593.0,87,56
18012598.0,92,54
18012634.0,88,61
18012701.0,87,52
18012767.0,88,57
18012875.0,53,57
18013103.0,90,50
18013181.0,93,51
18013235.0,94,52
18013343.0,87,62
18013383.0,92,50
18013414.0,91,54
18013434.0,92,52
18013446.0,85,51
18013494.0,90,50
18013568.0,93,55
18013662.0,85,52
18013855.0,95,53
18013901.0,85,53
18013958.0,89,50
18014091.0,86,52
18014148.0,90,50
18014233.0,87,54
18014298.0,90,51
18014381.0,84,53
18014396.0,106,72
18014457.0,87,50
18014467.0,106,70
18014495.0,95,54
18014507.0,90,64
18014515.0,89,57
18014609.0,91,52
18014654.0,85,61
18014672.0,87,55
18014674.0,88,56
18014677.0,100,59
18014738.0,88,63
18014755.0,101,61
18014788.0,88,49
18014826.0,89,51
18014844.0,86,54
18015008.0,95,53
18015121.0,93,54
18015210.0,85,53
18015283.0,92,52
18015294.0,87,53
18015297.0,90,51
18015304.0,85,56
18015354.0,87,60
18015416.0,86,53
18015462.0,91,51
18015475.0,89,56
18015516.0,88,52
18015529.0,112,85
18015534.0,89,50
18015538.0,89,63
18015545.0,87,55
18015551.0,111,67
18015681.0,86,61
18015736.0,91,50
18015768.0,84,54
18015783.0,88,49
18015789.0,85,51
18015835.0,91,51
18015870.0,87,51
18015914.0,88,59
18015957.0,97,55
18016063.0,92,51
18016076.0,88,56
18016131.0,90,50
18016149.0,88,54
18016167.0,93,53
18016169.0,95,65
18016222.0,53,55
18016284.0,89,56
18016303.0,92,53
18016345.0,94,65
18016382.0,89,55
18016435.0,101,65
18016484.0,93,54
18016514.0,87,52
18016576.0,86,57
18016634.0,98,57
18016670.0,89,57
18016701.0,93,50
18016813.0,84,53
18016827.0,86,53
18016834.0,98,56
18016860.0,87,60
18016929.0,96,54
18016944.0,94,54
18016953.0,101,64
18016987.0,96,66
18017018.0,87,50
18017094.0,84,53
18017146.0,87,61
18017184.0,53,55
18017205.0,94,51
18017236.0,95,52
18017278.0,52,54
18017283.0,85,52
18017289.0,84,54
18017301.0,86,52
18017310.0,86,51
18017326.0,92,49
18017326.0,89,59
18017360.0,56,70
18017379.0,96,66
18017408.0,91,52
18017435.0,87,53
18017446.0,90,50
18017510.0,95,53
18017562.0,53,55
18017609.0,91,64
18017680.0,88,60
18017708.0,89,49
18017717.0,89,61
18017729.0,84,54
18017932.0,85,55
18017964.0,84,53
18017974.0,93,52
18018034.0,96,55
18018136.0,93,50
18018139.0,95,52
18018196.0,97,67
18018279.0,90,50
18018310.0,89,56
18018334.0,87,49
18018335.0,90,63
18018429.0,99,57
18018453.0,91,51
18018490.0,93,54
18018498.0,97,67
18018601.0,85,52
18018613.0,90,60
18018662.0,86,51
18018682.0,102,64
18018713.0,87,52
18018737.0,53,55
18018737.0,98,56
18018755.0,52,54
18018763.0,93,49
18018775.0,92,52
18018794.0,89,55
18018876.0,90,56
18018928.0,92,55
18018989.0,100,58
18019047.0,88,62
18019067.0,96,54
18019088.0,89,56
18019090.0,87,54
18019123.0,93,64
18019157.0,89,51
18019197.0,53,55
18019207.0,86,53
18019215.0,89,49
18019473.0,100,59
18019604.0,92,50
18019619.0,92,49
18019625.0,85,55
18019654.0,86,50
18019758.0,93,52
18019783.0,94,54
18019790.0,94,50
18019856.0,86,56
18019871.0,52,54
18019907.0,104,66
18019915.0,92,52
18020023.0,85,54
18020030.0,88,53
18020083.0,96,53
18020087.0,53,55
18020129.0,88,58
18020149.0,102,63
18020227.0,90,75
18020349.0,95,51
18020378.0,87,51
18020450.0,89,54
18020452.0,93,49
18020485.0,89,60
18020501.0,53,55
18020523.0,86,52
18020547.0,104,67
18020550.0,85,52
18020692.0,91,76
18020765.0,89,59
18020765.0,93,53
18020952.0,90,49
18020964.0,90,59
18020980.0,101,60
18021009.0,95,51
18021016.0,94,51
18021118.0,86,50
18021124.0,53,55
18021252.0,90,63
18021272.0,90,60
18021290.0,92,64
18021338.0,94,53
18021342.0,88,49
18021365.0,53,55
18021379.0,94,50
18021455.0,92,50
18021604.0,92,49
18021763.0,93,51
18021772.0,88,55
18021778.0,97,54
18021855.0,91,54
18021859.0,95,52
18021894.0,88,61
18021896.0,96,53
18021955.0,85,53
18021959.0,89,60
18021960.0,85,54
18021970.0,91,60
18022082.0,96,52
18022096.0,89,54
18022120.0,81,108
18022207.0,98,55
18022286.0,94,54
18022306.0,99,56
18022309.0,97,55
18022342.0,90,55
18022379.0,92,49
18022526.0,87,51
18022551.0,95,51
18022604.0,89,62
18022622.0,87,60
18022659.0,91,56
18022698.0,88,52
18022720.0,90,56
18022763.0,89,56
18022847.0,92,51
18022971.0,86,55
18022989.0,99,58
18022994.0,87,59
18023025.0,86,52
18023029.0,91,56
18023065.0,91,50
18023091.0,88,59
18023135.0,87,53
18023201.0,101,59
18023238.0,92,60
18023300.0,93,50
18023352.0,88,54
18023508.0,91,52
18023510.0,87,50
18023546.0,97,54
18023594.0,96,52
18023634.0,94,52
18023648.0,93,52
18023699.0,87,56
18023716.0,90,56
18023722.0,91,61
18023754.0,85,53
18023776.0,94,65
18023777.0,94,49
18023800.0,85,52
18023899.0,88,57
18024025.0,86,51
18024047.0,90,60
18024086.0,95,54
18024116.0,89,53
18024116.0,88,58
18024129.0,91,53
18024138.0,85,53
18024171.0,100,57
18024174.0,98,56
18024234.0,91,49
18024323.0,90,51
18024327.0,89,58
18024347.0,89,51
18024425.0,95,50
18024452.0,92,63
18024498.0,89,63
18024525.0,92,50
18024572.0,97,53
18024637.0,99,56
18024688.0,90,59
18024693.0,102,66
18024706.0,85,53
18024709.0,89,58
18024803.0,88,60
18024827.0,94,53
18024853.0,86,58
18024860.0,102,61
18024893.0,87,60
18024967.0,96,51
18025021.0,106,68
18025062.0,101,58
18025067.0,94,51
18025093.0,87,52
18025094.0,87,50
18025120.0,88,51
18025171.0,88,59
18025184.0,90,58
18025195.0,89,62
18025239.0,91,49
18025239.0,90,48
18025284.0,86,51
18025386.0,93,52
18025397.0,89,55
18025506.0,90,62
18025537.0,89,58
18025577.0,86,54
18025612.0,95,53
18025627.0,93,50
18025715.0,100,57
18025728.0,85,52
18025735.0,92,50
18025781.0,87,49
18025807.0,102,58
18025829.0,90,54
18025883.0,89,62
18025898.0,88,52
18025951.0,101,66
18026037.0,88,61
18026132.0,93,51
18026196.0,96,51
18026246.0,91,55
18026322.0,99,57
18026380.0,99,55
18026443.0,87,51
18026500.0,101,65
18026555.0,96,65
18026682.0,87,55
18026756.0,89,59
18026780.0,88,48
18026815.0,89,52
18026825.0,90,55
18026842.0,93,49
18026871.0,95,64
18026872.0,94,51
18026890.0,98,54
18026909.0,90,48
18026927.0,91,62
18026960.0,96,65
18026966.0,88,53
18027027.0,68,61
18027085.0,101,59
18027147.0,93,53
18027202.0,87,55
18027212.0,97,67
18027227.0,100,66
18027280.0,93,51
18027282.0,98,55
18027312.0,88,52
18027331.0,91,48
18027335.0,96,50
18027613.0,90,60
18027678.0,86,53
18027745.0,68,66
18027750.0,93,51
18027807.0,89,51
18027825.0,95,52
18027855.0,101,58
18027900.0,97,52
18027909.0,94,48
18027923.0,88,50
18027925.0,90,58
18027938.0,89,54
18027939.0,89,48
18027949.0,95,49
18027963.0,92,49
18028055.0,87,59
18028075.0,91,59
18028075.0,101,60
18028103.0,89,52
18028174.0,88,56
18028176.0,94,64
18028197.0,94,52
18028218.0,96,52
18028231.0,97,53
18028250.0,91,54
18028265.0,89,57
18028384.0,96,64
18028392.0,86,52
18028393.0,94,50
18028413.0,99,55
18028429.0,96,50
18028510.0,102,60
18028540.0,91,48
18028548.0,90,53
18028572.0,87,51
18028573.0,98,54
18028619.0,93,66
18028626.0,88,58
18028667.0,92,52
18028688.0,91,55
18028712.0,90,59
18028755.0,89,61
18028771.0,89,57
18028817.0,90,49
18028971.0,103,65
18029064.0,90,49
18029104.0,90,55
18029169.0,93,50
18029189.0,91,50
18029228.0,87,54
18029242.0,97,52
18029314.0,88,60
18029333.0,92,49
18029369.0,90,61
18029430.0,88,52
18029445.0,88,49
18029508.0,106,72
18029542.0,89,53
18029562.0,89,51
18029625.0,91,62
18029706.0,98,53
18029729.0,89,48
18029771.0,94,63
18029785.0,97,51
18029817.0,95,52
18029897.0,94,53
18029904.0,86,51
18029922.0,87,51
18030043.0,100,56
18030061.0,104,66
18030082.0,94,66
18030083.0,91,62
18030100.0,58,66
18030118.0,95,53
18030123.0,106,74
18030142.0,93,50
18030231.0,95,51
18030241.0,91,54
18030250.0,89,54
18030260.0,89,58
18030261.0,87,50
18030277.0,86,52
18030363.0,91,55
18030385.0,94,51
18030391.0,90,54
18030393.0,97,51
18030440.0,94,49
18030520.0,90,48
18030530.0,88,58
18030549.0,88,48
18030571.0,88,59
18030675.0,96,49
18030675.0,95,53
18030744.0,87,53
18030798.0,88,51
18030824.0,86,52
18030859.0,88,57
18030892.0,94,52
18030896.0,96,53
18030918.0,98,53
18030979.0,101,57
18031040.0,88,55
18031058.0,91,49
18031216.0,91,50
18031280.0,89,50
18031282.0,90,52
18031336.0,92,48
18031368.0,90,57
18031426.0,93,49
18031501.0,91,55
18031516.0,100,55
18031571.0,93,63
18031639.0,91,58
18031676.0,92,62
18031708.0,91,47
18031777.0,89,52
18031782.0,95,52
18031784.0,99,54
18031850.0,102,61
18031879.0,101,61
18031910.0,90,59
18032004.0,103,63
18032030.0,87,50
18032050.0,93,64
18032093.0,91,53
18032120.0,95,50
18032198.0,86,49
18032204.0,102,63
18032274.0,94,48
18032277.0,89,60
18032280.0,95,48
18032313.0,90,49
18032316.0,89,56
18032517.0,97,50
18032563.0,96,49
18032581.0,89,52
18032628.0,96,52
18032645.0,94,50
18032749.0,98,52
18032820.0,97,65
18032869.0,89,58
18032875.0,95,51
18032917.0,86,49
18033079.0,91,59
18033083.0,102,64
18033101.0,94,51
18033108.0,98,54
18033111.0,91,49
18033131.0,88,50
18033154.0,86,51
18033231.0,95,52
18033290.0,92,55
18033295.0,90,48
18033298.0,99,54
18033366.0,89,49
18033457.0,91,54
18033483.0,92,47
18033507.0,90,51
18033571.0,96,48
18033604.0,92,48
18033604.0,91,62
18033667.0,100,55
18033667.0,89,59
18033684.0,90,58
18033696.0,92,54
18033825.0,88,57
18033827.0,87,52
18033860.0,94,50
18033948.0,87,51
18033959.0,90,57
18034006.0,89,51
18034007.0,88,49
18034012.0,89,50
18034074.0,96,52
18034082.0,102,60
18034090.0,91,48
18034117.0,90,53
18034150.0,97,52
18034152.0,95,49
18034156.0,94,63
18034175.0,98,53
18034226.0,90,47
18034267.0,99,56
18034273.0,102,65
18034276.0,93,48
18034278.0,91,58
18034315.0,91,54
18034389.0,94,53
18034392.0,91,61
18034403.0,93,51
18034497.0,91,53
18034501.0,91,50
18034512.0,88,58
18034537.0,97,50
18034549.0,88,49
18034597.0,96,51
18034614.0,98,51
18034616.0,90,54
18034618.0,90,56
18034678.0,87,49
18034733.0,95,51
18034750.0,89,57
18034938.0,92,58
18034979.0,92,55
18034991.0,89,55
18034997.0,100,55
18034999.0,93,49
18035019.0,86,49
18035026.0,97,49
18035029.0,96,48
18035030.0,87,50
18035033.0,87,49
18035040.0,102,66
18035041.0,93,48
18035092.0,92,49
18035107.0,90,50
18035135.0,90,60
18035155.0,99,53
18035183.0,96,53
18035195.0,91,57
18035249.0,101,56
18035251.0,95,49
18035259.0,102,58
18035277.0,89,48
18035361.0,88,53
18035448.0,87,51
18035528.0,91,48
18035661.0,89,50
18035710.0,91,52
18035885.0,89,57
18035905.0,92,47
18035956.0,90,52
18036039.0,97,53
18036096.0,92,61
18036240.0,97,63
18036244.0,94,49
18036250.0,98,51
18036292.0,92,54
18036295.0,89,58
18036354.0,95,51
18036371.0,88,52
18036371.0,93,52
18036373.0,88,50
18036397.0,100,54
18036409.0,89,50
18036452.0,101,58
18036456.0,93,62
18036457.0,94,53
18036488.0,100,58
18036489.0,97,49
18036523.0,93,47
18036544.0,95,48
18036565.0,95,63
18036586.0,87,50
18036641.0,96,50
18036650.0,100,57
18036687.0,91,58
18036713.0,69,53
18036713.0,92,49
18036732.0,100,56
18036741.0,88,49
18036746.0,96,52
18036945.0,103,61
18036959.0,88,59
18037002.0,96,51
18037031.0,98,50
18037049.0,69,52
18037054.0,89,54
18037094.0,90,57
18037110.0,88,58
18037146.0,91,53
18037168.0,93,47
18037185.0,101,56
18037208.0,93,51
18037254.0,97,48
18037264.0,103,60
18037332.0,52,55
18037343.0,92,48
18037390.0,97,52
18037432.0,69,52
18037589.0,89,51
18037654.0,90,52
18037660.0,92,54
18037664.0,90,49
18037667.0,106,68
18037668.0,88,59
18037671.0,86,49
18037717.0,94,62
18037726.0,90,47
18037738.0,92,62
18037743.0,91,58
18037764.0,100,54
18037786.0,89,57
18037855.0,91,47
18037907.0,84,76
18037923.0,90,49
18037929.0,86,76
18037956.0,107,70
18037986.0,92,53
18038003.0,87,58
18038006.0,96,47
18038019.0,95,53
18038028.0,91,53
18038046.0,95,50
18038060.0,90,55
18038073.0,93,49
18038143.0,96,49
18038226.0,102,58
18038251.0,87,58
18038375.0,52,54
18038408.0,91,57
18038420.0,92,57
18038433.0,89,49
18038445.0,90,49
18038459.0,98,49
18038460.0,91,51
18038469.0,90,51
18038485.0,91,50
18038491.0,97,52
18038497.0,93,61
18038519.0,90,56
18038540.0,99,53
18038544.0,91,56
18038567.0,102,57
18038582.0,87,51
18038599.0,96,51
18038602.0,94,48
18038680.0,95,49
18038758.0,92,52
18038821.0,97,52
18038867.0,92,47
18038884.0,87,51
18038912.0,91,57
18038960.0,90,57
18039007.0,90,49
18039012.0,93,54
18039034.0,89,54
18039098.0,92,48
18039262.0,88,51
18039273.0,92,49
18039290.0,96,52
18039327.0,90,48
18039381.0,91,52
18039403.0,88,50
18039502.0,94,51
18039585.0,90,49
18039600.0,96,51
18039637.0,95,62
18039644.0,97,51
18039673.0,102,57
18039736.0,102,66
18039747.0,88,57
18039778.0,90,47
18039851.0,106,69
18039875.0,94,47
18039876.0,89,58
18039880.0,98,50
18039928.0,101,56
18040014.0,91,46
18040022.0,89,53
18040038.0,90,49
18040080.0,105,69
18040138.0,90,50
18040150.0,92,56
18040169.0,97,53
18040252.0,89,57
18040273.0,96,63
18040292.0,92,53
18040300.0,95,49
18040302.0,90,59
18040306.0,89,56
18040417.0,93,49
18040462.0,104,65
18040491.0,102,65
18040525.0,89,49
18040556.0,96,62
18040664.0,96,48
18040720.0,97,50
18040732.0,101,55
18040736.0,99,50
18040751.0,93,46
18040757.0,91,50
18040760.0,93,48
18040801.0,91,56
18040850.0,98,48
18040877.0,99,51
18040911.0,92,54
18040915.0,93,57
18040960.0,93,53
18041068.0,90,47
18041144.0,92,47
18041153.0,90,60
18041197.0,91,51
18041199.0,88,50
18041233.0,100,53
18041250.0,99,50
18041319.0,91,49
18041327.0,104,64
18041386.0,103,60
18041394.0,89,52
18041397.0,89,56
18041404.0,97,47
18041405.0,88,49
18041504.0,92,60
18041555.0,90,54
18041605.0,92,57
18041677.0,90,49
18041687.0,98,48
18041691.0,92,53
18041742.0,92,51
18041752.0,96,47
18041856.0,107,71
18041880.0,95,48
18041888.0,91,51
18042026.0,93,54
18042052.0,91,46
18042080.0,90,56
18042112.0,93,52
18042122.0,91,55
18042145.0,102,56
18042158.0,92,56
18042218.0,89,51
18042248.0,91,57
18042354.0,101,55
18042376.0,90,58
18042473.0,103,59
18042494.0,97,49
18042582.0,94,49
18042605.0,97,63
18042632.0,100,54
18042652.0,91,48
18042762.0,103,58
18042791.0,98,52
18042811.0,99,49
18042887.0,96,50
18042907.0,91,50
18042913.0,94,58
18042964.0,89,57
18042978.0,92,50
18042982.0,89,59
18043023.0,91,55
18043043.0,103,59
18043053.0,101,54
18043067.0,106,76
18043305.0,100,53
18043319.0,98,47
18043420.0,100,52
18043454.0,96,49
18043475.0,92,46
18043528.0,102,56
18043582.0,90,57
18043596.0,92,48
18043607.0,93,48
18043663.0,99,50
18043669.0,97,48
18043740.0,97,50
18043770.0,93,61
18043807.0,92,49
18043839.0,94,49
18043898.0,94,60
18044026.0,95,47
18044031.0,93,60
18044068.0,95,50
18044076.0,94,47
18044109.0,91,59
18044127.0,98,47
18044141.0,99,49
18044191.0,91,54
18044207.0,97,51
18044212.0,97,52
18044226.0,98,51
18044252.0,100,51
18044255.0,93,46
18044263.0,97,50
18044300.0,91,49
18044320.0,95,50
18044349.0,91,50
18044377.0,95,62
18044405.0,90,53
18044409.0,91,56
18044446.0,92,57
18044467.0,92,58
18044615.0,90,48
18044615.0,106,75
18044682.0,98,50
18044687.0,92,61
18044690.0,89,49
18044691.0,103,60
18044792.0,92,56
18044818.0,89,51
18044841.0,91,47
18044856.0,95,50
18044882.0,100,52
18044883.0,99,48
18044892.0,103,58
18045067.0,95,61
18045074.0,62,118
18045106.0,99,51
18045127.0,100,51
18045128.0,89,56
18045152.0,92,52
18045181.0,98,63
18045182.0,95,50
18045193.0,95,47
18045231.0,96,48
18045249.0,93,57
18045296.0,89,51
18045302.0,102,57
18045406.0,61,118
18045408.0,93,53
18045430.0,103,57
18045433.0,91,46
18045495.0,93,51
18045614.0,94,53
18045640.0,95,50
18045672.0,95,46
18045679.0,104,64
18045688.0,90,52
18045715.0,92,51
18045715.0,100,50
18045761.0,91,49
18045784.0,103,62
18045826.0,107,70
18045940.0,104,61
18045961.0,97,62
18045971.0,97,47
18046044.0,99,48
18046062.0,89,51
18046073.0,101,54
18046095.0,92,48
18046146.0,93,56
18046197.0,92,49
18046206.0,103,62
18046274.0,97,50
18046390.0,92,55
18046393.0,104,63
18046406.0,95,46
18046426.0,93,57
18046432.0,94,47
18046499.0,98,50
18046505.0,90,48
18046506.0,96,62
18046508.0,98,49
18046511.0,96,63
18046559.0,101,57
18046576.0,103,65
18046601.0,89,49
18046617.0,101,53
18046627.0,102,55
18046648.0,93,52
18046672.0,89,51
18046680.0,91,56
18046694.0,104,62
18046703.0,102,63
18046792.0,96,62
18046881.0,96,47
18046943.0,94,61
18046944.0,94,52
18047069.0,104,67
18047074.0,102,65
18047096.0,98,64
18047206.0,93,50
18047221.0,90,51
18047225.0,91,54
18047233.0,100,49
18047257.0,89,51
18047282.0,100,51
18047295.0,92,56
18047323.0,96,62
18047336.0,90,57
18047412.0,106,70
18047421.0,101,52
18047427.0,90,55
18047454.0,100,50
18047485.0,99,47
18047510.0,91,48
18047511.0,92,47
18047588.0,103,56
18047768.0,93,52
18047774.0,91,53
18047814.0,97,49
18047867.0,91,58
18047868.0,91,54
18047873.0,89,56
18047894.0,96,62
18047902.0,91,57
18047903.0,92,54
18047938.0,102,54
18047946.0,93,56
18047984.0,93,45
18048048.0,100,49
18048068.0,103,67
18048071.0,99,52
18048124.0,95,48
18048127.0,94,47
18048159.0,99,63
18048189.0,90,56
18048200.0,98,62
18048217.0,90,50
18048217.0,92,50
18048483.0,91,55
18048483.0,93,49
18048552.0,101,53
18048574.0,98,48
18048660.0,98,51
18048716.0,94,46
18048722.0,103,57
18048769.0,99,51
18048837.0,92,49
18048901.0,100,48
18048914.0,91,47
18048918.0,92,46
18048983.0,97,48
18049059.0,94,51
18049078.0,94,53
18049113.0,98,47
18049115.0,102,68
18049233.0,95,47
18049236.0,93,60
18049257.0,101,52
18049258.0,96,46
18049267.0,97,52
18049284.0,91,52
18049327.0,97,50
18049358.0,92,58
18049388.0,95,48
18049413.0,94,48
18049421.0,101,50
18049424.0,98,49
18049498.0,94,52
18049543.0,104,59
18049614.0,55,51
18049628.0,100,49
18049652.0,99,50
18049750.0,103,61
18049759.0,101,51
18049791.0,70,60
18049797.0,93,55
18049818.0,102,54
18049828.0,90,48
18049931.0,90,49
18050004.0,91,47
18050060.0,98,49
18050097.0,93,51
18050129.0,98,63
18050140.0,97,49
18050146.0,91,55
18050195.0,90,49
18050287.0,91,56
18050327.0,95,45
18050377.0,93,48
18050394.0,99,67
18050406.0,95,60
18050433.0,92,54
18050455.0,92,48
18050474.0,94,52
18050502.0,95,53
18050522.0,93,59
18050530.0,94,46
18050534.0,98,50
18050541.0,92,60
18050573.0,91,57
18050601.0,94,45
18050611.0,100,48
18050637.0,91,47
18050652.0,101,50
18050694.0,93,47
18050770.0,92,53
18050777.0,93,57
18050785.0,93,59
18050790.0,92,49
18050811.0,94,60
18050832.0,104,58
18050839.0,97,47
18050857.0,97,62
18050864.0,92,60
18050923.0,99,49
18050941.0,99,50
18051040.0,96,45
18051078.0,92,55
18051108.0,94,50
18051145.0,106,74
18051153.0,93,50
18051270.0,101,49
18051301.0,94,56
18051311.0,101,52
18051327.0,99,49
18051432.0,100,47
18051505.0,99,66
18051507.0,95,46
18051517.0,92,56
18051529.0,94,52
18051616.0,93,56
18051656.0,99,48
18051667.0,102,53
18051681.0,98,49
18051741.0,103,55
18051814.0,90,55
18051830.0,94,53
18051894.0,101,49
18051985.0,93,58
18051993.0,104,58
18051998.0,92,47
18052003.0,94,51
18052056.0,94,55
18052096.0,97,46
18052123.0,95,47
18052201.0,93,81
18052222.0,96,45
18052292.0,103,58
18052303.0,97,63
18052337.0,97,48
18052365.0,95,52
18052369.0,104,57
18052377.0,94,45
18052392.0,97,50
18052460.0,94,58
18052471.0,93,46
18052478.0,91,50
18052527.0,103,55
18052643.0,94,49
18052647.0,60,46
18052653.0,97,46
18052663.0,61,46
18052673.0,91,56
18052789.0,94,51
18052800.0,91,54
18052819.0,107,68
18052824.0,98,48
18052830.0,91,51
18052944.0,101,51
18052986.0,99,48
18053083.0,92,52
18053197.0,94,59
18053204.0,91,51
18053207.0,60,45
18053209.0,99,51
18053214.0,104,57
18053218.0,60,46
18053257.0,102,53
18053330.0,100,52
18053339.0,91,55
18053384.0,101,48
18053417.0,91,49
18053419.0,55,54
18053502.0,94,48
18053518.0,93,48
18053545.0,99,47
18053551.0,97,47
18053571.0,93,88
18053592.0,102,51
18053622.0,94,51
18053648.0,92,57
18053650.0,91,54
18053652.0,100,51
18053680.0,99,50
18053781.0,93,49
18053836.0,95,50
18053845.0,93,55
18053866.0,93,45
18053894.0,93,54
18053940.0,102,52
18053989.0,103,54
18054017.0,94,55
18054036.0,97,45
18054147.0,98,47
18054165.0,97,62
18054303.0,95,53
18054345.0,97,49
18054394.0,101,68
18054400.0,98,50
18054412.0,66,49
18054468.0,92,54
18054485.0,99,52
18054489.0,92,53
18054494.0,102,54
18054494.0,98,63
18054539.0,95,51
18054580.0,95,60
18054615.0,94,47
18054644.0,91,48
18054662.0,96,60
18054668.0,100,50
18054672.0,101,47
18054682.0,99,50
18054729.0,54,54
18054810.0,93,58
18054829.0,94,49
18054845.0,95,59
18054872.0,102,51
18054941.0,93,57
18054947.0,95,46
18055021.0,93,50
18055043.0,104,56
18055059.0,55,55
18055090.0,94,50
18055122.0,94,56
18055164.0,95,52
18055205.0,95,45
18055240.0,102,50
18055308.0,91,47
18055319.0,99,62
18055340.0,91,55
18055387.0,93,47
18055400.0,92,56
18055420.0,95,56
18055425.0,96,45
18055480.0,100,49
18055489.0,100,52
18055496.0,92,46
18055551.0,102,49
18055562.0,98,46
18055649.0,90,48
18055676.0,92,51
18055687.0,99,49
18055705.0,98,47
18055907.0,97,61
18055943.0,100,48
18055968.0,95,52
18055974.0,98,48
18055977.0,91,56
18055999.0,94,58
18056036.0,98,62
18056082.0,93,51
18056111.0,93,53
18056135.0,97,48
18056265.0,99,48
18056265.0,97,45
18056269.0,96,47
18056289.0,92,54
18056345.0,103,56
18056345.0,92,50
18056570.0,94,49
18056651.0,102,49
18056697.0,93,47
18056732.0,93,48
18056770.0,94,45
18056797.0,96,52
18056814.0,94,46
18056853.0,104,66
18056892.0,104,61
18056896.0,105,63
18056904.0,103,54
18056955.0,97,47
18056971.0,95,51
18056984.0,102,48
18056986.0,94,54
18056996.0,92,49
18057036.0,102,51
18057044.0,98,45
18057104.0,93,46
18057198.0,102,52
18057212.0,105,60
18057216.0,103,66
18057227.0,95,49
18057347.0,97,48
18057373.0,100,47
18057395.0,99,48
18057409.0,97,49
18057458.0,95,50
18057475.0,98,63
18057561.0,93,57
18057635.0,98,50
18057638.0,105,64
18057678.0,102,50
18057696.0,99,50
18057724.0,105,65
18057739.0,104,55
18057756.0,104,56
18057827.0,104,59
18057895.0,95,55
18057907.0,100,51
18057956.0,93,59
18057989.0,93,55
18058000.0,104,63
18058012.0,93,54
18058111.0,95,48
18058124.0,99,47
18058136.0,104,62
18058175.0,91,54
18058178.0,95,44
18058196.0,104,57
18058216.0,100,52
18058234.0,97,50
18058257.0,95,50
18058259.0,102,47
18058292.0,101,51
18058329.0,94,48
18058446.0,96,51
18058472.0,95,51
18058504.0,95,47
18058513.0,70,58
18058526.0,92,47
18058540.0,56,54
18058584.0,103,53
18058640.0,92,53
18058649.0,96,45
18058705.0,103,52
18058745.0,103,50
18058753.0,92,56
18058754.0,100,50
18058763.0,99,47
18058852.0,95,46
18058870.0,92,55
18058897.0,92,46
18058897.0,92,48
18058904.0,96,56
18058978.0,101,50
18059120.0,94,47
18059130.0,103,51
18059135.0,97,46
18059139.0,102,48
18059163.0,93,51
18059174.0,98,62
18059182.0,105,62
18059216.0,94,53
18059238.0,105,58
18059287.0,97,47
18059326.0,101,49
18059371.0,94,59
18059375.0,105,61
18059378.0,103,52
18059380.0,101,51
18059432.0,97,46
18059438.0,95,50
18059444.0,98,48
18059471.0,104,55
18059484.0,96,59
18059487.0,94,58
18059502.0,99,46
18059543.0,96,52
18059550.0,94,49
18059582.0,90,55
18059589.0,93,50
18059621.0,103,50
18059668.0,93,59
18059733.0,98,50
18059823.0,94,55
18059840.0,96,50
18059889.0,97,45
18059908.0,104,54
18059918.0,93,54
18059948.0,95,59
18059970.0,92,53
18060033.0,94,46
18060065.0,97,61
18060072.0,103,49
18060089.0,96,44
18060095.0,94,57
18060116.0,95,45
18060153.0,105,59
18060209.0,98,47
18060237.0,102,47
18060276.0,100,49
18060297.0,103,51
18060338.0,101,48
18060447.0,92,54
18060497.0,97,60
18060508.0,94,54
18060511.0,97,45
18060526.0,95,58
18060583.0,104,58
18060605.0,100,48
18060629.0,95,49
18060725.0,93,53
18060764.0,95,44
18060947.0,96,51
18060950.0,95,54
18060982.0,105,63
18060986.0,94,53
18060989.0,93,49
18061003.0,99,51
18061023.0,103,48
18061129.0,98,61
18061210.0,105,58
18061279.0,101,47
18061298.0,100,47
18061324.0,93,55
18061358.0,94,53
18061426.0,102,46
18061454.0,93,48
18061484.0,99,62
18061529.0,94,52
18061554.0,95,48
18061578.0,104,65
18061622.0,100,48
18061629.0,96,55
18061674.0,95,46
18061703.0,103,48
18061707.0,97,46
18061731.0,93,50
18061737.0,96,48
18061741.0,105,57
18061862.0,104,64
18061950.0,96,60
18061952.0,93,50
18061953.0,96,49
18061969.0,104,53
18061983.0,103,47
18061991.0,100,47
18062055.0,96,47
18062075.0,94,53
18062103.0,100,49
18062173.0,97,51
18062258.0,98,47
18062260.0,99,50
18062323.0,98,46
18062329.0,97,44
18062351.0,93,47
18062353.0,103,57
18062377.0,68,53
18062381.0,69,52
18062412.0,97,45
18062417.0,105,57
18062426.0,96,50
18062443.0,99,50
18062461.0,94,53
18062604.0,93,53
18062649.0,107,69
18062662.0,98,45
18062726.0,93,56
18062760.0,97,50
18062773.0,99,44
18062793.0,100,62
18062839.0,101,50
18062843.0,94,45
18062850.0,96,46
18062861.0,105,59
18062884.0,95,46
18062936.0,99,46
18062954.0,98,48
18063027.0,98,62
18063045.0,108,70
18063064.0,94,57
18063174.0,99,51
18063196.0,95,47
18063200.0,95,53
18063202.0,93,86
18063207.0,105,56
18063253.0,94,51
18063302.0,96,50
18063304.0,93,48
18063336.0,100,46
18063338.0,102,50
18063355.0,93,49
18063438.0,93,54
18063461.0,108,69
18063520.0,95,58
18063530.0,93,46
18063580.0,104,50
18063586.0,108,71
18063602.0,102,49
18063605.0,102,48
18063756.0,93,49
18063788.0,103,47
18063796.0,99,48
18063834.0,103,49
18063851.0,97,44
18063887.0,95,48
18063918.0,98,49
18063920.0,96,58
18063928.0,98,46
18063931.0,102,51
18063947.0,94,56
18063954.0,96,45
18063970.0,96,44
18064024.0,63,62
18064048.0,102,47
18064126.0,100,45
18064189.0,96,49
18064191.0,104,51
18064229.0,97,60
18064266.0,99,47
18064272.0,104,49
18064280.0,101,49
18064306.0,98,45
18064307.0,100,61
18064311.0,104,52
18064338.0,103,46
18064401.0,95,55
18064460.0,104,50
18064503.0,92,54
18064506.0,92,52
18064533.0,93,49
18064539.0,105,55
18064542.0,94,53
18064579.0,97,49
18064605.0,101,51
18064635.0,101,48
18064719.0,107,71
18064798.0,96,59
18064808.0,101,50
18064866.0,94,50
18064910.0,102,46
18064928.0,104,48
18065043.0,95,52
18065056.0,93,49
18065086.0,99,61
18065110.0,95,46
18065121.0,98,44
18065201.0,93,52
18065222.0,104,49
18065243.0,96,48
18065256.0,97,48
18065276.0,92,53
18065277.0,97,51
18065282.0,94,48
18065354.0,93,55
18065355.0,95,52
18065428.0,99,48
18065441.0,95,57
18065462.0,94,48
18065466.0,104,52
18065554.0,103,63
18065571.0,101,47
18065584.0,104,51
18065677.0,97,59
18065727.0,95,45
18065729.0,105,54
18065774.0,97,48
18065779.0,100,44
18065842.0,94,49
18065877.0,104,47
18065925.0,98,44
18065927.0,99,46
18065980.0,104,48
18065999.0,97,47
18066025.0,92,88
18066078.0,96,54
18066096.0,105,56
18066104.0,95,52
18066196.0,97,46
18066198.0,101,47
18066215.0,95,54
18066285.0,94,47
18066377.0,94,48
18066432.0,104,55
18066442.0,93,54
18066447.0,99,45
18066572.0,97,48
18066584.0,94,48
18066594.0,100,45
18066612.0,94,55
18066628.0,98,43
18066668.0,99,47
18066696.0,95,51
18066701.0,101,46
18066788.0,101,49
18066913.0,94,46
18067039.0,103,49
18067073.0,97,48
18067082.0,98,61
18067099.0,99,46
18067120.0,96,44
18067143.0,104,63
18067148.0,100,48
18067154.0,93,52
18067170.0,106,61
18067171.0,94,45
18067249.0,100,44
18067312.0,101,45
18067317.0,104,47
18067361.0,99,44
18067372.0,97,44
18067405.0,97,45
18067440.0,93,53
18067459.0,106,60
18067469.0,105,59
18067472.0,103,48
18067519.0,105,54
18067550.0,101,48
18067594.0,98,51
18067608.0,97,55
18067648.0,100,49
18067653.0,96,45
18067655.0,104,46
18067675.0,99,44
18067682.0,96,46
18067710.0,97,48
18067712.0,95,53
18067774.0,96,58
18067842.0,103,50
18067897.0,104,54
18067902.0,103,49
18067908.0,100,49
18067911.0,95,57
18068021.0,97,51
18068027.0,98,43
18068103.0,105,53
18068124.0,99,45
18068139.0,92,52
18068184.0,101,45
18068231.0,105,60
18068264.0,102,50
18068279.0,105,51
18068343.0,105,49
18068355.0,102,49
18068359.0,96,53
18068436.0,98,49
18068490.0,103,47
18068510.0,103,51
18068546.0,100,47
18068555.0,98,68
18068611.0,91,53
18068657.0,98,50
18068697.0,102,48
18068699.0,105,55
18068802.0,105,48
18068818.0,84,77
18068839.0,94,52
18068847.0,102,51
18068859.0,106,57
18068979.0,103,46
18068993.0,105,63
18069065.0,106,66
18069068.0,106,58
18069096.0,91,53
18069126.0,98,52
18069159.0,101,44
18069216.0,57,50
18069269.0,95,56
18069284.0,105,47
18069289.0,106,56
18069295.0,96,47
18069353.0,102,49
18069370.0,91,53
18069371.0,99,49
18069445.0,100,45
18069462.0,107,67
18069516.0,105,51
18069637.0,106,61
18069692.0,95,51
18069719.0,106,59
18069780.0,105,50
18069788.0,102,47
18069788.0,105,66
18069793.0,105,48
18069799.0,98,51
18069821.0,90,81
18069826.0,100,46
18069837.0,95,48
18069840.0,105,47
18069848.0,105,52
18069851.0,98,48
18069864.0,97,49
18070001.0,99,44
18070014.0,106,62
18070021.0,104,62
18070028.0,105,58
18070042.0,100,47
18070051.0,97,48
18070075.0,98,46
18070084.0,95,47
18070106.0,95,46
18070119.0,105,49
18070128.0,102,46
18070186.0,104,64
18070286.0,104,53
18070299.0,95,49
18070327.0,103,50
18070338.0,105,57
18070368.0,100,44
18070391.0,95,55
18070444.0,95,45
18070450.0,95,52
18070458.0,106,58
18070509.0,106,56
18070517.0,96,52
18070522.0,97,59
18070529.0,102,45
18070603.0,104,67
18070640.0,93,51
18070759.0,98,50
18070936.0,105,54
18070990.0,98,45
18071000.0,98,47
18071005.0,98,49
18071011.0,94,54
18071012.0,105,46
18071024.0,94,53
18071035.0,100,46
18071117.0,99,43
18071126.0,98,46
18071140.0,102,85
18071159.0,99,61
18071169.0,97,45
18071218.0,93,52
18071227.0,97,47
18071229.0,105,53
18071236.0,102,48
18071266.0,101,50
18071290.0,99,45
18071294.0,106,57
18071308.0,102,45
18071326.0,101,49
18071367.0,101,84
18071372.0,97,46
18071392.0,98,44
18071431.0,105,61
18071453.0,106,65
18071464.0,94,51
18071484.0,99,61
18071485.0,98,46
18071487.0,105,52
18071524.0,104,48
18071536.0,106,63
18071536.0,104,47
18071538.0,86,53
18071620.0,96,54
18071727.0,102,46
18071739.0,98,43
18071800.0,102,44
18071875.0,104,49
18071895.0,96,51
18071914.0,87,53
18071929.0,104,56
18071929.0,96,53
18071936.0,105,51
18072081.0,100,44
18072083.0,106,64
18072130.0,106,55
18072192.0,105,46
18072193.0,103,50
18072206.0,99,61
18072218.0,98,49
18072223.0,103,51
18072328.0,104,66
18072407.0,106,47
18072439.0,98,50
18072463.0,87,53
18072485.0,101,47
18072539.0,97,44
18072560.0,101,50
18072589.0,96,50
18072617.0,101,48
18072626.0,106,66
18072664.0,97,53
18072716.0,106,54
18072728.0,106,50
18072742.0,106,48
18072772.0,99,49
18072796.0,98,49
18072804.0,103,48
18072851.0,94,51
18072856.0,104,50
18072872.0,87,53
18073050.0,102,44
18073110.0,103,50
18073118.0,98,60
18073128.0,103,49
18073223.0,100,45
18073321.0,103,47
18073347.0,106,51
18073400.0,106,47
18073405.0,105,66
18073490.0,97,58
18073492.0,95,55
18073496.0,95,51
18073507.0,101,48
18073523.0,106,54
18073529.0,99,50
18073551.0,106,48
18073604.0,106,49
18073626.0,106,60
18073724.0,101,65
18073725.0,98,54
18073735.0,98,59
18073741.0,104,51
18073789.0,101,45
18073795.0,106,53
18073808.0,99,45
18073912.0,106,56
18073940.0,100,61
18073991.0,103,46
18074062.0,98,48
18074195.0,103,51
18074205.0,101,44
18074217.0,104,46
18074322.0,101,47
18074335.0,103,47
18074337.0,106,52
18074379.0,103,45
18074461.0,94,52
18074477.0,99,44
18074477.0,99,60
18074572.0,99,47
18074587.0,93,52
18074599.0,96,56
18074605.0,93,51
18074618.0,98,45
18074676.0,99,49
18074720.0,97,45
18074726.0,97,57
18074757.0,106,50
18074759.0,100,43
18074770.0,99,46
18074818.0,96,52
18074853.0,106,51
18074884.0,101,49
18074884.0,93,51
18074927.0,99,49
18074932.0,99,48
18074956.0,55,63
18074973.0,93,52
18074995.0,96,46
18075056.0,106,53
18075070.0,103,44
18075075.0,99,47
18075093.0,96,48
18075098.0,97,51
18075173.0,98,44
18075192.0,99,43
18075201.0,96,49
18075242.0,103,46
18075248.0,96,45
18075274.0,101,44
18075285.0,101,45
18075293.0,106,61
18075363.0,105,48
18075383.0,106,55
18075397.0,101,48
18075441.0,105,47
18075482.0,96,46
18075489.0,106,46
18075758.0,105,46
18075771.0,102,46
18075892.0,99,50
18075916.0,105,49
18075938.0,95,51
18076013.0,98,46
18076070.0,102,46
18076329.0,98,53
18076358.0,105,46
18076371.0,98,58
18076382.0,99,49
18076398.0,99,59
18076474.0,94,50
18076600.0,102,47
18076611.0,107,47
18076646.0,102,48
18076700.0,96,55
18076709.0,102,50
18076843.0,107,50
18076919.0,102,45
18076928.0,107,48
18076942.0,97,50
18076943.0,102,50
18076945.0,103,44
18076972.0,90,88
18077073.0,102,46
18077082.0,106,56
18077117.0,104,48
18077122.0,95,53
18077139.0,104,46
18077140.0,104,50
18077238.0,97,51
18077259.0,102,44
18077307.0,98,52
18077313.0,97,52
18077316.0,101,45
18077338.0,99,48
18077351.0,104,47
18077383.0,104,51
18077401.0,107,49
18077413.0,95,53
18077465.0,107,51
18077479.0,106,52
18077520.0,94,51
18077609.0,107,56
18077665.0,97,57
18077668.0,105,50
18077687.0,107,48
18077693.0,102,48
18077703.0,104,45
18077725.0,107,50
18077728.0,103,45
18077736.0,104,49
18077739.0,104,50
18077747.0,102,47
18077752.0,99,49
18077852.0,107,47
18077905.0,95,53
18077970.0,102,46
18077990.0,100,50
18078023.0,95,50
18078047.0,107,55
18078074.0,99,47
18078076.0,96,51
18078083.0,101,43
18078089.0,108,51
18078113.0,97,53
18078120.0,105,49
18078131.0,105,51
18078146.0,104,44
18078236.0,100,49
18078275.0,101,46
18078302.0,100,43
18078306.0,100,60
18078348.0,106,46
18078379.0,97,44
18078433.0,100,46
18078451.0,100,45
18078459.0,107,51
18078500.0,99,47
18078572.0,97,46
18078584.0,107,57
18078618.0,101,43
18078629.0,100,44
18078660.0,97,47
18078670.0,99,46
18078681.0,99,47
18078686.0,102,44
18078693.0,102,45
18078693.0,98,57
18078704.0,107,54
18078735.0,97,44
18078738.0,102,47
18078746.0,108,51
18078753.0,106,57
18078770.0,104,46
18078820.0,95,52
18078887.0,104,44
18078924.0,101,44
18078927.0,87,73
18078945.0,106,51
18078973.0,100,48
18079027.0,106,47
18079052.0,107,59
18079108.0,102,43
18079230.0,107,56
18079277.0,106,48
18079337.0,96,54
18079350.0,99,44
18079364.0,108,51
18079379.0,97,44
18079384.0,106,58
18079387.0,100,48
18079397.0,107,55
18079415.0,103,45
18079456.0,100,47
18079499.0,107,52
18079501.0,98,55
18079549.0,106,59
18079573.0,104,45
18079614.0,102,44
18079788.0,101,61
18079832.0,100,50
18079835.0,108,51
18079855.0,107,51
18079862.0,104,51
18079885.0,107,62
18080020.0,107,58
18080030.0,97,49
18080051.0,99,58
18080096.0,103,49
18080186.0,97,45
18080225.0,107,54
18080240.0,100,48
18080259.0,103,47
18080277.0,102,48
18080330.0,106,49
18080399.0,103,44
18080419.0,99,54
18080437.0,107,60
18080452.0,108,47
18080468.0,105,62
18080542.0,82,54
18080556.0,93,51
18080568.0,103,46
18080572.0,100,49
18080585.0,97,51
18080592.0,107,49
18080596.0,100,51
18080635.0,99,43
18080670.0,93,77
18080792.0,103,45
18080798.0,99,45
18080836.0,98,52
18080883.0,103,50
18080962.0,108,49
18080991.0,98,50
18081005.0,107,61
18081007.0,97,56
18081024.0,96,51
18081109.0,101,60
18081146.0,98,51
18081170.0,102,68
18081181.0,105,47
18081211.0,108,50
18081229.0,105,45
18081334.0,97,50
18081335.0,100,50
18081379.0,105,48
18081396.0,106,60
18081413.0,105,44
18081422.0,101,43
18081440.0,107,53
18081507.0,105,49
18081512.0,108,49
18081524.0,104,49
18081554.0,105,50
18081575.0,96,50
18081644.0,98,53
18081660.0,97,50
18081685.0,95,51
18081689.0,108,47
18081709.0,98,56
18081806.0,107,59
18081844.0,106,50
18081863.0,100,47
18081866.0,101,50
18081887.0,105,46
18081897.0,108,50
18081970.0,100,48
18081982.0,102,43
18082057.0,102,42
18082066.0,105,45
18082079.0,101,44
18082113.0,99,48
18082149.0,105,44
18082158.0,107,52
18082171.0,101,49
18082174.0,105,47
18082177.0,107,55
18082213.0,108,48
18082282.0,101,45
18082296.0,103,46
18082340.0,103,43
18082346.0,100,44
18082406.0,107,47
18082412.0,101,48
18082441.0,105,46
18082444.0,103,44
18082447.0,103,45
18082470.0,100,45
18082526.0,98,44
18082529.0,102,45
18082573.0,101,46
18082603.0,106,51
18082680.0,100,48
18082686.0,100,46
18082693.0,106,61
18082695.0,101,45
18082719.0,102,46
18082845.0,106,55
18082853.0,105,51
18082879.0,94,51
18082881.0,98,49
18082927.0,103,50
18082979.0,108,50
18082982.0,101,43
18083087.0,107,48
18083136.0,108,51
18083163.0,107,62
18083211.0,98,45
18083292.0,107,63
18083314.0,101,47
18083315.0,97,55
18083373.0,98,48
18083379.0,103,48
18083389.0,105,50
18083391.0,101,45
18083412.0,98,52
18083478.0,100,43
18083516.0,104,46
18083517.0,106,49
18083549.0,107,54
18083563.0,103,49
18083566.0,107,56
18083571.0,105,49
18083616.0,96,50
18083662.0,104,45
18083670.0,108,52
18083711.0,103,47
18083747.0,101,45
18083814.0,107,60
18083884.0,95,50
18084004.0,96,51
18084019.0,104,44
18084031.0,103,44
18084036.0,105,66
18084158.0,106,51
18084190.0,109,47
18084244.0,106,45
18084290.0,108,54
18084313.0,97,50
18084323.0,107,49
18084327.0,98,47
18084353.0,99,52
18084375.0,103,50
18084448.0,107,59
18084497.0,96,52
18084505.0,106,46
18084599.0,96,49
18084680.0,97,54
18084731.0,107,51
18084760.0,105,51
18084880.0,104,49
18084883.0,103,45
18084888.0,104,50
18084890.0,107,64
18084928.0,102,43
18084960.0,69,60
18084967.0,104,47
18085072.0,99,43
18085102.0,109,48
18085124.0,105,48
18085125.0,98,51
18085142.0,98,50
18085213.0,109,49
18085219.0,98,57
18085290.0,106,45
18085317.0,106,48
18085354.0,70,59
18085368.0,106,49
18085421.0,108,55
18085423.0,103,43
18085425.0,106,44
18085453.0,101,49
18085534.0,99,57
18085573.0,107,61
18085587.0,106,47
18085712.0,107,63
18085741.0,108,53
18085779.0,102,44
18085815.0,109,50
18085881.0,99,44
18085938.0,102,45
18085950.0,102,42
18085963.0,104,43
18085963.0,107,65
18085998.0,108,47
18086040.0,106,46
18086044.0,106,49
18086070.0,104,47
18086074.0,104,48
18086080.0,108,54
18086086.0,104,46
18086110.0,105,42
18086126.0,107,50
18086140.0,104,44
18086230.0,108,47
18086302.0,99,50
18086349.0,107,53
18086394.0,99,51
18086411.0,101,48
18086539.0,99,45
18086542.0,108,48
18086549.0,104,45
18086572.0,106,48
18086652.0,104,48
18086679.0,108,55
18086713.0,102,48
18086717.0,101,44
18086725.0,110,48
18086755.0,106,50
18086755.0,108,48
18086804.0,101,45
18086845.0,102,46
18086856.0,99,46
18086891.0,99,45
18086908.0,109,51
18086961.0,99,49
18087036.0,105,44
18087075.0,106,51
18087106.0,108,56
18087122.0,108,53
18087152.0,106,65
18087158.0,102,47
18087180.0,97,49
18087211.0,107,66
18087265.0,108,48
18087269.0,107,60
18087300.0,101,46
18087331.0,98,50
18087374.0,99,47
18087388.0,107,55
18087502.0,108,55
18087550.0,104,49
18087568.0,106,50
18087580.0,108,51
18087596.0,105,45
18087608.0,107,45
18087612.0,101,43
18087626.0,105,46
18087666.0,107,51
18087675.0,108,54
18087676.0,102,49
18087690.0,104,42
18087716.0,108,57
18087763.0,106,49
18087802.0,96,50
18087850.0,109,51
18087856.0,106,51
18087863.0,98,50
18087981.0,109,50
18088005.0,107,58
18088024.0,108,49
18088073.0,99,48
18088090.0,107,46
18088092.0,104,47
18088164.0,103,42
18088221.0,99,49
18088234.0,110,47
18088241.0,101,43
18088303.0,104,50
18088372.0,99,50
18088388.0,98,55
18088417.0,108,52
18088429.0,105,47
18088445.0,107,44
18088488.0,104,48
18088527.0,107,64
18088557.0,102,43
18088577.0,104,44
18088629.0,110,49
18088637.0,107,47
18088719.0,109,49
18088768.0,103,43
18088837.0,99,50
18088847.0,109,52
18088857.0,108,52
18088859.0,109,47
18088896.0,102,50
18088924.0,105,48
18088939.0,100,43
18088982.0,101,43
18089022.0,105,49
18089031.0,103,43
18089048.0,104,43
18089057.0,105,43
18089102.0,97,52
18089124.0,108,58
18089252.0,99,58
18089350.0,107,48
18089368.0,99,42
18089422.0,98,56
18089433.0,107,45
18089499.0,98,51
18089527.0,102,43
18089556.0,107,51
18089585.0,97,52
18089610.0,108,57
18089629.0,110,49
18089635.0,103,45
18089639.0,107,49
18089643.0,54,53
18089658.0,103,43
18089667.0,109,52
18089678.0,105,66
18089738.0,107,46
18089782.0,103,44
18089787.0,110,50
18089793.0,105,44
18089807.0,105,43
18089873.0,100,44
18089944.0,99,42
18089981.0,102,49
18089989.0,105,42
18090018.0,98,52
18090026.0,108,50
18090027.0,107,47
18090050.0,105,50
18090066.0,102,44
18090071.0,107,44
18090213.0,108,49
18090232.0,100,51
18090240.0,109,48
18090262.0,102,48
18090282.0,109,47
18090301.0,103,44
18090312.0,105,46
18090339.0,102,47
18090341.0,97,56
18090359.0,107,67
18090365.0,105,47
18090367.0,107,48
18090376.0,97,52
18090386.0,105,45
18090434.0,102,46
18090523.0,102,45
18090556.0,103,45
18090557.0,104,45
18090612.0,99,42
18090622.0,110,48
18090630.0,99,52
18090703.0,106,44
18090729.0,109,47
18090775.0,96,49
18090834.0,96,55
18090852.0,100,45
18090883.0,109,53
18090910.0,107,50
18090952.0,102,49
18090957.0,99,51
18090982.0,103,46
18090994.0,105,42
18091028.0,106,46
18091132.0,100,50
18091167.0,106,45
18091170.0,110,50
18091170.0,110,51
18091178.0,108,53
18091228.0,107,62
18091341.0,111,48
18091464.0,105,48
18091472.0,108,44
18091514.0,108,56
18091560.0,95,50
18091592.0,100,46
18091595.0,107,49
18091638.0,109,49
18091645.0,110,51
18091718.0,107,50
18091721.0,104,42
18091723.0,103,43
18091750.0,95,50
18091753.0,107,51
18091789.0,98,49
18091814.0,103,47
18091823.0,103,48
18091863.0,108,46
18091872.0,103,49
18091890.0,108,45
18091900.0,97,51
18091918.0,98,52
18091925.0,104,43
18091968.0,108,55
18092037.0,111,49
18092089.0,105,47
18092113.0,100,49
18092132.0,111,48
18092160.0,101,65
18092189.0,104,42
18092313.0,97,51
18092313.0,106,47
18092343.0,104,44
18092402.0,100,47
18092485.0,108,44
18092514.0,111,49
18092539.0,108,51
18092614.0,106,43
18092663.0,108,47
18092684.0,97,50
18092706.0,107,51
18092714.0,100,50
18092715.0,97,51
18092721.0,108,51
18092727.0,97,48
18092742.0,105,44
18092751.0,94,50
18092783.0,110,51
18092813.0,106,44
18092822.0,106,63
18092877.0,103,43
18092890.0,109,54
18092896.0,108,48
18092973.0,104,42
18092988.0,99,50
18093002.0,100,85
18093005.0,110,47
18093087.0,109,55
18093113.0,107,44
18093118.0,108,50
18093133.0,107,60
18093167.0,108,45
18093172.0,100,51
18093283.0,106,45
18093340.0,109,53
18093377.0,104,45
18093389.0,109,50
18093395.0,98,54
18093499.0,106,48
18093530.0,110,48
18093531.0,102,48
18093545.0,105,46
18093621.0,110,52
18093636.0,108,49
18093652.0,106,44
18093665.0,105,49
18093669.0,103,44
18093684.0,104,44
18093698.0,97,54
18093730.0,101,44
18093811.0,103,45
18093817.0,108,46
18093862.0,106,49
18093868.0,106,43
18093887.0,99,57
18093956.0,108,51
18093965.0,106,42
18094122.0,107,45
18094145.0,111,50
18094153.0,111,49
18094168.0,109,52
18094256.0,99,51
18094293.0,109,50
18094315.0,99,49
18094386.0,106,46
18094393.0,108,49
18094404.0,109,51
18094409.0,109,55
18094472.0,109,45
18094476.0,110,52
18094493.0,107,44
18094538.0,103,46
18094542.0,109,56
18094610.0,106,45
18094616.0,103,45
18094642.0,107,51
18094643.0,108,59
18094670.0,107,46
18094688.0,108,48
18094701.0,108,50
18094779.0,103,56
18094847.0,103,47
18094857.0,54,58
18094886.0,109,49
18094901.0,106,47
18094961.0,101,45
18095067.0,109,46
18095086.0,98,53
18095094.0,99,56
18095094.0,107,49
18095120.0,105,45
18095140.0,107,45
18095235.0,103,48
18095289.0,103,49
18095316.0,101,43
18095331.0,106,48
18095351.0,109,45
18095353.0,110,49
18095407.0,104,46
18095417.0,104,47
18095443.0,107,47
18095459.0,108,50
18095463.0,108,61
18095483.0,105,43
18095555.0,105,42
18095631.0,98,48
18095641.0,103,48
18095708.0,108,47
18095734.0,109,47
18095749.0,97,49
18095778.0,111,51
18095824.0,106,50
18095827.0,109,44
18095827.0,101,46
18095914.0,99,49
18096021.0,110,53
18096074.0,97,49
18096077.0,102,55
18096111.0,104,48
18096209.0,106,48
18096220.0,105,48
18096230.0,100,51
18096281.0,108,52
18096348.0,107,43
18096374.0,108,44
18096379.0,107,44
18096391.0,105,44
18096402.0,111,51
18096414.0,98,52
18096419.0,108,57
18096446.0,109,46
18096469.0,109,56
18096508.0,104,43
18096612.0,97,49
18096634.0,109,47
18096643.0,103,47
18096676.0,107,47
18096739.0,108,51
18096834.0,109,54
18096836.0,108,49
18096902.0,104,45
18096916.0,101,48
18096937.0,111,48
18096948.0,109,48
18096962.0,102,79
18096991.0,104,44
18097025.0,106,49
18097035.0,109,51
18097059.0,105,45
18097066.0,107,51
18097109.0,101,47
18097132.0,107,42
18097181.0,110,52
18097232.0,110,53
18097257.0,98,48
18097365.0,107,44
18097367.0,101,51
18097375.0,108,51
18097458.0,107,45
18097529.0,108,44
18097530.0,101,47
18097588.0,98,51
18097591.0,104,42
18097593.0,109,55
18097609.0,107,48
18097661.0,108,45
18097689.0,104,49
18097692.0,101,50
18097732.0,106,42
18097784.0,102,43
18097836.0,107,42
18097863.0,109,48
18097868.0,109,51
18097923.0,97,48
18097980.0,107,48
18097995.0,108,46
18098004.0,108,52
18098013.0,110,50
18098014.0,110,45
18098044.0,105,45
18098057.0,102,44
18098178.0,106,50
18098184.0,104,45
18098189.0,107,46
18098232.0,111,52
18098238.0,104,42
18098337.0,107,45
18098353.0,109,49
18098427.0,101,47
18098435.0,100,50
18098453.0,104,44
18098458.0,104,46
18098463.0,110,46
18098485.0,105,46
18098673.0,108,50
18098733.0,102,45
18098775.0,110,53
18098797.0,107,47
18098836.0,107,43
18098844.0,104,43
18098891.0,107,49
18098911.0,101,52
18098933.0,108,43
18098962.0,107,48
18098963.0,105,44
18098968.0,109,49
18098993.0,110,46
18099017.0,107,46
18099092.0,109,44
18099313.0,106,47
18099320.0,107,48
18099384.0,108,47
18099409.0,100,51
18099422.0,104,47
18099446.0,110,44
18099449.0,110,47
18099475.0,104,48
18099476.0,109,50
18099491.0,111,49
18099635.0,106,43
18099687.0,104,49
18099708.0,111,49
18099726.0,108,58
18099804.0,109,53
18099813.0,110,49
18099823.0,109,58
18099842.0,99,49
18099864.0,108,43
18099873.0,109,49
18099877.0,101,51
18099985.0,101,48
18100045.0,105,47
18100090.0,110,47
18100093.0,107,48
18100100.0,107,47
18100106.0,102,46
18100185.0,107,50
18100214.0,103,42
18100238.0,105,48
18100242.0,105,43
18100258.0,108,44
18100292.0,113,49
18100299.0,108,51
18100373.0,107,44
18100428.0,109,50
18100460.0,94,49
18100563.0,106,44
18100643.0,109,45
18100653.0,98,49
18100667.0,111,52
18100675.0,108,42
18100692.0,105,42
18100750.0,94,49
18100781.0,100,52
18100807.0,98,47
18100858.0,98,50
18100863.0,102,48
18100868.0,110,54
18100888.0,111,49
18100905.0,109,56
18100924.0,110,48
18100957.0,110,45
18101018.0,111,45
18101018.0,109,52
18101037.0,106,50
18101067.0,110,51
18101107.0,100,56
18101252.0,100,58
18101295.0,102,59
18101332.0,108,48
18101352.0,104,49
18101354.0,108,45
18101364.0,112,51
18101382.0,94,49
18101410.0,105,49
18101423.0,108,47
18101426.0,107,49
18101513.0,107,42
18101519.0,106,45
18101586.0,105,44
18101623.0,111,53
18101649.0,111,45
18101650.0,102,49
18101661.0,102,47
18101668.0,110,49
18101669.0,107,48
18101691.0,104,47
18101708.0,102,48
18101738.0,109,45
18101754.0,105,48
18101769.0,103,45
18101774.0,103,43
18101818.0,105,45
18101819.0,109,54
18101870.0,103,44
18101894.0,109,51
18101906.0,93,49
18101937.0,108,45
18101941.0,111,46
18101978.0,109,46
18102022.0,113,50
18102030.0,107,43
18102086.0,103,43
18102137.0,108,44
18102146.0,99,53
18102195.0,108,46
18102233.0,111,50
18102258.0,101,52
18102305.0,103,44
18102341.0,102,50
18102376.0,109,43
18102380.0,104,42
18102400.0,100,49
18102414.0,110,49
18102420.0,111,53
18102505.0,109,45
18102507.0,110,54
18102554.0,110,55
18102579.0,105,46
18102590.0,98,48
18102646.0,105,42
18102707.0,110,44
18102821.0,108,47
18102851.0,108,49
18102873.0,103,44
18102883.0,99,47
18102906.0,103,43
18102950.0,105,43
18102968.0,106,45
18103058.0,107,43
18103063.0,106,43
18103073.0,103,43
18103082.0,110,44
18103113.0,109,43
18103124.0,107,62
18103223.0,109,45
18103246.0,103,44
18103255.0,110,48
18103263.0,111,46
18103266.0,111,47
18103288.0,105,47
18103301.0,105,45
18103399.0,101,51
18103415.0,109,47
18103436.0,103,45
18103467.0,107,47
18103470.0,100,48
18103540.0,106,47
18103572.0,109,45
18103602.0,107,44
18103648.0,110,45
18103648.0,103,45
18103671.0,103,44
18103699.0,105,44
18103846.0,109,44
18103858.0,106,46
18103875.0,103,44
18103894.0,108,47
18103919.0,108,46
18103959.0,105,48
18103999.0,107,49
18104063.0,108,59
18104087.0,107,50
18104100.0,103,45
18104138.0,100,50
18104160.0,90,88
18104249.0,106,46
18104337.0,110,49
18104373.0,108,48
18104399.0,106,42
18104447.0,110,55
18104485.0,110,56
18104541.0,104,43
18104545.0,105,47
18104602.0,110,50
18104696.0,99,47
18104713.0,111,48
18104735.0,109,57
18104757.0,108,42
18104763.0,103,46
18104787.0,109,52
18104852.0,110,45
18104893.0,102,52
18104894.0,111,47
18104906.0,109,45
18104982.0,105,42
18105028.0,110,51
18105030.0,105,48
18105037.0,108,50
18105062.0,103,47
18105087.0,105,49
18105095.0,99,48
18105134.0,106,46
18105154.0,101,50
18105159.0,109,48
18105227.0,112,46
18105245.0,111,54
18105262.0,110,46
18105288.0,99,51
18105291.0,106,44
18105305.0,109,58
18105322.0,111,51
18105336.0,111,53
18105371.0,75,56
18105380.0,101,51
18105394.0,106,51
18105396.0,106,48
18105409.0,107,45
18105412.0,104,44
18105421.0,108,45
18105428.0,103,51
18105461.0,112,50
18105484.0,109,46
18105499.0,108,48
18105538.0,110,43
18105566.0,109,43
18105586.0,105,50
18105666.0,75,56
18105741.0,99,49
18105755.0,113,51
18105848.0,106,43
18105852.0,111,49
18105855.0,102,50
18105913.0,106,46
18105984.0,106,45
18106004.0,114,50
18106043.0,102,51
18106138.0,109,44
18106211.0,108,43
18106256.0,103,48
18106257.0,102,50
18106312.0,108,49
18106316.0,109,46
18106339.0,111,49
18106341.0,106,47
18106352.0,75,56
18106357.0,103,49
18106358.0,110,43
18106422.0,109,49
18106441.0,111,54
18106444.0,101,49
18106505.0,107,43
18106599.0,100,47
18106608.0,108,43
18106633.0,110,52
18106712.0,110,56
18106725.0,110,50
18106785.0,106,46
18106806.0,106,48
18106809.0,104,45
18106949.0,109,45
18106976.0,98,47
18106998.0,99,50
18107007.0,106,45
18107040.0,111,45
18107040.0,107,46
18107091.0,112,53
18107102.0,105,43
18107187.0,110,44
18107189.0,110,47
18107296.0,99,50
18107431.0,109,47
18107458.0,106,49
18107490.0,108,44
18107516.0,114,49
18107555.0,111,48
18107586.0,106,47
18107626.0,110,46
18107627.0,107,45
18107650.0,113,49
18107837.0,113,52
18107881.0,109,47
18107981.0,99,48
18108004.0,111,50
18108138.0,107,47
18108189.0,107,43
18108210.0,110,48
18108277.0,110,51
18108367.0,104,46
18108431.0,106,48
18108486.0,109,49
18108609.0,100,47
18108613.0,105,44
18108654.0,108,50
18108683.0,111,49
18108709.0,110,44
18108717.0,111,46
18108734.0,110,45
18108830.0,108,45
18108831.0,99,49
18108849.0,103,45
18108884.0,114,51
18108897.0,108,47
18108898.0,100,49
18108914.0,106,47
18108945.0,109,51
18108972.0,111,54
18109026.0,114,49
18109116.0,110,48
18109120.0,109,43
18109148.0,101,50
18109227.0,101,48
18109342.0,107,42
18109369.0,99,49
18109377.0,111,43
18109402.0,110,46
18109410.0,107,45
18109420.0,109,48
18109518.0,104,47
18109534.0,106,48
18109578.0,115,50
18109647.0,109,59
18109658.0,89,81
18109660.0,107,44
18109836.0,111,47
18109938.0,113,50
18109938.0,113,52
18109945.0,108,45
18110028.0,114,49
18110029.0,111,44
18110076.0,111,46
18110141.0,106,49
18110165.0,108,65
18110191.0,103,48
18110201.0,109,49
18110219.0,107,48
18110229.0,110,55
18110278.0,110,52
18110279.0,99,48
18110279.0,100,48
18110325.0,106,43
18110339.0,110,46
18110346.0,99,47
18110388.0,111,43
18110396.0,98,49
18110441.0,111,46
18110443.0,105,45
18110508.0,106,42
18110527.0,79,49
18110558.0,109,50
18110572.0,108,50
18110602.0,67,49
18110615.0,100,56
18110631.0,108,49
18110638.0,100,54
18110651.0,100,57
18110654.0,109,44
18110705.0,107,45
18110755.0,101,47
18110772.0,108,46
18110783.0,106,49
18110790.0,114,51
18110845.0,109,49
18110872.0,67,49
18110910.0,98,49
18110933.0,109,48
18111033.0,109,50
18111091.0,111,55
18111139.0,111,51
18111222.0,111,47
18111252.0,110,49
18111263.0,110,47
18111329.0,110,51
18111334.0,111,46
18111454.0,112,47
18111462.0,113,53
18111485.0,111,50
18111497.0,110,45
18111519.0,111,47
18111522.0,104,49
18111524.0,107,46
18111532.0,70,56
18111540.0,104,48
18111566.0,111,46
18111596.0,97,88
18111633.0,108,44
18111648.0,110,56
18111658.0,108,46
18111712.0,106,46
18111750.0,107,49
18111788.0,103,49
18111797.0,109,46
18111969.0,111,48
18112038.0,115,51
18112132.0,107,47
18112214.0,108,43
18112216.0,101,85
18112361.0,111,52
18112376.0,105,46
18112378.0,102,50
18112443.0,111,47
18112465.0,110,47
18112479.0,111,45
18112482.0,111,44
18112483.0,113,48
18112620.0,95,45
18112630.0,108,45
18112672.0,114,50
18112690.0,108,47
18112754.0,110,52
18112813.0,109,45
18112826.0,109,62
18112852.0,109,49
18112933.0,111,47
18112939.0,110,57
18113035.0,111,48
18113082.0,110,48
18113180.0,110,43
18113229.0,111,46
18113391.0,102,51
18113395.0,109,43
18113563.0,111,47
18113703.0,111,51
18113768.0,114,47
18113812.0,108,45
18113855.0,107,43
18113874.0,109,43
18113895.0,89,89
18113898.0,107,48
18113925.0,108,46
18113940.0,111,46
18114045.0,111,47
18114070.0,88,89
18114095.0,110,44
18114121.0,111,48
18114137.0,106,43
18114147.0,111,43
18114148.0,102,48
18114150.0,104,49
18114178.0,113,49
18114243.0,100,49
18114322.0,109,50
18114344.0,105,47
18114356.0,102,50
18114358.0,112,47
18114411.0,110,50
18114429.0,101,49
18114465.0,107,42
18114526.0,101,47
18114575.0,111,47
18114594.0,100,51
18114634.0,111,52
18114702.0,109,46
18114754.0,100,48
18114837.0,113,46
18114890.0,42,86
18114897.0,99,51
18114977.0,111,47
18115050.0,109,44
18115051.0,108,48
18115143.0,111,49
18115159.0,103,51
18115166.0,99,51
18115183.0,113,47
18115256.0,85,72
18115368.0,105,44
18115402.0,110,49
18115494.0,106,45
18115536.0,109,45
18115545.0,108,46
18115555.0,114,48
18115571.0,111,47
18115575.0,101,46
18115604.0,102,49
18115695.0,107,44
18115704.0,108,45
18115728.0,102,48
18115738.0,108,44
18115742.0,109,45
18116043.0,111,56
18116068.0,107,49
18116306.0,108,43
18116306.0,100,47
18116350.0,108,49
18116376.0,108,47
18116660.0,115,52
18116675.0,102,47
18116783.0,104,47
18116794.0,107,47
18116829.0,109,47
18116913.0,115,50
18116917.0,110,54
18116943.0,113,47
18116950.0,104,47
18116972.0,111,48
18116974.0,100,54
18116975.0,110,43
18117015.0,110,45
18117075.0,106,46
18117158.0,100,50
18117170.0,113,54
18117283.0,108,43
18117293.0,116,51
18117346.0,110,49
18117388.0,103,50
18117426.0,111,53
18117485.0,109,45
18117578.0,111,44
18117594.0,104,50
18117659.0,110,43
18117820.0,114,49
18117837.0,101,46
18117963.0,111,48
18117989.0,108,49
18118018.0,114,49
18118037.0,109,47
18118157.0,110,48
18118185.0,114,46
18118315.0,110,44
18118321.0,106,47
18118333.0,108,48
18118386.0,107,45
18118481.0,111,46
18118491.0,109,46
18118524.0,108,44
18118541.0,104,50
18118549.0,112,52
18118586.0,112,55
18118679.0,110,50
18118783.0,115,48
18118791.0,110,51
18118806.0,109,48
18118814.0,111,50
18118846.0,108,66
18118890.0,105,49
18118964.0,102,47
18119113.0,53,52
18119167.0,111,50
18119315.0,113,45
18119425.0,111,56
18119456.0,103,50
18119546.0,111,45
18119612.0,108,50
18119726.0,100,51
18119736.0,111,57
18119741.0,108,47
18119767.0,92,89
18119777.0,109,43
18119850.0,114,47
18119860.0,109,58
18119882.0,110,46
18119901.0,111,50
18119913.0,108,49
18119981.0,113,51
18120000.0,110,44
18120159.0,113,48
18120192.0,102,46
18120201.0,103,49
18120366.0,109,47
18120372.0,107,46
18120386.0,103,48
18120410.0,106,48
18120431.0,103,50
18120655.0,115,51
18120709.0,110,45
18120823.0,111,49
18120891.0,116,52
18120968.0,103,51
18120969.0,94,77
18121104.0,109,43
18121140.0,108,45
18121149.0,109,48
18121215.0,108,44
18121288.0,103,48
18121419.0,90,87
18121431.0,110,58
18121485.0,115,49
18121493.0,104,51
18121500.0,109,46
18121525.0,109,43
18121630.0,109,49
18121678.0,106,48
18121710.0,116,48
18121712.0,110,47
18121849.0,108,49
18121850.0,111,44
18121867.0,114,47
18121934.0,114,50
18121953.0,110,50
18122043.0,101,46
18122126.0,113,46
18122139.0,110,51
18122143.0,103,50
18122236.0,110,46
18122289.0,111,50
18122303.0,114,45
18122350.0,107,50
18122403.0,112,45
18122505.0,101,47
18122586.0,107,47
18122607.0,111,48
18122648.0,108,45
18122698.0,110,48
18122710.0,111,46
18122755.0,111,43
18122801.0,110,46
18122812.0,106,49
18122870.0,103,49
18122880.0,114,44
18122951.0,108,50
18123105.0,99,55
18123117.0,111,50
18123189.0,109,48
18123237.0,101,49
18123274.0,113,49
18123322.0,111,49
18123360.0,110,45
18123538.0,101,55
18123557.0,55,54
18123636.0,109,49
18123689.0,117,51
18123731.0,115,47
18123735.0,110,51
18123769.0,109,44
18123796.0,102,46
18123833.0,101,51
18123976.0,105,50
18123980.0,113,44
18123985.0,114,48
18124050.0,103,48
18124070.0,109,48
18124125.0,103,47
18124179.0,111,46
18124381.0,111,51
18124384.0,109,44
18124474.0,102,58
18124503.0,101,58
18124568.0,113,55
18124702.0,101,58
18124813.0,101,54
18124852.0,112,52
18124914.0,110,48
18124980.0,101,48
18124987.0,108,46
18125077.0,111,46
18125098.0,111,45
18125107.0,116,51
18125111.0,110,47
18125112.0,109,44
18125128.0,110,46
18125132.0,109,49
18125215.0,106,49
18125238.0,102,49
18125246.0,110,43
18125329.0,110,44
18125357.0,103,46
18125367.0,104,51
18125437.0,102,57
18125490.0,111,43
18125496.0,109,44
18125565.0,109,45
18125594.0,116,53
18125604.0,106,49
18125617.0,107,47
18125621.0,115,50
18125657.0,112,47
18125672.0,111,53
18125685.0,101,50
18125696.0,115,54
18125713.0,109,50
18125714.0,103,50
18125782.0,101,53
18126053.0,107,48
18126139.0,111,47
18126168.0,110,47
18126199.0,115,45
18126203.0,111,46
18126320.0,117,48
18126321.0,96,78
18126361.0,115,52
18126475.0,110,48
18126576.0,116,47
18126645.0,113,45
18126876.0,110,48
18127130.0,115,48
18127243.0,110,48
18127252.0,109,49
18127711.0,101,52
18127743.0,114,49
18127771.0,97,79
18127792.0,109,46
18127822.0,115,46
18127838.0,113,50
18127879.0,96,79
18127888.0,111,51
18127931.0,110,49
18127955.0,108,47
18127985.0,114,47
18128042.0,114,52
18128166.0,113,52
18128171.0,109,50
18128221.0,91,82
18128225.0,110,45
18128425.0,111,48
18128429.0,114,44
18128716.0,109,46
18128720.0,116,50
18128801.0,115,51
18128839.0,102,46
18129074.0,111,47
18129079.0,111,44
18129133.0,96,80
18129224.0,113,53
18129265.0,107,49
18129296.0,104,50
18129317.0,118,52
18129391.0,101,51
18129424.0,104,47
18129607.0,116,45
18129623.0,104,51
18129818.0,104,49
18129853.0,114,45
18129912.0,102,47
18130071.0,111,46
18130103.0,104,48
18130254.0,103,47
18130389.0,115,49
18130640.0,106,49
18130643.0,113,44
18130656.0,116,48
18130772.0,101,52
18130785.0,108,48
18130840.0,116,52
18130995.0,114,48
18131003.0,113,46
18131033.0,112,47
18131040.0,108,48
18131127.0,110,46
18131138.0,112,48
18131152.0,104,50
18131244.0,115,53
18131312.0,110,50
18131312.0,113,45
18131351.0,114,50
18131469.0,102,49
18131493.0,82,71
18131527.0,102,48
18131597.0,101,49
18131768.0,116,54
18131785.0,106,50
18131809.0,101,55
18131911.0,115,47
18131936.0,107,49
18132002.0,109,47
18132061.0,110,45
18132171.0,108,48
18132180.0,110,49
18132191.0,111,49
18132327.0,111,45
18132383.0,110,45
18133037.0,102,56
18133070.0,101,54
18133111.0,105,51
18133171.0,104,51
18133211.0,114,46
18133308.0,102,54
18133445.0,117,50
18133461.0,113,46
18133575.0,101,53
18133677.0,110,44
18133850.0,117,48
18133899.0,116,49
18133955.0,116,51
18133987.0,112,48
18134088.0,115,45
18134435.0,113,53
18134477.0,114,49
18134938.0,116,47
18135189.0,113,51
18135272.0,110,47
18135276.0,117,46
18135310.0,111,48
18135346.0,113,48
18135359.0,114,45
18135589.0,87,88
18135599.0,115,48
18135650.0,108,49
18135676.0,115,50
18135691.0,104,49
18135877.0,107,50
18135964.0,110,45
18136241.0,111,46
18136244.0,105,48
18136253.0,114,52
18136467.0,104,50
18136564.0,105,47
18136575.0,110,47
18136712.0,111,46
18136860.0,103,47
18136916.0,114,46
18136933.0,105,49
18137081.0,115,46
18137141.0,109,48
18137260.0,113,47
18137261.0,111,46
18137397.0,105,46
18137544.0,108,49
18137647.0,111,46
18137914.0,110,49
18137926.0,56,49
18138070.0,109,48
18138109.0,117,51
18138129.0,117,49
18138142.0,104,47
18138145.0,56,49
18138199.0,116,45
18138232.0,109,47
18138326.0,116,49
18138577.0,113,45
18138693.0,107,70
18138698.0,91,83
18139028.0,113,50
18139033.0,113,48
18139074.0,114,47
18139203.0,110,50
18139319.0,116,48
18139325.0,105,50
18139428.0,105,46
18139452.0,107,50
18139701.0,112,45
18139872.0,108,61
18139903.0,112,49
18139962.0,111,50
18139983.0,117,52
18139998.0,116,52
18140066.0,112,48
18140277.0,116,50
18140332.0,114,50
18140393.0,115,46
18140589.0,109,62
18140702.0,104,48
18141222.0,89,88
18141236.0,114,47
18141299.0,115,45
18141415.0,115,49
18141497.0,103,49
18141796.0,111,47
18141941.0,113,48
18141958.0,118,51
18142080.0,114,45
18142215.0,118,52
18142688.0,105,49
18142703.0,117,46
18142988.0,119,50
18143097.0,117,48
18143116.0,115,47
18143160.0,105,50
18143307.0,113,47
18143397.0,105,48
18143568.0,117,52
18143873.0,110,48
18143896.0,113,46
18143947.0,107,72
18144009.0,113,45
18144087.0,117,50
18144165.0,110,48
18144239.0,106,48
18144253.0,108,68
18144523.0,116,49
18144581.0,102,52
18144753.0,104,47
18144786.0,102,50
18144792.0,102,52
18144800.0,106,47
18144854.0,115,50
18144889.0,76,61
18144920.0,104,46
18145306.0,107,46
18145539.0,102,50
18145847.0,106,46
18146067.0,105,47
18146103.0,76,61
18146148.0,114,50
18146173.0,116,46
18146485.0,114,51
18146637.0,114,47
18147340.0,105,64
18147342.0,106,48
18147534.0,113,52
18147563.0,106,49
18148079.0,109,49
18148318.0,106,65
18148342.0,114,46
18148345.0,112,49
18149089.0,104,48
18149983.0,112,50
18150097.0,117,47
18150333.0,111,48
18150423.0,113,46
18150445.0,115,45
18150638.0,111,47
18151030.0,118,50
18151451.0,115,48
18151711.0,116,49
18152077.0,36,53
18152217.0,119,53
18152763.0,116,50
18153932.0,108,50
18154072.0,105,50
18154113.0,106,50
18154803.0,89,75
18154884.0,106,47
18155519.0,107,51
18155541.0,116,51
18155853.0,104,49
18156101.0,115,48
18156283.0,102,56
18156303.0,106,70
18156487.0,107,47
18157147.0,108,74
18157312.0,107,48
18157889.0,107,46
18158094.0,103,75
18158253.0,107,74
18158340.0,107,75
18158560.0,107,71
18159137.0,106,46
18159362.0,108,75
18159675.0,101,86
18159932.0,108,75
18159947.0,106,75
18160236.0,100,85
18160360.0,100,84
18161519.0,83,58
18161557.0,108,71
18161641.0,109,71
18161926.0,82,58
18162629.0,108,60
18164043.0,107,63
18166703.0,35,91
18171671.0,116,47
18176781.0,86,94
18177150.0,87,94
18177787.0,107,51
18177927.0,116,48
18177937.0,115,48
18178336.0,106,50
18179171.0,109,49
18179352.0,104,75
18179500.0,103,75
18179632.0,119,53
18179681.0,107,47
18180026.0,102,53
18180113.0,119,48
18180452.0,60,61
18180495.0,103,53
18180932.0,102,54
18181059.0,117,46
18181837.0,104,49
18182719.0,113,49
18183718.0,104,48
18183931.0,115,47
18183958.0,115,48
18184289.0,117,49
18184455.0,118,51
18185803.0,109,49
18186400.0,116,46
18186494.0,115,47
18186720.0,103,81
18187294.0,118,48
18187968.0,106,46
18188325.0,104,47
18188741.0,102,52
18189054.0,119,48
18189164.0,113,48
18189180.0,115,50
18189327.0,111,47
18189364.0,113,49
18190031.0,107,50
18190096.0,119,51
18190600.0,106,47
18190647.0,116,49
18190710.0,108,49
18191073.0,103,75
18191266.0,114,48
18191310.0,117,51
18191544.0,103,75
18192158.0,118,50
18192316.0,114,47
18192361.0,117,48
18192439.0,118,47
18192810.0,116,52
18193304.0,117,46
18193606.0,113,45
18193680.0,103,51
18193705.0,115,47
18193804.0,104,46
18194415.0,115,46
18195466.0,117,54
18195577.0,103,48
18195677.0,105,46
18195678.0,114,50
18195699.0,114,49
18195784.0,117,51
18195810.0,110,50
18195913.0,115,49
18195916.0,107,50
18196201.0,106,48
18196326.0,109,49
18196385.0,104,49
18196644.0,117,52
18196691.0,108,48
18196929.0,103,47
18197068.0,109,48
18197240.0,113,51
18197323.0,105,49
18197477.0,114,50
18197526.0,112,51
18197624.0,116,48
18197693.0,111,46
18197860.0,111,50
18197872.0,110,47
18198019.0,102,54
18198123.0,113,50
18198144.0,117,47
18198285.0,115,51
18198954.0,115,52
18199193.0,102,50
18199369.0,114,46
18199484.0,109,69
18199498.0,115,49
18199850.0,116,49
18199893.0,101,54
18200124.0,118,48
18200135.0,103,48
18200329.0,116,51
18200633.0,105,67
18200812.0,115,45
18200855.0,105,48
18201003.0,117,50
18201054.0,103,46
18201245.0,102,49
18201433.0,115,46
18201445.0,115,48
18201620.0,117,47
18201694.0,106,50
18201753.0,118,49
18202099.0,116,46
18202112.0,117,46
18202168.0,116,52
18202408.0,102,53
18202509.0,103,47
18202520.0,114,49
18202528.0,111,49
18202720.0,112,48
18203191.0,114,45
18203203.0,115,49
18203206.0,116,47
18203256.0,108,48
18203433.0,112,49
18203748.0,113,50
18203796.0,111,57
18203890.0,104,50
18203897.0,107,49
18203943.0,108,48
18203997.0,104,51
18204005.0,101,53
18204026.0,91,78
18204186.0,112,51
18204451.0,104,49
18204811.0,109,48
18204822.0,115,48
18205024.0,104,63
18205031.0,109,47
18205108.0,110,46
18205137.0,102,47
18205139.0,101,59
18205221.0,111,51
18205285.0,101,55
18205433.0,110,49
18205439.0,114,46
18205456.0,113,46
18205536.0,100,86
18205551.0,109,50
18205566.0,102,48
18205604.0,101,52
18205996.0,110,50
18206025.0,104,50
18206090.0,116,48
18206182.0,111,45
18206244.0,102,49
18206321.0,99,86
18206893.0,117,49
18206898.0,115,45
18207143.0,81,103
18207154.0,101,54
18207248.0,112,45
18207278.0,104,47
18207879.0,105,50
18208029.0,115,47
18208067.0,104,49
18208118.0,116,50
18208138.0,102,50
18208386.0,104,48
18208545.0,116,46
18208665.0,77,53
18208744.0,114,52
18208882.0,113,49
18209129.0,102,55
18209407.0,102,46
18209496.0,77,53
18209712.0,111,47
18209866.0,110,49
18209911.0,104,47
18209951.0,111,47
18210001.0,108,47
18210151.0,104,47
18210384.0,113,45
18210398.0,109,47
18210491.0,111,48
18210532.0,112,50
18210550.0,111,47
18210618.0,102,47
18210852.0,111,47
18210882.0,108,47
18210963.0,103,69
18211051.0,116,53
18211069.0,109,46
18211307.0,110,45
18211438.0,111,47
18211491.0,109,49
18211701.0,111,47
18211941.0,107,48
18211960.0,110,46
18212096.0,117,52
18212099.0,116,49
18212127.0,114,45
18212128.0,101,51
18212365.0,105,50
18212465.0,106,61
18212515.0,113,50
18212596.0,111,44
18212731.0,106,49
18212797.0,115,46
18213247.0,114,49
18213601.0,111,53
18213622.0,104,48
18213768.0,109,45
18213846.0,114,47
18213892.0,103,46
18213921.0,111,47
18213962.0,102,51
18214257.0,114,51
18214266.0,104,48
18214307.0,107,48
18214339.0,101,50
18214370.0,116,51
18214493.0,103,50
18214533.0,104,49
18214697.0,111,50
18214797.0,110,45
18214800.0,103,50
18214894.0,113,52
18214966.0,111,46
18215014.0,113,56
18215363.0,100,54
18215493.0,103,50
18215524.0,101,48
18215550.0,92,81
18215609.0,107,47
18215656.0,115,50
18215697.0,100,53
18215710.0,110,51
18215788.0,104,51
18215791.0,101,53
18215801.0,103,50
18216075.0,101,52
18216194.0,101,46
18216260.0,101,48
18216309.0,111,56
18216437.0,103,49
18216580.0,100,52
18216622.0,108,46
18216650.0,109,46
18216767.0,106,69
18216993.0,101,49
18217159.0,115,53
18217225.0,109,50
18217243.0,37,2
18217293.0,114,52
18217330.0,103,48
18217336.0,110,47
18217368.0,107,47
18217397.0,112,45
18217437.0,106,48
18217466.0,103,47
18217570.0,101,47
18217604.0,114,46
18217608.0,103,50
18217801.0,108,62
18217850.0,116,52
18217907.0,114,48
18217924.0,108,69
18218278.0,115,51
18218323.0,106,48
18218408.0,110,48
18218412.0,109,49
18218444.0,108,63
18218706.0,101,46
18218754.0,111,44
18218811.0,105,49
18218820.0,109,70
18218932.0,111,47
18219031.0,105,50
18219095.0,103,48
18219227.0,111,46
18219258.0,110,47
18219299.0,100,57
18219434.0,104,50
18219594.0,108,49
18219634.0,109,71
18219753.0,109,45
18219885.0,110,46
18220087.0,114,50
18220293.0,100,51
18220307.0,110,51
18220349.0,115,49
18220373.0,105,49
18220490.0,111,49
18220579.0,101,54
18220607.0,116,48
18220651.0,107,47
18220894.0,100,50
18221067.0,109,47
18221206.0,99,65
18221220.0,111,45
18221337.0,111,50
18221517.0,108,61
18221580.0,106,48
18221703.0,112,48
18221826.0,110,47
18221841.0,101,55
18221953.0,110,44
18221973.0,109,44
18222052.0,100,51
18222129.0,113,47
18222153.0,100,50
18222261.0,109,51
18222297.0,104,50
18222397.0,114,47
18222501.0,113,51
18222678.0,107,66
18222754.0,102,51
18222955.0,113,46
18223015.0,100,49
18223056.0,111,49
18223070.0,102,50
18223092.0,108,50
18223170.0,107,60
18223204.0,100,48
18223258.0,110,50
18223387.0,108,45
18223424.0,116,51
18223493.0,111,44
18223537.0,106,47
18223550.0,115,48
18223554.0,117,49
18223584.0,114,53
18223628.0,111,53
18223677.0,100,56
18223685.0,109,44
18223700.0,109,47
18223755.0,116,47
18223942.0,108,49
18223954.0,110,53
18223993.0,87,49
18224114.0,104,49
18224117.0,105,68
18224250.0,111,45
18224387.0,99,56
18224563.0,107,46
18224581.0,114,46
18224681.0,111,50
18224687.0,102,49
18224692.0,102,48
18224699.0,109,48
18224761.0,107,50
18224810.0,99,54
18224817.0,108,59
18224970.0,110,46
18225138.0,100,47
18225185.0,111,55
18225239.0,111,44
18225262.0,108,48
18225264.0,110,51
18225301.0,99,55
18225408.0,114,49
18225415.0,100,53
18225434.0,106,47
18225466.0,105,69
18225493.0,105,49
18225523.0,111,55
18225635.0,102,50
18225746.0,110,45
18225769.0,109,47
18225800.0,109,46
18225911.0,102,51
18226144.0,112,48
18226175.0,111,52
18226276.0,100,48
18226407.0,100,46
18226430.0,113,47
18226649.0,101,46
18226873.0,111,45
18226983.0,103,81
18227001.0,111,49
18227014.0,104,49
18227121.0,107,49
18227187.0,107,50
18227302.0,113,50
18227341.0,99,53
18227345.0,99,52
18227352.0,115,53
18227360.0,107,46
18227530.0,105,48
18227700.0,114,48
18227758.0,110,49
18228005.0,99,84
18228055.0,109,50
18228437.0,109,44
18228471.0,103,50
18228532.0,108,48
18228600.0,109,47
18228848.0,111,49
18228986.0,110,50
18229038.0,99,51
18229058.0,113,51
18229064.0,107,45
18229214.0,97,87
18229392.0,109,51
18229444.0,104,49
18229457.0,113,49
18229589.0,114,47
18229722.0,108,47
18229743.0,99,50
18229778.0,106,46
18230145.0,105,48
18230254.0,102,48
18230256.0,99,55
18230309.0,107,45
18230343.0,103,50
18230371.0,108,51
18230398.0,99,47
18230461.0,99,49
18230528.0,115,52
18230636.0,109,50
18230681.0,105,47
18230707.0,99,48
18230760.0,110,45
18230828.0,107,63
18230862.0,114,48
18230969.0,99,51
18230974.0,110,44
18230979.0,107,48
18230982.0,107,49
18230983.0,110,53
18231006.0,110,48
18231006.0,117,48
18231022.0,89,88
18231144.0,108,44
18231260.0,114,50
18231264.0,99,57
18231308.0,109,46
18231526.0,102,51
18231626.0,114,47
18231802.0,101,50
18231807.0,114,52
18231982.0,99,50
18232004.0,107,44
18232052.0,101,48
18232064.0,99,47
18232120.0,106,50
18232224.0,94,87
18232257.0,101,51
18232323.0,111,44
18232364.0,99,54
18232382.0,114,53
18232469.0,101,49
18232482.0,100,46
18232515.0,110,49
18232522.0,108,46
18232536.0,111,48
18232575.0,111,46
18232576.0,99,46
18232781.0,99,49
18232929.0,111,52
18233000.0,100,69
18233004.0,110,44
18233082.0,101,50
18233090.0,110,52
18233091.0,109,49
18233483.0,108,47
18233488.0,101,50
18233581.0,99,48
18233648.0,109,53
18233651.0,105,47
18233736.0,106,45
18234013.0,110,44
18234127.0,98,54
18234128.0,89,90
18234149.0,108,58
18234201.0,71,61
18234208.0,106,70
18234290.0,107,47
18234322.0,109,50
18234474.0,107,60
18234478.0,104,48
18234667.0,110,49
18234813.0,100,56
18234850.0,107,44
18234981.0,111,51
18234997.0,109,44
18235045.0,107,62
18235112.0,108,51
18235233.0,108,46
18235352.0,107,49
18235440.0,106,45
18235563.0,108,50
18235571.0,103,50
18235608.0,111,47
18235626.0,105,46
18235716.0,106,50
18235837.0,107,48
18235856.0,107,61
18236021.0,108,43
18236172.0,110,47
18236329.0,105,46
18236517.0,113,48
18236591.0,100,59
18236608.0,104,49
18236646.0,106,49
18236661.0,99,56
18236734.0,110,51
18236736.0,104,47
18236769.0,110,55
18236773.0,102,51
18236932.0,110,48
18236974.0,104,51
18237013.0,102,50
18237055.0,98,48
18237114.0,92,88
18237131.0,99,54
18237156.0,104,69
18237296.0,109,48
18237346.0,99,46
18237366.0,98,53
18237401.0,106,48
18237478.0,103,49
18237514.0,110,46
18237568.0,111,50
18237700.0,109,45
18237712.0,109,50
18237712.0,91,89
18237797.0,110,44
18237936.0,98,49
18237992.0,100,48
18238049.0,107,46
18238052.0,112,48
18238119.0,99,55
18238162.0,107,47
18238182.0,109,44
18238229.0,111,47
18238316.0,104,47
18238344.0,98,47
18238366.0,95,80
18238384.0,98,51
18238471.0,109,56
18238488.0,111,55
18238543.0,100,70
18238558.0,111,44
18238563.0,98,55
18238634.0,114,50
18238737.0,112,49
18238841.0,106,46
18238850.0,98,48
18239006.0,106,60
18239032.0,108,49
18239060.0,101,49
18239089.0,110,43
18239144.0,107,43
18239163.0,90,90
18239179.0,89,90
18239215.0,111,46
18239240.0,109,49
18239352.0,106,44
18239414.0,98,56
18239457.0,111,51
18239551.0,109,52
18239863.0,110,51
18239882.0,100,49
18239926.0,105,49
18239952.0,110,48
18240049.0,109,47
18240057.0,101,51
18240078.0,105,45
18240080.0,109,44
18240113.0,109,55
18240166.0,110,47
18240207.0,108,43
18240231.0,111,49
18240264.0,110,51
18240330.0,108,57
18240462.0,108,53
18240485.0,106,49
18240499.0,108,49
18240530.0,107,59
18240531.0,100,51
18240582.0,108,50
18240700.0,108,59
18240701.0,98,51
18240732.0,108,44
18240751.0,99,47
18240780.0,110,51
18240963.0,110,54
18241011.0,110,45
18241127.0,111,46
18241238.0,110,51
18241300.0,111,51
18241393.0,98,49
18241464.0,102,50
18241560.0,107,46
18241840.0,110,52
18242021.0,110,47
18242068.0,91,82
18242071.0,104,46
18242165.0,108,45
18242240.0,106,48
18242520.0,99,58
18242616.0,111,53
18242717.0,105,69
18242719.0,109,46
18242951.0,106,46
18242953.0,111,54
18242983.0,110,50
18242987.0,105,44
18243098.0,103,66
18243100.0,108,44
18243457.0,109,48
18243610.0,105,48
18243653.0,106,47
18243731.0,108,49
18243757.0,97,48
18243786.0,103,49
18243789.0,107,51
18243797.0,97,49
18243804.0,51,55
18243819.0,98,58
18243842.0,111,48
18243851.0,100,58
18243868.0,110,46
18243882.0,107,45
18243898.0,99,47
18243931.0,103,47
18244017.0,104,48
18244020.0,105,61
18244031.0,103,48
18244135.0,106,66
18244158.0,109,48
18244166.0,105,49
18244215.0,106,61
18244219.0,103,67
18244268.0,109,43
18244300.0,105,61
18244541.0,108,49
18244577.0,110,54
18244593.0,104,50
18244670.0,102,49
18244709.0,110,44
18244731.0,111,50
18244796.0,97,52
18244829.0,109,51
18244831.0,106,43
18244903.0,105,44
18245040.0,105,50
18245043.0,109,45
18245239.0,97,51
18245274.0,107,49
18245285.0,106,51
18245367.0,102,50
18245425.0,105,45
18245430.0,97,47
18245442.0,97,53
18245450.0,108,52
18245494.0,97,48
18245498.0,104,45
18245771.0,97,50
18245777.0,110,51
18245790.0,99,48
18245798.0,105,51
18245803.0,111,49
18245846.0,97,49
18245850.0,109,50
18245942.0,98,47
18245943.0,107,58
18246004.0,107,44
18246038.0,97,55
18246089.0,100,48
18246118.0,97,52
18246157.0,109,52
18246286.0,110,49
18246338.0,102,48
18246350.0,107,50
18246412.0,107,43
18246458.0,111,49
18246460.0,101,50
18246479.0,110,46
18246513.0,109,49
18246567.0,109,47
18246571.0,110,49
18246643.0,108,43
18246659.0,98,67
18246786.0,99,49
18246844.0,110,53
18246873.0,107,43
18246902.0,111,50
18246951.0,98,53
18246957.0,99,51
18246959.0,108,53
18246997.0,104,49
18247020.0,109,51
18247061.0,111,47
18247063.0,99,49
18247069.0,105,71
18247073.0,107,49
18247112.0,107,45
18247222.0,111,49
18247286.0,109,43
18247334.0,106,70
18247352.0,109,45
18247514.0,110,49
18247605.0,111,49
18247634.0,107,43
18247642.0,98,56
18247688.0,110,51
18247690.0,108,46
18247721.0,106,63
18247856.0,110,47
18247868.0,110,48
18247879.0,111,46
18247902.0,108,43
18248003.0,108,48
18248015.0,103,47
18248202.0,111,52
18248329.0,107,44
18248415.0,102,48
18248494.0,107,43
18248499.0,106,62
18248710.0,106,60
18248749.0,103,46
18248758.0,99,52
18248869.0,109,44
18248885.0,99,51
18248930.0,105,48
18248952.0,109,46
18249066.0,107,50
18249075.0,110,53
18249121.0,108,46
18249152.0,111,46
18249236.0,107,48
18249325.0,103,62
18249468.0,108,55
18249477.0,101,49
18249498.0,108,46
18249551.0,105,62
18249622.0,106,50
18249686.0,105,43
18249751.0,111,46
18249788.0,104,48
18249831.0,111,49
18249911.0,105,46
18249932.0,97,47
18249969.0,112,47
18250072.0,105,47
18250244.0,108,51
18250288.0,110,47
18250304.0,108,46
18250326.0,109,54
18250328.0,102,47
18250331.0,109,47
18250341.0,109,50
18250346.0,109,51
18250355.0,110,48
18250409.0,107,49
18250483.0,96,48
18250510.0,111,52
18250525.0,106,61
18250528.0,92,89
18250589.0,111,53
18250600.0,100,51
18250632.0,110,48
18250656.0,101,50
18250706.0,110,51
18250768.0,109,50
18250810.0,98,55
18250813.0,98,57
18250893.0,106,51
18250911.0,109,51
18250951.0,97,47
18250988.0,109,49
18251067.0,108,45
18251077.0,96,49
18251091.0,97,52
18251130.0,106,44
18251136.0,106,43
18251332.0,109,55
18251354.0,110,50
18251383.0,103,45
18251448.0,110,53
18251454.0,107,43
18251465.0,97,57
18251479.0,105,43
18251509.0,106,43
18251515.0,109,50
18251544.0,96,50
18251546.0,96,47
18251548.0,105,45
18251571.0,108,55
18251583.0,107,52
18251765.0,102,48
18251816.0,109,51
18251828.0,110,48
18251852.0,109,55
18251872.0,100,71
18251911.0,105,51
18251916.0,108,47
18251918.0,112,51
18251918.0,98,49
18251938.0,109,50
18251940.0,111,49
18252034.0,109,48
18252038.0,110,47
18252113.0,97,54
18252126.0,97,58
18252128.0,97,53
18252147.0,104,49
18252175.0,109,49
18252182.0,96,52
18252191.0,107,47
18252192.0,106,49
18252330.0,100,71
18252335.0,105,46
18252350.0,109,46
18252391.0,101,70
18252395.0,107,47
18252399.0,107,43
18252431.0,108,52
18252443.0,96,55
18252462.0,109,45
18252524.0,110,47
18252587.0,104,43
18252711.0,96,51
18252740.0,106,44
18252765.0,106,50
18252845.0,111,51
18252932.0,91,79
18252976.0,100,69
18252992.0,104,47
18253005.0,108,46
18253084.0,110,46
18253224.0,108,43
18253250.0,104,47
18253287.0,101,48
18253315.0,104,48
18253323.0,107,48
18253325.0,96,53
18253343.0,109,53
18253355.0,100,48
18253404.0,103,66
18253588.0,97,48
18253679.0,96,54
18253680.0,102,65
18253688.0,108,46
18253717.0,105,46
18253900.0,103,49
18253901.0,96,49
18253955.0,107,48
18254088.0,108,48
18254131.0,103,69
18254154.0,103,44
18254160.0,38,92
18254167.0,99,61
18254274.0,106,48
18254385.0,52,55
18254424.0,96,47
18254474.0,107,46
18254538.0,109,48
18254635.0,98,51
18254639.0,97,55
18254640.0,95,48
18254673.0,98,52
18254674.0,38,91
18254690.0,108,44
18254727.0,104,43
18254742.0,97,48
18254840.0,96,52
18254937.0,110,52
18254942.0,101,49
18254944.0,103,44
18254961.0,100,51
18254962.0,109,48
18255004.0,96,50
18255021.0,103,50
18255160.0,105,44
18255193.0,102,57
18255458.0,109,48
18255694.0,107,56
18255742.0,108,47
18255823.0,105,50
18256031.0,105,43
18256136.0,95,48
18256137.0,105,45
18256154.0,110,50
18256228.0,105,60
18256261.0,107,45
18256273.0,110,49
18256296.0,109,53
18256303.0,95,49
18256346.0,108,71
18256394.0,98,53
18256484.0,98,50
18256496.0,109,50
18256501.0,106,49
18256508.0,108,70
18256546.0,96,53
18256546.0,109,47
18256618.0,101,48
18256655.0,108,54
18256663.0,103,49
18256702.0,107,51
18256802.0,108,50
18256843.0,111,50
18256886.0,99,49
18256930.0,111,51
18256939.0,99,51
18257002.0,97,58
18257208.0,103,67
18257233.0,107,52
18257239.0,108,45
18257250.0,110,52
18257325.0,97,49
18257461.0,98,52
18257467.0,108,49
18257506.0,106,43
18257619.0,106,52
18257799.0,108,51
18257822.0,102,50
18257826.0,110,51
18257843.0,96,55
18257874.0,105,51
18257904.0,95,50
18257960.0,106,44
18258021.0,95,51
18258100.0,107,43
18258119.0,107,52
18258161.0,109,46
18258175.0,100,49
18258226.0,95,49
18258267.0,104,51
18258329.0,108,49
18258334.0,107,46
18258339.0,107,44
18258347.0,106,46
18258385.0,110,48
18258426.0,107,55
18258428.0,107,65
18258500.0,105,49
18258528.0,103,48
18258549.0,111,49
18258569.0,96,48
18258599.0,105,44
18258625.0,105,65
18258630.0,106,47
18258661.0,106,57
18258669.0,108,48
18258772.0,109,45
18258983.0,108,43
18259126.0,104,45
18259151.0,103,47
18259207.0,111,46
18259296.0,109,50
18259311.0,103,63
18259356.0,99,52
18259385.0,102,62
18259405.0,98,88
18259408.0,110,47
18259436.0,97,51
18259451.0,95,51
18259471.0,111,46
18259555.0,95,52
18259558.0,108,43
18259588.0,90,88
18259595.0,100,50
18259642.0,107,46
18259661.0,108,54
18259706.0,104,43
18259732.0,105,61
18259804.0,110,51
18259830.0,109,49
18259853.0,108,48
18259866.0,105,50
18259957.0,106,48
18259976.0,107,50
18259999.0,107,51
18260011.0,103,48
18260111.0,100,51
18260175.0,91,87
18260191.0,97,50
18260225.0,108,53
18260285.0,98,58
18260314.0,98,52
18260321.0,108,54
18260466.0,100,52
18260471.0,110,46
18260506.0,95,54
18260530.0,99,60
18260544.0,111,46
18260603.0,107,68
18260671.0,97,52
18260682.0,105,48
18260700.0,97,55
18260719.0,106,52
18260773.0,104,51
18260819.0,103,46
18260876.0,88,84
18260895.0,104,45
18260904.0,106,46
18260908.0,107,45
18260931.0,102,49
18260995.0,104,47
18260997.0,111,46
18261010.0,103,47
18261086.0,107,55
18261089.0,106,45
18261093.0,109,52
18261111.0,88,85
18261298.0,96,49
18261459.0,95,53
18261479.0,103,52
18261513.0,99,51
18261546.0,95,50
18261655.0,110,50
18261725.0,108,47
18261734.0,104,46
18261763.0,94,49
18261932.0,106,47
18261965.0,102,48
18262041.0,105,45
18262086.0,105,64
18262094.0,108,53
18262099.0,101,47
18262111.0,97,52
18262150.0,107,45
18262240.0,107,51
18262242.0,95,48
18262303.0,98,61
18262331.0,108,50
18262339.0,99,50
18262420.0,106,67
18262496.0,109,49
18262553.0,101,45
18262626.0,104,50
18262633.0,106,46
18262633.0,95,54
18262675.0,105,49
18262684.0,97,51
18262688.0,104,70
18262689.0,97,56
18262732.0,106,51
18262772.0,94,49
18262794.0,102,49
18262850.0,102,68
18262881.0,104,51
18262885.0,100,47
18263016.0,106,57
18263088.0,103,46
18263118.0,94,50
18263233.0,97,57
18263239.0,95,53
18263243.0,105,47
18263249.0,108,45
18263253.0,107,54
18263284.0,95,52
18263295.0,102,43
18263363.0,102,68
18263395.0,105,65
18263403.0,107,49
18263494.0,100,48
18263529.0,107,50
18263530.0,107,51
18263546.0,102,50
18263550.0,107,45
18263562.0,106,43
18263567.0,97,53
18263592.0,99,49
18263602.0,108,49
18263628.0,104,61
18263765.0,110,50
18263798.0,96,58
18263867.0,106,52
18263874.0,109,52
18263878.0,111,50
18263886.0,108,50
18263926.0,106,46
18263970.0,98,60
18263982.0,105,46
18264136.0,109,48
18264153.0,98,53
18264184.0,110,50
18264207.0,106,44
18264230.0,103,43
18264234.0,94,50
18264240.0,103,68
18264308.0,108,46
18264322.0,96,50
18264394.0,101,44
18264397.0,104,49
18264520.0,103,45
18264570.0,101,50
18264592.0,106,56
18264816.0,94,51
18265016.0,110,49
18265107.0,108,49
18265197.0,109,51
18265225.0,99,49
18265260.0,106,52
18265264.0,96,55
18265265.0,103,51
18265390.0,107,51
18265391.0,110,49
18265464.0,107,48
18265468.0,96,59
18265481.0,109,48
18265513.0,105,45
18265584.0,98,52
18265714.0,99,48
18265822.0,101,45
18265869.0,108,48
18265938.0,96,49
18265966.0,105,48
18265981.0,105,52
18265984.0,106,50
18265987.0,102,46
18266053.0,110,49
18266071.0,101,48
18266249.0,106,51
18266270.0,104,50
18266333.0,95,49
18266375.0,94,52
18266391.0,95,56
18266420.0,101,49
18266470.0,102,49
18266484.0,106,59
18266499.0,106,45
18266503.0,110,50
18266589.0,108,48
18266695.0,80,70
18266734.0,102,71
18266812.0,101,72
18266885.0,104,48
18267006.0,103,45
18267099.0,108,53
18267153.0,109,50
18267200.0,95,48
18267211.0,99,47
18267224.0,107,45
18267236.0,103,47
18267252.0,106,47
18267272.0,100,45
18267290.0,107,50
18267291.0,108,52
18267312.0,104,62
18267390.0,103,44
18267449.0,105,43
18267529.0,106,55
18267534.0,107,47
18267589.0,109,53
18267643.0,96,51
18267697.0,105,58
18267705.0,94,50
18267726.0,96,56
18267741.0,106,50
18267767.0,107,53
18267803.0,109,53
18267880.0,105,45
18267904.0,107,47
18267985.0,94,51
18267998.0,95,50
18268012.0,101,44
18268150.0,108,47
18268251.0,94,53
18268252.0,106,50
18268266.0,107,50
18268280.0,96,57
18268306.0,95,57
18268310.0,103,46
18268348.0,109,54
18268359.0,104,47
18268377.0,93,50
18268460.0,109,50
18268464.0,109,51
18268492.0,107,47
18268671.0,108,49
18268689.0,109,54
18268693.0,102,46
18268694.0,108,48
18268707.0,105,44
18268714.0,105,51
18268723.0,107,46
18268769.0,106,51
18268808.0,107,47
18268925.0,106,56
18268975.0,105,47
18268983.0,105,59
18269023.0,107,45
18269119.0,106,49
18269121.0,100,46
18269149.0,107,56
18269172.0,103,44
18269226.0,96,53
18269285.0,100,48
18269330.0,101,47
18269332.0,104,46
18269484.0,102,43
18269535.0,100,60
18269597.0,106,45
18269684.0,103,50
18269692.0,93,50
18269704.0,95,50
18269735.0,99,50
18269760.0,100,44
18269868.0,94,49
18269893.0,104,48
18269896.0,98,49
18269918.0,108,48
18269984.0,98,51
18270004.0,95,54
18270087.0,106,51
18270099.0,105,46
18270132.0,102,46
18270239.0,100,50
18270251.0,101,49
18270278.0,94,55
18270279.0,93,51
18270324.0,106,57
18270396.0,96,52
18270424.0,105,57
18270561.0,102,44
18270602.0,109,48
18270652.0,98,60
18270691.0,96,60
18270693.0,97,52
18270732.0,99,59
18270761.0,107,53
18270764.0,96,52
18270776.0,94,53
18270785.0,106,48
18270795.0,94,52
18270849.0,109,49
18270962.0,103,49
18271250.0,94,49
18271255.0,105,56
18271281.0,107,49
18271286.0,103,50
18271420.0,103,51
18271438.0,105,58
18271441.0,99,51
18271470.0,106,47
18271536.0,104,70
18271547.0,97,59
18271607.0,97,53
18271644.0,105,51
18271666.0,106,55
18271681.0,105,45
18271690.0,108,52
18271713.0,93,51
18271723.0,93,52
18271745.0,90,89
18271762.0,98,48
18271773.0,103,43
18271813.0,98,52
18271911.0,94,55
18271916.0,99,45
18272032.0,105,52
18272084.0,104,71
18272147.0,98,59
18272294.0,106,59
18272338.0,109,49
18272347.0,107,49
18272493.0,104,48
18272503.0,93,49
18272652.0,95,51
18272693.0,98,51
18272714.0,105,50
18272718.0,98,49
18272803.0,107,50
18272831.0,97,51
18272938.0,94,50
18272947.0,98,50
18272954.0,96,54
18272959.0,104,45
18272998.0,55,54
18273023.0,103,70
18273039.0,106,45
18273043.0,102,51
18273056.0,102,45
18273058.0,104,53
18273074.0,96,53
18273092.0,103,50
18273151.0,96,58
18273262.0,92,50
18273369.0,103,48
18273396.0,101,45
18273400.0,94,56
18273414.0,101,47
18273591.0,96,53
18273617.0,95,57
18273649.0,102,44
18273690.0,95,52
18273729.0,101,46
18273732.0,105,45
18273755.0,106,50
18273811.0,97,57
18273862.0,110,48
18273874.0,106,53
18273875.0,108,50
18273884.0,104,44
18273899.0,104,52
18273913.0,103,46
18273982.0,100,48
18274038.0,101,48
18274070.0,93,51
18274072.0,106,54
18274090.0,107,48
18274120.0,92,50
18274161.0,104,47
18274170.0,97,51
18274217.0,93,77
18274222.0,100,44
18274267.0,101,44
18274350.0,103,69
18274482.0,104,46
18274525.0,103,52
18274528.0,106,46
18274573.0,61,56
18274718.0,93,49
18274803.0,106,57
18274818.0,105,56
18274924.0,94,50
18274927.0,61,56
18275125.0,100,46
18275139.0,103,49
18275175.0,105,49
18275281.0,105,51
18275337.0,92,51
18275474.0,93,52
18275478.0,100,49
18275529.0,103,47
18275530.0,104,43
18275536.0,97,50
18275737.0,108,48
18275747.0,104,45
18275758.0,98,46
18275761.0,104,64
18275769.0,102,49
18275783.0,103,48
18275816.0,101,45
18275868.0,108,51
18276036.0,99,45
18276184.0,102,43
18276184.0,102,50
18276239.0,108,49
18276288.0,101,46
18276301.0,105,48
18276392.0,106,50
18276478.0,105,55
18276485.0,97,49
18276489.0,108,49
18276502.0,107,51
18276532.0,103,45
18276540.0,99,50
18276575.0,104,45
18276588.0,92,51
18276610.0,100,48
18276706.0,99,51
18276770.0,104,51
18276781.0,102,51
18276815.0,93,54
18276859.0,103,45
18276878.0,106,49
18277056.0,98,45
18277067.0,95,56
18277081.0,96,59
18277186.0,102,68
18277287.0,99,44
18277313.0,94,58
18277318.0,100,50
18277570.0,104,52
18277577.0,93,50
18277579.0,69,53
18277732.0,94,51
18277884.0,97,48
18277914.0,103,45
18277960.0,96,53
18277968.0,93,55
18278003.0,69,53
18278013.0,104,65
18278048.0,95,54
18278060.0,92,52
18278095.0,101,44
18278168.0,105,54
18278177.0,98,47
18278276.0,105,45
18278284.0,103,44
18278431.0,102,50
18278511.0,103,43
18278556.0,92,53
18278562.0,100,44
18278564.0,103,48
18278615.0,99,49
18278677.0,105,55
18278726.0,107,52
18278932.0,97,47
18278937.0,100,45
18278941.0,107,50
18278992.0,96,60
18279016.0,96,52
18279072.0,102,46
18279082.0,102,67
18279131.0,104,52
18279134.0,106,49
18279157.0,101,45
18279197.0,100,49
18279226.0,97,60
18279235.0,105,46
18279246.0,102,48
18279263.0,94,52
18279275.0,96,54
18279285.0,55,69
18279364.0,100,46
18279371.0,101,51
18279436.0,96,51
18279459.0,107,46
18279508.0,105,48
18279508.0,104,46
18279511.0,93,56
18279518.0,107,73
18279528.0,93,54
18279568.0,99,48
18279607.0,107,47
18279661.0,106,48
18279781.0,96,61
18279885.0,95,60
18279931.0,100,72
18279992.0,104,58
18280007.0,105,48
18280011.0,103,70
18280044.0,95,54
18280074.0,94,54
18280182.0,105,50
18280227.0,91,51
18280268.0,104,50
18280272.0,102,47
18280285.0,107,50
18280372.0,106,52
18280438.0,97,46
18280473.0,91,89
18280477.0,106,48
18280478.0,106,53
18280501.0,103,52
18280507.0,92,53
18280560.0,92,52
18280617.0,93,57
18280632.0,90,88
18280650.0,94,57
18280703.0,103,46
18280749.0,100,45
18280778.0,92,50
18280796.0,103,45
18280805.0,104,50
18280831.0,102,45
18280943.0,92,84
18280956.0,87,72
18280998.0,93,51
18281009.0,96,50
18281018.0,104,50
18281023.0,99,49
18281039.0,105,45
18281056.0,99,46
18281166.0,104,49
18281226.0,95,57
18281357.0,93,55
18281369.0,92,54
18281388.0,107,49
18281424.0,99,47
18281448.0,94,56
18281460.0,112,61
18281550.0,105,54
18281578.0,102,48
18281611.0,104,49
18281637.0,101,49
18281638.0,96,49
18281654.0,91,51
18281672.0,67,62
18281676.0,107,49
18281756.0,97,45
18281801.0,112,61
18281821.0,99,48
18281822.0,105,50
18281831.0,97,50
18281857.0,106,71
18281893.0,96,51
18281930.0,94,53
18281960.0,94,58
18282020.0,104,48
18282102.0,107,48
18282111.0,99,45
18282163.0,94,59
18282218.0,105,49
18282229.0,103,51
18282259.0,99,44
18282272.0,101,50
18282281.0,100,44
18282345.0,91,52
18282422.0,98,62
18282489.0,96,52
18282527.0,104,51
18282592.0,93,56
18282599.0,103,45
18282605.0,92,58
18282611.0,104,57
18282657.0,104,55
18282866.0,98,51
18282977.0,96,63
18283017.0,99,47
18283096.0,102,44
18283115.0,107,49
18283183.0,95,58
18283195.0,101,51
18283256.0,98,50
18283284.0,104,56
18283309.0,104,47
18283319.0,102,48
18283325.0,97,46
18283358.0,91,52
18283502.0,101,48
18283576.0,104,71
18283662.0,100,48
18283698.0,108,48
18283713.0,99,47
18283779.0,102,47
18283793.0,98,49
18283835.0,104,45
18283849.0,99,50
18283915.0,104,46
18284173.0,96,47
18284288.0,101,67
18284351.0,103,51
18284362.0,61,61
18284428.0,100,45
18284497.0,96,49
18284521.0,93,52
18284564.0,103,50
18284574.0,101,50
18284631.0,61,61
18284637.0,101,46
18284652.0,99,76
18284658.0,102,73
18284671.0,100,47
18284751.0,106,52
18284807.0,101,47
18284916.0,92,51
18284964.0,101,51
18284996.0,105,70
18285065.0,103,52
18285138.0,95,54
18285152.0,95,53
18285207.0,96,48
18285274.0,98,47
18285294.0,61,61
18285327.0,106,50
18285332.0,91,53
18285339.0,105,48
18285420.0,102,52
18285607.0,92,53
18285662.0,99,75
18285739.0,104,54
18285813.0,102,46
18286019.0,96,61
18286028.0,101,45
18286031.0,96,46
18286064.0,97,45
18286117.0,106,71
18286245.0,99,46
18286250.0,104,50
18286301.0,102,45
18286332.0,101,45
18286392.0,98,44
18286444.0,103,52
18286449.0,96,45
18286500.0,94,54
18286513.0,95,61
18286563.0,91,52
18286568.0,92,54
18286571.0,95,52
18286591.0,105,52
18286598.0,92,56
18286630.0,102,47
18286634.0,107,70
18286653.0,96,53
18286717.0,103,49
18286791.0,90,52
18286791.0,104,55
18286795.0,93,58
18286829.0,99,45
18286849.0,101,44
18286886.0,98,46
18286917.0,96,63
18286966.0,98,45
18287010.0,97,52
18287057.0,91,53
18287186.0,99,48
18287205.0,106,49
18287258.0,102,53
18287260.0,103,48
18287285.0,91,51
18287297.0,101,45
18287331.0,106,48
18287371.0,95,51
18287491.0,105,56
18287536.0,100,49
18287593.0,95,49
18287618.0,95,48
18287661.0,100,50
18287931.0,98,47
18287975.0,107,71
18287985.0,104,57
18288000.0,90,52
18288005.0,71,56
18288032.0,93,53
18288068.0,92,51
18288070.0,101,45
18288109.0,101,69
18288238.0,101,48
18288311.0,105,48
18288369.0,98,61
18288394.0,92,51
18288410.0,103,51
18288445.0,103,71
18288461.0,101,49
18288469.0,92,52
18288485.0,107,69
18288557.0,100,51
18288583.0,98,51
18288612.0,104,54
18288625.0,100,48
18288655.0,92,55
18288667.0,102,43
18288691.0,96,66
18288774.0,99,44
18288781.0,104,49
18288823.0,102,52
18288880.0,102,69
18289002.0,104,53
18289079.0,95,47
18289092.0,97,50
18289142.0,100,47
18289287.0,103,46
18289303.0,106,68
18289445.0,97,51
18289454.0,103,47
18289491.0,95,59
18289623.0,102,51
18289626.0,106,50
18289630.0,100,51
18289695.0,90,53
18289736.0,90,51
18289792.0,105,67
18289802.0,101,67
18289834.0,103,47
18289847.0,100,67
18289880.0,91,54
18290028.0,98,46
18290031.0,93,57
18290039.0,98,50
18290049.0,96,46
18290087.0,95,46
18290156.0,93,51
18290169.0,101,47
18290233.0,100,45
18290277.0,103,51
18290278.0,104,48
18290297.0,102,45
18290306.0,93,54
18290308.0,95,48
18290314.0,100,46
18290315.0,96,45
18290416.0,97,48
18290490.0,98,45
18290523.0,90,53
18290557.0,101,45
18290701.0,101,46
18290703.0,97,44
18290793.0,101,64
18290814.0,104,50
18290860.0,95,60
18290887.0,97,49
18290956.0,97,46
18291062.0,94,58
18291068.0,92,57
18291071.0,101,68
18291134.0,105,50
18291136.0,103,58
18291174.0,97,45
18291188.0,103,63
18291216.0,103,59
18291242.0,91,55
18291350.0,104,48
18291384.0,91,52
18291395.0,102,52
18291403.0,97,47
18291433.0,102,50
18291514.0,102,63
18291597.0,103,56
18291633.0,100,44
18291735.0,89,52
18291736.0,95,45
18291764.0,103,50
18291820.0,61,56
18291834.0,103,65
18291857.0,102,50
18291864.0,99,44
18291936.0,98,44
18291955.0,101,84
18291978.0,94,52
18292006.0,97,51
18292209.0,100,45
18292242.0,98,45
18292303.0,93,51
18292347.0,94,50
18292390.0,102,45
18292414.0,98,73
18292450.0,102,49
18292485.0,105,51
18292525.0,94,51
18292538.0,102,48
18292554.0,93,59
18292556.0,92,53
18292675.0,105,52
18292717.0,103,50
18292747.0,103,64
18292766.0,99,51
18292774.0,94,49
18292777.0,102,52
18292869.0,92,52
18292899.0,105,51
18292916.0,105,48
18292970.0,94,55
18292971.0,95,58
18292972.0,104,52
18292973.0,94,53
18293001.0,105,52
18293026.0,106,51
18293033.0,92,56
18293061.0,99,72
18293077.0,106,48
18293098.0,92,58
18293118.0,97,48
18293218.0,93,58
18293287.0,98,46
18293338.0,99,52
18293427.0,92,52
18293444.0,91,56
18293478.0,95,52
18293480.0,95,62
18293503.0,105,49
18293513.0,101,52
18293549.0,97,52
18293565.0,100,49
18293569.0,94,50
18293653.0,97,50
18293733.0,95,63
18293774.0,93,52
18293900.0,93,55
18293906.0,102,47
18294005.0,97,52
18294040.0,100,48
18294056.0,99,49
18294073.0,98,44
18294118.0,91,55
18294147.0,105,48
18294177.0,95,63
18294180.0,103,56
18294184.0,98,52
18294184.0,92,60
18294198.0,93,60
18294203.0,102,46
18294217.0,94,48
18294232.0,97,47
18294243.0,96,49
18294251.0,94,52
18294258.0,103,58
18294276.0,99,44
18294286.0,99,50
18294349.0,99,49
18294401.0,101,47
18294413.0,103,55
18294430.0,99,48
18294452.0,103,49
18294500.0,95,46
18294537.0,95,64
18294570.0,100,45
18294690.0,94,46
18294700.0,91,51
18294735.0,102,51
18294741.0,96,64
18294745.0,89,53
18294795.0,99,47
18294835.0,91,52
18294837.0,101,53
18294890.0,100,73
18294893.0,92,54
18294902.0,91,51
18294926.0,100,46
18294938.0,97,46
18295012.0,96,46
18295049.0,101,45
18295065.0,96,50
18295215.0,96,45
18295241.0,90,55
18295264.0,100,51
18295267.0,99,45
18295286.0,94,49
18295403.0,92,57
18295462.0,94,47
18295543.0,103,59
18295577.0,99,46
18295583.0,101,51
18295629.0,103,48
18295656.0,99,48
18295784.0,96,51
18295839.0,103,50
18295878.0,104,51
18295883.0,96,47
18295934.0,96,48
18295939.0,94,53
18295940.0,99,48
18295944.0,99,51
18295986.0,97,45
18296035.0,99,52
18296061.0,100,47
18296070.0,106,79
18296092.0,94,45
18296102.0,94,55
18296115.0,91,53
18296117.0,91,57
18296178.0,97,47
18296226.0,103,66
18296342.0,99,44
18296574.0,96,48
18296691.0,89,52
18296700.0,54,51
18296705.0,104,74
18296743.0,102,86
18296827.0,89,54
18296831.0,100,54
18296844.0,91,56
18296952.0,101,53
18297000.0,100,45
18297000.0,95,54
18297022.0,97,44
18297087.0,96,52
18297226.0,104,50
18297301.0,93,56
18297364.0,99,51
18297477.0,97,46
18297619.0,93,51
18297711.0,91,57
18297747.0,105,52
18297846.0,99,50
18298022.0,93,52
18298033.0,100,48
18298120.0,101,45
18298133.0,92,55
18298223.0,102,50
18298312.0,104,48
18298321.0,102,51
18298370.0,95,45
18298375.0,101,48
18298377.0,92,51
18298383.0,104,49
18298478.0,101,49
18298494.0,101,47
18298580.0,94,53
18298582.0,100,69
18298650.0,97,45
18298778.0,93,51
18298819.0,92,51
18298856.0,93,48
18298867.0,92,58
18298927.0,103,52
18298954.0,92,59
18299002.0,96,47
18299056.0,99,47
18299137.0,93,59
18299155.0,98,52
18299181.0,93,46
18299187.0,93,47
18299200.0,98,50
18299201.0,91,88
18299213.0,98,47
18299251.0,97,48
18299270.0,93,55
18299278.0,95,47
18299284.0,98,46
18299287.0,101,52
18299320.0,94,46
18299359.0,93,50
18299396.0,102,49
18299451.0,99,48
18299478.0,99,46
18299523.0,96,51
18299563.0,99,49
18299714.0,98,51
18299747.0,101,46
18299768.0,103,52
18299905.0,95,46
18299940.0,100,52
18299970.0,95,48
18299979.0,93,54
18300031.0,98,49
18300062.0,92,60
18300074.0,96,48
18300095.0,93,48
18300110.0,93,52
18300145.0,95,49
18300150.0,96,46
18300159.0,89,54
18300168.0,95,46
18300192.0,98,45
18300258.0,93,53
18300265.0,102,48
18300310.0,96,49
18300350.0,91,54
18300358.0,101,65
18300404.0,90,56
18300415.0,95,48
18300474.0,95,50
18300577.0,100,53
18300606.0,96,45
18300822.0,98,44
18300914.0,99,45
18300958.0,89,55
18300966.0,98,48
18301027.0,96,47
18301051.0,100,51
18301063.0,93,60
18301135.0,100,45
18301156.0,94,60
18301232.0,101,51
18301276.0,88,54
18301279.0,95,48
18301298.0,93,49
18301354.0,101,52
18301499.0,103,51
18301503.0,93,61
18301629.0,89,53
18301647.0,103,53
18301693.0,94,45
18301771.0,103,50
18301806.0,93,51
18301808.0,96,63
18301822.0,102,56
18301882.0,89,53
18301894.0,102,54
18301896.0,93,46
18301951.0,94,59
18302076.0,102,57
18302140.0,103,53
18302147.0,90,57
18302236.0,95,51
18302282.0,91,57
18302352.0,92,59
18302385.0,102,58
18302518.0,103,50
18302550.0,89,55
18302614.0,89,53
18302642.0,95,51
18302695.0,100,50
18302731.0,99,49
18302768.0,92,56
18302792.0,89,56
18302847.0,100,51
18302888.0,96,62
18302898.0,88,54
18302911.0,95,62
18302922.0,89,90
18302947.0,103,50
18302964.0,102,53
18303105.0,102,71
18303165.0,94,46
18303173.0,89,53
18303227.0,92,49
18303338.0,92,48
18303377.0,100,46
18303386.0,98,52
18303390.0,92,60
18303462.0,92,47
18303498.0,100,48
18303513.0,101,47
18303526.0,99,47
18303549.0,96,66
18303559.0,100,65
18303560.0,98,49
18303561.0,93,55
18303579.0,95,61
18303614.0,96,51
18303709.0,54,61
18303730.0,97,45
18303747.0,97,83
18303766.0,100,47
18303767.0,101,50
18303800.0,91,59
18303816.0,96,52
18303825.0,90,91
18303833.0,102,54
18303863.0,101,47
18303874.0,92,46
18303876.0,91,55
18303935.0,103,49
18303959.0,103,48
18303965.0,97,47
18304000.0,51,55
18304035.0,98,50
18304037.0,94,48
18304041.0,53,55
18304103.0,100,49
18304122.0,95,49
18304132.0,92,49
18304155.0,98,46
18304158.0,95,50
18304316.0,88,55
18304379.0,98,48
18304397.0,90,54
18304470.0,61,59
18304504.0,92,50
18304556.0,95,48
18304628.0,95,45
18304632.0,51,55
18304735.0,94,47
18304739.0,102,59
18304756.0,95,47
18304781.0,95,46
18304793.0,101,49
18304804.0,98,47
18304814.0,97,44
18304877.0,93,56
18304889.0,97,46
18304932.0,94,49
18304974.0,92,52
18305048.0,90,56
18305230.0,97,48
18305233.0,92,46
18305258.0,97,63
18305261.0,97,50
18305281.0,62,58
18305291.0,94,50
18305343.0,92,48
18305391.0,103,50
18305627.0,93,50
18305633.0,102,53
18305729.0,100,75
18305781.0,90,57
18305807.0,91,54
18305866.0,103,50
18305870.0,102,52
18305893.0,101,51
18305900.0,93,53
18305922.0,102,53
18305999.0,97,49
18306003.0,91,58
18306009.0,92,53
18306010.0,104,71
18306158.0,94,51
18306171.0,99,62
18306277.0,93,54
18306325.0,95,51
18306376.0,89,54
18306469.0,102,57
18306594.0,92,52
18306624.0,97,51
18306684.0,97,52
18306845.0,88,55
18306877.0,102,55
18306887.0,97,74
18306918.0,98,49
18306975.0,99,53
18306975.0,102,58
18306988.0,102,57
18306999.0,61,58
18307144.0,92,57
18307147.0,93,46
18307162.0,75,57
18307180.0,98,45
18307215.0,98,46
18307217.0,90,58
18307227.0,89,56
18307233.0,90,55
18307243.0,102,58
18307299.0,99,46
18307339.0,100,52
18307461.0,100,51
18307463.0,93,61
18307633.0,92,47
18307677.0,91,47
18307705.0,91,56
18307871.0,99,47
18307871.0,98,47
18307910.0,94,62
18308043.0,101,49
18308123.0,91,48
18308124.0,94,52
18308137.0,88,56
18308148.0,94,67
18308161.0,99,51
18308206.0,97,52
18308278.0,88,54
18308338.0,91,50
18308373.0,99,49
18308390.0,94,49
18308408.0,94,47
18308418.0,97,46
18308445.0,102,48
18308451.0,87,55
18308466.0,101,50
18308496.0,91,59
18308503.0,99,46
18308516.0,97,49
18308548.0,99,51
18308598.0,93,47
18308654.0,93,48
18308682.0,96,46
18308711.0,97,51
18308726.0,96,47
18308775.0,102,50
18308873.0,91,47
18308973.0,99,48
18309058.0,99,50
18309067.0,91,60
18309107.0,90,55
18309249.0,102,50
18309260.0,91,50
18309263.0,100,51
18309317.0,97,46
18309330.0,99,50
18309476.0,97,51
18309492.0,94,48
18309503.0,112,67
18309510.0,102,49
18309533.0,89,57
18309574.0,94,79
18309588.0,94,46
18309610.0,97,50
18309651.0,90,58
18309654.0,100,50
18309659.0,96,45
18309697.0,103,51
18309726.0,94,50
18309763.0,94,45
18309824.0,99,52
18309831.0,94,47
18309858.0,99,50
18309934.0,97,48
18309968.0,93,55
18310028.0,93,50
18310062.0,94,53
18310145.0,97,49
18310194.0,92,55
18310209.0,100,49
18310219.0,96,48
18310298.0,93,51
18310309.0,93,48
18310396.0,88,56
18310443.0,94,49
18310475.0,92,59
18310587.0,96,49
18310589.0,97,47
18310596.0,93,60
18310606.0,98,45
18310664.0,91,48
18310855.0,91,51
18310877.0,96,61
18310898.0,94,51
18310937.0,96,50
18310974.0,102,52
18311026.0,90,59
18311040.0,100,50
18311113.0,100,48
18311157.0,89,55
18311157.0,89,58
18311197.0,101,56
18311210.0,92,56
18311234.0,96,51
18311456.0,112,66
18311508.0,101,57
18311520.0,89,57
18311620.0,97,46
18311668.0,94,52
18311689.0,91,47
18311742.0,97,52
18311867.0,87,56
18312013.0,92,47
18312034.0,101,52
18312080.0,91,53
18312098.0,101,54
18312128.0,90,48
18312183.0,92,61
18312244.0,101,55
18312413.0,91,57
18312502.0,96,52
18312518.0,98,46
18312573.0,98,47
18312575.0,90,56
18312646.0,99,53
18312685.0,100,49
18312706.0,88,57
18312707.0,88,55
18312713.0,100,48
18312723.0,93,51
18312726.0,94,64
18312726.0,101,51
18312751.0,96,69
18312756.0,91,54
18312777.0,90,48
18312795.0,92,53
18312848.0,93,52
18312871.0,90,49
18312872.0,95,52
18312949.0,90,47
18312984.0,92,48
18312984.0,95,64
18313045.0,93,46
18313069.0,90,50
18313319.0,93,47
18313324.0,95,46
18313403.0,96,46
18313480.0,96,53
18313502.0,92,49
18313521.0,101,48
18313675.0,87,55
18313698.0,99,52
18313771.0,96,47
18313833.0,89,55
18313839.0,93,48
18313845.0,94,48
18313880.0,92,60
18314008.0,96,48
18314026.0,101,49
18314029.0,93,51
18314037.0,99,51
18314044.0,96,67
18314062.0,90,51
18314066.0,101,50
18314072.0,87,56
18314086.0,91,49
18314126.0,98,48
18314158.0,98,47
18314183.0,98,53
18314272.0,98,52
18314533.0,88,57
18314784.0,96,49
18314810.0,95,48
18314819.0,100,82
18314856.0,101,51
18314885.0,99,51
18314947.0,86,89
18314956.0,99,50
18314956.0,97,48
18314965.0,93,50
18314971.0,100,54
18315053.0,101,52
18315082.0,101,57
18315156.0,95,45
18315161.0,96,52
18315173.0,93,46
18315205.0,98,51
18315381.0,94,45
18315390.0,89,58
18315538.0,98,51
18315565.0,98,50
18315612.0,97,48
18315672.0,93,49
18315711.0,91,60
18315771.0,97,46
18315889.0,92,50
18315911.0,101,49
18315912.0,93,47
18316039.0,90,57
18316063.0,90,49
18316157.0,98,76
18316236.0,92,51
18316360.0,91,61
18316386.0,99,50
18316391.0,91,48
18316420.0,91,54
18316421.0,90,48
18316464.0,93,51
18316524.0,89,49
18316624.0,89,48
18316642.0,89,56
18316762.0,101,58
18316802.0,97,64
18316855.0,96,46
18316948.0,92,62
18316966.0,99,49
18316983.0,99,48
18317116.0,94,46
18317141.0,90,60
18317167.0,101,59
18317230.0,91,56
18317232.0,95,46
18317255.0,96,63
18317287.0,93,48
18317301.0,101,48
18317338.0,92,46
18317508.0,90,52
18317517.0,90,47
18317520.0,93,50
18317546.0,91,48
18317549.0,88,58
18317574.0,101,50
18317598.0,90,53
18317602.0,54,52
18317605.0,89,50
18317641.0,106,71
18317663.0,91,55
18317670.0,92,52
18317734.0,96,52
18317736.0,101,48
18317745.0,91,49
18317787.0,88,57
18317801.0,98,54
18317854.0,101,50
18317895.0,97,47
18317901.0,95,64
18317920.0,93,52
18317976.0,94,65
18317982.0,91,49
18318032.0,95,47
18318055.0,92,47
18318085.0,94,47
18318106.0,96,48
18318130.0,89,48
18318186.0,89,59
18318191.0,94,48
18318205.0,95,48
18318263.0,95,52
18318335.0,100,53
18318352.0,90,54
18318380.0,88,56
18318407.0,92,54
18318473.0,88,55
18318494.0,55,63
18318568.0,92,46
18318637.0,96,50
18318664.0,89,49
18318677.0,91,49
18318690.0,96,51
18318779.0,98,49
18318811.0,91,50
18318882.0,100,54
18318914.0,95,49
18318952.0,88,55
18318954.0,94,64
18318960.0,95,53
18318962.0,93,63
18318966.0,92,56
18319097.0,93,53
18319128.0,92,49
18319189.0,96,49
18319212.0,95,46
18319253.0,97,48
18319380.0,89,52
18319394.0,92,48
18319500.0,90,60
18319509.0,100,48
18319520.0,97,49
18319525.0,87,57
18319548.0,89,51
18319664.0,96,46
18319785.0,95,52
18319789.0,98,53
18319897.0,92,46
18319901.0,100,52
18319909.0,100,49
18319926.0,93,62
18319942.0,93,61
18319963.0,94,52
18319995.0,94,78
18320078.0,92,53
18320103.0,92,49
18320107.0,95,52
18320155.0,88,58
18320160.0,97,51
18320170.0,92,50
18320171.0,86,57
18320226.0,100,50
18320253.0,87,58
18320303.0,98,70
18320324.0,90,48
18320408.0,95,49
18320419.0,89,50
18320430.0,97,52
18320442.0,56,65
18320486.0,100,51
18320660.0,97,50
18320663.0,91,57
18320715.0,89,57
18320757.0,65,57
18320775.0,98,51
18320869.0,92,55
18320870.0,91,51
18320884.0,94,49
18320937.0,95,48
18320970.0,98,52
18321104.0,87,56
18321142.0,93,52
18321164.0,98,48
18321236.0,98,50
18321244.0,93,78
18321263.0,95,50
18321309.0,99,50
18321317.0,97,53
18321409.0,101,60
18321562.0,95,47
18321669.0,98,53
18321819.0,88,49
18321827.0,93,49
18321861.0,93,46
18321880.0,94,63
18321889.0,83,77
18321913.0,84,77
18321932.0,95,64
18321944.0,87,58
18321950.0,92,50
18322004.0,90,49
18322019.0,92,51
18322029.0,90,54
18322041.0,88,50
18322053.0,98,50
18322098.0,90,55
18322158.0,94,47
18322165.0,91,56
18322210.0,93,47
18322240.0,98,49
18322274.0,89,52
18322281.0,96,47
18322290.0,91,47
18322291.0,90,58
18322311.0,90,49
18322464.0,88,59
18322503.0,95,51
18322513.0,91,58
18322533.0,90,55
18322558.0,91,48
18322620.0,96,48
18322746.0,89,48
18322785.0,92,54
18322862.0,92,62
18322876.0,89,59
18322927.0,94,51
18322950.0,101,59
18322969.0,94,46
18323099.0,90,49
18323301.0,91,62
18323385.0,88,50
18323397.0,91,48
18323402.0,88,49
18323414.0,94,49
18323417.0,89,54
18323421.0,91,52
18323424.0,95,46
18323433.0,90,49
18323444.0,98,51
18323570.0,89,49
18323623.0,92,48
18323672.0,92,52
18323739.0,96,49
18323748.0,88,57
18323753.0,91,49
18323818.0,95,52
18323832.0,91,52
18323839.0,94,48
18323874.0,92,47
18323922.0,88,51
18323944.0,92,46
18324017.0,90,50
18324120.0,93,48
18324266.0,93,49
18324329.0,88,58
18324404.0,90,48
18324468.0,91,52
18324504.0,88,52
18324599.0,100,57
18324651.0,89,60
18324679.0,93,51
18324708.0,95,53
18324719.0,94,52
18324756.0,100,55
18324923.0,94,49
18324943.0,91,47
18324999.0,95,47
18325022.0,98,47
18325097.0,87,57
18325104.0,90,51
18325120.0,91,53
18325187.0,89,57
18325370.0,89,49
18325453.0,96,50
18325476.0,95,65
18325507.0,86,58
18325549.0,98,63
18325574.0,94,62
18325613.0,93,49
18325716.0,99,55
18325808.0,96,51
18325811.0,91,50
18325848.0,99,49
18325968.0,90,56
18325973.0,99,48
18325979.0,90,61
18325991.0,89,55
18325998.0,94,66
18326089.0,91,49
18326098.0,96,47
18326280.0,93,50
18326321.0,94,47
18326362.0,99,54
18326372.0,97,48
18326464.0,91,55
18326492.0,91,52
18326584.0,86,57
18326610.0,88,59
18326632.0,92,47
18326736.0,94,51
18326754.0,92,53
18326821.0,93,47
18326829.0,93,48
18326876.0,96,52
18326902.0,90,47
18326955.0,95,66
18327007.0,91,53
18327010.0,89,55
18327036.0,100,53
18327041.0,93,53
18327042.0,95,48
18327092.0,91,48
18327168.0,90,48
18327175.0,99,51
18327218.0,99,52
18327255.0,94,50
18327374.0,97,50
18327390.0,97,48
18327391.0,88,60
18327396.0,89,58
18327399.0,89,60
18327402.0,100,53
18327445.0,91,51
18327450.0,97,52
18327457.0,99,52
18327473.0,88,51
18327519.0,91,52
18327567.0,94,52
18327595.0,91,57
18327748.0,94,46
18327792.0,97,51
18327859.0,97,49
18327899.0,97,53
18327922.0,99,54
18328021.0,94,46
18328032.0,93,51
18328099.0,88,53
18328111.0,89,50
18328166.0,87,50
18328191.0,90,52
18328193.0,92,46
18328233.0,87,51
18328298.0,92,48
18328623.0,93,48
18328718.0,97,50
18328742.0,91,50
18328769.0,91,54
18328822.0,88,49
18328825.0,96,53
18328846.0,89,54
18328854.0,91,56
18328867.0,87,59
18328871.0,90,53
18328903.0,93,49
18328915.0,95,49
18329097.0,93,63
18329120.0,102,53
18329145.0,90,47
18329149.0,97,52
18329179.0,88,54
18329191.0,93,62
18329247.0,88,49
18329323.0,99,53
18329347.0,94,53
18329361.0,90,48
18329375.0,90,49
18329423.0,90,57
18329510.0,89,55
18329514.0,94,47
18329589.0,99,55
18329592.0,90,50
18329622.0,92,54
18329645.0,95,50
18329672.0,92,49
18329708.0,88,57
18329732.0,87,52
18329766.0,89,51
18329781.0,99,55
18329793.0,99,52
18329800.0,86,59
18329808.0,88,49
18329882.0,92,47
18329899.0,97,51
18330008.0,87,50
18330035.0,91,53
18330046.0,95,50
18330079.0,89,56
18330093.0,92,51
18330122.0,93,52
18330151.0,93,50
18330463.0,91,47
18330605.0,88,58
18330614.0,90,58
18330664.0,88,60
18330773.0,91,63
18330904.0,91,51
18330991.0,92,48
18331180.0,90,48
18331258.0,90,50
18331302.0,87,59
18331412.0,92,47
18331493.0,88,50
18331509.0,94,48
18331512.0,91,47
18331538.0,98,49
18331561.0,95,51
18331575.0,90,49
18331689.0,92,52
18331749.0,86,59
18331774.0,94,65
18331925.0,88,53
18331927.0,91,48
18331937.0,91,53
18332044.0,87,53
18332059.0,100,58
18332067.0,89,59
18332157.0,86,58
18332204.0,89,61
18332205.0,92,50
18332220.0,93,51
18332264.0,87,51
18332320.0,95,50
18332345.0,90,51
18332364.0,89,52
18332458.0,92,53
18332577.0,95,52
18332594.0,100,56
18332623.0,87,58
18332623.0,91,52
18332627.0,89,48
18332629.0,95,50
18332658.0,87,52
18332701.0,93,53
18332810.0,92,48
18332816.0,88,49
18332870.0,93,47
18332924.0,86,51
18333120.0,98,50
18333216.0,87,60
18333379.0,94,49
18333403.0,93,51
18333410.0,86,51
18333440.0,92,88
18333455.0,92,51
18333466.0,90,54
18333573.0,98,51
18333608.0,92,49
18333642.0,88,51
18333676.0,94,53
18333840.0,98,52
18333866.0,96,49
18333878.0,91,54
18333880.0,93,49
18333962.0,90,56
18334080.0,89,48
18334090.0,93,52
18334125.0,95,65
18334128.0,99,56
18334137.0,87,50
18334185.0,98,53
18334200.0,98,54
18334285.0,96,50
18334328.0,90,50
18334475.0,91,49
18334513.0,89,57
18334664.0,96,51
18334687.0,68,51
18334709.0,90,47
18334748.0,89,53
18335039.0,86,52
18335104.0,88,51
18335179.0,94,50
18335193.0,96,52
18335202.0,93,50
18335205.0,90,51
18335245.0,89,57
18335319.0,97,48
18335332.0,93,54
18335447.0,87,50
18335537.0,94,66
18335590.0,93,48
18335699.0,88,61
18335764.0,88,60
18335787.0,88,55
18335830.0,92,50
18335855.0,87,50
18335860.0,95,53
18335914.0,90,52
18335919.0,96,53
18335941.0,90,57
18336006.0,88,56
18336018.0,96,65
18336110.0,93,52
18336145.0,87,55
18336298.0,92,47
18336305.0,88,52
18336399.0,86,60
18336408.0,89,50
18336455.0,96,50
18336538.0,91,47
18336560.0,93,49
18336639.0,86,51
18336657.0,98,53
18336686.0,90,58
18336721.0,95,67
18336828.0,93,53
18336931.0,90,59
18336967.0,91,50
18336972.0,91,48
18336995.0,90,60
18337002.0,90,48
18337052.0,91,49
18337112.0,92,51
18337154.0,87,60
18337211.0,94,51
18337278.0,86,60
18337286.0,88,59
18337534.0,89,51
18337614.0,95,52
18337651.0,97,49
18337661.0,92,49
18337689.0,91,63
18337721.0,89,49
18337928.0,92,52
18337956.0,94,65
18338011.0,90,55
18338020.0,89,54
18338259.0,87,54
18338284.0,90,63
18338352.0,88,49
18338402.0,88,54
18338403.0,90,53
18338582.0,88,48
18338671.0,87,59
18338683.0,89,50
18338702.0,97,50
18338731.0,94,52
18338738.0,86,59
18338746.0,91,55
18338795.0,90,49
18338804.0,95,66
18338864.0,87,53
18338950.0,92,48
18338980.0,89,52
18339046.0,95,49
18339183.0,92,53
18339274.0,86,52
18339663.0,95,54
18339731.0,91,51
18339758.0,90,48
18339770.0,88,59
18339791.0,94,63
18339823.0,88,49
18339860.0,86,51
18339903.0,89,62
18339930.0,97,51
18339931.0,98,52
18339941.0,86,54
18340103.0,91,50
18340119.0,89,60
18340125.0,89,48
18340164.0,92,52
18340214.0,88,53
18340281.0,97,53
18340282.0,91,53
18340304.0,89,51
18340359.0,94,64
18340485.0,85,52
18340614.0,88,50
18340674.0,89,52
18340776.0,89,58
18340825.0,92,51
18340861.0,87,52
18340880.0,96,48
18340939.0,86,51
18340976.0,95,50
18341007.0,92,49
18341043.0,93,50
18341048.0,90,49
18341064.0,93,54
18341086.0,90,59
18341090.0,90,50
18341317.0,95,51
18341390.0,88,49
18341414.0,87,56
18341470.0,88,61
18341504.0,95,65
18341635.0,88,56
18341753.0,100,58
18341843.0,95,49
18341859.0,97,52
18341935.0,96,56
18341961.0,85,52
18342095.0,94,53
18342179.0,95,53
18342184.0,95,52
18342280.0,93,51
18342308.0,91,48
18342442.0,92,64
18342489.0,86,55
18342550.0,90,48
18342714.0,97,53
18342909.0,89,55
18342934.0,99,57
18342968.0,89,49
18342979.0,95,51
18343061.0,89,53
18343071.0,90,56
18343277.0,96,49
18343334.0,90,50
18343351.0,88,50
18343400.0,94,48
18343423.0,88,48
18343502.0,100,59
18343519.0,85,53
18343616.0,93,52
18343673.0,92,49
18343828.0,89,57
18344019.0,90,49
18344028.0,91,48
18344227.0,98,56
18344274.0,88,54
18344320.0,94,49
18344458.0,88,51
18344470.0,96,50
18344513.0,97,54
18344601.0,95,53
18344604.0,86,61
18344643.0,90,63
18344707.0,90,51
18344929.0,90,55
18344989.0,92,50
18345200.0,87,53
18345282.0,92,53
18345302.0,87,49
18345344.0,88,62
18345410.0,89,62
18345433.0,91,52
18345434.0,95,48
18345534.0,94,49
18345535.0,87,50
18345766.0,87,61
18345841.0,94,54
18345853.0,97,63
18345996.0,91,49
18345998.0,90,48
18346001.0,89,59
18346038.0,86,61
18346228.0,92,51
18346261.0,94,50
18346424.0,89,49
18346430.0,88,60
18346454.0,85,53
18346499.0,95,54
18346503.0,90,50
18346503.0,88,52
18346521.0,89,52
18346530.0,95,52
18346549.0,86,53
18346556.0,87,50
18346965.0,89,50
18346977.0,88,51
18347028.0,86,52
18347160.0,96,51
18347214.0,87,60
18347376.0,94,51
18347600.0,86,60
18347611.0,88,49
18347672.0,87,56
18347729.0,93,49
18347831.0,95,49
18347851.0,89,54
18348097.0,90,51
18348105.0,94,51
18348132.0,98,56
18348209.0,87,54
18348405.0,89,53
18348428.0,89,48
18348459.0,94,50
18348518.0,91,50
18348607.0,86,61
18348641.0,87,51
18348652.0,88,58
18348658.0,85,52
18348681.0,91,63
18348998.0,90,49
18349016.0,94,52
18349151.0,103,73
18349300.0,91,60
18349302.0,86,56
18349394.0,104,72
18349605.0,88,49
18349609.0,88,72
18349621.0,88,55
18349642.0,90,56
18349823.0,93,49
18349837.0,89,50
18349914.0,89,56
18349930.0,86,52
18349941.0,92,52
18349947.0,89,58
18350033.0,88,49
18350158.0,92,64
18350250.0,93,52
18350299.0,88,53
18350316.0,93,48
18350405.0,86,52
18350582.0,93,52
18350633.0,94,53
18350717.0,87,49
18350777.0,90,49
18351043.0,95,53
18351106.0,90,49
18351193.0,54,52
18351261.0,93,52
18351353.0,94,48
18351629.0,93,49
18351652.0,94,52
18351725.0,93,52
18351744.0,90,49
18351756.0,93,50
18351889.0,90,50
18351912.0,91,51
18352055.0,87,51
18352066.0,96,53
18352074.0,85,55
18352103.0,86,55
18352364.0,90,49
18352462.0,88,57
18352572.0,92,55
18352593.0,90,57
18352816.0,90,55
18352846.0,89,49
18352849.0,82,104
18352938.0,90,49
18352975.0,86,53
18352980.0,94,49
18353017.0,87,52
18353067.0,87,50
18353112.0,96,67
18353131.0,90,50
18353210.0,89,54
18353358.0,93,51
18353532.0,88,53
18353603.0,87,58
18353605.0,94,53
18353662.0,88,60
18353704.0,87,54
18353856.0,93,50
18353947.0,93,54
18354104.0,92,53
18354135.0,88,59
18354194.0,94,54
18354232.0,96,54
18354253.0,88,54
18354553.0,101,69
18354787.0,86,50
18354965.0,89,56
18354975.0,92,49
18355004.0,88,56
18355275.0,87,62
18355333.0,89,63
18355512.0,93,52
18355728.0,88,56
18355736.0,86,51
18355797.0,95,52
18356044.0,93,48
18356060.0,88,50
18356086.0,88,49
18356137.0,89,55
18356187.0,88,54
18356801.0,94,50
18356850.0,87,50
18357057.0,92,53
18357147.0,91,52
18357270.0,98,57
18357319.0,90,63
18357441.0,92,49
18357531.0,89,57
18357822.0,93,52
18357961.0,93,51
18358013.0,89,50
18358080.0,86,53
18358128.0,88,58
18358157.0,90,64
18358493.0,85,53
18358654.0,90,51
18358850.0,86,62
18359253.0,92,50
18359314.0,95,52
18359366.0,93,49
18359836.0,86,50
18359929.0,92,51
18360013.0,87,61
18360184.0,89,61
18360333.0,87,62
18360812.0,89,60
18360953.0,89,56
18361218.0,94,51
18361274.0,85,53
18361853.0,94,65
18361862.0,87,53
18362196.0,94,66
18362278.0,93,50
18362457.0,92,54
18363203.0,92,49
18363457.0,92,51
18364405.0,92,52
18364560.0,91,50
18365057.0,88,50
18365215.0,87,54
18365248.0,91,50
18365304.0,94,54
18365523.0,91,53
18365636.0,104,73
18365649.0,83,99
18366191.0,95,54
18366582.0,92,54
18367065.0,92,53
18367563.0,92,52
18367566.0,83,94
18367750.0,93,51
18367959.0,93,51
18367965.0,102,71
18368113.0,91,51
18368218.0,92,51
18368306.0,89,61
18368338.0,84,93
18369000.0,88,60
18369723.0,90,50
18370034.0,92,50
18370227.0,91,49
18370555.0,93,51
18371002.0,112,56
18371170.0,89,49
18371414.0,104,84
18371620.0,103,84
18372050.0,95,54
18372211.0,104,72
18373310.0,88,50
18373381.0,92,50
18373660.0,90,50
18376548.0,97,71
18378207.0,89,90
18379449.0,82,106
18379501.0,97,66
18379760.0,97,66
18381355.0,88,91
18382605.0,101,67
18383392.0,89,51
18384997.0,96,55
18385951.0,94,53
18386179.0,104,71
18386839.0,87,55
18386880.0,98,57
18387024.0,92,53
18387572.0,87,50
18387950.0,95,54
18388124.0,97,56
18388302.0,87,51
18388407.0,92,54
18388418.0,90,62
18388432.0,86,54
18388639.0,85,56
18388688.0,87,54
18388764.0,88,55
18388816.0,95,66
18388915.0,93,54
18388979.0,101,65
18389010.0,88,52
18389035.0,89,61
18389047.0,101,64
18389241.0,102,64
18389307.0,86,52
18389332.0,90,51
18389412.0,86,53
18389606.0,93,51
18389907.0,93,55
18390029.0,89,50
18390458.0,92,50
18390487.0,89,60
18390588.0,101,63
18390673.0,91,52
18390795.0,94,52
18390923.0,94,55
18390946.0,91,51
18390978.0,91,57
18391159.0,90,57
18391199.0,90,51
18391362.0,91,57
18391396.0,93,51
18391892.0,90,61
18391989.0,92,52
18392071.0,58,54
18392299.0,89,56
18392413.0,93,54
18392470.0,87,53
18392698.0,95,53
18392798.0,85,54
18393475.0,88,50
18393726.0,91,52
18393796.0,87,61
18394101.0,87,54
18394283.0,87,52
18394801.0,88,56
18394940.0,89,57
18394996.0,100,59
18395222.0,86,57
18395366.0,88,61
18395567.0,89,57
18395664.0,86,56
18395698.0,86,51
18395780.0,88,53
18395866.0,96,66
18395953.0,87,62
18395968.0,88,59
18396064.0,93,54
18396279.0,94,54
18396304.0,96,54
18396404.0,92,50
18396437.0,92,53
18396619.0,97,55
18396840.0,92,51
18396954.0,88,62
18396967.0,96,70
18396986.0,87,54
18397113.0,93,50
18397222.0,90,58
18397360.0,94,52
18397623.0,94,51
18397788.0,90,50
18397791.0,88,55
18397828.0,89,55
18398054.0,99,57
18398121.0,87,62
18398161.0,97,55
18398335.0,90,56
18398348.0,88,50
18398435.0,93,50
18398436.0,89,61
18398712.0,95,52
18399089.0,91,51
18399177.0,98,57
18399288.0,93,54
18399349.0,91,50
18399354.0,93,52
18399444.0,90,60
18399477.0,95,66
18399524.0,95,52
18399859.0,90,63
18399930.0,87,52
18399933.0,98,56
18400130.0,88,61
18400138.0,91,64
18400189.0,92,51
18400225.0,90,57
18400352.0,94,51
18400431.0,91,57
18400443.0,92,52
18400496.0,92,65
18400693.0,87,51
18400725.0,86,53
18400777.0,89,56
18400804.0,92,49
18400897.0,90,49
18400908.0,87,53
18400958.0,90,50
18400987.0,94,54
18400992.0,99,57
18401169.0,101,63
18401284.0,89,59
18401357.0,88,52
18401575.0,92,50
18401592.0,89,60
18401594.0,84,96
18401689.0,90,57
18401811.0,89,63
18401846.0,93,52
18401890.0,82,102
18401923.0,96,53
18402050.0,88,53
18402105.0,94,50
18402118.0,83,102
18402258.0,89,60
18402296.0,84,95
18402402.0,92,64
18402530.0,90,55
18402730.0,89,60
18402734.0,90,59
18402781.0,87,53
18402872.0,95,51
18402955.0,90,60
18403074.0,93,49
18403108.0,90,62
18403340.0,91,50
18403435.0,92,50
18403525.0,94,53
18403535.0,97,54
18403623.0,89,60
18403626.0,94,50
18403658.0,93,51
18403750.0,90,49
18403756.0,96,53
18403810.0,86,54
18403931.0,85,54
18404018.0,89,56
18404031.0,94,54
18404072.0,93,53
18404186.0,92,51
18404219.0,89,59
18404315.0,98,55
18404325.0,89,62
18404340.0,85,54
18404528.0,91,60
18404595.0,90,49
18404613.0,88,54
18404625.0,94,54
18404692.0,95,51
18404736.0,93,49
18404837.0,89,55
18404893.0,101,59
18405114.0,99,56
18405413.0,91,61
18405451.0,96,52
18405500.0,97,54
18405506.0,88,55
18405788.0,100,63
18406137.0,93,52
18406329.0,89,53
18406349.0,96,66
18406465.0,94,52
18406515.0,107,73
18406572.0,93,50
18406596.0,95,54
18406600.0,87,57
18406605.0,92,49
18406731.0,102,67
18406776.0,91,50
18406845.0,96,67
18406881.0,94,49
18406894.0,90,56
18406912.0,95,65
18406968.0,89,55
18406973.0,90,61
18406999.0,102,67
18407012.0,86,55
18407047.0,90,55
18407068.0,91,49
18407179.0,97,55
18407205.0,98,55
18407320.0,87,52
18407407.0,97,66
18407441.0,89,52
18407490.0,88,57
18407502.0,88,53
18407503.0,95,50
18407600.0,89,62
18407755.0,87,55
18407866.0,90,50
18407944.0,86,55
18407952.0,89,49
18407968.0,87,61
18408001.0,90,63
18408028.0,55,61
18408248.0,89,60
18408265.0,90,54
18408284.0,91,61
18408286.0,97,66
18408295.0,93,52
18408313.0,89,58
18408349.0,86,55
18408460.0,91,55
18408563.0,87,52
18408564.0,86,53
18408582.0,94,51
18408615.0,55,61
18408704.0,91,63
18408785.0,99,56
18408786.0,91,49
18408958.0,97,53
18409023.0,89,49
18409125.0,92,50
18409170.0,88,52
18409205.0,97,65
18409272.0,88,61
18409366.0,89,52
18409529.0,94,53
18409577.0,96,51
18409604.0,90,53
18409704.0,55,61
18409749.0,87,60
18409756.0,101,62
18409776.0,93,49
18409777.0,93,50
18409826.0,88,60
18409862.0,89,60
18409945.0,100,57
18410038.0,93,50
18410085.0,95,50
18410109.0,102,61
18410220.0,87,52
18410268.0,95,53
18410521.0,88,50
18410673.0,94,49
18410734.0,93,51
18410747.0,100,60
18410783.0,88,50
18410851.0,93,49
18410929.0,101,58
18410943.0,102,64
18410963.0,89,57
18411010.0,102,66
18411099.0,91,49
18411164.0,90,49
18411181.0,96,66
18411224.0,94,51
18411327.0,93,49
18411399.0,93,51
18411424.0,92,49
18411441.0,88,52
18411446.0,95,49
18411499.0,89,51
18411534.0,100,59
18411565.0,103,64
18411631.0,89,54
18411644.0,98,54
18411813.0,90,60
18412083.0,102,65
18412101.0,91,56
18412103.0,97,53
18412131.0,99,55
18412262.0,97,52
18412304.0,88,52
18412321.0,91,55
18412350.0,94,50
18412420.0,90,49
18412462.0,102,67
18412527.0,106,68
18412561.0,90,55
18412851.0,94,53
18413094.0,92,64
18413114.0,96,54
18413150.0,92,49
18413161.0,88,58
18413236.0,89,58
18413298.0,96,50
18413316.0,95,52
18413511.0,89,61
18413529.0,98,54
18413618.0,90,53
18413680.0,90,58
18413737.0,90,50
18413767.0,94,52
18413769.0,89,58
18413794.0,90,60
18413839.0,91,59
18413847.0,106,69
18414002.0,91,54
18414018.0,89,58
18414020.0,99,55
18414040.0,107,69
18414140.0,89,53
18414252.0,91,56
18414291.0,87,53
18414349.0,96,51
18414559.0,90,54
18414617.0,93,50
18414720.0,92,63
18414745.0,89,57
18414768.0,89,50
18414789.0,95,51
18414826.0,90,54
18414832.0,90,62
18414863.0,100,56
18414891.0,89,58
18415201.0,88,55
18415215.0,98,53
18415251.0,97,52
18415337.0,87,52
18415421.0,90,52
18415478.0,97,51
18415501.0,96,53
18415615.0,94,51
18415642.0,103,63
18415667.0,97,65
18415707.0,94,49
18415780.0,95,49
18415852.0,95,53
18416116.0,92,56
18416252.0,97,66
18416479.0,96,49
18416500.0,95,48
18416514.0,89,51
18416698.0,95,51
18416705.0,88,51
18416875.0,102,59
18416885.0,91,55
18416978.0,88,59
18417081.0,97,66
18417193.0,99,56
18417198.0,89,52
18417223.0,89,51
18417265.0,92,56
18417306.0,102,68
18417482.0,94,51
18417500.0,88,51
18417529.0,87,52
18417548.0,93,49
18417582.0,98,52
18417675.0,100,57
18417715.0,100,56
18417789.0,96,53
18417955.0,92,55
18417972.0,99,54
18418036.0,93,63
18418042.0,89,59
18418045.0,90,54
18418122.0,95,50
18418125.0,97,50
18418153.0,92,59
18418231.0,92,60
18418264.0,89,50
18418357.0,92,63
18418533.0,87,53
18418551.0,91,55
18418603.0,96,52
18418620.0,90,51
18418676.0,88,61
18418823.0,92,60
18418847.0,91,60
18418911.0,89,59
18418919.0,95,52
18418964.0,94,64
18419008.0,91,53
18419062.0,90,53
18419100.0,98,52
18419126.0,100,55
18419167.0,88,60
18419175.0,89,52
18419221.0,94,50
18419227.0,92,48
18419242.0,92,56
18419276.0,96,64
18419289.0,85,55
18419335.0,90,55
18419425.0,89,51
18419461.0,101,57
18419481.0,88,54
18419498.0,93,60
18419698.0,92,54
18419821.0,91,49
18419863.0,90,50
18419950.0,99,54
18420041.0,101,59
18420092.0,89,51
18420195.0,96,51
18420245.0,91,48
18420252.0,97,50
18420261.0,98,51
18420278.0,94,53
18420376.0,90,50
18420456.0,90,53
18420458.0,97,65
18420496.0,91,58
18420555.0,95,49
18420664.0,96,53
18420755.0,88,50
18420770.0,94,50
18420830.0,93,51
18420957.0,93,48
18420989.0,97,65
18421002.0,95,51
18421064.0,89,60
18421068.0,90,50
18421125.0,100,55
18421139.0,105,71
18421160.0,102,59
18421253.0,92,60
18421332.0,91,48
18421517.0,98,66
18421597.0,97,49
18421603.0,102,66
18421617.0,91,52
18421634.0,102,64
18421664.0,102,63
18421735.0,99,53
18421758.0,97,53
18421780.0,95,48
18421793.0,103,67
18421966.0,92,51
18422183.0,102,58
18422213.0,94,63
18422228.0,98,51
18422312.0,102,61
18422336.0,94,49
18422414.0,91,60
18422424.0,103,62
18422606.0,101,64
18422643.0,90,59
18422704.0,96,53
18422718.0,92,59
18422739.0,89,56
18422742.0,88,52
18422820.0,96,48
18422846.0,92,48
18422864.0,98,65
18422905.0,93,51
18422910.0,91,54
18422923.0,90,49
18422963.0,91,51
18422991.0,96,51
18423011.0,95,51
18423027.0,101,56
18423041.0,97,48
18423079.0,96,50
18423112.0,95,50
18423282.0,98,50
18423625.0,99,54
18423743.0,90,52
18423878.0,89,58
18423918.0,92,53
18423949.0,89,50
18424009.0,99,52
18424048.0,90,61
18424083.0,94,48
18424100.0,90,58
18424157.0,93,55
18424410.0,90,60
18424430.0,91,59
18424444.0,97,53
18424687.0,97,52
18424746.0,98,49
18424784.0,99,65
18424859.0,97,48
18424888.0,91,53
18424914.0,92,58
18424943.0,91,50
18425080.0,88,51
18425342.0,104,65
18425519.0,103,65
18425544.0,88,59
18425556.0,93,63
18425570.0,95,50
18425580.0,96,49
18425584.0,91,62
18425597.0,93,50
18425671.0,93,59
18425674.0,97,64
18425680.0,92,60
18425720.0,98,66
18425783.0,92,62
18425802.0,98,65
18425841.0,91,57
18425957.0,101,57
18425962.0,90,51
18426050.0,89,51
18426136.0,99,51
18426153.0,99,53
18426207.0,89,58
18426216.0,102,57
18426234.0,90,49
18426314.0,98,50
18426343.0,98,49
18426360.0,90,58
18426379.0,96,52
18426388.0,89,53
18426391.0,97,51
18426398.0,96,64
18426469.0,92,52
18426501.0,90,53
18426528.0,91,53
18426560.0,90,55
18426827.0,91,49
18426898.0,96,51
18426955.0,91,57
18427104.0,97,50
18427171.0,89,50
18427226.0,90,50
18427232.0,95,49
18427255.0,92,54
18427335.0,99,50
18427343.0,94,63
18427420.0,91,52
18427443.0,103,66
18427497.0,92,51
18427511.0,99,51
18427567.0,92,55
18427600.0,103,60
18427754.0,101,55
18427754.0,89,58
18427804.0,89,59
18427948.0,96,63
18427951.0,90,58
18428116.0,88,52
18428122.0,94,50
18428198.0,90,57
18428313.0,100,54
18428411.0,99,50
18428426.0,99,65
18428479.0,96,50
18428568.0,102,58
18428600.0,92,61
18428655.0,96,48
18428765.0,103,67
18428859.0,89,52
18428920.0,91,49
18429003.0,90,50
18429033.0,95,48
18429036.0,103,59
18429051.0,98,66
18429109.0,108,72
18429150.0,93,55
18429201.0,91,49
18429252.0,98,53
18429257.0,99,65
18429317.0,94,47
18429321.0,91,58
18429339.0,88,51
18429340.0,100,53
18429356.0,97,53
18429361.0,96,51
18429619.0,92,58
18429625.0,96,50
18429630.0,90,58
18429640.0,92,57
18429737.0,93,62
18429765.0,101,55
18429774.0,91,56
18429777.0,91,60
18429790.0,92,51
18429833.0,90,59
18429872.0,90,60
18429902.0,91,49
18430028.0,91,60
18430045.0,89,51
18430111.0,91,56
18430144.0,97,52
18430173.0,100,52
18430182.0,97,49
18430184.0,97,51
18430206.0,91,49
18430432.0,91,51
18430455.0,97,66
18430499.0,93,58
18430565.0,93,52
18430587.0,102,56
18430627.0,91,60
18430756.0,103,58
18430777.0,89,52
18430915.0,98,52
18430962.0,99,49
18431072.0,99,64
18431099.0,99,52
18431101.0,91,48
18431155.0,92,50
18431187.0,97,52
18431192.0,96,49
18431222.0,91,56
18431256.0,100,53
18431282.0,90,53
18431292.0,94,62
18431296.0,91,48
18431378.0,98,64
18431403.0,92,47
18431442.0,90,54
18431497.0,92,53
18431554.0,97,51
18431646.0,97,48
18431653.0,90,53
18431725.0,90,49
18431728.0,100,52
18431737.0,89,50
18431850.0,102,57
18431923.0,101,54
18431934.0,95,51
18432026.0,94,48
18432100.0,94,54
18432130.0,98,51
18432153.0,90,53
18432186.0,93,47
18432208.0,94,59
18432248.0,93,58
18432429.0,97,65
18432440.0,96,53
18432451.0,92,58
18432523.0,93,54
18432577.0,92,57
18432599.0,90,49
18432600.0,98,47
18432767.0,101,58
18432786.0,95,63
18432836.0,91,55
18432907.0,98,50
18433034.0,92,49
18433049.0,100,51
18433109.0,93,59
18433135.0,91,50
18433198.0,89,51
18433247.0,95,63
18433254.0,99,48
18433259.0,95,47
18433274.0,95,48
18433318.0,90,57
18433385.0,100,50
18433439.0,97,51
18433453.0,92,52
18433868.0,92,58
18433892.0,93,51
18433896.0,95,50
18434016.0,92,60
18434110.0,92,56
18434195.0,90,52
18434216.0,95,52
18434284.0,103,65
18434405.0,93,57
18434435.0,96,48
18434443.0,94,53
18434480.0,91,60
18434498.0,103,57
18434527.0,103,58
18434658.0,93,52
18434669.0,92,48
18434693.0,98,51
18434695.0,102,55
18434735.0,91,60
18434798.0,94,47
18434905.0,97,50
18434913.0,93,61
18435026.0,101,53
18435083.0,91,49
18435133.0,95,62
18435168.0,93,53
18435171.0,89,58
18435198.0,90,58
18435342.0,98,49
18435359.0,92,51
18435394.0,94,48
18435396.0,94,50
18435508.0,100,52
18435620.0,96,49
18435729.0,92,47
18435759.0,93,50
18435763.0,98,49
18435909.0,98,52
18435927.0,102,55
18435936.0,101,55
18435945.0,99,65
18435957.0,94,49
18435959.0,99,53
18436053.0,96,47
18436140.0,96,63
18436180.0,95,50
18436272.0,99,52
18436356.0,91,57
18436391.0,99,48
18436403.0,100,49
18436540.0,100,51
18436563.0,97,49
18436640.0,98,48
18436745.0,94,47
18436752.0,99,47
18436794.0,101,53
18436827.0,94,62
18437110.0,103,68
18437131.0,100,50
18437317.0,101,52
18437489.0,95,48
18437556.0,96,51
18437582.0,98,51
18437592.0,97,53
18437596.0,92,56
18437617.0,92,60
18437681.0,100,48
18437712.0,90,50
18437725.0,98,64
18437865.0,90,59
18437938.0,99,66
18437939.0,96,51
18438037.0,99,51
18438148.0,93,46
18438181.0,92,57
18438289.0,98,65
18438299.0,93,56
18438309.0,93,52
18438343.0,91,53
18438413.0,104,62
18438503.0,92,58
18438504.0,104,60
18438521.0,97,48
18438539.0,101,51
18438553.0,104,59
18438585.0,95,54
18438615.0,99,50
18438654.0,91,57
18438660.0,92,50
18438670.0,100,54
18438711.0,103,59
18438897.0,99,52
18438938.0,93,57
18438939.0,92,49
18438945.0,92,55
18439013.0,98,47
18439014.0,93,48
18439179.0,91,58
18439196.0,90,49
18439214.0,101,52
18439219.0,101,50
18439274.0,96,50
18439287.0,93,58
18439349.0,98,51
18439372.0,93,53
18439382.0,95,49
18439409.0,95,47
18439527.0,94,46
18439563.0,91,52
18439682.0,99,49
18439689.0,99,64
18439787.0,98,63
18439928.0,95,48
18439941.0,95,62
18439963.0,99,49
18440088.0,90,56
18440091.0,93,51
18440123.0,98,50
18440128.0,100,65
18440166.0,104,58
18440275.0,101,49
18440297.0,94,53
18440333.0,93,47
18440341.0,100,47
18440409.0,99,53
18440478.0,94,57
18440546.0,92,57
18440646.0,90,57
18440647.0,93,60
18440651.0,104,64
18440667.0,103,58
18440764.0,94,50
18440794.0,96,50
18440898.0,96,62
18440926.0,92,49
18440937.0,97,62
18440939.0,92,54
18440980.0,101,51
18441008.0,95,53
18441050.0,105,65
18441057.0,103,63
18441092.0,99,48
18441133.0,99,52
18441155.0,91,56
18441185.0,102,56
18441202.0,103,57
18441213.0,99,51
18441466.0,98,49
18441492.0,105,63
18441696.0,95,58
18441703.0,101,54
18441713.0,105,65
18441764.0,102,53
18441793.0,95,47
18441809.0,101,50
18441855.0,99,49
18441873.0,101,49
18441877.0,102,55
18441878.0,93,57
18441893.0,93,56
18442017.0,94,51
18442119.0,91,57
18442193.0,95,52
18442197.0,94,49
18442223.0,104,59
18442241.0,93,52
18442263.0,99,49
18442268.0,92,48
18442374.0,94,56
18442378.0,99,47
18442394.0,100,47
18442401.0,93,48
18442464.0,96,46
18442643.0,95,46
18442647.0,100,52
18442651.0,96,48
18442664.0,101,48
18442701.0,103,55
18442782.0,91,50
18442792.0,107,68
18442797.0,94,53
18442835.0,92,53
18442864.0,104,58
18442923.0,96,61
18442941.0,92,56
18442958.0,95,61
18442975.0,90,55
18442988.0,91,49
18443088.0,102,52
18443109.0,104,57
18443133.0,93,49
18443135.0,100,51
18443202.0,99,52
18443302.0,99,51
18443322.0,102,51
18443454.0,99,47
18443517.0,93,47
18443560.0,93,55
18443590.0,92,58
18443608.0,97,46
18443618.0,94,52
18443732.0,103,60
18443733.0,96,47
18443761.0,102,53
18443767.0,92,48
18443814.0,96,48
18443820.0,91,57
18443866.0,98,48
18443886.0,98,64
18443915.0,97,63
18443931.0,95,54
18444042.0,93,50
18444128.0,94,60
18444310.0,94,57
18444368.0,94,48
18444388.0,98,63
18444432.0,93,57
18444551.0,95,53
18444569.0,102,52
18444583.0,95,51
18444592.0,98,47
18444597.0,99,51
18444624.0,94,51
18444659.0,99,72
18444681.0,96,46
18444683.0,93,61
18444723.0,100,50
18444735.0,95,46
18444756.0,101,53
18444769.0,99,63
18444854.0,91,56
18444947.0,102,50
18445017.0,104,60
18445027.0,95,51
18445057.0,94,56
18445288.0,101,47
18445354.0,92,56
18445415.0,103,54
18445460.0,93,48
18445578.0,99,64
18445625.0,94,47
18445830.0,102,51
18445915.0,102,49
18445917.0,93,59
18445973.0,100,48
18446061.0,104,57
18446105.0,96,47
18446138.0,99,49
18446148.0,102,50
18446234.0,94,46
18446463.0,104,65
18446473.0,92,51
18446512.0,93,48
18446555.0,94,51
18446583.0,93,56
18446640.0,95,50
18446737.0,100,47
18446835.0,100,49
18446838.0,94,57
18446882.0,103,55
18446926.0,100,64
18447174.0,102,49
18447192.0,92,57
18447342.0,91,49
18447360.0,97,48
18447387.0,98,46
18447436.0,103,54
18447447.0,53,59
18447502.0,102,54
18447568.0,95,49
18447585.0,102,48
18447645.0,96,48
18447653.0,104,56
18447740.0,103,56
18447804.0,103,67
18447809.0,99,50
18447856.0,94,50
18447967.0,94,55
18448082.0,95,58
18448149.0,98,62
18448159.0,95,52
18448193.0,91,56
18448211.0,93,46
18448298.0,97,48
18448299.0,96,52
18448302.0,92,49
18448319.0,99,48
18448359.0,95,56
18448434.0,94,49
18448437.0,96,53
18448446.0,103,53
18448497.0,99,70
18448505.0,92,50
18448522.0,95,57
18448573.0,99,49
18448574.0,94,59
18448611.0,93,47
18448686.0,95,48
18448745.0,92,48
18448759.0,93,53
18448799.0,92,55
18448944.0,91,55
18449032.0,102,47
18449119.0,102,52
18449148.0,90,50
18449169.0,97,48
18449210.0,96,56
18449305.0,101,52
18449316.0,90,56
18449348.0,96,61
18449421.0,105,58
18449422.0,103,51
18449430.0,94,48
18449434.0,101,49
18449519.0,92,55
18449701.0,99,47
18449712.0,103,52
18449736.0,96,45
18449771.0,95,47
18449817.0,105,60
18450062.0,101,51
18450069.0,96,46
18450079.0,93,58
18450082.0,97,61
18450201.0,102,48
18450211.0,96,53
18450228.0,97,46
18450317.0,92,48
18450352.0,100,51
18450406.0,93,47
18450424.0,101,50
18450499.0,93,56
18450537.0,104,66
18450555.0,104,57
18450567.0,101,48
18450598.0,94,56
18450684.0,103,50
18450701.0,105,59
18450718.0,93,52
18450821.0,108,69
18450852.0,102,47
18450904.0,105,58
18450927.0,95,46
18451027.0,93,52
18451165.0,96,51
18451173.0,105,62
18451180.0,99,46
18451194.0,95,55
18451259.0,96,60
18451462.0,103,51
18451488.0,103,65
18451501.0,93,51
18451624.0,103,53
18451635.0,100,50
18451690.0,94,53
18451745.0,94,47
18451861.0,92,56
18451866.0,96,50
18451940.0,98,45
18451946.0,93,52
18451975.0,103,49
18451984.0,101,47
18452059.0,100,49
18452079.0,99,47
18452138.0,94,54
18452159.0,97,46
18452230.0,93,55
18452291.0,105,57
18452299.0,91,55
18452346.0,103,48
18452376.0,95,56
18452459.0,104,56
18452482.0,94,56
18452789.0,91,55
18452825.0,96,52
18452841.0,104,54
18452850.0,94,47
18452851.0,103,52
18452903.0,93,50
18452915.0,93,49
18452928.0,97,45
18452935.0,93,47
18452943.0,93,57
18452946.0,98,47
18452952.0,95,57
18453016.0,95,47
18453179.0,96,49
18453221.0,99,46
18453261.0,103,48
18453271.0,100,48
18453361.0,94,48
18453374.0,103,47
18453491.0,95,49
18453558.0,99,63
18453743.0,96,48
18453790.0,93,48
18453791.0,103,48
18453848.0,91,56
18453892.0,93,56
18453983.0,96,53
18454025.0,89,83
18454081.0,92,54
18454096.0,94,58
18454201.0,104,69
18454249.0,97,52
18454256.0,95,59
18454443.0,104,53
18454545.0,104,54
18454604.0,99,64
18454661.0,103,47
18454685.0,95,48
18454692.0,96,47
18454697.0,101,51
18454810.0,104,55
18454951.0,95,47
18454983.0,103,51
18455030.0,105,56
18455042.0,99,45
18455047.0,93,47
18455087.0,104,65
18455207.0,98,47
18455211.0,102,52
18455222.0,99,49
18455226.0,103,54
18455286.0,96,51
18455338.0,94,55
18455357.0,102,49
18455367.0,95,51
18455456.0,91,55
18455474.0,103,53
18455508.0,104,66
18455515.0,96,60
18455531.0,97,53
18455614.0,103,47
18455834.0,100,64
18455906.0,97,51
18455920.0,102,50
18455924.0,105,64
18455959.0,96,46
18455962.0,104,52
18456054.0,100,65
18456119.0,93,54
18456139.0,105,69
18456190.0,105,64
18456197.0,106,64
18456259.0,100,46
18456333.0,102,51
18456406.0,102,47
18456425.0,104,50
18456473.0,95,54
18456507.0,104,53
18456527.0,106,65
18456574.0,95,56
18456578.0,104,51
18456610.0,96,45
18456614.0,97,60
18456661.0,92,55
18456662.0,95,60
18456682.0,96,55
18456721.0,102,48
18456822.0,96,59
18456891.0,100,49
18456934.0,95,47
18457087.0,100,63
18457139.0,94,52
18457165.0,101,51
18457168.0,95,45
18457194.0,106,71
18457234.0,93,56
18457284.0,101,50
18457302.0,93,54
18457347.0,97,52
18457410.0,97,50
18457522.0,96,50
18457551.0,99,47
18457590.0,99,62
18457598.0,104,49
18457615.0,91,48
18457643.0,95,50
18457691.0,97,49
18457723.0,103,49
18457747.0,101,49
18457809.0,94,50
18457890.0,104,48
18457900.0,100,45
18457923.0,104,52
18458050.0,100,52
18458100.0,94,51
18458163.0,102,52
18458164.0,96,49
18458169.0,106,63
18458232.0,95,58
18458307.0,101,48
18458354.0,101,52
18458361.0,104,47
18458406.0,101,62
18458439.0,95,53
18458692.0,94,54
18458696.0,98,61
18458704.0,104,50
18458768.0,98,60
18458778.0,93,54
18458792.0,95,46
18458842.0,99,64
18458885.0,97,48
18458914.0,95,55
18458933.0,102,52
18458940.0,108,69
18459013.0,109,70
18459231.0,104,49
18459434.0,100,48
18459508.0,105,54
18459534.0,93,48
18459534.0,96,48
18459581.0,106,59
18459610.0,94,47
18459614.0,94,49
18459737.0,98,52
18459762.0,104,47
18459793.0,100,62
18459814.0,100,47
18459828.0,104,61
18459839.0,97,47
18459892.0,93,55
18459897.0,94,47
18459920.0,96,47
18459992.0,106,61
18460041.0,99,63
18460050.0,99,47
18460063.0,97,51
18460127.0,94,57
18460159.0,99,49
18460288.0,95,52
18460297.0,93,55
18460306.0,97,59
18460313.0,99,45
18460332.0,101,63
18460342.0,101,47
18460439.0,106,60
18460495.0,104,48
18460499.0,92,54
18460570.0,106,58
18460585.0,94,47
18460682.0,96,55
18460701.0,97,46
18460711.0,97,45
18460720.0,94,48
18460730.0,105,55
18460769.0,94,54
18460779.0,109,73
18460782.0,100,45
18460822.0,95,46
18460823.0,104,53
18460828.0,104,50
18460876.0,96,46
18460937.0,104,51
18460945.0,95,57
18460995.0,103,49
18461028.0,96,54
18461136.0,105,57
18461196.0,96,59
18461240.0,103,48
18461282.0,105,50
18461306.0,105,58
18461315.0,93,53
18461358.0,103,51
18461399.0,103,50
18461410.0,94,56
18461427.0,102,52
18461445.0,95,50
18461453.0,93,55
18461478.0,103,52
18461567.0,101,50
18461574.0,99,45
18461587.0,99,50
18461708.0,99,61
18461786.0,107,73
18461825.0,105,54
18461867.0,98,51
18461922.0,93,54
18462038.0,100,49
18462071.0,105,50
18462098.0,93,53
18462126.0,102,50
18462155.0,101,45
18462335.0,105,51
18462362.0,105,53
18462374.0,105,52
18462380.0,97,50
18462509.0,100,48
18462591.0,105,63
18462604.0,95,54
18462637.0,101,46
18462644.0,96,58
18462684.0,94,55
18462773.0,100,48
18462781.0,97,55
18462792.0,103,51
18462855.0,96,51
18462891.0,103,47
18462932.0,98,44
18462952.0,97,60
18462976.0,106,56
18463043.0,105,49
18463134.0,97,49
18463167.0,100,49
18463174.0,100,47
18463546.0,93,54
18463574.0,102,48
18463595.0,94,53
18463703.0,98,50
18463707.0,96,53
18463726.0,95,47
18463732.0,95,50
18463737.0,102,49
18463751.0,105,52
18463763.0,102,50
18463865.0,100,45
18463869.0,103,48
18463917.0,95,48
18463953.0,95,51
18463970.0,98,52
18463977.0,106,59
18464003.0,105,47
18464065.0,95,49
18464085.0,106,65
18464121.0,106,60
18464156.0,104,67
18464201.0,106,57
18464207.0,100,50
18464217.0,98,48
18464222.0,95,50
18464225.0,100,47
18464316.0,101,45
18464409.0,105,48
18464447.0,106,55
18464538.0,97,47
18464545.0,97,54
18464549.0,98,47
18464562.0,105,51
18464564.0,105,50
18464572.0,95,48
18464637.0,104,66
18464652.0,98,49
18464658.0,96,46
18464700.0,97,46
18464721.0,95,50
18464746.0,106,66
18464759.0,99,44
18464918.0,106,56
18464945.0,95,54
18464945.0,105,53
18465079.0,95,50
18465101.0,98,46
18465141.0,98,45
18465335.0,99,45
18465459.0,93,53
18465507.0,104,54
18465577.0,99,44
18465607.0,103,50
18465892.0,101,50
18465967.0,98,44
18466053.0,97,48
18466111.0,96,55
18466140.0,104,49
18466201.0,106,62
18466229.0,94,54
18466250.0,103,51
18466290.0,105,47
18466527.0,98,50
18466549.0,104,48
18466590.0,104,50
18466820.0,106,54
18466826.0,103,52
18466843.0,104,50
18466858.0,102,46
18466993.0,99,50
18466995.0,94,53
18467016.0,101,49
18467079.0,96,51
18467114.0,103,50
18467120.0,103,51
18467169.0,102,45
18467174.0,96,54
18467303.0,97,58
18467416.0,99,51
18467446.0,99,61
18467458.0,104,51
18467488.0,104,50
18467502.0,106,67
18467551.0,106,55
18467595.0,93,86
18467606.0,97,54
18467621.0,95,56
18467633.0,106,51
18467785.0,104,47
18467859.0,98,49
18467900.0,101,50
18467954.0,101,47
18467971.0,101,48
18467999.0,103,50
18468024.0,95,53
18468027.0,106,54
18468055.0,103,48
18468095.0,105,54
18468150.0,106,48
18468171.0,102,48
18468175.0,106,50
18468202.0,96,46
18468278.0,101,48
18468285.0,106,47
18468310.0,106,57
18468443.0,97,59
18468444.0,101,46
18468498.0,99,60
18468571.0,104,67
18468597.0,98,50
18468603.0,101,47
18468673.0,106,49
18468677.0,106,52
18468683.0,94,52
18468688.0,98,59
18468727.0,103,47
18468762.0,103,49
18468789.0,97,46
18468837.0,107,67
18468855.0,106,53
18468927.0,103,48
18468931.0,101,45
18468968.0,107,58
18468996.0,99,44
18469007.0,99,49
18469047.0,105,55
18469062.0,107,59
18469081.0,94,53
18469105.0,105,52
18469115.0,100,48
18469129.0,105,66
18469216.0,100,61
18469221.0,98,47
18469230.0,96,47
18469288.0,99,50
18469344.0,97,53
18469353.0,95,54
18469367.0,100,45
18469456.0,99,47
18469487.0,96,49
18469563.0,104,49
18469588.0,96,46
18469597.0,98,48
18469612.0,106,51
18469643.0,99,46
18469648.0,103,46
18469662.0,104,51
18469672.0,104,52
18469673.0,99,45
18469680.0,106,48
18469707.0,106,50
18469779.0,103,50
18469871.0,106,47
18470073.0,107,57
18470244.0,103,45
18470280.0,95,55
18470284.0,96,53
18470376.0,107,56
18470380.0,106,52
18470393.0,106,64
18470410.0,101,45
18470566.0,100,44
18470589.0,106,54
18470599.0,99,48
18470603.0,107,59
18470624.0,107,60
18470641.0,107,58
18470674.0,99,51
18470684.0,98,56
18470733.0,95,55
18470741.0,98,46
18470765.0,108,67
18470768.0,103,48
18470778.0,101,47
18470785.0,95,52
18470819.0,96,56
18470851.0,98,45
18470919.0,99,44
18470929.0,100,63
18470982.0,100,62
18471066.0,105,47
18471100.0,107,66
18471136.0,97,52
18471214.0,99,56
18471289.0,101,44
18471321.0,101,64
18471360.0,103,47
18471489.0,99,50
18471492.0,107,57
18471565.0,105,48
18471616.0,55,57
18471618.0,99,67
18471792.0,101,46
18471824.0,101,62
18471828.0,102,48
18471836.0,103,46
18471961.0,103,45
18471984.0,97,57
18471989.0,106,51
18472016.0,100,63
18472033.0,107,61
18472038.0,104,51
18472041.0,102,62
18472048.0,101,49
18472072.0,95,57
18472133.0,99,45
18472142.0,105,49
18472177.0,106,60
18472207.0,104,52
18472241.0,55,57
18472327.0,106,53
18472460.0,105,53
18472516.0,97,58
18472532.0,99,51
18472533.0,95,53
18472552.0,102,47
18472567.0,96,55
18472601.0,101,63
18472607.0,107,50
18472699.0,96,51
18472781.0,97,55
18472799.0,107,48
18472838.0,102,46
18472841.0,97,54
18472889.0,104,50
18472910.0,99,50
18472920.0,96,55
18472927.0,101,61
18472971.0,100,60
18472976.0,100,51
18472991.0,96,51
18472997.0,104,51
18473000.0,96,58
18473006.0,100,48
18473055.0,105,60
18473073.0,107,65
18473113.0,101,45
18473146.0,99,48
18473191.0,107,56
18473193.0,107,64
18473214.0,98,53
18473222.0,107,47
18473252.0,107,49
18473367.0,107,60
18473391.0,100,50
18473393.0,107,48
18473398.0,107,50
18473415.0,107,55
18473418.0,103,44
18473453.0,100,45
18473457.0,104,49
18473486.0,97,51
18473566.0,102,45
18473634.0,98,54
18473668.0,107,51
18473692.0,96,55
18473778.0,105,51
18473845.0,98,58
18473875.0,99,49
18473887.0,97,46
18473894.0,102,47
18473958.0,99,59
18473995.0,96,52
18474018.0,107,66
18474022.0,107,52
18474046.0,104,48
18474106.0,100,44
18474108.0,106,63
18474219.0,97,46
18474248.0,94,52
18474253.0,105,50
18474287.0,106,52
18474520.0,107,57
18474521.0,107,55
18474668.0,104,47
18474686.0,97,47
18474691.0,99,46
18474711.0,100,49
18474725.0,97,46
18474740.0,99,55
18474758.0,100,47
18474773.0,107,54
18474779.0,107,49
18474796.0,99,45
18474840.0,101,48
18474843.0,97,56
18474843.0,97,50
18474882.0,101,44
18474928.0,107,51
18474963.0,97,53
18475002.0,102,46
18475030.0,105,52
18475042.0,97,46
18475053.0,107,59
18475120.0,97,49
18475202.0,104,45
18475242.0,98,59
18475252.0,102,48
18475370.0,93,53
18475376.0,97,57
18475383.0,107,52
18475384.0,99,47
18475423.0,99,54
18475458.0,107,58
18475475.0,106,48
18475526.0,107,47
18475586.0,108,68
18475619.0,107,53
18475622.0,100,45
18475735.0,106,47
18475767.0,100,46
18475952.0,98,52
18476200.0,107,50
18476413.0,99,60
18476423.0,98,53
18476538.0,106,48
18476582.0,107,51
18476617.0,107,54
18476956.0,96,54
18476976.0,95,52
18477044.0,102,45
18477054.0,107,52
18477061.0,100,50
18477106.0,96,52
18477183.0,98,57
18477423.0,103,51
18477444.0,100,51
18477469.0,108,48
18477538.0,107,53
18477546.0,103,48
18477569.0,103,45
18477581.0,108,47
18477668.0,98,54
18477739.0,106,49
18477755.0,104,44
18477758.0,98,51
18477763.0,103,46
18477819.0,97,52
18477839.0,108,49
18477872.0,95,53
18477890.0,106,47
18477893.0,96,53
18477983.0,105,66
18478036.0,97,56
18478043.0,102,47
18478157.0,98,58
18478192.0,98,53
18478206.0,96,51
18478217.0,99,58
18478241.0,98,52
18478270.0,97,55
18478282.0,99,55
18478322.0,108,48
18478337.0,98,45
18478371.0,106,50
18478428.0,103,45
18478452.0,108,50
18478473.0,108,49
18478522.0,108,47
18478624.0,105,50
18478631.0,105,46
18478654.0,101,51
18478658.0,100,45
18478679.0,101,45
18478714.0,105,51
18478734.0,105,48
18478764.0,107,48
18478780.0,105,47
18478811.0,107,65
18478813.0,105,45
18478828.0,109,70
18478849.0,104,49
18478868.0,105,49
18478908.0,100,47
18478910.0,106,63
18478923.0,103,86
18478924.0,107,63
18479047.0,108,51
18479071.0,99,59
18479093.0,101,44
18479124.0,101,62
18479149.0,103,46
18479222.0,101,47
18479286.0,101,50
18479326.0,98,46
18479371.0,108,50
18479397.0,102,46
18479430.0,105,50
18479454.0,105,45
18479484.0,106,51
18479528.0,98,50
18479559.0,101,46
18479610.0,101,50
18479615.0,96,52
18479777.0,101,48
18479806.0,103,45
18479836.0,100,49
18479855.0,98,47
18479883.0,105,46
18479930.0,103,47
18479933.0,100,59
18480217.0,108,56
18480236.0,108,59
18480282.0,108,52
18480355.0,108,51
18480478.0,97,51
18480500.0,98,49
18480505.0,101,60
18480522.0,102,43
18480533.0,106,52
18480564.0,107,63
18480580.0,108,57
18480716.0,105,52
18480774.0,101,49
18480825.0,103,48
18480877.0,101,63
18480927.0,100,44
18481006.0,100,60
18481034.0,108,56
18481108.0,103,44
18481111.0,101,63
18481119.0,108,49
18481121.0,105,44
18481150.0,103,43
18481216.0,107,55
18481243.0,103,49
18481283.0,98,48
18481286.0,106,51
18481294.0,102,61
18481312.0,97,51
18481328.0,105,51
18481360.0,74,55
18481402.0,107,62
18481428.0,101,51
18481492.0,98,53
18481505.0,108,52
18481524.0,107,47
18481565.0,108,54
18481611.0,98,57
18481621.0,103,45
18481666.0,108,48
18481790.0,98,52
18481791.0,108,55
18481813.0,108,58
18481831.0,108,47
18481842.0,108,53
18481866.0,107,48
18481901.0,100,58
18481905.0,107,51
18482016.0,101,61
18482055.0,107,49
18482247.0,104,44
18482321.0,106,47
18482396.0,103,46
18482437.0,106,50
18482458.0,104,49
18482470.0,99,45
18482488.0,103,62
18482498.0,104,46
18482581.0,98,56
18482587.0,104,45
18482620.0,108,57
18482717.0,108,51
18482787.0,97,54
18482855.0,104,47
18482900.0,109,49
18482929.0,104,50
18483063.0,109,47
18483318.0,101,50
18483357.0,102,45
18483391.0,108,59
18483425.0,107,50
18483430.0,106,46
18483435.0,108,53
18483460.0,109,48
18483489.0,99,51
18483496.0,97,51
18483510.0,108,54
18483593.0,101,62
18483652.0,104,48
18483665.0,97,53
18483667.0,102,46
18483676.0,109,50
18483706.0,106,50
18483713.0,99,52
18483805.0,104,46
18483806.0,105,49
18483842.0,106,66
18483850.0,109,49
18483870.0,99,50
18483887.0,99,46
18483929.0,106,45
18483982.0,108,55
18484013.0,106,47
18484021.0,102,44
18484039.0,108,56
18484054.0,99,47
18484083.0,96,51
18484149.0,104,47
18484168.0,104,44
18484199.0,102,47
18484216.0,105,47
18484245.0,102,50
18484260.0,106,49
18484281.0,108,52
18484311.0,99,52
18484346.0,109,50
18484360.0,106,50
18484441.0,101,47
18484451.0,109,47
18484503.0,106,51
18484509.0,98,51
18484528.0,99,53
18484537.0,101,45
18484601.0,108,47
18484616.0,101,63
18484623.0,109,51
18484629.0,99,54
18484638.0,106,48
18484669.0,106,64
18484704.0,104,43
18484752.0,104,45
18484806.0,101,48
18484824.0,101,49
18484873.0,102,48
18484890.0,103,43
18484916.0,105,67
18484972.0,109,48
18485171.0,107,49
18485194.0,104,48
18485236.0,99,48
18485250.0,108,58
18485281.0,107,51
18485291.0,105,68
18485310.0,107,63
18485325.0,101,63
18485334.0,97,50
18485350.0,108,62
18485384.0,101,44
18485406.0,109,51
18485448.0,100,49
18485469.0,108,61
18485494.0,104,49
18485563.0,104,43
18485599.0,97,52
18485690.0,106,49
18485703.0,98,55
18485735.0,107,49
18485775.0,99,49
18485846.0,106,46
18485897.0,100,59
18485916.0,107,51
18486006.0,106,52
18486022.0,107,64
18486040.0,108,63
18486154.0,97,51
18486169.0,99,57
18486172.0,111,100
18486184.0,107,77
18486249.0,102,49
18486298.0,108,48
18486302.0,106,50
18486351.0,108,76
18486369.0,104,47
18486372.0,105,71
18486383.0,100,53
18486405.0,101,62
18486517.0,106,45
18486544.0,100,44
18486545.0,109,52
18486572.0,108,47
18486720.0,105,47
18486752.0,105,69
18486805.0,104,46
18486820.0,107,50
18486835.0,98,54
18486836.0,105,44
18486923.0,108,60
18487039.0,99,52
18487086.0,105,45
18487160.0,108,64
18487175.0,106,65
18487226.0,108,61
18487294.0,97,53
18487306.0,100,52
18487323.0,109,50
18487366.0,105,46
18487397.0,109,52
18487623.0,105,48
18487640.0,108,49
18487686.0,106,51
18487708.0,104,44
18487769.0,107,52
18487774.0,99,45
18487800.0,110,49
18487809.0,101,59
18487815.0,108,49
18487994.0,107,45
18488023.0,99,56
18488061.0,101,53
18488102.0,110,48
18488124.0,103,45
18488131.0,102,45
18488134.0,107,47
18488140.0,110,47
18488193.0,100,45
18488263.0,105,49
18488275.0,109,51
18488276.0,107,52
18488317.0,107,48
18488342.0,107,46
18488358.0,109,49
18488371.0,110,49
18488394.0,106,47
18488423.0,102,50
18488545.0,103,43
18488565.0,103,46
18488604.0,105,46
18488651.0,103,44
18488698.0,100,51
18488747.0,110,50
18488748.0,100,58
18488815.0,105,43
18488864.0,105,51
18488948.0,107,47
18488961.0,108,49
18488978.0,98,51
18488991.0,110,47
18488995.0,102,63
18489034.0,98,50
18489094.0,105,50
18489227.0,107,50
18489266.0,109,55
18489311.0,103,47
18489337.0,109,53
18489354.0,110,50
18489375.0,107,49
18489390.0,100,46
18489429.0,102,48
18489475.0,108,50
18489477.0,109,57
18489584.0,109,58
18489592.0,105,46
18489678.0,105,45
18489785.0,105,44
18489802.0,107,45
18489829.0,99,57
18489905.0,103,50
18489918.0,107,44
18489919.0,108,57
18489932.0,106,44
18489935.0,109,54
18489950.0,101,70
18489965.0,109,47
18489986.0,102,46
18489989.0,99,51
18490014.0,107,51
18490017.0,106,67
18490077.0,102,51
18490091.0,109,56
18490104.0,103,49
18490160.0,100,50
18490164.0,107,49
18490177.0,107,50
18490197.0,98,53
18490310.0,109,55
18490375.0,109,48
18490404.0,98,52
18490420.0,110,48
18490482.0,99,52
18490518.0,105,44
18490554.0,105,49
18490566.0,103,48
18490634.0,108,64
18490636.0,105,47
18490648.0,109,54
18490699.0,100,48
18490825.0,109,59
18490854.0,109,53
18490955.0,107,46
18490998.0,110,51
18491000.0,107,48
18491006.0,107,51
18491013.0,105,51
18491133.0,110,49
18491145.0,105,48
18491165.0,105,43
18491371.0,100,57
18491414.0,109,49
18491450.0,108,51
18491474.0,100,47
18491481.0,98,51
18491510.0,109,56
18491526.0,104,50
18491576.0,105,50
18491598.0,108,54
18491669.0,109,52
18491709.0,106,45
18491745.0,101,58
18491800.0,110,51
18491889.0,99,54
18491945.0,107,63
18491988.0,106,46
18492094.0,109,48
18492117.0,103,51
18492147.0,108,45
18492182.0,99,50
18492205.0,108,46
18492244.0,107,50
18492294.0,103,45
18492300.0,105,46
18492305.0,102,60
18492350.0,110,52
18492354.0,104,44
18492490.0,107,65
18492515.0,108,65
18492524.0,110,50
18492617.0,106,47
18492662.0,107,52
18492724.0,100,58
18492810.0,107,65
18492862.0,111,49
18492873.0,109,57
18492881.0,98,49
18492913.0,108,45
18492940.0,111,48
18492952.0,104,43
18492977.0,100,53
18493046.0,108,46
18493088.0,99,56
18493113.0,107,51
18493156.0,108,47
18493162.0,109,58
18493184.0,98,52
18493195.0,108,51
18493204.0,108,52
18493265.0,106,47
18493313.0,108,55
18493343.0,110,52
18493450.0,104,47
18493526.0,108,60
18493542.0,101,52
18493545.0,108,48
18493590.0,109,49
18493596.0,98,54
18493619.0,108,51
18493619.0,106,46
18493628.0,101,45
18493637.0,106,45
18493646.0,100,49
18493680.0,109,50
18493681.0,111,50
18493693.0,106,48
18493717.0,101,59
18493750.0,98,49
18493785.0,99,55
18493843.0,110,47
18493890.0,104,45
18493924.0,105,45
18493939.0,106,48
18493975.0,108,47
18493993.0,111,49
18494032.0,103,47
18494070.0,106,44
18494085.0,104,46
18494144.0,107,44
18494149.0,103,46
18494233.0,103,49
18494245.0,101,47
18494324.0,106,46
18494329.0,108,49
18494358.0,108,66
18494430.0,109,55
18494640.0,103,50
18494664.0,111,48
18494735.0,111,50
18494792.0,101,48
18494800.0,108,61
18494809.0,103,48
18494828.0,108,67
18494916.0,101,60
18494965.0,100,51
18494969.0,108,74
18495023.0,99,49
18495049.0,110,48
18495060.0,108,45
18495066.0,99,53
18495070.0,106,74
18495089.0,98,50
18495109.0,108,48
18495249.0,107,46
18495264.0,111,51
18495313.0,101,50
18495337.0,108,50
18495352.0,106,43
18495363.0,101,51
18495395.0,109,50
18495483.0,100,56
18495620.0,92,88
18495631.0,105,43
18495659.0,99,49
18495663.0,99,52
18495702.0,101,49
18495714.0,108,49
18495730.0,102,49
18495751.0,103,63
18495780.0,110,52
18495783.0,107,45
18495809.0,106,44
18495845.0,100,52
18495893.0,106,47
18495908.0,102,61
18495960.0,94,53
18496043.0,100,50
18496118.0,109,45
18496145.0,104,50
18496152.0,99,54
18496160.0,110,48
18496163.0,107,64
18496197.0,106,45
18496455.0,110,49
18496493.0,108,51
18496514.0,104,48
18496551.0,109,51
18496563.0,104,47
18496566.0,104,49
18496575.0,109,73
18496635.0,111,49
18496653.0,108,44
18496699.0,99,50
18496721.0,108,75
18496726.0,98,49
18496755.0,107,47
18496802.0,108,50
18496840.0,107,46
18496865.0,109,46
18496884.0,109,45
18496987.0,102,44
18496998.0,111,51
18497025.0,107,76
18497131.0,97,81
18497142.0,105,44
18497142.0,107,44
18497316.0,110,51
18497324.0,112,48
18497326.0,101,57
18497332.0,105,45
18497406.0,108,51
18497462.0,104,47
18497475.0,108,47
18497478.0,99,51
18497515.0,110,49
18497609.0,102,45
18497697.0,111,51
18497776.0,107,43
18497791.0,107,48
18497843.0,99,51
18497880.0,106,48
18497900.0,109,51
18497905.0,104,44
18497923.0,100,57
18497944.0,108,44
18498057.0,109,47
18498111.0,109,46
18498156.0,111,52
18498295.0,108,52
18498300.0,104,43
18498368.0,104,46
18498412.0,102,46
18498413.0,107,46
18498431.0,99,50
18498465.0,110,50
18498511.0,110,55
18498540.0,107,45
18498540.0,104,47
18498597.0,107,44
18498630.0,110,53
18498656.0,111,50
18498783.0,110,57
18498835.0,112,49
18498843.0,99,49
18498865.0,109,48
18498882.0,107,49
18498918.0,101,52
18498949.0,109,52
18499030.0,100,49
18499037.0,105,43
18499048.0,105,46
18499091.0,101,58
18499344.0,109,45
18499419.0,104,48
18499495.0,100,56
18499522.0,111,52
18499524.0,104,43
18499566.0,107,47
18499620.0,109,49
18499640.0,112,50
18499641.0,109,44
18499658.0,110,56
18499799.0,104,49
18499952.0,104,45
18500040.0,109,58
18500062.0,111,48
18500202.0,107,47
18500242.0,110,50
18500344.0,102,52
18500428.0,105,47
18500448.0,104,50
18500503.0,109,50
18500550.0,109,49
18500587.0,106,43
18500595.0,109,52
18500643.0,107,46
18500669.0,108,62
18500679.0,103,48
18500706.0,108,45
18500731.0,107,48
18500745.0,103,44
18500750.0,109,47
18500795.0,102,47
18500815.0,102,51
18500888.0,110,55
18500891.0,107,49
18500927.0,108,46
18500936.0,99,49
18500950.0,110,45
18500979.0,111,49
18501007.0,105,44
18501071.0,110,58
18501146.0,110,51
18501158.0,109,51
18501199.0,108,47
18501236.0,105,43
18501250.0,111,53
18501270.0,107,71
18501327.0,109,48
18501442.0,106,44
18501456.0,100,53
18501464.0,110,54
18501481.0,107,50
18501525.0,109,56
18501558.0,109,50
18501573.0,99,50
18501574.0,102,48
18501763.0,102,50
18501794.0,107,45
18501796.0,101,50
18501815.0,102,49
18501818.0,105,49
18501938.0,110,53
18501967.0,110,59
18502059.0,111,53
18502172.0,106,45
18502296.0,101,51
18502317.0,110,46
18502332.0,108,45
18502339.0,111,52
18502339.0,107,49
18502411.0,108,52
18502486.0,110,47
18502527.0,109,57
18502530.0,109,51
18502564.0,105,50
18502682.0,105,48
18502792.0,100,48
18502804.0,110,57
18502858.0,111,48
18503009.0,109,59
18503045.0,110,48
18503088.0,108,44
18503107.0,104,48
18503123.0,110,45
18503175.0,100,52
18503195.0,99,49
18503203.0,110,51
18503209.0,104,51
18503232.0,108,46
18503267.0,111,54
18503287.0,108,63
18503293.0,109,45
18503377.0,102,59
18503432.0,102,52
18503446.0,105,46
18503517.0,102,60
18503552.0,76,55
18503572.0,106,67
18503644.0,101,47
18503649.0,108,48
18503655.0,111,50
18503663.0,107,48
18503704.0,99,52
18503737.0,77,55
18503803.0,106,46
18503832.0,110,58
18503885.0,110,48
18503914.0,105,47
18503937.0,113,49
18503975.0,106,45
18503988.0,109,52
18504008.0,112,48
18504047.0,105,45
18504048.0,107,50
18504089.0,108,44
18504279.0,101,56
18504320.0,109,51
18504352.0,108,45
18504379.0,76,55
18504389.0,105,43
18504484.0,109,63
18504546.0,77,55
18504592.0,110,49
18504597.0,107,62
18504598.0,111,55
18504617.0,101,49
18504642.0,102,58
18504683.0,111,54
18504734.0,100,51
18504762.0,103,46
18504780.0,109,60
18504824.0,105,48
18504891.0,77,55
18504955.0,108,47
18504965.0,108,46
18504969.0,107,51
18505016.0,107,61
18505056.0,109,46
18505062.0,110,47
18505063.0,105,49
18505196.0,105,44
18505198.0,109,45
18505257.0,104,44
18505351.0,110,52
18505396.0,111,50
18505423.0,106,47
18505448.0,100,50
18505472.0,109,47
18505498.0,100,48
18505618.0,101,57
18505647.0,113,50
18505669.0,109,64
18505706.0,108,49
18505712.0,108,64
18505719.0,103,47
18505743.0,111,46
18505750.0,106,44
18505792.0,103,48
18505913.0,112,49
18505923.0,107,44
18505926.0,107,63
18505955.0,107,43
18505991.0,110,50
18505993.0,109,43
18505999.0,105,50
18506073.0,108,64
18506138.0,107,45
18506171.0,108,48
18506179.0,109,44
18506248.0,110,56
18506300.0,106,43
18506362.0,111,55
18506401.0,106,48
18506403.0,106,45
18506441.0,110,59
18506452.0,109,61
18506506.0,109,50
18506589.0,110,49
18506602.0,112,48
18506605.0,108,49
18506714.0,109,47
18506860.0,104,45
18506863.0,109,52
18506889.0,108,50
18506894.0,111,46
18506983.0,100,49
18506996.0,102,50
18507006.0,103,52
18507029.0,111,51
18507080.0,111,48
18507115.0,103,51
18507117.0,111,47
18507140.0,109,43
18507143.0,103,50
18507182.0,105,51
18507349.0,111,54
18507355.0,110,50
18507369.0,101,48
18507410.0,103,49
18507507.0,103,48
18507549.0,101,53
18507727.0,109,45
18507748.0,103,51
18507758.0,110,45
18507811.0,106,49
18507844.0,110,51
18507857.0,109,48
18507860.0,105,46
18507875.0,102,51
18507929.0,106,46
18507963.0,111,53
18507980.0,111,48
18508056.0,108,49
18508250.0,113,48
18508260.0,114,49
18508314.0,109,44
18508558.0,109,47
18508566.0,106,47
18508612.0,109,46
18508624.0,111,55
18508710.0,112,50
18508733.0,111,56
18508770.0,108,47
18508789.0,108,50
18508806.0,107,45
18508864.0,108,43
18509009.0,106,50
18509043.0,102,49
18509101.0,110,52
18509116.0,105,44
18509117.0,110,44
18509134.0,100,48
18509169.0,111,49
18509175.0,77,55
18509188.0,107,46
18509297.0,104,46
18509312.0,110,51
18509314.0,107,45
18509317.0,107,44
18509331.0,101,51
18509385.0,103,60
18509437.0,111,57
18509496.0,108,44
18509505.0,109,45
18509647.0,107,47
18509664.0,101,52
18509726.0,102,52
18509746.0,114,50
18509780.0,107,43
18509862.0,110,50
18510001.0,104,61
18510027.0,111,51
18510077.0,107,68
18510089.0,109,49
18510136.0,109,63
18510243.0,110,46
18510262.0,103,52
18510297.0,111,51
18510308.0,101,54
18510329.0,110,52
18510368.0,111,49
18510373.0,106,48
18510386.0,104,52
18510414.0,110,47
18510532.0,109,64
18510541.0,110,59
18510624.0,110,44
18510652.0,109,47
18510682.0,105,53
18510687.0,110,43
18510708.0,110,47
18510747.0,102,56
18510752.0,101,48
18510776.0,104,53
18510807.0,107,47
18510861.0,104,47
18510895.0,106,45
18510931.0,111,47
18510978.0,106,49
18511012.0,111,50
18511022.0,102,50
18511041.0,109,48
18511050.0,105,45
18511085.0,101,53
18511183.0,107,45
18511225.0,106,67
18511241.0,111,52
18511255.0,101,50
18511291.0,103,51
18511295.0,110,47
18511363.0,109,50
18511365.0,102,48
18511374.0,108,45
18511400.0,103,53
18511432.0,103,50
18511487.0,107,48
18511547.0,106,43
18511553.0,113,49
18511582.0,108,67
18511840.0,101,49
18511864.0,112,47
18511923.0,108,44
18511931.0,104,51
18511944.0,106,50
18511952.0,110,52
18511956.0,110,45
18511968.0,109,43
18512013.0,111,58
18512023.0,104,48
18512048.0,109,49
18512061.0,106,46
18512073.0,110,46
18512107.0,111,50
18512139.0,101,51
18512155.0,102,49
18512197.0,105,48
18512223.0,110,44
18512247.0,108,44
18512280.0,105,44
18512335.0,109,66
18512431.0,111,45
18512445.0,111,57
18512540.0,107,46
18512604.0,104,50
18512677.0,109,65
18512710.0,107,49
18512796.0,106,68
18512806.0,105,46
18512815.0,104,49
18512907.0,110,48
18512920.0,110,46
18512939.0,106,49
18513016.0,101,48
18513323.0,113,50
18513365.0,108,46
18513507.0,107,47
18513574.0,109,51
18513587.0,113,53
18513605.0,103,51
18513656.0,111,44
18513699.0,111,46
18513785.0,110,47
18513951.0,113,53
18513961.0,103,49
18513989.0,107,49
18514037.0,105,46
18514061.0,101,50
18514105.0,109,43
18514111.0,108,44
18514114.0,103,50
18514170.0,109,48
18514308.0,109,49
18514331.0,115,50
18514388.0,111,47
18514411.0,109,44
18514427.0,110,58
18514503.0,109,50
18514641.0,107,50
18514666.0,112,49
18514820.0,108,43
18514841.0,110,49
18515061.0,108,47
18515202.0,102,48
18515206.0,111,43
18515281.0,114,52
18515291.0,107,45
18515428.0,106,47
18515497.0,112,50
18515498.0,107,48
18515522.0,111,45
18515542.0,114,49
18515554.0,109,45
18515560.0,110,48
18515607.0,107,43
18515670.0,110,47
18515770.0,110,60
18515863.0,105,47
18515876.0,107,47
18515992.0,103,48
18516036.0,106,48
18516091.0,110,46
18516092.0,111,58
18516192.0,111,47
18516209.0,111,59
18516222.0,105,47
18516286.0,107,49
18516358.0,106,45
18516371.0,108,45
18516537.0,111,45
18516563.0,102,47
18516600.0,107,46
18516606.0,105,48
18516701.0,111,47
18516724.0,110,43
18516756.0,103,48
18516799.0,112,46
18516964.0,101,48
18517009.0,111,52
18517103.0,107,49
18517294.0,105,47
18517313.0,108,46
18517333.0,110,50
18517372.0,108,64
18517374.0,101,48
18517385.0,108,48
18517512.0,111,48
18517537.0,102,49
18517606.0,111,46
18517625.0,102,50
18517639.0,107,50
18517650.0,109,44
18517776.0,108,44
18517888.0,102,56
18517889.0,112,44
18517946.0,105,48
18517966.0,110,49
18518078.0,110,44
18518079.0,112,46
18518079.0,103,48
18518117.0,102,48
18518126.0,110,48
18518174.0,109,66
18518186.0,109,43
18518221.0,109,46
18518226.0,111,44
18518396.0,102,51
18518404.0,102,53
18518470.0,106,46
18518763.0,102,57
18518778.0,105,49
18518797.0,108,49
18519103.0,111,51
18519233.0,111,52
18519282.0,107,48
18519342.0,107,44
18519413.0,111,47
18519419.0,103,57
18519528.0,114,50
18519536.0,108,47
18519588.0,103,59
18519619.0,84,56
18519737.0,110,50
18519753.0,100,51
18519796.0,111,49
18519843.0,102,54
18519887.0,103,48
18519906.0,104,49
18519952.0,110,49
18519972.0,103,47
18520019.0,109,47
18520058.0,110,51
18520096.0,102,48
18520163.0,109,45
18520182.0,110,45
18520252.0,109,44
18520266.0,107,43
18520294.0,106,47
18520360.0,108,48
18520455.0,108,43
18520567.0,105,50
18520713.0,111,46
18520737.0,109,43
18520879.0,107,45
18521100.0,114,47
18521179.0,102,47
18521192.0,110,47
18521195.0,114,51
18521242.0,106,47
18521371.0,113,49
18521375.0,111,48
18521429.0,102,55
18521495.0,101,48
18521575.0,104,50
18521593.0,109,62
18521626.0,107,50
18521857.0,114,48
18521926.0,106,48
18521938.0,104,48
18521962.0,109,48
18521962.0,101,48
18521992.0,111,44
18522012.0,108,44
18522014.0,108,49
18522158.0,109,46
18522215.0,102,49
18522217.0,108,48
18522272.0,115,50
18522323.0,116,51
18522411.0,111,43
18522434.0,108,49
18522512.0,103,56
18522603.0,110,44
18522614.0,110,46
18522687.0,105,51
18522888.0,110,51
18523114.0,107,46
18523118.0,115,51
18523192.0,108,46
18523265.0,105,52
18523297.0,111,53
18523480.0,109,52
18523511.0,103,47
18523592.0,104,52
18523679.0,110,72
18523690.0,111,49
18523788.0,109,47
18523829.0,110,45
18523889.0,106,49
18523949.0,113,45
18524025.0,106,48
18524110.0,114,49
18524126.0,109,43
18524216.0,111,45
18524240.0,111,44
18524272.0,109,49
18524276.0,108,50
18524289.0,105,66
18524298.0,104,47
18524368.0,109,46
18524374.0,112,49
18524425.0,111,71
18524474.0,111,73
18524521.0,104,53
18524521.0,103,48
18524574.0,108,44
18524668.0,104,48
18524720.0,109,43
18524776.0,109,68
18524881.0,115,46
18524959.0,110,51
18524979.0,114,46
18525049.0,110,69
18525081.0,108,45
18525190.0,111,51
18525306.0,111,50
18525376.0,106,49
18525536.0,108,51
18525553.0,116,52
18525561.0,103,54
18525566.0,103,52
18525603.0,107,51
18525651.0,111,49
18525654.0,110,47
18525706.0,114,52
18525807.0,103,49
18525826.0,105,50
18525941.0,105,51
18525952.0,107,47
18525965.0,104,47
18526162.0,111,50
18526349.0,103,50
18526377.0,110,46
18526521.0,108,46
18526548.0,111,46
18526595.0,103,51
18526680.0,109,48
18526682.0,109,44
18526683.0,109,50
18526699.0,103,50
18526717.0,110,48
18526731.0,105,48
18526861.0,103,47
18526904.0,103,48
18526956.0,110,45
18526988.0,103,75
18527007.0,106,50
18527261.0,116,53
18527494.0,113,52
18527597.0,114,47
18527680.0,113,56
18527762.0,105,49
18527819.0,107,46
18527894.0,111,46
18528053.0,109,49
18528061.0,108,46
18528147.0,110,47
18528151.0,114,55
18528177.0,86,55
18528325.0,117,52
18528429.0,106,46
18528613.0,115,49
18528659.0,105,50
18528676.0,109,45
18528758.0,111,60
18528910.0,108,62
18528956.0,102,51
18529035.0,105,47
18529055.0,106,51
18529116.0,110,48
18529147.0,105,51
18529215.0,92,85
18529273.0,105,48
18529328.0,109,60
18529343.0,97,75
18529476.0,110,46
18529518.0,115,54
18529529.0,115,46
18529544.0,85,54
18529568.0,114,48
18529651.0,116,48
18529710.0,113,49
18529898.0,116,51
18529927.0,114,51
18530001.0,104,51
18530019.0,110,49
18530162.0,106,50
18530168.0,85,54
18530236.0,110,44
18530295.0,111,44
18530339.0,111,46
18530414.0,110,49
18530435.0,111,47
18530437.0,103,50
18530441.0,107,49
18530441.0,115,52
18530468.0,110,52
18530481.0,105,47
18530538.0,110,48
18530765.0,111,45
18530848.0,109,45
18531091.0,103,52
18531120.0,110,49
18531255.0,109,50
18531385.0,103,52
18531431.0,114,46
18531457.0,109,46
18531528.0,110,49
18531565.0,102,52
18532127.0,115,47
18532298.0,103,53
18532308.0,104,48
18532363.0,110,47
18532444.0,115,45
18532460.0,118,52
18532556.0,110,45
18532615.0,107,50
18532658.0,58,50
18532693.0,114,49
18532695.0,116,54
18532714.0,111,44
18532722.0,105,49
18532741.0,114,52
18532777.0,111,47
18532871.0,103,54
18532889.0,109,46
18532945.0,107,49
18533093.0,111,48
18533122.0,111,46
18533132.0,110,49
18533140.0,106,50
18533143.0,109,46
18533147.0,108,48
18533229.0,56,50
18533317.0,111,56
18533339.0,110,48
18533382.0,114,53
18533405.0,117,48
18533487.0,110,50
18533637.0,107,49
18533651.0,113,45
18533669.0,115,48
18533697.0,104,47
18533879.0,114,47
18533907.0,110,49
18533926.0,117,51
18534018.0,109,46
18534133.0,104,49
18534150.0,113,57
18534196.0,118,51
18534198.0,116,52
18534300.0,106,49
18534306.0,109,51
18534350.0,113,49
18534436.0,115,46
18534729.0,106,48
18534779.0,105,47
18534924.0,109,47
18535060.0,111,59
18535116.0,107,50
18535137.0,108,48
18535167.0,116,47
18535186.0,117,47
18535320.0,111,48
18535523.0,106,50
18535541.0,109,46
18535548.0,112,59
18535631.0,110,45
18535686.0,116,47
18535816.0,109,46
18535846.0,114,45
18535936.0,111,49
18536083.0,107,51
18536197.0,108,49
18536206.0,114,50
18536492.0,106,51
18536556.0,113,51
18536992.0,111,45
18537048.0,104,49
18537065.0,115,53
18537128.0,104,51
18537220.0,115,49
18537259.0,110,46
18537503.0,115,52
18537509.0,116,52
18537585.0,112,44
18537673.0,115,47
18537692.0,113,56
18537704.0,116,46
18537801.0,117,47
18537877.0,112,56
18538322.0,103,52
18538352.0,109,47
18538472.0,118,51
18538479.0,116,48
18538573.0,111,49
18538594.0,103,57
18538611.0,109,48
18538662.0,111,48
18538717.0,106,48
18538762.0,118,53
18539118.0,106,47
18539150.0,111,50
18539150.0,118,48
18539224.0,117,52
18539252.0,117,54
18539339.0,117,50
18539362.0,89,90
18539461.0,114,46
18539546.0,100,86
18539596.0,110,47
18539665.0,110,65
18539672.0,108,49
18539710.0,100,82
18539733.0,111,47
18539949.0,104,58
18540062.0,115,45
18540127.0,116,51
18540249.0,118,49
18540555.0,105,47
18540652.0,109,48
18540829.0,116,53
18540861.0,111,46
18540865.0,111,49
18541094.0,105,48
18541155.0,116,47
18541228.0,107,49
18541546.0,116,49
18541642.0,108,50
18541802.0,106,46
18541843.0,114,46
18541852.0,106,52
18541865.0,118,52
18541960.0,117,48
18542272.0,113,45
18542282.0,116,52
18542684.0,117,46
18542723.0,118,54
18542779.0,107,48
18542901.0,109,49
18543156.0,107,49
18543284.0,113,47
18543290.0,115,46
18543327.0,107,47
18543457.0,107,50
18543655.0,113,45
18543749.0,117,55
18544065.0,112,46
18544093.0,116,45
18544422.0,111,47
18544428.0,117,51
18544450.0,110,48
18544509.0,108,51
18544537.0,117,53
18544555.0,104,53
18544625.0,119,49
18544733.0,118,48
18544778.0,112,46
18544922.0,117,49
18544925.0,116,48
18545049.0,112,50
18545324.0,112,50
18545361.0,117,47
18545381.0,116,48
18546566.0,115,46
18546893.0,107,48
18546934.0,108,47
18546954.0,115,47
18547077.0,113,52
18547199.0,118,51
18547279.0,116,46
18547358.0,103,74
18547527.0,107,51
18547556.0,120,53
18547645.0,114,56
18547672.0,117,52
18547672.0,107,46
18547754.0,109,50
18548060.0,105,50
18548089.0,118,46
18548195.0,114,57
18548254.0,118,52
18548324.0,118,49
18548340.0,114,45
18548585.0,111,48
18548738.0,106,49
18548899.0,117,48
18549391.0,115,50
18549423.0,117,50
18549449.0,115,45
18549505.0,117,46
18549601.0,118,53
18549688.0,115,47
18549913.0,118,49
18549923.0,88,85
18550149.0,107,46
18550274.0,116,51
18550375.0,110,49
18550788.0,115,49
18550922.0,107,51
18551263.0,118,52
18551275.0,108,47
18551512.0,105,48
18551577.0,108,51
18551606.0,108,49
18551668.0,109,49
18551785.0,114,46
18551859.0,120,50
18551872.0,106,48
18552153.0,109,50
18552258.0,117,53
18552274.0,113,47
18552427.0,108,47
18552496.0,104,50
18552837.0,118,46
18553114.0,119,49
18553368.0,108,48
18553637.0,117,54
18553747.0,118,50
18554025.0,109,51
18554632.0,92,53
18554654.0,108,47
18554674.0,107,49
18554677.0,107,47
18554745.0,102,64
18554888.0,118,48
18555006.0,108,49
18555110.0,101,64
18555253.0,105,71
18555283.0,117,51
18555349.0,116,53
18555381.0,104,54
18555785.0,119,48
18555952.0,119,52
18555981.0,106,48
18556160.0,87,89
18556235.0,107,66
18556336.0,108,66
18556575.0,110,50
18556843.0,119,50
18556890.0,113,51
18557657.0,118,49
18557691.0,117,50
18557770.0,113,48
18558520.0,110,64
18558579.0,107,50
18558623.0,119,50
18558631.0,115,47
18558757.0,118,51
18558841.0,110,63
18559642.0,118,53
18559712.0,107,46
18559819.0,106,47
18560258.0,107,46
18560323.0,112,49
18560335.0,109,49
18560513.0,106,47
18560594.0,120,52
18560742.0,117,46
18560825.0,108,46
18560865.0,107,47
18560914.0,119,47
18560938.0,107,46
18560956.0,119,49
18560988.0,106,47
18561029.0,120,50
18561031.0,118,47
18561033.0,111,51
18561215.0,118,54
18561243.0,120,53
18561256.0,108,48
18561471.0,107,46
18561565.0,117,52
18561658.0,108,50
18561843.0,119,53
18562757.0,117,51
18562954.0,121,54
18562990.0,108,47
18563019.0,118,50
18563130.0,111,50
18563295.0,109,47
18563322.0,117,49
18563477.0,107,47
18563545.0,119,51
18564216.0,110,48
18564483.0,109,51
18564500.0,109,48
18564835.0,109,51
18565136.0,114,50
18565182.0,106,46
18565424.0,114,51
18566272.0,119,54
18566730.0,109,52
18567327.0,120,49
18567338.0,119,48
18567693.0,114,49
18567720.0,120,53
18567878.0,120,51
18568221.0,121,49
18568328.0,113,47
18568831.0,113,49
18568904.0,113,59
18569131.0,116,48
18569278.0,104,56
18569639.0,120,48
18570175.0,118,51
18570798.0,106,50
18571129.0,119,48
18572218.0,120,48
18572371.0,110,62
18572594.0,111,62
18572773.0,109,51
18572881.0,117,53
18572914.0,109,48
18573144.0,110,69
18573437.0,121,51
18575268.0,93,88
18575415.0,87,88
18577721.0,117,54
18578216.0,116,52
18579794.0,99,78
18580917.0,98,79
18581952.0,85,62
18586942.0,108,49
18588865.0,109,72
18598577.0,107,73
18602027.0,120,51
18604039.0,85,92
18604492.0,109,51
18604537.0,118,49
18605749.0,119,48
18606048.0,116,50
18607117.0,120,49
18607351.0,108,46
18607460.0,109,51
18608157.0,105,51
18608341.0,106,49
18608688.0,121,50
18608921.0,109,48
18609067.0,117,50
18609866.0,109,47
18610177.0,108,49
18610329.0,108,50
18610451.0,108,49
18610551.0,117,49
18610917.0,119,48
18610953.0,110,71
18611321.0,89,90
18611324.0,110,51
18611339.0,104,53
18612519.0,117,48
18612864.0,109,70
18613963.0,107,48
18614025.0,106,48
18614150.0,120,50
18614332.0,108,50
18614413.0,118,49
18615027.0,116,54
18615248.0,120,54
18615360.0,119,55
18615726.0,108,46
18615914.0,117,56
18615934.0,107,46
18616168.0,120,52
18616182.0,107,47
18616323.0,108,49
18616670.0,105,51
18616742.0,118,56
18616801.0,119,51
18617153.0,69,53
18617682.0,104,53
18617990.0,119,56
18618162.0,106,48
18618227.0,115,52
18618241.0,104,52
18618249.0,119,48
18618615.0,110,50
18619450.0,108,47
18619497.0,108,49
18619720.0,119,53
18619736.0,106,47
18619819.0,111,49
18620205.0,107,50
18620327.0,112,50
18620814.0,120,49
18621028.0,111,49
18621174.0,108,51
18621524.0,103,57
18622362.0,103,55
18623083.0,107,50
18623324.0,107,66
18624008.0,105,48
18624050.0,119,54
18624392.0,112,60
18624399.0,106,47
18624535.0,107,46
18624711.0,105,65
18624999.0,117,47
18625197.0,116,48
18625488.0,109,51
18625979.0,117,48
18625983.0,116,46
18626191.0,107,48
18626208.0,109,50
18626270.0,104,58
18626311.0,116,51
18626440.0,54,61
18626562.0,117,50
18626596.0,107,49
18626681.0,104,55
18626727.0,53,59
18627028.0,118,50
18627241.0,115,49
18627383.0,103,59
18627411.0,117,49
18627611.0,115,49
18627670.0,118,49
18627680.0,119,51
18627696.0,104,50
18627707.0,115,51
18627749.0,105,50
18627810.0,115,52
18627971.0,118,52
18628456.0,110,49
18629001.0,116,50
18629027.0,115,48
18629383.0,110,49
18629413.0,119,51
18629643.0,111,48
18629936.0,106,51
18629949.0,116,47
18630051.0,119,48
18630320.0,103,53
18630320.0,111,49
18630343.0,112,50
18630353.0,107,48
18630491.0,103,56
18630504.0,110,49
18630818.0,115,51
18630863.0,103,57
18630991.0,120,50
18631006.0,104,53
18631066.0,108,50
18631281.0,108,70
18631282.0,116,51
18631300.0,115,51
18631693.0,117,47
18631809.0,105,48
18631817.0,111,48
18631864.0,108,51
18631931.0,103,54
18632029.0,106,46
18632247.0,93,52
18632496.0,120,53
18632754.0,116,50
18632777.0,35,111
18632823.0,109,66
18632861.0,104,49
18632920.0,34,111
18632924.0,105,46
18633012.0,118,54
18633479.0,118,48
18633528.0,120,52
18633531.0,118,51
18633596.0,106,51
18633612.0,112,58
18633810.0,117,50
18634998.0,54,57
18635214.0,118,47
18635444.0,106,50
18635791.0,109,49
18635879.0,107,51
18635888.0,104,49
18636043.0,110,49
18636096.0,104,51
18636305.0,116,46
18636345.0,108,50
18636398.0,110,48
18636502.0,106,49
18636521.0,106,47
18636659.0,111,59
18636680.0,115,50
18636684.0,109,71
18636776.0,109,72
18636945.0,106,49
18636968.0,119,50
18637087.0,117,48
18637266.0,114,54
18637366.0,110,48
18637377.0,109,49
18637448.0,106,48
18637526.0,106,51
18637876.0,116,50
18637922.0,104,48
18637986.0,98,85
18638134.0,115,54
18638146.0,106,49
18638309.0,110,71
18638363.0,111,50
18638443.0,118,50
18638645.0,103,50
18638682.0,105,46
18638932.0,111,48
18639090.0,106,48
18639401.0,111,47
18639406.0,104,47
18639840.0,110,51
18639990.0,115,47
18640050.0,116,55
18640362.0,112,46
18640484.0,109,62
18640546.0,112,49
18640563.0,102,58
18640608.0,117,51
18640779.0,109,64
18640803.0,107,50
18640881.0,108,61
18640938.0,109,61
18640948.0,111,49
18640998.0,111,59
18641145.0,116,46
18641150.0,119,51
18641246.0,105,51
18641255.0,118,49
18641407.0,108,49
18641428.0,117,47
18641905.0,105,50
18641976.0,119,52
18641989.0,105,52
18642039.0,103,53
18642050.0,102,53
18642195.0,56,63
18642474.0,114,53
18642506.0,107,51
18642552.0,109,49
18642849.0,107,50
18642866.0,108,49
18642876.0,93,88
18643166.0,111,47
18643202.0,116,47
18643267.0,109,48
18643312.0,103,49
18643445.0,105,48
18643455.0,112,50
18643474.0,118,54
18643489.0,119,54
18643589.0,103,50
18643909.0,107,70
18643913.0,103,52
18643963.0,111,49
18644071.0,114,50
18644110.0,109,48
18644207.0,110,51
18644296.0,115,46
18644301.0,102,51
18644307.0,113,54
18644469.0,109,68
18644583.0,112,54
18644658.0,109,65
18644735.0,110,50
18644793.0,114,53
18644793.0,114,46
18644827.0,105,49
18644891.0,102,52
18644912.0,102,59
18644934.0,116,51
18644981.0,116,49
18645035.0,103,48
18645117.0,103,49
18645141.0,116,47
18645451.0,111,52
18645517.0,117,50
18645525.0,110,47
18645548.0,115,55
18645555.0,115,48
18645668.0,105,48
18645670.0,114,53
18645790.0,112,52
18645851.0,108,49
18645893.0,111,46
18645991.0,103,47
18646109.0,111,49
18646282.0,118,49
18646330.0,115,52
18646409.0,102,57
18646703.0,117,53
18646918.0,114,49
18646964.0,116,47
18647102.0,114,50
18647125.0,107,50
18647267.0,110,50
18647277.0,108,48
18647450.0,115,49
18647724.0,102,62
18647810.0,111,48
18647835.0,106,51
18647850.0,105,67
18647851.0,109,61
18647861.0,100,67
18648031.0,113,50
18648126.0,101,54
18648197.0,107,49
18648296.0,111,49
18648328.0,116,46
18648387.0,108,48
18648410.0,109,61
18648440.0,112,49
18648478.0,110,72
18648609.0,109,61
18648864.0,103,61
18648938.0,109,47
18648939.0,102,51
18648945.0,111,48
18648965.0,110,49
18649112.0,113,46
18649138.0,116,50
18649216.0,104,51
18649253.0,107,70
18649600.0,108,61
18649731.0,117,49
18649774.0,111,58
18649807.0,107,49
18649847.0,102,61
18649882.0,102,52
18649895.0,110,46
18650090.0,102,49
18650121.0,101,56
18650270.0,105,51
18650317.0,115,47
18650348.0,103,56
18650354.0,101,55
18650625.0,102,53
18650753.0,109,71
18650908.0,113,52
18650918.0,106,50
18650947.0,113,53
18651069.0,107,62
18651128.0,104,50
18651427.0,104,76
18651435.0,116,50
18651505.0,102,50
18651696.0,115,51
18651751.0,108,48
18651757.0,103,48
18651778.0,107,49
18651804.0,102,58
18651805.0,109,50
18651918.0,111,47
18652016.0,101,79
18652017.0,101,54
18652106.0,104,49
18652109.0,115,52
18652119.0,113,49
18652122.0,102,47
18652152.0,55,58
18652161.0,111,47
18652162.0,102,48
18652188.0,117,52
18652261.0,104,47
18652278.0,110,49
18652423.0,115,48
18652563.0,104,51
18652575.0,104,48
18652623.0,110,52
18652627.0,55,58
18652631.0,110,46
18652656.0,101,55
18652663.0,112,50
18652686.0,111,47
18652751.0,105,52
18652756.0,109,47
18652773.0,104,52
18652784.0,115,54
18652787.0,114,52
18652831.0,102,49
18653069.0,111,51
18653111.0,90,89
18653121.0,103,59
18653134.0,101,59
18653266.0,102,54
18653367.0,55,60
18653504.0,101,53
18653572.0,114,53
18653600.0,107,48
18653731.0,102,47
18653743.0,108,47
18653779.0,110,59
18653826.0,114,45
18653834.0,103,55
18653922.0,113,50
18653974.0,116,49
18654008.0,109,63
18654011.0,109,50
18654095.0,110,45
18654146.0,104,50
18654152.0,109,60
18654209.0,112,53
18654220.0,102,48
18654237.0,115,50
18654338.0,111,48
18654412.0,101,60
18654423.0,110,48
18654691.0,114,47
18654733.0,108,66
18654828.0,107,48
18655196.0,106,49
18655441.0,111,47
18655468.0,101,52
18655536.0,113,48
18655750.0,108,65
18655809.0,109,49
18655832.0,112,56
18656268.0,108,50
18656327.0,106,49
18656377.0,110,48
18656442.0,108,47
18656459.0,107,48
18656548.0,109,46
18656638.0,105,50
18656749.0,113,56
18656960.0,114,51
18657140.0,110,45
18657221.0,101,51
18657546.0,114,52
18657564.0,104,51
18657569.0,112,49
18657665.0,114,46
18657750.0,113,49
18657816.0,109,45
18657836.0,101,50
18657911.0,110,47
18658263.0,111,57
18658270.0,111,51
18658300.0,111,50
18658323.0,103,51
18658393.0,110,51
18658472.0,116,52
18658481.0,104,52
18658501.0,108,46
18658554.0,101,49
18658656.0,101,52
18658712.0,103,50
18658757.0,110,51
18658814.0,111,46
18658883.0,114,45
18658933.0,114,54
18658934.0,105,50
18659090.0,101,51
18659094.0,103,49
18659177.0,103,48
18659192.0,110,51
18659204.0,112,56
18659280.0,75,57
18659381.0,109,48
18659507.0,110,51
18659656.0,107,47
18659667.0,101,48
18659709.0,108,46
18659796.0,108,65
18659827.0,110,47
18659980.0,111,46
18659992.0,107,61
18660025.0,114,50
18660098.0,116,54
18660111.0,99,78
18660367.0,107,62
18660380.0,111,56
18660459.0,100,53
18660579.0,108,62
18660600.0,111,51
18660636.0,104,50
18660752.0,54,55
18660773.0,106,48
18660807.0,103,51
18660841.0,108,63
18660886.0,101,49
18660906.0,102,56
18661174.0,101,48
18661208.0,103,51
18661264.0,109,45
18661309.0,113,51
18661317.0,112,51
18661341.0,100,56
18661400.0,100,54
18661490.0,106,48
18661523.0,103,49
18661548.0,102,47
18661617.0,101,54
18661759.0,61,56
18661878.0,111,53
18662003.0,109,48
18662017.0,105,49
18662051.0,110,52
18662079.0,100,53
18662117.0,61,56
18662167.0,104,51
18662277.0,111,50
18662297.0,109,50
18662476.0,101,56
18662539.0,112,55
18662605.0,110,50
18662626.0,100,57
18662722.0,106,49
18662764.0,110,46
18662822.0,54,58
18662909.0,105,49
18662955.0,109,59
18662976.0,108,50
18663027.0,112,49
18663038.0,108,60
18663107.0,100,58
18663110.0,101,59
18663155.0,100,52
18663169.0,113,48
18663198.0,114,51
18663203.0,111,49
18663219.0,102,58
18663235.0,108,49
18663292.0,109,47
18663314.0,111,45
18663500.0,113,48
18663510.0,110,51
18663514.0,106,63
18663557.0,110,47
18663558.0,114,49
18663857.0,100,51
18663927.0,115,52
18663988.0,111,48
18664039.0,108,45
18664081.0,114,53
18664227.0,115,53
18664230.0,107,50
18664291.0,109,51
18664311.0,111,50
18664415.0,100,50
18664639.0,111,56
18664649.0,110,46
18664744.0,110,50
18664793.0,107,47
18664813.0,107,63
18664815.0,106,47
18664863.0,100,63
18664897.0,109,47
18665020.0,112,55
18665091.0,100,55
18665140.0,107,46
18665224.0,113,50
18665292.0,108,48
18665329.0,112,48
18665430.0,111,48
18665719.0,113,54
18665740.0,106,72
18665752.0,100,47
18665756.0,92,88
18665761.0,100,51
18665797.0,108,45
18665841.0,106,64
18665885.0,108,64
18665923.0,100,49
18666063.0,97,88
18666097.0,108,49
18666164.0,106,64
18666223.0,109,44
18666273.0,110,49
18666328.0,110,51
18666393.0,102,51
18666397.0,103,52
18666465.0,100,52
18666488.0,111,49
18666510.0,111,45
18666558.0,108,64
18666595.0,102,50
18666630.0,110,49
18666652.0,112,48
18666664.0,111,52
18666688.0,110,45
18666735.0,109,51
18666741.0,105,48
18666743.0,102,53
18666813.0,66,73
18666836.0,100,54
18666850.0,108,48
18666866.0,110,44
18666976.0,113,47
18666993.0,111,53
18667002.0,112,46
18667027.0,102,49
18667058.0,101,47
18667061.0,103,51
18667170.0,68,51
18667238.0,107,49
18667287.0,109,46
18667300.0,111,49
18667389.0,100,50
18667402.0,110,50
18667478.0,111,44
18667502.0,110,49
18667530.0,110,45
18667539.0,107,50
18667642.0,93,88
18667659.0,109,47
18667730.0,111,47
18667797.0,100,48
18667807.0,100,47
18667867.0,107,63
18668238.0,111,53
18668249.0,104,49
18668255.0,105,49
18668277.0,100,49
18668279.0,108,62
18668359.0,108,61
18668380.0,114,48
18668385.0,110,53
18668406.0,105,48
18668460.0,109,58
18668675.0,109,51
18668689.0,106,63
18668718.0,109,50
18668779.0,113,49
18669004.0,108,60
18669115.0,111,52
18669119.0,101,60
18669147.0,108,47
18669151.0,108,44
18669346.0,107,62
18669384.0,99,53
18669408.0,106,46
18669494.0,56,54
18669544.0,110,50
18669638.0,115,50
18669679.0,106,47
18669738.0,101,48
18669770.0,109,51
18669797.0,104,49
18669855.0,105,68
18669976.0,106,50
18670054.0,109,70
18670090.0,99,56
18670122.0,109,46
18670139.0,108,44
18670196.0,109,48
18670395.0,110,56
18670401.0,107,48
18670464.0,108,51
18670632.0,110,45
18670647.0,99,55
18670662.0,111,46
18670671.0,108,47
18670731.0,100,60
18670760.0,109,44
18670797.0,103,52
18670832.0,104,57
18670913.0,100,59
18671007.0,99,51
18671053.0,105,47
18671103.0,102,52
18671134.0,107,61
18671135.0,111,48
18671225.0,107,49
18671297.0,114,53
18671343.0,102,53
18671404.0,110,49
18671407.0,100,57
18671418.0,103,50
18671432.0,101,49
18671587.0,105,67
18671633.0,92,89
18671717.0,109,49
18671743.0,99,49
18671795.0,110,44
18671854.0,101,51
18671905.0,111,48
18671907.0,112,51
18671931.0,110,57
18671937.0,99,57
18671962.0,109,51
18671962.0,100,47
18671993.0,91,90
18672032.0,99,52
18672127.0,111,49
18672240.0,104,48
18672275.0,110,57
18672278.0,111,55
18672309.0,111,52
18672324.0,110,49
18672403.0,99,54
18672412.0,102,87
18672421.0,103,50
18672627.0,108,51
18672685.0,106,50
18672700.0,109,57
18672715.0,111,44
18672732.0,99,58
18672733.0,102,71
18672740.0,111,55
18672803.0,108,58
18672811.0,106,64
18672871.0,110,52
18672903.0,110,56
18672935.0,107,67
18672945.0,99,51
18672958.0,110,53
18673094.0,109,44
18673100.0,108,51
18673177.0,111,45
18673186.0,56,51
18673186.0,107,65
18673261.0,106,49
18673294.0,101,52
18673458.0,106,46
18673497.0,110,44
18673512.0,99,48
18673521.0,107,48
18673532.0,110,47
18673551.0,101,50
18673646.0,99,52
18673723.0,111,47
18673764.0,104,69
18673917.0,104,68
18674070.0,106,45
18674102.0,101,51
18674115.0,113,47
18674209.0,101,49
18674213.0,111,52
18674217.0,109,50
18674284.0,58,69
18674293.0,102,51
18674306.0,110,51
18674365.0,110,53
18674418.0,111,51
18674486.0,100,48
18674627.0,105,63
18674640.0,99,50
18674656.0,107,64
18674671.0,103,49
18674678.0,111,44
18674701.0,101,53
18674723.0,110,51
18674776.0,107,45
18674783.0,112,51
18674820.0,110,52
18674838.0,108,59
18674880.0,104,59
18675097.0,108,50
18675200.0,109,45
18675247.0,104,60
18675249.0,109,48
18675252.0,111,45
18675322.0,108,51
18675327.0,109,44
18675330.0,104,47
18675345.0,108,60
18675402.0,111,50
18675425.0,106,48
18675459.0,109,48
18675561.0,105,46
18675637.0,108,45
18675675.0,108,44
18675679.0,107,63
18675882.0,102,51
18675909.0,110,46
18675992.0,113,46
18676060.0,106,49
18676156.0,110,55
18676168.0,110,48
18676353.0,109,44
18676526.0,104,50
18676542.0,111,50
18676550.0,109,56
18676657.0,105,50
18676685.0,111,54
18676783.0,107,51
18676922.0,110,45
18676934.0,108,49
18676949.0,110,51
18676975.0,103,49
18677196.0,111,56
18677198.0,109,47
18677208.0,107,46
18677212.0,108,44
18677437.0,105,45
18677450.0,109,57
18677468.0,109,49
18677497.0,106,70
18677500.0,100,49
18677589.0,110,49
18677735.0,107,44
18677805.0,111,49
18677831.0,99,53
18677911.0,98,52
18677927.0,111,56
18677931.0,111,47
18678005.0,72,54
18678076.0,105,73
18678105.0,110,44
18678114.0,111,49
18678128.0,108,45
18678135.0,106,50
18678214.0,91,90
18678268.0,106,44
18678269.0,105,50
18678310.0,110,47
18678341.0,111,46
18678350.0,98,53
18678357.0,98,49
18678398.0,98,51
18678413.0,111,51
18678433.0,103,48
18678440.0,110,55
18678442.0,108,51
18678471.0,110,52
18678577.0,102,50
18678600.0,112,49
18678661.0,104,47
18678681.0,109,58
18678726.0,108,49
18678770.0,54,68
18678774.0,111,49
18678830.0,99,69
18678846.0,106,47
18679030.0,105,49
18679056.0,109,58
18679095.0,109,52
18679098.0,108,58
18679114.0,113,52
18679144.0,105,45
18679150.0,107,51
18679176.0,102,52
18679181.0,98,55
18679188.0,100,50
18679194.0,103,48
18679195.0,107,46
18679202.0,98,50
18679215.0,105,46
18679260.0,113,51
18679266.0,104,46
18679346.0,111,51
18679351.0,107,51
18679394.0,99,56
18679423.0,106,48
18679539.0,109,53
18679546.0,110,52
18679618.0,107,45
18679650.0,109,46
18679723.0,109,48
18679794.0,99,48
18679816.0,108,53
18679857.0,99,55
18679903.0,108,50
18679975.0,100,51
18679988.0,100,52
18679994.0,110,47
18680010.0,110,45
18680070.0,109,47
18680204.0,109,51
18680293.0,111,54
18680329.0,108,48
18680395.0,98,51
18680440.0,100,60
18680444.0,107,77
18680489.0,107,50
18680492.0,98,57
18680670.0,104,49
18680774.0,110,50
18680830.0,108,44
18680864.0,101,51
18680868.0,101,53
18680868.0,106,46
18680872.0,106,47
18680928.0,109,48
18680930.0,114,50
18680945.0,98,50
18680994.0,88,90
18681000.0,107,44
18681060.0,111,48
18681078.0,108,49
18681095.0,107,47
18681115.0,98,75
18681128.0,100,56
18681159.0,111,52
18681199.0,98,52
18681200.0,105,48
18681245.0,101,61
18681360.0,110,46
18681413.0,107,44
18681441.0,109,45
18681490.0,105,70
18681496.0,98,56
18681521.0,106,44
18681743.0,98,54
18681891.0,107,51
18681904.0,104,50
18681949.0,98,53
18681962.0,111,53
18682026.0,112,52
18682103.0,104,50
18682165.0,105,49
18682177.0,103,58
18682214.0,109,55
18682249.0,111,51
18682325.0,98,58
18682332.0,102,59
18682346.0,110,46
18682372.0,110,54
18682395.0,111,50
18682552.0,109,47
18682555.0,104,46
18682564.0,108,57
18682605.0,100,77
18682651.0,111,47
18682667.0,107,45
18682773.0,107,44
18682805.0,104,50
18682832.0,104,45
18682896.0,105,63
18682905.0,108,49
18683162.0,107,49
18683171.0,112,53
18683216.0,107,44
18683297.0,110,44
18683315.0,106,51
18683495.0,111,48
18683532.0,108,47
18683555.0,97,48
18683556.0,109,44
18683592.0,109,47
18683626.0,111,50
18683672.0,110,49
18683718.0,111,46
18683733.0,111,48
18683766.0,104,49
18683798.0,103,46
18683824.0,106,46
18684026.0,102,48
18684152.0,111,46
18684178.0,98,48
18684270.0,109,55
18684292.0,101,50
18684331.0,108,52
18684372.0,105,44
18684380.0,97,50
18684446.0,101,52
18684464.0,111,53
18684466.0,104,50
18684514.0,108,49
18684535.0,110,54
18684538.0,109,45
18684612.0,108,46
18684666.0,105,46
18684680.0,111,47
18684713.0,99,50
18684714.0,67,50
18684751.0,111,46
18684767.0,110,49
18684784.0,107,51
18684828.0,104,49
18684853.0,102,49
18684895.0,106,71
18684971.0,110,46
18684989.0,110,51
18685003.0,105,48
18685031.0,102,48
18685056.0,106,44
18685061.0,112,50
18685086.0,97,49
18685094.0,108,53
18685129.0,108,44
18685233.0,85,62
18685279.0,107,50
18685280.0,111,46
18685326.0,105,50
18685377.0,107,59
18685390.0,109,52
18685571.0,99,51
18685790.0,97,52
18685799.0,107,48
18685883.0,101,75
18685914.0,111,46
18685990.0,108,56
18685998.0,111,52
18686050.0,104,48
18686057.0,108,52
18686115.0,109,46
18686144.0,102,50
18686157.0,107,44
18686180.0,107,53
18686235.0,98,59
18686241.0,106,46
18686276.0,100,59
18686303.0,99,59
18686311.0,108,51
18686329.0,97,55
18686334.0,108,48
18686379.0,97,54
18686434.0,104,49
18686441.0,109,50
18686465.0,111,46
18686547.0,104,48
18686551.0,111,49
18686554.0,108,57
18686650.0,106,50
18686667.0,110,53
18686707.0,105,65
18686798.0,107,47
18686882.0,56,50
18686931.0,108,45
18686996.0,110,48
18687025.0,104,45
18687026.0,106,51
18687115.0,99,50
18687131.0,103,45
18687175.0,101,49
18687211.0,104,44
18687232.0,104,48
18687284.0,102,51
18687354.0,110,48
18687363.0,105,64
18687388.0,106,66
18687426.0,99,52
18687526.0,97,56
18687529.0,97,53
18687631.0,109,55
18687633.0,109,47
18687649.0,105,46
18687653.0,105,63
18687655.0,99,60
18687691.0,111,52
18687732.0,109,46
18687839.0,101,50
18687865.0,110,50
18687891.0,104,49
18687896.0,111,49
18687920.0,108,46
18687922.0,105,51
18687932.0,109,55
18687948.0,101,49
18688017.0,107,49
18688029.0,110,48
18688042.0,109,48
18688060.0,98,49
18688072.0,108,47
18688080.0,105,62
18688097.0,105,46
18688127.0,109,54
18688145.0,110,46
18688275.0,97,51
18688340.0,97,48
18688501.0,110,47
18688545.0,97,48
18688553.0,96,49
18688557.0,105,71
18688698.0,106,64
18688713.0,100,51
18688714.0,106,49
18688818.0,103,50
18688833.0,107,47
18688890.0,110,53
18688908.0,109,49
18688949.0,107,52
18688984.0,105,47
18688990.0,107,47
18689014.0,109,51
18689036.0,106,67
18689067.0,109,50
18689190.0,106,65
18689204.0,97,48
18689330.0,105,46
18689405.0,112,50
18689410.0,107,58
18689447.0,109,50
18689448.0,103,45
18689479.0,105,45
18689538.0,104,48
18689564.0,108,52
18689579.0,104,47
18689580.0,108,55
18689606.0,108,46
18689629.0,104,70
18689657.0,110,47
18689661.0,105,45
18689685.0,106,51
18689687.0,98,50
18689759.0,109,54
18689795.0,101,48
18689803.0,107,68
18689838.0,107,47
18689901.0,107,46
18690163.0,102,47
18690177.0,111,51
18690211.0,106,44
18690230.0,107,47
18690246.0,100,52
18690265.0,105,44
18690315.0,96,49
18690414.0,109,51
18690427.0,110,46
18690428.0,103,49
18690441.0,101,51
18690461.0,108,46
18690465.0,108,56
18690578.0,96,50
18690628.0,106,50
18690658.0,107,48
18690674.0,97,56
18690709.0,109,48
18690801.0,104,48
18690844.0,104,47
18690885.0,97,58
18691054.0,105,51
18691160.0,107,52
18691162.0,108,56
18691164.0,97,55
18691239.0,104,46
18691349.0,103,50
18691428.0,110,48
18691450.0,110,49
18691540.0,100,50
18691543.0,108,52
18691546.0,108,55
18691562.0,104,50
18691567.0,107,49
18691633.0,107,45
18691652.0,97,54
18691655.0,96,51
18691707.0,90,88
18691891.0,97,57
18691903.0,107,53
18691944.0,106,48
18691955.0,107,48
18691991.0,102,46
18692022.0,108,50
18692030.0,103,50
18692140.0,105,45
18692158.0,98,51
18692180.0,100,51
18692181.0,109,48
18692214.0,103,48
18692261.0,95,48
18692295.0,104,64
18692328.0,97,49
18692357.0,105,50
18692412.0,106,63
18692686.0,108,47
18692737.0,111,50
18692755.0,108,45
18692761.0,103,44
18692774.0,103,49
18692780.0,109,47
18692784.0,98,52
18692788.0,105,51
18692858.0,106,49
18692913.0,107,57
18692923.0,104,45
18693009.0,105,62
18693009.0,95,49
18693034.0,101,47
18693053.0,104,68
18693057.0,107,44
18693060.0,107,51
18693092.0,100,81
18693125.0,87,90
18693281.0,96,53
18693346.0,100,49
18693349.0,95,48
18693381.0,109,50
18693403.0,111,49
18693455.0,108,54
18693470.0,110,49
18693494.0,97,55
18693498.0,82,110
18693573.0,106,47
18693695.0,105,49
18693712.0,108,46
18693720.0,104,46
18693758.0,96,54
18693840.0,105,63
18693849.0,99,52
18693873.0,107,47
18693895.0,106,46
18693905.0,109,46
18693949.0,102,50
18693957.0,101,46
18693958.0,99,53
18693961.0,108,49
18694040.0,111,50
18694051.0,109,53
18694103.0,96,50
18694358.0,105,44
18694371.0,102,44
18694418.0,108,51
18694429.0,96,51
18694474.0,98,53
18694481.0,97,50
18694595.0,105,63
18694613.0,100,48
18694628.0,105,61
18694659.0,108,55
18694660.0,97,58
18694663.0,107,45
18694703.0,95,50
18694726.0,97,59
18694738.0,100,50
18694752.0,98,56
18694846.0,111,51
18694954.0,57,47
18694973.0,102,45
18695040.0,95,49
18695043.0,107,51
18695045.0,104,44
18695070.0,111,51
18695089.0,108,51
18695191.0,106,60
18695211.0,102,44
18695274.0,57,47
18695296.0,96,49
18695297.0,108,48
18695300.0,107,46
18695327.0,106,59
18695334.0,91,89
18695336.0,97,57
18695403.0,107,56
18695406.0,106,48
18695415.0,106,52
18695421.0,107,52
18695490.0,104,51
18695496.0,104,63
18695517.0,110,51
18695536.0,101,46
18695554.0,108,54
18695572.0,96,55
18695642.0,99,51
18695734.0,98,60
18695769.0,99,50
18695792.0,109,49
18695811.0,70,59
18695861.0,102,49
18695984.0,107,55
18696094.0,108,49
18696200.0,103,46
18696248.0,109,53
18696289.0,105,50
18696343.0,107,53
18696355.0,106,45
18696446.0,95,52
18696478.0,103,48
18696479.0,96,54
18696583.0,96,52
18696635.0,106,48
18696665.0,101,45
18696670.0,96,56
18696687.0,102,48
18696711.0,105,48
18696733.0,95,50
18696757.0,105,64
18696918.0,97,51
18696963.0,95,51
18697010.0,107,56
18697037.0,109,50
18697091.0,106,52
18697096.0,97,50
18697301.0,106,53
18697302.0,107,50
18697358.0,104,70
18697370.0,103,45
18697411.0,106,59
18697425.0,104,46
18697439.0,104,44
18697439.0,107,52
18697440.0,109,47
18697448.0,106,47
18697453.0,105,71
18697493.0,102,59
18697526.0,104,50
18697550.0,104,45
18697652.0,105,47
18697664.0,106,44
18697689.0,100,49
18697700.0,106,49
18697796.0,18,50
18697799.0,108,47
18697811.0,109,46
18697826.0,105,72
18697827.0,106,72
18697882.0,97,57
18697924.0,105,50
18697947.0,104,73
18698011.0,109,52
18698019.0,96,49
18698037.0,99,50
18698058.0,107,55
18698061.0,108,50
18698106.0,107,49
18698143.0,91,91
18698165.0,18,50
18698228.0,109,49
18698274.0,105,49
18698380.0,99,86
18698387.0,99,49
18698390.0,96,57
18698417.0,103,46
18698439.0,99,51
18698455.0,97,52
18698472.0,95,51
18698549.0,95,53
18698559.0,98,53
18698560.0,108,46
18698619.0,98,58
18698636.0,110,50
18698652.0,104,65
18698662.0,106,58
18698714.0,103,70
18698731.0,99,54
18698737.0,96,50
18698770.0,56,67
18698777.0,104,64
18698859.0,96,58
18698879.0,99,52
18698925.0,107,54
18698929.0,103,44
18698936.0,107,45
18698999.0,110,49
18699020.0,95,49
18699023.0,102,50
18699031.0,99,62
18699039.0,107,46
18699043.0,94,50
18699046.0,99,49
18699049.0,97,51
18699050.0,105,46
18699061.0,106,51
18699063.0,102,47
18699114.0,100,61
18699163.0,98,65
18699225.0,96,79
18699251.0,103,46
18699513.0,101,51
18699614.0,108,50
18699626.0,106,47
18699678.0,104,49
18699741.0,108,46
18699774.0,108,53
18699778.0,95,52
18699779.0,107,51
18699837.0,105,45
18699874.0,105,49
18699878.0,99,60
18699900.0,101,50
18699927.0,105,64
18700008.0,107,49
18700022.0,94,50
18700025.0,108,49
18700067.0,106,46
18700074.0,105,45
18700231.0,108,46
18700308.0,97,53
18700316.0,106,53
18700336.0,105,53
18700429.0,103,65
18700466.0,109,51
18700517.0,105,48
18700538.0,103,45
18700619.0,97,57
18700714.0,103,65
18700894.0,103,51
18700922.0,107,48
18700986.0,105,65
18701005.0,105,45
18701046.0,101,49
18701120.0,104,44
18701133.0,96,56
18701169.0,100,45
18701186.0,107,51
18701198.0,102,48
18701201.0,106,58
18701275.0,106,56
18701280.0,104,48
18701301.0,95,56
18701324.0,98,52
18701345.0,106,51
18701352.0,94,51
18701369.0,111,48
18701372.0,102,45
18701377.0,102,46
18701421.0,107,55
18701469.0,101,45
18701535.0,108,54
18701554.0,105,73
18701576.0,111,48
18701638.0,108,49
18701717.0,98,51
18701744.0,96,55
18701901.0,106,52
18701979.0,56,52
18701999.0,105,52
18702028.0,105,48
18702036.0,97,53
18702037.0,95,53
18702054.0,102,47
18702062.0,105,44
18702102.0,103,44
18702104.0,109,47
18702132.0,96,58
18702147.0,101,48
18702203.0,93,90
18702295.0,104,46
18702313.0,106,50
18702533.0,99,47
18702579.0,107,54
18702599.0,109,50
18702630.0,101,44
18702646.0,95,55
18702651.0,97,54
18702652.0,95,54
18702691.0,95,50
18702767.0,104,50
18702792.0,107,47
18702926.0,96,50
18703080.0,55,52
18703083.0,102,44
18703087.0,54,55
18703093.0,107,50
18703210.0,102,46
18703325.0,107,46
18703385.0,97,57
18703443.0,106,52
18703451.0,98,50
18703462.0,108,53
18703518.0,106,46
18703540.0,109,50
18703614.0,104,49
18703622.0,99,49
18703657.0,104,47
18703697.0,98,49
18703742.0,96,52
18703763.0,109,51
18703775.0,95,56
18703797.0,105,47
18703981.0,98,51
18704036.0,103,50
18704074.0,105,53
18704082.0,106,56
18704094.0,94,52
18704162.0,107,53
18704170.0,105,66
18704195.0,107,50
18704204.0,94,53
18704212.0,100,44
18704313.0,99,46
18704361.0,106,49
18704491.0,105,51
18704597.0,99,44
18704600.0,107,46
18704613.0,109,49
18704621.0,96,59
18704622.0,105,46
18704630.0,105,52
18704744.0,106,45
18704748.0,95,57
18704836.0,106,51
18704841.0,101,49
18704882.0,104,46
18704906.0,98,49
18704946.0,97,53
18704965.0,104,45
18704975.0,99,45
18704977.0,104,64
18705284.0,104,46
18705312.0,99,44
18705335.0,103,49
18705377.0,100,50
18705439.0,108,48
18705470.0,100,51
18705481.0,103,44
18705496.0,106,55
18705606.0,101,48
18705606.0,94,52
18705608.0,105,51
18705626.0,107,54
18705634.0,98,48
18705653.0,95,55
18705664.0,108,51
18705671.0,93,51
18705680.0,98,52
18705761.0,107,49
18705796.0,101,46
18705836.0,109,49
18705838.0,106,51
18705843.0,102,45
18705867.0,105,44
18705900.0,104,63
18705916.0,105,51
18705919.0,87,87
18705924.0,100,49
18705937.0,105,60
18705940.0,106,48
18705967.0,101,45
18706002.0,98,60
18706089.0,109,49
18706132.0,98,50
18706139.0,102,44
18706152.0,105,44
18706155.0,106,50
18706281.0,96,53
18706326.0,96,52
18706416.0,97,52
18706449.0,94,50
18706467.0,96,51
18706488.0,104,44
18706547.0,105,51
18706562.0,109,52
18706588.0,103,69
18706631.0,107,53
18706633.0,96,58
18706657.0,93,51
18706665.0,106,49
18706748.0,103,48
18706760.0,104,49
18706779.0,95,51
18706784.0,105,51
18706786.0,104,64
18706795.0,102,51
18706829.0,101,47
18706841.0,108,51
18706857.0,94,53
18706897.0,108,52
18706918.0,97,58
18706939.0,57,67
18706973.0,109,52
18706974.0,101,44
18706981.0,106,50
18706983.0,107,49
18707006.0,105,52
18707010.0,103,50
18707018.0,96,51
18707020.0,106,54
18707099.0,99,45
18707178.0,99,46
18707199.0,104,48
18707248.0,57,67
18707249.0,97,54
18707250.0,99,73
18707480.0,105,45
18707483.0,105,51
18707509.0,40,87
18707531.0,98,47
18707537.0,104,53
18707601.0,97,60
18707607.0,93,51
18707621.0,99,74
18707624.0,98,61
18707671.0,97,53
18707722.0,96,51
18707788.0,101,60
18707888.0,105,51
18707934.0,55,51
18707968.0,105,50
18708046.0,102,44
18708057.0,97,50
18708078.0,106,45
18708135.0,93,52
18708174.0,97,51
18708214.0,106,46
18708227.0,106,47
18708238.0,53,56
18708331.0,105,46
18708370.0,101,46
18708376.0,105,57
18708414.0,104,52
18708422.0,103,66
18708430.0,96,57
18708441.0,95,57
18708471.0,105,52
18708493.0,104,47
18708523.0,94,54
18708552.0,108,50
18708555.0,98,72
18708601.0,103,47
18708613.0,97,71
18708620.0,106,50
18708641.0,40,86
18708649.0,97,56
18708656.0,104,63
18708672.0,109,73
18708689.0,96,54
18708714.0,94,55
18708720.0,52,55
18708726.0,53,56
18708758.0,70,61
18708785.0,107,48
18709007.0,100,47
18709033.0,96,60
18709035.0,93,50
18709053.0,98,46
18709058.0,93,52
18709077.0,98,53
18709229.0,97,52
18709237.0,106,46
18709244.0,103,49
18709317.0,102,46
18709320.0,106,49
18709336.0,69,60
18709421.0,102,51
18709474.0,102,50
18709530.0,98,45
18709584.0,106,59
18709626.0,97,49
18709634.0,97,61
18709713.0,108,48
18709739.0,100,50
18709747.0,58,50
18709888.0,97,50
18709894.0,108,49
18709900.0,93,53
18709921.0,106,59
18710006.0,97,48
18710018.0,97,53
18710027.0,105,56
18710042.0,94,51
18710160.0,95,52
18710222.0,92,51
18710225.0,104,46
18710241.0,97,51
18710287.0,103,45
18710288.0,103,64
18710318.0,108,50
18710334.0,105,49
18710374.0,102,49
18710375.0,69,60
18710396.0,94,56
18710401.0,106,50
18710430.0,106,53
18710444.0,94,53
18710447.0,40,85
18710460.0,100,46
18710512.0,105,51
18710539.0,103,65
18710603.0,100,44
18710656.0,98,45
18710706.0,99,51
18710717.0,101,44
18710752.0,104,51
18710757.0,105,57
18710809.0,101,45
18710822.0,107,48
18710826.0,102,51
18710898.0,104,62
18710916.0,105,58
18710987.0,93,53
18711055.0,95,53
18711132.0,98,67
18711219.0,106,49
18711240.0,100,49
18711297.0,98,47
18711324.0,100,47
18711410.0,108,49
18711458.0,105,48
18711510.0,93,52
18711519.0,100,45
18711599.0,99,49
18711654.0,107,51
18711706.0,103,48
18711745.0,105,45
18711750.0,108,49
18711757.0,92,51
18711776.0,99,49
18711824.0,102,86
18711857.0,107,52
18711881.0,97,48
18711903.0,105,59
18711966.0,95,59
18711969.0,108,72
18712023.0,105,55
18712029.0,98,46
18712045.0,105,51
18712184.0,97,47
18712192.0,104,47
18712209.0,96,53
18712228.0,101,44
18712239.0,101,46
18712315.0,102,48
18712332.0,97,64
18712343.0,105,47
18712363.0,96,54
18712400.0,99,56
18712419.0,99,50
18712420.0,100,47
18712480.0,102,47
18712491.0,103,48
18712504.0,102,46
18712509.0,99,49
18712524.0,107,52
18712541.0,106,49
18712560.0,104,45
18712566.0,105,56
18712579.0,96,55
18712656.0,106,53
18712671.0,104,60
18712692.0,107,51
18712729.0,96,51
18712817.0,103,63
18712893.0,96,52
18712955.0,92,52
18713000.0,103,52
18713079.0,105,46
18713095.0,105,54
18713152.0,107,52
18713179.0,104,52
18713187.0,103,52
18713256.0,106,48
18713342.0,100,46
18713380.0,103,47
18713419.0,107,52
18713439.0,99,48
18713583.0,104,50
18713590.0,61,80
18713639.0,93,51
18713718.0,95,57
18713793.0,99,47
18713815.0,94,55
18713874.0,99,48
18713887.0,104,72
18713904.0,93,51
18713908.0,99,49
18713922.0,99,51
18713936.0,94,52
18713939.0,104,64
18713950.0,104,65
18713964.0,97,46
18714013.0,98,65
18714046.0,102,70
18714118.0,107,50
18714185.0,93,53
18714213.0,92,52
18714226.0,102,45
18714319.0,99,44
18714321.0,100,45
18714376.0,96,49
18714396.0,105,50
18714410.0,96,51
18714428.0,103,65
18714465.0,93,55
18714477.0,95,54
18714499.0,102,44
18714509.0,105,55
18714517.0,99,50
18714585.0,99,46
18714628.0,106,52
18714650.0,95,58
18714763.0,103,66
18714784.0,93,51
18714795.0,94,57
18714802.0,103,46
18714855.0,103,53
18714860.0,101,51
18714882.0,107,48
18714941.0,104,49
18714962.0,93,54
18714976.0,97,45
18715024.0,103,52
18715040.0,96,52
18715069.0,96,50
18715178.0,101,50
18715268.0,107,49
18715273.0,100,45
18715343.0,103,49
18715431.0,100,48
18715478.0,56,51
18715513.0,101,49
18715533.0,105,54
18715551.0,102,49
18715579.0,102,67
18715696.0,96,48
18715747.0,102,48
18715837.0,104,66
18715857.0,97,65
18715859.0,92,51
18715918.0,99,47
18715950.0,97,59
18716011.0,94,53
18716036.0,97,62
18716165.0,103,45
18716269.0,98,49
18716277.0,104,47
18716280.0,99,49
18716296.0,104,52
18716305.0,105,49
18716327.0,101,51
18716337.0,103,47
18716348.0,91,52
18716367.0,100,44
18716406.0,55,51
18716419.0,92,53
18716545.0,104,48
18716590.0,98,50
18716597.0,103,51
18716614.0,105,50
18716639.0,96,53
18716674.0,96,47
18716709.0,104,51
18716779.0,98,51
18716789.0,103,53
18716823.0,96,60
18716826.0,101,48
18716853.0,55,51
18716985.0,91,52
18716990.0,102,48
18717029.0,98,63
18717065.0,98,47
18717098.0,93,52
18717114.0,101,47
18717182.0,104,58
18717236.0,107,48
18717310.0,106,51
18717420.0,100,46
18717462.0,95,55
18717497.0,103,48
18717503.0,104,45
18717504.0,94,51
18717519.0,104,46
18717529.0,105,53
18717545.0,104,47
18717565.0,92,51
18717686.0,99,47
18717726.0,101,46
18717749.0,96,46
18717821.0,104,45
18717834.0,97,64
18717857.0,93,55
18717916.0,99,46
18717946.0,97,46
18718042.0,101,45
18718045.0,103,53
18718136.0,103,50
18718142.0,95,59
18718169.0,99,48
18718285.0,95,60
18718433.0,105,49
18718492.0,98,46
18718526.0,105,48
18718553.0,104,57
18718570.0,104,50
18718577.0,92,54
18718710.0,99,64
18718786.0,98,62
18718918.0,98,45
18719014.0,106,50
18719014.0,96,45
18719021.0,101,44
18719043.0,94,58
18719139.0,104,51
18719150.0,103,51
18719155.0,99,45
18719200.0,98,45
18719294.0,96,61
18719309.0,93,52
18719367.0,103,52
18719378.0,99,74
18719385.0,102,47
18719409.0,91,52
18719444.0,102,77
18719474.0,95,52
18719499.0,107,49
18719561.0,103,49
18719697.0,94,53
18719743.0,104,50
18719752.0,99,50
18719791.0,98,49
18719840.0,102,45
18719876.0,107,49
18719900.0,101,50
18719932.0,98,71
18719956.0,91,53
18719978.0,104,55
18720050.0,106,48
18720123.0,95,51
18720125.0,92,52
18720146.0,95,53
18720192.0,102,52
18720197.0,106,49
18720207.0,101,49
18720216.0,104,60
18720283.0,94,54
18720310.0,103,48
18720346.0,95,54
18720346.0,100,51
18720363.0,105,52
18720414.0,102,46
18720476.0,65,48
18720491.0,100,50
18720498.0,98,52
18720498.0,98,50
18720530.0,105,48
18720603.0,95,49
18720622.0,95,48
18720639.0,65,48
18720641.0,103,67
18720652.0,96,49
18720674.0,104,60
18720708.0,103,47
18720734.0,99,46
18720782.0,92,54
18720808.0,104,56
18720865.0,103,49
18720928.0,66,48
18720954.0,99,45
18720994.0,100,49
18721009.0,93,57
18721038.0,100,48
18721046.0,103,45
18721120.0,104,49
18721231.0,102,53
18721295.0,102,68
18721328.0,104,54
18721339.0,93,53
18721406.0,92,55
18721485.0,96,47
18721487.0,104,58
18721491.0,103,51
18721497.0,98,47
18721585.0,96,46
18721594.0,91,53
18721657.0,104,50
18721714.0,95,47
18721747.0,101,48
18721761.0,95,46
18721921.0,103,52
18721937.0,100,46
18721945.0,105,51
18721976.0,97,46
18721977.0,98,46
18722029.0,100,47
18722038.0,97,51
18722156.0,100,45
18722163.0,92,52
18722218.0,103,51
18722222.0,99,44
18722263.0,97,49
18722267.0,97,62
18722438.0,103,46
18722450.0,102,52
18722462.0,97,51
18722470.0,98,79
18722522.0,103,47
18722542.0,96,45
18722549.0,91,54
18722562.0,102,51
18722583.0,95,55
18722667.0,97,45
18722678.0,97,60
18722715.0,96,51
18722787.0,99,51
18722798.0,97,48
18722811.0,104,48
18722818.0,97,49
18722821.0,96,48
18722889.0,97,51
18722890.0,101,47
18722911.0,103,48
18722946.0,91,52
18722972.0,101,46
18723017.0,103,51
18723070.0,90,53
18723133.0,95,45
18723235.0,105,53
18723287.0,97,50
18723342.0,97,47
18723352.0,104,53
18723401.0,95,54
18723450.0,96,81
18723471.0,104,57
18723487.0,93,57
18723507.0,91,54
18723556.0,102,53
18723585.0,100,44
18723620.0,105,50
18723625.0,96,54
18723648.0,92,56
18723658.0,95,53
18723675.0,97,50
18723817.0,97,52
18723857.0,104,49
18723866.0,105,51
18723878.0,97,51
18723913.0,95,80
18723988.0,71,57
18724012.0,104,48
18724051.0,95,45
18724114.0,95,52
18724133.0,94,51
18724261.0,98,45
18724371.0,102,69
18724411.0,99,52
18724506.0,90,53
18724561.0,94,55
18724724.0,95,51
18724740.0,105,49
18724753.0,102,50
18724766.0,103,50
18724847.0,97,46
18724866.0,105,48
18724876.0,95,48
18724914.0,97,51
18724998.0,92,55
18725003.0,94,51
18725028.0,57,55
18725061.0,94,55
18725076.0,101,45
18725100.0,52,116
18725101.0,94,48
18725147.0,102,45
18725193.0,97,48
18725211.0,93,54
18725220.0,100,50
18725259.0,95,46
18725261.0,91,54
18725314.0,102,52
18725323.0,92,53
18725333.0,57,54
18725339.0,94,53
18725388.0,98,44
18725416.0,94,47
18725446.0,97,46
18725463.0,99,50
18725466.0,96,45
18725470.0,94,46
18725476.0,102,49
18725541.0,92,57
18725543.0,106,48
18725553.0,102,48
18725557.0,97,49
18725619.0,104,52
18725707.0,94,49
18725722.0,100,51
18725871.0,94,54
18725884.0,99,45
18725886.0,97,47
18725930.0,96,48
18725963.0,94,52
18725976.0,105,48
18726101.0,91,55
18726104.0,104,53
18726106.0,27,62
18726110.0,96,47
18726169.0,94,48
18726179.0,96,46
18726204.0,99,51
18726227.0,103,55
18726268.0,103,49
18726270.0,101,52
18726274.0,102,47
18726327.0,98,46
18726349.0,94,50
18726365.0,102,46
18726366.0,94,46
18726373.0,102,53
18726375.0,94,59
18726379.0,92,56
18726400.0,99,47
18726413.0,99,49
18726501.0,103,56
18726513.0,90,54
18726542.0,94,47
18726573.0,96,50
18726686.0,97,45
18726708.0,99,48
18726788.0,101,83
18726804.0,99,46
18726854.0,100,47
18726887.0,98,58
18726946.0,103,58
18727121.0,96,51
18727153.0,100,48
18727187.0,96,49
18727209.0,96,48
18727239.0,103,54
18727251.0,96,45
18727275.0,94,45
18727312.0,100,46
18727324.0,104,51
18727340.0,95,45
18727379.0,35,111
18727400.0,102,51
18727417.0,103,48
18727438.0,104,50
18727456.0,91,53
18727463.0,93,58
18727543.0,105,50
18727575.0,97,48
18727591.0,103,50
18727659.0,99,44
18727742.0,103,59
18727902.0,101,51
18727940.0,101,53
18728055.0,97,65
18728088.0,103,57
18728115.0,96,52
18728165.0,91,55
18728201.0,97,44
18728276.0,96,65
18728345.0,100,49
18728351.0,97,45
18728376.0,91,56
18728462.0,97,46
18728486.0,92,57
18728491.0,100,45
18728500.0,97,51
18728671.0,103,49
18728695.0,90,54
18728717.0,94,58
18728757.0,103,56
18728816.0,91,52
18728829.0,91,53
18728889.0,103,53
18728978.0,92,58
18729037.0,89,53
18729073.0,95,45
18729088.0,98,44
18729135.0,101,50
18729190.0,103,55
18729231.0,103,48
18729246.0,97,50
18729302.0,93,51
18729480.0,92,54
18729508.0,94,54
18729520.0,104,49
18729538.0,96,48
18729567.0,96,65
18729620.0,93,59
18729686.0,97,52
18729698.0,94,61
18729747.0,104,50
18729761.0,99,52
18729804.0,103,52
18729932.0,99,49
18729951.0,93,48
18729998.0,104,48
18730005.0,101,45
18730008.0,98,46
18730065.0,103,54
18730073.0,93,47
18730096.0,95,46
18730099.0,101,48
18730119.0,102,50
18730190.0,93,50
18730274.0,98,45
18730327.0,89,54
18730342.0,97,47
18730374.0,97,44
18730443.0,95,48
18730452.0,93,46
18730502.0,90,89
18730503.0,103,54
18730544.0,94,55
18730633.0,101,49
18730717.0,104,51
18730718.0,96,48
18730721.0,90,53
18730729.0,93,49
18730730.0,95,56
18730777.0,95,47
18730828.0,93,48
18730838.0,95,48
18730901.0,98,47
18730938.0,90,55
18730975.0,99,50
18731000.0,93,52
18731023.0,101,46
18731026.0,89,54
18731067.0,96,49
18731105.0,99,49
18731133.0,101,47
18731196.0,95,50
18731198.0,102,71
18731200.0,93,60
18731217.0,93,51
18731225.0,96,52
18731253.0,92,58
18731262.0,99,46
18731287.0,98,50
18731320.0,96,46
18731332.0,99,48
18731342.0,96,47
18731348.0,95,48
18731437.0,93,46
18731442.0,96,50
18731451.0,95,50
18731453.0,101,47
18731489.0,104,48
18731552.0,103,59
18731570.0,102,49
18731590.0,102,51
18731602.0,98,52
18731625.0,96,62
18731639.0,96,60
18731639.0,99,51
18731650.0,96,45
18731667.0,98,46
18731724.0,105,49
18731761.0,91,56
18731771.0,103,53
18731773.0,98,49
18731863.0,93,52
18731889.0,102,48
18731901.0,97,63
18732022.0,95,49
18732024.0,103,52
18732043.0,103,58
18732077.0,93,53
18732101.0,98,48
18732106.0,91,88
18732130.0,96,51
18732145.0,98,51
18732275.0,91,54
18732285.0,95,50
18732293.0,103,52
18732317.0,101,47
18732414.0,93,52
18732470.0,102,50
18732486.0,95,51
18732521.0,100,52
18732595.0,99,47
18732661.0,95,50
18732670.0,92,59
18732670.0,102,48
18732683.0,101,52
18732705.0,93,52
18732804.0,90,55
18732928.0,92,57
18733011.0,95,60
18733027.0,95,62
18733056.0,97,64
18733111.0,100,45
18733242.0,95,52
18733283.0,103,51
18733296.0,99,45
18733395.0,103,52
18733415.0,97,44
18733512.0,101,51
18733519.0,96,63
18733540.0,102,59
18733557.0,93,54
18733568.0,89,54
18733635.0,100,51
18733802.0,102,54
18733816.0,103,74
18733826.0,104,50
18733863.0,98,69
18733977.0,91,54
18734034.0,103,50
18734064.0,95,49
18734066.0,102,47
18734173.0,95,48
18734189.0,92,46
18734229.0,100,53
18734314.0,104,50
18734345.0,91,45
18734363.0,67,53
18734367.0,92,47
18734368.0,92,55
18734372.0,99,46
18734389.0,92,49
18734433.0,97,45
18734525.0,100,50
18734546.0,92,51
18734568.0,102,55
18734580.0,90,88
18734626.0,98,50
18734662.0,100,46
18734678.0,104,50
18734679.0,98,64
18734689.0,94,48
18734698.0,96,46
18734699.0,93,50
18734731.0,95,45
18734733.0,100,49
18734773.0,91,57
18734790.0,103,49
18734838.0,92,50
18734849.0,100,48
18734856.0,97,46
18734901.0,98,52
18734926.0,103,48
18734951.0,94,47
18735023.0,98,49
18735054.0,97,60
18735063.0,95,47
18735124.0,98,46
18735167.0,98,48
18735264.0,94,46
18735268.0,95,46
18735290.0,97,48
18735296.0,90,56
18735329.0,89,55
18735341.0,104,50
18735356.0,101,51
18735358.0,92,49
18735387.0,102,53
18735423.0,98,51
18735476.0,92,52
18735587.0,98,47
18735699.0,93,60
18735701.0,101,50
18735714.0,95,49
18735729.0,93,53
18735767.0,101,49
18735791.0,104,50
18735816.0,102,56
18735822.0,98,50
18735872.0,97,50
18735895.0,103,48
18735938.0,90,54
18735946.0,92,46
18735964.0,100,47
18735971.0,104,50
18736037.0,94,49
18736092.0,97,46
18736127.0,98,48
18736235.0,95,45
18736249.0,89,55
18736282.0,102,54
18736332.0,94,49
18736434.0,93,54
18736442.0,95,48
18736447.0,102,58
18736505.0,98,59
18736525.0,89,54
18736554.0,92,58
18736604.0,97,49
18736712.0,91,58
18736719.0,93,57
18736733.0,94,50
18736796.0,63,58
18736797.0,92,56
18736823.0,99,61
18736867.0,95,47
18736891.0,97,46
18736895.0,94,51
18736917.0,103,51
18736991.0,93,55
18737006.0,97,51
18737101.0,99,45
18737112.0,101,48
18737113.0,93,57
18737134.0,93,46
18737137.0,97,52
18737154.0,102,52
18737172.0,95,51
18737176.0,59,57
18737215.0,92,51
18737221.0,102,53
18737238.0,98,52
18737258.0,100,52
18737358.0,98,47
18737369.0,97,51
18737408.0,92,53
18737410.0,98,49
18737416.0,102,53
18737447.0,97,52
18737481.0,90,56
18737500.0,102,55
18737615.0,91,55
18737705.0,102,57
18737734.0,101,47
18737746.0,92,52
18737794.0,92,47
18737928.0,97,48
18737975.0,93,59
18738015.0,102,53
18738031.0,89,56
18738047.0,100,53
18738062.0,98,46
18738096.0,99,46
18738169.0,92,48
18738238.0,97,51
18738389.0,91,48
18738448.0,99,51
18738501.0,97,51
18738608.0,101,49
18738610.0,96,66
18738637.0,91,47
18738712.0,101,47
18738720.0,96,46
18738731.0,102,60
18738753.0,100,51
18738760.0,91,51
18738824.0,93,47
18738829.0,99,52
18738870.0,96,45
18738874.0,103,66
18738876.0,102,50
18738877.0,102,51
18738890.0,88,55
18738949.0,91,49
18738952.0,99,47
18738967.0,92,54
18738982.0,89,54
18739086.0,90,57
18739092.0,94,46
18739093.0,91,50
18739136.0,96,66
18739155.0,99,50
18739198.0,101,54
18739237.0,89,54
18739274.0,89,56
18739357.0,92,60
18739380.0,93,48
18739407.0,102,56
18739490.0,96,47
18739525.0,93,49
18739541.0,97,48
18739546.0,94,47
18739593.0,95,52
18739622.0,97,46
18739643.0,92,53
18739672.0,102,48
18739707.0,92,46
18739707.0,99,48
18739709.0,99,49
18739714.0,96,64
18739773.0,103,64
18739774.0,91,47
18739806.0,97,49
18739819.0,93,61
18739886.0,102,48
18739961.0,98,48
18740162.0,94,61
18740171.0,91,57
18740197.0,94,62
18740202.0,95,64
18740207.0,90,55
18740221.0,99,78
18740243.0,99,51
18740259.0,95,61
18740264.0,91,58
18740304.0,94,48
18740359.0,102,48
18740370.0,100,50
18740392.0,97,48
18740408.0,98,78
18740425.0,91,52
18740445.0,91,59
18740471.0,100,52
18740500.0,92,59
18740640.0,94,50
18740659.0,99,78
18740698.0,97,67
18740724.0,102,49
18740751.0,91,50
18740980.0,97,47
18741010.0,99,53
18741046.0,102,53
18741051.0,94,49
18741070.0,93,50
18741093.0,93,51
18741144.0,92,57
18741183.0,96,49
18741186.0,96,48
18741322.0,94,53
18741456.0,96,50
18741460.0,91,51
18741547.0,101,53
18741566.0,95,45
18741696.0,92,47
18741697.0,94,47
18741698.0,100,49
18741730.0,100,48
18741742.0,100,83
18741747.0,98,46
18742002.0,91,56
18742039.0,90,58
18742059.0,66,48
18742157.0,90,55
18742258.0,97,46
18742338.0,101,47
18742378.0,92,54
18742394.0,97,51
18742432.0,91,53
18742507.0,97,50
18742518.0,101,56
18742535.0,92,56
18742539.0,94,46
18742547.0,94,51
18742616.0,94,52
18742671.0,90,47
18742695.0,101,47
18742701.0,96,51
18742742.0,58,49
18742770.0,98,47
18742780.0,102,63
18742794.0,100,47
18742817.0,92,89
18742868.0,90,49
18742878.0,101,52
18742880.0,92,55
18742958.0,89,55
18742982.0,89,56
18742989.0,88,56
18742991.0,57,49
18743038.0,98,46
18743054.0,91,53
18743077.0,92,48
18743143.0,91,52
18743157.0,89,57
18743202.0,98,48
18743206.0,101,54
18743219.0,90,48
18743240.0,96,46
18743285.0,91,48
18743402.0,96,47
18743453.0,99,52
18743476.0,101,47
18743482.0,95,46
18743509.0,93,47
18743524.0,57,49
18743530.0,91,49
18743607.0,90,49
18743651.0,95,47
18743709.0,92,60
18743712.0,93,52
18743739.0,96,49
18743773.0,93,46
18743791.0,92,49
18743888.0,90,50
18743915.0,57,49
18743924.0,101,51
18743936.0,57,48
18743984.0,90,51
18743989.0,98,49
18744025.0,91,54
18744079.0,98,50
18744147.0,101,55
18744152.0,53,56
18744153.0,96,52
18744168.0,99,52
18744170.0,101,50
18744185.0,99,51
18744190.0,96,48
18744222.0,56,58
18744253.0,102,59
18744256.0,101,48
18744279.0,93,48
18744326.0,94,48
18744358.0,90,58
18744358.0,98,51
18744387.0,53,55
18744439.0,88,56
18744455.0,95,48
18744473.0,96,49
18744483.0,93,49
18744532.0,90,57
18744567.0,100,48
18744614.0,96,50
18744636.0,101,53
18744781.0,99,53
18744798.0,98,53
18744799.0,53,56
18744868.0,88,55
18744898.0,98,52
18744940.0,90,47
18744956.0,96,47
18744962.0,101,51
18744980.0,89,57
18744997.0,91,59
18745012.0,93,45
18745101.0,96,51
18745175.0,101,49
18745181.0,92,50
18745217.0,91,47
18745237.0,90,51
18745325.0,90,52
18745343.0,101,51
18745416.0,94,45
18745433.0,93,50
18745465.0,97,46
18745483.0,95,48
18745709.0,91,57
18745950.0,94,53
18745998.0,94,52
18746019.0,99,49
18746019.0,99,48
18746085.0,99,50
18746092.0,96,48
18746107.0,96,52
18746125.0,90,56
18746142.0,91,48
18746163.0,98,45
18746182.0,100,51
18746194.0,96,46
18746199.0,93,49
18746207.0,95,50
18746228.0,94,50
18746238.0,101,56
18746257.0,99,51
18746269.0,95,48
18746307.0,92,56
18746313.0,91,60
18746322.0,92,51
18746322.0,101,50
18746349.0,93,60
18746358.0,99,47
18746401.0,89,48
18746422.0,96,50
18746493.0,93,46
18746503.0,88,57
18746559.0,96,73
18746590.0,95,49
18746614.0,95,46
18746621.0,100,50
18746749.0,93,56
18746798.0,90,47
18746877.0,99,48
18746903.0,96,65
18747051.0,97,47
18747074.0,99,49
18747107.0,89,48
18747165.0,94,46
18747180.0,95,47
18747187.0,92,46
18747326.0,91,55
18747370.0,91,48
18747386.0,89,49
18747450.0,99,47
18747450.0,95,46
18747470.0,101,52
18747508.0,94,47
18747558.0,93,51
18747676.0,96,51
18747704.0,90,47
18747715.0,97,48
18747729.0,92,52
18747816.0,87,56
18747835.0,92,47
18747978.0,95,51
18748064.0,109,91
18748198.0,89,58
18748332.0,91,49
18748351.0,94,48
18748366.0,32,52
18748377.0,91,54
18748384.0,100,48
18748444.0,100,52
18748467.0,90,52
18748471.0,98,48
18748496.0,89,50
18748519.0,103,52
18748610.0,96,52
18748613.0,88,57
18748615.0,93,48
18748615.0,90,54
18748731.0,93,50
18748786.0,93,52
18748818.0,90,59
18748822.0,95,52
18748830.0,91,50
18748844.0,91,49
18748925.0,95,49
18749047.0,89,51
18749078.0,93,61
18749094.0,97,49
18749095.0,92,49
18749101.0,92,46
18749168.0,89,56
18749251.0,95,48
18749265.0,95,52
18749277.0,97,50
18749291.0,89,48
18749299.0,91,49
18749427.0,97,49
18749469.0,100,53
18749483.0,100,49
18749487.0,100,47
18749538.0,89,57
18749544.0,97,51
18749584.0,93,45
18749617.0,92,47
18749629.0,100,51
18749679.0,93,52
18749686.0,89,52
18749689.0,88,56
18749722.0,91,49
18749757.0,100,54
18749867.0,93,46
18749875.0,101,58
18749890.0,95,50
18750125.0,92,49
18750128.0,92,48
18750147.0,87,57
18750162.0,95,53
18750210.0,93,51
18750243.0,98,52
18750274.0,100,50
18750285.0,97,52
18750310.0,100,48
18750415.0,98,51
18750471.0,97,78
18750481.0,98,48
18750533.0,90,48
18750693.0,93,53
18750770.0,100,48
18750790.0,90,57
18750801.0,88,49
18750813.0,98,49
18750819.0,98,50
18750824.0,95,47
18750834.0,93,47
18750854.0,94,50
18750870.0,94,62
18750880.0,94,46
18750952.0,89,58
18750965.0,87,57
18751010.0,94,49
18751026.0,100,52
18751055.0,96,47
18751073.0,92,51
18751133.0,95,49
18751143.0,89,51
18751147.0,98,53
18751155.0,91,55
18751216.0,92,50
18751327.0,90,55
18751339.0,99,47
18751370.0,94,49
18751378.0,97,49
18751379.0,92,53
18751424.0,94,63
18751523.0,93,46
18751551.0,90,49
18751565.0,94,47
18751615.0,99,47
18751626.0,93,87
18751640.0,98,52
18751652.0,91,51
18751667.0,95,51
18751685.0,98,48
18751762.0,91,47
18751799.0,91,46
18751827.0,93,88
18751835.0,95,63
18751901.0,89,52
18751926.0,96,48
18751930.0,91,56
18751954.0,97,53
18751981.0,98,49
18751984.0,90,51
18752002.0,92,48
18752022.0,89,49
18752027.0,91,60
18752032.0,92,49
18752093.0,88,50
18752130.0,91,52
18752154.0,88,56
18752191.0,88,48
18752216.0,98,50
18752245.0,94,49
18752246.0,92,55
18752307.0,99,47
18752353.0,98,47
18752395.0,93,47
18752495.0,89,59
18752520.0,89,48
18752610.0,93,47
18752626.0,90,49
18752698.0,94,46
18752711.0,91,48
18752726.0,90,54
18752810.0,87,57
18752834.0,88,58
18752848.0,93,48
18752934.0,96,64
18752941.0,60,64
18752948.0,90,49
18752958.0,96,63
18752989.0,94,49
18753084.0,91,61
18753103.0,94,51
18753110.0,98,51
18753146.0,89,53
18753165.0,95,46
18753289.0,95,52
18753318.0,93,53
18753355.0,91,49
18753379.0,90,60
18753400.0,96,49
18753498.0,88,50
18753541.0,90,50
18753547.0,95,50
18753548.0,100,56
18753553.0,90,57
18753569.0,87,56
18753601.0,91,58
18753690.0,62,56
18753707.0,90,49
18753803.0,61,56
18753819.0,94,48
18753826.0,94,49
18753867.0,95,64
18753921.0,57,49
18753959.0,90,60
18753973.0,87,56
18753974.0,90,49
18753978.0,95,53
18753996.0,99,48
18754008.0,92,46
18754017.0,90,55
18754036.0,89,48
18754071.0,61,56
18754079.0,108,48
18754088.0,88,49
18754101.0,91,56
18754124.0,98,49
18754147.0,96,50
18754151.0,95,47
18754186.0,91,48
18754194.0,89,54
18754202.0,89,57
18754254.0,57,49
18754285.0,92,54
18754358.0,108,48
18754443.0,93,49
18754472.0,56,49
18754487.0,88,51
18754552.0,96,51
18754656.0,99,49
18754782.0,94,50
18754890.0,94,52
18754924.0,92,52
18754996.0,90,51
18755019.0,91,47
18755047.0,88,58
18755048.0,90,59
18755049.0,63,57
18755076.0,56,49
18755093.0,94,47
18755124.0,89,49
18755288.0,93,47
18755313.0,93,46
18755387.0,92,46
18755413.0,91,57
18755465.0,94,46
18755477.0,97,48
18755532.0,91,51
18755537.0,88,52
18755558.0,97,49
18755578.0,89,59
18755603.0,92,57
18755642.0,99,50
18755678.0,56,49
18755692.0,87,58
18755693.0,94,51
18755696.0,92,53
18755710.0,89,58
18755756.0,88,51
18755861.0,93,57
18755866.0,89,52
18755871.0,92,47
18755881.0,99,53
18755896.0,91,49
18755904.0,88,53
18755906.0,87,50
18756128.0,91,50
18756150.0,96,52
18756177.0,56,49
18756241.0,91,53
18756275.0,87,49
18756288.0,93,62
18756337.0,94,53
18756352.0,99,51
18756412.0,93,50
18756461.0,97,53
18756481.0,90,47
18756605.0,92,51
18756623.0,97,50
18756640.0,90,56
18756700.0,95,48
18756722.0,89,57
18756729.0,98,47
18756734.0,100,56
18756808.0,90,51
18756910.0,92,91
18756912.0,91,51
18756915.0,93,48
18757011.0,92,48
18757065.0,97,48
18757070.0,97,52
18757085.0,91,58
18757211.0,90,52
18757233.0,97,47
18757264.0,97,51
18757321.0,96,53
18757375.0,93,51
18757408.0,88,57
18757411.0,87,58
18757597.0,94,52
18757610.0,90,48
18757650.0,97,53
18757712.0,101,60
18757716.0,92,54
18757754.0,90,58
18757801.0,87,50
18757804.0,95,49
18757836.0,92,49
18757881.0,95,47
18757952.0,87,51
18757968.0,89,50
18757990.0,97,50
18758006.0,97,49
18758089.0,95,50
18758111.0,91,61
18758130.0,101,61
18758161.0,92,49
18758162.0,94,47
18758351.0,93,47
18758399.0,88,58
18758439.0,90,56
18758441.0,88,49
18758548.0,93,49
18758819.0,92,49
18758990.0,87,57
18758993.0,92,53
18759004.0,97,60
18759039.0,92,47
18759055.0,90,57
18759057.0,93,50
18759071.0,89,55
18759079.0,91,52
18759108.0,94,53
18759348.0,89,54
18759381.0,90,49
18759486.0,91,54
18759555.0,98,48
18759618.0,96,53
18759640.0,94,48
18759643.0,98,49
18759733.0,89,51
18759738.0,88,54
18759761.0,88,49
18759970.0,88,59
18760060.0,90,50
18760064.0,91,47
18760074.0,90,55
18760085.0,88,53
18760091.0,87,52
18760114.0,93,46
18760175.0,89,59
18760221.0,89,51
18760348.0,97,52
18760365.0,89,48
18760389.0,93,52
18760452.0,90,53
18760492.0,95,51
18760547.0,92,48
18760550.0,92,47
18760564.0,87,51
18760685.0,91,51
18760695.0,90,51
18760697.0,97,47
18760717.0,96,48
18760731.0,91,48
18760744.0,90,48
18760794.0,101,58
18760813.0,93,47
18760830.0,93,52
18760840.0,89,52
18760923.0,97,66
18760928.0,89,56
18760930.0,89,58
18760953.0,98,50
18760963.0,87,52
18760971.0,88,57
18761002.0,89,47
18761029.0,87,58
18761037.0,92,52
18761054.0,91,52
18761158.0,90,47
18761174.0,96,49
18761454.0,87,49
18761454.0,86,50
18761464.0,94,53
18761478.0,92,50
18761506.0,88,50
18761548.0,98,52
18761634.0,90,50
18761681.0,91,62
18761761.0,94,49
18761784.0,91,53
18761819.0,95,52
18761866.0,98,53
18761895.0,89,48
18761930.0,87,50
18761961.0,93,51
18761988.0,96,51
18761998.0,89,60
18762058.0,86,51
18762137.0,87,53
18762142.0,92,49
18762272.0,90,57
18762522.0,96,47
18762536.0,91,47
18762551.0,96,49
18762642.0,94,52
18762661.0,89,47
18762723.0,98,51
18762754.0,88,54
18762775.0,90,47
18762895.0,88,55
18762896.0,90,51
18762955.0,91,54
18763049.0,88,59
18763085.0,96,50
18763228.0,96,48
18763251.0,96,52
18763267.0,90,58
18763304.0,87,59
18763306.0,91,49
18763316.0,97,48
18763318.0,92,50
18763365.0,92,51
18763480.0,98,54
18763521.0,90,49
18763527.0,89,56
18763559.0,93,48
18763656.0,93,52
18763678.0,91,47
18763688.0,86,50
18763712.0,96,53
18763756.0,93,53
18763784.0,89,58
18763803.0,90,59
18763996.0,86,51
18764070.0,90,47
18764270.0,91,48
18764312.0,94,65
18764402.0,90,54
18764405.0,86,52
18764456.0,88,51
18764572.0,98,52
18764677.0,89,49
18764738.0,98,53
18764751.0,88,58
18764873.0,92,47
18764875.0,87,50
18764887.0,97,49
18764929.0,92,49
18764950.0,94,65
18765000.0,96,52
18765024.0,92,50
18765032.0,95,53
18765036.0,89,48
18765078.0,92,52
18765134.0,86,51
18765220.0,89,53
18765324.0,96,51
18765344.0,90,52
18765366.0,89,57
18765409.0,92,51
18765460.0,99,55
18765609.0,93,49
18765621.0,96,53
18765791.0,88,56
18765794.0,92,63
18765830.0,91,61
18765834.0,93,53
18765917.0,91,49
18766075.0,89,50
18766087.0,89,47
18766127.0,87,58
18766129.0,88,52
18766177.0,95,50
18766196.0,97,50
18766235.0,91,53
18766312.0,90,48
18766318.0,88,49
18766345.0,96,56
18766373.0,86,59
18766552.0,99,56
18766556.0,86,52
18766618.0,95,49
18766763.0,88,48
18766777.0,96,78
18766852.0,99,57
18766856.0,90,61
18766959.0,94,51
18766993.0,88,58
18767003.0,87,50
18767083.0,90,58
18767200.0,89,47
18767235.0,87,59
18767249.0,94,52
18767294.0,93,63
18767302.0,93,50
18767375.0,98,54
18767405.0,96,47
18767432.0,92,48
18767449.0,88,48
18767513.0,91,49
18767622.0,94,63
18767649.0,91,54
18767681.0,94,64
18767742.0,91,48
18767758.0,89,51
18767810.0,86,50
18767857.0,97,51
18768004.0,95,51
18768074.0,88,49
18768081.0,90,48
18768111.0,91,47
18768126.0,91,48
18768158.0,87,51
18768253.0,93,50
18768380.0,97,52
18768420.0,95,50
18768435.0,91,47
18768506.0,90,49
18768541.0,86,59
18768556.0,93,50
18768566.0,90,53
18768597.0,88,52
18768615.0,89,55
18768618.0,94,65
18768639.0,90,57
18768680.0,97,52
18768684.0,87,58
18768707.0,89,52
18768733.0,89,57
18768752.0,96,48
18768841.0,95,49
18769023.0,92,49
18769049.0,98,55
18769064.0,89,59
18769220.0,90,55
18769308.0,95,51
18769352.0,89,54
18769386.0,86,54
18769471.0,90,48
18769474.0,97,52
18769625.0,88,60
18769626.0,87,55
18769626.0,90,54
18769695.0,92,52
18769705.0,97,52
18769762.0,90,58
18769780.0,94,52
18769802.0,94,48
18769825.0,97,51
18769837.0,92,51
18770068.0,89,58
18770220.0,93,51
18770223.0,97,53
18770265.0,88,56
18770277.0,95,53
18770307.0,95,52
18770316.0,86,58
18770353.0,89,51
18770406.0,89,48
18770407.0,93,51
18770421.0,97,50
18770422.0,89,50
18770442.0,91,48
18770443.0,94,48
18770466.0,96,49
18770598.0,94,53
18770627.0,91,57
18770680.0,90,49
18770701.0,87,60
18770702.0,87,51
18770720.0,89,48
18770842.0,88,57
18770875.0,93,51
18771029.0,87,51
18771049.0,88,53
18771120.0,85,52
18771153.0,95,50
18771247.0,89,61
18771342.0,97,54
18771403.0,86,54
18771905.0,92,50
18771983.0,98,55
18771995.0,94,49
18772018.0,88,49
18772166.0,96,50
18772387.0,93,52
18772416.0,56,49
18772442.0,89,52
18772484.0,95,53
18772518.0,101,51
18772573.0,93,51
18772591.0,85,52
18772796.0,89,48
18772806.0,88,51
18772853.0,87,49
18772946.0,56,49
18772967.0,91,49
18772984.0,86,52
18773044.0,88,50
18773121.0,102,50
18773126.0,87,52
18773157.0,94,51
18773260.0,87,51
18773435.0,87,52
18773441.0,95,48
18773472.0,96,51
18773482.0,87,51
18773503.0,94,50
18773543.0,85,53
18773648.0,89,53
18773841.0,96,62
18773933.0,91,51
18774040.0,102,50
18774095.0,86,51
18774097.0,87,52
18774139.0,90,48
18774187.0,88,48
18774238.0,87,48
18774340.0,94,51
18774360.0,89,55
18774380.0,89,57
18774450.0,87,49
18774540.0,92,51
18774711.0,94,49
18774777.0,96,52
18774884.0,93,52
18774975.0,87,56
18775022.0,85,52
18775120.0,88,51
18775200.0,90,53
18775271.0,95,63
18775351.0,88,52
18775405.0,86,55
18775407.0,85,53
18775415.0,94,66
18775429.0,93,67
18775519.0,87,50
18775582.0,91,63
18775740.0,95,49
18775873.0,91,53
18775918.0,58,53
18775995.0,96,51
18776151.0,89,58
18776198.0,94,50
18776320.0,93,49
18776503.0,87,60
18776594.0,92,54
18776615.0,83,104
18776662.0,94,51
18776704.0,86,51
18776795.0,95,66
18776811.0,89,55
18776821.0,93,48
18776900.0,96,53
18776969.0,95,50
18777013.0,94,52
18777044.0,87,55
18777086.0,92,50
18777107.0,93,53
18777218.0,91,50
18777240.0,90,55
18777249.0,88,48
18777254.0,92,63
18777280.0,96,52
18777370.0,93,49
18777519.0,94,48
18777536.0,87,59
18777686.0,87,48
18777696.0,91,49
18777873.0,88,58
18777961.0,89,54
18777973.0,92,52
18778060.0,91,49
18778087.0,94,53
18778406.0,86,52
18778502.0,90,49
18778551.0,88,57
18778562.0,87,53
18778686.0,99,58
18778738.0,90,51
18778772.0,86,55
18778782.0,91,51
18778793.0,93,50
18778837.0,93,64
18778972.0,98,56
18778980.0,88,52
18778997.0,85,54
18779016.0,87,51
18779108.0,87,50
18779213.0,86,59
18779743.0,86,60
18779835.0,85,51
18779956.0,85,54
18779986.0,89,48
18780020.0,94,49
18780082.0,86,49
18780102.0,88,53
18780165.0,89,53
18780187.0,93,51
18780528.0,91,89
18780546.0,87,59
18780621.0,96,54
18781045.0,93,50
18781058.0,86,52
18781252.0,86,50
18781262.0,87,51
18781497.0,91,51
18781516.0,88,61
18781517.0,94,49
18781604.0,90,52
18781675.0,97,55
18781816.0,93,52
18781843.0,83,104
18781943.0,86,56
18782039.0,93,48
18782352.0,89,59
18782438.0,85,53
18782521.0,89,56
18782537.0,88,58
18782647.0,92,49
18782695.0,94,52
18782710.0,93,52
18782734.0,86,50
18782809.0,87,52
18783296.0,94,53
18783449.0,92,50
18783579.0,95,52
18783603.0,93,54
18783660.0,86,54
18783665.0,89,54
18783703.0,93,51
18783749.0,89,55
18783753.0,83,105
18783767.0,86,51
18783973.0,94,50
18784515.0,89,49
18784524.0,92,49
18784597.0,92,53
18784663.0,90,50
18784938.0,85,55
18784974.0,87,54
18785177.0,58,59
18785272.0,91,52
18785449.0,91,53
18785470.0,99,58
18786423.0,93,53
18786435.0,93,49
18786866.0,87,52
18786892.0,88,53
18786994.0,99,59
18787006.0,88,54
18787099.0,92,50
18787128.0,90,51
18787129.0,86,53
18787380.0,85,52
18787858.0,89,59
18787969.0,92,51
18788023.0,89,50
18788258.0,87,53
18788264.0,84,53
18788498.0,91,49
18788618.0,92,48
18789153.0,88,49
18789337.0,93,50
18789798.0,88,60
18789878.0,90,51
18789888.0,93,52
18789969.0,88,62
18790124.0,92,52
18790145.0,92,49
18790447.0,96,55
18790572.0,83,105
18790616.0,93,53
18790707.0,91,50
18790812.0,97,56
18790891.0,94,52
18791057.0,92,52
18791160.0,87,58
18791181.0,93,54
18791712.0,88,54
18791761.0,87,57
18791802.0,86,53
18792053.0,102,71
18792275.0,92,54
18792288.0,92,49
18792291.0,92,51
18792365.0,86,51
18792687.0,91,53
18792746.0,90,49
18792815.0,88,56
18793086.0,86,52
18793521.0,88,55
18793749.0,89,57
18793892.0,89,55
18794134.0,85,51
18795881.0,89,56
18796066.0,89,60
18796116.0,85,55
18796123.0,87,61
18796471.0,84,54
18796569.0,93,54
18796611.0,92,52
18796639.0,90,50
18797072.0,93,51
18797453.0,95,54
18797486.0,91,49
18797689.0,92,50
18797832.0,91,51
18797935.0,87,55
18798190.0,87,54
18798708.0,86,54
18798834.0,91,53
18798947.0,90,50
18800154.0,85,56
18801905.0,91,51
18803411.0,90,50
18805035.0,91,49
18809691.0,101,82
18810079.0,39,104
18810816.0,56,116
18813323.0,91,52
18813347.0,94,54
18814576.0,90,52
18816095.0,61,118
18816607.0,96,85
18816814.0,89,50
18816865.0,90,50
18817294.0,91,53
18817425.0,91,49
18817456.0,91,51
18817524.0,85,50
18818147.0,89,56
18818730.0,87,56
18818816.0,92,50
18818881.0,110,87
18819008.0,87,55
18819293.0,93,51
18819567.0,86,52
18819655.0,89,50
18819819.0,88,56
18819825.0,87,49
18819844.0,86,49
18819945.0,90,51
18820029.0,86,54
18820211.0,91,49
18820803.0,93,51
18820861.0,97,56
18820923.0,93,54
18821275.0,85,52
18821475.0,85,53
18821486.0,90,50
18821757.0,92,50
18821921.0,91,51
18821978.0,86,60
18821999.0,98,57
18822014.0,90,50
18822029.0,91,88
18822160.0,112,71
18822402.0,92,54
18822407.0,90,51
18822505.0,94,52
18822787.0,92,52
18822977.0,85,52
18823019.0,86,53
18823139.0,86,51
18823684.0,88,59
18823975.0,87,52
18824062.0,90,50
18824090.0,90,49
18824214.0,94,65
18824975.0,87,58
18825743.0,94,52
18825770.0,93,51
18825777.0,89,49
18825792.0,84,54
18826029.0,85,56
18826042.0,96,54
18826121.0,91,50
18826203.0,92,53
18826345.0,97,55
18826450.0,90,50
18826550.0,89,55
18826810.0,92,52
18826930.0,86,59
18827213.0,90,49
18827475.0,98,56
18827499.0,88,56
18827575.0,93,53
18827638.0,90,49
18827696.0,95,53
18827708.0,86,52
18827723.0,101,69
18827747.0,90,63
18827928.0,85,55
18828001.0,88,55
18828102.0,87,54
18828450.0,91,51
18828469.0,93,50
18828505.0,90,50
18828523.0,97,55
18828549.0,89,50
18828613.0,92,49
18828903.0,85,54
18828912.0,89,56
18829187.0,92,53
18829217.0,89,49
18829355.0,92,51
18829426.0,87,57
18829645.0,87,55
18829678.0,85,52
18830129.0,91,51
18830174.0,87,59
18830289.0,88,53
18830303.0,93,54
18830726.0,91,50
18830821.0,86,60
18830949.0,87,61
18831115.0,84,53
18831152.0,87,51
18831183.0,86,52
18831234.0,93,52
18831262.0,88,55
18831350.0,36,101
18831390.0,94,51
18831417.0,92,52
18831607.0,88,58
18831669.0,101,79
18831727.0,91,49
18831937.0,99,57
18832084.0,91,49
18832095.0,100,60
18832108.0,85,51
18832259.0,95,52
18832301.0,95,54
18832349.0,85,54
18832578.0,90,49
18832599.0,91,49
18832674.0,92,50
18832681.0,92,48
18832863.0,93,49
18833047.0,87,59
18833124.0,99,58
18833129.0,87,57
18833219.0,93,52
18833233.0,91,49
18833310.0,85,53
18833427.0,91,50
18833449.0,87,48
18833500.0,92,52
18833704.0,94,50
18833850.0,93,50
18833864.0,95,50
18834121.0,96,53
18834154.0,86,55
18834618.0,86,56
18834622.0,96,65
18834787.0,90,63
18834882.0,97,66
18834978.0,89,59
18835015.0,90,49
18835032.0,95,53
18835045.0,96,64
18835046.0,90,63
18835062.0,86,51
18835072.0,88,59
18835302.0,89,48
18835369.0,95,51
18835370.0,91,50
18835381.0,93,53
18835428.0,89,60
18835541.0,87,60
18835705.0,93,51
18835770.0,97,54
18835804.0,94,53
18835808.0,92,50
18835894.0,88,54
18835909.0,97,55
18835992.0,86,51
18836021.0,89,55
18836083.0,95,52
18836185.0,87,50
18836508.0,93,52
18836509.0,87,51
18836565.0,96,53
18836572.0,88,48
18836620.0,87,48
18836659.0,87,52
18836809.0,95,64
18836812.0,94,49
18836862.0,92,48
18837093.0,87,61
18837118.0,87,51
18837129.0,90,55
18837177.0,92,51
18837199.0,93,52
18837246.0,90,48
18837287.0,98,55
18837322.0,88,61
18837372.0,95,51
18837424.0,87,56
18837533.0,89,53
18837548.0,93,51
18837583.0,85,52
18837665.0,92,49
18837780.0,98,56
18837795.0,89,53
18837845.0,94,53
18837997.0,87,51
18838021.0,88,48
18838170.0,94,49
18838179.0,95,65
18838200.0,86,51
18838222.0,94,53
18838247.0,94,50
18838280.0,100,58
18838623.0,88,52
18838743.0,93,50
18838762.0,96,52
18838788.0,91,49
18838835.0,97,54
18838873.0,89,58
18838901.0,102,69
18838964.0,87,50
18839185.0,89,62
18839205.0,86,58
18839352.0,93,52
18839436.0,92,50
18839603.0,94,49
18839702.0,88,51
18839725.0,87,49
18839750.0,86,55
18839785.0,95,50
18839912.0,98,55
18839923.0,96,53
18840040.0,87,58
18840060.0,87,51
18840082.0,88,53
18840106.0,87,52
18840257.0,94,52
18840440.0,92,48
18840601.0,90,54
18840656.0,93,52
18840698.0,93,48
18840763.0,92,48
18841297.0,88,57
18841383.0,85,51
18841464.0,87,48
18841535.0,93,49
18841570.0,88,50
18841585.0,96,54
18841594.0,92,50
18841652.0,92,48
18841708.0,87,51
18841739.0,87,58
18841761.0,89,53
18841770.0,93,50
18841793.0,99,56
18841803.0,97,56
18842069.0,94,48
18842240.0,92,48
18842242.0,90,58
18842292.0,86,50
18842294.0,89,59
18842354.0,96,51
18842383.0,89,54
18842481.0,86,59
18842508.0,86,58
18842517.0,94,53
18842697.0,97,53
18842741.0,91,48
18842751.0,91,49
18842825.0,87,59
18842900.0,89,52
18842948.0,87,49
18843114.0,94,51
18843154.0,90,55
18843277.0,98,54
18843365.0,88,56
18843486.0,96,51
18843584.0,95,53
18843626.0,93,49
18843799.0,87,60
18843897.0,86,50
18843943.0,98,54
18843957.0,91,48
18843960.0,95,49
18843970.0,90,54
18843995.0,90,47
18844050.0,90,55
18844058.0,85,60
18844079.0,87,60
18844161.0,89,61
18844250.0,93,51
18844339.0,95,50
18844379.0,89,57
18844388.0,94,50
18844415.0,87,50
18844608.0,87,51
18844777.0,88,58
18844829.0,92,63
18844842.0,94,53
18844861.0,88,49
18844930.0,94,51
18845448.0,88,50
18845462.0,88,61
18845636.0,87,50
18845767.0,92,49
18845818.0,90,53
18845961.0,88,52
18845999.0,93,51
18846213.0,89,53
18846273.0,86,52
18846302.0,89,47
18846436.0,89,54
18846661.0,95,49
18846685.0,94,52
18846702.0,93,50
18846806.0,94,47
18847072.0,90,54
18847081.0,97,53
18847119.0,98,54
18847156.0,100,58
18847157.0,95,48
18847263.0,89,51
18847707.0,94,50
18847786.0,93,50
18847793.0,96,50
18847845.0,99,57
18847863.0,90,58
18847915.0,86,51
18847918.0,87,50
18848025.0,101,59
18848070.0,92,48
18848136.0,95,52
18848173.0,111,85
18848240.0,90,54
18848256.0,89,57
18848266.0,90,55
18848443.0,87,59
18848466.0,97,52
18848474.0,88,48
18848479.0,96,52
18848493.0,89,50
18848499.0,91,54
18848570.0,94,64
18848630.0,99,55
18848657.0,111,97
18848662.0,90,52
18848717.0,94,47
18848751.0,94,49
18848761.0,98,55
18848772.0,88,58
18848884.0,89,58
18848892.0,93,62
18848970.0,94,64
18848979.0,90,57
18849050.0,88,51
18849229.0,89,53
18849239.0,97,64
18849276.0,88,60
18849353.0,88,56
18849358.0,99,56
18849411.0,92,62
18849487.0,91,49
18849501.0,89,47
18849584.0,97,51
18849585.0,93,49
18849657.0,96,49
18849663.0,87,49
18849681.0,89,56
18849734.0,87,57
18849741.0,90,47
18849762.0,95,51
18849777.0,91,49
18849822.0,95,50
18850077.0,88,50
18850112.0,87,53
18850134.0,92,48
18850180.0,86,50
18850385.0,19,51
18850405.0,86,51
18850422.0,88,51
18850677.0,94,51
18850683.0,88,57
18850751.0,89,49
18850832.0,19,51
18850910.0,88,59
18850938.0,93,49
18851015.0,19,50
18851063.0,101,61
18851105.0,102,62
18851106.0,94,48
18851298.0,94,52
18851306.0,87,49
18851371.0,92,47
18851478.0,95,50
18851592.0,19,50
18851597.0,111,86
18851639.0,97,50
18851695.0,95,47
18851837.0,89,50
18851863.0,87,51
18851880.0,96,51
18851906.0,19,50
18851934.0,87,58
18851943.0,88,50
18851948.0,95,48
18852097.0,86,50
18852127.0,97,50
18852177.0,89,58
18852179.0,89,61
18852193.0,87,58
18852257.0,87,52
18852288.0,99,54
18852290.0,89,50
18852301.0,97,52
18852318.0,86,58
18852508.0,91,61
18852540.0,90,51
18852541.0,90,52
18852550.0,91,53
18852560.0,89,56
18852721.0,94,47
18852844.0,96,48
18852844.0,90,53
18852869.0,89,49
18852880.0,86,58
18852905.0,87,58
18852908.0,88,48
18853030.0,89,60
18853033.0,89,48
18853040.0,95,47
18853119.0,95,49
18853174.0,95,51
18853213.0,89,51
18853328.0,88,49
18853371.0,94,50
18853425.0,98,53
18853496.0,95,62
18853539.0,95,52
18853582.0,91,54
18853710.0,95,53
18853778.0,98,52
18853812.0,88,57
18853844.0,110,98
18853931.0,97,66
18853932.0,95,50
18854093.0,89,57
18854194.0,96,52
18854204.0,98,54
18854205.0,88,49
18854208.0,89,55
18854316.0,96,49
18854437.0,99,54
18854588.0,100,57
18854638.0,96,65
18854821.0,92,46
18854826.0,88,54
18854832.0,90,50
18854839.0,88,58
18854890.0,90,47
18854969.0,90,52
18855003.0,103,66
18855064.0,93,48
18855124.0,97,50
18855144.0,94,50
18855160.0,96,48
18855215.0,95,65
18855309.0,89,47
18855369.0,96,47
18855383.0,89,51
18855394.0,96,51
18855424.0,92,61
18855425.0,89,57
18855429.0,90,58
18855432.0,89,48
18855439.0,93,62
18855484.0,95,48
18855484.0,97,49
18855509.0,96,52
18855576.0,95,49
18855596.0,93,49
18855672.0,90,46
18855684.0,92,46
18855748.0,90,56
18855756.0,94,49
18855775.0,101,57
18855807.0,95,52
18855814.0,96,66
18855853.0,93,47
18855877.0,96,47
18855897.0,90,61
18855994.0,88,55
18856049.0,95,51
18856149.0,99,55
18856170.0,91,47
18856408.0,88,59
18856552.0,90,52
18856588.0,90,49
18856655.0,91,52
18856703.0,92,57
18856718.0,89,47
18856721.0,87,50
18856747.0,87,51
18856766.0,89,50
18856856.0,100,55
18856874.0,97,49
18856902.0,103,65
18856930.0,96,65
18856949.0,87,56
18857057.0,98,51
18857132.0,95,48
18857344.0,91,62
18857349.0,95,51
18857593.0,103,64
18857610.0,87,51
18857663.0,96,63
18857792.0,87,57
18857795.0,87,55
18857809.0,96,51
18857826.0,91,61
18857844.0,90,60
18857852.0,91,53
18857862.0,89,59
18857932.0,96,50
18858013.0,87,57
18858072.0,87,51
18858098.0,97,48
18858132.0,91,51
18858153.0,93,61
18858168.0,88,48
18858196.0,92,46
18858245.0,95,47
18858329.0,90,46
18858499.0,99,54
18858526.0,91,46
18858574.0,90,50
18858634.0,87,49
18858673.0,92,53
18858685.0,96,49
18858825.0,89,49
18858920.0,88,52
18858952.0,98,50
18858984.0,94,48
18859179.0,94,49
18859259.0,90,50
18859271.0,90,48
18859281.0,93,46
18859404.0,88,56
18859480.0,91,57
18859482.0,89,58
18859487.0,89,56
18859714.0,95,50
18859730.0,96,50
18859737.0,99,53
18859817.0,87,57
18859823.0,91,57
18859826.0,90,51
18859840.0,98,51
18859854.0,90,49
18859904.0,93,49
18860048.0,88,49
18860107.0,88,48
18860190.0,87,50
18860207.0,90,58
18860236.0,88,58
18860439.0,91,56
18860569.0,88,57
18860633.0,91,50
18860678.0,97,47
18860687.0,91,47
18860908.0,98,49
18860950.0,90,55
18860955.0,92,61
18860962.0,90,57
18861064.0,90,47
18861136.0,97,48
18861137.0,97,52
18861166.0,96,48
18861167.0,99,52
18861183.0,90,52
18861273.0,96,49
18861370.0,89,49
18861482.0,92,52
18861492.0,95,50
18861514.0,98,52
18861544.0,91,52
18861600.0,88,51
18861602.0,89,48
18861634.0,95,49
18861763.0,92,53
18861818.0,89,56
18861856.0,102,60
18862040.0,112,68
18862053.0,88,53
18862118.0,89,59
18862143.0,99,53
18862145.0,100,54
18862305.0,90,48
18862319.0,92,46
18862367.0,98,50
18862438.0,87,56
18862468.0,90,46
18862531.0,102,61
18862549.0,100,56
18862594.0,101,58
18862613.0,94,47
18862823.0,99,52
18863020.0,91,49
18863051.0,96,51
18863130.0,97,51
18863170.0,90,50
18863189.0,93,61
18863242.0,98,49
18863249.0,91,49
18863250.0,89,48
18863350.0,94,61
18863431.0,89,53
18863544.0,100,55
18863631.0,97,63
18863643.0,90,49
18863702.0,90,59
18863706.0,98,48
18863733.0,96,47
18863803.0,90,55
18863871.0,91,52
18863964.0,96,48
18864108.0,95,48
18864184.0,95,62
18864205.0,102,58
18864245.0,91,48
18864255.0,91,49
18864259.0,88,55
18864283.0,88,49
18864289.0,97,46
18864320.0,90,56
18864327.0,97,52
18864429.0,97,50
18864681.0,99,51
18864705.0,91,50
18864834.0,89,52
18864845.0,100,54
18864860.0,89,58
18864972.0,92,51
18865026.0,90,49
18865031.0,91,51
18865099.0,112,58
18865103.0,94,46
18865258.0,90,54
18865267.0,92,46
18865276.0,99,50
18865281.0,90,47
18865302.0,93,88
18865304.0,97,49
18865315.0,96,51
18865333.0,96,50
18865357.0,98,51
18865377.0,98,48
18865381.0,98,64
18865440.0,91,45
18865454.0,92,45
18865494.0,95,49
18865592.0,91,55
18865682.0,91,60
18865689.0,88,48
18865822.0,89,55
18865903.0,88,56
18866016.0,98,47
18866052.0,92,50
18866072.0,95,52
18866084.0,96,47
18866163.0,97,51
18866176.0,102,59
18866217.0,89,51
18866271.0,96,50
18866348.0,100,53
18866350.0,90,48
18866366.0,97,50
18866367.0,91,50
18866371.0,91,59
18866436.0,99,52
18866473.0,97,64
18866495.0,91,47
18866503.0,101,55
18866524.0,97,46
18866547.0,95,47
18866559.0,87,48
18866586.0,97,48
18866599.0,93,46
18866638.0,97,50
18866643.0,89,55
18866670.0,98,47
18866816.0,87,48
18867116.0,97,52
18867124.0,92,52
18867142.0,90,58
18867191.0,89,57
18867241.0,102,58
18867254.0,93,53
18867283.0,90,48
18867297.0,103,85
18867305.0,99,49
18867331.0,90,46
18867399.0,96,49
18867411.0,95,48
18867479.0,97,50
18867611.0,91,50
18867639.0,89,47
18867640.0,93,52
18867677.0,97,52
18867746.0,97,49
18867962.0,91,51
18868017.0,103,63
18868072.0,101,66
18868076.0,91,48
18868100.0,100,66
18868116.0,92,45
18868178.0,71,118
18868317.0,102,65
18868338.0,88,49
18868345.0,88,55
18868389.0,90,56
18868527.0,102,67
18868536.0,91,46
18868538.0,93,53
18868554.0,94,45
18868558.0,92,49
18868651.0,88,49
18868711.0,91,55
18868780.0,95,46
18868787.0,92,52
18868794.0,96,48
18868906.0,90,55
18868925.0,90,47
18868969.0,97,48
18868990.0,96,49
18869121.0,98,52
18869158.0,97,47
18869231.0,97,51
18869234.0,89,55
18869242.0,99,50
18869259.0,97,48
18869271.0,89,52
18869331.0,92,56
18869373.0,87,49
18869549.0,89,50
18869573.0,88,56
18869579.0,93,54
18869606.0,95,50
18869674.0,99,48
18869695.0,100,51
18869776.0,98,46
18869797.0,89,56
18869997.0,97,63
18870049.0,92,55
18870050.0,91,49
18870054.0,90,47
18870082.0,96,48
18870098.0,93,52
18870135.0,95,50
18870142.0,97,46
18870225.0,91,54
18870292.0,88,55
18870296.0,98,51
18870321.0,96,62
18870365.0,95,46
18870390.0,93,60
18870392.0,91,45
18870458.0,91,50
18870488.0,97,46
18870514.0,91,56
18870521.0,92,48
18870526.0,93,51
18870576.0,95,50
18870588.0,91,47
18870612.0,97,50
18870624.0,98,50
18870625.0,94,45
18870705.0,89,49
18870758.0,97,51
18870853.0,92,51
18870860.0,91,48
18870879.0,99,47
18870911.0,100,53
18870960.0,90,52
18871069.0,90,55
18871102.0,101,54
18871190.0,100,52
18871211.0,102,56
18871228.0,93,45
18871265.0,89,48
18871395.0,98,63
18871407.0,96,47
18871426.0,91,58
18871517.0,92,47
18871519.0,92,49
18871533.0,101,68
18871608.0,101,55
18871626.0,99,47
18871643.0,93,46
18871760.0,92,59
18871764.0,97,62
18871864.0,100,51
18871909.0,91,49
18871912.0,95,45
18872043.0,96,48
18872063.0,93,53
18872084.0,100,50
18872252.0,89,54
18872281.0,98,51
18872332.0,92,48
18872425.0,95,48
18872431.0,99,48
18872458.0,89,47
18872466.0,97,50
18872501.0,98,49
18872575.0,91,53
18872755.0,95,49
18872784.0,93,50
18872841.0,96,50
18872973.0,93,52
18873091.0,91,48
18873128.0,88,48
18873172.0,99,46
18873220.0,94,60
18873345.0,91,47
18873351.0,98,48
18873386.0,93,45
18873453.0,92,56
18873489.0,88,55
18873505.0,92,47
18873547.0,94,45
18873579.0,100,49
18873588.0,87,55
18873594.0,92,46
18873596.0,91,56
18873735.0,92,55
18873945.0,90,56
18874017.0,92,50
18874046.0,90,57
18874092.0,100,50
18874095.0,95,48
18874140.0,91,58
18874145.0,93,49
18874161.0,100,51
18874199.0,95,45
18874222.0,89,48
18874238.0,90,56
18874319.0,92,49
18874384.0,90,50
18874408.0,88,57
18874412.0,96,47
18874418.0,98,50
18874494.0,97,49
18874512.0,94,52
18874526.0,89,54
18874631.0,89,55
18874832.0,92,54
18874835.0,91,55
18874835.0,95,60
18874838.0,101,54
18874918.0,102,56
18874955.0,98,47
18874979.0,103,59
18874984.0,90,46
18875167.0,99,46
18875178.0,92,49
18875184.0,95,49
18875230.0,98,46
18875347.0,92,45
18875361.0,100,48
18875471.0,100,47
18875602.0,93,52
18875730.0,97,48
18875810.0,96,61
18875851.0,98,51
18875853.0,90,49
18875864.0,100,49
18875902.0,96,45
18875974.0,95,48
18876034.0,92,48
18876070.0,93,48
18876074.0,94,47
18876089.0,94,59
18876179.0,93,49
18876200.0,90,54
18876392.0,103,58
18876399.0,90,56
18876456.0,91,46
18876487.0,93,60
18876526.0,99,46
18876596.0,100,48
18876647.0,91,53
18876719.0,102,55
18876729.0,91,57
18876958.0,93,51
18876967.0,93,47
18876973.0,92,58
18877052.0,94,51
18877055.0,96,50
18877056.0,97,47
18877098.0,100,47
18877170.0,90,58
18877260.0,93,44
18877285.0,98,50
18877296.0,103,57
18877359.0,92,59
18877403.0,94,45
18877427.0,98,64
18877464.0,102,54
18877576.0,94,51
18877585.0,97,64
18877613.0,93,59
18877738.0,104,64
18877741.0,99,51
18877797.0,103,59
18877805.0,99,50
18877807.0,98,51
18877826.0,93,59
18877872.0,91,47
18877893.0,101,51
18878007.0,92,47
18878017.0,99,51
18878040.0,99,50
18878090.0,92,48
18878108.0,93,46
18878192.0,101,50
18878240.0,100,52
18878241.0,90,48
18878267.0,90,47
18878400.0,98,50
18878431.0,91,54
18878441.0,92,55
18878474.0,44,122
18878530.0,92,54
18878565.0,99,50
18878573.0,91,52
18878610.0,101,53
18878634.0,91,46
18878653.0,100,50
18878667.0,101,56
18878699.0,90,55
18878707.0,92,56
18878715.0,90,47
18878717.0,94,60
18878740.0,99,49
18878828.0,93,59
18878853.0,90,50
18878878.0,89,54
18878881.0,95,45
18878973.0,95,59
18878974.0,101,49
18878985.0,99,49
18878994.0,94,50
18879000.0,99,48
18879012.0,92,54
18879017.0,100,46
18879033.0,93,46
18879059.0,96,45
18879183.0,95,45
18879216.0,100,47
18879233.0,92,47
18879262.0,97,46
18879268.0,102,54
18879280.0,98,62
18879416.0,92,55
18879430.0,90,47
18879519.0,94,44
18879527.0,92,53
18879552.0,93,50
18879554.0,98,52
18879559.0,91,57
18879576.0,99,51
18879600.0,94,58
18879618.0,101,51
18879678.0,92,49
18879688.0,95,47
18879710.0,93,49
18879736.0,90,47
18879797.0,101,50
18879809.0,98,62
18879820.0,93,58
18879957.0,94,49
18879990.0,99,46
18880110.0,93,55
18880165.0,99,49
18880170.0,93,54
18880186.0,103,56
18880200.0,96,47
18880249.0,91,56
18880295.0,99,47
18880361.0,98,49
18880409.0,97,47
18880434.0,93,55
18880438.0,92,58
18880475.0,93,49
18880480.0,102,58
18880492.0,101,48
18880531.0,93,54
18880570.0,95,60
18880690.0,92,46
18880701.0,103,58
18880817.0,90,53
18880848.0,99,48
18880849.0,98,48
18880921.0,93,45
18880970.0,98,63
18880990.0,100,46
18881072.0,99,63
18881154.0,93,44
18881318.0,91,54
18881391.0,92,52
18881450.0,111,86
18881479.0,102,57
18881485.0,101,47
18881573.0,94,51
18881617.0,101,49
18881622.0,91,50
18881640.0,98,47
18881913.0,101,48
18882031.0,99,70
18882190.0,92,54
18882201.0,94,55
18882236.0,94,48
18882271.0,93,54
18882372.0,91,53
18882373.0,96,48
18882397.0,97,64
18882416.0,90,54
18882476.0,90,56
18882642.0,93,48
18882714.0,94,47
18882727.0,99,46
18882750.0,104,63
18883025.0,101,52
18883194.0,91,56
18883325.0,101,47
18883344.0,93,55
18883379.0,98,47
18883397.0,94,50
18883414.0,96,47
18883422.0,99,50
18883452.0,102,53
18883494.0,93,47
18883513.0,95,51
18883610.0,92,51
18883622.0,101,46
18883644.0,91,47
18883675.0,91,53
18883745.0,94,47
18883844.0,92,53
18883927.0,91,46
18884048.0,93,46
18884114.0,91,49
18884167.0,98,48
18884221.0,96,45
18884258.0,97,49
18884339.0,92,45
18884343.0,102,54
18884346.0,94,50
18884365.0,92,52
18884372.0,94,46
18884388.0,103,56
18884497.0,91,46
18884524.0,99,51
18884544.0,101,46
18884546.0,96,60
18884567.0,94,46
18884710.0,97,49
18884728.0,93,53
18884815.0,91,55
18884920.0,98,46
18884945.0,100,51
18884956.0,100,50
18884962.0,98,50
18884965.0,100,49
18884972.0,102,49
18884975.0,91,46
18885010.0,103,55
18885083.0,100,48
18885104.0,97,44
18885110.0,94,45
18885168.0,91,54
18885183.0,90,54
18885239.0,94,44
18885272.0,98,45
18885273.0,95,50
18885329.0,102,51
18885402.0,97,61
18885471.0,99,49
18885481.0,98,67
18885483.0,57,65
18885520.0,102,50
18885639.0,94,54
18885880.0,92,53
18885972.0,57,66
18885978.0,97,48
18885981.0,98,62
18886008.0,103,62
18886045.0,102,62
18886075.0,94,49
18886098.0,93,46
18886146.0,102,52
18886165.0,93,58
18886246.0,99,49
18886256.0,98,61
18886281.0,92,51
18886309.0,92,56
18886312.0,100,47
18886314.0,97,62
18886335.0,98,62
18886381.0,93,45
18886395.0,100,46
18886396.0,102,48
18886431.0,57,66
18886445.0,97,63
18886501.0,99,48
18886510.0,102,49
18886520.0,103,86
18886549.0,92,54
18886637.0,92,49
18886638.0,93,52
18886679.0,98,49
18886686.0,97,49
18886702.0,99,50
18886773.0,90,53
18886786.0,94,48
18886874.0,98,45
18886915.0,97,47
18886925.0,95,51
18886949.0,102,51
18886964.0,95,49
18886969.0,96,44
18886982.0,102,47
18887016.0,102,48
18887104.0,97,62
18887315.0,90,52
18887316.0,91,55
18887335.0,95,48
18887337.0,92,53
18887356.0,94,58
18887386.0,95,55
18887390.0,93,53
18887403.0,24,81
18887419.0,97,60
18887486.0,91,52
18887519.0,93,57
18887532.0,93,52
18887589.0,101,52
18887608.0,102,55
18887639.0,96,45
18887660.0,92,50
18887733.0,99,47
18887740.0,96,59
18887829.0,102,47
18887829.0,93,57
18887869.0,102,50
18887907.0,97,48
18887946.0,98,50
18888000.0,98,44
18888036.0,95,47
18888099.0,94,49
18888102.0,95,59
18888115.0,98,63
18888141.0,57,67
18888240.0,96,60
18888299.0,102,53
18888302.0,92,49
18888330.0,90,53
18888331.0,94,47
18888354.0,104,57
18888363.0,99,48
18888419.0,94,48
18888449.0,95,60
18888551.0,95,43
18888605.0,92,47
18888606.0,102,52
18888698.0,103,53
18888737.0,92,49
18888826.0,99,49
18888831.0,98,62
18888857.0,93,54
18888880.0,102,46
18888921.0,99,46
18888949.0,94,54
18889025.0,91,54
18889059.0,96,46
18889071.0,97,47
18889293.0,103,68
18889372.0,92,48
18889386.0,95,46
18889464.0,97,44
18889489.0,100,51
18889527.0,94,53
18889580.0,103,70
18889581.0,96,43
18889680.0,103,53
18889688.0,93,53
18889703.0,99,61
18889806.0,98,49
18889862.0,92,46
18889864.0,93,56
18889947.0,103,56
18890063.0,91,52
18890073.0,94,46
18890094.0,102,47
18890225.0,99,47
18890227.0,95,44
18890244.0,99,45
18890422.0,96,51
18890441.0,91,53
18890443.0,104,56
18890478.0,95,45
18890566.0,95,50
18890594.0,97,61
18890793.0,101,50
18890827.0,100,50
18890874.0,92,55
18890885.0,101,48
18890925.0,101,85
18891061.0,106,67
18891096.0,94,45
18891184.0,98,48
18891188.0,92,45
18891195.0,103,54
18891228.0,103,55
18891289.0,101,49
18891370.0,100,49
18891421.0,99,46
18891431.0,108,72
18891452.0,109,70
18891456.0,104,58
18891480.0,96,50
18891486.0,104,57
18891492.0,95,47
18891502.0,94,47
18891570.0,92,52
18891721.0,101,47
18891750.0,95,49
18891867.0,96,49
18891879.0,85,91
18891904.0,93,53
18891940.0,99,44
18891993.0,102,49
18892014.0,101,51
18892027.0,96,51
18892028.0,98,49
18892087.0,98,50
18892108.0,101,46
18892125.0,85,91
18892131.0,92,54
18892149.0,102,48
18892201.0,103,50
18892208.0,103,51
18892210.0,94,53
18892391.0,90,52
18892409.0,104,60
18892418.0,94,52
18892432.0,98,62
18892466.0,103,48
18892622.0,94,54
18892777.0,101,50
18892788.0,98,47
18892816.0,103,47
18892871.0,104,55
18892904.0,95,47
18892962.0,103,48
18893000.0,100,47
18893036.0,98,61
18893041.0,102,51
18893084.0,95,48
18893102.0,100,48
18893130.0,93,49
18893228.0,100,49
18893262.0,95,58
18893289.0,98,47
18893361.0,99,45
18893417.0,105,65
18893544.0,96,48
18893571.0,94,57
18893575.0,97,60
18893633.0,93,51
18893803.0,93,48
18893870.0,103,51
18893886.0,96,46
18893890.0,95,47
18893984.0,103,52
18893997.0,93,52
18894008.0,103,53
18894017.0,98,45
18894038.0,103,46
18894142.0,103,50
18894252.0,31,54
18894267.0,104,54
18894316.0,96,59
18894358.0,104,56
18894399.0,98,48
18894416.0,93,47
18894448.0,103,49
18894494.0,99,44
18894505.0,93,46
18894551.0,96,45
18894638.0,96,47
18894660.0,93,55
18894704.0,53,55
18894786.0,103,47
18894802.0,96,51
18894818.0,100,46
18894848.0,96,46
18894873.0,92,54
18894878.0,94,55
18895034.0,92,47
18895159.0,96,46
18895169.0,95,45
18895174.0,99,50
18895307.0,98,44
18895371.0,104,54
18895377.0,102,59
18895398.0,92,51
18895495.0,46,115
18895526.0,100,45
18895597.0,92,53
18895624.0,32,54
18895669.0,31,54
18895730.0,95,46
18895768.0,94,56
18895771.0,94,44
18895813.0,96,46
18895850.0,93,46
18895851.0,103,46
18896058.0,100,44
18896118.0,101,50
18896196.0,103,48
18896272.0,103,86
18896284.0,100,50
18896326.0,92,88
18896384.0,93,52
18896398.0,100,46
18896426.0,94,51
18896443.0,102,48
18896449.0,103,57
18896454.0,102,46
18896470.0,98,45
18896479.0,91,52
18896659.0,102,49
18896666.0,94,53
18896740.0,92,51
18896775.0,94,52
18896868.0,96,43
18896880.0,98,59
18897005.0,96,44
18897019.0,100,44
18897054.0,102,47
18897098.0,95,44
18897104.0,98,44
18897106.0,97,50
18897162.0,101,50
18897320.0,99,47
18897375.0,95,45
18897415.0,99,50
18897424.0,94,51
18897443.0,104,49
18897548.0,99,48
18897645.0,94,57
18897656.0,97,59
18897749.0,96,45
18897793.0,97,49
18897799.0,99,46
18897816.0,101,50
18897916.0,94,50
18897943.0,101,49
18897963.0,104,48
18897971.0,96,48
18898028.0,95,57
18898079.0,96,50
18898097.0,94,52
18898138.0,101,47
18898159.0,104,50
18898228.0,93,51
18898259.0,100,47
18898290.0,94,50
18898534.0,99,45
18898542.0,102,51
18898562.0,95,52
18898618.0,91,52
18898664.0,102,49
18898694.0,104,47
18898698.0,98,63
18898733.0,104,51
18898757.0,104,52
18898826.0,96,47
18898829.0,94,44
18898851.0,98,45
18898868.0,92,52
18898886.0,95,53
18898898.0,101,48
18898913.0,95,49
18898922.0,104,49
18898923.0,99,45
18898939.0,102,50
18898962.0,102,46
18898988.0,97,45
18899147.0,101,47
18899160.0,97,48
18899194.0,93,51
18899264.0,96,46
18899298.0,97,46
18899299.0,95,58
18899316.0,94,48
18899455.0,96,45
18899473.0,101,51
18899493.0,105,65
18899493.0,99,45
18899496.0,101,46
18899517.0,104,54
18899530.0,104,48
18899545.0,99,47
18899549.0,105,57
18899581.0,103,50
18899639.0,94,46
18899647.0,101,45
18899666.0,99,44
18899707.0,94,45
18899721.0,104,51
18899731.0,94,55
18899749.0,95,55
18899792.0,95,44
18899806.0,104,46
18899807.0,100,45
18899891.0,100,44
18899974.0,105,66
18900013.0,94,56
18900018.0,99,46
18900055.0,103,52
18900102.0,99,63
18900164.0,98,62
18900165.0,104,52
18900219.0,98,43
18900345.0,99,45
18900393.0,95,53
18900415.0,97,47
18900433.0,97,44
18900544.0,93,54
18900559.0,94,49
18900567.0,96,47
18900631.0,93,51
18900632.0,97,43
18900794.0,98,63
18900797.0,104,50
18900849.0,99,48
18900898.0,94,52
18900966.0,93,52
18900968.0,104,58
18900972.0,96,44
18900988.0,95,57
18901055.0,101,44
18901138.0,101,45
18901230.0,104,53
18901449.0,93,53
18901493.0,99,45
18901527.0,95,57
18901542.0,105,56
18901563.0,87,53
18901593.0,99,44
18901638.0,95,50
18901647.0,96,46
18901796.0,104,56
18901822.0,95,51
18901884.0,105,57
18901949.0,105,58
18901969.0,95,53
18901988.0,104,51
18902001.0,104,62
18902008.0,97,45
18902175.0,105,55
18902187.0,94,51
18902237.0,106,67
18902464.0,95,52
18902470.0,103,47
18902475.0,101,46
18902482.0,97,49
18902537.0,100,47
18902575.0,92,51
18902599.0,98,50
18902700.0,100,46
18902707.0,100,45
18902734.0,103,48
18902842.0,92,50
18903057.0,105,59
18903121.0,93,50
18903238.0,105,55
18903241.0,96,44
18903347.0,95,44
18903350.0,104,47
18903362.0,97,46
18903366.0,104,52
18903372.0,103,49
18903504.0,97,59
18903507.0,102,47
18903534.0,93,52
18903584.0,105,50
18903596.0,105,49
18903613.0,97,47
18903625.0,99,45
18903627.0,101,44
18903647.0,96,53
18903695.0,102,49
18903704.0,95,50
18903709.0,95,52
18903786.0,103,50
18903791.0,105,62
18903809.0,97,58
18903840.0,105,56
18903889.0,105,48
18903933.0,93,50
18903938.0,101,49
18903991.0,98,49
18904021.0,96,58
18904028.0,102,46
18904168.0,105,57
18904210.0,97,58
18904289.0,96,45
18904300.0,105,54
18904303.0,98,45
18904354.0,105,46
18904365.0,94,51
18904382.0,95,49
18904392.0,105,58
18904411.0,105,49
18904426.0,97,48
18904481.0,102,48
18904519.0,105,47
18904574.0,95,47
18904617.0,100,44
18904747.0,97,46
18904759.0,95,46
18904778.0,95,44
18904817.0,102,50
18904826.0,105,50
18904840.0,99,43
18904856.0,102,45
18904862.0,105,51
18904877.0,94,54
18904891.0,105,48
18904914.0,104,50
18904976.0,105,60
18904999.0,98,46
18905029.0,100,50
18905047.0,98,43
18905063.0,97,45
18905083.0,99,62
18905149.0,102,46
18905176.0,105,53
18905184.0,103,51
18905190.0,95,56
18905194.0,98,44
18905205.0,94,55
18905232.0,101,43
18905239.0,99,44
18905289.0,102,49
18905368.0,96,52
18905407.0,102,47
18905458.0,97,44
18905460.0,98,48
18905461.0,95,55
18905763.0,105,52
18905787.0,103,69
18905806.0,94,55
18905820.0,95,45
18905823.0,96,56
18905902.0,104,55
18905963.0,99,42
18906030.0,105,46
18906068.0,102,45
18906075.0,105,55
18906094.0,103,50
18906095.0,99,46
18906101.0,102,51
18906111.0,100,44
18906159.0,96,51
18906182.0,98,47
18906270.0,105,51
18906319.0,97,47
18906330.0,104,47
18906347.0,96,57
18906403.0,105,59
18906514.0,95,48
18906536.0,100,48
18906621.0,97,58
18906653.0,105,60
18906660.0,96,48
18906794.0,104,46
18906795.0,100,46
18906993.0,96,53
18906996.0,105,50
18907143.0,105,49
18907146.0,105,54
18907174.0,95,52
18907223.0,105,52
18907244.0,105,53
18907306.0,93,50
18907650.0,101,50
18907651.0,100,43
18907738.0,102,44
18907933.0,101,47
18907940.0,101,49
18907956.0,95,51
18907959.0,94,50
18908204.0,102,43
18908288.0,104,48
18908357.0,105,51
18908414.0,96,50
18908511.0,101,46
18908576.0,94,53
18908627.0,104,47
18908725.0,100,42
18908746.0,99,42
18908779.0,101,45
18908783.0,101,43
18908831.0,101,44
18908867.0,99,44
18908929.0,98,49
18908972.0,95,49
18909070.0,98,58
18909089.0,104,47
18909112.0,98,47
18909183.0,96,44
18909189.0,97,44
18909230.0,106,48
18909284.0,99,61
18909313.0,103,50
18909346.0,99,50
18909387.0,100,45
18909463.0,104,49
18909493.0,95,54
18909520.0,103,47
18909556.0,103,49
18909678.0,99,43
18909695.0,106,46
18909695.0,106,49
18909708.0,106,47
18909797.0,98,48
18909998.0,103,46
18910033.0,106,48
18910092.0,103,50
18910144.0,103,45
18910147.0,105,52
18910163.0,99,45
18910214.0,103,48
18910243.0,99,49
18910245.0,106,50
18910300.0,95,55
18910319.0,94,52
18910325.0,97,46
18910364.0,104,50
18910376.0,101,45
18910432.0,98,59
18910442.0,96,46
18910497.0,96,48
18910508.0,98,46
18910517.0,106,49
18910567.0,99,48
18910573.0,95,50
18910591.0,96,47
18910592.0,93,51
18910680.0,96,46
18910769.0,101,46
18910816.0,96,49
18910842.0,96,50
18910856.0,94,51
18910926.0,103,47
18910950.0,103,44
18910980.0,94,49
18911008.0,106,46
18911067.0,96,45
18911114.0,103,48
18911159.0,96,56
18911167.0,99,46
18911292.0,99,44
18911301.0,61,82
18911340.0,106,56
18911356.0,106,50
18911391.0,96,46
18911508.0,98,44
18911562.0,105,46
18911575.0,99,44
18911633.0,99,59
18911646.0,101,45
18911765.0,101,44
18911789.0,98,43
18911842.0,98,45
18912092.0,94,49
18912094.0,106,50
18912119.0,105,53
18912175.0,101,50
18912261.0,99,44
18912300.0,101,43
18912302.0,106,57
18912391.0,101,48
18912505.0,103,49
18912638.0,106,51
18912652.0,103,50
18912970.0,106,55
18913138.0,99,47
18913174.0,99,45
18913231.0,97,43
18913250.0,100,60
18913272.0,106,56
18913306.0,105,47
18913346.0,102,45
18913389.0,106,49
18913406.0,104,51
18913412.0,105,48
18913441.0,103,45
18913585.0,106,55
18913595.0,102,44
18913596.0,106,51
18913606.0,99,69
18913682.0,99,62
18913685.0,99,43
18913692.0,106,53
18913795.0,103,44
18913883.0,97,51
18913926.0,102,43
18913933.0,102,47
18913951.0,102,46
18914046.0,97,57
18914166.0,99,43
18914201.0,97,44
18914383.0,106,52
18914403.0,99,49
18914513.0,108,69
18914556.0,104,45
18914647.0,99,48
18914680.0,95,49
18914692.0,94,50
18914725.0,104,46
18914776.0,107,48
18914791.0,98,48
18914803.0,100,61
18914837.0,101,42
18914921.0,99,47
18914957.0,105,49
18914971.0,96,50
18915004.0,100,59
18915006.0,99,44
18915063.0,107,47
18915090.0,99,49
18915132.0,100,63
18915228.0,97,45
18915295.0,107,46
18915309.0,104,45
18915337.0,99,46
18915367.0,97,46
18915390.0,105,48
18915421.0,107,49
18915555.0,96,52
18915592.0,104,44
18915699.0,106,57
18915726.0,99,44
18915753.0,97,50
18915757.0,100,45
18915776.0,100,43
18915782.0,99,43
18915825.0,107,48
18915847.0,100,48
18915863.0,105,48
18915874.0,100,44
18915903.0,96,51
18915906.0,102,43
18915912.0,95,53
18915946.0,107,68
18916015.0,98,57
18916021.0,95,52
18916040.0,104,50
18916135.0,106,53
18916146.0,100,46
18916163.0,107,46
18916185.0,105,55
18916192.0,96,50
18916201.0,100,42
18916232.0,97,44
18916289.0,104,49
18916350.0,95,49
18916415.0,97,49
18916416.0,107,49
18916489.0,94,51
18916514.0,106,51
18916589.0,104,47
18916635.0,97,47
18916661.0,102,44
18916669.0,100,49
18916789.0,100,62
18916822.0,104,48
18916864.0,102,45
18916930.0,97,52
18916947.0,99,77
18917124.0,97,48
18917164.0,106,58
18917214.0,107,50
18917225.0,106,46
18917278.0,100,47
18917547.0,105,50
18917555.0,104,43
18917568.0,103,43
18917625.0,104,51
18917650.0,103,45
18917651.0,104,45
18917689.0,97,43
18917834.0,105,49
18917891.0,103,44
18917972.0,98,52
18917995.0,106,52
18918001.0,102,47
18918074.0,104,50
18918097.0,104,49
18918240.0,98,58
18918241.0,106,50
18918374.0,102,43
18918621.0,106,59
18918699.0,102,42
18918796.0,107,51
18918826.0,96,49
18918845.0,104,46
18918916.0,95,50
18918938.0,102,48
18919072.0,95,51
18919275.0,104,47
18919328.0,98,43
18919375.0,99,43
18919442.0,95,52
18919553.0,106,48
18919561.0,95,48
18919574.0,107,51
18919633.0,107,49
18919639.0,107,50
18919733.0,98,43
18919760.0,100,44
18919767.0,103,61
18919791.0,108,48
18919799.0,98,45
18919893.0,100,43
18919953.0,103,46
18919962.0,103,47
18919979.0,105,47
18920044.0,104,44
18920052.0,105,51
18920148.0,108,46
18920153.0,101,43
18920225.0,96,55
18920243.0,106,55
18920257.0,105,59
18920299.0,106,65
18920332.0,106,64
18920375.0,104,61
18920381.0,105,64
18920459.0,98,44
18920521.0,108,48
18920540.0,106,60
18920551.0,108,47
18920554.0,100,48
18920598.0,99,62
18920614.0,106,49
18920700.0,100,47
18920711.0,101,42
18920734.0,108,49
18920744.0,107,54
18920774.0,105,45
18920917.0,105,46
18920926.0,95,50
18920982.0,106,63
18921018.0,100,46
18921088.0,98,45
18921092.0,96,49
18921113.0,98,50
18921131.0,107,55
18921138.0,107,52
18921144.0,101,44
18921163.0,105,49
18921269.0,95,50
18921303.0,107,46
18921312.0,97,55
18921314.0,103,46
18921345.0,105,48
18921400.0,106,54
18921414.0,96,53
18921471.0,101,45
18921478.0,103,43
18921520.0,98,51
18921610.0,97,50
18921703.0,95,48
18921731.0,103,44
18921762.0,105,43
18921821.0,107,46
18921827.0,103,50
18921829.0,108,49
18921837.0,100,45
18921838.0,100,44
18921851.0,105,45
18921917.0,104,43
18921930.0,96,52
18921986.0,105,47
18922026.0,98,49
18922069.0,105,49
18922082.0,107,54
18922152.0,103,47
18922241.0,98,46
18922244.0,98,49
18922274.0,107,51
18922290.0,108,48
18922367.0,107,56
18922369.0,108,46
18922380.0,100,74
18922390.0,105,63
18922419.0,101,48
18922424.0,107,46
18922436.0,99,48
18922697.0,95,49
18922718.0,106,49
18922753.0,103,45
18922763.0,101,46
18922796.0,105,44
18922859.0,97,49
18922871.0,104,44
18922970.0,107,47
18922985.0,98,49
18923020.0,98,52
18923035.0,97,56
18923047.0,106,56
18923092.0,106,49
18923142.0,108,50
18923174.0,106,50
18923179.0,90,88
18923215.0,101,49
18923308.0,101,47
18923317.0,100,47
18923385.0,108,49
18923412.0,98,51
18923474.0,97,56
18923482.0,99,72
18923497.0,98,47
18923532.0,99,43
18923545.0,100,42
18923644.0,106,62
18923654.0,105,62
18923803.0,105,48
18923812.0,96,48
18923905.0,107,57
18923935.0,103,46
18923987.0,87,89
18924151.0,98,56
18924176.0,104,45
18924215.0,103,49
18924262.0,105,50
18924271.0,109,47
18924287.0,100,50
18924306.0,105,49
18924323.0,89,89
18924390.0,104,46
18924501.0,105,51
18924554.0,104,47
18924555.0,102,43
18924556.0,101,43
18924624.0,102,46
18924839.0,107,48
18924844.0,98,57
18924870.0,95,48
18924886.0,98,48
18924957.0,107,57
18924965.0,106,46
18924982.0,103,48
18924996.0,109,48
18925005.0,108,50
18925017.0,96,48
18925026.0,109,47
18925057.0,108,51
18925066.0,99,44
18925093.0,103,51
18925096.0,95,48
18925161.0,106,63
18925201.0,106,45
18925251.0,108,46
18925293.0,106,47
18925301.0,107,55
18925306.0,101,44
18925320.0,106,57
18925355.0,107,58
18925357.0,98,48
18925435.0,88,90
18925507.0,106,50
18925638.0,106,59
18925644.0,101,46
18925653.0,106,46
18925697.0,97,55
18925708.0,98,58
18925820.0,98,59
18925829.0,108,46
18925838.0,97,49
18925980.0,108,51
18925989.0,91,86
18925996.0,106,60
18926016.0,102,46
18926022.0,106,51
18926051.0,109,48
18926056.0,101,45
18926157.0,99,45
18926158.0,95,48
18926163.0,104,43
18926212.0,101,43
18926235.0,106,47
18926243.0,104,42
18926270.0,106,64
18926284.0,109,46
18926303.0,99,58
18926306.0,105,43
18926361.0,107,49
18926396.0,103,47
18926401.0,102,42
18926502.0,104,48
18926511.0,107,56
18926588.0,107,53
18926590.0,104,46
18926601.0,102,44
18926610.0,106,44
18926634.0,101,47
18926697.0,106,48
18926708.0,101,49
18926849.0,104,45
18926905.0,109,49
18926949.0,106,43
18926964.0,104,47
18926984.0,96,50
18927012.0,102,45
18927020.0,97,53
18927032.0,102,44
18927166.0,99,51
18927181.0,104,49
18927308.0,102,45
18927338.0,97,48
18927443.0,96,49
18927452.0,99,50
18927644.0,108,47
18927692.0,99,49
18927694.0,104,44
18927724.0,105,44
18927725.0,99,46
18927759.0,109,48
18927811.0,106,48
18928074.0,102,48
18928079.0,104,47
18928108.0,101,46
18928111.0,106,49
18928164.0,109,50
18928201.0,102,47
18928222.0,106,47
18928230.0,102,46
18928238.0,107,52
18928491.0,104,50
18928502.0,104,67
18928550.0,98,50
18928567.0,104,48
18928636.0,103,50
18928649.0,101,48
18928659.0,108,48
18928679.0,100,48
18928703.0,105,45
18928753.0,99,47
18928812.0,109,49
18928849.0,101,45
18928871.0,107,49
18928878.0,106,49
18928966.0,100,42
18929112.0,103,66
18929175.0,106,50
18929210.0,107,50
18929229.0,98,49
18929230.0,102,50
18929235.0,106,58
18929244.0,104,48
18929289.0,107,49
18929342.0,101,47
18929367.0,105,46
18929478.0,107,46
18929487.0,109,50
18929495.0,103,43
18929527.0,99,48
18929553.0,97,48
18929628.0,105,43
18929651.0,104,43
18929743.0,102,48
18929760.0,107,45
18929780.0,106,53
18929830.0,108,51
18929885.0,102,49
18929950.0,101,50
18929962.0,105,42
18930017.0,108,52
18930049.0,108,53
18930146.0,102,43
18930185.0,104,46
18930194.0,96,48
18930197.0,106,46
18930206.0,107,44
18930325.0,100,44
18930418.0,108,54
18930484.0,103,44
18930509.0,106,50
18930516.0,102,44
18930530.0,110,48
18930547.0,107,55
18930569.0,104,49
18930666.0,107,57
18930711.0,105,47
18930745.0,107,47
18930754.0,102,42
18930756.0,107,53
18930880.0,97,54
18930933.0,100,43
18931045.0,105,43
18931204.0,109,51
18931270.0,105,45
18931345.0,100,45
18931346.0,104,45
18931391.0,107,50
18931427.0,107,46
18931428.0,101,42
18931437.0,110,49
18931447.0,108,49
18931454.0,98,49
18931492.0,99,49
18931531.0,108,48
18931560.0,110,48
18931566.0,110,47
18931599.0,105,64
18931668.0,107,47
18931791.0,99,49
18931882.0,102,42
18931928.0,105,48
18931953.0,106,51
18931954.0,102,45
18931957.0,106,48
18931967.0,105,44
18932043.0,109,50
18932151.0,106,49
18932289.0,106,44
18932313.0,109,51
18932331.0,107,48
18932437.0,98,48
18932450.0,104,50
18932487.0,101,73
18932554.0,109,47
18932572.0,110,49
18932649.0,69,61
18932656.0,106,50
18932719.0,102,46
18932751.0,106,62
18932854.0,105,49
18932859.0,109,47
18932866.0,105,46
18932881.0,100,46
18932942.0,97,47
18932986.0,97,51
18933009.0,97,49
18933010.0,100,52
18933046.0,103,45
18933099.0,100,51
18933189.0,108,49
18933210.0,105,45
18933232.0,103,45
18933277.0,108,54
18933283.0,107,51
18933301.0,104,43
18933322.0,103,44
18933408.0,102,49
18933426.0,102,47
18933449.0,108,49
18933479.0,106,45
18933480.0,100,48
18933541.0,106,44
18933579.0,103,46
18933591.0,100,50
18933689.0,107,48
18933704.0,102,48
18933715.0,107,45
18933727.0,108,45
18933742.0,103,43
18933762.0,106,46
18933786.0,110,49
18934037.0,100,47
18934044.0,105,47
18934073.0,104,42
18934209.0,110,50
18934245.0,101,52
18934274.0,106,42
18934290.0,103,45
18934387.0,103,44
18934433.0,109,48
18934445.0,97,50
18934458.0,108,52
18934526.0,103,47
18934579.0,107,49
18934790.0,99,50
18934893.0,108,56
18934942.0,107,50
18934954.0,106,43
18934955.0,109,51
18934988.0,105,48
18935006.0,103,42
18935008.0,108,50
18935038.0,103,48
18935100.0,107,54
18935114.0,99,49
18935117.0,108,53
18935168.0,108,73
18935199.0,108,46
18935302.0,104,47
18935307.0,108,49
18935313.0,98,50
18935355.0,109,71
18935362.0,97,48
18935406.0,108,45
18935410.0,106,47
18935505.0,111,48
18935540.0,106,46
18935554.0,103,44
18935555.0,100,49
18935567.0,108,44
18935574.0,100,48
18935642.0,107,50
18935658.0,104,44
18935677.0,109,70
18935755.0,106,44
18935757.0,103,47
18935777.0,108,54
18935905.0,107,56
18935941.0,104,43
18935950.0,110,50
18935985.0,108,50
18935989.0,109,52
18936009.0,98,54
18936038.0,107,49
18936053.0,103,45
18936111.0,98,47
18936138.0,106,42
18936139.0,108,47
18936167.0,101,44
18936201.0,103,47
18936207.0,108,55
18936401.0,109,48
18936468.0,101,45
18936489.0,106,48
18936644.0,102,42
18936725.0,106,45
18936758.0,104,45
18936799.0,106,44
18936817.0,110,47
18936915.0,103,49
18936921.0,105,42
18936959.0,106,43
18937072.0,108,46
18937098.0,97,49
18937134.0,105,47
18937198.0,106,46
18937211.0,108,57
18937213.0,110,51
18937241.0,111,49
18937270.0,107,58
18937295.0,103,46
18937311.0,110,47
18937334.0,108,48
18937349.0,111,48
18937452.0,107,50
18937470.0,98,53
18937515.0,108,47
18937576.0,103,45
18937770.0,107,44
18937781.0,109,49
18937797.0,108,56
18937915.0,104,43
18937930.0,110,47
18937965.0,107,51
18938001.0,107,45
18938023.0,101,62
18938025.0,103,47
18938048.0,97,47
18938059.0,106,45
18938162.0,110,47
18938181.0,104,45
18938183.0,108,48
18938292.0,106,48
18938316.0,98,52
18938490.0,111,47
18938535.0,109,52
18938545.0,106,46
18938596.0,107,43
18938639.0,103,43
18938727.0,104,43
18938789.0,97,48
18938815.0,88,86
18938838.0,104,46
18938847.0,102,43
18938852.0,111,49
18938938.0,101,46
18939046.0,98,47
18939093.0,108,49
18939173.0,110,51
18939179.0,104,42
18939242.0,105,42
18939297.0,99,57
18939314.0,103,48
18939454.0,104,47
18939455.0,109,53
18939458.0,105,43
18939462.0,108,51
18939484.0,111,50
18939564.0,107,43
18939620.0,106,49
18939631.0,103,49
18939634.0,98,51
18939635.0,99,56
18939644.0,105,49
18939646.0,107,46
18939653.0,99,49
18939678.0,103,47
18939799.0,109,45
18939829.0,109,44
18939849.0,110,48
18939857.0,103,48
18939861.0,107,42
18939922.0,104,44
18939924.0,108,45
18940075.0,107,45
18940129.0,107,44
18940227.0,109,50
18940326.0,98,50
18940428.0,102,44
18940613.0,98,49
18940662.0,105,44
18940669.0,108,49
18940730.0,100,51
18940758.0,106,60
18940879.0,101,47
18940925.0,111,47
18940931.0,99,47
18940952.0,104,42
18940970.0,106,47
18941036.0,109,47
18941077.0,111,50
18941124.0,106,48
18941168.0,99,50
18941191.0,109,54
18941227.0,109,50
18941228.0,108,50
18941464.0,101,48
18941487.0,107,45
18941489.0,107,47
18941544.0,98,48
18941580.0,106,50
18941666.0,104,47
18941684.0,104,48
18941700.0,106,48
18941736.0,108,44
18941788.0,111,49
18941797.0,103,42
18941823.0,101,49
18941824.0,109,47
18942031.0,104,45
18942084.0,109,53
18942097.0,110,49
18942213.0,108,45
18942223.0,107,44
18942242.0,107,45
18942254.0,102,45
18942291.0,104,43
18942363.0,108,50
18942398.0,109,50
18942399.0,100,49
18942442.0,100,50
18942444.0,107,51
18942496.0,108,48
18942631.0,105,45
18942827.0,109,46
18942832.0,109,48
18942851.0,111,51
18942972.0,99,47
18943082.0,108,49
18943111.0,110,48
18943112.0,106,43
18943126.0,100,48
18943131.0,106,42
18943142.0,110,45
18943146.0,107,46
18943209.0,107,62
18943258.0,102,49
18943262.0,108,43
18943275.0,107,43
18943297.0,110,52
18943313.0,106,61
18943355.0,103,43
18943392.0,106,49
18943400.0,104,47
18943412.0,109,54
18943421.0,101,51
18943431.0,107,48
18943514.0,104,46
18943548.0,105,43
18943606.0,105,42
18943673.0,98,47
18943828.0,108,45
18944003.0,101,50
18944022.0,109,48
18944048.0,108,46
18944108.0,107,46
18944154.0,106,63
18944175.0,110,46
18944196.0,99,54
18944271.0,56,61
18944290.0,108,46
18944291.0,110,45
18944433.0,108,42
18944491.0,111,51
18944574.0,110,44
18944656.0,109,47
18944662.0,109,44
18944707.0,106,50
18944724.0,105,44
18944739.0,105,46
18944750.0,111,85
18944910.0,111,48
18944919.0,105,42
18944964.0,104,42
18944990.0,109,55
18945008.0,104,48
18945065.0,103,49
18945072.0,105,64
18945074.0,104,47
18945080.0,98,49
18945094.0,108,46
18945152.0,110,46
18945168.0,105,46
18945188.0,98,50
18945229.0,103,44
18945248.0,108,43
18945341.0,108,44
18945408.0,107,47
18945525.0,105,47
18945566.0,109,53
18945598.0,107,45
18945801.0,109,49
18945948.0,110,45
18946010.0,104,49
18946093.0,107,42
18946097.0,107,48
18946110.0,106,44
18946215.0,108,42
18946216.0,107,49
18946243.0,91,86
18946295.0,107,66
18946369.0,110,52
18946395.0,110,50
18946429.0,102,47
18946434.0,110,49
18946451.0,99,47
18946458.0,107,67
18946467.0,110,47
18946546.0,108,47
18946578.0,110,53
18946583.0,109,51
18946603.0,104,69
18946608.0,111,49
18946628.0,103,74
18946639.0,111,51
18946685.0,100,47
18946745.0,108,50
18946786.0,109,50
18946924.0,107,48
18946975.0,111,52
18946989.0,105,45
18947074.0,105,44
18947098.0,108,45
18947131.0,90,87
18947158.0,100,48
18947205.0,110,48
18947258.0,108,43
18947264.0,111,45
18947303.0,101,58
18947310.0,108,44
18947323.0,89,88
18947557.0,108,56
18947601.0,104,43
18947604.0,109,45
18947675.0,106,45
18947715.0,108,46
18947738.0,102,48
18947762.0,107,43
18947796.0,112,48
18947813.0,108,45
18947824.0,100,49
18948026.0,111,52
18948050.0,111,49
18948087.0,109,50
18948133.0,110,48
18948235.0,112,48
18948340.0,109,43
18948427.0,109,54
18948458.0,108,51
18948466.0,101,50
18948516.0,108,46
18948519.0,88,89
18948579.0,108,48
18948585.0,110,47
18948601.0,113,49
18948626.0,111,46
18948644.0,107,49
18948698.0,105,46
18948709.0,110,46
18948810.0,109,56
18948812.0,107,50
18948816.0,106,43
18948829.0,102,49
18948832.0,109,46
18948838.0,110,49
18948891.0,107,65
18949066.0,99,54
18949069.0,109,49
18949085.0,106,44
18949189.0,110,53
18949208.0,106,42
18949213.0,100,47
18949246.0,107,43
18949280.0,76,54
18949338.0,107,47
18949368.0,110,44
18949450.0,111,45
18949544.0,99,49
18949582.0,108,42
18949671.0,104,48
18949717.0,108,48
18949771.0,102,48
18949780.0,107,63
18949879.0,102,47
18949895.0,105,49
18949912.0,99,48
18949927.0,107,49
18950066.0,106,44
18950105.0,101,48
18950203.0,111,46
18950294.0,109,44
18950321.0,99,52
18950411.0,102,50
18950437.0,109,50
18950439.0,101,49
18950478.0,110,49
18950486.0,107,44
18950531.0,106,46
18950629.0,99,47
18950649.0,105,42
18950688.0,108,47
18950791.0,107,44
18950810.0,104,44
18950848.0,110,50
18950855.0,111,47
18950929.0,104,43
18950943.0,109,47
18951106.0,103,46
18951135.0,99,50
18951164.0,109,51
18951178.0,102,44
18951197.0,108,49
18951231.0,109,44
18951335.0,108,49
18951346.0,105,48
18951373.0,99,56
18951422.0,110,51
18951432.0,110,48
18951439.0,107,44
18951505.0,111,49
18951534.0,111,52
18951633.0,103,44
18951729.0,105,47
18951743.0,109,43
18951793.0,111,53
18951828.0,110,49
18951836.0,104,49
18951859.0,110,45
18951876.0,99,49
18951914.0,107,44
18951990.0,109,42
18952005.0,108,46
18952070.0,111,50
18952102.0,107,43
18952130.0,111,47
18952166.0,108,48
18952204.0,108,49
18952247.0,105,48
18952268.0,107,48
18952299.0,108,43
18952319.0,109,45
18952394.0,36,113
18952416.0,106,47
18952443.0,103,47
18952491.0,109,52
18952644.0,106,45
18952877.0,107,50
18952884.0,110,50
18952916.0,101,47
18952924.0,109,51
18952931.0,107,45
18952933.0,103,48
18953053.0,110,43
18953109.0,110,46
18953129.0,108,48
18953156.0,109,46
18953253.0,109,47
18953552.0,105,49
18953594.0,111,53
18953617.0,110,49
18953657.0,107,43
18953735.0,108,45
18953761.0,106,46
18953863.0,111,48
18953872.0,106,42
18954004.0,101,48
18954062.0,106,48
18954184.0,108,47
18954218.0,105,62
18954243.0,107,42
18954270.0,99,52
18954276.0,107,44
18954366.0,109,48
18954469.0,110,46
18954523.0,107,45
18954649.0,110,44
18954656.0,110,50
18954726.0,108,43
18954736.0,102,50
18954819.0,108,44
18955078.0,101,51
18955090.0,107,46
18955121.0,99,51
18955122.0,108,49
18955166.0,101,47
18955171.0,109,46
18955199.0,111,49
18955219.0,110,54
18955242.0,105,44
18955368.0,109,45
18955409.0,110,53
18955557.0,110,43
18955748.0,109,47
18955787.0,108,50
18955965.0,103,49
18956143.0,111,45
18956172.0,111,53
18956204.0,110,47
18956371.0,108,43
18956378.0,111,49
18956404.0,109,47
18956462.0,107,47
18956471.0,111,51
18956520.0,109,49
18956628.0,111,48
18956679.0,107,44
18956787.0,110,55
18956903.0,101,74
18956950.0,108,48
18957024.0,104,46
18957070.0,102,48
18957098.0,101,49
18957153.0,102,50
18957182.0,107,45
18957280.0,108,49
18957315.0,110,45
18957329.0,109,43
18957338.0,108,43
18957486.0,108,45
18957541.0,106,43
18957699.0,108,44
18957750.0,109,43
18957783.0,110,51
18957865.0,109,51
18957899.0,110,50
18957916.0,110,44
18958001.0,106,47
18958111.0,104,47
18958123.0,108,44
18958223.0,111,43
18958245.0,106,48
18958318.0,109,56
18958445.0,105,44
18958452.0,100,48
18958496.0,111,44
18958544.0,105,49
18958615.0,111,50
18958733.0,109,48
18958740.0,111,46
18958775.0,105,45
18958778.0,100,47
18958805.0,109,43
18958839.0,100,46
18958847.0,111,51
18958854.0,111,49
18958936.0,108,45
18958958.0,111,45
18958983.0,110,52
18959036.0,102,47
18959255.0,107,50
18959302.0,105,50
18959313.0,110,48
18959366.0,107,45
18959394.0,110,46
18959397.0,103,49
18959411.0,102,49
18959432.0,107,67
18959439.0,102,48
18959469.0,100,49
18959476.0,113,49
18959479.0,111,44
18959519.0,108,50
18959591.0,107,47
18959677.0,104,48
18959691.0,109,44
18959966.0,102,50
18960190.0,109,48
18960275.0,107,46
18960337.0,108,44
18960441.0,107,48
18960462.0,110,45
18960504.0,101,46
18960526.0,99,46
18960596.0,108,46
18960606.0,100,50
18960607.0,111,43
18960626.0,109,43
18960681.0,110,46
18960721.0,96,78
18960771.0,99,46
18960886.0,110,48
18961016.0,102,47
18961053.0,110,55
18961152.0,103,51
18961208.0,111,45
18961263.0,106,48
18961273.0,110,43
18961287.0,109,43
18961309.0,110,51
18961400.0,103,51
18961619.0,111,47
18961630.0,109,50
18961684.0,106,46
18961756.0,100,46
18961851.0,107,47
18962175.0,107,43
18962240.0,113,52
18962295.0,108,45
18962418.0,103,50
18962508.0,111,45
18962526.0,109,43
18962530.0,106,49
18962700.0,110,47
18962793.0,115,50
18962817.0,108,50
18962821.0,104,47
18962919.0,111,47
18962990.0,110,49
18963040.0,99,47
18963077.0,100,54
18963120.0,104,47
18963201.0,111,51
18963203.0,111,47
18963244.0,99,47
18963318.0,109,45
18963478.0,110,44
18963520.0,109,49
18963659.0,107,44
18963688.0,105,47
18963705.0,109,44
18963805.0,110,48
18963813.0,111,47
18963821.0,110,52
18963847.0,108,47
18963847.0,110,47
18963902.0,109,57
18964005.0,100,48
18964087.0,111,46
18964105.0,106,45
18964122.0,104,49
18964297.0,108,45
18964305.0,102,50
18964305.0,112,55
18964369.0,111,48
18964373.0,109,45
18964540.0,111,47
18964597.0,100,48
18964609.0,107,47
18964634.0,114,49
18964710.0,107,48
18964712.0,110,49
18964718.0,111,51
18964791.0,108,46
18964844.0,111,46
18964977.0,111,52
18965137.0,107,49
18965242.0,110,44
18965352.0,111,48
18965399.0,107,44
18965406.0,111,43
18965617.0,110,44
18965652.0,108,43
18965721.0,101,84
18965732.0,110,48
18965765.0,111,43
18965928.0,106,46
18966383.0,109,45
18966572.0,109,46
18966848.0,111,43
18967125.0,110,43
18967141.0,111,47
18967270.0,110,44
18967319.0,109,52
18967419.0,101,47
18967491.0,111,51
18967495.0,110,52
18967529.0,113,46
18967545.0,110,49
18967633.0,108,48
18967643.0,103,48
18967670.0,102,47
18967677.0,110,45
18967776.0,101,47
18967812.0,109,50
18967846.0,109,42
18967848.0,102,48
18967853.0,108,47
18967938.0,114,50
18967979.0,113,50
18968217.0,115,51
18968221.0,113,47
18968254.0,109,49
18968300.0,111,49
18968442.0,110,49
18968452.0,105,48
18968455.0,103,49
18968471.0,114,48
18968522.0,110,50
18968859.0,107,45
18968942.0,101,47
18968961.0,112,52
18969206.0,111,44
18969291.0,107,49
18969319.0,107,48
18969344.0,104,50
18969935.0,111,48
18969978.0,111,46
18970146.0,110,48
18970174.0,111,49
18970234.0,109,59
18970297.0,103,50
18970321.0,106,47
18970328.0,110,44
18970475.0,109,47
18970693.0,111,48
18970749.0,112,46
18970823.0,109,47
18970853.0,101,48
18970879.0,110,49
18970962.0,109,43
18971018.0,113,47
18971175.0,101,49
18971202.0,103,49
18971272.0,115,47
18971362.0,111,44
18971457.0,100,51
18971587.0,113,45
18971771.0,103,46
18971935.0,113,44
18972031.0,107,46
18972058.0,111,44
18972085.0,108,48
18972193.0,102,46
18972240.0,101,46
18972459.0,108,45
18972470.0,103,48
18972587.0,114,49
18972627.0,111,45
18972682.0,115,48
18972712.0,99,75
18972765.0,110,50
18972834.0,105,49
18972855.0,107,49
18973026.0,110,52
18973257.0,108,44
18973380.0,110,46
18973380.0,106,47
18973394.0,108,47
18973446.0,107,46
18973478.0,115,50
18973640.0,110,45
18973687.0,106,48
18973690.0,103,46
18973936.0,116,51
18974002.0,114,53
18974036.0,107,45
18974182.0,111,50
18974267.0,113,50
18974273.0,108,45
18974477.0,111,49
18974680.0,110,51
18974789.0,109,48
18974972.0,110,46
18975027.0,109,47
18975080.0,111,55
18975558.0,104,50
18975635.0,114,47
18975672.0,114,51
18975716.0,111,45
18975813.0,111,48
18975922.0,105,49
18976073.0,111,49
18976169.0,110,55
18976180.0,111,46
18976260.0,110,47
18976316.0,106,48
18976324.0,105,50
18976400.0,101,47
18976647.0,108,49
18976873.0,110,44
18977573.0,113,44
18977639.0,110,56
18977694.0,86,90
18977740.0,110,50
18977772.0,110,57
18977776.0,107,47
18977781.0,116,48
18977865.0,108,46
18978120.0,109,48
18978419.0,110,47
18978790.0,109,45
18979423.0,102,47
18979485.0,103,47
18979517.0,111,49
18980396.0,110,48
18980414.0,115,47
18980554.0,104,66
18980716.0,110,45
18980741.0,107,60
18980993.0,104,47
18981016.0,111,44
18981154.0,109,49
18981206.0,101,50
18981295.0,111,44
18981447.0,114,48
18981510.0,113,45
18981814.0,89,87
18981869.0,113,49
18981948.0,106,49
18982158.0,114,51
18982189.0,108,47
18982224.0,104,46
18982231.0,101,51
18982251.0,104,65
18982263.0,110,45
18982369.0,111,47
18982505.0,103,45
18982625.0,107,47
18982628.0,113,52
18982734.0,111,50
18982739.0,104,49
18982821.0,111,44
18983161.0,107,47
18983294.0,109,46
18983305.0,111,46
18983465.0,113,46
18983520.0,109,46
18983599.0,114,54
18983862.0,106,63
18984276.0,115,46
18984488.0,107,48
18984823.0,108,47
18984947.0,115,48
18985056.0,114,47
18985448.0,115,50
18985651.0,113,48
18985682.0,104,48
18985990.0,113,48
18986021.0,105,50
18986189.0,114,45
18986261.0,107,72
18986990.0,114,49
18987615.0,109,46
18987630.0,110,46
18987704.0,106,62
18987778.0,112,47
18988036.0,109,47
18988537.0,93,89
18989794.0,109,49
18989980.0,117,49
18990349.0,116,51
18990394.0,117,52
18990501.0,116,46
18990640.0,114,50
18990770.0,108,48
18990818.0,107,49
18990850.0,106,49
18990964.0,114,48
18991089.0,110,46
18991096.0,113,49
18991210.0,111,56
18991240.0,107,76
18991936.0,113,47
18992358.0,115,45
18993741.0,88,50
18993759.0,110,57
18994425.0,87,51
18995425.0,103,47
18995434.0,114,50
18995592.0,104,47
18995823.0,113,53
18996244.0,105,46
18996966.0,112,52
18997022.0,110,47
18997657.0,100,86
18998204.0,115,48
18998635.0,116,49
18998643.0,39,55
18998776.0,105,80
18999061.0,39,55
18999817.0,39,55
19000033.0,111,49
19000075.0,112,46
19000254.0,114,49
19001243.0,107,61
19001286.0,112,51
19001317.0,105,62
19001904.0,88,88
19002187.0,103,64
19002678.0,111,51
19002869.0,108,74
19003119.0,21,105
19003488.0,22,105
19003668.0,117,47
19004056.0,111,47
19004133.0,21,105
19004324.0,22,105
19004627.0,111,46
19004701.0,22,105
19005711.0,109,72
19006123.0,107,66
19010653.0,108,72
19010829.0,115,50
19011251.0,109,71
19011682.0,109,70
19012112.0,114,50
19012262.0,60,117
19012680.0,61,117
19013589.0,60,117
19013776.0,107,65
19014271.0,60,117
19018242.0,108,59
19019186.0,109,58
19019353.0,99,83
19020698.0,107,61
19024890.0,115,50
19024977.0,91,51
19025157.0,90,51
19025381.0,91,51
19025444.0,110,47
19025526.0,104,50
19025733.0,105,50
19025825.0,90,51
19026124.0,91,51
19026640.0,116,51
19026728.0,112,48
19027195.0,105,71
19027420.0,106,71
19027615.0,98,70
19028058.0,117,50
19028094.0,104,73
19028336.0,106,70
19028575.0,106,72
19028818.0,105,71
19029356.0,107,49
19029428.0,100,54
19029499.0,100,55
19029540.0,105,47
19029924.0,101,48
19029934.0,105,46
19030298.0,111,46
19030428.0,104,49
19030459.0,89,85
19030472.0,114,46
19031166.0,108,48
19031382.0,110,49
19031646.0,111,49
19031887.0,102,75
19032021.0,110,47
19032148.0,109,50
19032171.0,105,50
19032247.0,112,50
19032438.0,111,48
19032641.0,111,46
19032753.0,102,50
19033240.0,102,49
19033377.0,111,51
19033405.0,103,75
19034018.0,102,48
19034154.0,106,49
19034758.0,115,51
19034760.0,114,46
19035016.0,110,46
19036215.0,104,50
19036394.0,116,50
19036414.0,100,52
19036617.0,104,50
19037035.0,115,48
19037045.0,103,46
19037089.0,116,47
19037138.0,109,57
19037667.0,112,47
19038369.0,105,61
19038478.0,102,47
19038662.0,115,49
19038769.0,104,47
19038936.0,110,48
19039435.0,104,46
19039605.0,108,50
19039615.0,109,49
19039868.0,111,47
19040031.0,111,48
19040235.0,100,56
19040264.0,111,47
19040345.0,105,60
19040959.0,111,50
19041200.0,106,49
19041257.0,111,55
19041341.0,110,49
19041526.0,109,47
19041936.0,110,56
19042026.0,107,48
19042102.0,101,48
19042125.0,113,46
19042259.0,113,49
19042289.0,105,50
19042478.0,112,46
19042592.0,100,51
19042629.0,115,50
19042643.0,104,48
19042670.0,108,47
19042734.0,114,46
19042855.0,110,51
19042868.0,114,51
19043026.0,109,51
19043098.0,114,47
19043326.0,109,57
19043548.0,103,49
19043555.0,114,48
19043656.0,112,49
19043738.0,111,48
19043912.0,104,50
19044151.0,114,45
19044335.0,116,49
19044370.0,110,48
19044788.0,111,47
19044977.0,99,55
19045009.0,102,47
19045660.0,103,49
19045710.0,105,49
19046118.0,107,59
19046234.0,110,46
19046236.0,107,47
19046793.0,110,45
19046797.0,101,48
19046829.0,108,58
19046878.0,99,56
19047003.0,101,47
19047199.0,101,49
19047231.0,113,46
19047299.0,112,46
19047349.0,98,69
19047572.0,100,50
19047787.0,111,47
19047811.0,106,48
19047953.0,108,47
19047994.0,100,52
19048265.0,105,49
19048539.0,108,50
19048575.0,107,47
19048683.0,110,51
19048775.0,111,50
19048797.0,110,47
19048798.0,105,50
19048815.0,114,47
19048874.0,100,53
19049023.0,109,49
19049060.0,114,48
19049212.0,115,49
19049232.0,113,48
19049299.0,111,50
19049325.0,108,49
19049500.0,115,52
19049661.0,103,47
19049663.0,100,51
19049676.0,107,47
19049830.0,99,54
19050020.0,110,48
19050063.0,114,50
19050075.0,111,47
19050174.0,101,47
19050210.0,109,48
19050415.0,106,48
19050558.0,103,46
19050573.0,108,46
19050581.0,101,46
19050704.0,111,46
19050738.0,107,50
19050799.0,101,50
19051009.0,103,46
19051025.0,111,46
19051418.0,114,47
19051821.0,111,46
19051895.0,102,50
19052019.0,109,45
19052030.0,100,49
19052082.0,110,50
19052317.0,102,50
19052343.0,100,50
19052363.0,111,50
19052396.0,108,46
19052475.0,99,53
19053385.0,113,48
19053446.0,102,49
19053540.0,99,51
19053642.0,110,53
19053682.0,110,46
19053734.0,111,49
19053786.0,108,49
19053850.0,109,48
19053964.0,100,49
19054040.0,109,46
19054184.0,112,55
19054350.0,53,55
19054528.0,113,47
19054795.0,105,49
19054825.0,109,47
19054826.0,114,46
19054885.0,99,57
19054889.0,53,55
19054941.0,100,48
19054976.0,107,58
19055046.0,102,46
19055052.0,110,47
19055121.0,87,88
19055183.0,111,46
19055268.0,105,48
19055936.0,99,47
19055966.0,87,88
19056224.0,102,49
19056245.0,109,50
19056276.0,109,51
19056325.0,104,49
19056329.0,109,56
19056411.0,102,47
19056422.0,111,45
19056456.0,110,45
19056485.0,107,46
19056486.0,106,48
19056497.0,111,44
19056622.0,100,48
19056652.0,100,47
19056783.0,113,50
19056813.0,108,46
19056876.0,99,50
19056900.0,113,53
19056952.0,102,46
19057456.0,114,52
19057478.0,100,46
19057699.0,102,48
19057809.0,107,49
19057899.0,109,46
19057948.0,98,56
19058102.0,56,62
19058115.0,105,48
19058144.0,108,45
19058145.0,99,65
19058168.0,110,46
19058188.0,110,49
19058246.0,109,46
19058276.0,111,49
19058278.0,110,55
19058366.0,80,114
19058406.0,110,44
19058501.0,111,48
19058915.0,99,54
19059017.0,109,44
19059074.0,106,47
19059083.0,111,46
19059164.0,107,46
19059268.0,99,53
19059544.0,109,45
19059580.0,99,49
19059603.0,101,51
19059683.0,109,47
19059806.0,110,46
19059978.0,107,59
19060212.0,100,47
19060245.0,101,50
19060343.0,110,45
19060431.0,99,59
19060512.0,108,57
19060567.0,113,49
19060606.0,111,48
19060626.0,109,50
19060635.0,103,67
19060702.0,108,45
19060719.0,107,49
19060744.0,105,48
19060844.0,109,48
19060954.0,98,53
19060959.0,109,46
19060964.0,113,50
19060969.0,101,49
19060985.0,113,45
19061010.0,106,60
19061064.0,98,54
19061209.0,104,49
19061481.0,105,60
19061661.0,99,55
19061764.0,106,64
19061896.0,104,48
19062075.0,102,51
19062124.0,108,47
19062165.0,98,56
19062171.0,107,58
19062207.0,101,46
19062305.0,109,44
19062319.0,108,44
19062620.0,105,47
19062645.0,107,48
19062803.0,112,50
19062820.0,98,52
19063071.0,101,50
19063143.0,103,49
19063267.0,98,55
19063331.0,99,48
19063386.0,109,55
19063398.0,110,48
19063591.0,110,44
19063699.0,104,48
19063735.0,100,88
19063743.0,98,51
19063760.0,108,44
19064035.0,110,49
19064041.0,108,47
19064109.0,99,49
19064130.0,109,49
19064149.0,103,50
19064285.0,109,46
19064351.0,99,52
19064545.0,111,48
19064629.0,101,49
19064662.0,106,49
19064693.0,108,46
19064889.0,102,50
19064892.0,110,54
19064948.0,107,45
19064981.0,98,60
19065022.0,97,61
19065051.0,108,53
19065208.0,101,47
19065298.0,105,47
19065506.0,101,48
19065708.0,99,60
19065899.0,110,49
19065986.0,108,48
19066044.0,109,45
19066109.0,110,48
19066160.0,113,52
19066188.0,99,48
19066197.0,104,48
19066199.0,110,52
19066227.0,109,55
19066299.0,103,49
19066333.0,108,50
19066360.0,107,48
19066519.0,108,56
19066642.0,106,62
19066662.0,99,46
19066810.0,107,51
19066858.0,109,50
19066896.0,98,50
19066950.0,107,57
19066991.0,110,50
19067008.0,109,46
19067099.0,98,52
19067165.0,100,61
19067266.0,63,57
19067448.0,109,49
19067480.0,113,49
19067491.0,99,46
19067658.0,112,48
19067676.0,109,52
19067792.0,110,47
19067833.0,109,49
19067978.0,99,51
19068036.0,98,49
19068043.0,106,48
19068122.0,107,47
19068386.0,106,45
19068395.0,98,58
19068538.0,109,48
19068630.0,104,47
19068838.0,100,46
19068880.0,105,50
19069036.0,99,53
19069061.0,111,47
19069102.0,108,44
19069128.0,113,50
19069138.0,89,90
19069200.0,98,50
19069201.0,87,89
19069256.0,109,47
19069266.0,108,53
19069312.0,111,51
19069322.0,111,46
19069405.0,111,48
19069418.0,100,51
19069463.0,102,50
19069500.0,110,51
19069501.0,99,50
19069531.0,108,47
19069671.0,112,49
19069764.0,107,47
19069812.0,108,49
19069914.0,110,45
19069985.0,110,47
19069988.0,98,49
19070080.0,98,59
19070112.0,110,48
19070146.0,108,49
19070175.0,110,44
19070179.0,108,46
19070194.0,105,49
19070267.0,109,44
19070280.0,98,48
19070309.0,113,51
19070414.0,110,54
19070580.0,109,49
19070747.0,97,54
19070752.0,106,49
19070756.0,98,47
19070787.0,73,119
19070814.0,107,48
19070843.0,109,45
19070953.0,97,55
19070974.0,100,50
19070988.0,108,45
19071021.0,103,48
19071180.0,107,50
19071202.0,109,48
19071248.0,110,44
19071327.0,105,46
19071458.0,112,52
19071539.0,100,49
19071552.0,108,49
19071596.0,107,57
19071597.0,102,72
19071601.0,107,44
19071686.0,111,44
19071752.0,107,46
19071958.0,98,46
19072036.0,103,67
19072076.0,107,47
19072107.0,107,51
19072156.0,100,46
19072174.0,106,58
19072291.0,98,47
19072296.0,97,52
19072435.0,103,68
19072503.0,102,49
19072558.0,100,48
19072635.0,98,53
19072685.0,111,53
19072710.0,108,50
19072711.0,97,56
19072763.0,98,56
19072836.0,106,44
19072916.0,111,47
19072922.0,112,44
19072923.0,111,51
19072927.0,109,47
19073130.0,111,45
19073172.0,105,45
19073255.0,98,48
19073289.0,101,50
19073380.0,99,46
19073485.0,107,58
19073551.0,108,71
19073557.0,111,45
19073626.0,104,46
19073671.0,109,45
19073683.0,111,49
19073758.0,106,47
19073766.0,107,58
19073994.0,110,47
19074022.0,97,53
19074037.0,106,57
19074116.0,110,48
19074134.0,102,67
19074176.0,111,45
19074398.0,107,50
19074418.0,103,48
19074465.0,106,48
19074514.0,107,46
19074532.0,108,55
19074571.0,109,44
19074585.0,98,46
19074616.0,105,49
19074735.0,105,48
19075264.0,98,51
19075271.0,108,45
19075350.0,110,45
19075397.0,110,47
19075407.0,110,50
19075433.0,109,47
19075457.0,106,51
19075519.0,99,46
19075550.0,108,52
19075609.0,97,50
19075699.0,109,46
19075700.0,97,54
19075720.0,104,49
19075830.0,108,48
19075954.0,108,44
19075978.0,103,47
19075986.0,101,66
19076073.0,111,46
19076178.0,106,47
19076204.0,97,51
19076260.0,97,49
19076386.0,110,51
19076584.0,104,50
19076753.0,107,45
19076788.0,110,45
19076838.0,106,46
19076940.0,97,52
19076941.0,99,50
19077090.0,108,55
19077101.0,111,50
19077105.0,99,49
19077112.0,108,49
19077120.0,98,55
19077199.0,109,48
19077216.0,107,56
19077267.0,97,55
19077408.0,102,48
19077443.0,107,49
19077517.0,106,58
19077628.0,110,44
19077657.0,99,51
19077700.0,109,44
19077711.0,100,58
19077726.0,111,52
19077765.0,100,47
19077794.0,108,44
19077870.0,99,47
19077930.0,101,50
19077944.0,109,46
19078183.0,110,53
19078317.0,105,47
19078353.0,99,59
19078353.0,97,48
19078365.0,99,47
19078429.0,106,43
19078494.0,102,49
19078506.0,105,45
19078542.0,98,57
19078585.0,98,46
19078596.0,108,53
19078596.0,108,44
19078598.0,107,50
19078599.0,97,46
19078637.0,98,54
19078663.0,108,47
19078769.0,107,52
19078781.0,99,47
19078821.0,104,45
19078843.0,107,46
19078859.0,107,45
19078866.0,56,54
19078903.0,97,49
19078928.0,101,49
19079004.0,106,50
19079025.0,107,49
19079136.0,99,48
19079200.0,107,43
19079260.0,99,50
19079288.0,110,49
19079293.0,105,50
19079310.0,106,51
19079327.0,110,46
19079507.0,98,65
19079552.0,105,44
19079615.0,106,46
19079663.0,106,44
19079700.0,97,57
19079718.0,108,49
19079846.0,109,47
19079983.0,99,49
19080014.0,83,108
19080029.0,109,45
19080031.0,98,46
19080050.0,101,57
19080235.0,110,46
19080307.0,106,46
19080330.0,97,48
19080370.0,107,48
19080397.0,99,51
19080606.0,99,52
19080749.0,97,47
19080778.0,109,47
19080812.0,103,46
19080886.0,102,47
19081175.0,109,50
19081256.0,109,45
19081315.0,111,47
19081342.0,108,51
19081355.0,106,57
19081426.0,104,48
19081528.0,107,44
19081556.0,111,48
19081631.0,104,61
19081647.0,102,67
19081689.0,107,45
19081690.0,108,46
19081701.0,109,48
19081802.0,105,62
19081815.0,108,48
19081877.0,111,48
19081927.0,111,46
19082249.0,109,44
19082286.0,106,45
19082330.0,105,47
19082348.0,107,55
19082372.0,111,46
19082470.0,100,50
19082537.0,108,54
19082550.0,111,49
19082562.0,109,51
19082563.0,104,49
19082582.0,108,47
19082600.0,96,52
19082641.0,110,53
19082688.0,102,48
19082806.0,102,47
19082826.0,107,48
19082844.0,104,47
19082917.0,107,49
19082996.0,111,48
19083038.0,110,48
19083070.0,37,97
19083151.0,108,47
19083182.0,107,47
19083206.0,107,48
19083213.0,97,56
19083257.0,108,52
19083313.0,107,44
19083348.0,110,50
19083473.0,105,46
19083498.0,96,50
19083582.0,109,53
19083599.0,105,43
19083667.0,98,61
19083684.0,109,46
19083852.0,106,45
19083970.0,99,51
19083980.0,98,47
19084003.0,107,48
19084040.0,103,49
19084161.0,96,51
19084188.0,111,51
19084235.0,101,48
19084277.0,100,52
19084316.0,108,55
19084326.0,109,50
19084344.0,96,49
19084440.0,98,67
19084483.0,107,49
19084489.0,96,56
19084591.0,106,43
19084693.0,108,48
19084786.0,96,57
19084821.0,103,45
19084842.0,109,46
19084855.0,104,48
19084868.0,97,46
19084897.0,95,57
19084998.0,102,46
19085001.0,96,48
19085018.0,108,45
19085105.0,105,46
19085212.0,106,50
19085377.0,107,46
19085459.0,97,55
19085575.0,96,47
19085658.0,107,58
19085693.0,102,46
19085728.0,97,46
19085731.0,96,50
19085760.0,110,52
19085773.0,106,49
19085783.0,105,46
19085801.0,97,58
19085802.0,98,48
19085819.0,107,47
19085888.0,106,44
19085909.0,109,49
19085982.0,105,45
19085984.0,105,58
19086086.0,108,47
19086159.0,108,54
19086186.0,100,49
19086196.0,105,50
19086251.0,99,52
19086292.0,105,67
19086296.0,98,50
19086304.0,107,47
19086324.0,108,51
19086329.0,105,51
19086375.0,105,65
19086458.0,97,69
19086469.0,106,48
19086566.0,110,49
19086619.0,96,53
19086624.0,109,46
19086671.0,98,52
19086788.0,107,43
19086816.0,105,72
19086870.0,96,52
19086933.0,107,46
19086934.0,107,55
19087009.0,97,53
19087014.0,107,48
19087045.0,107,47
19087140.0,109,50
19087147.0,105,63
19087149.0,106,56
19087181.0,96,56
19087187.0,109,51
19087187.0,104,44
19087201.0,103,62
19087223.0,101,59
19087264.0,96,51
19087270.0,106,44
19087274.0,110,47
19087279.0,101,47
19087287.0,105,59
19087375.0,105,70
19087473.0,107,47
19087505.0,98,49
19087529.0,109,53
19087533.0,108,50
19087651.0,111,51
19087665.0,107,51
19087732.0,103,44
19087822.0,107,48
19087854.0,97,70
19087879.0,111,50
19087946.0,97,57
19087947.0,107,51
19088054.0,103,48
19088056.0,105,57
19088063.0,97,54
19088085.0,110,49
19088089.0,106,49
19088119.0,109,50
19088142.0,96,50
19088272.0,96,48
19088274.0,104,61
19088315.0,102,68
19088371.0,108,51
19088400.0,109,48
19088417.0,100,50
19088509.0,102,45
19088519.0,103,61
19088534.0,98,51
19088573.0,108,44
19088705.0,106,52
19088777.0,99,51
19089019.0,96,58
19089082.0,110,46
19089146.0,100,49
19089180.0,111,49
19089265.0,104,43
19089383.0,108,46
19089633.0,97,60
19089779.0,106,50
19089823.0,105,43
19089826.0,108,50
19089844.0,97,48
19089861.0,106,43
19089919.0,95,48
19089932.0,103,47
19089976.0,110,48
19089979.0,105,49
19090070.0,99,50
19090070.0,101,46
19090079.0,107,45
19090117.0,100,48
19090188.0,106,49
19090208.0,105,44
19090219.0,101,48
19090235.0,107,51
19090325.0,109,48
19090340.0,108,47
19090411.0,107,48
19090496.0,95,47
19090498.0,108,50
19090646.0,95,53
19090735.0,97,59
19090847.0,111,50
19090889.0,110,49
19090895.0,105,48
19090899.0,106,67
19090938.0,108,49
19090959.0,102,49
19091039.0,103,48
19091166.0,106,67
19091214.0,103,70
19091216.0,110,51
19091377.0,98,51
19091380.0,106,46
19091415.0,105,44
19091433.0,108,46
19091494.0,104,45
19091540.0,105,50
19091549.0,99,50
19091560.0,95,48
19091579.0,95,55
19091632.0,98,72
19091733.0,106,55
19091916.0,106,43
19091931.0,95,47
19091955.0,106,56
19092041.0,107,47
19092104.0,96,47
19092149.0,95,51
19092156.0,97,50
19092171.0,100,47
19092226.0,96,54
19092259.0,95,49
19092279.0,107,43
19092327.0,108,49
19092337.0,109,47
19092360.0,95,54
19092385.0,96,47
19092423.0,101,46
19092469.0,104,47
19092480.0,95,52
19092518.0,109,52
19092676.0,97,48
19092692.0,107,43
19092978.0,102,48
19093025.0,107,44
19093093.0,105,48
19093136.0,106,47
19093155.0,103,43
19093159.0,109,53
19093221.0,103,44
19093283.0,104,50
19093289.0,97,49
19093322.0,108,51
19093372.0,100,48
19093391.0,109,46
19093402.0,109,49
19093412.0,108,53
19093460.0,96,47
19093491.0,110,52
19093511.0,95,53
19093576.0,104,45
19093606.0,104,60
19093609.0,106,46
19093616.0,95,56
19093630.0,109,47
19093647.0,97,47
19093669.0,97,51
19093743.0,106,48
19093754.0,96,57
19093777.0,95,51
19093786.0,99,49
19093829.0,105,57
19093905.0,98,51
19093915.0,103,46
19093924.0,106,46
19093963.0,97,51
19094006.0,103,47
19094016.0,101,45
19094039.0,107,50
19094064.0,95,50
19094078.0,108,50
19094088.0,102,49
19094159.0,107,51
19094236.0,107,43
19094290.0,104,44
19094317.0,100,47
19094370.0,104,46
19094423.0,104,43
19094433.0,103,76
19094441.0,97,51
19094512.0,96,55
19094585.0,99,51
19094587.0,108,48
19094594.0,109,49
19094619.0,97,52
19094653.0,102,45
19094930.0,97,51
19095002.0,107,46
19095023.0,100,55
19095120.0,105,50
19095173.0,108,50
19095186.0,110,50
19095243.0,99,49
19095282.0,104,49
19095360.0,107,54
19095371.0,107,47
19095390.0,102,47
19095433.0,96,48
19095516.0,107,50
19095542.0,56,58
19095651.0,106,55
19095715.0,99,48
19095730.0,103,46
19095740.0,110,49
19095751.0,106,48
19095771.0,97,50
19095791.0,103,48
19095814.0,108,46
19095860.0,107,69
19095862.0,107,51
19095934.0,105,47
19095938.0,107,50
19095997.0,105,43
19096006.0,106,45
19096045.0,106,52
19096047.0,106,47
19096275.0,94,48
19096297.0,105,49
19096479.0,106,66
19096481.0,98,50
19096506.0,106,51
19096561.0,103,45
19096614.0,101,69
19096725.0,105,46
19096746.0,95,47
19096776.0,94,49
19096791.0,97,66
19096846.0,96,48
19096928.0,102,48
19096939.0,104,44
19097017.0,104,49
19097032.0,104,64
19097068.0,106,47
19097141.0,108,48
19097157.0,110,49
19097157.0,107,46
19097196.0,101,49
19097243.0,106,44
19097252.0,102,44
19097327.0,106,43
19097339.0,96,49
19097374.0,104,49
19097470.0,96,58
19097584.0,107,49
19097589.0,104,65
19097598.0,108,48
19097601.0,102,62
19097639.0,94,48
19097695.0,104,48
19097859.0,94,49
19097882.0,104,50
19097957.0,103,45
19097962.0,102,50
19097998.0,83,105
19098008.0,102,69
19098010.0,94,50
19098096.0,95,57
19098169.0,94,51
19098244.0,106,50
19098262.0,101,45
19098275.0,95,54
19098294.0,100,49
19098296.0,102,46
19098327.0,108,52
19098351.0,105,56
19098366.0,101,44
19098384.0,103,50
19098419.0,105,52
19098487.0,103,63
19098527.0,95,56
19098568.0,108,46
19098688.0,94,54
19098754.0,101,48
19098900.0,97,58
19098915.0,108,49
19098987.0,107,53
19098997.0,108,47
19099129.0,103,43
19099153.0,102,47
19099231.0,99,47
19099242.0,105,48
19099266.0,103,60
19099409.0,107,45
19099566.0,94,49
19099747.0,94,52
19099785.0,97,72
19099824.0,96,50
19099889.0,102,45
19099900.0,94,55
19099924.0,106,46
19099962.0,100,45
19099979.0,104,73
19100078.0,104,52
19100255.0,102,46
19100387.0,107,48
19100401.0,104,43
19100411.0,95,48
19100425.0,108,46
19100486.0,94,50
19100490.0,96,59
19100519.0,104,47
19100531.0,108,49
19100569.0,98,59
19100654.0,109,46
19100680.0,95,59
19100723.0,97,51
19100771.0,108,52
19100844.0,97,52
19100864.0,96,52
19100917.0,94,53
19101019.0,105,51
19101085.0,98,50
19101098.0,108,72
19101111.0,94,56
19101173.0,109,46
19101177.0,106,50
19101193.0,58,48
19101282.0,105,66
19101324.0,97,61
19101343.0,107,73
19101432.0,109,50
19101486.0,100,50
19101495.0,96,64
19101577.0,97,73
19101613.0,107,50
19101642.0,99,46
19101650.0,105,54
19101706.0,103,46
19101714.0,102,46
19101730.0,103,62
19101780.0,107,73
19101894.0,90,88
19101915.0,97,64
19101935.0,105,55
19101950.0,105,52
19101954.0,94,51
19102142.0,103,45
19102240.0,98,49
19102253.0,107,53
19102298.0,103,61
19102317.0,105,44
19102373.0,104,46
19102385.0,103,49
19102459.0,93,49
19102478.0,110,47
19102489.0,104,57
19102490.0,100,44
19102544.0,107,72
19102590.0,100,49
19102679.0,105,43
19102701.0,105,47
19102711.0,110,47
19102715.0,108,51
19102735.0,95,57
19102835.0,98,48
19103093.0,106,47
19103259.0,101,43
19103349.0,106,49
19103417.0,93,49
19103548.0,107,71
19103595.0,103,48
19103637.0,97,50
19103687.0,106,45
19103735.0,101,48
19103756.0,107,45
19103803.0,94,55
19103815.0,89,91
19103960.0,106,46
19104073.0,102,43
19104214.0,94,56
19104228.0,94,48
19104232.0,103,50
19104249.0,105,50
19104259.0,95,49
19104287.0,93,50
19104352.0,104,45
19104397.0,95,55
19104451.0,99,45
19104556.0,94,53
19104564.0,94,57
19104670.0,95,56
19104694.0,109,50
19104695.0,104,48
19104790.0,93,51
19104841.0,106,51
19104930.0,106,48
19104947.0,105,48
19104947.0,108,51
19105018.0,100,43
19105087.0,107,49
19105099.0,99,49
19105100.0,107,47
19105210.0,108,45
19105256.0,95,50
19105334.0,100,45
19105340.0,102,50
19105340.0,107,46
19105372.0,98,62
19105397.0,100,48
19105457.0,98,47
19105469.0,105,46
19105567.0,104,56
19105640.0,107,52
19105657.0,100,48
19105674.0,101,45
19105701.0,102,45
19105704.0,101,50
19105726.0,103,43
19105784.0,96,52
19105902.0,101,45
19105923.0,101,46
19106080.0,93,50
19106114.0,93,52
19106192.0,100,48
19106239.0,106,53
19106251.0,97,50
19106253.0,94,48
19106295.0,96,53
19106337.0,100,50
19106370.0,103,47
19106400.0,106,48
19106490.0,103,63
19106491.0,103,52
19106559.0,99,44
19106581.0,93,53
19106589.0,106,50
19106612.0,81,114
19106624.0,93,54
19106648.0,104,57
19106696.0,101,45
19106708.0,100,43
19106774.0,95,51
19106812.0,98,46
19106816.0,95,59
19106931.0,104,51
19107002.0,101,46
19107034.0,97,49
19107074.0,96,60
19107082.0,103,49
19107114.0,100,60
19107115.0,92,49
19107140.0,100,47
19107209.0,105,50
19107295.0,104,43
19107310.0,103,45
19107357.0,100,48
19107465.0,94,49
19107540.0,95,50
19107663.0,99,50
19107677.0,106,47
19107678.0,93,54
19107742.0,97,48
19107759.0,102,49
19107775.0,104,44
19107810.0,101,44
19107831.0,104,52
19107893.0,104,47
19107979.0,100,48
19108012.0,94,58
19108093.0,101,68
19108112.0,105,54
19108116.0,104,48
19108142.0,101,43
19108327.0,105,51
19108374.0,100,49
19108377.0,102,43
19108384.0,101,47
19108427.0,105,45
19108447.0,103,46
19108450.0,95,52
19108461.0,94,59
19108469.0,101,45
19108590.0,98,45
19108634.0,93,48
19108655.0,92,50
19108672.0,93,53
19108690.0,92,48
19108838.0,95,58
19108878.0,99,49
19108900.0,105,49
19108919.0,91,85
19108961.0,94,49
19108987.0,107,49
19109155.0,100,46
19109160.0,106,45
19109228.0,93,52
19109264.0,93,51
19109293.0,92,49
19109366.0,104,51
19109375.0,96,51
19109511.0,107,51
19109533.0,97,52
19109588.0,104,47
19109605.0,106,50
19109621.0,103,49
19109698.0,97,78
19109732.0,106,46
19109744.0,107,48
19109811.0,103,45
19109836.0,101,45
19109916.0,102,48
19109971.0,99,45
19109974.0,98,57
19110011.0,92,50
19110086.0,105,48
19110160.0,108,49
19110267.0,95,53
19110300.0,103,65
19110339.0,106,47
19110346.0,101,44
19110353.0,104,55
19110461.0,102,50
19110470.0,104,46
19110499.0,104,52
19110608.0,100,47
19110637.0,96,53
19110660.0,102,65
19110708.0,97,47
19110725.0,103,44
19110780.0,103,52
19110823.0,92,50
19110846.0,100,45
19110851.0,96,50
19110865.0,98,46
19110893.0,101,51
19110954.0,94,50
19111003.0,102,50
19111020.0,103,48
19111045.0,106,46
19111055.0,92,51
19111089.0,93,56
19111105.0,93,54
19111118.0,98,56
19111189.0,99,48
19111279.0,105,53
19111280.0,100,46
19111342.0,106,49
19111489.0,107,52
19111562.0,107,48
19111608.0,99,44
19111636.0,108,49
19111644.0,105,45
19111724.0,97,45
19111789.0,101,50
19111822.0,103,43
19111835.0,102,47
19111838.0,86,91
19111842.0,95,54
19111864.0,93,49
19111919.0,106,52
19111961.0,94,51
19111975.0,107,52
19111986.0,94,55
19112111.0,98,44
19112157.0,97,49
19112240.0,100,43
19112269.0,105,50
19112293.0,96,49
19112316.0,97,46
19112390.0,105,48
19112441.0,102,63
19112508.0,104,54
19112521.0,102,46
19112523.0,92,53
19112532.0,92,52
19112651.0,98,45
19112707.0,101,51
19112710.0,107,52
19112849.0,100,44
19112905.0,102,49
19113006.0,103,44
19113141.0,103,58
19113195.0,104,45
19113207.0,92,48
19113296.0,103,44
19113320.0,103,48
19113375.0,104,51
19113413.0,105,45
19113502.0,107,50
19113513.0,88,73
19113535.0,94,57
19113559.0,104,58
19113590.0,100,46
19113608.0,96,48
19113660.0,94,52
19113712.0,105,53
19113722.0,100,45
19113788.0,102,45
19113797.0,97,45
19113811.0,93,53
19113830.0,101,43
19113864.0,93,56
19113886.0,95,52
19113912.0,98,50
19113916.0,99,48
19113947.0,94,56
19113989.0,101,49
19114020.0,103,51
19114065.0,92,51
19114080.0,105,50
19114160.0,101,44
19114267.0,101,48
19114270.0,99,46
19114294.0,104,55
19114339.0,103,60
19114341.0,105,47
19114396.0,92,52
19114397.0,91,50
19114436.0,102,49
19114450.0,103,46
19114483.0,104,49
19114501.0,92,53
19114693.0,96,52
19114743.0,106,51
19114825.0,105,45
19114861.0,103,47
19114868.0,91,49
19114887.0,97,46
19114913.0,106,48
19114966.0,102,52
19115115.0,96,49
19115122.0,94,52
19115155.0,92,55
19115157.0,102,48
19115187.0,92,49
19115195.0,91,50
19115213.0,95,53
19115218.0,98,49
19115284.0,103,52
19115341.0,107,48
19115389.0,96,51
19115423.0,107,49
19115427.0,97,45
19115513.0,92,54
19115638.0,99,47
19115673.0,93,49
19115701.0,103,71
19115746.0,96,48
19115755.0,105,46
19115783.0,98,48
19115844.0,102,48
19115934.0,101,48
19115937.0,102,43
19115944.0,102,44
19115947.0,95,60
19115980.0,96,80
19116046.0,100,44
19116135.0,93,55
19116143.0,96,47
19116168.0,102,72
19116188.0,104,51
19116192.0,93,49
19116202.0,94,53
19116205.0,99,45
19116232.0,93,58
19116334.0,93,50
19116354.0,101,47
19116356.0,99,43
19116395.0,95,50
19116438.0,105,49
19116448.0,106,49
19116550.0,107,49
19116571.0,104,67
19116591.0,100,51
19116599.0,97,44
19116604.0,99,46
19116621.0,103,46
19116730.0,104,66
19116801.0,95,51
19116816.0,93,49
19116907.0,96,62
19116920.0,103,56
19116958.0,95,53
19116992.0,92,49
19117005.0,103,66
19117080.0,103,58
19117146.0,103,50
19117153.0,98,50
19117160.0,95,52
19117261.0,91,49
19117323.0,107,50
19117329.0,103,45
19117343.0,99,44
19117397.0,94,60
19117411.0,104,48
19117457.0,103,55
19117473.0,103,50
19117478.0,107,52
19117549.0,101,46
19117622.0,106,53
19117732.0,91,52
19117803.0,95,50
19117877.0,99,46
19117939.0,105,49
19117997.0,107,50
19118037.0,96,46
19118043.0,103,50
19118080.0,93,51
19118111.0,104,47
19118158.0,105,52
19118178.0,100,50
19118209.0,92,54
19118223.0,90,50
19118237.0,94,51
19118255.0,104,50
19118296.0,101,50
19118360.0,95,49
19118433.0,103,50
19118471.0,107,48
19118504.0,98,46
19118673.0,101,49
19118704.0,93,59
19118783.0,99,45
19118799.0,102,47
19118839.0,106,50
19118847.0,107,50
19118889.0,95,63
19118939.0,101,70
19118951.0,92,50
19119033.0,98,71
19119061.0,101,45
19119091.0,98,49
19119135.0,95,49
19119158.0,96,45
19119167.0,104,53
19119201.0,93,52
19119387.0,92,55
19119480.0,96,68
19119500.0,96,64
19119535.0,93,57
19119538.0,100,49
19119874.0,94,53
19119895.0,98,45
19119928.0,95,51
19119931.0,94,52
19119962.0,104,50
19119968.0,100,70
19120089.0,91,51
19120113.0,103,52
19120146.0,91,49
19120182.0,103,45
19120223.0,102,48
19120235.0,102,46
19120237.0,101,44
19120258.0,103,49
19120269.0,91,49
19120308.0,99,44
19120351.0,91,52
19120360.0,95,52
19120379.0,95,48
19120423.0,104,46
19120427.0,96,44
19120429.0,102,51
19120454.0,92,57
19120462.0,91,53
19120464.0,97,48
19120465.0,101,48
19120549.0,94,58
19120599.0,93,52
19120611.0,95,54
19120655.0,97,50
19120662.0,97,49
19120778.0,97,48
19120820.0,98,49
19120842.0,103,51
19120920.0,96,65
19120930.0,92,50
19121005.0,100,48
19121041.0,101,61
19121053.0,105,51
19121109.0,91,55
19121128.0,104,65
19121156.0,97,44
19121166.0,106,49
19121175.0,101,49
19121241.0,96,66
19121340.0,101,52
19121356.0,91,54
19121360.0,94,52
19121422.0,95,47
19121516.0,103,48
19121542.0,90,51
19121651.0,106,48
19121693.0,102,63
19121735.0,100,69
19121754.0,95,50
19121758.0,93,53
19121830.0,99,51
19121833.0,98,46
19121853.0,104,49
19121881.0,102,63
19121901.0,102,64
19121927.0,103,56
19121937.0,98,44
19121938.0,101,43
19121957.0,92,56
19122018.0,95,58
19122038.0,92,55
19122082.0,100,50
19122154.0,92,51
19122163.0,97,48
19122172.0,96,44
19122189.0,102,52
19122272.0,94,51
19122299.0,99,44
19122441.0,97,49
19122449.0,93,56
19122790.0,102,50
19122791.0,93,53
19122806.0,111,50
19122900.0,103,73
19122959.0,101,48
19122967.0,106,49
19122989.0,103,54
19123014.0,95,49
19123035.0,91,50
19123117.0,90,52
19123169.0,95,46
19123236.0,101,64
19123268.0,91,49
19123355.0,104,52
19123446.0,106,49
19123489.0,105,51
19123526.0,100,47
19123576.0,98,47
19123594.0,103,51
19123613.0,94,50
19123636.0,102,65
19123644.0,91,49
19123686.0,99,51
19123739.0,97,46
19123746.0,95,71
19123753.0,110,51
19123753.0,98,45
19123760.0,99,45
19123827.0,97,50
19123847.0,98,48
19123848.0,103,45
19123909.0,94,48
19123916.0,92,51
19123934.0,96,61
19123994.0,104,48
19124003.0,102,50
19124039.0,99,43
19124044.0,97,47
19124074.0,96,60
19124132.0,103,50
19124184.0,91,52
19124193.0,94,49
19124240.0,97,49
19124242.0,92,57
19124288.0,105,50
19124296.0,100,46
19124327.0,95,45
19124330.0,90,52
19124347.0,99,49
19124357.0,103,47
19124380.0,95,66
19124449.0,100,43
19124460.0,100,45
19124471.0,91,56
19124508.0,95,64
19124536.0,95,47
19124562.0,102,58
19124626.0,106,48
19124661.0,99,49
19124664.0,98,44
19124756.0,91,53
19124779.0,101,47
19124831.0,104,48
19124858.0,93,58
19125052.0,100,49
19125088.0,100,45
19125102.0,103,46
19125130.0,97,44
19125132.0,100,50
19125167.0,106,52
19125206.0,102,45
19125334.0,89,51
19125349.0,94,51
19125369.0,103,45
19125448.0,99,49
19125484.0,94,48
19125493.0,99,50
19125527.0,104,52
19125545.0,97,45
19125556.0,100,44
19125601.0,90,53
19125629.0,92,52
19125660.0,102,56
19125693.0,102,49
19125786.0,94,49
19125895.0,100,45
19126096.0,103,53
19126166.0,56,50
19126179.0,89,51
19126191.0,93,59
19126198.0,95,44
19126220.0,93,51
19126245.0,91,51
19126385.0,90,50
