timestamp,x,y
22345850.0,121,62
22345902.0,105,65
22345910.0,115,69
22345922.0,108,85
22345936.0,112,70
22345995.0,112,71
22346003.0,114,61
22346170.0,117,60
22346173.0,97,80
22346247.0,116,59
22346303.0,110,60
22346556.0,118,67
22346569.0,107,62
22346650.0,110,59
22346666.0,95,82
22346697.0,117,66
22346814.0,119,58
22346862.0,108,63
22346988.0,95,80
22347006.0,96,80
22347032.0,120,62
22347135.0,117,61
22347319.0,114,69
22347436.0,109,60
22347453.0,120,61
22347456.0,34,111
22347537.0,97,79
22347623.0,109,80
22347653.0,120,63
22347694.0,119,66
22347741.0,106,66
22347765.0,74,68
22347820.0,104,68
22347852.0,116,59
22347861.0,111,71
22347862.0,111,58
22348024.0,107,63
22348094.0,120,59
22348197.0,115,68
22348260.0,119,57
22348334.0,106,63
22348481.0,119,57
22348504.0,110,59
22348583.0,114,58
22348585.0,109,82
22348720.0,110,79
22348799.0,121,61
22348870.0,110,73
22348901.0,110,80
22348931.0,109,81
22349016.0,114,60
22349026.0,119,65
22349030.0,120,57
22349044.0,120,62
22349058.0,113,60
22349094.0,110,79
22349127.0,112,70
22349153.0,106,87
22349173.0,117,58
22349240.0,108,60
22349320.0,93,84
22349328.0,113,60
22349354.0,108,61
22349396.0,111,73
22349510.0,117,67
22349598.0,119,62
22349604.0,74,69
22349618.0,109,73
22349746.0,113,59
22349850.0,109,77
22349860.0,112,60
22349870.0,111,69
22349978.0,107,62
22350037.0,108,60
22350053.0,114,59
22350120.0,109,66
22350208.0,94,83
22350232.0,118,57
22350257.0,110,72
22350333.0,111,58
22350356.0,109,59
22350393.0,113,58
22350578.0,95,84
22350579.0,95,81
22350595.0,118,67
22350634.0,111,72
22350639.0,107,61
22350718.0,107,88
22350936.0,118,66
22350999.0,120,61
22351060.0,91,93
22351090.0,119,65
22351430.0,104,66
22351456.0,96,83
22351463.0,98,76
22351498.0,112,71
22351508.0,116,67
22351583.0,112,70
22351614.0,115,59
22351670.0,118,66
22351678.0,119,57
22351946.0,111,57
22352010.0,95,85
22352036.0,114,57
22352038.0,109,76
22352050.0,114,68
22352196.0,112,69
22352210.0,110,58
22352278.0,109,60
22352325.0,95,83
22352418.0,109,59
22352452.0,114,59
22352571.0,116,58
22352804.0,119,62
22353065.0,113,58
22353139.0,117,58
22353273.0,110,79
22353385.0,120,58
22353484.0,111,57
22353552.0,117,57
22353806.0,119,59
22353879.0,111,60
22353911.0,113,58
22353965.0,108,59
22353984.0,109,73
22354018.0,94,84
22354053.0,98,80
22354054.0,102,71
22354132.0,108,71
22354200.0,105,63
22354333.0,116,58
22354388.0,119,63
22354423.0,98,92
22354521.0,120,57
22354522.0,110,58
22354633.0,118,57
22354738.0,118,56
22354846.0,112,59
22355047.0,118,65
22355101.0,109,72
22355233.0,37,92
22355244.0,109,81
22355291.0,74,76
22355349.0,117,57
22355462.0,109,58
22355614.0,119,62
22355649.0,106,61
22355749.0,119,65
22355750.0,107,60
22355823.0,93,93
22355863.0,103,81
22355903.0,118,65
22355918.0,106,68
22356031.0,108,59
22356184.0,92,93
22356383.0,116,66
22356404.0,109,80
22356511.0,114,67
22356537.0,96,79
22356596.0,119,58
22356602.0,113,67
22356610.0,111,68
22356646.0,110,57
22356648.0,83,106
22356660.0,111,58
22356680.0,110,82
22356696.0,109,58
22356773.0,119,61
22356780.0,113,59
22356804.0,111,59
22356807.0,90,83
22356967.0,103,79
22356973.0,116,57
22357008.0,112,59
22357162.0,116,62
22357207.0,105,62
22357238.0,119,60
22357246.0,119,64
22357275.0,120,57
22357293.0,107,85
22357387.0,113,68
22357507.0,110,57
22357566.0,107,59
22357633.0,107,65
22357647.0,109,73
22357761.0,119,62
22357806.0,108,73
22357812.0,110,78
22357839.0,111,56
22357849.0,119,63
22358007.0,105,87
22358022.0,110,70
22358023.0,116,61
22358059.0,118,61
22358081.0,108,60
22358306.0,118,64
22358375.0,117,65
22358486.0,119,58
22358525.0,118,66
22358629.0,117,66
22358670.0,104,66
22358777.0,106,61
22358819.0,114,58
22358867.0,117,56
22358893.0,119,60
22358918.0,112,58
22358980.0,109,57
22359064.0,118,64
22359093.0,119,61
22359109.0,119,59
22359214.0,95,80
22359245.0,106,65
22359290.0,107,62
22359298.0,111,70
22359332.0,116,71
22359350.0,113,67
22359407.0,116,67
22359475.0,110,71
22359530.0,74,75
22359549.0,105,64
22359744.0,106,60
22359875.0,119,57
22359965.0,115,57
22359996.0,117,65
22360002.0,108,58
22360051.0,110,56
22360079.0,109,57
22360449.0,108,59
22360460.0,111,56
22360461.0,107,59
22360570.0,112,60
22360594.0,116,57
22360648.0,119,59
22360652.0,105,61
22360661.0,119,60
22360695.0,109,80
22360761.0,112,55
22360922.0,104,63
22360969.0,35,105
22360983.0,104,81
22361010.0,83,107
22361067.0,111,55
22361182.0,118,65
22361300.0,116,56
22361313.0,109,71
22361340.0,108,58
22361373.0,110,56
22361401.0,110,72
22361500.0,116,60
22361551.0,115,58
22361582.0,118,58
22361638.0,119,57
22361650.0,110,67
22361665.0,34,104
22361681.0,35,105
22361732.0,107,60
22361753.0,113,56
22361783.0,110,70
22361874.0,95,82
22362138.0,111,59
22362176.0,115,57
22362302.0,106,59
22362338.0,118,55
22362367.0,116,65
22362369.0,114,66
22362424.0,35,105
22362426.0,111,58
22362483.0,34,104
22362498.0,108,81
22362498.0,118,60
22362507.0,118,62
22362588.0,109,72
22362590.0,110,69
22362718.0,96,77
22362786.0,114,57
22362938.0,111,55
22362982.0,114,57
22363005.0,119,56
22363079.0,106,60
22363138.0,108,57
22363163.0,112,58
22363261.0,105,62
22363322.0,116,64
22363545.0,111,67
22363553.0,109,82
22363567.0,107,82
22363591.0,108,72
22363617.0,107,58
22363641.0,110,70
22363798.0,117,55
22363884.0,109,81
22363968.0,109,56
22363975.0,106,59
22364063.0,118,57
22364137.0,118,63
22364139.0,104,62
22364375.0,108,57
22364410.0,110,55
22364449.0,115,65
22364462.0,110,73
22364498.0,118,62
22364539.0,111,54
22364540.0,116,55
22364670.0,28,79
22364900.0,105,63
22364987.0,107,83
22364988.0,117,64
22365023.0,109,77
22365026.0,108,71
22365035.0,109,71
22365045.0,111,58
22365072.0,110,58
22365111.0,105,60
22365159.0,115,60
22365244.0,118,61
22365327.0,104,63
22365327.0,27,78
22365377.0,106,63
22365461.0,113,57
22365533.0,107,57
22365537.0,109,77
22365769.0,118,60
22365776.0,117,60
22365798.0,28,79
22365809.0,111,57
22365900.0,110,55
22366055.0,110,68
22366114.0,97,87
22366117.0,107,57
22366128.0,112,61
22366211.0,112,59
22366214.0,109,70
22366240.0,116,59
22366367.0,110,57
22366391.0,115,56
22366439.0,111,54
22366532.0,116,59
22366579.0,103,79
22366774.0,108,56
22366847.0,118,56
22366914.0,116,55
22366915.0,106,58
22366942.0,104,61
22366960.0,96,81
22367003.0,107,59
22367012.0,95,93
22367032.0,116,64
22367055.0,114,56
22367101.0,118,59
22367129.0,118,54
22367134.0,95,79
22367260.0,109,55
22367318.0,117,65
22367359.0,117,54
22367379.0,116,54
22367409.0,109,76
22367468.0,44,117
22367771.0,111,56
22367855.0,108,56
22367862.0,117,63
22367871.0,115,60
22367871.0,108,71
22367940.0,118,58
22367963.0,115,55
22368385.0,107,57
22368416.0,110,54
22368453.0,118,62
22368471.0,106,58
22368501.0,110,58
22368539.0,105,59
22368614.0,118,55
22368646.0,112,55
22368649.0,116,54
22368727.0,96,79
22368745.0,113,66
22368747.0,115,55
22368777.0,109,55
22368790.0,102,66
22368903.0,94,79
22368989.0,118,56
22369019.0,109,58
22369027.0,111,58
22369057.0,117,59
22369130.0,109,71
22369202.0,114,56
22369268.0,107,58
22369293.0,108,70
22369376.0,44,111
22369391.0,93,91
22369408.0,118,55
22369463.0,109,69
22369470.0,107,69
22369554.0,108,73
22369556.0,117,62
22369557.0,118,61
22369686.0,113,65
22369941.0,117,57
22370022.0,108,79
22370048.0,102,77
22370059.0,113,57
22370127.0,113,56
22370149.0,107,56
22370237.0,92,90
22370304.0,110,57
22370306.0,111,55
22370362.0,110,58
22370426.0,102,79
22370430.0,106,57
22370441.0,109,79
22370570.0,106,77
22370694.0,114,55
22370849.0,97,76
22370943.0,108,55
22371065.0,109,68
22371084.0,117,62
22371124.0,111,59
22371146.0,115,54
22371193.0,117,56
22371216.0,109,54
22371219.0,111,66
22371259.0,116,63
22371267.0,106,59
22371299.0,110,60
22371383.0,102,78
22371472.0,111,57
22371523.0,110,53
22371620.0,104,60
22371761.0,111,67
22371838.0,40,111
22371858.0,105,59
22371890.0,110,57
22371912.0,107,56
22372043.0,109,55
22372062.0,111,54
22372103.0,114,64
22372103.0,44,125
22372248.0,106,57
22372267.0,106,83
22372314.0,117,61
22372368.0,115,59
22372550.0,112,62
22372555.0,98,75
22372687.0,116,53
22372709.0,110,69
22372714.0,110,57
22372724.0,105,58
22372895.0,114,61
22372951.0,110,56
22372956.0,117,55
22372990.0,117,61
22373047.0,96,77
22373054.0,117,60
22373096.0,110,53
22373101.0,117,59
22373135.0,96,78
22373148.0,108,76
22373282.0,118,60
22373335.0,110,55
22373408.0,95,77
22373429.0,109,57
22373433.0,96,77
22373482.0,111,57
22373495.0,110,67
22373573.0,107,55
22373701.0,108,58
22373833.0,117,58
22373888.0,114,54
22373891.0,109,58
22373908.0,108,55
22374005.0,114,59
22374024.0,110,59
22374061.0,117,53
22374088.0,115,64
22374092.0,97,75
22374122.0,115,54
22374126.0,104,59
22374127.0,113,56
22374227.0,115,53
22374257.0,107,56
22374360.0,109,54
22374373.0,117,56
22374387.0,109,75
22374408.0,107,55
22374439.0,108,54
22374489.0,115,54
22374517.0,108,58
22374527.0,111,66
22374542.0,117,60
22374577.0,116,62
22374617.0,110,66
22374660.0,110,68
22374687.0,105,57
22374737.0,44,106
22374787.0,107,71
22374857.0,115,63
22374908.0,109,67
22374944.0,106,56
22375079.0,114,54
22375162.0,115,54
22375287.0,117,57
22375332.0,117,59
22375406.0,117,54
22375422.0,116,60
22375435.0,103,60
22375505.0,109,57
22375524.0,101,67
22375551.0,115,54
22375574.0,109,55
22375586.0,109,53
22375657.0,104,69
22375660.0,111,65
22375688.0,110,57
22375689.0,105,60
22375725.0,113,55
22375758.0,110,55
22375783.0,110,69
22375824.0,118,57
22375838.0,109,66
22375839.0,116,62
22375855.0,114,58
22375861.0,93,82
22375869.0,104,58
22375877.0,117,58
22375969.0,101,82
22376060.0,108,71
22376217.0,101,66
22376252.0,104,61
22376280.0,101,82
22376373.0,108,58
22376540.0,109,56
22376547.0,108,54
22376573.0,117,53
22376758.0,101,82
22376763.0,114,53
22376938.0,107,82
22376995.0,109,57
22377008.0,105,57
22377033.0,109,56
22377065.0,113,54
22377094.0,104,62
22377242.0,116,58
22377315.0,108,53
22377404.0,108,57
22377419.0,108,70
22377588.0,109,56
22377705.0,110,54
22377715.0,107,54
22377736.0,110,56
22377746.0,116,61
22377775.0,109,56
22377897.0,102,65
22378059.0,107,81
22378297.0,109,70
22378362.0,105,58
22378428.0,115,62
22378438.0,106,55
22378439.0,111,65
22378448.0,108,53
22378453.0,107,77
22378464.0,108,69
22378568.0,115,53
22378739.0,110,56
22378880.0,105,56
22378960.0,107,80
22379157.0,109,66
22379183.0,104,57
22379217.0,108,68
22379282.0,93,79
22379359.0,111,55
22379368.0,109,52
22379395.0,95,78
22379413.0,115,52
22379465.0,116,60
22379470.0,104,59
22379574.0,116,54
22379656.0,114,52
22379705.0,116,52
22379719.0,107,69
22379801.0,101,72
22379839.0,105,57
22379966.0,105,56
22379982.0,114,53
22379987.0,109,69
22379989.0,103,59
22380008.0,107,54
22380020.0,116,54
22380072.0,113,53
22380074.0,35,108
22380248.0,83,81
22380308.0,109,54
22380342.0,112,64
22380351.0,106,55
22380353.0,104,60
22380388.0,116,61
22380458.0,104,57
22380495.0,83,81
22380505.0,109,55
22380520.0,113,54
22380561.0,109,68
22380567.0,108,57
22380586.0,113,63
22380593.0,110,66
22380594.0,117,54
22380667.0,116,60
22380697.0,103,60
22380705.0,116,59
22380876.0,102,62
22380883.0,114,62
22380897.0,116,56
22380932.0,111,64
22380956.0,117,62
22381014.0,109,56
22381096.0,108,79
22381238.0,107,57
22381321.0,116,55
22381322.0,108,52
22381324.0,115,61
22381370.0,106,68
22381378.0,116,53
22381429.0,104,58
22381493.0,108,55
22381502.0,107,53
22381538.0,107,70
22381539.0,110,55
22381552.0,111,55
22381700.0,110,65
22381713.0,108,77
22381747.0,116,53
22381797.0,116,52
22381798.0,110,70
22381836.0,112,63
22381848.0,105,67
22381963.0,117,57
22382074.0,109,74
22382086.0,101,63
22382096.0,105,55
22382106.0,114,62
22382174.0,106,54
22382177.0,115,61
22382264.0,116,58
22382302.0,23,106
22382389.0,108,78
22382499.0,109,56
22382527.0,103,58
22382564.0,109,65
22382633.0,109,53
22382772.0,102,74
22382791.0,107,53
22382810.0,108,76
22382878.0,106,54
22382905.0,109,67
22382908.0,115,54
22382957.0,116,56
22382988.0,108,69
22383082.0,109,52
22383184.0,111,64
22383202.0,105,55
22383215.0,107,78
22383324.0,104,56
22383492.0,101,78
22383504.0,108,57
22383518.0,116,59
22383534.0,111,64
22383629.0,114,55
22383786.0,109,55
22383945.0,107,69
22383982.0,110,64
22384084.0,107,56
22384094.0,108,55
22384098.0,115,62
22384129.0,104,56
22384139.0,113,61
22384155.0,102,59
22384213.0,115,53
22384353.0,107,52
22384508.0,103,57
22384679.0,114,61
22384691.0,35,121
22384802.0,109,55
22384851.0,116,57
22384852.0,102,77
22384902.0,115,53
22384948.0,112,53
22385025.0,108,54
22385139.0,106,53
22385154.0,115,58
22385155.0,112,53
22385202.0,111,63
22385321.0,43,117
22385397.0,105,54
22385532.0,35,121
22385558.0,113,51
22385571.0,115,59
22385576.0,94,92
22385695.0,113,62
22385748.0,110,55
22385749.0,114,61
22385753.0,114,51
22385788.0,103,59
22385896.0,109,55
22385936.0,108,56
22385965.0,95,77
22386350.0,111,53
22386412.0,104,55
22386505.0,115,55
22386535.0,107,52
22386611.0,100,68
22386653.0,93,92
22386817.0,115,59
22386825.0,107,55
22386844.0,115,54
22386945.0,115,52
22386947.0,115,56
22386980.0,112,62
22386984.0,107,71
22386995.0,115,57
22387022.0,110,64
22387084.0,110,54
22387088.0,115,53
22387126.0,111,61
22387274.0,103,56
22387327.0,108,54
22387341.0,108,55
22387353.0,102,58
22387439.0,107,56
22387470.0,115,60
22387547.0,106,71
22387552.0,101,79
22387572.0,108,53
22387628.0,111,63
22387642.0,106,53
22387692.0,114,53
22387737.0,109,64
22387746.0,105,55
22387761.0,108,65
22387789.0,108,53
22387804.0,105,54
22387810.0,101,79
22387826.0,114,54
22387902.0,115,58
22387911.0,102,79
22387932.0,115,55
22387952.0,108,52
22388040.0,107,69
22388162.0,115,56
22388386.0,97,79
22388429.0,106,69
22388489.0,109,54
22388521.0,105,53
22388631.0,106,52
22388752.0,113,61
22388785.0,106,56
22388792.0,106,70
22388796.0,114,60
22388903.0,101,62
22388935.0,108,53
22389043.0,107,67
22389077.0,110,63
22389087.0,102,57
22389099.0,107,55
22389100.0,109,65
22389155.0,111,64
22389200.0,109,63
22389303.0,101,59
22389323.0,108,55
22389358.0,104,63
22389361.0,109,65
22389427.0,115,57
22389625.0,104,54
22389693.0,108,54
22389699.0,114,53
22389707.0,102,60
22389854.0,111,62
22389979.0,111,57
22389986.0,115,58
22390024.0,114,59
22390028.0,114,56
22390083.0,103,55
22390185.0,107,51
22390209.0,101,60
22390209.0,110,53
22390250.0,114,58
22390260.0,114,52
22390356.0,104,55
22390426.0,103,58
22390460.0,111,57
22390544.0,102,59
22390663.0,109,75
22390738.0,109,64
22390743.0,106,51
22390832.0,107,54
22390836.0,107,68
22390964.0,114,59
22391010.0,107,52
22391030.0,112,61
22391088.0,108,67
22391136.0,107,53
22391141.0,106,55
22391247.0,107,55
22391247.0,100,63
22391300.0,106,68
22391322.0,107,56
22391344.0,35,121
22391361.0,109,53
22391368.0,108,54
22391382.0,101,58
22391395.0,111,52
22391414.0,114,55
22391444.0,114,60
22391476.0,102,56
22391558.0,103,55
22391618.0,106,56
22391639.0,102,61
22391663.0,111,61
22391745.0,108,68
22391912.0,104,57
22391950.0,106,69
22391962.0,110,52
22392064.0,111,51
22392165.0,106,54
22392184.0,109,54
22392297.0,112,54
22392316.0,110,63
22392323.0,110,57
22392357.0,113,53
22392391.0,108,54
22392409.0,103,62
22392427.0,107,51
22392441.0,102,57
22392519.0,108,76
22392538.0,115,59
22392571.0,114,58
22392600.0,105,53
22392633.0,35,121
22392633.0,113,58
22392676.0,100,64
22392681.0,106,76
22392775.0,107,67
22392819.0,105,52
22392936.0,103,56
22392975.0,111,62
22393091.0,106,53
22393157.0,113,60
22393164.0,106,60
22393182.0,114,53
22393186.0,112,56
22393192.0,106,56
22393247.0,107,78
22393267.0,102,58
22393299.0,107,66
22393356.0,104,53
22393358.0,114,59
22393366.0,106,71
22393394.0,108,66
22393476.0,111,50
22393540.0,114,54
22393578.0,103,54
22393587.0,106,55
22393630.0,105,55
22393724.0,114,57
22393811.0,105,51
22394002.0,114,58
22394019.0,106,68
22394093.0,108,66
22394117.0,104,62
22394141.0,113,52
22394241.0,107,55
22394247.0,105,54
22394276.0,95,77
22394283.0,110,51
22394391.0,108,74
22394403.0,107,54
22394426.0,107,70
22394439.0,99,70
22394478.0,111,55
22394501.0,104,54
22394511.0,115,56
22394531.0,114,51
22394551.0,108,67
22394555.0,105,54
22394603.0,101,57
22394636.0,107,57
22394677.0,107,70
22394758.0,102,55
22394791.0,109,52
22394805.0,114,56
22394828.0,110,62
22394833.0,111,58
22394835.0,105,60
22394890.0,113,59
22394993.0,107,69
22395119.0,79,114
22395167.0,111,61
22395195.0,35,69
22395201.0,107,68
22395228.0,104,52
22395276.0,105,51
22395285.0,101,58
22395385.0,114,57
22395388.0,113,55
22395420.0,109,63
22395431.0,107,65
22395487.0,107,69
22395495.0,79,114
22395522.0,98,69
22395604.0,107,70
22395654.0,110,50
22395723.0,105,67
22395756.0,114,55
22395774.0,108,53
22395906.0,35,69
22396023.0,101,56
22396066.0,112,55
22396097.0,107,67
22396100.0,101,59
22396122.0,107,66
22396143.0,99,66
22396160.0,100,61
22396172.0,112,60
22396177.0,100,59
22396222.0,111,59
22396432.0,113,59
22396536.0,106,58
22396567.0,103,53
22396567.0,106,64
22396578.0,110,57
22396618.0,106,57
22396642.0,113,57
22396661.0,107,64
22396705.0,107,69
22397028.0,109,51
22397044.0,106,80
22397070.0,106,55
22397097.0,104,51
22397155.0,113,54
22397161.0,103,54
22397207.0,102,54
22397229.0,109,56
22397343.0,107,53
22397353.0,107,54
22397474.0,109,56
22397543.0,113,50
22397730.0,102,55
22397797.0,113,53
22397825.0,101,57
22397828.0,108,63
22397853.0,106,52
22397856.0,110,55
22397876.0,109,62
22397904.0,106,67
22398007.0,103,52
22398043.0,109,56
22398059.0,106,51
22398088.0,108,63
22398115.0,98,67
22398201.0,113,56
22398269.0,112,51
22398269.0,72,116
22398319.0,108,75
22398401.0,113,58
22398407.0,111,58
22398453.0,104,51
22398467.0,104,55
22398589.0,110,49
22398606.0,94,76
22398612.0,105,53
22398655.0,108,64
22398718.0,100,58
22398769.0,110,61
22398777.0,105,70
22398871.0,102,54
22399001.0,109,50
22399040.0,101,55
22399098.0,113,54
22399264.0,112,59
22399275.0,113,57
22399290.0,111,49
22399450.0,106,54
22399499.0,112,52
22399516.0,107,66
22399560.0,106,66
22399589.0,105,55
22399709.0,112,54
22399718.0,108,63
22399793.0,103,53
22399804.0,113,53
22399829.0,113,55
22399846.0,109,62
22399972.0,103,52
22400041.0,105,69
22400198.0,100,57
22400330.0,94,77
22400364.0,113,58
22400366.0,105,54
22400377.0,99,68
22400427.0,108,51
22400453.0,108,62
22400457.0,107,63
22400543.0,113,56
22400572.0,111,54
22400667.0,105,61
22400682.0,102,53
22400699.0,104,54
22400701.0,107,52
22400722.0,105,68
22400799.0,106,70
22400824.0,101,55
22400895.0,100,56
22400985.0,110,54
22401015.0,103,51
22401055.0,93,90
22401127.0,105,67
22401169.0,111,60
22401303.0,94,78
22401367.0,111,59
22401438.0,104,67
22401489.0,101,54
22401518.0,109,55
22401528.0,106,65
22401541.0,113,57
22401703.0,110,60
22401800.0,109,61
22401865.0,110,57
22401884.0,112,54
22401987.0,105,51
22402032.0,107,53
22402082.0,101,54
22402122.0,104,53
22402231.0,103,51
22402246.0,107,51
22402367.0,109,66
22402415.0,103,66
22402520.0,104,53
22402649.0,102,53
22402770.0,108,62
22402806.0,106,52
22402874.0,100,55
22402880.0,106,53
22402926.0,99,58
22402965.0,97,69
22402968.0,105,56
22403074.0,103,55
22403153.0,110,54
22403171.0,112,53
22403182.0,92,81
22403216.0,100,56
22403312.0,111,59
22403424.0,99,60
22403450.0,102,52
22403518.0,107,52
22403536.0,101,53
22403560.0,104,51
22403577.0,100,59
22403589.0,111,52
22403684.0,109,54
22403757.0,105,54
22403780.0,103,53
22403918.0,103,54
22403963.0,103,50
22404007.0,109,55
22404046.0,108,52
22404281.0,109,54
22404307.0,101,56
22404459.0,92,82
22404519.0,103,55
22404752.0,105,68
22404796.0,104,54
22404897.0,107,64
22404965.0,108,49
22405045.0,99,61
22405118.0,102,51
22405119.0,104,52
22405147.0,3,81
22405259.0,110,59
22405294.0,111,49
22405346.0,105,66
22405413.0,99,62
22405422.0,108,65
22405457.0,108,49
22405466.0,105,67
22405483.0,111,58
22405503.0,108,55
22405539.0,96,73
22405584.0,101,69
22405588.0,104,49
22405597.0,112,56
22405639.0,111,49
22405648.0,103,53
22405793.0,108,65
22405827.0,106,51
22405923.0,106,52
22405962.0,106,63
22405986.0,99,57
22406002.0,105,52
22406122.0,93,82
22406175.0,101,53
22406182.0,105,53
22406212.0,103,53
22406239.0,104,66
22406271.0,104,51
22406273.0,104,50
22406287.0,111,49
22406326.0,71,58
22406429.0,110,51
22406455.0,100,55
22406462.0,108,50
22406564.0,100,57
22406588.0,107,62
22406661.0,109,60
22406704.0,104,50
22406711.0,98,62
22406737.0,107,49
22406809.0,111,49
22406882.0,107,65
22406886.0,108,48
22406894.0,98,65
22406958.0,100,67
22407022.0,105,68
22407092.0,101,52
22407146.0,100,54
22407220.0,99,55
22407268.0,106,64
22407447.0,104,50
22407483.0,106,64
22407507.0,93,77
22407697.0,101,61
22407803.0,79,114
22407805.0,100,58
22407881.0,108,61
22407910.0,106,50
22407920.0,109,59
22407948.0,100,53
22407953.0,94,76
22408005.0,111,52
22408019.0,110,59
22408046.0,109,48
22408088.0,104,69
22408221.0,107,55
22408281.0,108,54
22408308.0,106,62
22408309.0,105,51
22408310.0,98,58
22408393.0,44,120
22408396.0,101,51
22408450.0,79,114
22408493.0,98,60
22408564.0,107,55
22408572.0,107,48
22408582.0,108,60
22408688.0,103,54
22408728.0,103,51
22408748.0,100,60
22408831.0,111,51
22408890.0,105,63
22408960.0,102,54
22409037.0,102,53
22409072.0,110,58
22409097.0,103,52
22409103.0,108,58
22409139.0,100,62
22409275.0,107,55
22409368.0,105,65
22409395.0,111,57
22409456.0,111,58
22409459.0,104,52
22409499.0,107,61
22409741.0,103,53
22409795.0,103,55
22409811.0,101,50
22409828.0,107,74
22409895.0,101,62
22409899.0,108,53
22409920.0,109,59
22409954.0,98,57
22410000.0,107,62
22410029.0,76,88
22410061.0,104,63
22410092.0,105,67
22410127.0,100,56
22410246.0,108,54
22410284.0,99,54
22410312.0,100,52
22410322.0,98,56
22410383.0,103,50
22410405.0,105,52
22410460.0,104,68
22410500.0,107,54
22410502.0,110,48
22410527.0,107,55
22410527.0,97,70
22410670.0,106,73
22410794.0,110,48
22410857.0,101,65
22410961.0,101,51
22411050.0,103,53
22411220.0,111,53
22411322.0,99,58
22411335.0,111,56
22411388.0,100,53
22411446.0,105,64
22411485.0,98,56
22411593.0,101,55
22411596.0,106,71
22411632.0,108,56
22411681.0,102,55
22411796.0,106,64
22411948.0,107,61
22411987.0,104,53
22412016.0,111,55
22412110.0,99,54
22412153.0,108,53
22412180.0,107,53
22412243.0,105,65
22412343.0,109,49
22412379.0,104,51
22412384.0,108,49
22412454.0,103,52
22412522.0,99,57
22412559.0,109,58
22412599.0,111,54
22412612.0,62,49
22412635.0,98,55
22412640.0,100,51
22412647.0,110,55
22412677.0,99,56
22412681.0,101,49
22412727.0,102,52
22412798.0,109,49
22412816.0,109,48
22412914.0,107,60
22412936.0,111,52
22412990.0,109,50
22413086.0,105,63
22413095.0,72,59
22413124.0,108,60
22413156.0,102,52
22413157.0,107,60
22413165.0,108,59
22413207.0,105,62
22413309.0,102,54
22413327.0,102,50
22413376.0,101,63
22413380.0,105,63
22413408.0,104,50
22413455.0,110,57
22413458.0,106,62
22413511.0,101,54
22413603.0,99,52
22413721.0,106,47
22413769.0,109,49
22413774.0,104,67
22413878.0,110,51
22413921.0,107,60
22413923.0,108,47
22414106.0,110,50
22414117.0,107,54
22414232.0,101,55
22414287.0,106,61
22414333.0,108,56
22414344.0,99,53
22414369.0,100,50
22414397.0,98,54
22414418.0,110,51
22414466.0,106,54
22414483.0,108,58
22414557.0,101,53
22414783.0,102,51
22414853.0,110,56
22414884.0,97,57
22415007.0,104,66
22415077.0,37,123
22415227.0,105,48
22415288.0,106,49
22415463.0,98,58
22415463.0,103,51
22415468.0,98,57
22415517.0,108,49
22415537.0,107,47
22415619.0,100,49
22415779.0,105,47
22415835.0,101,51
22415850.0,103,52
22415852.0,107,59
22415913.0,109,57
22415915.0,102,53
22415946.0,105,74
22415964.0,110,52
22416229.0,97,55
22416236.0,104,65
22416340.0,108,48
22416361.0,101,52
22416519.0,108,47
22416580.0,97,56
22416588.0,94,78
22416654.0,109,50
22416658.0,102,52
22416684.0,104,49
22416786.0,109,52
22416790.0,110,55
22416817.0,108,50
22416852.0,101,53
22416880.0,94,77
22416973.0,105,67
22417025.0,106,53
22417085.0,108,58
22417167.0,105,62
22417186.0,101,50
22417212.0,98,54
22417270.0,110,54
22417345.0,104,67
22417407.0,97,59
22417448.0,99,50
22417619.0,101,54
22417619.0,101,49
22417694.0,110,53
22417774.0,93,78
22417822.0,99,51
22417871.0,85,90
22417909.0,100,54
22418053.0,100,64
22418129.0,102,51
22418268.0,107,59
22418394.0,106,60
22418424.0,109,57
22418439.0,96,64
22418443.0,98,52
22418514.0,106,52
22418566.0,105,49
22418646.0,99,49
22418855.0,106,60
22418862.0,96,58
22418938.0,97,54
22418977.0,105,61
22418983.0,97,57
22419010.0,108,57
22419040.0,96,59
22419131.0,100,53
22419158.0,104,66
22419191.0,102,54
22419193.0,98,51
22419218.0,101,53
22419244.0,109,56
22419482.0,106,53
22419603.0,109,56
22419740.0,106,59
22419856.0,98,60
22419913.0,107,58
22419920.0,100,54
22419960.0,98,55
22420007.0,104,49
22420074.0,96,56
22420077.0,109,55
22420120.0,100,49
22420165.0,96,57
22420196.0,107,48
22420362.0,100,52
22420376.0,97,53
22420467.0,106,52
22420476.0,103,66
22420536.0,36,117
22420621.0,36,116
22420687.0,105,71
22420742.0,101,52
22420750.0,35,116
22420780.0,35,117
22420796.0,100,50
22420839.0,103,53
22420860.0,96,60
22420929.0,108,50
22420934.0,107,54
22420940.0,97,54
22420994.0,102,66
22421012.0,98,50
22421029.0,105,53
22421059.0,103,53
22421062.0,107,47
22421077.0,94,89
22421121.0,94,91
22421139.0,93,91
22421155.0,106,55
22421202.0,100,53
22421214.0,55,55
22421261.0,97,55
22421307.0,99,54
22421356.0,108,52
22421398.0,95,91
22421405.0,104,62
22421486.0,109,56
22421494.0,106,59
22421527.0,97,52
22421545.0,100,51
22421557.0,107,57
22421560.0,105,60
22421584.0,103,62
22421622.0,107,47
22421685.0,95,91
22421707.0,52,72
22421727.0,105,53
22421728.0,106,75
22421743.0,56,56
22421761.0,105,52
22421774.0,107,52
22421857.0,109,56
22421990.0,106,58
22422029.0,98,49
22422134.0,108,56
22422339.0,103,67
22422344.0,109,53
22422421.0,98,50
22422515.0,104,66
22422673.0,97,53
22422695.0,103,66
22422697.0,45,101
22422708.0,104,66
22422709.0,109,56
22422764.0,96,55
22422859.0,109,53
22422888.0,97,56
22422919.0,102,56
22422943.0,107,57
22422980.0,109,54
22423118.0,105,64
22423187.0,99,65
22423214.0,109,56
22423260.0,100,54
22423329.0,106,63
22423345.0,99,53
22423454.0,105,78
22423491.0,96,57
22423543.0,101,51
22423655.0,96,54
22423691.0,100,52
22423784.0,97,50
22423801.0,96,65
22423842.0,106,58
22423914.0,98,49
22424038.0,99,62
22424077.0,109,56
22424140.0,99,51
22424185.0,96,56
22424254.0,101,50
22424297.0,97,51
22424404.0,106,47
22424533.0,104,46
22424549.0,96,53
22424559.0,106,55
22424688.0,99,49
22424797.0,99,50
22424966.0,108,55
22424991.0,106,54
22425068.0,97,57
22425077.0,99,54
22425112.0,100,51
22425148.0,105,59
22425149.0,104,61
22425153.0,95,58
22425215.0,99,53
22425221.0,107,58
22425251.0,103,46
22425261.0,101,49
22425287.0,105,53
22425324.0,106,57
22425327.0,77,70
22425337.0,98,54
22425421.0,100,53
22425439.0,106,54
22425589.0,97,50
22425762.0,44,121
22425902.0,95,60
22425941.0,97,49
22425950.0,104,53
22425965.0,105,55
22425982.0,104,46
22425986.0,42,121
22426022.0,96,58
22426053.0,107,56
22426083.0,108,51
22426088.0,95,56
22426159.0,107,50
22426186.0,98,71
22426272.0,102,62
22426323.0,105,58
22426439.0,103,62
22426507.0,96,52
22426515.0,100,52
22426527.0,100,50
22426538.0,96,51
22426584.0,102,46
22426636.0,95,59
22426695.0,107,50
22426711.0,108,54
22426715.0,108,52
22426742.0,95,55
22426804.0,99,60
22426957.0,104,60
22427044.0,104,51
22427103.0,98,53
22427136.0,102,47
22427172.0,97,60
22427197.0,96,69
22427228.0,96,53
22427248.0,95,57
22427584.0,104,49
22427625.0,105,61
22427666.0,105,46
22427703.0,99,59
22427743.0,98,50
22427765.0,105,47
22427774.0,95,54
22427810.0,99,53
22427896.0,98,52
22428238.0,106,57
22428355.0,101,50
22428468.0,99,75
22428696.0,95,53
22428903.0,105,48
22428916.0,98,49
22428961.0,96,59
22429100.0,98,51
22429154.0,101,51
22429264.0,95,54
22429275.0,112,51
22429300.0,98,53
22429302.0,105,58
22429343.0,96,49
22429635.0,101,51
22429672.0,100,51
22429698.0,98,75
22429701.0,99,50
22429728.0,99,52
22429733.0,37,96
22429739.0,104,59
22429760.0,106,48
22429844.0,103,52
22429846.0,105,57
22429960.0,96,50
22430005.0,109,57
22430029.0,107,51
22430063.0,95,52
22430081.0,103,52
22430138.0,99,51
22430252.0,103,51
22430482.0,102,68
22430500.0,94,55
22430535.0,94,57
22430565.0,106,49
22430605.0,97,49
22430608.0,97,54
22430715.0,94,58
22430799.0,104,47
22430855.0,98,61
22430869.0,106,56
22430880.0,94,59
22430904.0,104,58
22430918.0,95,53
22431003.0,105,57
22431077.0,98,52
22431084.0,106,56
22431108.0,96,71
22431282.0,98,67
22431344.0,97,66
22431374.0,103,60
22431388.0,95,51
22431415.0,97,53
22431421.0,97,69
22431511.0,97,50
22431516.0,107,52
22431535.0,102,65
22431713.0,102,53
22431718.0,102,66
22431784.0,98,54
22431850.0,103,62
22431978.0,108,56
22431989.0,95,56
22432031.0,98,51
22432045.0,104,48
22432059.0,44,119
22432144.0,106,55
22432156.0,109,55
22432175.0,105,76
22432187.0,107,54
22432377.0,95,65
22432442.0,94,54
22432451.0,105,56
22432473.0,107,54
22432478.0,106,55
22432479.0,98,52
22432528.0,95,50
22432563.0,95,58
22432650.0,94,56
22432656.0,96,66
22432684.0,95,77
22432941.0,105,48
22432949.0,95,49
22433023.0,97,54
22433074.0,94,53
22433098.0,98,53
22433104.0,97,51
22433140.0,104,60
22433150.0,97,52
22433201.0,103,52
22433207.0,107,54
22433306.0,102,63
22433333.0,104,52
22433390.0,94,52
22433405.0,102,62
22433411.0,95,52
22433516.0,102,53
22433589.0,97,53
22433607.0,97,51
22433626.0,94,57
22433628.0,98,51
22433703.0,43,119
22433707.0,95,88
22433813.0,107,53
22433840.0,104,57
22433867.0,98,50
22433923.0,101,46
22434156.0,105,49
22434283.0,103,54
22434423.0,102,51
22434425.0,95,59
22434495.0,105,50
22434646.0,103,64
22434758.0,104,58
22434789.0,94,60
22434796.0,97,62
22434808.0,94,54
22434825.0,96,60
22434920.0,94,53
22434946.0,95,63
22434948.0,97,52
22435207.0,94,55
22435246.0,95,49
22435294.0,103,59
22435386.0,93,55
22435460.0,2,63
22435562.0,103,46
22435659.0,103,63
22435710.0,96,53
22435713.0,3,63
22435754.0,96,50
22435976.0,105,73
22435982.0,93,56
22435985.0,102,63
22436027.0,2,63
22436049.0,94,49
22436084.0,106,51
22436111.0,103,48
22436215.0,94,50
22436228.0,96,91
22436271.0,106,54
22436336.0,101,47
22436482.0,97,52
22436519.0,105,55
22436586.0,103,47
22436605.0,93,59
22436611.0,96,52
22436705.0,104,48
22436732.0,96,91
22436735.0,106,54
22436740.0,94,52
22436758.0,93,54
22436784.0,100,48
22436836.0,95,52
22436851.0,94,49
22436870.0,106,52
22436929.0,100,46
22437095.0,106,50
22437297.0,97,50
22437330.0,96,51
22437337.0,102,46
22437360.0,93,53
22437391.0,96,53
22437541.0,103,60
22437559.0,93,60
22437641.0,102,54
22437719.0,101,45
22437779.0,93,52
22437856.0,95,62
22437911.0,105,52
22437974.0,96,62
22437989.0,103,61
22438004.0,94,59
22438056.0,100,65
22438205.0,104,56
22438285.0,105,54
22438384.0,102,66
22438468.0,105,56
22438529.0,93,54
22438605.0,95,49
22438763.0,93,51
22438770.0,96,52
22438775.0,104,56
22438901.0,93,53
22438927.0,97,51
22438979.0,103,57
22439035.0,101,67
22439130.0,105,56
22439159.0,93,50
22439182.0,100,45
22439235.0,95,50
22439328.0,97,63
22439377.0,93,55
22439381.0,105,50
22439527.0,104,52
22439543.0,94,56
22439564.0,102,60
22439571.0,95,50
22439575.0,96,53
22439612.0,95,53
22439615.0,101,45
22439672.0,98,52
22439727.0,100,46
22439729.0,93,49
22439798.0,96,51
22439811.0,101,52
22439829.0,101,62
22439852.0,97,89
22439869.0,98,45
22439916.0,102,50
22439954.0,104,55
22440000.0,94,58
22440066.0,105,51
22440132.0,103,56
22440268.0,95,50
22440322.0,103,52
22440378.0,105,52
22440383.0,105,53
22440428.0,102,59
22440438.0,101,61
22440451.0,93,57
22440465.0,92,57
22440513.0,103,56
22440528.0,106,55
22440558.0,102,63
22440585.0,101,64
22440634.0,97,64
22440648.0,93,50
22440665.0,102,59
22440680.0,93,51
22440698.0,100,45
22440779.0,92,55
22440804.0,93,58
22440866.0,96,52
22440938.0,105,96
22440995.0,102,58
22440996.0,92,56
22441006.0,106,55
22441049.0,92,58
22441166.0,96,50
22441170.0,101,65
22441222.0,103,56
22441361.0,93,49
22441444.0,95,51
22441470.0,102,59
22441560.0,103,49
22441587.0,92,54
22441604.0,93,54
22441699.0,102,57
22441840.0,99,45
22441914.0,86,90
22442115.0,104,54
22442136.0,101,63
22442148.0,96,61
22442310.0,94,49
22442325.0,95,53
22442449.0,95,60
22442476.0,103,48
22442483.0,98,45
22442534.0,93,59
22442572.0,39,110
22442622.0,100,45
22442646.0,92,59
22442694.0,103,55
22442764.0,39,110
22442843.0,103,50
22442931.0,94,50
22442950.0,101,60
22442967.0,97,45
22442975.0,92,50
22443079.0,92,49
22443118.0,92,52
22443361.0,95,52
22443411.0,100,50
22443462.0,92,57
22443525.0,92,51
22443613.0,94,54
22443615.0,99,69
22443660.0,94,52
22443663.0,97,46
22443682.0,103,49
22443708.0,100,51
22443713.0,92,53
22443751.0,94,51
22443779.0,95,50
22443804.0,92,50
22443807.0,94,53
22443856.0,92,49
22443905.0,96,46
22443908.0,100,50
22443929.0,104,53
22443953.0,100,46
22444157.0,93,78
22444457.0,98,45
22444485.0,102,57
22444546.0,104,52
22444576.0,102,56
22444579.0,71,127
22444656.0,99,52
22444691.0,93,49
22444707.0,104,50
22444813.0,101,65
22444924.0,101,47
22445246.0,92,54
22445292.0,95,51
22445346.0,103,54
22445365.0,101,67
22445576.0,36,114
22445634.0,103,55
22445642.0,96,45
22445691.0,91,55
22445703.0,103,51
22445730.0,91,54
22445820.0,100,66
22445961.0,101,52
22445964.0,99,51
22445992.0,101,58
22446025.0,91,57
22446057.0,94,54
22446158.0,100,47
22446244.0,101,58
22446298.0,91,53
22446383.0,97,45
22446534.0,101,53
22446601.0,100,65
22446607.0,91,52
22446659.0,92,55
22446660.0,93,60
22446662.0,95,50
22446671.0,93,50
22446727.0,99,52
22446743.0,99,65
22446840.0,99,45
22446867.0,91,54
22446892.0,102,47
22446899.0,91,58
22446903.0,99,50
22446937.0,93,49
22447087.0,102,56
22447148.0,92,56
22447155.0,77,73
22447168.0,91,56
22447170.0,102,55
22447173.0,91,51
22447174.0,100,64
22447264.0,101,63
22447275.0,93,51
22447301.0,84,79
22447375.0,96,89
22447398.0,99,51
22447515.0,100,53
22447543.0,91,49
22447565.0,101,47
22447569.0,101,63
22447579.0,95,53
22447603.0,100,63
22447620.0,97,45
22447683.0,94,52
22447748.0,91,53
22447766.0,93,52
22447859.0,99,46
22448042.0,103,49
22448073.0,93,54
22448084.0,101,59
22448158.0,93,53
22448218.0,94,50
22448234.0,94,53
22448290.0,97,66
22448372.0,93,52
22448448.0,101,57
22448450.0,93,53
22448472.0,92,49
22448522.0,100,48
22448631.0,91,57
22448632.0,86,89
22448824.0,91,50
22448889.0,101,58
22448947.0,94,51
22448984.0,91,51
22449046.0,103,53
22449079.0,98,51
22449104.0,96,72
22449112.0,93,53
22449141.0,94,52
22449220.0,100,62
22449246.0,103,51
22449265.0,95,46
22449470.0,96,52
22449557.0,103,53
22449570.0,98,45
22449593.0,103,50
22449594.0,102,54
22449611.0,90,52
22449648.0,90,54
22449778.0,98,50
22449797.0,91,52
22449866.0,101,57
22449882.0,103,50
22449925.0,94,60
22449927.0,90,53
22449940.0,94,67
22449941.0,101,56
22450017.0,100,60
22450045.0,97,53
22450052.0,92,58
22450076.0,103,53
22450126.0,92,50
22450136.0,99,50
22450217.0,92,76
22450284.0,100,59
22450323.0,90,56
22450362.0,102,85
22450378.0,93,53
22450424.0,91,55
22450450.0,103,53
22450555.0,90,50
22450592.0,98,46
22450692.0,103,50
22450698.0,96,47
22450705.0,93,54
22450706.0,90,52
22450709.0,90,55
22450787.0,92,57
22450853.0,90,49
22450875.0,93,50
22450878.0,94,46
22450967.0,93,52
22451027.0,91,59
22451031.0,93,49
22451198.0,99,47
22451218.0,90,50
22451244.0,90,51
22451263.0,97,47
22451315.0,101,55
22451317.0,100,66
22451383.0,68,50
22451404.0,98,51
22451447.0,93,65
22451458.0,91,58
22451481.0,98,73
22451498.0,102,51
22451517.0,92,74
22451655.0,93,51
22451656.0,94,48
22451727.0,94,45
22451794.0,100,47
22451896.0,91,49
22451916.0,102,53
22451923.0,90,49
22451929.0,93,53
22451981.0,99,61
22452020.0,98,47
22452142.0,90,54
22452172.0,100,58
22452192.0,92,59
22452209.0,91,49
22452211.0,93,73
22452262.0,100,59
22452296.0,92,52
22452301.0,99,53
22452381.0,94,61
22452415.0,92,51
22452430.0,90,53
22452437.0,90,57
22452498.0,97,45
22452509.0,97,52
22452524.0,92,52
22452682.0,102,49
22453018.0,104,73
22453023.0,100,67
22453140.0,97,52
22453215.0,92,54
22453239.0,97,51
22453281.0,91,50
22453284.0,101,54
22453293.0,97,73
22453306.0,89,52
22453313.0,101,52
22453395.0,101,49
22453452.0,97,50
22453455.0,93,46
22453467.0,95,89
22453875.0,90,55
22453893.0,90,56
22453918.0,89,50
22453964.0,102,48
22454013.0,91,61
22454074.0,102,52
22454113.0,90,49
22454144.0,99,52
22454174.0,91,59
22454213.0,97,46
22454258.0,91,62
22454315.0,90,58
22454327.0,91,56
22454331.0,100,57
22454395.0,102,51
22454402.0,102,50
22454427.0,91,50
22454475.0,93,52
22454536.0,98,46
22454549.0,91,51
22454568.0,92,51
22454615.0,99,53
22454643.0,89,51
22454658.0,89,50
22454659.0,92,62
22454733.0,94,48
22454735.0,90,59
22454755.0,97,51
22454776.0,91,51
22454798.0,91,50
22454820.0,89,52
22454881.0,95,70
22454912.0,97,52
22454934.0,93,45
22455011.0,99,47
22455017.0,96,68
22455020.0,100,65
22455260.0,85,72
22455275.0,92,52
22455322.0,94,48
22455359.0,91,57
22455360.0,99,65
22455371.0,89,54
22455378.0,98,47
22455398.0,89,55
22455494.0,101,48
22455524.0,91,51
22455533.0,89,53
22455538.0,91,50
22455542.0,89,56
22455548.0,91,52
22455583.0,36,112
22455607.0,89,51
22455608.0,98,53
22455658.0,99,63
22455669.0,89,49
22455732.0,92,48
22455813.0,92,50
22455860.0,89,57
22455895.0,94,45
22456048.0,97,46
22456064.0,91,50
22456239.0,96,66
22456374.0,93,46
22456408.0,99,59
22456415.0,36,113
22456442.0,90,50
22456445.0,89,51
22456472.0,90,57
22456659.0,90,60
22456665.0,101,52
22456697.0,96,45
22456742.0,99,64
22456772.0,99,51
22456858.0,95,47
22456859.0,104,76
22456919.0,91,50
22456955.0,89,54
22456980.0,95,64
22457023.0,96,45
22457053.0,97,47
22457108.0,99,66
22457125.0,95,63
22457126.0,99,52
22457155.0,91,49
22457180.0,88,50
22457181.0,92,46
22457197.0,94,45
22457224.0,89,52
22457228.0,37,124
22457240.0,92,52
22457242.0,89,57
22457263.0,91,50
22457307.0,99,66
22457358.0,99,58
22457425.0,91,53
22457477.0,97,51
22457527.0,101,51
22457541.0,91,58
22457644.0,91,51
22457747.0,100,54
22457813.0,98,70
22457833.0,88,53
22457896.0,90,61
22457915.0,88,50
22457954.0,23,106
22457957.0,95,50
22457960.0,94,76
22457987.0,88,51
22458041.0,99,59
22458045.0,89,55
22458075.0,88,52
22458081.0,91,54
22458121.0,90,50
22458255.0,94,57
22458261.0,92,45
22458296.0,99,58
22458333.0,88,53
22458348.0,88,89
22458379.0,94,48
22458380.0,99,59
22458420.0,91,48
22458420.0,36,118
22458461.0,91,50
22458464.0,23,106
22458542.0,98,53
22458564.0,94,59
22458683.0,100,66
22458683.0,100,89
22458712.0,88,51
22458758.0,90,49
22458773.0,88,50
22458794.0,95,49
22458799.0,99,59
22458819.0,93,61
22458828.0,98,47
22458850.0,98,51
22458857.0,97,48
22458865.0,96,51
22458889.0,91,52
22458890.0,99,65
22458946.0,91,49
22459046.0,88,53
22459086.0,90,51
22459094.0,99,51
22459123.0,92,51
22459192.0,99,59
22459209.0,93,46
22459296.0,90,49
22459487.0,89,50
22459609.0,100,49
22459622.0,104,75
22459643.0,89,49
22459670.0,90,60
22459682.0,99,66
22459696.0,89,59
22459706.0,90,51
22459753.0,24,105
22459787.0,101,50
22459805.0,93,49
22459834.0,83,108
22459839.0,88,55
22459914.0,88,52
22459927.0,88,56
22459948.0,90,49
22459978.0,88,54
22460005.0,93,62
22460040.0,91,53
22460127.0,89,49
22460131.0,99,48
22460162.0,99,57
22460163.0,93,52
22460220.0,90,53
22460230.0,90,52
22460239.0,91,51
22460272.0,102,68
22460275.0,95,50
22460304.0,101,68
22460408.0,93,45
22460413.0,89,56
22460479.0,95,52
22460683.0,88,57
22460702.0,95,48
22460745.0,98,74
22460803.0,96,46
22460831.0,90,49
22460875.0,94,47
22461066.0,91,52
22461109.0,99,54
22461156.0,91,60
22461164.0,94,49
22461219.0,91,47
22461290.0,95,49
22461314.0,91,54
22461349.0,99,55
22461405.0,99,56
22461532.0,87,51
22461536.0,99,49
22461538.0,92,54
22461656.0,89,51
22461682.0,90,52
22461725.0,90,57
22461730.0,92,76
22461785.0,97,71
22461866.0,89,58
22461888.0,90,50
22461904.0,91,46
22461912.0,100,49
22461964.0,100,52
22462114.0,87,50
22462161.0,90,46
22462185.0,90,51
22462203.0,88,50
22462210.0,88,58
22462216.0,88,55
22462220.0,91,47
22462231.0,101,54
22462238.0,87,51
22462244.0,97,52
22462254.0,99,51
22462293.0,90,59
22462359.0,90,54
22462394.0,100,51
22462417.0,102,69
22462420.0,93,46
22462431.0,89,50
22462436.0,92,51
22462437.0,92,46
22462448.0,98,62
22462519.0,88,54
22462540.0,97,72
22462546.0,97,47
22462555.0,97,52
22462562.0,98,63
22462578.0,87,52
22462644.0,90,49
22462647.0,89,51
22462679.0,99,67
22462688.0,92,50
22462711.0,95,49
22462733.0,97,53
22462764.0,90,50
22462799.0,93,47
22462818.0,89,60
22462823.0,90,48
22462826.0,96,67
22462856.0,99,54
22462869.0,88,57
22463011.0,87,53
22463012.0,89,52
22463213.0,87,54
22463262.0,94,45
22463295.0,98,46
22463325.0,96,46
22463326.0,90,46
22463327.0,92,45
22463348.0,99,58
22463402.0,90,52
22463454.0,88,56
22463500.0,90,53
22463574.0,90,47
22463626.0,89,57
22463801.0,87,52
22463823.0,91,59
22463845.0,98,58
22463940.0,93,63
22464078.0,90,58
22464104.0,88,58
22464165.0,99,53
22464215.0,98,57
22464257.0,98,61
22464268.0,94,48
22464342.0,88,50
22464378.0,98,48
22464453.0,90,56
22464473.0,97,52
22464524.0,99,48
22464609.0,95,46
22464654.0,87,55
22464669.0,98,55
22464754.0,87,56
22464798.0,101,68
22464865.0,93,50
22464952.0,90,54
22464979.0,91,46
22465009.0,89,50
22465041.0,92,51
22465074.0,91,49
22465077.0,87,54
22465093.0,89,51
22465118.0,92,46
22465168.0,98,59
22465191.0,86,51
22465200.0,94,50
22465217.0,91,47
22465280.0,90,46
22465457.0,87,57
22465467.0,101,67
22465479.0,95,47
22465483.0,88,51
22465495.0,88,59
22465512.0,98,56
22465568.0,87,50
22465599.0,92,45
22465662.0,86,50
22465675.0,97,87
22465725.0,86,51
22465785.0,98,51
22465812.0,91,47
22465828.0,99,51
22465891.0,89,46
22465906.0,94,50
22465938.0,95,66
22465997.0,98,60
22466021.0,90,62
22466070.0,89,51
22466114.0,98,50
22466158.0,96,53
22466166.0,93,45
22466244.0,99,49
22466247.0,96,51
22466305.0,89,54
22466321.0,90,50
22466347.0,91,51
22466355.0,89,50
22466378.0,86,52
22466405.0,93,51
22466436.0,92,61
22466453.0,94,70
22466466.0,87,55
22466505.0,99,49
22466615.0,87,56
22466640.0,89,54
22466643.0,93,46
22466705.0,94,46
22466935.0,89,47
22466994.0,89,46
22467045.0,99,52
22467070.0,95,48
22467115.0,95,54
22467155.0,86,52
22467237.0,91,49
22467265.0,92,48
22467309.0,86,53
22467310.0,97,61
22467339.0,88,52
22467353.0,89,58
22467357.0,93,47
22467366.0,87,58
22467380.0,95,46
22467391.0,96,53
22467422.0,86,54
22467446.0,90,51
22467576.0,91,46
22467602.0,98,53
22467723.0,93,50
22467745.0,91,45
22467771.0,87,53
22467780.0,92,49
22467935.0,99,50
22467949.0,94,47
22467953.0,91,51
22467960.0,89,51
22467971.0,88,58
22468014.0,94,48
22468107.0,87,51
22468144.0,91,52
22468152.0,88,60
22468270.0,93,60
22468403.0,94,51
22468418.0,85,51
22468436.0,93,51
22468616.0,91,48
22468617.0,88,50
22468677.0,89,59
22468698.0,97,48
22468723.0,87,57
22468889.0,103,71
22468896.0,95,47
22469025.0,85,51
22469054.0,88,49
22469091.0,87,51
22469164.0,90,46
22469194.0,88,53
22469227.0,93,46
22469369.0,89,53
22469535.0,87,59
22469551.0,92,45
22469620.0,90,60
22469629.0,86,50
22469742.0,88,51
22469747.0,93,47
22469767.0,90,61
22469768.0,89,54
22469772.0,88,52
22469776.0,85,52
22469783.0,89,52
22469807.0,88,46
22469818.0,85,51
22469891.0,95,52
22469895.0,93,51
22469899.0,89,47
22469903.0,86,53
22469934.0,87,51
22469942.0,96,51
22469955.0,92,45
22469995.0,92,46
22469998.0,89,49
22470078.0,86,56
22470091.0,86,54
22470131.0,90,51
22470182.0,98,51
22470229.0,93,46
22470266.0,87,52
22470280.0,86,55
22470288.0,85,52
22470289.0,88,54
22470352.0,90,45
22470360.0,86,57
22470370.0,97,63
22470375.0,97,58
22470400.0,95,53
22470500.0,94,46
22470546.0,95,48
22470584.0,89,47
22470595.0,88,46
22470708.0,90,50
22470819.0,91,47
22470851.0,95,48
22470853.0,85,53
22470975.0,98,55
22471025.0,97,60
22471071.0,86,51
22471123.0,89,47
22471216.0,97,54
22471301.0,88,47
22471382.0,95,51
22471433.0,87,58
22471442.0,92,48
22471504.0,90,48
22471505.0,85,54
22471577.0,88,59
22471634.0,88,54
22471677.0,97,56
22471738.0,89,62
22471752.0,87,52
22471770.0,96,50
22471784.0,91,51
22471804.0,97,52
22471818.0,88,53
22471837.0,89,46
22471842.0,86,58
22471860.0,85,53
22471973.0,89,47
22471992.0,87,53
22472035.0,96,48
22472053.0,87,60
22472082.0,92,49
22472116.0,90,46
22472133.0,89,50
22472193.0,89,48
22472226.0,88,61
22472233.0,82,111
22472263.0,89,49
22472267.0,86,51
22472271.0,98,53
22472308.0,87,47
22472316.0,85,52
22472325.0,89,46
22472331.0,97,53
22472338.0,97,49
22472352.0,95,52
22472408.0,87,51
22472421.0,85,55
22472431.0,93,52
22472491.0,88,49
22472520.0,89,48
22472541.0,98,53
22472566.0,92,46
22472570.0,36,116
22472575.0,95,53
22472602.0,86,51
22472635.0,88,51
22472692.0,89,49
22472718.0,92,51
22472727.0,84,52
22472735.0,88,52
22472739.0,88,48
22472758.0,97,52
22472778.0,86,56
22472820.0,98,65
22472859.0,87,59
22472903.0,84,51
22472917.0,100,67
22472934.0,88,57
22472939.0,91,52
22472954.0,88,56
22472979.0,85,51
22473024.0,96,59
22473053.0,94,47
22473107.0,88,60
22473133.0,97,48
22473142.0,87,49
22473171.0,97,52
22473172.0,88,46
22473188.0,89,61
22473222.0,104,79
22473237.0,93,63
22473312.0,87,57
22473329.0,98,64
22473346.0,84,52
22473355.0,91,46
22473357.0,97,64
22473377.0,85,54
22473403.0,93,46
22473404.0,92,46
22473455.0,91,45
22473456.0,90,51
22473512.0,88,54
22473513.0,36,116
22473528.0,96,56
22473553.0,86,58
22473572.0,89,84
22473600.0,93,46
22473604.0,97,48
22473613.0,92,64
22473619.0,91,47
22473630.0,95,71
22473639.0,44,124
22473640.0,86,57
22473643.0,86,52
22473657.0,92,50
22473669.0,96,49
22473679.0,96,57
22473681.0,93,49
22473711.0,96,87
22473776.0,87,51
22473819.0,97,52
22473824.0,95,48
22473861.0,85,53
22473940.0,92,47
22473958.0,91,46
22473960.0,85,55
22473977.0,94,54
22474018.0,89,48
22474035.0,91,48
22474056.0,96,87
22474066.0,97,48
22474079.0,89,51
22474083.0,45,125
22474096.0,87,52
22474101.0,85,51
22474115.0,97,65
22474148.0,92,51
22474224.0,93,46
22474243.0,90,50
22474285.0,85,56
22474325.0,97,49
22474335.0,89,46
22474344.0,93,51
22474346.0,96,61
22474379.0,94,53
22474417.0,90,47
22474442.0,92,62
22474505.0,89,52
22474514.0,92,49
22474515.0,91,46
22474604.0,97,48
22474611.0,87,53
22474633.0,85,51
22474745.0,96,55
22474804.0,90,45
22474809.0,84,53
22474900.0,95,48
22474918.0,86,90
22474964.0,95,52
22474972.0,103,79
22475059.0,83,105
22475061.0,97,50
22475065.0,85,90
22475118.0,99,77
22475181.0,88,47
22475207.0,93,55
22475208.0,89,47
22475252.0,86,89
22475285.0,98,50
22475366.0,96,54
22475393.0,94,51
22475431.0,85,51
22475502.0,90,49
22475566.0,93,65
22475567.0,91,49
22475646.0,65,49
22475652.0,88,56
22475660.0,89,51
22475731.0,88,49
22475741.0,91,49
22475755.0,94,66
22475759.0,96,56
22475774.0,39,126
22475814.0,96,55
22475856.0,86,53
22475863.0,92,48
22475914.0,91,47
22475936.0,83,52
22475941.0,84,54
22475966.0,65,49
22476022.0,95,50
22476033.0,84,51
22476097.0,91,51
22476139.0,84,53
22476147.0,87,48
22476168.0,91,50
22476298.0,91,46
22476301.0,96,53
22476338.0,89,62
22476441.0,85,52
22476445.0,86,51
22476465.0,84,55
22476469.0,87,52
22476550.0,84,52
22476581.0,91,50
22476592.0,86,47
22476614.0,87,61
22476632.0,87,50
22476689.0,88,47
22476725.0,65,49
22476734.0,90,46
22476744.0,86,59
22476877.0,88,46
22476880.0,93,47
22476975.0,92,67
22476999.0,96,59
22477014.0,86,48
22477085.0,90,47
22477099.0,92,46
22477106.0,93,47
22477128.0,83,52
22477443.0,93,49
22477496.0,96,54
22477516.0,96,60
22477545.0,88,51
22477612.0,85,58
22477646.0,84,54
22477685.0,89,87
22477743.0,86,54
22477755.0,92,49
22477790.0,96,57
22477793.0,93,49
22477801.0,85,56
22477815.0,87,58
22477843.0,96,49
22477861.0,98,74
22477994.0,96,48
22478009.0,97,62
22478025.0,86,52
22478032.0,54,54
22478060.0,87,54
22478090.0,65,48
22478115.0,93,47
22478117.0,86,78
22478126.0,111,85
22478146.0,93,52
22478183.0,85,48
22478273.0,88,49
22478334.0,87,47
22478376.0,88,78
22478377.0,83,53
22478422.0,84,55
22478453.0,93,51
22478473.0,90,48
22478528.0,85,53
22478551.0,96,50
22478553.0,88,52
22478566.0,93,49
22478572.0,95,49
22478587.0,86,50
22478621.0,90,49
22478639.0,96,61
22478783.0,91,49
22478786.0,93,51
22478791.0,91,47
22478809.0,96,51
22478891.0,93,49
22478926.0,93,53
22479057.0,88,46
22479071.0,89,50
22479073.0,94,51
22479105.0,92,46
22479179.0,84,52
22479196.0,85,47
22479262.0,85,59
22479286.0,93,51
22479324.0,89,46
22479330.0,92,52
22479347.0,94,50
22479379.0,94,52
22479406.0,94,48
22479427.0,85,48
22479544.0,85,49
22479577.0,86,60
22479682.0,87,55
22479698.0,86,54
22479715.0,85,57
22479780.0,86,55
22479780.0,94,47
22479802.0,95,55
22479849.0,90,47
22479854.0,88,51
22479888.0,86,61
22479890.0,83,53
22479904.0,87,48
22479916.0,84,57
22479931.0,87,46
22479943.0,85,53
22479989.0,86,53
22480043.0,87,47
22480073.0,68,62
22480208.0,91,48
22480283.0,99,67
22480289.0,85,50
22480290.0,85,51
22480349.0,84,56
22480404.0,85,58
22480421.0,83,55
22480426.0,95,56
22480431.0,90,51
22480531.0,92,47
22480559.0,90,50
22480576.0,90,46
22480632.0,89,52
22480650.0,86,47
22480684.0,82,52
22480706.0,91,46
22480726.0,82,53
22480735.0,85,53
22480794.0,95,53
22480836.0,88,52
22480841.0,85,59
22480874.0,90,49
22480910.0,93,53
22480919.0,95,57
22481016.0,90,48
22481053.0,90,50
22481062.0,86,55
22481068.0,87,51
22481071.0,93,52
22481104.0,92,48
22481145.0,93,51
22481146.0,83,52
22481161.0,89,47
22481184.0,86,60
22481199.0,87,62
22481228.0,83,55
22481297.0,95,52
22481318.0,89,51
22481485.0,97,75
22481501.0,83,109
22481510.0,89,48
22481530.0,83,54
22481543.0,92,49
22481546.0,87,46
22481571.0,95,73
22481589.0,84,53
22481599.0,95,48
22481603.0,95,67
22481673.0,87,48
22481680.0,86,56
22481699.0,86,58
22481722.0,86,54
22481750.0,82,53
22481757.0,84,58
22481781.0,85,54
22481820.0,88,62
22481858.0,89,48
22481903.0,85,52
22481965.0,93,51
22482052.0,84,56
22482082.0,91,52
22482104.0,95,56
22482127.0,88,53
22482175.0,87,59
22482240.0,95,54
22482250.0,85,54
22482274.0,98,67
22482378.0,87,52
22482392.0,95,49
22482397.0,87,47
22482400.0,95,50
22482407.0,84,57
22482407.0,94,87
22482418.0,92,52
22482422.0,95,55
22482447.0,89,47
22482448.0,89,83
22482449.0,83,52
22482452.0,92,53
22482466.0,85,48
22482491.0,91,64
22482535.0,90,51
22482550.0,86,61
22482576.0,88,51
22482667.0,91,70
22482677.0,85,53
22482768.0,96,52
22482777.0,89,83
22482841.0,94,49
22482867.0,95,52
22482914.0,95,57
22482923.0,95,58
22482939.0,85,60
22482947.0,44,112
22482953.0,91,50
22483008.0,91,47
22483028.0,93,47
22483089.0,94,68
22483107.0,96,64
22483129.0,88,46
22483205.0,95,52
22483263.0,90,62
22483266.0,84,53
22483274.0,44,126
22483321.0,85,47
22483355.0,84,48
22483356.0,92,51
22483358.0,95,88
22483381.0,96,65
22483385.0,90,49
22483416.0,86,59
22483433.0,86,46
22483601.0,91,61
22483659.0,86,49
22483680.0,83,55
22483688.0,96,87
22483738.0,88,84
22483756.0,83,56
22483766.0,82,54
22483770.0,85,50
22483801.0,93,50
22483801.0,93,49
22483859.0,96,63
22483867.0,89,47
22483897.0,92,63
22483904.0,83,57
22483925.0,85,54
22483940.0,94,69
22483966.0,87,61
22483981.0,93,66
22484088.0,86,49
22484095.0,90,65
22484170.0,93,65
22484173.0,90,46
22484181.0,93,48
22484254.0,84,59
22484260.0,89,51
22484296.0,94,54
22484296.0,83,53
22484386.0,84,54
22484414.0,87,60
22484423.0,85,49
22484441.0,91,48
22484480.0,86,51
22484628.0,90,80
22484701.0,86,46
22484791.0,85,48
22484857.0,95,59
22484890.0,86,47
22484907.0,94,48
22484976.0,85,48
22484979.0,83,57
22485027.0,81,53
22485050.0,84,49
22485051.0,88,50
22485055.0,95,60
22485095.0,82,55
22485136.0,84,52
22485157.0,87,52
22485252.0,91,49
22485265.0,84,53
22485278.0,94,53
22485369.0,83,48
22485471.0,83,49
22485491.0,91,49
22485520.0,82,54
22485555.0,83,53
22485637.0,85,48
22485667.0,89,64
22485749.0,92,48
22485752.0,87,63
22485754.0,89,51
22485769.0,84,48
22485799.0,94,55
22485823.0,85,48
22485864.0,83,48
22485924.0,83,53
22485947.0,94,52
22486040.0,81,54
22486060.0,86,49
22486062.0,92,53
22486102.0,90,47
22486145.0,84,58
22486171.0,92,51
22486173.0,91,50
22486181.0,89,52
22486247.0,94,54
22486264.0,84,51
22486265.0,94,52
22486273.0,92,52
22486305.0,94,49
22486330.0,83,58
22486338.0,95,72
22486370.0,95,61
22486392.0,87,46
22486410.0,86,52
22486415.0,85,58
22486431.0,82,56
22486457.0,85,49
22486499.0,83,56
22486544.0,86,62
22486566.0,83,57
22486569.0,92,47
22486587.0,92,48
22486592.0,95,61
22486598.0,91,51
22486608.0,85,61
22486647.0,89,66
22486659.0,88,49
22486673.0,85,47
22486682.0,81,54
22486697.0,87,47
22486730.0,86,56
22486744.0,85,49
22486781.0,83,49
22486802.0,94,56
22486806.0,85,50
22486809.0,83,51
22486836.0,87,51
22486875.0,82,53
22486947.0,94,50
22486970.0,92,49
22486981.0,92,50
22487039.0,84,53
22487072.0,82,55
22487100.0,90,50
22487257.0,91,53
22487308.0,91,52
22487336.0,84,58
22487380.0,94,57
22487418.0,83,52
22487426.0,84,54
22487449.0,93,71
22487464.0,83,54
22487545.0,81,54
22487552.0,84,48
22487553.0,83,48
22487568.0,108,57
22487591.0,89,52
22487597.0,101,70
22487609.0,103,70
22487616.0,93,47
22487660.0,94,51
22487684.0,83,51
22487687.0,85,47
22487714.0,85,57
22487724.0,84,59
22487757.0,88,51
22487792.0,91,52
22487859.0,90,52
22487901.0,86,51
22487920.0,93,51
22487976.0,107,57
22487978.0,88,47
22488032.0,83,58
22488146.0,95,51
22488172.0,89,48
22488191.0,85,48
22488197.0,86,52
22488257.0,91,52
22488294.0,88,49
22488417.0,87,48
22488451.0,90,49
22488481.0,88,50
22488573.0,101,69
22488642.0,86,53
22488656.0,91,52
22488660.0,90,89
22488671.0,93,48
22488695.0,81,53
22488733.0,81,55
22488844.0,82,57
22488872.0,89,49
22488875.0,82,56
22489007.0,88,49
22489040.0,89,47
22489097.0,86,48
22489113.0,82,49
22489130.0,90,48
22489141.0,80,54
22489194.0,85,59
22489230.0,83,53
22489241.0,83,50
22489275.0,88,49
22489430.0,98,76
22489455.0,81,55
22489464.0,91,48
22489497.0,84,60
22489521.0,82,54
22489536.0,87,81
22489628.0,85,50
22489650.0,83,59
22489658.0,93,49
22489672.0,82,57
22489711.0,35,111
22489714.0,87,49
22489739.0,93,57
22489744.0,90,50
22489772.0,92,49
22489794.0,86,62
22489877.0,85,54
22489885.0,82,50
22489886.0,89,51
22489901.0,83,49
22489904.0,96,65
22489911.0,87,47
22489914.0,89,90
22489930.0,84,47
22489951.0,83,48
22489959.0,85,52
22489976.0,86,61
22489977.0,87,48
22489989.0,82,48
22489994.0,95,63
22490039.0,91,50
22490111.0,87,53
22490115.0,95,62
22490141.0,94,57
22490143.0,87,52
22490204.0,80,54
22490256.0,94,59
22490271.0,90,50
22490274.0,84,55
22490287.0,83,55
22490304.0,87,51
22490311.0,93,52
22490366.0,87,62
22490371.0,94,52
22490377.0,82,51
22490395.0,86,55
22490397.0,90,63
22490412.0,85,56
22490424.0,91,51
22490446.0,82,58
22490455.0,86,47
22490460.0,90,51
22490539.0,91,47
22490542.0,91,48
22490577.0,93,54
22490593.0,89,48
22490625.0,85,55
22490646.0,91,53
22490665.0,88,48
22490668.0,90,52
22490678.0,84,49
22490702.0,94,52
22490703.0,81,55
22490712.0,85,62
22490722.0,82,49
22490759.0,93,50
22490824.0,92,51
22490843.0,88,89
22490843.0,91,49
22490847.0,84,50
22490866.0,81,56
22490869.0,84,47
22490870.0,82,54
22490892.0,87,50
22490901.0,84,61
22490979.0,84,60
22491116.0,83,60
22491231.0,80,55
22491269.0,88,66
22491396.0,90,53
22491413.0,83,58
22491446.0,81,54
22491676.0,87,47
22491676.0,88,51
22491736.0,86,48
22491739.0,83,56
22491862.0,91,50
22491888.0,85,48
22491898.0,83,52
22491912.0,95,60
22491942.0,86,52
22491945.0,80,55
22491949.0,83,54
22492007.0,87,48
22492053.0,86,48
22492101.0,93,56
22492147.0,88,50
22492153.0,85,53
22492167.0,87,49
22492171.0,88,47
22492180.0,84,49
22492195.0,89,49
22492210.0,87,51
22492218.0,81,49
22492248.0,92,66
22492276.0,84,51
22492291.0,87,50
22492310.0,86,54
22492313.0,83,48
22492329.0,84,54
22492338.0,86,53
22492346.0,84,48
22492351.0,85,52
22492355.0,92,47
22492368.0,83,49
22492427.0,86,90
22492429.0,82,53
22492456.0,83,59
22492458.0,81,57
22492466.0,86,49
22492472.0,84,50
22492493.0,85,60
22492520.0,85,61
22492543.0,86,60
22492553.0,81,56
22492570.0,93,55
22492659.0,86,47
22492665.0,82,57
22492700.0,82,59
22492742.0,93,57
22492811.0,85,50
22492812.0,94,59
22492838.0,81,50
22492967.0,88,62
22493001.0,85,47
22493033.0,82,58
22493041.0,88,55
22493067.0,94,61
22493133.0,95,62
22493195.0,81,54
22493214.0,82,55
22493267.0,90,48
22493269.0,85,54
22493274.0,87,63
22493312.0,84,52
22493341.0,98,84
22493352.0,83,55
22493360.0,92,48
22493370.0,94,60
22493513.0,80,54
22493549.0,81,49
22493555.0,82,52
22493560.0,90,68
22493634.0,92,49
22493704.0,87,52
22493821.0,88,48
22493849.0,93,56
22493897.0,86,47
22493924.0,90,47
22494037.0,83,48
22494071.0,90,48
22494077.0,82,54
22494078.0,84,61
22494083.0,84,51
22494093.0,91,51
22494095.0,84,50
22494122.0,92,50
22494216.0,85,53
22494222.0,82,59
22494300.0,83,47
22494338.0,86,48
22494355.0,81,58
22494375.0,81,50
22494413.0,89,51
22494418.0,83,50
22494479.0,92,52
22494498.0,80,56
22494589.0,79,55
22494648.0,90,50
22494678.0,85,48
22494680.0,92,53
22494695.0,92,51
22494701.0,90,49
22494709.0,89,51
22494722.0,86,50
22494733.0,83,48
22494768.0,87,47
22494768.0,90,53
22494840.0,81,52
22494842.0,82,48
22494882.0,89,52
22494940.0,82,49
22494948.0,87,64
22494978.0,88,63
22495001.0,100,85
22495011.0,91,47
22495023.0,92,54
22495124.0,90,51
22495152.0,54,54
22495167.0,80,56
22495175.0,93,51
22495227.0,98,85
22495242.0,83,60
22495308.0,83,51
22495394.0,93,51
22495433.0,83,47
22495441.0,87,50
22495458.0,84,53
22495530.0,87,49
22495588.0,92,72
22495662.0,86,49
22495670.0,81,55
22495706.0,94,52
22495737.0,81,57
22495782.0,84,61
22495810.0,84,62
22495816.0,88,49
22495850.0,85,63
22495850.0,89,51
22495894.0,89,53
22495924.0,90,52
22495938.0,83,51
22495953.0,54,54
22496018.0,84,47
22496047.0,85,62
22496063.0,84,49
22496066.0,79,55
22496074.0,82,59
22496110.0,80,50
22496143.0,96,66
22496190.0,81,58
22496223.0,92,72
22496255.0,94,72
22496262.0,87,62
22496266.0,90,48
22496269.0,82,54
22496342.0,86,50
22496361.0,96,72
22496510.0,85,48
22496518.0,97,89
22496541.0,88,64
22496550.0,94,65
22496554.0,92,54
22496602.0,82,56
22496618.0,79,56
22496726.0,83,50
22496744.0,91,48
22496755.0,89,48
22496766.0,87,51
22496770.0,93,57
22496788.0,91,65
22496842.0,81,59
22496859.0,92,55
22496889.0,82,60
22496891.0,84,54
22496933.0,89,52
22496950.0,87,88
22496967.0,83,48
22496992.0,83,49
22497008.0,91,48
22497050.0,100,70
22497067.0,84,55
22497117.0,83,61
22497123.0,81,53
22497133.0,82,48
22497157.0,85,47
22497166.0,83,52
22497231.0,101,70
22497251.0,82,55
22497252.0,83,60
22497275.0,88,50
22497280.0,93,74
22497309.0,91,66
22497346.0,86,52
22497444.0,81,49
22497468.0,89,49
22497524.0,38,125
22497532.0,87,48
22497552.0,81,54
22497555.0,82,60
22497575.0,91,48
22497581.0,91,49
22497587.0,95,52
22497678.0,81,51
22497732.0,85,48
22497790.0,87,48
22497794.0,80,57
22497808.0,91,48
22497876.0,89,53
22497953.0,86,47
22497958.0,81,49
22497972.0,80,55
22498015.0,98,58
22498038.0,82,48
22498122.0,83,47
22498163.0,86,49
22498218.0,83,53
22498236.0,89,65
22498240.0,79,56
22498264.0,85,50
22498272.0,80,50
22498285.0,90,50
22498289.0,87,90
22498293.0,89,50
22498363.0,89,48
22498369.0,80,58
22498377.0,88,65
22498385.0,82,56
22498393.0,89,53
22498415.0,83,47
22498417.0,84,48
22498450.0,85,52
22498455.0,83,51
22498464.0,92,54
22498466.0,84,51
22498466.0,95,65
22498471.0,84,52
22498475.0,85,53
22498483.0,82,50
22498515.0,80,55
22498516.0,88,51
22498519.0,89,47
22498520.0,85,57
22498526.0,84,57
22498533.0,83,55
22498596.0,90,49
22498758.0,89,51
22498802.0,82,51
22498855.0,91,50
22498890.0,89,52
22498915.0,86,50
22498981.0,79,55
22499014.0,80,51
22499100.0,84,62
22499223.0,102,71
22499240.0,84,53
22499248.0,87,49
22499254.0,83,53
22499267.0,83,47
22499289.0,81,56
22499312.0,86,52
22499313.0,82,49
22499478.0,91,51
22499503.0,83,58
22499518.0,89,50
22499522.0,90,47
22499546.0,94,58
22499590.0,81,59
22499597.0,84,49
22499642.0,85,51
22499646.0,78,56
22499655.0,91,51
22499667.0,82,57
22499678.0,97,57
22499690.0,85,50
22499745.0,83,57
22499749.0,91,53
22499785.0,80,52
22499799.0,89,49
22499825.0,93,59
22499888.0,84,48
22499889.0,81,50
22499931.0,89,51
22499971.0,89,52
22499985.0,83,47
22499988.0,88,52
22500028.0,85,61
22500033.0,80,57
22500046.0,82,50
22500063.0,85,51
22500084.0,82,57
22500162.0,82,60
22500174.0,83,62
22500181.0,82,52
22500207.0,90,48
22500210.0,79,57
22500347.0,88,52
22500360.0,86,48
22500367.0,78,56
22500422.0,85,60
22500443.0,90,64
22500447.0,79,51
22500457.0,83,51
22500461.0,89,53
22500489.0,87,48
22500591.0,95,87
22500605.0,80,59
22500624.0,85,63
22500630.0,83,52
22500634.0,81,56
22500711.0,81,55
22500758.0,91,51
22500779.0,84,54
22500812.0,88,48
22500835.0,82,51
22500862.0,91,54
22500879.0,87,48
22500880.0,85,49
22500940.0,81,56
22500951.0,83,56
22500952.0,83,54
22500972.0,92,57
22501013.0,80,56
22501050.0,94,61
22501053.0,88,52
22501101.0,84,58
22501108.0,82,61
22501122.0,87,50
22501182.0,80,51
22501202.0,84,49
22501218.0,83,61
22501219.0,83,53
22501227.0,88,49
22501236.0,85,52
22501243.0,92,56
22501276.0,88,53
22501279.0,89,88
22501289.0,88,52
22501309.0,84,50
22501310.0,79,50
22501403.0,82,56
22501433.0,81,60
22501434.0,86,63
22501455.0,83,48
22501475.0,82,49
22501500.0,92,77
22501554.0,87,50
22501616.0,91,55
22501637.0,92,56
22501651.0,80,59
22501725.0,81,48
22501749.0,80,58
22501775.0,94,58
22501780.0,85,47
22501798.0,83,50
22501899.0,79,58
22501901.0,81,51
22501915.0,88,48
22501954.0,84,63
22501975.0,80,50
22501988.0,82,51
22501991.0,90,50
22502025.0,90,49
22502047.0,82,57
22502067.0,86,51
22502071.0,88,52
22502124.0,84,48
22502137.0,86,49
22502224.0,79,57
22502319.0,81,49
22502320.0,79,51
22502326.0,91,69
22502341.0,87,64
22502358.0,93,60
22502364.0,87,50
22502470.0,81,60
22502495.0,81,57
22502566.0,79,58
22502624.0,78,73
22502625.0,84,56
22502675.0,80,58
22502704.0,82,55
22502720.0,82,60
22502771.0,88,50
22502787.0,84,55
22502807.0,82,53
22502871.0,79,56
22502891.0,87,51
22502892.0,82,50
22502928.0,81,59
22502953.0,81,53
22502977.0,84,54
22502995.0,91,55
22503028.0,79,58
22503097.0,82,52
22503115.0,85,48
22503132.0,88,51
22503134.0,90,88
22503142.0,82,61
22503150.0,78,57
22503169.0,84,51
22503203.0,80,56
22503207.0,90,50
22503232.0,90,48
22503242.0,93,59
22503250.0,84,50
22503288.0,83,55
22503314.0,85,48
22503358.0,83,62
22503394.0,90,62
22503428.0,83,59
22503494.0,88,52
22503505.0,90,50
22503557.0,80,56
22503592.0,85,53
22503607.0,83,48
22503669.0,93,59
22503680.0,86,50
22503724.0,82,48
22503746.0,85,51
22503768.0,88,49
22503784.0,93,61
22503821.0,87,52
22503870.0,81,49
22503904.0,81,50
22503911.0,85,64
22504009.0,88,53
22504020.0,80,59
22504068.0,85,48
22504118.0,90,51
22504145.0,96,83
22504146.0,80,55
22504147.0,83,54
22504159.0,79,56
22504166.0,85,50
22504218.0,79,52
22504220.0,82,62
22504252.0,80,51
22504270.0,89,48
22504288.0,90,83
22504296.0,90,50
22504310.0,88,63
22504358.0,89,83
22504377.0,81,56
22504409.0,80,60
22504425.0,96,83
22504471.0,79,59
22504507.0,90,52
22504508.0,81,51
22504515.0,89,47
22504538.0,91,56
22504559.0,94,63
22504639.0,84,63
22504699.0,92,58
22504743.0,79,56
22504762.0,90,52
22504765.0,80,57
22504769.0,78,56
22504814.0,78,51
22504860.0,82,54
22504961.0,90,53
22505033.0,83,50
22505110.0,81,61
22505159.0,87,49
22505169.0,78,52
22505191.0,85,49
22505203.0,80,53
22505210.0,87,48
22505231.0,79,58
22505261.0,88,52
22505349.0,90,53
22505368.0,80,56
22505414.0,85,92
22505456.0,83,53
22505486.0,89,49
22505511.0,84,49
22505564.0,86,51
22505640.0,79,50
22505653.0,80,59
22505662.0,81,59
22505680.0,84,51
22505688.0,80,49
22505697.0,88,50
22505715.0,84,50
22505743.0,81,53
22505787.0,88,53
22505798.0,82,53
22505817.0,80,57
22505826.0,82,57
22505839.0,90,53
22505865.0,90,52
22505886.0,82,49
22505890.0,78,57
22505893.0,84,54
22505919.0,84,48
22505984.0,83,63
22506023.0,78,58
22506030.0,82,61
22506043.0,84,60
22506067.0,80,60
22506075.0,79,54
22506080.0,81,60
22506172.0,87,53
22506255.0,87,49
22506276.0,83,49
22506280.0,79,53
22506282.0,90,54
22506302.0,87,48
22506340.0,84,61
22506369.0,91,71
22506483.0,90,86
22506540.0,79,59
22506558.0,81,58
22506569.0,81,57
22506614.0,83,51
22506633.0,87,50
22506648.0,84,59
22506649.0,83,50
22506660.0,79,57
22506755.0,78,52
22506772.0,82,55
22506788.0,87,51
22506803.0,82,62
22506806.0,79,51
22506810.0,89,68
22506821.0,83,58
22506898.0,81,58
22506989.0,82,54
22507067.0,85,50
22507082.0,95,65
22507092.0,87,54
22507098.0,79,52
22507115.0,83,54
22507134.0,78,58
22507298.0,84,48
22507360.0,89,50
22507425.0,96,66
22507465.0,85,62
22507609.0,86,65
22507626.0,82,49
22507686.0,81,55
22507750.0,88,48
22507771.0,80,53
22507833.0,79,55
22507856.0,64,59
22507905.0,86,52
22507907.0,78,54
22507912.0,87,50
22507922.0,80,50
22507925.0,81,52
22507935.0,81,48
22507962.0,82,50
22507983.0,85,52
22508002.0,87,51
22508062.0,90,55
22508100.0,84,63
22508104.0,81,61
22508119.0,79,57
22508186.0,84,62
22508210.0,82,52
22508211.0,88,51
22508231.0,84,49
22508292.0,91,57
22508306.0,80,57
22508309.0,85,50
22508347.0,82,63
22508392.0,89,51
22508439.0,85,49
22508459.0,83,63
22508469.0,80,56
22508539.0,82,113
22508595.0,82,50
22508690.0,79,56
22508695.0,77,58
22508697.0,83,48
22508749.0,81,51
22508770.0,80,58
22508877.0,87,53
22508895.0,79,52
22508898.0,80,60
22508938.0,86,52
22508990.0,79,59
22509049.0,78,59
22509067.0,85,49
22509085.0,87,51
22509093.0,81,54
22509131.0,81,49
22509135.0,81,62
22509140.0,87,52
22509179.0,82,54
22509198.0,83,51
22509240.0,86,49
22509344.0,88,49
22509351.0,92,58
22509397.0,84,54
22509446.0,81,53
22509462.0,86,53
22509465.0,78,57
22509499.0,82,49
22509527.0,89,52
22509531.0,82,53
22509556.0,77,58
22509562.0,78,70
22509601.0,85,51
22509613.0,78,58
22509642.0,77,75
22509703.0,81,55
22509706.0,100,85
22509712.0,80,55
22509782.0,86,48
22509798.0,83,48
22509823.0,87,65
22509874.0,78,51
22509901.0,87,53
22509919.0,77,75
22509925.0,79,50
22509933.0,99,85
22509933.0,82,55
22509997.0,92,67
22510081.0,85,64
22510102.0,82,63
22510115.0,81,59
22510117.0,80,51
22510120.0,89,53
22510132.0,80,61
22510154.0,78,53
22510240.0,92,59
22510252.0,80,50
22510391.0,77,53
22510396.0,85,63
22510443.0,80,57
22510546.0,87,66
22510570.0,82,60
22510598.0,87,49
22510656.0,99,85
22510683.0,81,49
22510713.0,77,52
22510721.0,84,50
22510771.0,83,62
22510783.0,83,50
22510799.0,81,55
22510806.0,79,55
22510875.0,65,68
22511021.0,82,56
22511044.0,81,58
22511046.0,80,49
22511064.0,88,68
22511068.0,86,49
22511080.0,88,50
22511087.0,90,65
22511109.0,82,51
22511135.0,83,55
22511168.0,65,68
22511204.0,91,57
22511241.0,89,54
22511344.0,80,54
22511379.0,81,62
22511390.0,79,50
22511468.0,83,49
22511478.0,82,50
22511508.0,77,53
22511651.0,84,54
22511792.0,87,48
22511796.0,84,64
22511796.0,81,49
22511869.0,87,50
22511927.0,90,56
22511949.0,83,53
22512004.0,78,55
22512030.0,81,54
22512160.0,81,57
22512213.0,86,65
22512224.0,82,62
22512305.0,85,48
22512331.0,77,59
22512389.0,86,54
22512460.0,79,53
22512475.0,85,65
22512478.0,79,58
22512478.0,80,49
22512508.0,78,52
22512532.0,88,51
22512538.0,78,59
22512609.0,86,51
22512664.0,79,60
22512671.0,81,63
22512682.0,89,53
22512713.0,79,53
22512738.0,82,52
22512752.0,80,59
22512778.0,81,56
22512830.0,83,51
22512871.0,78,51
22512872.0,81,55
22512906.0,80,52
22512996.0,86,50
22513040.0,82,51
22513105.0,87,49
22513138.0,78,58
22513144.0,79,57
22513167.0,83,64
22513389.0,91,88
22513415.0,86,49
22513419.0,89,54
22513420.0,84,51
22513446.0,80,55
22513467.0,86,52
22513529.0,86,66
22513586.0,90,77
22513595.0,77,52
22513658.0,78,60
22513678.0,81,51
22513681.0,84,54
22513726.0,80,58
22513731.0,81,59
22513787.0,83,50
22513835.0,79,61
22513890.0,87,52
22513900.0,80,62
22513942.0,77,58
22513950.0,80,53
22513969.0,85,49
22513972.0,88,51
22514021.0,81,55
22514077.0,86,51
22514081.0,77,52
22514115.0,85,53
22514161.0,82,55
22514178.0,78,50
22514206.0,82,49
22514278.0,94,81
22514314.0,88,52
22514357.0,77,59
22514363.0,81,50
22514377.0,82,52
22514409.0,81,51
22514553.0,86,52
22514569.0,85,48
22514588.0,80,54
22514626.0,79,54
22514672.0,76,53
22514687.0,78,60
22514715.0,83,53
22514741.0,80,50
22514755.0,87,49
22514773.0,85,49
22514791.0,80,62
22514797.0,78,57
22514850.0,77,52
22514994.0,85,50
22515016.0,80,61
22515044.0,88,63
22515064.0,88,53
22515078.0,87,50
22515117.0,80,50
22515125.0,88,57
22515135.0,81,54
22515178.0,86,48
22515199.0,78,53
22515225.0,76,54
22515319.0,81,62
22515322.0,79,51
22515329.0,86,53
22515428.0,81,58
22515469.0,76,59
22515496.0,86,63
22515532.0,78,56
22515550.0,79,57
22515571.0,79,58
22515619.0,79,59
22515621.0,77,54
22515623.0,83,52
22515677.0,85,50
22515717.0,78,58
22515961.0,93,65
22515997.0,77,56
22516152.0,78,51
22516159.0,86,54
22516205.0,81,52
22516254.0,80,50
22516309.0,79,62
22516312.0,84,52
22516332.0,79,52
22516373.0,83,51
22516399.0,77,60
22516407.0,78,60
22516414.0,82,60
22516418.0,80,59
22516421.0,82,51
22516427.0,94,64
22516440.0,81,53
22516452.0,81,63
22516484.0,80,56
22516535.0,80,51
22516565.0,84,52
22516572.0,82,63
22516591.0,79,61
22516596.0,87,53
22516614.0,79,63
22516653.0,85,54
22516673.0,89,55
22516676.0,79,55
22516753.0,88,48
22516758.0,87,56
22516804.0,78,61
22516891.0,84,65
22516913.0,81,49
22516945.0,85,49
22516967.0,84,48
22517019.0,86,54
22517043.0,82,61
22517053.0,88,50
22517067.0,94,62
22517070.0,76,54
22517096.0,79,50
22517159.0,78,50
22517178.0,78,51
22517178.0,84,63
22517186.0,84,52
22517198.0,83,63
22517208.0,80,60
22517214.0,79,59
22517264.0,82,50
22517349.0,92,61
22517354.0,80,63
22517413.0,94,49
22517424.0,85,51
22517426.0,84,52
22517435.0,81,51
22517447.0,84,49
22517458.0,78,59
22517462.0,77,60
22517476.0,81,52
22517480.0,79,53
22517506.0,80,53
22517509.0,82,64
22517597.0,79,59
22517620.0,88,54
22517669.0,77,53
22517709.0,87,51
22517769.0,86,49
22517793.0,79,54
22517833.0,83,64
22517922.0,90,54
22517985.0,79,58
22518035.0,78,52
22518053.0,85,52
22518107.0,85,54
22518224.0,82,54
22518254.0,79,59
22518255.0,81,49
22518281.0,79,62
22518285.0,77,52
22518306.0,80,51
22518327.0,80,62
22518430.0,88,53
22518448.0,80,56
22518540.0,80,50
22518573.0,85,51
22518603.0,79,59
22518651.0,86,53
22518671.0,76,60
22518716.0,85,50
22518774.0,84,53
22518852.0,84,49
22518947.0,77,55
22518982.0,77,51
22519019.0,90,57
22519028.0,78,59
22519030.0,83,52
22519097.0,83,51
22519110.0,88,55
22519129.0,81,56
22519154.0,85,52
22519155.0,77,59
22519158.0,76,55
22519168.0,81,53
22519182.0,80,63
22519188.0,81,55
22519196.0,82,56
22519215.0,80,54
22519219.0,87,52
22519251.0,45,126
22519253.0,88,66
22519321.0,81,63
22519414.0,78,50
22519425.0,78,54
22519500.0,82,54
22519544.0,81,52
22519716.0,80,55
22519729.0,76,54
22519745.0,84,50
22519749.0,78,61
22519781.0,82,51
22519817.0,78,62
22519839.0,77,60
22519883.0,77,51
22519896.0,85,48
22519908.0,81,64
22519916.0,80,52
22520053.0,86,48
22520058.0,79,50
22520113.0,81,50
22520156.0,81,57
22520185.0,76,53
22520230.0,84,49
22520262.0,76,60
22520266.0,83,52
22520285.0,80,52
22520342.0,85,51
22520353.0,86,50
22520465.0,80,63
22520505.0,78,53
22520515.0,76,53
22520543.0,85,53
22520562.0,79,62
22520615.0,78,58
22520686.0,84,50
22520720.0,86,54
22520743.0,85,54
22520791.0,85,52
22520840.0,87,65
22520850.0,77,54
22520902.0,79,56
22520905.0,84,54
22520999.0,78,55
22521071.0,87,53
22521219.0,82,52
22521226.0,77,52
22521226.0,79,59
22521259.0,81,53
22521312.0,87,52
22521314.0,76,55
22521374.0,86,49
22521393.0,79,60
22521546.0,85,49
22521621.0,88,55
22521625.0,80,58
22521701.0,65,70
22521781.0,78,54
22521804.0,75,55
22521807.0,85,64
22521899.0,84,51
22521951.0,80,53
22522057.0,79,55
22522061.0,87,91
22522078.0,88,91
22522080.0,80,63
22522100.0,85,54
22522148.0,80,56
22522337.0,90,60
22522341.0,83,65
22522358.0,79,54
22522369.0,85,53
22522382.0,76,54
22522422.0,83,53
22522481.0,79,52
22522573.0,78,62
22522582.0,86,51
22522615.0,78,51
22522626.0,79,63
22522677.0,82,52
22522684.0,79,52
22522703.0,81,52
22522719.0,84,51
22522737.0,98,84
22522793.0,101,84
22522798.0,82,65
22522805.0,80,60
22522895.0,85,49
22522935.0,80,51
22522952.0,80,57
22522996.0,86,51
22523088.0,85,54
22523124.0,81,51
22523127.0,78,60
22523244.0,80,61
22523287.0,87,54
22523295.0,81,64
22523334.0,76,61
22523369.0,80,54
22523383.0,79,62
22523397.0,84,54
22523457.0,78,59
22523476.0,75,55
22523557.0,79,51
22523640.0,87,51
22523667.0,87,53
22523734.0,80,55
22523839.0,87,90
22523840.0,79,57
22523863.0,77,52
22523868.0,76,54
22523872.0,76,52
22523872.0,86,65
22523875.0,98,85
22523902.0,84,52
22523928.0,44,119
22524038.0,80,50
22524039.0,79,60
22524064.0,80,64
22524075.0,82,64
22524124.0,85,50
22524281.0,76,56
22524283.0,76,61
22524293.0,78,52
22524394.0,77,55
22524511.0,87,54
22524557.0,76,57
22524599.0,78,56
22524608.0,77,51
22524629.0,82,52
22524655.0,89,57
22524660.0,88,58
22524663.0,78,54
22524685.0,83,53
22524712.0,80,54
22524749.0,79,56
22524762.0,80,57
22524811.0,79,63
22524900.0,77,60
22525090.0,76,60
22525105.0,88,56
22525134.0,84,53
22525140.0,80,52
22525164.0,77,61
22525218.0,83,53
22525232.0,83,50
22525239.0,75,56
22525290.0,80,56
22525294.0,83,55
22525406.0,86,52
22525457.0,88,54
22525477.0,84,52
22525543.0,79,57
22525567.0,78,55
22525568.0,76,52
22525591.0,80,53
22525624.0,85,66
22525625.0,86,52
22525649.0,85,65
22525662.0,81,52
22525717.0,78,77
22525750.0,81,53
22525764.0,83,53
22525788.0,77,57
22525808.0,83,65
22525829.0,79,53
22525860.0,80,58
22525935.0,80,57
22526034.0,84,53
22526041.0,77,53
22526041.0,84,49
22526052.0,79,52
22526068.0,78,51
22526069.0,79,53
22526110.0,86,53
22526266.0,83,51
22526284.0,83,54
22526395.0,83,53
22526467.0,84,55
22526515.0,82,74
22526577.0,80,51
22526600.0,78,59
22526606.0,78,51
22526678.0,79,50
22526701.0,80,64
22526720.0,85,72
22526722.0,83,64
22526751.0,84,64
22526757.0,84,54
22526798.0,85,51
22526809.0,77,62
22526828.0,82,54
22526882.0,87,55
22526978.0,82,65
22527050.0,76,58
22527059.0,77,59
22527065.0,81,65
22527098.0,89,89
22527106.0,83,53
22527158.0,76,53
22527285.0,78,58
22527331.0,79,64
22527337.0,82,53
22527435.0,80,64
22527438.0,83,50
22527462.0,79,60
22527515.0,79,61
22527552.0,81,71
22527631.0,88,90
22527702.0,75,57
22527929.0,85,51
22527962.0,88,56
22528051.0,75,56
22528077.0,77,54
22528100.0,81,71
22528126.0,84,54
22528320.0,79,57
22528395.0,81,52
22528468.0,77,56
22528517.0,82,50
22528529.0,92,52
22528628.0,78,62
22528671.0,83,51
22528713.0,77,52
22528728.0,77,62
22528792.0,80,61
22528805.0,92,52
22528818.0,81,52
22528821.0,77,58
22528865.0,76,62
22528967.0,84,54
22529033.0,77,55
22529088.0,78,63
22529117.0,79,61
22529174.0,75,55
22529231.0,78,55
22529275.0,80,65
22529434.0,84,50
22529470.0,86,54
22529490.0,83,52
22529528.0,75,55
22529537.0,83,53
22529560.0,83,55
22529582.0,79,64
22529587.0,82,54
22529608.0,83,49
22529636.0,81,64
22529677.0,78,61
22529713.0,83,54
22529718.0,96,82
22529725.0,84,53
22529848.0,78,56
22530040.0,80,64
22530049.0,76,53
22530074.0,74,55
22530097.0,80,52
22530099.0,78,57
22530107.0,76,62
22530184.0,79,55
22530198.0,74,56
22530217.0,75,55
22530228.0,81,65
22530300.0,87,55
22530417.0,85,52
22530418.0,84,55
22530440.0,77,54
22530446.0,84,65
22530463.0,78,53
22530472.0,83,55
22530490.0,75,55
22530553.0,76,54
22530644.0,79,57
22530674.0,79,63
22530705.0,82,51
22530758.0,77,57
22530814.0,76,52
22530831.0,82,50
22530835.0,81,53
22530845.0,78,53
22531061.0,82,54
22531071.0,79,56
22531096.0,77,61
22531343.0,79,62
22531387.0,79,58
22531405.0,80,62
22531446.0,79,61
22531463.0,78,60
22531469.0,83,52
22531473.0,83,53
22531519.0,79,53
22531578.0,84,55
22531699.0,79,64
22531728.0,78,64
22531753.0,85,66
22531873.0,85,54
22531885.0,80,54
22531916.0,82,51
22531919.0,93,84
22531962.0,77,63
22531991.0,82,66
22532064.0,77,52
22532068.0,76,61
22532119.0,84,51
22532122.0,74,57
22532203.0,83,66
22532385.0,77,56
22532489.0,75,53
22532519.0,78,58
22532530.0,76,62
22532542.0,77,53
22532578.0,77,62
22532621.0,86,54
22532643.0,83,50
22532657.0,84,54
22532680.0,85,51
22532701.0,79,54
22532733.0,76,55
22532735.0,75,62
22532825.0,83,51
22532904.0,78,51
22532978.0,79,70
22532991.0,89,58
22533040.0,83,53
22533058.0,86,55
22533062.0,80,65
22533140.0,79,65
22533195.0,77,55
22533257.0,90,59
22533269.0,78,54
22533287.0,78,57
22533288.0,77,60
22533295.0,75,54
22533352.0,79,55
22533369.0,89,58
22533421.0,85,53
22533428.0,77,56
22533465.0,78,61
22533478.0,87,56
22533504.0,83,54
22533515.0,81,50
22533570.0,81,65
22533612.0,79,52
22533619.0,75,57
22533702.0,76,56
22533710.0,87,56
22533751.0,79,58
22533755.0,78,63
22533958.0,81,66
22534000.0,76,54
22534086.0,75,56
22534095.0,84,55
22534312.0,78,57
22534327.0,80,56
22534330.0,77,63
22534358.0,82,52
22534363.0,76,63
22534422.0,69,56
22534430.0,69,55
22534523.0,74,57
22534638.0,80,53
22534767.0,87,56
22534792.0,97,75
22534796.0,78,59
22534804.0,75,58
22534851.0,88,57
22534975.0,75,54
22535031.0,89,58
22535032.0,87,58
22535034.0,79,64
22535128.0,83,54
22535302.0,83,52
22535372.0,79,59
22535429.0,84,52
22535473.0,77,53
22535498.0,85,54
22535529.0,83,56
22535539.0,76,53
22535587.0,85,52
22535625.0,76,59
22535627.0,79,65
22535646.0,82,66
22535652.0,79,59
22535691.0,82,55
22535761.0,77,64
22535820.0,86,55
22535939.0,81,54
22535952.0,78,54
22535983.0,98,75
22535994.0,81,51
22536049.0,75,56
22536054.0,76,55
22536160.0,74,56
22536256.0,78,56
22536263.0,79,60
22536267.0,79,59
22536303.0,78,62
22536304.0,79,57
22536339.0,81,50
22536351.0,75,56
22536451.0,76,57
22536458.0,83,51
22536491.0,82,51
22536529.0,74,58
22536538.0,80,58
22536544.0,77,62
22536589.0,80,65
22536592.0,76,63
22536651.0,78,61
22536660.0,79,59
22536707.0,78,64
22536934.0,77,58
22536998.0,82,52
22537050.0,78,53
22537144.0,83,55
22537194.0,82,53
22537234.0,85,53
22537296.0,76,56
22537306.0,77,54
22537318.0,79,58
22537331.0,77,63
22537334.0,77,58
22537344.0,82,55
22537370.0,79,59
22537383.0,82,65
22537412.0,75,55
22537444.0,77,53
22537459.0,85,53
22537546.0,78,55
22537623.0,78,59
22537636.0,102,85
22537656.0,79,63
22537740.0,75,63
22537772.0,79,62
22537874.0,82,55
22537948.0,76,63
22538008.0,80,76
22538046.0,78,65
22538128.0,76,62
22538164.0,83,56
22538167.0,84,65
22538325.0,83,51
22538349.0,78,52
22538350.0,80,60
22538410.0,81,66
22538667.0,79,61
22538675.0,85,54
22538714.0,89,90
22538753.0,79,53
22538762.0,93,90
22538771.0,77,61
22538876.0,79,55
22538918.0,79,65
22538925.0,82,53
22538948.0,78,60
22538952.0,79,59
22538953.0,79,54
22539020.0,89,91
22539032.0,80,54
22539039.0,93,90
22539105.0,80,66
22539113.0,85,54
22539124.0,79,53
22539156.0,77,54
22539165.0,83,54
22539287.0,51,121
22539305.0,84,53
22539362.0,81,52
22539488.0,77,62
22539536.0,51,121
22539545.0,75,63
22539640.0,76,62
22539659.0,76,53
22539671.0,83,52
22539754.0,81,51
22539755.0,75,62
22539756.0,79,53
22539776.0,77,52
22539868.0,79,52
22539967.0,75,57
22539974.0,77,62
22540024.0,80,59
22540040.0,76,56
22540061.0,80,56
22540086.0,85,54
22540115.0,82,66
22540153.0,83,55
22540156.0,82,50
22540174.0,80,51
22540317.0,79,52
22540319.0,83,66
22540334.0,81,52
22540350.0,79,59
22540419.0,80,54
22540421.0,77,57
22540567.0,79,53
22540666.0,84,71
22540715.0,81,55
22540770.0,83,55
22540892.0,81,50
22540898.0,82,54
22540956.0,76,54
22540966.0,78,62
22540974.0,78,54
22540981.0,82,49
22541131.0,78,59
22541158.0,82,51
22541168.0,81,66
22541206.0,83,52
22541229.0,78,57
22541245.0,75,55
22541297.0,104,80
22541330.0,104,79
22541413.0,83,65
22541423.0,79,52
22541473.0,95,85
22541479.0,93,60
22541632.0,85,55
22541762.0,75,60
22541769.0,78,59
22541896.0,86,56
22541902.0,76,53
22541922.0,76,57
22541992.0,86,66
22542033.0,57,67
22542083.0,77,55
22542168.0,90,60
22542230.0,78,53
22542237.0,82,56
22542280.0,81,55
22542290.0,80,51
22542374.0,79,60
22542376.0,78,58
22542431.0,80,66
22542443.0,76,56
22542476.0,83,56
22542515.0,80,65
22542726.0,78,65
22542841.0,78,63
22543049.0,91,72
22543072.0,90,59
22543103.0,74,59
22543113.0,76,64
22543136.0,74,55
22543375.0,76,54
22543399.0,79,66
22543423.0,87,59
22543465.0,78,56
22543496.0,78,55
22543497.0,82,53
22543503.0,84,54
22543571.0,92,80
22543682.0,77,59
22543700.0,81,53
22543754.0,84,53
22543858.0,77,65
22543863.0,79,54
22543904.0,78,74
22544110.0,80,52
22544166.0,87,57
22544346.0,75,56
22544370.0,75,54
22544746.0,79,58
22544749.0,75,59
22544775.0,77,54
22544862.0,91,80
22544865.0,85,55
22545111.0,79,74
22545256.0,82,51
22545318.0,74,58
22545477.0,86,56
22545571.0,79,52
22545603.0,82,54
22545683.0,81,66
22545710.0,76,57
22545782.0,79,57
22545970.0,82,55
22546031.0,74,55
22546108.0,74,56
22546235.0,82,56
22546361.0,76,54
22546434.0,78,59
22546486.0,78,75
22546509.0,81,51
22546515.0,81,53
22546575.0,77,53
22546681.0,77,63
22546682.0,76,64
22546750.0,76,63
22546804.0,81,67
22546852.0,84,54
22546875.0,82,52
22546878.0,83,53
22547273.0,80,55
22547327.0,77,58
22547392.0,77,62
22547452.0,83,53
22547512.0,80,52
22547581.0,87,75
22547596.0,87,67
22547642.0,78,60
22547768.0,83,67
22547830.0,77,57
22547856.0,80,66
22547870.0,81,57
22547927.0,78,53
22548106.0,97,73
22548147.0,75,64
22548213.0,95,73
22548240.0,79,74
22548295.0,97,86
22548375.0,95,72
22548447.0,77,64
22548510.0,80,74
22548533.0,75,63
22548570.0,83,53
22548622.0,76,55
22548654.0,74,59
22548788.0,74,60
22549243.0,86,67
22549282.0,87,57
22549305.0,78,66
22549561.0,75,61
22549938.0,78,55
22550034.0,76,62
22550054.0,79,63
22550183.0,81,53
22550189.0,78,54
22550213.0,83,105
22550250.0,74,58
22550260.0,80,52
22550383.0,79,62
22550521.0,80,53
22550645.0,82,56
22550827.0,77,63
22551078.0,77,56
22551093.0,74,55
22551109.0,81,54
22551149.0,76,63
22551192.0,84,55
22551223.0,82,55
22551405.0,79,60
22551575.0,78,65
22551613.0,82,57
22551797.0,78,61
22551821.0,79,86
22551838.0,82,75
22552215.0,77,65
22552243.0,75,56
22552400.0,79,52
22552635.0,83,67
22552641.0,83,66
22552767.0,80,51
22552789.0,75,55
22552804.0,80,53
22552896.0,78,59
22553052.0,76,54
22553114.0,92,76
22553212.0,94,78
22553512.0,97,73
22553525.0,80,51
22553938.0,83,54
22554037.0,76,55
22554221.0,79,59
22554279.0,74,55
22554298.0,81,56
22554827.0,79,66
22555018.0,84,55
22555104.0,92,81
22555247.0,78,66
22555262.0,82,57
22555309.0,83,95
22555417.0,82,53
22555495.0,81,55
22555638.0,81,52
22555871.0,79,55
22556654.0,77,54
22556732.0,66,65
22556793.0,80,55
22556843.0,77,65
22556926.0,77,56
22557164.0,80,66
22557264.0,77,62
22557477.0,80,56
22557650.0,67,66
22557766.0,78,64
22558031.0,80,54
22558068.0,79,67
22558144.0,81,67
22558233.0,77,63
22559107.0,95,72
22559127.0,81,55
22559253.0,75,57
22559823.0,80,64
22561755.0,83,106
22561847.0,77,64
22562183.0,92,87
22562523.0,57,72
22563429.0,103,74
22563488.0,25,108
22564143.0,25,108
22564432.0,95,74
22565743.0,82,100
22566202.0,80,54
22567251.0,81,53
22567589.0,88,89
22568178.0,80,52
22568692.0,54,59
22569113.0,89,59
22570080.0,83,108
22571620.0,98,75
22571930.0,75,55
22572189.0,74,56
22573790.0,6,107
22573967.0,69,51
22574273.0,96,72
22574472.0,83,57
22574677.0,82,102
22575139.0,81,56
22575300.0,80,84
22575744.0,80,56
22576147.0,79,55
22576538.0,84,55
22576716.0,83,54
22577046.0,56,52
22577086.0,80,54
22577107.0,82,57
22577247.0,81,56
22577453.0,79,58
22577479.0,80,54
22577533.0,88,58
22577669.0,78,59
22577681.0,76,55
22577759.0,82,56
22577806.0,79,60
22577880.0,94,79
22577947.0,81,55
22577994.0,78,59
22578192.0,76,55
22578517.0,76,58
22578923.0,83,57
22578931.0,76,54
22578938.0,85,56
22579055.0,77,63
22579192.0,93,80
22579205.0,76,56
22579222.0,83,54
22579642.0,94,64
22579702.0,79,53
22579704.0,77,60
22579931.0,77,64
22580454.0,77,55
22580501.0,80,54
22580505.0,80,52
22580556.0,90,60
22580654.0,78,60
22580762.0,77,56
22580870.0,78,63
22580958.0,95,84
22581318.0,78,59
22581552.0,80,64
22581556.0,81,56
22581608.0,78,64
22581616.0,76,55
22581669.0,79,59
22581677.0,76,64
22581902.0,80,67
22581947.0,76,57
22582242.0,80,55
22582284.0,91,60
22582733.0,83,56
22582939.0,83,57
22582963.0,75,56
22583082.0,71,56
22583195.0,75,58
22583217.0,90,58
22583265.0,68,57
22583319.0,81,52
22583450.0,77,58
22583474.0,90,59
22583739.0,81,54
22583773.0,95,78
22583824.0,80,52
22583845.0,53,55
22583850.0,83,54
22583996.0,76,58
22584119.0,84,54
22584399.0,79,54
22584423.0,89,58
22584462.0,82,55
22584465.0,53,56
22584703.0,77,57
22584794.0,98,83
22584846.0,78,56
22584911.0,85,55
22585246.0,80,60
22585259.0,77,59
22585278.0,78,65
22585359.0,76,61
22585362.0,80,53
22585409.0,86,56
22585434.0,84,54
22585437.0,77,65
22585445.0,94,77
22585506.0,94,65
22585698.0,81,67
22585703.0,82,56
22585765.0,77,65
22586077.0,77,54
22586087.0,76,57
22586137.0,79,64
22586164.0,76,58
22586229.0,75,60
22586287.0,102,70
22586287.0,53,57
22586298.0,75,59
22586321.0,81,55
22586325.0,79,63
22586380.0,78,53
22586387.0,85,55
22586394.0,83,56
22586454.0,81,52
22586474.0,81,54
22586527.0,77,65
22586603.0,84,54
22586635.0,81,64
22586740.0,77,65
22586964.0,77,55
22586972.0,88,58
22587032.0,79,66
22587050.0,83,53
22587157.0,82,55
22587165.0,84,54
22587209.0,89,58
22587504.0,79,54
22587525.0,89,69
22587662.0,79,60
22587992.0,78,62
22588132.0,83,55
22588148.0,80,54
22588287.0,78,55
22588322.0,79,64
22588326.0,79,52
22588340.0,82,64
22588349.0,80,63
22588426.0,83,57
22588427.0,35,110
22588517.0,77,54
22588624.0,80,53
22588626.0,81,55
22588667.0,83,53
22588765.0,78,53
22588789.0,76,56
22588875.0,62,61
22588927.0,88,57
22589084.0,77,61
22589131.0,90,59
22589173.0,90,87
22589246.0,80,54
22589312.0,82,54
22589350.0,67,70
22589402.0,94,63
22589415.0,82,52
22589457.0,91,60
22589627.0,45,90
22589785.0,79,56
22589810.0,80,56
22589825.0,89,88
22589889.0,78,65
22589957.0,76,56
22589971.0,101,72
22590092.0,82,52
22590195.0,77,63
22590351.0,87,56
22590364.0,92,62
22590410.0,78,58
22590522.0,90,87
22590533.0,84,56
22590686.0,90,64
22590731.0,80,63
22590771.0,92,61
22590835.0,79,53
22590933.0,78,55
22591054.0,91,86
22591186.0,79,55
22591220.0,78,59
22591267.0,83,56
22591325.0,84,54
22591407.0,70,54
22591411.0,83,55
22591427.0,78,63
22591438.0,93,62
22591452.0,81,53
22591606.0,76,60
22591632.0,80,59
22591643.0,80,52
22591686.0,87,57
22591747.0,80,60
22591831.0,85,54
22591833.0,92,60
22591838.0,75,56
22591885.0,75,58
22591923.0,78,57
22591955.0,82,55
22591989.0,83,52
22592002.0,70,54
22592004.0,80,52
22592016.0,77,58
22592023.0,83,56
22592047.0,84,53
22592137.0,79,66
22592320.0,79,53
22592366.0,86,55
22592447.0,78,61
22592496.0,82,54
22592519.0,77,63
22592588.0,76,57
22592631.0,77,56
22592661.0,56,68
22592682.0,91,59
22592700.0,84,56
22592747.0,83,52
22592860.0,86,56
22592875.0,77,54
22592878.0,82,54
22592883.0,81,54
22592892.0,77,64
22592960.0,77,61
22592992.0,79,59
22593043.0,80,65
22593115.0,79,62
22593117.0,76,55
22593165.0,89,57
22593241.0,81,53
22593294.0,44,90
22593340.0,80,58
22593598.0,81,54
22593665.0,80,64
22593674.0,86,55
22593729.0,81,66
22593801.0,92,60
22593802.0,85,54
22594013.0,78,63
22594135.0,80,62
22594247.0,87,56
22594251.0,84,53
22594269.0,77,60
22594314.0,82,64
22594336.0,76,57
22594374.0,78,62
22594405.0,82,66
22594482.0,79,63
22594550.0,83,54
22594666.0,82,51
22594736.0,70,55
22594756.0,79,58
22594768.0,83,52
22594800.0,93,59
22594867.0,80,59
22594884.0,76,59
22594893.0,91,59
22594917.0,88,56
22594991.0,90,58
22595005.0,80,53
22595080.0,78,57
22595091.0,79,54
22595161.0,89,57
22595195.0,81,63
22595215.0,80,66
22595329.0,78,58
22595381.0,82,53
22595554.0,83,67
22595574.0,79,59
22595860.0,84,55
22595916.0,80,60
22595992.0,79,55
22596076.0,82,51
22596120.0,83,55
22596326.0,81,64
22596467.0,80,53
22596620.0,88,56
22596628.0,84,56
22596631.0,80,55
22596645.0,89,58
22596651.0,83,55
22596668.0,81,59
22596711.0,82,59
22596725.0,78,63
22596737.0,86,54
22596865.0,83,54
22596936.0,81,66
22596991.0,78,53
22597041.0,77,57
22597047.0,78,64
22597136.0,81,60
22597205.0,79,62
22597218.0,81,52
22597311.0,63,57
22597461.0,87,55
22597530.0,84,55
22597531.0,85,53
22597676.0,84,52
22597710.0,77,60
22597791.0,93,72
22597859.0,80,59
22597863.0,35,109
22597866.0,79,61
22597872.0,80,63
22597903.0,82,54
22597938.0,83,51
22597977.0,69,60
22597986.0,70,60
22598128.0,86,54
22598182.0,85,56
22598228.0,81,53
22598237.0,80,58
22598316.0,89,57
22598347.0,88,57
22598378.0,90,58
22598382.0,82,53
22598391.0,79,57
22598403.0,53,57
22598419.0,90,86
22598484.0,87,55
22598633.0,80,59
22598702.0,81,62
22598768.0,78,56
22598770.0,55,51
22598793.0,79,65
22598804.0,83,51
22598806.0,94,72
22598838.0,78,54
22598878.0,76,58
22598897.0,80,62
22598939.0,79,52
22598978.0,81,59
22599097.0,83,53
22599114.0,91,58
22599240.0,54,56
22599299.0,84,52
22599354.0,80,63
22599534.0,84,54
22599570.0,83,66
22599605.0,92,59
22599640.0,81,63
22599652.0,80,61
22599661.0,79,63
22599718.0,79,64
22599742.0,77,55
22599879.0,78,57
22599891.0,90,57
22599933.0,82,51
22599941.0,76,74
22600000.0,77,54
22600040.0,77,55
22600111.0,79,58
22600168.0,84,55
22600225.0,82,52
22600252.0,77,59
22600256.0,81,53
22600274.0,80,52
22600307.0,92,71
22600621.0,85,55
22600770.0,85,56
22600842.0,78,62
22600875.0,77,55
22600948.0,83,54
22600956.0,86,54
22601040.0,54,55
22601055.0,83,63
22601164.0,89,56
22601171.0,92,60
22601193.0,78,60
22601246.0,84,55
22601249.0,90,57
22601259.0,78,53
22601277.0,83,62
22601277.0,78,55
22601290.0,80,65
22601306.0,86,56
22601534.0,77,56
22601559.0,85,55
22601597.0,85,52
22601743.0,80,57
22601746.0,86,53
22601754.0,87,54
22601768.0,79,61
22601788.0,78,62
22601796.0,84,51
22601798.0,93,60
22601810.0,91,58
22601813.0,80,54
22601829.0,83,54
22601833.0,79,57
22601857.0,82,53
22601890.0,81,65
22601943.0,79,56
22601950.0,89,56
22601966.0,81,58
22602032.0,84,54
22602061.0,57,61
22602151.0,81,62
22602274.0,96,66
22602276.0,94,70
22602343.0,88,55
22602345.0,85,52
22602524.0,77,54
22602527.0,90,57
22602558.0,78,54
22602592.0,92,59
22602665.0,81,61
22602680.0,78,63
22602855.0,89,68
22602906.0,82,66
22602938.0,82,53
22602940.0,87,54
22602990.0,81,63
22603066.0,83,53
22603216.0,81,52
22603252.0,83,52
22603287.0,79,58
22603486.0,78,56
22603523.0,83,50
22603584.0,78,64
22603650.0,85,55
22603655.0,80,56
22603719.0,85,56
22603767.0,84,51
22603792.0,79,62
22603912.0,88,55
22603984.0,79,64
22604031.0,80,58
22604077.0,82,63
22604169.0,84,55
22604197.0,80,61
22604255.0,81,52
22604268.0,84,53
22604325.0,83,66
22604327.0,79,62
22604395.0,79,57
22604407.0,85,54
22604450.0,82,62
22604484.0,81,59
22604538.0,91,59
22604558.0,79,55
22604582.0,87,54
22604604.0,82,58
22604623.0,81,58
22604749.0,80,62
22604769.0,81,66
22604902.0,79,63
22604912.0,79,56
22604921.0,82,62
22604978.0,78,56
22604994.0,85,55
22605142.0,82,51
22605157.0,56,51
22605294.0,83,53
22605374.0,78,63
22605443.0,80,65
22605461.0,78,65
22605523.0,80,53
22605548.0,87,53
22605549.0,92,58
22605573.0,82,63
22605601.0,68,50
22605703.0,81,65
22605821.0,88,55
22605829.0,80,65
22605831.0,78,59
22605866.0,89,56
22605877.0,84,54
22605895.0,102,68
22606091.0,85,51
22606112.0,86,55
22606149.0,81,57
22606165.0,77,57
22606191.0,86,52
22606201.0,79,52
22606224.0,91,57
22606234.0,90,57
22606253.0,88,55
22606265.0,83,53
22606274.0,84,52
22606303.0,80,62
22606363.0,85,55
22606366.0,84,50
22606397.0,79,60
22606417.0,81,63
22606448.0,77,57
22606473.0,81,58
22606474.0,83,52
22606512.0,88,55
22606517.0,78,54
22606523.0,84,54
22606548.0,93,60
22606592.0,79,52
22606709.0,56,50
22606730.0,58,55
22606734.0,82,65
22606768.0,83,65
22606778.0,81,54
22606847.0,90,56
22606859.0,82,59
22606911.0,82,62
22606927.0,101,67
22606953.0,87,53
22607040.0,93,59
22607043.0,85,54
22607165.0,83,51
22607179.0,80,53
22607185.0,58,55
22607196.0,99,49
22607238.0,79,59
22607248.0,81,58
22607304.0,95,63
22607311.0,88,54
22607478.0,91,57
22607511.0,82,58
22607556.0,91,58
22607638.0,69,59
22607654.0,78,53
22607671.0,85,51
22607675.0,80,56
22607679.0,80,62
22607682.0,81,61
22607755.0,89,55
22607767.0,92,58
22607789.0,79,55
22607861.0,82,58
22607864.0,80,60
22607924.0,85,53
22607963.0,79,56
22608029.0,84,52
22608039.0,83,63
22608045.0,94,61
22608140.0,86,66
22608181.0,80,57
22608223.0,87,66
22608232.0,81,66
22608243.0,90,56
22608281.0,84,66
22608307.0,84,52
22608313.0,79,63
22608352.0,79,52
22608428.0,84,65
22608442.0,82,58
22608479.0,87,66
22608546.0,89,55
22608601.0,83,51
22608616.0,81,62
22608680.0,80,64
22608735.0,84,66
22608746.0,84,50
22608770.0,78,62
22608770.0,86,51
22608782.0,78,79
22608819.0,81,53
22608822.0,77,56
22608827.0,85,50
22608910.0,82,58
22608954.0,87,52
22608977.0,88,54
22609050.0,90,75
22609061.0,87,66
22609076.0,80,52
22609170.0,81,51
22609171.0,79,65
22609192.0,104,73
22609328.0,85,54
22609341.0,85,53
22609402.0,78,55
22609444.0,84,52
22609457.0,87,52
22609489.0,86,54
22609500.0,83,52
22609509.0,83,50
22609576.0,84,51
22609597.0,82,51
22609681.0,81,57
22609700.0,82,57
22609736.0,85,50
22609740.0,84,53
22609770.0,79,65
22609795.0,80,55
22609849.0,79,61
22609910.0,80,60
22610033.0,79,54
22610034.0,50,115
22610087.0,81,56
22610141.0,86,65
22610168.0,86,51
22610220.0,90,81
22610245.0,87,52
22610272.0,88,53
22610318.0,81,65
22610375.0,83,52
22610405.0,81,53
22610569.0,79,55
22610574.0,79,54
22610635.0,82,61
22610705.0,80,65
22610803.0,85,66
22610827.0,79,59
22610845.0,79,58
22610847.0,81,65
22610850.0,85,52
22610882.0,82,58
22610894.0,83,58
22610921.0,79,61
22610962.0,81,64
22610967.0,84,66
22610973.0,78,58
22611030.0,86,55
22611045.0,94,60
22611050.0,80,63
22611094.0,81,57
22611140.0,82,51
22611154.0,82,65
22611200.0,96,63
22611253.0,84,53
22611253.0,82,64
22611256.0,85,54
22611265.0,81,60
22611357.0,93,58
22611415.0,80,56
22611486.0,81,56
22611614.0,87,55
22611642.0,91,57
22611763.0,84,61
22611770.0,83,106
22611771.0,89,67
22611804.0,80,52
22611814.0,95,61
22611814.0,87,55
22611817.0,88,53
22611823.0,83,65
22611824.0,79,62
22611934.0,78,57
22611950.0,79,53
22611975.0,97,65
22612052.0,80,61
22612081.0,95,62
22612083.0,81,56
22612130.0,86,50
22612197.0,90,55
22612216.0,92,57
22612233.0,84,51
22612253.0,84,50
22612298.0,89,67
22612308.0,102,69
22612362.0,87,51
22612381.0,53,55
22612499.0,98,64
22612507.0,82,57
22612511.0,81,55
22612531.0,83,57
22612552.0,87,55
22612623.0,82,56
22612630.0,82,60
22612672.0,88,56
22612677.0,91,56
22612806.0,89,54
22612815.0,86,53
22612935.0,80,61
22612946.0,81,57
22612980.0,87,55
22613034.0,92,59
22613095.0,93,58
22613147.0,82,61
22613197.0,82,62
22613206.0,83,51
22613221.0,87,51
22613222.0,80,54
22613225.0,84,52
22613275.0,90,55
22613286.0,85,51
22613329.0,81,61
22613476.0,82,58
22613493.0,79,62
22613546.0,79,55
22613557.0,85,51
22613591.0,78,56
22613727.0,88,52
22613799.0,83,58
22613848.0,102,68
22613870.0,95,61
22613872.0,89,58
22613976.0,86,50
22613987.0,79,58
22614021.0,64,56
22614060.0,84,52
22614129.0,80,62
22614183.0,85,53
22614184.0,85,49
22614197.0,87,54
22614207.0,84,50
22614209.0,95,60
22614221.0,83,56
22614230.0,86,54
22614372.0,92,57
22614411.0,89,66
22614466.0,85,51
22614482.0,79,58
22614513.0,94,59
22614516.0,83,61
22614524.0,81,63
22614639.0,34,110
22614683.0,81,61
22614694.0,82,57
22614718.0,81,55
22614728.0,83,51
22614759.0,54,58
22614845.0,88,55
22614876.0,80,55
22614933.0,78,55
22614934.0,81,55
22614968.0,86,52
22614999.0,89,53
22615034.0,83,57
22615081.0,83,53
22615140.0,80,63
22615234.0,81,60
22615245.0,92,58
22615254.0,82,64
22615333.0,88,65
22615397.0,87,65
22615419.0,81,54
22615423.0,82,52
22615435.0,81,59
22615436.0,85,57
22615470.0,82,50
22615483.0,82,56
22615506.0,79,58
22615512.0,81,56
22615544.0,79,53
22615556.0,81,64
22615565.0,89,53
22615569.0,82,57
22615618.0,79,54
22615621.0,86,49
22615626.0,80,51
22615766.0,83,64
22615806.0,82,60
22615813.0,85,51
22615850.0,80,53
22615852.0,81,54
22615903.0,82,62
22615982.0,90,54
22616031.0,99,83
22616035.0,84,51
22616079.0,91,56
22616120.0,87,50
22616145.0,85,51
22616160.0,85,50
22616363.0,87,55
22616372.0,81,54
22616442.0,81,51
22616450.0,83,50
22616534.0,95,61
22616582.0,90,54
22616651.0,88,51
22616884.0,82,61
22616901.0,82,52
22616926.0,87,53
22616927.0,84,51
22616949.0,104,73
22616953.0,80,62
22617001.0,97,64
22617037.0,80,58
22617041.0,91,55
22617072.0,82,55
22617081.0,84,58
22617121.0,83,53
22617144.0,79,57
22617153.0,83,50
22617192.0,66,72
22617207.0,79,61
22617244.0,86,51
22617253.0,88,51
22617263.0,85,52
22617328.0,55,57
22617359.0,95,60
22617366.0,85,50
22617404.0,89,52
22617435.0,81,59
22617479.0,83,56
22617500.0,79,61
22617530.0,92,56
22617581.0,80,52
22617617.0,80,60
22617740.0,91,55
22617794.0,85,50
22617810.0,82,61
22617861.0,36,102
22617892.0,93,57
22617932.0,86,53
22617976.0,80,54
22617992.0,83,58
22618049.0,93,58
22618062.0,81,62
22618235.0,61,82
22618265.0,83,61
22618353.0,90,54
22618407.0,84,64
22618422.0,81,63
22618430.0,92,56
22618434.0,84,57
22618456.0,87,54
22618457.0,89,108
22618467.0,85,50
22618501.0,79,61
22618536.0,88,54
22618600.0,86,49
22618603.0,89,52
22618651.0,80,60
22618661.0,87,49
22618729.0,83,52
22618743.0,83,61
22618852.0,55,59
22618942.0,86,51
22618947.0,87,50
22618954.0,88,50
22619019.0,82,56
22619033.0,82,59
22619068.0,83,60
22619154.0,79,61
22619161.0,87,52
22619180.0,89,108
22619210.0,86,50
22619216.0,84,50
22619242.0,81,53
22619279.0,84,52
22619284.0,83,64
22619293.0,93,65
22619305.0,85,49
22619315.0,81,60
22619324.0,80,74
22619342.0,56,63
22619419.0,84,53
22619452.0,90,53
22619454.0,83,57
22619551.0,81,52
22619649.0,88,50
22619664.0,83,50
22619703.0,84,52
22619774.0,83,52
22619784.0,80,52
22619842.0,79,55
22619860.0,80,51
22619885.0,81,52
22619891.0,83,55
22619935.0,85,51
22619938.0,97,63
22619988.0,81,60
22620008.0,80,61
22620104.0,81,54
22620120.0,82,60
22620122.0,94,58
22620133.0,83,57
22620170.0,84,50
22620217.0,82,64
22620238.0,54,60
22620325.0,84,52
22620336.0,83,59
22620340.0,85,64
22620354.0,103,84
22620368.0,93,59
22620406.0,94,59
22620409.0,70,58
22620492.0,67,53
22620518.0,86,52
22620532.0,82,50
22620534.0,93,70
22620538.0,83,52
22620588.0,89,51
22620605.0,86,50
22620618.0,88,50
22620639.0,82,54
22620648.0,84,61
22620697.0,83,60
22620793.0,97,61
22620811.0,83,61
22620838.0,82,63
22620895.0,84,55
22620896.0,87,51
22620900.0,90,52
22620906.0,92,55
22620928.0,82,60
22620954.0,90,53
22620954.0,68,52
22620980.0,79,54
22620984.0,91,54
22621004.0,87,53
22621011.0,93,57
22621041.0,92,57
22621050.0,84,53
22621105.0,70,59
22621117.0,81,58
22621225.0,84,64
22621241.0,88,53
22621244.0,98,66
22621270.0,80,53
22621276.0,87,52
22621277.0,81,54
22621372.0,80,61
22621393.0,82,59
22621394.0,83,51
22621420.0,68,52
22621427.0,79,56
22621437.0,84,60
22621494.0,61,60
22621500.0,84,56
22621566.0,81,52
22621648.0,89,51
22621650.0,87,49
22621703.0,85,60
22621718.0,91,67
22621725.0,82,60
22621752.0,83,55
22621765.0,85,51
22621768.0,92,55
22621769.0,96,62
22621879.0,84,56
22621906.0,83,63
22621909.0,98,65
22621930.0,82,50
22621938.0,97,64
22621939.0,91,54
22621950.0,83,61
22622053.0,83,56
22622145.0,96,72
22622195.0,88,64
22622266.0,86,49
22622271.0,85,65
22622272.0,81,62
22622298.0,90,52
22622306.0,81,61
22622342.0,98,67
22622467.0,84,57
22622496.0,93,56
22622517.0,81,55
22622551.0,82,53
22622567.0,82,60
22622622.0,85,50
22622650.0,83,50
22622719.0,82,50
22622768.0,84,56
22622807.0,82,55
22622813.0,97,71
22622922.0,80,53
22622970.0,83,56
22623012.0,88,54
22623028.0,86,61
22623048.0,88,52
22623060.0,83,54
22623062.0,86,51
22623078.0,87,50
22623094.0,81,51
22623110.0,83,51
22623128.0,89,54
22623131.0,88,49
22623140.0,79,55
22623144.0,82,62
22623147.0,86,52
22623191.0,83,59
22623262.0,84,57
22623307.0,81,53
22623338.0,88,65
22623374.0,52,58
22623471.0,82,58
22623478.0,91,53
22623497.0,98,64
22623504.0,83,59
22623520.0,94,57
22623529.0,84,52
22623591.0,87,51
22623626.0,89,50
22623705.0,84,63
22623814.0,87,52
22623896.0,86,51
22623922.0,88,51
22623973.0,80,60
22624020.0,81,57
22624064.0,80,56
22624078.0,87,53
22624089.0,83,59
22624092.0,83,63
22624110.0,86,58
22624157.0,82,52
22624174.0,83,60
22624186.0,91,53
22624209.0,84,60
22624222.0,96,61
22624441.0,92,76
22624485.0,95,59
22624653.0,90,55
22624688.0,87,55
22624761.0,90,51
22624773.0,81,53
22624798.0,87,50
22624835.0,81,59
22624922.0,88,52
22624925.0,95,58
22624964.0,85,50
22624981.0,63,61
22624985.0,84,49
22625021.0,80,55
22625043.0,90,65
22625059.0,80,54
22625063.0,86,49
22625067.0,84,61
22625081.0,93,56
22625106.0,84,56
22625117.0,90,52
22625121.0,82,61
22625144.0,82,54
22625258.0,89,65
22625266.0,85,49
22625300.0,83,55
22625338.0,88,58
22625342.0,85,64
22625364.0,82,58
22625381.0,88,53
22625388.0,83,60
22625407.0,94,57
22625463.0,86,49
22625465.0,95,58
22625476.0,88,51
22625480.0,61,55
22625483.0,82,58
22625496.0,87,49
22625509.0,53,52
22625518.0,92,54
22625573.0,89,53
22625580.0,97,79
22625815.0,84,55
22625857.0,85,56
22625860.0,86,64
22625943.0,83,50
22625973.0,81,59
22626016.0,93,55
22626038.0,86,50
22626038.0,94,75
22626049.0,82,62
22626067.0,87,52
22626113.0,83,53
22626135.0,85,61
22626175.0,91,52
22626203.0,82,59
22626226.0,85,57
22626269.0,90,50
22626357.0,87,51
22626371.0,85,49
22626431.0,55,49
22626436.0,96,60
22626488.0,84,56
22626569.0,82,51
22626576.0,85,63
22626704.0,80,53
22626727.0,94,58
22626871.0,83,52
22626891.0,88,50
22626928.0,84,63
22627022.0,92,54
22627038.0,102,67
22627059.0,80,54
22627126.0,81,60
22627131.0,89,52
22627138.0,85,51
22627161.0,82,53
22627227.0,84,56
22627261.0,90,50
22627275.0,83,53
22627334.0,87,51
22627339.0,82,57
22627341.0,86,63
22627378.0,95,60
22627379.0,84,59
22627387.0,96,59
22627403.0,94,66
22627408.0,84,54
22627422.0,87,49
22627515.0,82,50
22627607.0,57,68
22627650.0,88,52
22627654.0,89,54
22627669.0,81,52
22627733.0,82,59
22627798.0,83,55
22627868.0,87,49
22627878.0,84,60
22627878.0,100,73
22627904.0,99,72
22627924.0,85,55
22628005.0,84,49
22628014.0,69,53
22628024.0,55,55
22628038.0,88,48
22628134.0,83,58
22628225.0,93,55
22628236.0,85,49
22628256.0,95,57
22628265.0,83,59
22628284.0,91,51
22628303.0,86,52
22628327.0,89,51
22628385.0,86,50
22628486.0,89,48
22628523.0,86,49
22628578.0,89,52
22628584.0,88,50
22628608.0,84,58
22628635.0,81,51
22628738.0,92,53
22628772.0,83,54
22628806.0,81,55
22628899.0,85,51
22628966.0,90,49
22629064.0,83,49
22629068.0,82,60
22629096.0,86,56
22629101.0,87,64
22629104.0,85,55
22629125.0,88,49
22629129.0,83,52
22629138.0,81,51
22629139.0,82,50
22629143.0,84,53
22629183.0,83,51
22629186.0,85,63
22629195.0,90,53
22629224.0,89,53
22629258.0,88,52
22629363.0,85,56
22629370.0,82,52
22629430.0,45,95
22629449.0,87,50
22629454.0,83,59
22629519.0,85,54
22629577.0,46,95
22629592.0,88,64
22629635.0,82,57
22629640.0,84,55
22629647.0,89,51
22629697.0,84,60
22629772.0,83,61
22629776.0,81,51
22629934.0,84,62
22629956.0,85,48
22630005.0,85,50
22630088.0,90,49
22630092.0,103,69
22630123.0,81,59
22630144.0,82,61
22630145.0,83,53
22630154.0,86,49
22630157.0,90,65
22630207.0,88,51
22630214.0,85,59
22630218.0,81,61
22630266.0,88,48
22630385.0,87,53
22630414.0,81,53
22630435.0,83,57
22630443.0,81,51
22630549.0,84,53
22630564.0,104,78
22630584.0,92,52
22630606.0,86,51
22630609.0,81,54
22630742.0,93,74
22630788.0,92,53
22630808.0,85,56
22630810.0,87,63
22630818.0,89,52
22630906.0,86,51
22630919.0,89,53
22630934.0,91,50
22630945.0,84,52
22630953.0,87,50
22631017.0,81,55
22631024.0,86,48
22631049.0,93,54
22631082.0,89,50
22631109.0,84,54
22631187.0,86,52
22631216.0,90,52
22631237.0,94,55
22631334.0,35,117
22631349.0,84,49
22631359.0,95,57
22631383.0,86,50
22631391.0,85,50
22631402.0,82,56
22631413.0,83,50
22631494.0,89,64
22631542.0,86,63
22631544.0,82,58
22631553.0,87,49
22631575.0,82,60
22631783.0,54,55
22631813.0,85,49
22631815.0,96,59
22631818.0,90,48
22631850.0,82,55
22631851.0,84,58
22631892.0,81,53
22631903.0,85,54
22631936.0,83,52
22631960.0,85,55
22631964.0,95,62
22632003.0,83,60
22632004.0,80,58
22632004.0,84,59
22632074.0,89,52
22632086.0,82,56
22632098.0,90,54
22632122.0,81,59
22632141.0,86,55
22632146.0,35,117
22632212.0,80,76
22632218.0,83,51
22632235.0,85,62
22632312.0,97,61
22632312.0,85,54
22632336.0,96,61
22632349.0,93,55
22632415.0,84,54
22632423.0,97,60
22632426.0,35,117
22632441.0,83,58
22632503.0,82,58
22632503.0,92,52
22632521.0,91,49
22632532.0,87,49
22632541.0,86,56
22632546.0,88,50
22632566.0,85,58
22632578.0,92,51
22632615.0,83,51
22632636.0,86,51
22632766.0,85,54
22632824.0,93,53
22632890.0,96,58
22632910.0,95,56
22632972.0,83,49
22632992.0,90,64
22633006.0,54,54
22633010.0,86,59
22633015.0,89,49
22633109.0,85,49
22633109.0,84,57
22633110.0,90,51
22633129.0,86,48
22633168.0,85,53
22633172.0,86,54
22633176.0,89,51
22633204.0,83,61
22633220.0,84,50
22633221.0,93,54
22633235.0,87,75
22633270.0,82,59
22633318.0,91,49
22633324.0,83,56
22633346.0,95,56
22633353.0,90,53
22633371.0,83,52
22633389.0,85,54
22633422.0,89,52
22633441.0,84,53
22633497.0,85,59
22633529.0,85,53
22633561.0,94,56
22633600.0,54,54
22633705.0,84,61
22633717.0,83,57
22633722.0,87,48
22633859.0,82,54
22633898.0,84,51
22633935.0,89,51
22633943.0,86,60
22633952.0,90,65
22633999.0,90,50
22634002.0,90,48
22634057.0,85,53
22634065.0,96,57
22634158.0,94,54
22634198.0,95,58
22634228.0,93,53
22634256.0,98,62
22634260.0,85,53
22634333.0,92,50
22634381.0,83,58
22634388.0,83,51
22634409.0,84,58
22634428.0,91,53
22634438.0,105,76
22634440.0,89,48
22634544.0,84,62
22634564.0,85,55
22634781.0,93,52
22634911.0,93,69
22634913.0,91,48
22634919.0,90,47
22634955.0,85,58
22634977.0,84,53
22635028.0,84,62
22635113.0,85,53
22635154.0,82,53
22635185.0,87,63
22635214.0,100,66
22635218.0,93,69
22635236.0,86,49
22635242.0,83,51
22635265.0,85,59
22635291.0,85,54
22635323.0,87,48
22635348.0,91,52
22635414.0,83,59
22635418.0,86,55
22635503.0,85,52
22635519.0,94,55
22635523.0,82,59
22635534.0,85,61
22635594.0,89,48
22635614.0,98,60
22635735.0,90,52
22635749.0,35,111
22635751.0,87,50
22635767.0,90,50
22635776.0,83,55
22635788.0,85,57
22635793.0,85,62
22635822.0,88,49
22635848.0,95,55
22635858.0,90,49
22635861.0,94,54
22635878.0,89,62
22635881.0,86,48
22635899.0,84,49
22635914.0,84,58
22635973.0,86,54
22635985.0,84,50
22635994.0,99,64
22635997.0,84,56
22636034.0,89,50
22636087.0,92,49
22636096.0,86,49
22636114.0,82,52
22636144.0,83,56
22636153.0,87,55
22636158.0,91,64
22636214.0,82,58
22636220.0,86,55
22636241.0,89,62
22636300.0,84,61
22636383.0,85,62
22636483.0,93,51
22636490.0,87,62
22636490.0,86,58
22636511.0,90,63
22636526.0,87,55
22636535.0,93,64
22636587.0,97,58
22636592.0,99,61
22636635.0,71,55
22636636.0,68,49
22636687.0,83,60
22636750.0,86,53
22636778.0,85,48
22636835.0,91,51
22636904.0,88,55
22636945.0,86,64
22636956.0,85,51
22637022.0,96,56
22637024.0,89,63
22637038.0,84,51
22637057.0,87,55
22637074.0,87,49
22637095.0,92,64
22637103.0,84,57
22637126.0,91,48
22637130.0,91,51
22637137.0,95,57
22637146.0,88,63
22637183.0,91,63
22637196.0,88,55
22637199.0,85,51
22637216.0,85,53
22637322.0,83,57
22637331.0,97,60
22637466.0,84,60
22637521.0,98,65
22637522.0,85,61
22637549.0,88,48
22637556.0,86,54
22637589.0,90,64
22637621.0,87,55
22637652.0,94,53
22637691.0,91,53
22637703.0,82,58
22637727.0,84,49
22637728.0,91,51
22637743.0,92,49
22637758.0,83,54
22637767.0,53,59
22637771.0,89,64
22637821.0,91,47
22637851.0,84,58
22637885.0,92,48
22637901.0,86,48
22637918.0,93,50
22637929.0,92,50
22637979.0,85,50
22637990.0,57,71
22638036.0,90,51
22638052.0,91,50
22638061.0,55,61
22638067.0,56,61
22638072.0,97,61
22638083.0,87,54
22638200.0,92,53
22638249.0,85,58
22638295.0,93,52
22638350.0,88,62
22638377.0,90,50
22638393.0,95,54
22638444.0,87,50
22638524.0,84,56
22638530.0,86,52
22638564.0,90,48
22638600.0,89,49
22638718.0,94,52
22638731.0,83,57
22638854.0,87,55
22638877.0,86,58
22638894.0,83,58
22638897.0,96,56
22638900.0,85,57
22638930.0,95,55
22638943.0,86,48
22638967.0,87,58
22638981.0,93,53
22639023.0,92,48
22639043.0,83,59
22639080.0,91,52
22639109.0,85,56
22639116.0,84,57
22639143.0,86,57
22639198.0,97,57
22639210.0,85,58
22639272.0,99,64
22639286.0,84,59
22639297.0,86,54
22639327.0,94,53
22639349.0,85,49
22639351.0,93,50
22639356.0,89,52
22639365.0,94,52
22639373.0,85,52
22639471.0,89,48
22639521.0,88,47
22639527.0,89,61
22639545.0,90,50
22639549.0,91,49
22639551.0,84,51
22639578.0,85,49
22639578.0,85,50
22639579.0,87,72
22639593.0,98,61
22639610.0,97,57
22639698.0,92,52
22639731.0,87,48
22639732.0,93,49
22639855.0,86,51
22639908.0,88,59
22639994.0,85,48
22640034.0,96,58
22640101.0,84,57
22640197.0,87,62
22640204.0,84,55
22640205.0,83,51
22640236.0,88,47
22640243.0,89,48
22640255.0,95,54
22640411.0,86,62
22640447.0,96,55
22640488.0,87,55
22640552.0,91,48
22640562.0,98,59
22640570.0,94,51
22640589.0,85,51
22640619.0,85,49
22640630.0,94,52
22640633.0,99,63
22640744.0,84,57
22640787.0,97,59
22640796.0,98,60
22640807.0,87,49
22640820.0,91,51
22640868.0,87,57
22640878.0,93,49
22640939.0,97,57
22640968.0,92,51
22640976.0,88,49
22640977.0,93,48
22640981.0,84,50
22640991.0,104,70
22640993.0,85,60
22641023.0,68,48
22641046.0,92,52
22641122.0,87,53
22641130.0,83,52
22641166.0,85,57
22641186.0,86,53
22641233.0,96,56
22641272.0,92,47
22641321.0,85,50
22641359.0,67,49
22641370.0,86,57
22641375.0,85,48
22641379.0,92,50
22641396.0,84,54
22641399.0,100,72
22641500.0,85,56
22641520.0,83,58
22641538.0,40,82
22641546.0,97,57
22641600.0,96,57
22641609.0,98,58
22641629.0,87,54
22641706.0,86,61
22641713.0,94,51
22641727.0,35,106
22641731.0,91,51
22641747.0,90,49
22641752.0,94,50
22641781.0,86,58
22641791.0,95,53
22641889.0,86,51
22641928.0,91,64
22641937.0,89,47
22642015.0,87,52
22642111.0,86,50
22642131.0,105,76
22642261.0,68,47
22642279.0,86,47
22642285.0,97,56
22642286.0,83,53
22642313.0,92,53
22642334.0,93,48
22642343.0,86,49
22642348.0,88,54
22642430.0,91,48
22642472.0,85,50
22642477.0,87,47
22642478.0,88,49
22642494.0,97,57
22642518.0,93,53
22642528.0,89,62
22642568.0,83,57
22642618.0,93,76
22642646.0,85,57
22642662.0,83,53
22642682.0,92,52
22642698.0,94,50
22642748.0,88,48
22642774.0,87,54
22642856.0,84,58
22642881.0,87,48
22642972.0,85,55
22642973.0,86,52
22642987.0,90,48
22643019.0,96,55
22643024.0,98,58
22643035.0,86,56
22643049.0,92,50
22643051.0,95,52
22643084.0,91,47
22643105.0,84,53
22643181.0,85,60
22643236.0,93,47
22643245.0,90,62
22643295.0,84,58
22643306.0,84,60
22643330.0,87,47
22643384.0,86,60
22643390.0,87,51
22643452.0,92,49
22643459.0,69,56
22643460.0,87,61
22643499.0,92,86
22643506.0,86,56
22643545.0,84,51
22643603.0,84,71
22643617.0,36,116
22643656.0,89,47
22643662.0,84,56
22643698.0,78,78
22643719.0,91,52
22643746.0,83,57
22643757.0,86,51
22643785.0,96,54
22643812.0,98,59
22643814.0,83,53
22643863.0,88,61
22643880.0,93,52
22643920.0,94,49
22643923.0,88,47
22643983.0,87,53
22644100.0,84,59
22644129.0,91,50
22644153.0,88,49
22644220.0,86,57
22644278.0,89,49
22644301.0,83,50
22644355.0,86,56
22644470.0,97,56
22644528.0,94,47
22644538.0,87,56
22644561.0,84,50
22644563.0,86,48
22644565.0,91,49
22644566.0,95,51
22644567.0,92,48
22644601.0,83,50
22644609.0,98,57
22644622.0,84,56
22644625.0,92,52
22644677.0,87,57
22644695.0,87,50
22644792.0,86,47
22644839.0,86,50
22644887.0,84,57
22644891.0,93,51
22644946.0,100,61
22645029.0,93,47
22645042.0,85,59
22645068.0,69,55
22645113.0,88,47
22645141.0,97,65
22645147.0,85,58
22645175.0,100,64
22645225.0,92,51
22645310.0,95,50
22645379.0,90,47
22645380.0,85,56
22645382.0,97,55
22645399.0,88,53
22645404.0,94,48
22645409.0,93,53
22645416.0,91,63
22645472.0,91,49
22645477.0,88,52
22645507.0,85,59
22645517.0,94,49
22645550.0,87,48
22645572.0,91,48
22645607.0,93,65
22645641.0,87,49
22645642.0,93,50
22645644.0,86,55
22645649.0,89,49
22645661.0,86,50
22645672.0,86,51
22645687.0,83,51
22645693.0,91,62
22645836.0,89,48
22645840.0,89,62
22645872.0,89,63
22645905.0,84,51
22645915.0,92,47
22645923.0,85,49
22645924.0,88,54
22645987.0,91,49
22646018.0,89,54
22646031.0,96,64
22646076.0,95,51
22646172.0,85,54
22646173.0,93,49
22646180.0,96,54
22646189.0,90,50
22646208.0,45,98
22646210.0,86,57
22646240.0,83,51
22646268.0,36,121
22646310.0,88,62
22646352.0,101,63
22646362.0,88,57
22646373.0,95,50
22646395.0,85,53
22646463.0,85,59
22646543.0,87,58
22646578.0,96,53
22646616.0,103,67
22646739.0,96,65
22646762.0,101,63
22646835.0,89,53
22646863.0,85,59
22646881.0,84,57
22646922.0,100,63
22646957.0,85,57
22646972.0,93,49
22646979.0,95,49
22646985.0,94,47
22646985.0,83,51
22647031.0,94,74
22647055.0,86,56
22647079.0,102,66
22647091.0,87,52
22647199.0,89,47
22647227.0,83,109
22647376.0,88,51
22647413.0,86,55
22647414.0,92,50
22647416.0,85,56
22647452.0,97,55
22647472.0,87,56
22647480.0,86,49
22647488.0,64,49
22647498.0,88,49
22647499.0,87,57
22647518.0,87,90
22647532.0,87,47
22647553.0,89,89
22647609.0,87,49
22647671.0,101,66
22647690.0,84,58
22647736.0,90,49
22647740.0,88,59
22647775.0,88,53
22647795.0,86,59
22647803.0,88,49
22647842.0,96,52
22647933.0,90,46
22647976.0,90,49
22647979.0,84,56
22648011.0,90,50
22648024.0,91,48
22648036.0,87,48
22648060.0,95,49
22648073.0,98,56
22648114.0,99,58
22648122.0,88,60
22648129.0,87,49
22648139.0,101,63
22648214.0,93,48
22648247.0,86,56
22648258.0,89,48
22648344.0,87,48
22648406.0,91,47
22648451.0,96,51
22648465.0,93,51
22648488.0,97,54
22648504.0,89,47
22648522.0,95,51
22648528.0,99,60
22648546.0,89,54
22648548.0,85,50
22648554.0,87,60
22648591.0,92,49
22648601.0,94,52
22648612.0,85,51
22648669.0,99,55
22648673.0,93,50
22648677.0,88,46
22648709.0,87,55
22648721.0,87,47
22648731.0,87,59
22648741.0,83,110
22648767.0,88,49
22648783.0,94,47
22648785.0,86,54
22648797.0,89,53
22648811.0,84,52
22648830.0,95,48
22648853.0,85,52
22648868.0,88,50
22648877.0,98,60
22648882.0,96,55
22648888.0,87,55
22648906.0,97,56
22648918.0,85,51
22648938.0,92,63
22648939.0,101,62
22649166.0,96,51
22649216.0,90,57
22649227.0,87,57
22649286.0,88,61
22649299.0,98,58
22649346.0,93,47
22649449.0,94,51
22649503.0,93,51
22649506.0,88,56
22649531.0,90,83
22649560.0,96,50
22649567.0,85,51
22649581.0,94,50
22649583.0,85,57
22649590.0,95,47
22649612.0,89,52
22649615.0,91,46
22649620.0,98,55
22649682.0,89,61
22649699.0,95,53
22649707.0,87,56
22649826.0,88,57
22649912.0,87,49
22649913.0,88,52
22649917.0,87,55
22649981.0,85,51
22649997.0,86,57
22650084.0,89,46
22650086.0,93,50
22650088.0,85,55
22650193.0,99,58
22650220.0,85,50
22650248.0,87,50
22650266.0,84,56
22650352.0,91,46
22650390.0,96,53
22650415.0,96,50
22650418.0,89,53
22650531.0,94,49
22650551.0,84,56
22650569.0,95,47
22650575.0,92,47
22650611.0,94,46
22650653.0,89,51
22650719.0,87,56
22650790.0,88,60
22650790.0,85,56
22650827.0,98,56
22650836.0,97,53
22650843.0,86,58
22650872.0,99,59
22650885.0,90,53
22650906.0,68,51
22650906.0,92,48
22650949.0,92,52
22650986.0,69,60
22651010.0,86,55
22651146.0,87,54
22651151.0,96,49
22651235.0,91,86
22651240.0,69,52
22651394.0,36,119
22651401.0,86,53
22651405.0,88,48
22651410.0,88,47
22651426.0,93,49
22651431.0,99,57
22651537.0,88,51
22651575.0,90,46
22651613.0,89,46
22651659.0,88,56
22651684.0,86,51
22651739.0,94,48
22651831.0,69,52
22651936.0,97,52
22651977.0,89,60
22651984.0,91,48
22652036.0,92,47
22652056.0,97,54
22652108.0,88,50
22652169.0,86,50
22652189.0,86,52
22652219.0,36,118
22652223.0,98,55
22652238.0,92,46
22652291.0,90,61
22652305.0,98,61
22652311.0,88,57
22652321.0,96,48
22652368.0,86,49
22652375.0,89,53
22652409.0,94,51
22652461.0,86,55
22652468.0,95,46
22652500.0,94,46
22652504.0,90,49
22652633.0,89,56
22652649.0,97,52
22652681.0,89,52
22652688.0,97,53
22652690.0,97,51
22652718.0,91,61
22652731.0,90,46
22652805.0,94,46
22652836.0,95,52
22652875.0,64,89
22652882.0,105,70
22652889.0,94,73
22652891.0,90,52
22652896.0,89,61
22652900.0,85,56
22652919.0,92,62
22652924.0,89,50
22652976.0,94,47
22652984.0,88,56
22652995.0,88,46
22653001.0,96,52
22653071.0,87,55
22653084.0,99,56
22653094.0,88,59
22653124.0,87,48
22653130.0,93,48
22653144.0,86,56
22653146.0,94,48
22653155.0,91,48
22653266.0,92,46
22653267.0,88,49
22653276.0,93,49
22653408.0,94,46
22653424.0,102,66
22653432.0,97,50
22653588.0,89,57
22653596.0,95,50
22653633.0,102,69
22653644.0,98,54
22653690.0,95,51
22653697.0,88,55
22653794.0,95,62
22653801.0,87,57
22653825.0,87,58
22653920.0,85,55
22653928.0,87,51
22653948.0,96,47
22653978.0,87,55
22653980.0,91,46
22653985.0,89,49
22653992.0,100,71
22654156.0,93,62
22654163.0,85,49
22654188.0,88,48
22654318.0,90,46
22654379.0,99,55
22654386.0,97,49
22654425.0,90,60
22654454.0,89,48
22654457.0,90,51
22654481.0,89,51
22654586.0,87,54
22654638.0,95,49
22654708.0,88,48
22654772.0,89,47
22654949.0,88,56
22654980.0,89,46
22654992.0,99,73
22654998.0,93,46
22655006.0,95,46
22655045.0,98,57
22655130.0,86,56
22655212.0,87,53
22655261.0,101,64
22655279.0,57,65
22655294.0,88,58
22655323.0,90,50
22655367.0,100,74
22655371.0,100,58
22655379.0,98,53
22655380.0,99,55
22655403.0,94,51
22655407.0,97,50
22655469.0,94,49
22655485.0,89,56
22655547.0,96,46
22655581.0,95,46
22655590.0,95,48
22655612.0,94,48
22655630.0,95,52
22655729.0,93,47
22655749.0,97,48
22655787.0,97,51
22655817.0,87,52
22655819.0,87,48
22655828.0,86,57
22655868.0,89,59
22655876.0,90,49
22655909.0,89,55
22655922.0,88,55
22655934.0,89,50
22656095.0,98,52
22656106.0,88,59
22656112.0,93,46
22656120.0,100,60
22656170.0,90,52
22656170.0,88,54
22656196.0,87,52
22656208.0,91,52
22656232.0,94,48
22656327.0,91,53
22656362.0,93,63
22656440.0,89,49
22656484.0,86,55
22656488.0,95,47
22656535.0,96,52
22656619.0,87,49
22656669.0,97,47
22656695.0,97,48
22656718.0,92,47
22656797.0,98,51
22656825.0,99,56
22656834.0,57,49
22656838.0,89,48
22656839.0,95,51
22656861.0,87,50
22656865.0,90,56
22656876.0,87,54
22656893.0,90,45
22656899.0,100,57
22656913.0,91,45
22656924.0,93,45
22656962.0,86,54
22657025.0,55,57
22657055.0,99,57
22657064.0,99,54
22657102.0,91,57
22657105.0,96,46
22657118.0,56,50
22657171.0,97,49
22657185.0,102,63
22657204.0,92,46
22657205.0,98,52
22657216.0,99,55
22657255.0,87,50
22657256.0,90,56
22657276.0,62,56
22657284.0,58,50
22657328.0,57,49
22657353.0,91,56
22657446.0,54,56
22657583.0,101,63
22657623.0,90,49
22657633.0,87,54
22657637.0,95,50
22657677.0,91,53
22657695.0,98,50
22657697.0,93,49
22657699.0,91,45
22657714.0,34,52
22657726.0,96,50
22657750.0,92,47
22657764.0,94,46
22657788.0,87,56
22657802.0,88,53
22657804.0,60,49
22657819.0,35,51
22657844.0,90,46
22657862.0,57,49
22657942.0,92,62
22657977.0,92,61
22658003.0,97,46
22658031.0,94,47
22658067.0,94,63
22658102.0,96,51
22658110.0,90,59
22658125.0,86,55
22658278.0,91,54
22658294.0,98,51
22658319.0,89,76
22658320.0,98,49
22658340.0,90,47
22658374.0,99,54
22658396.0,89,60
22658399.0,35,51
22658455.0,89,46
22658457.0,97,71
22658475.0,89,54
22658477.0,91,51
22658524.0,95,51
22658552.0,100,73
22658601.0,98,50
22658605.0,98,54
22658646.0,94,50
22658673.0,93,62
22658708.0,87,57
22658711.0,94,46
22658713.0,90,57
22658768.0,93,45
22658880.0,91,61
22658886.0,86,54
22658905.0,88,57
22658905.0,56,65
22658942.0,98,53
22658948.0,64,60
22658985.0,90,50
22659020.0,96,49
22659038.0,89,56
22659044.0,87,57
22659124.0,94,52
22659141.0,89,53
22659165.0,88,54
22659200.0,35,51
22659217.0,91,61
22659257.0,89,58
22659291.0,90,48
22659296.0,86,54
22659354.0,95,49
22659420.0,98,69
22659470.0,96,48
22659470.0,91,50
22659507.0,93,63
22659532.0,90,55
22659554.0,99,53
22659584.0,95,48
22659590.0,35,51
22659639.0,89,47
22659643.0,94,45
22659651.0,97,47
22659664.0,90,59
22659669.0,96,47
22659699.0,88,52
22659742.0,98,48
22659751.0,87,55
22659773.0,94,62
22659779.0,93,47
22659797.0,96,70
22659809.0,89,52
22659822.0,88,51
22659880.0,95,64
22659884.0,96,46
22659917.0,90,60
22659987.0,90,46
22659991.0,89,55
22660007.0,96,47
22660015.0,90,49
22660027.0,93,77
22660044.0,91,50
22660074.0,95,50
22660106.0,91,49
22660118.0,91,52
22660215.0,94,51
22660257.0,92,45
22660273.0,53,60
22660282.0,88,54
22660287.0,98,47
22660318.0,92,60
22660363.0,100,57
22660426.0,94,45
22660484.0,88,49
22660502.0,99,53
22660597.0,99,52
22660637.0,96,47
22660660.0,91,48
22660677.0,94,52
22660684.0,91,59
22660739.0,98,49
22660752.0,89,47
22660906.0,100,59
22660930.0,91,60
22660967.0,96,51
22660985.0,2,107
22660987.0,101,60
22660999.0,95,63
22661013.0,97,51
22661014.0,91,51
22661148.0,95,47
22661226.0,99,51
22661232.0,93,45
22661259.0,93,46
22661287.0,98,52
22661343.0,99,50
22661415.0,98,46
22661427.0,96,50
22661449.0,90,47
22661492.0,89,53
22661534.0,106,72
22661558.0,100,55
22661586.0,93,46
22661588.0,101,58
22661606.0,90,48
22661636.0,90,54
22661706.0,99,52
22661710.0,93,75
22661723.0,92,51
22661740.0,97,49
22661748.0,92,52
22661763.0,95,46
22661783.0,99,54
22661797.0,91,47
22661884.0,101,59
22661901.0,91,51
22661910.0,86,76
22661926.0,89,52
22661956.0,92,51
22661967.0,97,50
22661976.0,87,54
22661977.0,100,58
22662030.0,97,48
22662039.0,99,51
22662055.0,37,99
22662100.0,91,45
22662152.0,99,50
22662237.0,90,58
22662320.0,89,57
22662356.0,95,45
22662371.0,97,52
22662381.0,94,51
22662390.0,99,49
22662400.0,91,46
22662415.0,92,51
22662555.0,88,55
22662588.0,91,45
22662601.0,93,45
22662606.0,101,57
22662653.0,88,56
22662660.0,89,57
22662786.0,89,52
22662842.0,91,50
22662854.0,96,49
22662855.0,67,67
22662909.0,98,68
22662953.0,97,47
22662958.0,100,54
22662969.0,89,47
22662987.0,96,48
22663007.0,88,53
22663027.0,92,53
22663035.0,91,57
22663048.0,98,47
22663054.0,102,65
22663164.0,106,70
22663165.0,89,57
22663182.0,90,47
22663217.0,99,49
22663240.0,89,54
22663287.0,89,47
22663347.0,92,50
22663355.0,91,54
22663365.0,92,49
22663366.0,97,72
22663394.0,90,57
22663416.0,99,48
22663424.0,89,57
22663441.0,83,51
22663479.0,94,47
22663484.0,91,45
22663497.0,91,55
22663553.0,92,52
22663576.0,96,50
22663585.0,88,48
22663803.0,91,55
22663812.0,99,53
22663846.0,100,55
22663847.0,82,51
22663853.0,100,56
22663871.0,99,47
22663945.0,102,74
22663947.0,99,51
22663955.0,97,46
22663961.0,91,47
22663982.0,96,47
22663989.0,89,48
22664015.0,97,49
22664017.0,98,46
22664037.0,91,58
22664053.0,89,51
22664060.0,89,49
22664112.0,58,57
22664122.0,90,53
22664129.0,94,46
22664137.0,89,56
22664160.0,99,46
22664185.0,91,49
22664233.0,95,51
22664253.0,101,58
22664258.0,106,76
22664259.0,53,55
22664298.0,100,53
22664302.0,97,46
22664397.0,44,115
22664420.0,90,53
22664448.0,96,52
22664455.0,101,56
22664477.0,92,51
22664484.0,89,50
22664534.0,97,51
22664552.0,95,50
22664593.0,91,55
22664604.0,94,45
22664611.0,53,55
22664815.0,89,53
22664850.0,96,48
22664977.0,101,60
22664978.0,92,48
22664988.0,100,52
22664996.0,88,54
22665144.0,101,57
22665148.0,90,54
22665149.0,100,51
22665154.0,99,47
22665179.0,97,50
22665192.0,100,50
22665203.0,99,50
22665207.0,93,52
22665223.0,93,51
22665238.0,87,54
22665293.0,56,54
22665299.0,98,52
22665346.0,94,46
22665378.0,94,47
22665514.0,96,46
22665517.0,93,44
22665532.0,92,55
22665612.0,98,49
22665631.0,97,49
22665663.0,100,51
22665704.0,89,55
22665731.0,89,47
22665783.0,90,57
22665824.0,92,45
22665832.0,96,45
22665878.0,100,50
22665968.0,92,50
22666084.0,52,56
22666100.0,91,54
22666130.0,98,50
22666133.0,94,62
22666154.0,99,46
22666176.0,95,47
22666181.0,98,48
22666210.0,98,47
22666232.0,97,70
22666248.0,90,47
22666315.0,90,52
22666350.0,88,50
22666415.0,98,51
22666435.0,95,51
22666501.0,100,52
22666557.0,94,61
22666574.0,92,60
22666592.0,98,46
22666607.0,90,53
22666664.0,96,61
22666676.0,93,60
22666725.0,92,46
22666753.0,91,59
22666765.0,100,49
22666833.0,92,49
22666844.0,55,53
22666849.0,93,52
22666867.0,92,51
22666885.0,90,53
22666886.0,91,47
22667091.0,103,63
22667136.0,100,47
22667138.0,101,55
22667179.0,97,50
22667287.0,89,53
22667324.0,97,48
22667331.0,100,53
22667344.0,97,47
22667361.0,100,48
22667451.0,106,71
22667495.0,91,48
22667496.0,91,46
22667503.0,92,48
22667550.0,101,54
22667654.0,95,50
22667699.0,93,49
22667722.0,101,56
22667728.0,91,58
22667772.0,92,58
22667831.0,105,68
22667874.0,106,69
22667952.0,97,49
22667982.0,88,53
22668023.0,98,52
22668085.0,102,59
22668246.0,100,46
22668275.0,93,50
22668307.0,92,46
22668311.0,95,45
22668312.0,94,44
22668343.0,88,89
22668353.0,89,54
22668377.0,91,57
22668434.0,93,48
22668463.0,93,51
22668480.0,96,50
22668494.0,93,45
22668495.0,93,50
22668508.0,89,52
22668514.0,90,47
22668522.0,97,46
22668525.0,90,53
22668545.0,101,54
22668620.0,91,85
22668639.0,91,57
22668687.0,95,45
22668717.0,97,45
22668740.0,102,58
22668756.0,93,46
22668783.0,90,48
22668817.0,96,44
22668890.0,97,47
22668942.0,98,50
22668954.0,92,46
22669004.0,90,56
22669019.0,101,53
22669029.0,89,55
22669067.0,90,49
22669098.0,93,44
22669110.0,98,51
22669135.0,100,46
22669156.0,98,46
22669198.0,102,57
22669241.0,99,49
22669282.0,101,49
22669349.0,91,52
22669352.0,95,44
22669381.0,99,47
22669406.0,101,52
22669412.0,91,53
22669421.0,90,49
22669461.0,94,51
22669470.0,98,46
22669478.0,91,54
22669497.0,99,50
22669500.0,101,51
22669508.0,96,48
22669562.0,92,59
22669600.0,89,55
22669676.0,101,50
22669687.0,99,48
22669771.0,99,46
22669778.0,99,50
22669824.0,91,57
22669984.0,98,50
22669991.0,102,59
22670010.0,101,48
22670038.0,90,49
22670114.0,89,52
22670177.0,101,52
22670181.0,99,51
22670186.0,93,50
22670209.0,102,56
22670237.0,91,46
22670244.0,93,52
22670336.0,91,52
22670342.0,99,50
22670354.0,90,52
22670367.0,90,49
22670422.0,101,51
22670427.0,100,70
22670428.0,99,71
22670478.0,101,47
22670481.0,92,54
22670493.0,89,53
22670519.0,101,53
22670535.0,97,44
22670535.0,88,54
22670567.0,91,47
22670579.0,99,50
22670597.0,96,46
22670620.0,98,48
22670667.0,94,50
22670669.0,93,49
22670677.0,96,48
22670688.0,93,51
22670690.0,91,52
22670701.0,91,53
22670802.0,95,47
22670848.0,90,54
22670919.0,87,54
22670945.0,90,55
22670960.0,91,51
22671029.0,102,57
22671101.0,96,45
22671174.0,90,52
22671204.0,96,62
22671238.0,94,49
22671322.0,101,49
22671365.0,54,59
22671368.0,97,45
22671488.0,98,49
22671548.0,95,44
22671570.0,98,47
22671636.0,93,60
22671733.0,101,46
22671769.0,91,56
22671771.0,93,48
22671783.0,98,45
22671784.0,94,48
22671878.0,97,62
22671962.0,94,44
22671987.0,92,53
22672001.0,94,47
22672035.0,101,47
22672067.0,91,48
22672195.0,100,70
22672207.0,94,59
22672227.0,98,46
22672343.0,93,54
22672349.0,92,54
22672476.0,94,46
22672481.0,97,50
22672484.0,97,49
22672487.0,101,48
22672671.0,102,56
22672675.0,89,52
22672755.0,102,55
22672764.0,101,55
22672885.0,91,52
22672902.0,95,60
22673101.0,94,50
22673109.0,102,50
22673120.0,94,51
22673147.0,91,49
22673151.0,101,71
22673204.0,97,47
22673257.0,101,50
22673275.0,100,47
22673280.0,100,46
22673299.0,90,53
22673305.0,102,72
22673307.0,97,48
22673315.0,102,49
22673341.0,94,45
22673358.0,95,108
22673408.0,100,49
22673424.0,99,65
22673458.0,95,50
22673465.0,96,45
22673530.0,91,47
22673535.0,100,48
22673545.0,95,51
22673547.0,92,52
22673567.0,91,52
22673587.0,92,51
22673588.0,102,51
22673599.0,92,53
22673662.0,102,53
22673663.0,102,52
22673697.0,97,45
22673727.0,37,96
22673790.0,92,57
22673803.0,99,50
22673823.0,102,50
22673831.0,102,48
22673843.0,98,44
22673855.0,99,51
22673862.0,55,51
22673935.0,97,50
22673979.0,92,56
22673982.0,94,48
22674029.0,97,46
22674057.0,102,47
22674090.0,96,44
22674128.0,99,49
22674287.0,97,49
22674288.0,100,50
22674306.0,92,46
22674392.0,93,57
22674398.0,94,49
22674399.0,95,61
22674404.0,93,58
22674413.0,95,44
22674416.0,94,46
22674420.0,99,48
22674434.0,99,47
22674453.0,97,44
22674453.0,98,44
22674481.0,96,48
22674531.0,100,51
22674557.0,102,51
22674641.0,102,61
22674644.0,99,45
22674702.0,93,48
22674754.0,103,58
22674778.0,97,48
22674793.0,94,50
22674847.0,96,47
22674850.0,91,55
22674874.0,102,52
22674899.0,93,59
22674936.0,102,46
22675022.0,102,53
22675049.0,95,48
22675051.0,102,47
22675067.0,102,72
22675068.0,95,49
22675076.0,94,47
22675172.0,103,57
22675235.0,99,46
22675266.0,92,52
22675294.0,102,49
22675321.0,54,52
22675322.0,97,47
22675398.0,95,45
22675471.0,91,54
22675636.0,94,54
22675646.0,99,45
22675707.0,93,45
22675736.0,92,57
22675748.0,101,54
22675765.0,102,54
22675894.0,95,67
22675909.0,95,46
22675934.0,94,58
22675945.0,95,47
22676027.0,103,59
22676039.0,99,44
22676042.0,103,56
22676069.0,91,51
22676090.0,99,51
22676102.0,94,45
22676104.0,97,46
22676105.0,93,53
22676125.0,93,52
22676162.0,101,47
22676199.0,94,55
22676205.0,103,57
22676249.0,102,57
22676264.0,101,46
22676278.0,97,70
22676282.0,93,45
22676296.0,95,46
22676299.0,101,48
22676307.0,95,51
22676325.0,98,46
22676539.0,92,48
22676546.0,103,55
22676549.0,92,49
22676560.0,103,50
22676575.0,101,49
22676589.0,94,55
22676646.0,103,49
22676678.0,101,48
22676701.0,93,51
22676737.0,95,44
22676755.0,102,55
22676757.0,35,108
22676957.0,103,60
22676998.0,91,53
22677001.0,99,44
22677015.0,91,51
22677032.0,103,48
22677071.0,92,47
22677102.0,98,47
22677127.0,95,50
22677128.0,101,47
22677137.0,100,50
22677142.0,100,51
22677171.0,101,48
22677291.0,98,44
22677355.0,101,50
22677358.0,101,48
22677367.0,103,49
22677404.0,100,48
22677520.0,93,58
22677604.0,97,43
22677610.0,98,48
22677635.0,94,45
22677656.0,103,50
22677671.0,103,47
22677672.0,93,53
22677683.0,100,47
22677722.0,100,46
22677728.0,103,46
22677734.0,98,45
22677830.0,101,47
22677834.0,93,46
22677905.0,103,51
22677921.0,92,52
22677928.0,96,50
22678044.0,96,47
22678077.0,103,54
22678112.0,95,49
22678123.0,94,57
22678145.0,96,51
22678150.0,103,52
22678155.0,96,48
22678161.0,100,51
22678199.0,103,55
22678225.0,95,45
22678228.0,94,53
22678270.0,101,51
22678283.0,100,49
22678339.0,91,52
22678435.0,103,53
22678448.0,93,46
22678484.0,95,48
22678489.0,98,48
22678510.0,101,50
22678522.0,102,52
22678547.0,96,44
22678599.0,93,51
22678668.0,101,49
22678697.0,100,44
22678717.0,103,48
22678724.0,100,45
22678744.0,93,48
22678791.0,98,44
22678890.0,94,54
22678904.0,98,45
22678909.0,93,56
22678939.0,95,62
22678981.0,95,55
22678992.0,94,59
22679076.0,103,52
22679148.0,103,46
22679149.0,93,52
22679213.0,98,47
22679242.0,96,46
22679296.0,107,73
22679390.0,93,47
22679431.0,93,50
22679481.0,92,54
22679543.0,96,45
22679569.0,98,46
22679623.0,93,57
22679719.0,95,45
22679731.0,92,51
22679755.0,102,47
22679792.0,103,56
22679864.0,96,51
22679988.0,98,43
22680038.0,102,46
22680088.0,95,54
22680204.0,92,56
22680229.0,95,60
22680249.0,94,45
22680341.0,99,49
22680397.0,104,47
22680487.0,102,48
22680516.0,99,50
22680527.0,100,48
22680533.0,99,45
22680561.0,102,49
22680586.0,99,49
22680641.0,100,50
22680642.0,93,49
22680647.0,104,48
22680702.0,99,47
22680735.0,101,50
22680748.0,103,47
22680761.0,95,47
22680789.0,99,48
22680792.0,103,49
22680799.0,93,49
22680826.0,96,50
22680829.0,101,49
22680833.0,93,55
22680923.0,99,46
22680943.0,104,50
22680971.0,99,44
22680974.0,93,51
22681026.0,101,45
22681087.0,104,49
22681091.0,104,47
22681096.0,100,44
22681155.0,96,59
22681159.0,99,44
22681175.0,94,58
22681210.0,102,58
22681255.0,91,51
22681282.0,101,51
22681372.0,104,46
22681483.0,103,51
22681504.0,104,51
22681509.0,97,43
22681520.0,99,46
22681566.0,105,50
22681567.0,101,48
22681583.0,101,50
22681673.0,102,50
22681706.0,92,52
22681714.0,102,53
22681744.0,101,46
22681804.0,98,43
22681867.0,97,50
22681892.0,96,60
22681944.0,94,60
22681962.0,92,53
22682116.0,97,43
22682124.0,94,50
22682126.0,107,70
22682133.0,94,51
22682156.0,99,50
22682164.0,94,60
22682168.0,101,44
22682190.0,101,47
22682249.0,99,47
22682255.0,52,55
22682329.0,96,55
22682337.0,104,51
22682383.0,104,48
22682396.0,94,47
22682427.0,104,52
22682433.0,97,60
22682442.0,99,49
22682492.0,103,46
22682507.0,95,57
22682508.0,98,49
22682514.0,93,51
22682518.0,99,45
22682528.0,99,65
22682552.0,100,49
22682570.0,99,48
22682602.0,102,51
22682609.0,104,56
22682629.0,97,47
22682656.0,103,54
22682695.0,97,49
22682722.0,94,46
22682749.0,92,50
22682822.0,103,61
22682847.0,104,49
22682848.0,104,54
22682860.0,94,48
22682907.0,97,44
22682943.0,53,55
22682980.0,101,49
22683003.0,104,50
22683008.0,104,52
22683105.0,95,59
22683107.0,97,45
22683177.0,99,43
22683184.0,95,45
22683227.0,97,46
22683238.0,104,53
22683284.0,103,57
22683380.0,94,56
22683412.0,103,52
22683457.0,53,55
22683469.0,94,57
22683541.0,105,57
22683581.0,105,63
22683599.0,103,47
22683661.0,91,52
22683715.0,103,48
22683771.0,73,75
22683789.0,107,75
22683791.0,92,51
22683819.0,53,55
22683845.0,100,48
22683945.0,103,49
22683986.0,104,58
22684032.0,104,60
22684040.0,90,89
22684134.0,105,48
22684147.0,93,50
22684153.0,100,44
22684181.0,105,47
22684204.0,94,51
22684215.0,104,55
22684219.0,104,64
22684246.0,105,49
22684272.0,103,59
22684283.0,102,45
22684305.0,95,55
22684332.0,100,49
22684408.0,95,52
22684412.0,100,44
22684424.0,102,46
22684429.0,96,58
22684461.0,104,53
22684489.0,103,53
22684508.0,97,59
22684514.0,92,78
22684560.0,93,54
22684605.0,100,45
22684618.0,96,44
22684633.0,102,47
22684758.0,93,56
22684764.0,105,50
22684782.0,93,50
22684805.0,96,53
22684820.0,97,45
22684835.0,100,50
22684849.0,95,58
22684862.0,97,49
22684883.0,103,49
22684925.0,104,65
22684982.0,102,50
22685014.0,102,49
22685026.0,103,50
22685031.0,97,46
22685055.0,95,45
22685141.0,102,48
22685209.0,105,49
22685291.0,79,72
22685309.0,105,62
22685355.0,105,46
22685363.0,104,51
22685378.0,103,49
22685416.0,97,49
22685451.0,94,55
22685470.0,100,43
22685505.0,100,48
22685534.0,102,44
22685553.0,98,45
22685556.0,104,54
22685567.0,98,44
22685594.0,100,45
22685608.0,104,63
22685752.0,95,50
22685756.0,100,49
22685768.0,94,49
22685800.0,105,51
22685801.0,107,71
22685824.0,100,50
22685828.0,98,49
22685846.0,35,113
22685853.0,93,52
22685899.0,97,44
22685907.0,102,51
22685928.0,98,46
22685954.0,104,66
22685961.0,104,56
22685970.0,92,50
22686014.0,93,50
22686067.0,103,49
22686112.0,98,49
22686204.0,103,51
22686274.0,105,61
22686368.0,97,47
22686376.0,98,50
22686409.0,104,46
22686415.0,105,48
22686416.0,95,51
22686434.0,93,51
22686460.0,104,48
22686480.0,105,57
22686547.0,98,48
22686592.0,104,47
22686686.0,105,51
22686698.0,103,49
22686699.0,95,51
22686781.0,96,46
22686786.0,97,48
22686880.0,98,49
22686890.0,95,47
22686896.0,102,48
22687032.0,96,44
22687060.0,97,44
22687111.0,101,46
22687207.0,104,57
22687216.0,95,48
22687245.0,106,47
22687295.0,104,62
22687322.0,101,47
22687376.0,107,70
22687412.0,101,44
22687437.0,105,53
22687554.0,103,45
22687625.0,105,52
22687638.0,104,52
22687759.0,104,49
22687795.0,103,44
22687796.0,101,49
22687797.0,106,49
22687850.0,105,55
22687858.0,94,74
22687908.0,106,48
22687918.0,94,50
22687963.0,103,47
22687987.0,101,46
22688003.0,106,69
22688040.0,98,45
22688069.0,104,49
22688103.0,96,52
22688146.0,96,49
22688227.0,105,50
22688245.0,96,45
22688293.0,102,50
22688346.0,101,48
22688351.0,105,46
22688368.0,103,49
22688401.0,105,56
22688403.0,106,50
22688427.0,101,50
22688435.0,98,50
22688455.0,104,58
22688477.0,98,44
22688496.0,103,44
22688544.0,93,50
22688567.0,98,49
22688761.0,105,54
22688779.0,105,59
22688785.0,104,49
22688788.0,105,57
22688912.0,105,53
22688922.0,106,46
22688924.0,99,48
22688925.0,98,48
22688929.0,98,51
22688933.0,105,58
22688946.0,101,46
22688952.0,104,50
22688969.0,106,50
22688977.0,99,46
22688999.0,92,51
22689007.0,99,44
22689042.0,106,49
22689090.0,101,49
22689112.0,97,53
22689115.0,103,50
22689136.0,106,47
22689137.0,94,49
22689192.0,101,47
22689229.0,96,60
22689234.0,99,47
22689251.0,98,44
22689328.0,95,57
22689334.0,99,45
22689454.0,99,44
22689494.0,95,46
22689537.0,102,44
22689609.0,106,51
22689683.0,105,55
22689711.0,97,54
22689712.0,96,51
22689730.0,94,53
22689738.0,99,51
22689748.0,104,53
22689785.0,47,93
22689799.0,93,55
22689805.0,99,49
22689835.0,101,50
22689920.0,101,48
22689943.0,106,48
22690005.0,104,48
22690008.0,95,55
22690016.0,93,55
22690047.0,103,48
22690099.0,105,59
22690160.0,104,51
22690195.0,96,50
22690204.0,95,50
22690293.0,98,50
22690340.0,94,49
22690355.0,105,48
22690388.0,105,47
22690406.0,105,52
22690446.0,97,52
22690452.0,96,51
22690454.0,106,52
22690458.0,103,51
22690542.0,96,49
22690600.0,104,60
22690602.0,36,99
22690605.0,94,51
22690617.0,107,47
22690666.0,99,50
22690687.0,94,52
22690739.0,101,43
22690764.0,93,50
22690765.0,105,56
22690767.0,97,44
22690788.0,103,50
22690791.0,105,58
22690829.0,107,48
22690875.0,103,46
22690912.0,100,43
22691035.0,103,49
22691129.0,104,44
22691145.0,102,46
22691165.0,102,45
22691235.0,106,52
22691320.0,104,46
22691357.0,105,49
22691385.0,96,56
22691387.0,102,48
22691447.0,107,49
22691543.0,104,47
22691593.0,104,55
22691611.0,104,48
22691703.0,99,44
22691741.0,96,57
22691750.0,102,46
22691756.0,106,51
22691770.0,104,51
22691786.0,70,59
22691789.0,104,49
22691853.0,106,46
22691879.0,107,72
22692088.0,107,49
22692090.0,106,53
22692124.0,93,49
22692200.0,106,46
22692211.0,107,50
22692270.0,103,44
22692290.0,106,50
22692379.0,102,50
22692400.0,105,50
22692436.0,100,45
22692443.0,102,45
22692475.0,105,54
22692478.0,104,44
22692521.0,93,49
22692559.0,106,55
22692581.0,101,49
22692603.0,106,54
22692620.0,106,64
22692627.0,94,50
22692644.0,101,51
22692676.0,95,53
22692676.0,96,58
22692714.0,100,44
22692718.0,94,56
22692727.0,99,49
22692739.0,38,55
22692745.0,106,47
22692748.0,104,50
22692766.0,107,50
22692795.0,97,53
22692818.0,94,55
22692831.0,97,58
22692863.0,106,65
22692878.0,95,49
22692998.0,95,54
22693034.0,94,55
22693041.0,95,56
22693052.0,103,44
22693071.0,93,49
22693080.0,104,49
22693129.0,105,65
22693186.0,99,46
22693198.0,98,49
22693215.0,39,55
22693226.0,107,48
22693259.0,54,51
22693294.0,97,49
22693309.0,102,44
22693327.0,102,48
22693334.0,107,51
22693358.0,97,45
22693365.0,106,56
22693469.0,105,45
22693527.0,98,54
22693619.0,107,68
22693640.0,99,47
22693645.0,106,48
22693656.0,105,61
22693687.0,102,43
22693724.0,39,55
22693725.0,105,55
22693755.0,104,51
22693771.0,97,46
22693796.0,106,54
22693830.0,105,65
22693837.0,108,47
22693844.0,91,81
22693921.0,103,46
22693928.0,106,68
22693960.0,102,46
22693988.0,96,50
22693994.0,98,44
22694040.0,105,57
22694086.0,106,55
22694116.0,105,46
22694128.0,106,52
22694178.0,106,53
22694220.0,39,55
22694232.0,100,44
22694243.0,100,47
22694249.0,102,50
22694308.0,38,55
22694308.0,105,44
22694338.0,105,51
22694341.0,103,43
22694351.0,97,47
22694378.0,94,49
22694554.0,106,49
22694558.0,105,47
22694577.0,97,51
22694629.0,108,47
22694633.0,108,49
22694642.0,105,45
22694644.0,97,47
22694662.0,97,49
22694665.0,103,47
22694690.0,100,49
22694724.0,103,44
22694750.0,107,51
22694793.0,98,46
22694868.0,104,50
22694913.0,108,48
22694960.0,106,56
22695028.0,103,48
22695068.0,106,58
22695240.0,44,109
22695244.0,97,47
22695255.0,105,48
22695275.0,103,44
22695295.0,96,49
22695336.0,107,52
22695345.0,97,50
22695346.0,108,50
22695361.0,98,58
22695371.0,98,60
22695407.0,101,43
22695427.0,108,49
22695439.0,44,109
22695449.0,104,44
22695451.0,97,54
22695455.0,99,48
22695455.0,107,67
22695512.0,105,67
22695547.0,98,52
22695573.0,95,50
22695619.0,105,51
22695622.0,106,57
22695691.0,93,49
22695723.0,95,67
22695863.0,106,54
22695914.0,106,50
22695928.0,107,47
22695966.0,108,50
22695982.0,95,51
22695993.0,105,51
22696043.0,97,51
22696072.0,103,46
22696194.0,103,47
22696195.0,103,49
22696207.0,100,49
22696224.0,98,45
22696244.0,97,48
22696245.0,97,59
22696294.0,107,48
22696306.0,98,51
22696320.0,67,63
22696394.0,103,50
22696402.0,105,63
22696443.0,97,50
22696445.0,53,54
22696560.0,106,45
22696563.0,98,46
22696566.0,97,59
22696695.0,106,56
22696738.0,105,52
22696744.0,105,49
22696763.0,108,51
22696771.0,104,44
22696795.0,96,54
22696842.0,103,50
22696851.0,104,51
22696891.0,98,46
22696908.0,100,47
22696959.0,107,53
22696964.0,96,56
22696995.0,103,44
22697003.0,102,43
22697026.0,106,44
22697045.0,105,50
22697048.0,106,59
22697118.0,99,59
22697134.0,104,43
22697147.0,103,48
22697148.0,104,46
22697167.0,98,61
22697260.0,105,59
22697275.0,109,48
22697359.0,101,47
22697395.0,100,49
22697422.0,101,49
22697447.0,46,115
22697457.0,108,51
22697477.0,106,55
22697502.0,99,44
22697548.0,107,48
22697592.0,105,61
22697598.0,109,47
22697615.0,101,47
22697620.0,106,46
22697622.0,105,51
22697645.0,103,49
22697654.0,96,49
22697718.0,103,46
22697721.0,104,47
22697747.0,107,49
22697791.0,106,50
22697845.0,89,87
22697874.0,106,44
22697892.0,96,55
22697989.0,53,55
22698002.0,106,47
22698030.0,101,48
22698060.0,104,44
22698079.0,95,49
22698087.0,109,49
22698102.0,107,55
22698149.0,70,51
22698152.0,98,50
22698196.0,106,51
22698218.0,98,49
22698241.0,109,48
22698334.0,98,47
22698413.0,98,70
22698444.0,109,47
22698480.0,102,44
22698489.0,101,48
22698538.0,108,47
22698539.0,97,49
22698558.0,96,48
22698572.0,105,52
22698589.0,101,43
22698601.0,103,48
22698606.0,109,49
22698625.0,106,48
22698733.0,107,49
22698785.0,107,54
22698893.0,99,48
22698902.0,101,50
22698908.0,103,50
22698945.0,97,57
22698951.0,108,52
22699019.0,104,46
22699029.0,61,56
22699097.0,106,45
22699209.0,109,50
22699267.0,105,53
22699281.0,108,50
22699345.0,105,66
22699438.0,107,55
22699525.0,96,54
22699558.0,95,50
22699563.0,102,45
22699602.0,106,49
22699671.0,108,52
22699753.0,105,45
22699760.0,106,47
22699781.0,101,43
22699783.0,98,52
22699794.0,107,50
22699874.0,95,50
22699904.0,102,46
22699909.0,99,52
22699993.0,106,52
22700017.0,104,43
22700059.0,107,56
22700093.0,104,47
22700133.0,106,50
22700151.0,96,50
22700184.0,105,44
22700265.0,107,45
22700302.0,109,51
22700309.0,104,50
22700317.0,97,55
22700346.0,105,52
22700413.0,108,48
22700415.0,97,56
22700441.0,100,48
22700447.0,107,46
22700452.0,102,47
22700546.0,102,44
22700582.0,110,48
22700590.0,105,46
22700653.0,101,48
22700675.0,109,50
22700683.0,107,57
22700750.0,105,60
22700777.0,99,51
22700816.0,105,67
22700817.0,107,44
22700839.0,99,46
22700917.0,101,49
22700938.0,108,49
22700949.0,101,44
22700959.0,105,43
22701010.0,109,47
22701023.0,96,49
22701041.0,96,47
22701075.0,99,51
22701095.0,100,44
22701144.0,103,43
22701236.0,107,47
22701249.0,110,49
22701263.0,106,60
22701286.0,103,44
22701308.0,110,48
22701314.0,102,44
22701349.0,109,51
22701377.0,98,50
22701400.0,99,47
22701443.0,97,48
22701473.0,107,69
22701545.0,106,57
22701559.0,96,47
22701569.0,97,57
22701571.0,105,44
22701610.0,106,44
22701628.0,108,53
22701644.0,106,51
22701650.0,103,43
22701675.0,110,49
22701676.0,108,75
22701727.0,98,46
22701758.0,98,56
22701776.0,106,56
22701786.0,107,48
22701815.0,105,45
22701948.0,102,45
22701951.0,105,46
22701952.0,98,49
22701960.0,99,48
22701965.0,99,49
22701977.0,106,50
22702113.0,107,58
22702122.0,52,58
22702138.0,102,49
22702144.0,106,61
22702180.0,99,49
22702198.0,98,46
22702227.0,104,43
22702242.0,99,45
22702268.0,103,45
22702293.0,110,50
22702308.0,65,62
22702340.0,107,55
22702415.0,108,45
22702474.0,108,54
22702479.0,107,45
22702483.0,109,47
22702493.0,107,51
22702524.0,101,46
22702532.0,102,46
22702579.0,107,56
22702616.0,107,54
22702660.0,108,50
22702684.0,98,61
22702702.0,56,64
22702702.0,109,48
22702719.0,107,48
22702724.0,103,46
22702735.0,96,48
22702745.0,105,51
22702826.0,102,43
22702853.0,104,50
22702868.0,107,58
22702907.0,99,69
22702912.0,109,52
22702924.0,105,43
22702972.0,101,50
22703028.0,106,45
22703140.0,108,45
22703198.0,106,43
22703283.0,107,63
22703285.0,106,59
22703287.0,106,62
22703298.0,105,46
22703328.0,106,46
22703333.0,110,50
22703343.0,97,53
22703347.0,101,43
22703379.0,108,46
22703381.0,107,49
22703517.0,107,57
22703559.0,109,48
22703574.0,106,51
22703632.0,108,55
22703645.0,88,90
22703678.0,98,62
22703681.0,100,59
22703695.0,102,50
22703723.0,106,52
22703740.0,108,50
22703859.0,107,59
22703882.0,107,64
22703966.0,103,44
22704048.0,41,79
22704083.0,97,52
22704120.0,99,62
22704151.0,104,43
22704183.0,107,50
22704217.0,102,47
22704314.0,109,49
22704315.0,107,52
22704317.0,100,45
22704347.0,110,51
22704442.0,111,49
22704449.0,106,47
22704456.0,107,44
22704462.0,111,48
22704499.0,106,44
22704518.0,108,54
22704564.0,106,43
22704570.0,103,43
22704580.0,83,98
22704596.0,105,50
22704620.0,43,111
22704656.0,107,45
22704711.0,101,44
22704730.0,102,49
22704742.0,97,55
22704779.0,108,48
22704793.0,108,51
22704880.0,107,51
22704955.0,109,53
22704966.0,104,48
22704977.0,107,65
22705024.0,99,52
22705045.0,102,50
22705052.0,108,56
22705066.0,108,72
22705068.0,105,43
22705079.0,88,88
22705122.0,103,44
22705159.0,103,45
22705163.0,111,49
22705171.0,103,48
22705237.0,108,74
22705289.0,106,45
22705321.0,89,88
22705347.0,109,54
22705353.0,108,48
22705378.0,108,53
22705391.0,108,47
22705399.0,104,44
22705498.0,88,88
22705532.0,106,60
22705567.0,103,43
22705570.0,108,46
22705591.0,107,45
22705675.0,99,53
22705690.0,82,104
22705701.0,100,46
22705701.0,83,97
22705709.0,97,49
22705727.0,44,121
22705745.0,109,45
22705784.0,107,59
22705913.0,109,46
22705931.0,102,43
22705954.0,111,50
22705974.0,103,49
22705977.0,97,51
22706019.0,108,55
22706082.0,105,49
22706113.0,100,49
22706168.0,105,51
22706173.0,83,97
22706200.0,110,52
22706226.0,107,43
22706237.0,108,49
22706244.0,109,50
22706255.0,99,49
22706272.0,109,52
22706273.0,103,50
22706304.0,105,50
22706322.0,110,48
22706438.0,106,46
22706459.0,102,58
22706473.0,106,47
22706488.0,108,56
22706525.0,109,47
22706527.0,107,50
22706551.0,106,48
22706581.0,109,46
22706689.0,99,57
22706703.0,97,48
22706758.0,110,51
22706785.0,107,46
22706824.0,100,52
22706837.0,104,46
22706864.0,105,43
22706900.0,109,54
22706943.0,105,48
22706991.0,108,54
22707118.0,107,51
22707154.0,106,61
22707324.0,107,52
22707374.0,109,45
22707378.0,108,57
22707393.0,104,44
22707408.0,107,44
22707416.0,107,43
22707433.0,89,87
22707527.0,103,51
22707541.0,103,48
22707597.0,96,51
22707603.0,107,60
22707605.0,98,47
22707606.0,109,48
22707609.0,108,50
22707619.0,67,52
22707639.0,106,49
22707642.0,104,45
22707672.0,104,47
22707682.0,90,86
22707705.0,106,64
22707709.0,109,47
22707768.0,106,48
22707807.0,110,49
22707823.0,110,52
22707836.0,104,43
22707858.0,111,51
22707891.0,103,49
22707896.0,67,52
22707899.0,99,48
22707966.0,109,54
22707971.0,67,51
22708057.0,109,53
22708102.0,90,79
22708278.0,108,52
22708302.0,107,56
22708318.0,107,45
22708332.0,67,52
22708339.0,105,44
22708362.0,58,55
22708431.0,106,50
22708506.0,103,48
22708511.0,107,51
22708559.0,111,50
22708592.0,101,45
22708597.0,109,48
22708628.0,89,86
22708732.0,104,48
22708741.0,102,48
22708753.0,108,57
22708795.0,108,45
22708808.0,104,45
22708814.0,107,48
22708889.0,108,56
22708913.0,105,51
22708921.0,105,61
22708941.0,104,43
22709006.0,106,43
22709073.0,98,57
22709078.0,111,48
22709091.0,105,45
22709096.0,108,69
22709102.0,103,43
22709110.0,106,49
22709128.0,99,56
22709191.0,107,46
22709211.0,103,50
22709420.0,108,50
22709421.0,111,52
22709429.0,109,51
22709486.0,110,46
22709529.0,108,51
22709544.0,106,51
22709612.0,109,49
22709636.0,108,46
22709727.0,100,49
22709762.0,112,50
22709773.0,109,55
22709834.0,104,61
22709847.0,110,50
22709848.0,110,53
22709851.0,98,49
22709862.0,38,93
22709903.0,98,50
22709911.0,106,50
22709919.0,106,61
22709921.0,112,50
22709934.0,108,49
22709943.0,108,44
22709988.0,108,58
22710056.0,101,50
22710112.0,110,47
22710218.0,105,46
22710290.0,101,48
22710340.0,101,49
22710343.0,107,52
22710356.0,104,49
22710362.0,97,53
22710363.0,110,53
22710407.0,98,56
22710540.0,98,48
22710580.0,107,60
22710590.0,101,51
22710603.0,101,53
22710608.0,108,43
22710613.0,99,47
22710626.0,111,49
22710648.0,107,49
22710727.0,98,54
22710782.0,106,52
22710791.0,105,44
22710825.0,106,44
22710825.0,104,46
22710858.0,106,66
22710906.0,108,53
22710945.0,98,53
22711001.0,108,47
22711007.0,110,47
22711035.0,101,70
22711098.0,111,52
22711103.0,109,50
22711108.0,108,52
22711109.0,110,45
22711120.0,109,54
22711123.0,104,50
22711144.0,107,48
22711174.0,112,51
22711188.0,106,62
22711214.0,109,55
22711225.0,108,55
22711261.0,109,45
22711309.0,104,48
22711362.0,100,48
22711447.0,109,52
22711474.0,105,43
22711540.0,103,49
22711549.0,108,45
22711584.0,105,45
22711587.0,109,56
22711618.0,107,58
22711648.0,107,43
22711703.0,110,54
22711765.0,104,47
22711841.0,107,59
22711850.0,106,51
22711951.0,107,49
22711962.0,110,48
22712067.0,102,53
22712080.0,105,44
22712081.0,99,47
22712098.0,112,49
22712161.0,104,48
22712166.0,108,57
22712179.0,110,51
22712195.0,99,57
22712219.0,105,47
22712275.0,107,50
22712316.0,111,50
22712377.0,111,46
22712378.0,113,49
22712479.0,104,49
22712489.0,110,46
22712534.0,107,57
22712535.0,106,65
22712539.0,109,51
22712550.0,108,52
22712577.0,108,58
22712618.0,104,50
22712623.0,108,48
22712641.0,104,43
22712676.0,110,49
22712693.0,105,48
22712696.0,108,46
22712727.0,107,49
22712729.0,103,44
22712734.0,111,53
22712768.0,107,50
22712824.0,106,50
22712826.0,106,45
22712954.0,109,46
22712963.0,96,69
22712982.0,106,60
22713044.0,111,47
22713059.0,108,47
22713099.0,109,44
22713159.0,100,57
22713185.0,111,45
22713227.0,100,49
22713257.0,107,46
22713266.0,111,46
22713269.0,108,59
22713273.0,105,46
22713367.0,113,50
22713407.0,108,50
22713417.0,107,51
22713420.0,100,48
22713495.0,104,50
22713545.0,110,45
22713555.0,107,44
22713567.0,108,49
22713635.0,109,43
22713636.0,99,50
22713643.0,100,57
22713684.0,101,60
22713710.0,98,51
22713729.0,106,44
22713753.0,99,55
22713769.0,109,56
22713777.0,103,45
22713797.0,109,45
22713803.0,105,49
22713814.0,112,49
22713829.0,109,57
22713990.0,101,49
22714047.0,105,47
22714102.0,107,43
22714103.0,106,43
22714235.0,99,49
22714301.0,108,63
22714312.0,101,52
22714338.0,111,50
22714414.0,109,51
22714451.0,109,47
22714494.0,107,43
22714523.0,106,46
22714539.0,112,52
22714583.0,106,45
22714621.0,108,48
22714630.0,111,48
22714663.0,68,57
22714672.0,110,52
22714676.0,44,112
22714686.0,110,55
22714689.0,99,48
22714705.0,111,47
22714776.0,109,45
22714787.0,98,47
22714831.0,110,54
22714883.0,108,43
22714918.0,102,47
22714924.0,102,49
22714926.0,69,53
22714961.0,102,51
22714982.0,68,57
22714986.0,68,54
22714993.0,110,46
22715003.0,100,47
22715009.0,107,50
22715027.0,113,51
22715047.0,99,52
22715054.0,110,50
22715059.0,103,50
22715075.0,101,48
22715081.0,101,50
22715094.0,109,52
22715156.0,110,49
22715161.0,106,44
22715217.0,104,49
22715233.0,99,51
22715236.0,106,47
22715243.0,109,53
22715375.0,109,44
22715383.0,69,53
22715388.0,111,53
22715408.0,95,89
22715440.0,108,50
22715446.0,108,53
22715466.0,102,45
22715474.0,107,60
22715490.0,106,59
22715506.0,102,50
22715531.0,105,48
22715533.0,103,50
22715540.0,109,50
22715548.0,99,50
22715561.0,105,50
22715623.0,94,77
22715626.0,108,62
22715673.0,107,43
22715718.0,107,61
22715721.0,110,44
22715831.0,111,51
22715843.0,102,52
22715857.0,99,47
22715891.0,107,62
22715965.0,108,49
22715972.0,69,53
22715997.0,109,46
22716043.0,107,45
22716088.0,110,51
22716272.0,103,52
22716273.0,111,49
22716287.0,99,53
22716335.0,114,50
22716380.0,110,46
22716408.0,107,46
22716564.0,105,43
22716646.0,109,47
22716670.0,109,48
22716731.0,108,48
22716792.0,105,49
22716801.0,108,43
22716803.0,110,44
22716817.0,105,48
22716858.0,103,47
22716899.0,106,46
22716936.0,110,43
22717009.0,109,43
22717012.0,111,54
22717108.0,105,50
22717222.0,106,48
22717261.0,110,47
22717294.0,111,50
22717321.0,107,44
22717342.0,109,58
22717346.0,110,45
22717361.0,110,56
22717440.0,105,49
22717471.0,107,43
22717701.0,107,46
22717801.0,104,46
22717838.0,104,45
22717842.0,112,50
22717884.0,114,51
22717906.0,108,50
22717938.0,108,44
22717946.0,103,48
22717950.0,108,59
22717950.0,109,49
22717952.0,108,51
22717968.0,113,52
22717993.0,106,49
22718059.0,113,49
22718074.0,108,49
22718089.0,111,46
22718093.0,107,45
22718098.0,105,50
22718102.0,109,48
22718108.0,106,47
22718119.0,110,46
22718144.0,107,70
22718171.0,101,47
22718198.0,103,49
22718219.0,102,49
22718224.0,108,51
22718229.0,109,49
22718271.0,105,44
22718315.0,108,45
22718410.0,112,48
22718422.0,106,48
22718542.0,111,55
22718574.0,100,56
22718602.0,109,71
22718605.0,110,52
22718645.0,109,50
22718646.0,113,50
22718667.0,109,46
22718687.0,107,43
22718693.0,110,53
22718719.0,105,44
22718724.0,99,55
22718770.0,111,44
22718778.0,113,53
22718855.0,111,50
22718868.0,112,51
22718875.0,99,54
22718908.0,101,49
22718921.0,110,48
22718929.0,102,48
22719254.0,110,56
22719296.0,110,48
22719340.0,106,50
22719351.0,100,48
22719353.0,109,44
22719391.0,110,46
22719426.0,111,46
22719438.0,102,50
22719490.0,107,47
22719505.0,110,47
22719542.0,113,47
22719617.0,111,51
22719701.0,109,49
22719701.0,111,47
22719768.0,112,54
22719784.0,107,46
22719824.0,108,71
22719872.0,111,46
22719875.0,107,47
22719880.0,106,48
22720038.0,105,45
22720156.0,108,46
22720180.0,110,49
22720203.0,106,49
22720215.0,107,48
22720265.0,102,48
22720306.0,100,47
22720337.0,110,57
22720346.0,69,48
22720375.0,114,52
22720421.0,105,45
22720475.0,109,52
22720574.0,106,43
22720579.0,103,50
22720661.0,100,51
22720674.0,100,49
22720679.0,109,59
22720712.0,101,57
22720784.0,102,52
22720814.0,106,49
22720897.0,111,45
22720916.0,113,48
22720929.0,110,47
22720954.0,108,44
22720991.0,109,45
22721001.0,101,47
22721005.0,103,50
22721051.0,102,47
22721052.0,108,43
22721093.0,104,48
22721113.0,112,50
22721145.0,92,87
22721161.0,115,51
22721175.0,111,55
22721196.0,113,46
22721203.0,107,43
22721204.0,107,46
22721206.0,109,55
22721246.0,106,44
22721254.0,102,49
22721276.0,110,57
22721311.0,103,53
22721313.0,108,51
22721368.0,109,53
22721372.0,109,57
22721395.0,102,51
22721419.0,61,57
22721459.0,103,50
22721467.0,113,51
22721516.0,107,63
22721549.0,112,52
22721589.0,109,50
22721598.0,109,72
22721599.0,105,46
22721609.0,113,52
22721624.0,111,56
22721652.0,103,50
22721697.0,109,51
22721709.0,101,46
22721752.0,106,50
22721802.0,108,60
22721854.0,107,49
22721857.0,111,53
22721884.0,110,53
22721912.0,109,49
22721919.0,107,61
22722002.0,85,86
22722018.0,108,47
22722020.0,104,49
22722038.0,102,47
22722078.0,103,51
22722203.0,105,44
22722233.0,111,52
22722239.0,100,50
22722325.0,103,51
22722335.0,108,47
22722351.0,111,48
22722364.0,111,54
22722398.0,107,48
22722415.0,100,54
22722432.0,110,44
22722444.0,107,43
22722499.0,113,49
22722503.0,110,48
22722543.0,111,56
22722673.0,111,51
22722704.0,108,45
22722715.0,105,51
22722867.0,105,44
22722921.0,112,47
22722965.0,103,52
22722970.0,111,46
22722976.0,107,45
22722984.0,110,52
22723109.0,112,51
22723131.0,100,52
22723209.0,107,64
22723230.0,100,53
22723373.0,111,47
22723400.0,110,49
22723410.0,110,50
22723425.0,111,49
22723470.0,104,52
22723493.0,114,53
22723500.0,109,44
22723510.0,44,117
22723525.0,104,53
22723538.0,108,48
22723687.0,107,50
22723736.0,107,49
22723759.0,109,46
22723818.0,102,50
22723824.0,101,47
22723855.0,114,48
22723913.0,44,117
22723955.0,110,56
22723967.0,104,50
22723975.0,103,50
22724013.0,106,50
22724062.0,109,50
22724278.0,112,48
22724287.0,107,44
22724363.0,101,49
22724376.0,113,53
22724412.0,111,56
22724432.0,112,45
22724446.0,103,49
22724452.0,102,48
22724458.0,109,51
22724597.0,111,44
22724631.0,109,59
22724658.0,108,46
22724661.0,87,88
22724663.0,101,48
22724668.0,102,46
22724673.0,110,45
22724680.0,113,52
22724713.0,111,52
22724819.0,110,53
22724923.0,103,51
22724925.0,111,48
22724936.0,110,50
22724967.0,109,45
22725038.0,109,44
22725038.0,85,90
22725055.0,87,89
22725076.0,114,51
22725088.0,110,51
22725162.0,112,52
22725214.0,110,47
22725249.0,107,48
22725297.0,109,47
22725311.0,107,49
22725395.0,109,52
22725405.0,108,47
22725475.0,112,49
22725489.0,110,49
22725503.0,103,50
22725517.0,113,47
22725571.0,103,47
22725586.0,114,49
22725667.0,108,66
22725789.0,114,54
22725795.0,103,48
22725841.0,110,58
22725902.0,115,53
22725914.0,107,50
22726025.0,107,45
22726089.0,106,46
22726091.0,116,52
22726119.0,104,51
22726121.0,111,50
22726131.0,111,53
22726151.0,102,53
22726167.0,108,49
22726169.0,110,46
22726171.0,108,43
22726253.0,112,54
22726321.0,116,51
22726384.0,113,45
22726428.0,106,51
22726539.0,105,49
22726651.0,113,51
22726811.0,110,44
22726818.0,103,52
22726821.0,110,57
22726849.0,113,55
22726870.0,107,50
22726902.0,115,48
22726984.0,113,50
22727076.0,114,50
22727105.0,111,49
22727119.0,67,64
22727175.0,115,51
22727186.0,112,49
22727189.0,112,56
22727222.0,109,46
22727227.0,111,45
22727257.0,114,52
22727263.0,110,51
22727457.0,114,47
22727458.0,110,50
22727508.0,109,59
22727581.0,113,48
22727630.0,101,50
22727691.0,108,48
22727968.0,101,49
22727974.0,108,49
22728083.0,110,52
22728096.0,113,53
22728162.0,111,57
22728174.0,112,47
22728245.0,110,43
22728261.0,113,52
22728284.0,109,47
22728306.0,110,47
22728311.0,108,50
22728473.0,109,48
22728571.0,111,51
22728650.0,112,53
22728710.0,111,50
22728800.0,109,58
22728822.0,109,60
22728824.0,106,48
22728885.0,113,46
22728951.0,115,49
22729041.0,111,46
22729057.0,110,45
22729113.0,113,49
22729183.0,109,63
22729189.0,108,49
22729213.0,100,51
22729250.0,105,50
22729253.0,111,47
22729347.0,106,45
22729364.0,112,50
22729428.0,110,46
22729499.0,111,50
22729604.0,109,44
22729683.0,103,47
22729705.0,103,48
22729762.0,110,51
22729774.0,101,51
22729801.0,100,58
22729966.0,114,48
22729989.0,109,44
22730045.0,102,47
22730145.0,112,48
22730146.0,104,48
22730146.0,101,52
22730147.0,104,47
22730163.0,113,47
22730216.0,115,50
22730227.0,109,49
22730232.0,109,48
22730251.0,102,48
22730356.0,107,46
22730385.0,114,46
22730427.0,100,56
22730493.0,111,44
22730544.0,105,48
22730564.0,106,49
22730568.0,100,55
22730628.0,103,55
22730667.0,110,58
22730687.0,106,48
22730732.0,102,48
22730786.0,108,45
22730826.0,111,45
22730864.0,108,50
22730930.0,109,49
22730953.0,115,52
22731027.0,110,48
22731033.0,106,48
22731146.0,114,51
22731228.0,108,46
22731245.0,109,44
22731264.0,107,47
22731391.0,113,49
22731407.0,115,54
22731415.0,113,50
22731422.0,108,50
22731432.0,104,50
22731476.0,110,59
22731488.0,102,46
22731527.0,111,47
22731534.0,112,51
22731544.0,110,47
22731619.0,89,82
22731740.0,113,56
22731821.0,116,49
22731845.0,107,47
22731848.0,111,51
22731941.0,109,45
22731960.0,111,52
22731976.0,114,53
22732177.0,112,49
22732178.0,114,52
22732206.0,107,48
22732211.0,112,54
22732300.0,114,49
22732341.0,115,48
22732354.0,106,47
22732355.0,111,54
22732375.0,114,45
22732386.0,113,48
22732413.0,109,50
22732420.0,103,52
22732500.0,113,45
22732532.0,108,60
22732567.0,109,49
22732586.0,110,53
22732636.0,111,46
22732652.0,108,48
22732723.0,116,54
22732789.0,106,50
22732793.0,109,52
22732857.0,110,49
22732870.0,104,51
22732874.0,110,52
22733042.0,115,51
22733062.0,112,50
22733063.0,112,57
22733208.0,115,55
22733238.0,102,49
22733257.0,113,50
22733344.0,88,82
22733452.0,117,53
22733470.0,112,50
22733567.0,115,53
22733600.0,111,58
22733655.0,116,52
22733690.0,110,44
22733715.0,107,51
22733732.0,114,47
22734011.0,116,50
22734016.0,113,49
22734023.0,110,48
22734045.0,104,46
22734278.0,106,50
22734332.0,105,48
22734344.0,108,47
22734352.0,114,56
22734353.0,113,45
22734394.0,115,46
22734546.0,109,51
22734570.0,107,49
22734595.0,111,44
22734596.0,103,46
22734600.0,111,52
22734613.0,114,45
22734647.0,115,49
22734648.0,108,51
22734754.0,109,46
22734968.0,105,49
22735065.0,114,53
22735090.0,117,49
22735116.0,112,53
22735143.0,101,54
22735155.0,116,48
22735184.0,113,46
22735190.0,109,50
22735265.0,101,52
22735348.0,113,51
22735356.0,110,49
22735375.0,103,47
22735400.0,112,52
22735473.0,106,51
22735495.0,111,48
22735537.0,115,47
22735540.0,103,48
22735595.0,108,48
22735598.0,115,52
22735625.0,101,52
22735633.0,111,47
22735634.0,113,54
22735665.0,110,45
22735674.0,114,54
22735711.0,112,51
22735714.0,114,48
22735749.0,68,56
22735760.0,114,50
22735765.0,86,89
22735817.0,101,55
22735914.0,110,50
22735925.0,116,51
22735936.0,112,51
22735982.0,102,48
22735998.0,111,48
22736003.0,68,56
22736014.0,117,50
22736027.0,100,55
22736061.0,113,56
22736178.0,109,51
22736265.0,86,89
22736404.0,112,55
22736406.0,113,53
22736440.0,112,56
22736488.0,83,96
22736496.0,105,52
22736541.0,112,46
22736550.0,113,50
22736617.0,111,49
22736658.0,115,49
22736702.0,105,51
22736730.0,113,57
22736759.0,116,53
22736769.0,105,56
22736902.0,102,51
22736975.0,113,47
22736998.0,107,50
22737119.0,109,47
22737136.0,105,51
22737140.0,108,48
22737274.0,106,48
22737325.0,105,50
22737374.0,103,48
22737380.0,108,48
22737443.0,112,54
22737483.0,116,49
22737487.0,111,58
22737513.0,114,51
22737621.0,112,48
22737694.0,108,49
22737701.0,113,45
22737736.0,105,49
22737742.0,116,55
22737763.0,111,57
22737844.0,105,46
22737846.0,101,69
22737968.0,114,54
22738019.0,113,52
22738042.0,114,49
22738087.0,114,46
22738116.0,112,52
22738210.0,110,46
22738238.0,113,47
22738247.0,104,52
22738288.0,113,54
22738343.0,115,53
22738393.0,116,52
22738394.0,114,49
22738471.0,113,46
22738559.0,112,47
22738594.0,110,46
22738628.0,104,48
22738647.0,106,51
22738791.0,115,50
22738805.0,110,50
22738875.0,106,49
22738901.0,115,48
22738996.0,117,51
22739022.0,110,51
22739088.0,113,51
22739232.0,105,51
22739266.0,113,51
22739291.0,106,49
22739322.0,75,125
22739407.0,104,69
22739414.0,111,51
22739507.0,117,55
22739551.0,109,48
22739614.0,116,46
22739648.0,111,49
22739753.0,115,54
22739814.0,113,55
22739903.0,106,48
22739954.0,105,50
22739955.0,118,54
22739955.0,110,60
22739960.0,115,46
22739982.0,110,47
22739996.0,104,50
22740025.0,112,48
22740036.0,117,53
22740038.0,106,47
22740058.0,114,47
22740077.0,114,51
22740103.0,114,50
22740255.0,108,49
22740337.0,111,46
22740341.0,107,50
22740422.0,116,50
22740456.0,112,48
22740462.0,115,51
22740497.0,105,48
22740537.0,109,60
22740560.0,112,49
22740572.0,118,50
22740646.0,107,49
22740695.0,115,49
22740737.0,113,47
22740740.0,114,47
22740828.0,113,48
22740858.0,109,48
22740914.0,105,51
22740985.0,115,56
22741010.0,104,47
22741056.0,107,51
22741061.0,114,52
22741104.0,116,56
22741109.0,106,48
22741207.0,110,51
22741210.0,109,48
22741312.0,106,52
22741314.0,103,50
22741464.0,118,53
22741502.0,105,46
22741598.0,116,54
22741623.0,116,53
22741682.0,114,46
22741693.0,116,48
22741762.0,116,46
22741763.0,103,49
22741766.0,111,45
22741789.0,109,48
22741806.0,117,52
22741942.0,111,59
22741979.0,102,52
22742002.0,106,47
22742023.0,111,58
22742068.0,112,49
22742077.0,113,45
22742107.0,112,46
22742204.0,109,49
22742229.0,106,49
22742247.0,113,52
22742273.0,117,47
22742284.0,101,52
22742689.0,118,51
22742740.0,115,51
22742812.0,113,54
22742819.0,104,48
22742859.0,111,47
22742899.0,108,50
22742960.0,114,51
22742992.0,114,47
22743051.0,110,48
22743087.0,106,46
22743087.0,114,48
22743161.0,117,50
22743170.0,113,48
22743261.0,108,50
22743343.0,107,51
22743491.0,116,51
22743497.0,117,48
22743642.0,115,50
22743692.0,118,53
22743794.0,115,47
22743815.0,114,54
22743846.0,97,82
22743854.0,102,55
22743885.0,106,50
22743904.0,112,50
22743974.0,61,60
22744043.0,112,46
22744079.0,108,48
22744093.0,115,52
22744209.0,108,50
22744550.0,106,67
22744554.0,91,82
22744563.0,117,54
22744630.0,101,56
22744667.0,116,49
22744716.0,118,52
22744754.0,105,46
22744758.0,114,53
22744798.0,113,46
22744927.0,109,49
22744953.0,117,53
22744974.0,117,48
22745138.0,116,54
22745177.0,112,47
22745318.0,111,49
22745360.0,109,49
22745402.0,110,49
22745456.0,116,47
22745478.0,108,51
22745545.0,119,51
22745726.0,114,48
22745812.0,109,61
22745995.0,115,47
22746000.0,113,49
22746046.0,109,50
22746074.0,112,47
22746135.0,115,46
22746147.0,116,47
22746328.0,110,51
22746335.0,106,51
22746418.0,115,48
22746430.0,109,49
22746581.0,111,48
22746703.0,117,51
22746762.0,112,50
22746836.0,113,48
22746876.0,107,52
22747008.0,109,49
22747054.0,107,48
22747054.0,116,52
22747055.0,115,55
22747077.0,113,47
22747234.0,107,49
22747510.0,113,53
22747576.0,114,52
22747622.0,116,57
22747638.0,116,52
22747674.0,112,51
22747744.0,110,49
22747929.0,114,46
22747964.0,113,47
22747979.0,105,46
22747998.0,111,51
22747999.0,117,49
22748010.0,117,47
22748052.0,108,51
22748083.0,118,53
22748267.0,116,50
22748346.0,107,46
22748471.0,104,50
22748546.0,115,53
22748790.0,112,48
22748847.0,106,48
22748887.0,116,48
22748935.0,118,51
22749009.0,116,47
22749315.0,118,54
22749410.0,111,49
22749462.0,104,49
22749478.0,114,49
22749513.0,97,83
22749640.0,118,49
22749659.0,114,49
22749700.0,114,47
22749716.0,107,47
22749881.0,112,51
22750129.0,117,52
22750158.0,115,46
22750198.0,117,54
22750271.0,110,50
22750288.0,116,55
22750331.0,105,48
22750497.0,105,52
22750647.0,105,48
22750739.0,106,46
22750759.0,103,53
22750889.0,113,48
22750913.0,114,47
22750989.0,114,53
22750994.0,117,48
22751038.0,116,48
22751090.0,116,51
22751094.0,107,46
22751126.0,115,55
22751151.0,117,50
22751254.0,117,55
22751282.0,107,50
22751299.0,114,48
22751352.0,107,49
22751483.0,97,82
22751484.0,88,80
22751634.0,115,49
22751715.0,46,97
22751798.0,118,51
22751856.0,119,51
22751940.0,115,52
22751950.0,116,53
22752139.0,115,47
22752161.0,107,50
22752220.0,115,51
22752369.0,67,50
22752370.0,112,49
22752386.0,118,54
22752396.0,108,51
22752432.0,108,48
22752514.0,67,49
22752569.0,107,52
22752610.0,109,51
22752858.0,117,55
22753081.0,108,47
22753100.0,114,48
22753206.0,72,58
22753238.0,118,52
22753252.0,116,53
22753433.0,107,48
22753470.0,113,49
22753644.0,118,48
22753855.0,68,57
22753862.0,118,50
22753996.0,116,46
22754006.0,106,52
22754014.0,117,52
22754119.0,72,58
22754264.0,106,47
22754412.0,111,50
22754547.0,102,60
22754566.0,117,51
22754566.0,114,48
22754578.0,115,54
22754706.0,109,71
22754713.0,115,53
22754767.0,116,47
22754770.0,108,49
22754870.0,116,52
22754937.0,113,51
22755037.0,117,53
22755283.0,75,124
22755303.0,76,124
22755365.0,103,54
22755370.0,113,49
22755412.0,107,46
22755449.0,115,48
22755607.0,102,56
22755611.0,115,47
22755742.0,111,50
22755757.0,107,51
22755786.0,120,53
22755889.0,108,48
22755927.0,119,54
22756031.0,111,50
22756226.0,115,49
22756238.0,119,52
22756550.0,112,50
22756686.0,115,48
22757194.0,106,48
22757359.0,115,58
22757507.0,118,51
22758023.0,118,53
22758235.0,114,49
22758459.0,108,50
22758460.0,117,52
22758556.0,111,52
22758625.0,116,54
22758854.0,106,74
22758887.0,118,51
22759133.0,116,53
22759255.0,111,50
22759305.0,119,55
22759543.0,108,49
22760024.0,120,54
22760348.0,119,49
22760607.0,108,50
22760914.0,107,50
22760939.0,115,50
22761257.0,113,54
22761289.0,115,54
22761301.0,107,47
22761356.0,115,49
22761444.0,109,47
22761484.0,113,50
22762208.0,109,48
22762480.0,106,48
22762599.0,108,52
22762615.0,104,52
22762976.0,120,51
22762996.0,116,54
22763004.0,109,47
22763205.0,118,52
22763440.0,116,49
22763725.0,107,51
22764055.0,111,51
22764782.0,114,50
22764817.0,117,54
22764836.0,84,88
22764840.0,108,51
22765242.0,116,50
22765248.0,116,49
22765270.0,117,53
22766146.0,115,49
22766426.0,117,49
22766763.0,119,50
22767030.0,106,49
22767127.0,117,49
22768029.0,119,52
22768746.0,96,78
22769272.0,34,111
22769795.0,108,51
22769872.0,118,53
22770055.0,121,51
22770425.0,104,52
22770494.0,54,55
22770608.0,120,52
22771638.0,103,54
22771870.0,117,49
22771873.0,108,48
22772104.0,107,48
22772497.0,107,48
22773627.0,30,77
22775093.0,97,78
22775700.0,108,74
22776669.0,2,82
22777392.0,107,70
22779157.0,66,66
22780170.0,58,119
22780250.0,59,120
22781038.0,59,120
22788991.0,120,54
22790326.0,121,52
22790361.0,108,51
22790560.0,108,51
22791178.0,117,49
22791288.0,108,51
22791508.0,108,51
22792281.0,108,52
22792817.0,119,51
22793198.0,108,51
22793224.0,118,54
22793729.0,105,53
22794360.0,119,57
22794438.0,118,55
22794618.0,107,66
22795724.0,118,51
22796427.0,106,49
22796774.0,109,63
22797106.0,120,53
22797492.0,119,54
22797802.0,108,64
22797921.0,118,53
22798047.0,118,57
22798083.0,116,52
22798262.0,109,49
22798313.0,103,72
22798527.0,104,74
22798753.0,105,50
22800436.0,103,55
22800851.0,118,49
22800874.0,119,50
22801675.0,115,58
22801870.0,113,54
22801932.0,104,77
22802030.0,119,53
22802206.0,107,51
22802379.0,117,50
22802679.0,113,56
22802772.0,107,50
22803240.0,113,50
22803286.0,112,50
22803384.0,102,57
22803386.0,103,56
22803446.0,108,50
22803627.0,104,51
22803746.0,103,51
22803753.0,118,54
22803805.0,113,53
22804021.0,115,53
22804114.0,117,57
22804226.0,107,47
22804265.0,116,50
22804281.0,106,48
22804622.0,119,53
22804678.0,116,48
22804934.0,117,52
22804975.0,112,52
22805062.0,105,50
22805175.0,117,50
22805201.0,111,50
22805308.0,105,49
22805349.0,108,49
22805357.0,119,51
22805387.0,113,52
22805642.0,117,51
22805710.0,106,49
22805751.0,118,49
22806175.0,108,47
22806395.0,107,51
22806660.0,105,51
22806976.0,102,54
22806985.0,119,52
22807061.0,114,51
22807391.0,117,48
22807490.0,115,48
22807587.0,119,51
22807652.0,106,48
22807886.0,117,49
22807990.0,106,52
22807992.0,119,55
22808045.0,116,56
22808063.0,116,55
22808222.0,104,50
22808293.0,105,49
22808484.0,118,50
22808786.0,119,52
22808858.0,118,53
22809453.0,116,57
22809669.0,117,54
22809806.0,116,51
22809936.0,119,52
22810000.0,118,49
22810097.0,116,50
22810166.0,101,72
22810445.0,117,48
22810496.0,114,58
22810513.0,108,51
22810572.0,108,52
22810652.0,119,50
22810661.0,118,53
22810831.0,107,50
22810864.0,102,53
22811051.0,116,49
22811411.0,103,52
22811474.0,117,49
22811572.0,117,51
22811580.0,105,80
22811757.0,106,47
22811787.0,115,52
22812344.0,104,50
22812409.0,106,51
22812461.0,103,51
22812570.0,114,49
22812630.0,114,53
22813058.0,110,60
22813121.0,107,47
22813163.0,118,55
22813584.0,108,48
22813775.0,107,49
22813806.0,117,56
22813842.0,117,54
22813846.0,106,52
22813906.0,112,56
22813969.0,116,54
22814132.0,101,56
22814183.0,115,55
22814258.0,115,49
22814299.0,117,53
22814364.0,111,59
22814469.0,106,51
22814514.0,113,48
22814562.0,115,52
22814676.0,116,48
22814820.0,116,51
22815026.0,115,53
22815142.0,114,55
22815213.0,115,47
22815285.0,104,49
22815286.0,116,57
22815326.0,101,57
22815347.0,105,52
22815384.0,102,54
22815565.0,107,47
22815635.0,118,52
22816133.0,107,51
22816151.0,107,48
22816241.0,111,49
22816333.0,103,51
22816416.0,117,53
22816597.0,101,55
22816702.0,106,50
22816945.0,108,47
22816992.0,117,58
22817055.0,113,50
22817096.0,118,51
22817202.0,114,47
22817322.0,112,52
22817376.0,115,49
22817452.0,108,47
22817629.0,116,49
22817660.0,68,59
22817714.0,110,49
22817743.0,108,49
22817877.0,117,50
22818062.0,117,48
22818105.0,116,56
22818136.0,114,49
22818268.0,102,52
22818411.0,105,51
22818437.0,117,52
22818450.0,68,59
22818586.0,107,51
22818691.0,116,51
22818694.0,107,49
22818899.0,101,52
22818999.0,112,53
22819171.0,116,50
22819205.0,106,52
22819221.0,110,60
22819299.0,115,48
22819337.0,115,51
22819393.0,101,52
22819402.0,114,52
22819615.0,105,47
22819659.0,106,49
22819705.0,117,52
22819726.0,102,58
22819817.0,114,51
22819826.0,113,47
22820039.0,117,55
22820068.0,101,54
22820078.0,111,52
22820366.0,117,52
22820407.0,116,48
22820412.0,117,49
22820481.0,116,53
22820528.0,114,54
22820600.0,105,50
22820622.0,106,48
22820755.0,106,47
22820807.0,103,49
22821279.0,113,55
22821544.0,103,50
22821555.0,105,51
22821566.0,118,51
22821591.0,118,50
22821665.0,113,58
22821665.0,117,49
22821667.0,113,55
22821743.0,109,63
22821855.0,109,50
22822027.0,115,47
22822098.0,104,48
22822194.0,102,51
22822289.0,115,48
22822359.0,113,55
22822369.0,114,51
22822370.0,117,48
22822448.0,104,47
22822510.0,106,51
22822588.0,103,49
22822592.0,114,55
22822820.0,109,49
22822921.0,114,48
22822934.0,113,52
22823116.0,115,50
22823387.0,116,52
22823477.0,107,51
22823483.0,115,56
22823535.0,116,49
22823556.0,112,58
22823650.0,101,70
22823652.0,109,49
22823832.0,111,58
22823904.0,108,50
22823991.0,112,47
22824032.0,112,52
22824038.0,107,52
22824114.0,113,55
22824120.0,111,50
22824140.0,111,58
22824157.0,112,53
22824199.0,117,51
22824463.0,105,50
22824530.0,100,60
22824539.0,110,59
22824545.0,103,48
22824554.0,112,55
22824607.0,106,49
22824640.0,95,88
22824673.0,114,51
22824702.0,104,47
22824707.0,100,58
22824793.0,110,48
22824870.0,116,55
22824884.0,115,53
22824901.0,116,52
22824914.0,109,60
22825005.0,106,49
22825023.0,115,56
22825032.0,108,49
22825041.0,105,52
22825154.0,101,52
22825198.0,110,52
22825292.0,88,80
22825421.0,101,56
22825534.0,88,81
22825719.0,111,55
22825734.0,110,53
22825856.0,96,89
22825928.0,116,55
22825942.0,116,53
22826032.0,106,48
22826133.0,102,57
22826134.0,106,51
22826143.0,111,51
22826234.0,105,47
22826258.0,103,48
22826315.0,116,48
22826363.0,106,48
22826366.0,100,57
22826384.0,104,51
22826407.0,101,54
22826549.0,115,49
22826564.0,114,50
22826636.0,104,50
22826647.0,111,50
22826739.0,114,54
22826745.0,108,61
22826875.0,114,51
22826916.0,115,54
22827011.0,105,49
22827035.0,107,50
22827155.0,100,54
22827217.0,105,48
22827229.0,108,49
22827231.0,87,82
22827288.0,113,52
22827351.0,115,47
22827423.0,112,52
22827482.0,105,51
22827568.0,116,48
22827573.0,107,63
22827577.0,116,49
22827613.0,110,48
22827630.0,115,50
22828042.0,112,48
22828196.0,113,51
22828215.0,109,60
22828251.0,116,51
22828260.0,111,49
22828526.0,103,47
22828595.0,110,59
22828610.0,100,53
22828722.0,116,47
22828724.0,111,53
22828813.0,104,52
22828875.0,110,59
22828945.0,110,50
22828972.0,101,55
22829146.0,114,54
22829150.0,100,56
22829160.0,102,56
22829201.0,114,47
22829264.0,111,58
22829271.0,114,53
22829286.0,114,56
22829347.0,115,52
22829622.0,114,48
22829908.0,116,54
22829995.0,114,52
22830055.0,107,67
22830061.0,116,51
22830095.0,105,51
22830105.0,114,49
22830142.0,111,52
22830178.0,102,50
22830189.0,106,66
22830198.0,107,69
22830241.0,115,48
22830436.0,111,49
22830575.0,104,51
22830604.0,104,50
22830617.0,110,50
22830629.0,112,48
22830643.0,113,51
22830782.0,112,52
22830785.0,114,57
22830804.0,114,50
22830924.0,113,50
22831003.0,100,53
22831016.0,101,51
22831223.0,107,49
22831424.0,110,47
22831449.0,96,88
22831539.0,112,51
22831545.0,116,53
22831567.0,108,51
22831587.0,103,52
22831602.0,106,67
22831633.0,115,48
22831670.0,104,52
22831926.0,108,74
22832035.0,108,51
22832107.0,101,50
22832180.0,108,49
22832183.0,104,47
22832211.0,108,48
22832249.0,109,47
22832406.0,100,54
22832427.0,106,50
22832443.0,107,49
22832557.0,110,58
22832761.0,111,51
22832889.0,100,58
22833030.0,104,49
22833084.0,114,52
22833096.0,103,51
22833103.0,105,51
22833113.0,109,50
22833157.0,103,72
22833173.0,115,47
22833185.0,99,55
22833272.0,109,47
22833278.0,114,48
22833657.0,108,48
22833722.0,111,57
22833746.0,100,55
22833810.0,111,55
22833908.0,114,55
22834030.0,110,52
22834111.0,108,60
22834126.0,103,60
22834279.0,112,50
22834301.0,107,49
22834325.0,110,53
22834448.0,115,54
22834627.0,101,57
22834655.0,101,49
22834760.0,107,61
22834763.0,104,51
22834773.0,113,50
22834807.0,111,51
22834870.0,111,52
22834946.0,110,46
22834948.0,113,53
22834963.0,109,53
22835118.0,113,56
22835135.0,102,47
22835246.0,99,55
22835363.0,103,50
22835369.0,106,50
22835573.0,103,52
22835711.0,111,54
22835722.0,109,59
22835782.0,108,61
22835808.0,109,51
22835843.0,112,51
22835941.0,103,51
22836042.0,108,60
22836098.0,100,51
22836131.0,99,54
22836150.0,104,51
22836170.0,114,51
22836507.0,107,62
22836565.0,53,58
22836681.0,101,48
22836689.0,106,49
22836727.0,108,64
22836759.0,114,48
22836835.0,110,55
22836882.0,114,47
22837151.0,109,47
22837198.0,108,47
22837202.0,105,50
22837267.0,113,52
22837365.0,109,58
22837432.0,112,49
22837631.0,99,53
22837634.0,94,80
22837677.0,113,53
22837699.0,107,48
22837729.0,93,80
22837771.0,103,52
22837823.0,100,50
22837855.0,102,50
22837940.0,102,52
22837952.0,101,49
22837957.0,110,48
22837981.0,111,57
22837992.0,114,54
22838142.0,100,53
22838200.0,113,55
22838205.0,108,59
22838228.0,107,64
22838261.0,102,50
22838290.0,103,49
22838404.0,106,49
22838471.0,102,52
22838483.0,111,50
22838484.0,111,51
22838522.0,112,56
22838533.0,112,50
22838534.0,110,51
22838575.0,93,81
22838596.0,103,48
22838618.0,101,52
22838631.0,106,65
22838663.0,93,82
22838697.0,107,65
22838714.0,99,52
22839038.0,114,55
22839066.0,113,49
22839139.0,112,48
22839236.0,101,48
22839247.0,110,52
22839285.0,114,51
22839302.0,115,54
22839303.0,108,51
22839317.0,103,52
22839415.0,114,54
22839584.0,92,82
22839617.0,113,52
22839630.0,105,50
22839646.0,101,47
22839648.0,114,50
22839708.0,106,68
22839777.0,110,58
22839830.0,109,46
22839871.0,100,50
22839967.0,108,52
22840007.0,103,51
22840014.0,109,58
22840089.0,115,53
22840190.0,111,45
22840403.0,113,47
22840432.0,102,51
22840450.0,107,51
22840477.0,113,55
22840684.0,105,49
22840764.0,113,51
22840767.0,100,49
22840827.0,98,62
22840844.0,109,52
22840881.0,111,49
22841002.0,101,60
22841053.0,110,54
22841082.0,106,61
22841240.0,98,57
22841350.0,107,47
22841387.0,107,48
22841436.0,113,52
22841569.0,111,53
22841642.0,103,51
22841799.0,99,53
22841824.0,112,49
22841837.0,98,53
22841881.0,104,50
22841958.0,98,56
22841963.0,111,54
22842000.0,91,89
22842008.0,99,51
22842045.0,112,52
22842064.0,102,50
22842085.0,109,51
22842111.0,109,52
22842180.0,111,49
22842194.0,111,51
22842297.0,111,50
22842323.0,107,47
22842426.0,101,59
22842560.0,106,48
22842646.0,105,49
22842744.0,110,50
22842818.0,110,55
22842997.0,110,51
22843013.0,98,54
22843042.0,100,54
22843232.0,104,74
22843297.0,113,50
22843325.0,107,49
22843401.0,101,52
22843505.0,108,58
22843518.0,106,63
22843562.0,102,52
22843582.0,99,54
22843612.0,108,52
22843669.0,110,57
22843835.0,102,48
22843907.0,100,47
22843949.0,108,46
22843995.0,102,49
22844161.0,114,50
22844177.0,111,48
22844231.0,107,60
22844274.0,112,55
22844338.0,116,50
22844369.0,105,62
22844468.0,99,50
22844530.0,106,64
22844545.0,110,45
22844624.0,100,49
22844674.0,109,51
22844744.0,98,55
22844764.0,98,53
22844951.0,105,67
22844963.0,107,52
22844984.0,108,49
22845013.0,109,50
22845100.0,111,49
22845113.0,112,51
22845123.0,105,66
22845186.0,106,51
22845272.0,114,53
22845292.0,108,45
22845302.0,111,45
22845362.0,108,72
22845462.0,99,56
22845462.0,110,49
22845491.0,101,50
22845518.0,104,50
22845582.0,101,51
22845743.0,103,73
22845749.0,98,59
22845817.0,113,50
22845841.0,109,47
22846005.0,99,55
22846023.0,105,48
22846098.0,111,49
22846105.0,113,49
22846212.0,113,53
22846227.0,102,51
22846378.0,110,56
22846423.0,106,50
22846436.0,110,53
22846594.0,103,52
22846644.0,108,52
22846681.0,94,81
22846759.0,114,52
22846770.0,108,47
22846805.0,113,54
22846875.0,104,66
22846912.0,109,57
22846918.0,109,45
22846918.0,93,81
22846928.0,110,50
22847018.0,109,51
22847042.0,82,93
22847055.0,103,51
22847238.0,110,45
22847251.0,108,58
22847295.0,108,51
22847361.0,110,48
22847382.0,112,52
22847522.0,105,51
22847567.0,112,50
22847574.0,98,60
22847631.0,108,51
22847678.0,101,48
22847772.0,97,89
22847773.0,104,49
22847833.0,108,58
22847834.0,102,51
22847857.0,99,48
22847864.0,106,50
22847889.0,103,50
22848080.0,101,49
22848151.0,108,52
22848156.0,98,51
22848209.0,107,45
22848287.0,108,45
22848371.0,111,52
22848467.0,65,122
22848480.0,109,50
22848595.0,111,48
22848605.0,111,52
22848644.0,106,49
22848806.0,106,50
22848832.0,109,45
22848885.0,109,50
22848938.0,107,46
22848954.0,111,45
22848988.0,106,46
22848996.0,109,49
22849014.0,106,60
22849030.0,113,49
22849033.0,99,47
22849069.0,110,45
22849077.0,107,59
22849098.0,113,53
22849132.0,110,49
22849248.0,108,51
22849283.0,104,48
22849306.0,113,52
22849420.0,113,48
22849429.0,101,50
22849450.0,108,60
22849517.0,101,52
22849530.0,111,51
22849550.0,65,122
22849566.0,111,55
22849707.0,99,49
22849714.0,109,51
22849716.0,110,55
22849741.0,105,47
22849750.0,107,52
22849809.0,110,52
22849819.0,97,54
22849830.0,98,54
22849850.0,112,49
22849919.0,111,51
22849926.0,97,55
22849997.0,98,50
22850020.0,106,62
22850030.0,99,62
22850073.0,98,51
22850129.0,99,57
22850157.0,97,57
22850304.0,108,50
22850361.0,109,57
22850387.0,105,51
22850418.0,106,64
22850433.0,106,59
22850467.0,103,49
22850476.0,110,47
22850479.0,109,50
22850481.0,109,54
22850511.0,114,47
22850593.0,62,50
22850622.0,110,53
22850679.0,109,53
22850698.0,98,52
22850755.0,111,52
22850807.0,100,59
22850810.0,104,62
22850871.0,97,53
22850908.0,100,52
22850919.0,107,45
22850975.0,111,46
22851055.0,105,50
22851154.0,111,48
22851207.0,109,53
22851228.0,106,49
22851231.0,107,52
22851284.0,93,82
22851288.0,109,48
22851341.0,106,63
22851347.0,105,46
22851362.0,98,49
22851433.0,99,48
22851436.0,102,50
22851437.0,102,51
22851498.0,110,56
22851580.0,106,52
22851614.0,108,51
22851759.0,112,53
22851768.0,10,80
22851781.0,100,47
22851855.0,106,45
22851869.0,100,51
22851910.0,106,60
22851913.0,110,56
22851986.0,101,51
22852087.0,110,49
22852125.0,111,47
22852189.0,105,61
22852226.0,100,72
22852254.0,103,49
22852257.0,110,48
22852274.0,107,51
22852370.0,109,55
22852382.0,110,54
22852401.0,111,50
22852531.0,112,52
22852535.0,98,48
22852574.0,94,79
22852625.0,105,50
22852715.0,99,70
22852738.0,100,50
22852792.0,100,48
22852811.0,86,89
22852892.0,100,49
22852908.0,111,50
22853047.0,95,80
22853056.0,110,53
22853171.0,94,80
22853192.0,98,47
22853193.0,95,80
22853286.0,109,44
22853418.0,111,54
22853487.0,109,47
22853541.0,109,56
22853550.0,97,64
22853556.0,110,46
22853570.0,111,51
22853730.0,110,55
22853764.0,108,54
22853782.0,109,49
22853834.0,108,53
22853865.0,3,48
22853884.0,110,45
22853888.0,104,51
22853982.0,97,53
22854034.0,98,55
22854196.0,105,49
22854220.0,107,58
22854280.0,110,47
22854324.0,107,50
22854339.0,110,51
22854341.0,98,47
22854441.0,111,49
22854768.0,97,52
22854855.0,104,50
22854862.0,97,51
22855098.0,109,52
22855125.0,95,90
22855128.0,99,47
22855151.0,110,47
22855162.0,103,48
22855168.0,108,58
22855218.0,107,57
22855265.0,112,52
22855282.0,108,50
22855305.0,107,52
22855344.0,108,48
22855413.0,98,48
22855495.0,97,54
22855521.0,106,44
22855657.0,97,56
22855672.0,97,66
22855710.0,109,48
22855803.0,107,50
22855813.0,105,45
22855851.0,107,51
22855907.0,105,46
22855976.0,99,48
22855981.0,104,46
22856101.0,101,50
22856104.0,97,55
22856107.0,102,72
22856120.0,111,48
22856214.0,97,50
22856226.0,104,51
22856258.0,96,56
22856260.0,111,53
22856371.0,99,52
22856405.0,99,51
22856468.0,106,51
22856481.0,99,53
22856495.0,111,53
22856512.0,105,51
22856525.0,110,51
22856528.0,110,50
22856536.0,97,51
22856547.0,98,57
22856550.0,113,51
22856564.0,97,49
22856694.0,104,67
22856702.0,99,49
22856746.0,108,49
22856755.0,108,56
22856762.0,109,53
22856773.0,102,62
22856787.0,99,53
22856789.0,96,54
22856796.0,102,49
22856829.0,89,86
22856831.0,84,91
22856937.0,111,47
22857015.0,106,52
22857046.0,108,47
22857091.0,96,53
22857098.0,107,49
22857163.0,99,60
22857201.0,110,52
22857217.0,110,54
22857292.0,99,59
22857309.0,111,53
22857315.0,108,45
22857418.0,97,48
22857433.0,102,48
22857470.0,103,47
22857504.0,106,44
22857561.0,94,90
22857590.0,107,60
22857590.0,100,60
22857617.0,101,58
22857618.0,106,47
22857630.0,101,50
22857645.0,101,51
22857682.0,109,45
22857687.0,100,51
22857690.0,109,47
22857698.0,103,51
22857742.0,100,61
22857767.0,104,50
22857785.0,107,50
22857792.0,109,51
22857845.0,108,52
22858022.0,96,55
22858061.0,99,50
22858072.0,96,52
22858147.0,96,90
22858167.0,96,57
22858168.0,89,81
22858206.0,105,52
22858254.0,104,49
22858261.0,97,47
22858365.0,110,49
22858469.0,111,50
22858485.0,88,81
22858556.0,107,60
22858569.0,105,60
22858574.0,99,49
22858583.0,109,52
22858643.0,107,53
22858760.0,107,56
22858801.0,98,47
22858812.0,107,57
22858818.0,106,50
22858820.0,110,51
22858850.0,108,53
22858898.0,104,68
22858974.0,96,56
22859065.0,109,46
22859195.0,111,52
22859213.0,108,48
22859231.0,109,55
22859263.0,103,74
22859339.0,101,49
22859359.0,107,50
22859442.0,106,51
22859459.0,110,50
22859464.0,97,57
22859481.0,106,58
22859491.0,108,46
22859493.0,109,50
22859494.0,102,50
22859525.0,99,52
22859542.0,102,73
22859623.0,105,64
22859828.0,107,48
22859856.0,96,51
22859912.0,96,52
22859928.0,96,53
22859934.0,108,48
22859938.0,109,47
22859954.0,99,48
22859959.0,104,69
22860012.0,97,48
22860083.0,47,96
22860089.0,104,45
22860092.0,110,48
22860135.0,100,51
22860149.0,106,54
22860194.0,106,50
22860273.0,107,48
22860286.0,99,50
22860349.0,107,49
22860359.0,108,49
22860387.0,101,74
22860439.0,110,53
22860452.0,110,50
22860486.0,110,47
22860506.0,62,47
22860526.0,111,50
22860547.0,107,47
22860589.0,107,52
22860627.0,100,52
22860705.0,105,51
22860720.0,102,47
22860786.0,98,53
22860788.0,106,49
22860847.0,98,48
22860852.0,98,52
22860948.0,111,51
22861037.0,110,47
22861045.0,109,51
22861127.0,105,51
22861215.0,76,58
22861400.0,106,57
22861438.0,99,53
22861487.0,108,47
22861544.0,95,80
22861556.0,99,72
22861587.0,106,44
22861666.0,96,49
22861724.0,101,63
22861770.0,95,80
22861812.0,107,47
22861816.0,107,44
22861828.0,106,49
22861944.0,44,118
22861953.0,96,48
22861973.0,103,58
22862021.0,103,62
22862054.0,106,50
22862063.0,96,50
22862073.0,104,65
22862133.0,86,84
22862157.0,109,54
22862162.0,97,59
22862166.0,107,56
22862185.0,108,45
22862251.0,98,51
22862290.0,106,58
22862313.0,109,49
22862330.0,105,59
22862445.0,95,80
22862461.0,108,51
22862470.0,96,51
22862567.0,105,52
22862606.0,108,55
22862616.0,44,118
22862638.0,108,52
22862690.0,108,44
22862874.0,105,64
22862892.0,105,63
22862924.0,97,47
22862987.0,104,63
22863011.0,107,46
22863023.0,102,46
22863059.0,106,53
22863065.0,106,44
22863091.0,98,71
22863107.0,101,48
22863190.0,96,48
22863198.0,104,52
22863240.0,105,50
22863253.0,96,54
22863253.0,105,63
22863303.0,98,50
22863322.0,101,49
22863393.0,107,49
22863555.0,94,84
22863559.0,105,60
22863633.0,102,50
22863648.0,98,60
22863721.0,106,57
22863744.0,108,47
22863746.0,105,44
22863791.0,108,50
22863793.0,106,48
22863798.0,95,56
22863824.0,44,117
22863827.0,105,51
22863852.0,104,67
22863857.0,103,48
22863866.0,103,45
22863890.0,109,50
22863958.0,109,47
22864070.0,105,58
22864078.0,109,45
22864194.0,107,48
22864203.0,106,50
22864264.0,109,48
22864324.0,97,48
22864330.0,95,53
22864369.0,96,55
22864406.0,95,81
22864417.0,107,53
22864438.0,107,44
22864442.0,104,62
22864484.0,108,51
22864495.0,106,49
22864507.0,106,47
22864532.0,102,74
22864564.0,107,52
22864651.0,105,59
22864751.0,95,52
22864767.0,99,52
22864804.0,99,51
22864824.0,95,51
22864842.0,95,54
22865010.0,110,51
22865067.0,105,63
22865105.0,97,58
22865138.0,107,47
22865186.0,100,49
22865195.0,107,52
22865286.0,109,53
22865392.0,106,56
22865448.0,105,63
22865450.0,103,44
22865487.0,107,51
22865516.0,95,50
22865529.0,107,72
22865530.0,104,64
22865599.0,108,54
22865606.0,101,72
22865627.0,108,49
22865649.0,104,51
22865663.0,104,52
22865681.0,109,53
22865684.0,110,50
22865697.0,107,52
22865745.0,106,44
22865799.0,106,63
22865813.0,106,49
22865872.0,109,47
22865885.0,107,45
22865906.0,99,50
22865926.0,106,52
22865945.0,107,56
22865965.0,94,81
22865982.0,103,75
22866000.0,107,52
22866020.0,108,51
22866058.0,105,49
22866060.0,100,48
22866315.0,109,53
22866346.0,107,51
22866440.0,98,59
22866446.0,97,53
22866447.0,95,53
22866466.0,105,54
22866471.0,102,45
22866531.0,97,60
22866582.0,109,51
22866642.0,103,62
22866764.0,101,46
22866896.0,102,62
22866899.0,105,50
22866948.0,106,48
22866952.0,97,52
22866990.0,95,49
22866994.0,97,61
22867051.0,96,58
22867083.0,102,50
22867186.0,88,88
22867193.0,108,50
22867202.0,95,50
22867246.0,106,46
22867267.0,105,44
22867276.0,103,44
22867292.0,97,50
22867303.0,107,55
22867306.0,109,52
22867309.0,103,68
22867311.0,104,50
22867395.0,97,49
22867472.0,105,48
22867476.0,71,57
22867476.0,95,58
22867532.0,103,52
22867565.0,95,55
22867566.0,101,47
22867575.0,107,46
22867576.0,89,86
22867581.0,106,46
22867606.0,96,60
22867688.0,108,48
22867719.0,106,48
22867755.0,107,50
22867819.0,103,50
22867864.0,95,52
22867867.0,108,50
22867870.0,106,44
22867909.0,96,56
22867998.0,98,51
22868176.0,103,61
22868189.0,99,50
22868256.0,101,46
22868263.0,99,49
22868268.0,106,56
22868271.0,98,52
22868380.0,107,47
22868429.0,104,44
22868433.0,108,47
22868443.0,96,48
22868468.0,104,50
22868511.0,107,44
22868515.0,108,48
22868522.0,106,56
22868546.0,95,78
22868549.0,68,52
22868552.0,105,61
22868598.0,103,67
22868600.0,106,47
22868634.0,104,63
22868749.0,96,57
22868795.0,105,47
22868820.0,95,57
22868830.0,94,53
22868869.0,104,51
22868873.0,100,72
22868970.0,98,71
22868977.0,106,45
22869051.0,105,49
22869142.0,107,51
22869150.0,99,51
22869185.0,102,44
22869234.0,106,56
22869485.0,94,56
22869491.0,107,49
22869507.0,101,73
22869526.0,108,54
22869657.0,100,47
22869854.0,104,49
22869870.0,93,52
22869893.0,105,46
22869943.0,104,69
22869991.0,96,90
22870002.0,99,49
22870103.0,103,62
22870123.0,94,55
22870129.0,94,54
22870175.0,94,51
22870292.0,100,62
22870320.0,106,51
22870337.0,104,66
22870339.0,105,69
22870357.0,108,47
22870376.0,109,50
22870392.0,98,60
22870462.0,94,48
22870472.0,106,55
22870476.0,107,51
22870489.0,94,52
22870493.0,100,46
22870507.0,107,54
22870530.0,106,46
22870532.0,98,50
22870549.0,108,49
22870608.0,98,72
22870619.0,94,53
22870621.0,71,55
22870657.0,103,66
22870751.0,94,50
22870757.0,106,52
22870779.0,97,52
22870785.0,96,49
22870788.0,105,57
22870808.0,106,44
22870821.0,97,63
22870826.0,99,48
22870970.0,96,59
22871006.0,101,48
22871010.0,105,52
22871015.0,103,66
22871035.0,105,48
22871054.0,105,57
22871094.0,70,59
22871094.0,103,44
22871135.0,95,48
22871139.0,97,72
22871193.0,104,50
22871194.0,104,48
22871202.0,98,50
22871332.0,97,53
22871422.0,95,60
22871490.0,93,77
22871494.0,98,51
22871511.0,103,52
22871559.0,105,53
22871612.0,105,56
22871748.0,98,76
22871835.0,104,63
22871876.0,103,50
22871935.0,108,53
22871964.0,102,62
22872022.0,107,50
22872053.0,107,47
22872069.0,96,50
22872076.0,106,47
22872079.0,105,57
22872099.0,101,45
22872132.0,99,73
22872154.0,102,63
22872156.0,98,49
22872176.0,107,48
22872187.0,94,50
22872196.0,106,50
22872219.0,108,52
22872229.0,107,52
22872315.0,104,58
22872355.0,105,44
22872423.0,94,49
22872436.0,96,52
22872440.0,103,82
22872446.0,101,49
22872466.0,107,46
22872467.0,102,62
22872491.0,95,48
22872534.0,105,47
22872724.0,107,48
22872827.0,95,82
22872843.0,97,70
22872860.0,107,46
22873065.0,101,44
22873148.0,103,62
22873173.0,103,49
22873181.0,103,60
22873235.0,105,45
22873245.0,106,49
22873294.0,105,51
22873333.0,97,51
22873442.0,96,53
22873451.0,103,51
22873486.0,104,49
22873493.0,108,51
22873502.0,104,47
22873567.0,106,49
22873597.0,105,49
22873606.0,54,61
22873647.0,107,53
22873681.0,99,75
22873736.0,100,45
22873763.0,107,46
22873780.0,102,62
22873837.0,97,71
22873943.0,104,67
22873968.0,104,46
22873988.0,95,56
22873999.0,105,46
22874071.0,104,57
22874196.0,107,49
22874203.0,93,49
22874247.0,94,58
22874275.0,99,46
22874379.0,106,54
22874393.0,97,71
22874432.0,106,51
22874463.0,93,54
22874538.0,106,55
22874550.0,93,48
22874572.0,94,55
22874587.0,93,56
22874692.0,104,48
22874715.0,94,59
22874740.0,105,46
22874748.0,105,55
22874749.0,93,53
22874755.0,93,49
22874768.0,107,47
22874785.0,94,48
22874796.0,98,48
22874814.0,93,50
22874832.0,97,52
22874937.0,108,50
22874972.0,102,44
22874997.0,95,49
22875016.0,95,50
22875055.0,94,52
22875130.0,106,50
22875147.0,106,48
22875279.0,107,52
22875381.0,105,56
22875444.0,93,52
22875454.0,96,53
22875580.0,106,49
22875642.0,93,50
22875643.0,94,56
22875670.0,93,54
22875744.0,93,51
22875750.0,104,47
22875755.0,106,46
22875780.0,88,86
22875968.0,106,47
22875984.0,93,52
22876068.0,104,58
22876098.0,104,44
22876133.0,102,50
22876146.0,104,52
22876155.0,105,50
22876185.0,104,57
22876205.0,96,52
22876235.0,103,68
22876285.0,93,57
22876289.0,104,53
22876347.0,104,45
22876370.0,107,49
22876410.0,103,47
22876419.0,95,52
22876501.0,95,63
22876525.0,93,52
22876532.0,102,61
22876567.0,103,53
22876597.0,103,48
22876635.0,100,48
22876636.0,93,53
22876694.0,103,61
22876814.0,93,54
22876833.0,95,50
22876883.0,99,45
22876918.0,95,58
22876931.0,105,47
22876943.0,108,49
22876991.0,103,53
22877010.0,105,55
22877048.0,103,49
22877070.0,90,86
22877096.0,102,74
22877118.0,93,51
22877148.0,98,52
22877153.0,97,49
22877298.0,106,49
22877311.0,104,46
22877341.0,97,51
22877343.0,95,53
22877368.0,94,49
22877384.0,106,54
22877410.0,106,50
22877506.0,103,59
22877515.0,101,73
22877538.0,106,53
22877547.0,103,46
22877569.0,106,54
22877586.0,102,73
22877590.0,102,49
22877606.0,99,50
22877765.0,105,49
22877878.0,104,56
22877891.0,90,87
22877936.0,104,51
22877965.0,94,60
22878231.0,107,51
22878291.0,95,51
22878329.0,94,54
22878464.0,105,51
22878501.0,93,59
22878508.0,107,51
22878644.0,98,53
22878722.0,106,49
22878903.0,103,58
22878925.0,92,51
22878951.0,107,49
22879057.0,100,67
22879071.0,89,86
22879154.0,103,52
22879157.0,100,68
22879161.0,104,52
22879165.0,99,49
22879220.0,107,51
22879260.0,93,55
22879341.0,93,48
22879380.0,102,48
22879392.0,104,46
22879414.0,103,48
22879426.0,92,50
22879467.0,99,50
22879515.0,105,54
22879542.0,103,44
22879545.0,102,68
22879659.0,95,53
22879692.0,102,53
22879698.0,94,50
22879721.0,103,47
22879732.0,107,50
22879738.0,103,45
22879765.0,105,47
22879837.0,96,52
22879931.0,102,62
22879931.0,102,47
22879980.0,101,63
22879991.0,105,50
22880023.0,103,59
22880105.0,102,67
22880111.0,98,45
22880134.0,98,62
22880304.0,92,55
22880350.0,92,54
22880451.0,96,51
22880481.0,96,50
22880495.0,92,52
22880587.0,106,52
22880662.0,94,49
22880693.0,93,49
22880704.0,92,51
22880773.0,99,48
22880793.0,101,50
22880799.0,102,49
22880875.0,105,52
22880895.0,105,46
22880950.0,103,46
22880964.0,101,51
22881029.0,99,68
22881037.0,92,56
22881048.0,96,49
22881059.0,93,56
22881061.0,92,57
22881121.0,102,63
22881159.0,99,49
22881188.0,97,47
22881194.0,97,49
22881212.0,99,44
22881318.0,93,57
22881366.0,102,48
22881406.0,104,55
22881410.0,105,49
22881563.0,94,52
22881578.0,103,53
22881704.0,104,49
22881779.0,101,49
22881782.0,94,51
22881809.0,103,64
22881830.0,102,61
22881879.0,68,54
22881951.0,101,51
22881954.0,103,66
22882018.0,102,46
22882049.0,103,58
22882151.0,104,51
22882180.0,94,58
22882186.0,93,49
22882210.0,94,53
22882230.0,101,49
22882311.0,105,49
22882318.0,95,53
22882323.0,96,49
22882338.0,100,44
22882345.0,97,46
22882345.0,100,74
22882381.0,97,48
22882410.0,103,58
22882432.0,91,50
22882446.0,101,51
22882473.0,95,52
22882518.0,87,83
22882557.0,96,61
22882624.0,95,83
22882652.0,105,53
22882665.0,95,51
22882689.0,101,51
22882832.0,98,44
22882871.0,92,53
22882871.0,100,44
22882906.0,95,57
22882924.0,91,49
22882967.0,92,55
22883003.0,96,48
22883018.0,101,48
22883071.0,98,72
22883136.0,94,54
22883215.0,101,61
22883216.0,97,61
22883247.0,103,46
22883254.0,91,50
22883271.0,105,48
22883273.0,96,50
22883285.0,95,54
22883330.0,102,60
22883335.0,92,52
22883335.0,101,62
22883339.0,103,56
22883340.0,93,50
22883364.0,93,58
22883364.0,95,84
22883500.0,104,56
22883593.0,101,47
22883623.0,100,51
22883645.0,102,60
22883716.0,96,60
22883722.0,91,49
22883791.0,91,51
22883802.0,92,58
22883849.0,93,59
22883948.0,106,50
22883979.0,98,48
22884026.0,98,49
22884101.0,99,72
22884136.0,92,49
22884182.0,104,46
22884197.0,95,50
22884220.0,92,56
22884252.0,102,52
22884313.0,91,52
22884354.0,106,49
22884372.0,104,47
22884381.0,92,57
22884385.0,103,47
22884392.0,101,50
22884403.0,101,46
22884456.0,103,52
22884463.0,97,51
22884493.0,107,49
22884518.0,94,57
22884535.0,97,45
22884540.0,102,47
22884556.0,83,92
22884585.0,95,51
22884633.0,104,54
22884719.0,98,51
22884732.0,102,59
22884733.0,91,51
22884758.0,94,50
22884788.0,102,46
22884789.0,91,53
22884800.0,100,52
22884824.0,99,53
22885133.0,94,50
22885170.0,105,52
22885251.0,93,51
22885257.0,93,52
22885265.0,100,50
22885280.0,95,49
22885458.0,102,45
22885473.0,102,60
22885543.0,94,59
22885697.0,100,49
22885708.0,104,49
22885818.0,100,73
22885826.0,104,48
22885867.0,98,48
22885868.0,102,53
22885987.0,105,50
22886008.0,97,44
22886048.0,101,45
22886081.0,94,53
22886135.0,100,51
22886143.0,103,49
22886147.0,101,53
22886161.0,95,50
22886194.0,91,54
22886210.0,91,56
22886261.0,97,49
22886286.0,95,49
22886318.0,96,46
22886354.0,55,53
22886361.0,94,52
22886407.0,90,50
22886432.0,97,51
22886458.0,103,55
22886492.0,91,55
22886577.0,101,44
22886605.0,103,56
22886627.0,55,53
22886820.0,105,51
22886822.0,101,48
22886874.0,95,48
22886932.0,93,53
22886940.0,91,53
22887013.0,103,51
22887024.0,103,55
22887027.0,90,50
22887121.0,102,46
22887182.0,96,47
22887191.0,93,52
22887215.0,96,45
22887385.0,102,59
22887456.0,102,51
22887462.0,95,59
22887482.0,92,50
22887486.0,103,47
22887523.0,69,66
22887607.0,105,50
22887692.0,106,56
22887820.0,100,48
22887828.0,102,58
22887861.0,103,54
22887872.0,99,52
22887921.0,103,46
22887952.0,95,52
22888011.0,103,55
22888050.0,98,44
22888142.0,93,54
22888183.0,102,56
22888201.0,90,51
22888209.0,97,48
22888261.0,107,58
22888307.0,95,47
22888308.0,102,48
22888323.0,108,58
22888341.0,94,52
22888427.0,101,47
22888439.0,101,46
22888499.0,100,46
22888529.0,103,57
22888535.0,99,47
22888551.0,94,51
22888588.0,103,48
22888615.0,106,74
22888640.0,101,52
22888649.0,94,60
22888882.0,98,47
22888889.0,102,65
22888911.0,91,52
22888945.0,103,50
22888990.0,102,57
22888991.0,99,44
22889055.0,94,50
22889094.0,102,66
22889117.0,101,67
22889154.0,90,52
22889155.0,91,49
22889242.0,92,51
22889296.0,101,51
22889304.0,105,49
22889325.0,94,75
22889345.0,100,45
22889428.0,94,49
22889438.0,91,49
22889500.0,99,49
22889543.0,101,63
22889547.0,100,75
22889606.0,100,44
22889607.0,94,61
22889643.0,95,61
22889669.0,91,50
22889705.0,97,48
22889711.0,99,50
22889720.0,91,86
22889731.0,104,49
22889741.0,95,46
22889810.0,91,56
22889813.0,102,55
22889813.0,103,49
22889856.0,102,52
22889884.0,90,53
22889911.0,93,55
22889941.0,100,48
22889972.0,92,52
22890059.0,89,50
22890069.0,96,72
22890123.0,101,53
22890145.0,92,58
22890355.0,102,56
22890361.0,94,49
22890379.0,101,66
22890456.0,90,91
22890555.0,101,46
22890558.0,96,50
22890567.0,91,85
22890575.0,102,46
22890580.0,96,49
22890599.0,92,59
22890619.0,102,49
22890637.0,98,44
22890643.0,105,48
22890727.0,91,54
22890768.0,98,52
22890799.0,91,87
22890849.0,102,51
22890924.0,92,53
22890958.0,93,54
22891001.0,90,51
22891004.0,93,57
22891011.0,93,55
22891014.0,89,51
22891021.0,90,55
22891034.0,103,53
22891140.0,93,52
22891148.0,102,48
22891157.0,93,60
22891193.0,99,47
22891233.0,104,51
22891258.0,95,45
22891285.0,92,57
22891335.0,94,51
22891384.0,100,53
22891448.0,100,63
22891476.0,96,62
22891490.0,93,53
22891542.0,102,47
22891544.0,93,61
22891559.0,100,49
22891564.0,100,46
22891616.0,97,44
22891768.0,89,51
22891799.0,102,74
22891801.0,101,51
22891811.0,100,62
22891815.0,97,51
22891821.0,93,62
22891850.0,103,49
22891912.0,90,56
22891917.0,99,50
22892092.0,99,51
22892114.0,90,54
22892134.0,91,59
22892149.0,91,51
22892182.0,53,54
22892209.0,101,59
22892224.0,89,52
22892227.0,93,59
22892254.0,96,51
22892425.0,90,52
22892436.0,93,51
22892453.0,96,81
22892454.0,91,51
22892467.0,88,81
22892494.0,102,46
22892572.0,90,53
22892592.0,90,50
22892606.0,90,87
22892734.0,89,51
22892779.0,100,46
22892822.0,92,53
22892865.0,90,57
22892906.0,90,55
22892942.0,92,54
22892945.0,98,51
22892971.0,95,44
22893019.0,88,89
22893046.0,102,54
22893096.0,99,45
22893124.0,89,53
22893139.0,96,44
22893166.0,93,50
22893182.0,103,48
22893207.0,96,50
22893220.0,93,52
22893288.0,93,55
22893395.0,91,51
22893399.0,92,53
22893435.0,98,70
22893469.0,101,50
22893504.0,91,50
22893540.0,94,50
22893617.0,104,49
22893638.0,91,58
22893644.0,93,49
22893652.0,89,52
22893656.0,90,56
22893687.0,89,87
22893766.0,99,49
22893770.0,99,45
22893837.0,101,57
22893943.0,98,50
22894000.0,102,68
22894162.0,88,88
22894277.0,104,50
22894320.0,106,75
22894323.0,101,58
22894361.0,91,52
22894365.0,90,50
22894382.0,89,53
22894391.0,93,50
22894526.0,94,46
22894677.0,92,80
22894720.0,102,49
22894723.0,101,68
22894815.0,95,49
22894837.0,95,50
22894875.0,89,52
22894899.0,88,51
22894902.0,100,53
22894906.0,98,51
22894910.0,93,53
22894927.0,91,53
22894979.0,101,56
22895001.0,91,57
22895022.0,93,51
22895109.0,101,51
22895125.0,90,51
22895139.0,99,53
22895163.0,69,53
22895273.0,103,51
22895308.0,99,47
22895314.0,101,68
22895353.0,89,50
22895354.0,98,47
22895404.0,92,54
22895428.0,93,47
22895524.0,95,47
22895584.0,98,44
22895705.0,102,53
22895777.0,93,48
22895791.0,98,48
22895914.0,100,51
22895998.0,106,72
22896016.0,101,61
22896052.0,101,55
22896053.0,94,45
22896135.0,88,52
22896160.0,90,51
22896174.0,96,72
22896189.0,91,56
22896199.0,95,72
22896206.0,102,51
22896227.0,98,45
22896244.0,101,67
22896358.0,89,53
22896374.0,102,50
22896379.0,92,53
22896381.0,100,48
22896480.0,101,46
22896490.0,97,52
22896568.0,98,46
22896569.0,103,52
22896644.0,93,46
22896692.0,99,46
22896722.0,89,54
22896852.0,90,58
22896875.0,101,51
22896893.0,92,61
22896978.0,95,44
22896996.0,97,51
22897025.0,90,88
22897087.0,89,56
22897161.0,91,53
22897169.0,93,52
22897175.0,90,56
22897193.0,91,60
22897213.0,92,51
22897269.0,97,51
22897339.0,101,51
22897345.0,101,68
22897352.0,100,52
22897358.0,98,50
22897495.0,86,90
22897519.0,89,51
22897538.0,103,50
22897541.0,100,60
22897544.0,101,51
22897556.0,92,50
22897632.0,91,54
22897676.0,92,52
22897685.0,90,57
22897836.0,97,50
22897846.0,90,52
22897878.0,94,49
22898017.0,93,45
22898025.0,96,44
22898053.0,97,51
22898066.0,103,49
22898187.0,100,49
22898209.0,102,48
22898222.0,102,53
22898241.0,97,50
22898261.0,94,51
22898364.0,92,50
22898372.0,99,52
22898476.0,97,51
22898544.0,96,45
22898572.0,100,46
22898638.0,91,55
22898675.0,100,65
22898703.0,101,50
22898723.0,89,56
22898765.0,97,66
22898786.0,101,54
22898801.0,89,51
22898877.0,89,55
22898889.0,97,50
22898894.0,88,52
22898934.0,100,48
22898979.0,96,48
22898999.0,100,50
22899039.0,91,59
22899041.0,97,47
22899065.0,98,46
22899099.0,100,67
22899137.0,90,55
22899228.0,88,53
22899286.0,88,54
22899353.0,97,52
22899361.0,101,52
22899387.0,94,50
22899460.0,98,73
22899516.0,92,59
22899520.0,90,53
22899531.0,91,59
22899622.0,102,52
22899677.0,87,52
22899723.0,92,60
22899762.0,100,59
22899765.0,100,51
22899794.0,99,51
22899826.0,93,61
22899832.0,112,59
22899901.0,102,52
22900049.0,95,50
22900138.0,91,58
22900147.0,96,52
22900157.0,102,51
22900238.0,100,56
22900322.0,92,46
22900326.0,92,47
22900414.0,89,57
22900430.0,101,48
22900473.0,87,52
22900483.0,92,52
22900613.0,91,53
22900637.0,101,64
22900672.0,94,47
22900682.0,98,46
22900686.0,101,57
22900694.0,97,45
22900709.0,90,60
22900711.0,97,48
22900802.0,97,46
22900824.0,90,53
22900854.0,88,55
22900875.0,98,53
22900878.0,90,52
22900912.0,102,48
22900946.0,91,51
22900973.0,101,68
22900975.0,94,65
22900997.0,97,51
22900997.0,105,71
22900998.0,94,50
22901019.0,91,50
22901023.0,103,48
22901061.0,94,45
22901079.0,101,48
22901084.0,100,57
22901094.0,96,44
22901096.0,100,65
22901101.0,90,53
22901144.0,90,59
22901159.0,89,52
22901164.0,101,53
22901270.0,88,51
22901390.0,92,51
22901393.0,100,50
22901395.0,88,54
22901489.0,91,54
22901551.0,91,53
22901569.0,101,49
22901586.0,102,50
22901611.0,87,53
22901623.0,94,79
22901641.0,92,47
22901753.0,97,50
22901762.0,92,62
22901780.0,93,60
22901783.0,92,45
22901871.0,100,67
22901898.0,96,50
22901989.0,96,51
22902001.0,98,49
22902109.0,99,46
22902222.0,54,59
22902224.0,96,47
22902233.0,96,48
22902243.0,100,68
22902243.0,91,48
22902249.0,98,47
22902259.0,89,59
22902283.0,95,45
22902287.0,100,56
22902327.0,91,52
22902338.0,100,47
22902348.0,63,90
22902362.0,88,56
22902384.0,91,55
22902389.0,89,56
22902441.0,96,45
22902473.0,90,52
22902491.0,99,52
22902499.0,94,45
22902509.0,93,51
22902568.0,97,47
22902636.0,100,55
22902708.0,87,51
22902726.0,91,50
22902749.0,99,47
22902753.0,90,54
22902816.0,93,51
22902872.0,86,52
22902895.0,93,50
22902966.0,89,58
22902981.0,93,52
22902986.0,100,58
22902999.0,87,53
22903005.0,100,47
22903045.0,67,58
22903114.0,91,51
22903121.0,99,50
22903121.0,99,47
22903156.0,100,49
22903220.0,90,58
22903254.0,91,57
22903282.0,93,45
22903305.0,100,55
22903339.0,93,51
22903437.0,99,50
22903471.0,82,93
22903559.0,88,52
22903724.0,96,51
22903766.0,91,45
22903786.0,86,52
22903806.0,93,52
22903887.0,97,46
22903926.0,100,54
22903938.0,99,67
22903965.0,90,55
22903985.0,93,49
22904013.0,91,56
22904063.0,89,59
22904102.0,101,51
22904123.0,91,49
22904156.0,87,90
22904158.0,97,83
22904164.0,98,52
22904217.0,91,46
22904335.0,97,71
22904412.0,100,64
22904444.0,87,54
22904461.0,89,53
22904569.0,100,48
22904581.0,93,46
22904600.0,91,54
22904614.0,99,58
22904627.0,88,52
22904698.0,99,51
22904713.0,89,53
22904744.0,68,52
22904770.0,69,51
22904803.0,100,50
22904834.0,91,60
22904876.0,90,54
22904878.0,95,50
22904932.0,90,51
22904951.0,89,87
22904967.0,93,51
22905131.0,86,53
22905211.0,90,52
22905214.0,91,60
22905226.0,91,53
22905251.0,91,47
22905253.0,91,45
22905263.0,99,65
22905267.0,101,51
22905275.0,90,50
22905308.0,101,48
22905378.0,96,50
22905404.0,89,53
22905421.0,97,53
22905422.0,98,53
22905561.0,91,60
22905598.0,94,51
22905606.0,94,53
22905623.0,90,60
22905624.0,100,53
22905627.0,99,55
22905695.0,98,46
22905712.0,90,53
22905722.0,95,47
22905725.0,92,64
22905733.0,95,53
22905773.0,88,55
22905781.0,101,51
22905793.0,90,49
22905818.0,94,48
22905818.0,87,55
22905844.0,88,56
22905866.0,98,50
22905923.0,90,56
22905930.0,96,47
22905952.0,95,48
22905965.0,89,60
22906058.0,101,50
22906214.0,90,51
22906219.0,98,50
22906226.0,93,51
22906237.0,87,52
22906256.0,87,54
22906260.0,90,48
22906266.0,99,60
22906287.0,92,50
22906371.0,90,47
22906445.0,101,49
22906467.0,89,54
22906470.0,92,45
22906511.0,93,52
22906542.0,101,51
22906552.0,86,91
22906593.0,95,48
22906677.0,98,52
22906751.0,95,52
22906767.0,100,48
22906776.0,100,66
22906777.0,93,45
22906815.0,92,65
22906833.0,101,51
22906845.0,100,49
22906926.0,89,58
22906941.0,90,52
22906950.0,99,52
22906956.0,96,67
22906965.0,96,68
22907007.0,92,52
22907029.0,98,47
22907038.0,86,53
22907085.0,98,51
22907110.0,92,51
22907340.0,99,56
22907397.0,90,46
22907412.0,99,59
22907412.0,90,54
22907423.0,92,62
22907441.0,101,68
22907452.0,98,50
22907464.0,95,50
22907529.0,101,51
22907558.0,96,46
22907559.0,87,56
22907609.0,90,59
22907647.0,86,54
22907689.0,99,58
22907696.0,87,52
22907757.0,100,68
22907774.0,99,55
22907790.0,103,54
22907806.0,88,53
22907823.0,101,51
22907861.0,93,63
22907897.0,96,51
22907934.0,89,55
22907950.0,101,55
22907957.0,88,89
22907962.0,86,52
22908069.0,85,53
22908075.0,91,45
22908080.0,99,55
22908141.0,95,52
22908163.0,90,46
22908188.0,93,50
22908207.0,103,54
22908228.0,86,54
22908258.0,87,55
22908352.0,97,52
22908354.0,97,51
22908514.0,92,46
22908550.0,98,52
22908600.0,99,48
22908621.0,99,54
22908656.0,101,54
22908704.0,88,57
22908714.0,98,51
22908725.0,99,57
22908726.0,87,57
22908892.0,97,46
22909135.0,96,47
22909138.0,100,51
22909202.0,100,48
22909213.0,95,63
22909217.0,92,45
22909245.0,90,56
22909246.0,93,45
22909277.0,99,60
22909291.0,99,51
22909372.0,100,52
22909425.0,70,59
22909445.0,89,51
22909446.0,94,61
22909475.0,87,53
22909509.0,95,45
22909531.0,88,58
22909607.0,92,64
22909623.0,85,54
22909724.0,95,50
22909772.0,94,64
22909856.0,94,45
22909901.0,99,56
22909911.0,99,55
22909914.0,92,46
22909915.0,97,50
22909942.0,93,64
22909948.0,91,50
22909950.0,94,48
22909958.0,93,62
22909973.0,101,55
22909987.0,85,53
22910016.0,88,54
22910026.0,89,49
22910048.0,89,47
22910092.0,92,51
22910158.0,86,55
22910208.0,95,49
22910245.0,94,46
22910303.0,99,55
22910306.0,99,54
22910317.0,95,46
22910324.0,100,50
22910330.0,89,50
22910336.0,94,51
22910397.0,95,50
22910438.0,95,47
22910446.0,91,46
22910456.0,92,61
22910489.0,100,49
22910493.0,89,46
22910527.0,90,55
22910584.0,89,54
22910589.0,97,47
22910598.0,90,61
22910624.0,87,53
22910648.0,101,55
22910667.0,94,46
22910674.0,99,55
22910679.0,92,45
22910698.0,89,55
22910723.0,96,49
22910730.0,95,53
22910736.0,97,49
22910739.0,89,56
22910770.0,95,73
22910827.0,91,49
22910844.0,87,56
22910847.0,100,65
22910901.0,88,55
22910904.0,99,55
22910924.0,86,53
22910945.0,87,53
22910974.0,87,57
22911009.0,99,53
22911081.0,86,56
22911125.0,99,50
22911136.0,91,49
22911201.0,89,56
22911203.0,100,68
22911234.0,94,46
22911250.0,98,49
22911318.0,89,46
22911352.0,90,53
22911354.0,89,52
22911387.0,89,51
22911407.0,92,49
22911408.0,95,44
22911497.0,88,59
22911666.0,98,50
22911820.0,85,54
22911851.0,91,61
22911855.0,97,52
22911864.0,94,46
22911970.0,92,66
22911975.0,92,65
22912057.0,99,64
22912124.0,86,52
22912129.0,84,53
22912139.0,89,53
22912145.0,93,45
22912164.0,55,53
22912177.0,89,60
22912240.0,86,53
22912259.0,89,54
22912355.0,55,53
22912387.0,98,55
22912435.0,96,46
22912442.0,88,55
22912474.0,87,54
22912497.0,99,52
22912626.0,91,52
22912644.0,87,57
22912662.0,85,55
22912681.0,89,47
22912740.0,55,55
22912746.0,86,52
22912792.0,98,48
22912802.0,92,46
22912824.0,91,51
22912857.0,96,51
22912889.0,99,49
22912904.0,95,46
22912962.0,99,51
22913024.0,90,46
22913122.0,86,55
22913125.0,97,48
22913166.0,96,47
22913196.0,91,46
22913238.0,89,55
22913261.0,94,46
22913316.0,88,47
22913338.0,93,48
22913441.0,84,54
22913459.0,89,59
22913559.0,96,49
22913567.0,88,49
22913580.0,93,46
22913608.0,86,57
22913659.0,90,62
22913685.0,96,48
22913786.0,98,56
22913835.0,87,58
22913845.0,98,54
22913858.0,88,50
22913935.0,86,56
22913973.0,88,48
22913995.0,87,54
22914010.0,99,48
22914105.0,99,49
22914177.0,88,51
22914200.0,85,53
22914258.0,99,51
22914280.0,90,60
22914290.0,88,60
22914313.0,99,50
22914330.0,88,52
22914375.0,93,47
22914421.0,97,53
22914474.0,87,58
22914507.0,96,50
22914531.0,91,45
22914554.0,88,47
22914584.0,93,50
22914592.0,88,56
22914606.0,85,55
22914715.0,97,50
22914748.0,95,46
22914790.0,91,49
22914792.0,93,51
22914795.0,98,57
22914892.0,85,56
22914990.0,96,72
22915008.0,94,49
22915014.0,97,49
22915070.0,92,82
22915115.0,91,52
22915184.0,84,54
22915184.0,94,46
22915276.0,88,53
22915328.0,98,58
22915368.0,87,55
22915395.0,92,45
22915472.0,98,55
22915498.0,90,49
22915584.0,86,54
22915588.0,98,59
22915620.0,97,48
22915625.0,93,49
22915639.0,89,46
22915705.0,95,46
22915716.0,93,46
22915735.0,92,46
22915736.0,90,51
22915773.0,87,55
22915805.0,84,55
22915852.0,91,46
22915932.0,89,61
22915954.0,87,59
22915958.0,90,46
22915962.0,88,54
22916033.0,86,57
22916080.0,94,48
22916143.0,98,60
22916152.0,89,60
22916169.0,98,53
22916170.0,89,57
22916172.0,88,55
22916188.0,89,55
22916195.0,88,59
22916224.0,92,52
22916242.0,93,47
22916242.0,97,70
22916258.0,98,62
22916358.0,94,47
22916431.0,97,48
22916559.0,87,55
22916647.0,90,49
22916649.0,95,47
22916811.0,93,46
22916855.0,91,47
22916861.0,84,55
22916864.0,87,47
22916865.0,93,49
22916868.0,90,52
22916879.0,89,54
22916917.0,92,88
22916966.0,92,87
22917113.0,88,84
22917177.0,89,47
22917178.0,90,53
22917279.0,87,48
22917282.0,93,51
22917306.0,88,57
22917308.0,88,61
22917314.0,89,52
22917319.0,95,48
22917322.0,93,50
22917370.0,89,47
22917385.0,87,89
22917387.0,93,53
22917396.0,85,56
22917476.0,85,57
22917500.0,89,57
22917501.0,95,53
22917504.0,98,52
22917519.0,85,54
22917527.0,87,48
22917528.0,91,45
22917531.0,90,61
22917534.0,89,83
22917537.0,87,49
22917595.0,88,56
22917717.0,89,62
22917722.0,88,52
22917739.0,101,77
22917781.0,87,47
22917842.0,94,52
22917847.0,90,55
22917850.0,90,54
22917945.0,90,51
22917959.0,89,49
22917963.0,87,51
22917990.0,86,55
22918012.0,92,49
22918098.0,95,52
22918109.0,95,51
22918133.0,91,50
22918190.0,86,58
22918197.0,104,72
22918224.0,88,52
22918226.0,92,47
22918281.0,89,48
22918285.0,91,66
22918307.0,87,52
22918316.0,88,49
22918320.0,94,49
22918325.0,83,55
22918328.0,96,51
22918330.0,97,49
22918363.0,98,48
22918373.0,94,46
22918408.0,87,56
22918417.0,89,51
22918480.0,93,48
22918490.0,97,55
22918632.0,93,47
22918647.0,84,54
22918676.0,93,46
22918754.0,85,54
22918844.0,95,49
22918956.0,87,60
22918977.0,86,55
22918989.0,98,50
22919003.0,98,49
22919005.0,92,48
22919011.0,88,90
22919020.0,90,52
22919020.0,92,51
22919069.0,87,59
22919073.0,84,56
22919096.0,97,56
22919103.0,91,46
22919227.0,91,62
22919237.0,83,55
22919601.0,96,48
22919624.0,92,47
22919644.0,98,51
22919674.0,90,49
22919699.0,90,48
22919748.0,97,54
22919790.0,88,47
22919815.0,87,53
22919982.0,94,47
22920020.0,89,48
22920073.0,92,52
22920085.0,86,55
22920096.0,96,49
22920141.0,96,50
22920182.0,96,65
22920210.0,88,60
22920230.0,89,49
22920233.0,91,89
22920248.0,87,54
22920257.0,88,53
22920377.0,88,57
22920451.0,89,89
22920473.0,85,57
22920568.0,91,89
22920573.0,91,48
22920628.0,86,49
22920658.0,84,53
22920696.0,70,58
22920705.0,86,59
22920725.0,88,55
22920737.0,92,48
22920747.0,89,90
22920765.0,89,56
22920818.0,93,50
22920823.0,94,48
22920825.0,38,90
22920834.0,97,53
22920853.0,89,52
22920879.0,68,56
22920892.0,70,58
22920902.0,86,58
22920932.0,91,47
22920986.0,91,48
22921043.0,92,46
22921054.0,94,49
22921071.0,88,49
22921132.0,84,54
22921139.0,85,55
22921167.0,84,56
22921249.0,92,49
22921257.0,93,52
22921257.0,88,49
22921299.0,90,62
22921372.0,88,48
22921403.0,91,49
22921408.0,87,47
22921443.0,91,48
22921444.0,83,56
22921468.0,91,81
22921530.0,86,51
22921580.0,87,57
22921648.0,87,54
22921680.0,87,55
22921683.0,88,58
22921729.0,84,57
22921735.0,91,48
22921816.0,89,47
22921853.0,95,52
22921880.0,87,60
22921888.0,86,48
22921901.0,88,56
22921938.0,94,52
22921964.0,92,52
22921995.0,85,58
22922019.0,86,56
22922106.0,92,51
22922147.0,85,56
22922174.0,92,47
22922178.0,93,46
22922258.0,89,48
22922262.0,95,51
22922283.0,88,50
22922353.0,93,49
22922403.0,83,56
22922409.0,90,56
22922417.0,94,51
22922564.0,97,49
22922603.0,89,53
22922620.0,90,46
22922651.0,88,50
22922666.0,85,55
22922690.0,86,52
22922718.0,89,63
22922745.0,94,50
22922807.0,97,74
22922817.0,87,51
22922841.0,86,53
22922950.0,97,49
22922961.0,88,58
22922999.0,85,49
22923016.0,95,49
22923050.0,95,48
22923065.0,91,47
22923069.0,87,55
22923127.0,93,47
22923187.0,91,50
22923215.0,87,47
22923248.0,90,50
22923260.0,88,48
22923263.0,88,47
22923264.0,97,52
22923304.0,93,47
22923307.0,87,61
22923324.0,88,61
22923367.0,87,48
22923379.0,95,50
22923397.0,86,50
22923410.0,91,51
22923432.0,85,48
22923441.0,86,60
22923476.0,90,52
22923557.0,89,52
22923561.0,97,50
22923578.0,88,91
22923590.0,95,51
22923637.0,87,47
22923716.0,84,58
22923797.0,78,91
22923805.0,88,52
22923856.0,84,57
22923862.0,84,55
22923902.0,88,51
22923937.0,90,47
22923962.0,83,57
22924002.0,89,51
22924036.0,97,50
22924039.0,87,56
22924056.0,82,56
22924126.0,85,48
22924217.0,86,59
22924270.0,85,49
22924295.0,93,49
22924304.0,91,66
22924333.0,91,47
22924354.0,85,56
22924366.0,97,57
22924397.0,88,47
22924414.0,88,54
22924456.0,88,51
22924459.0,95,49
22924464.0,92,64
22924500.0,85,50
22924507.0,92,50
22924513.0,91,48
22924525.0,93,48
22924547.0,85,51
22924565.0,90,48
22924648.0,94,67
22924701.0,66,57
22924746.0,85,59
22924839.0,87,49
22924850.0,92,48
22924887.0,88,46
22924904.0,90,51
22924912.0,88,49
22924917.0,91,52
22924919.0,87,58
22924990.0,83,57
22925024.0,86,49
22925030.0,86,57
22925030.0,87,57
22925081.0,93,68
22925094.0,89,60
22925159.0,91,50
22925270.0,83,55
22925273.0,87,50
22925347.0,85,58
22925358.0,89,61
22925360.0,90,49
22925452.0,82,56
22925512.0,86,55
22925524.0,92,46
22925556.0,91,47
22925558.0,93,50
22925585.0,83,55
22925633.0,95,48
22925644.0,87,50
22925664.0,88,53
22925681.0,96,70
22925710.0,86,53
22925741.0,88,50
22925806.0,85,56
22925832.0,90,50
22925878.0,96,54
22925910.0,91,53
22925982.0,97,58
22926022.0,87,53
22926119.0,87,51
22926178.0,91,64
22926186.0,86,51
22926190.0,93,65
22926268.0,97,56
22926365.0,89,54
22926368.0,84,58
22926377.0,92,47
22926389.0,89,46
22926399.0,84,49
22926420.0,87,47
22926435.0,92,60
22926436.0,91,51
22926437.0,96,53
22926456.0,83,55
22926462.0,87,51
22926497.0,86,60
22926515.0,90,51
22926547.0,85,52
22926616.0,84,56
22926619.0,90,47
22926636.0,86,48
22926646.0,96,56
22926648.0,91,65
22926667.0,92,66
22926707.0,96,49
22926822.0,86,61
22926861.0,96,48
22926906.0,94,48
22926947.0,91,52
22926948.0,87,50
22926959.0,94,51
22926973.0,90,65
22927066.0,89,62
22927094.0,87,48
22927110.0,85,48
22927124.0,88,51
22927194.0,93,52
22927197.0,83,57
22927235.0,86,49
22927257.0,89,47
22927295.0,87,62
22927319.0,87,50
22927326.0,89,48
22927330.0,85,49
22927345.0,88,63
22927354.0,85,48
22927364.0,88,61
22927398.0,87,47
22927419.0,86,54
22927445.0,87,52
22927500.0,93,47
22927502.0,84,59
22927519.0,88,46
22927550.0,93,52
22927557.0,88,54
22927604.0,85,60
22927623.0,97,60
22927628.0,87,60
22927654.0,84,50
22927674.0,92,48
22927730.0,96,50
22927734.0,88,48
22927738.0,93,47
22927752.0,85,54
22927825.0,94,52
22927830.0,94,48
22927847.0,92,52
22927852.0,92,47
22927885.0,84,56
22927889.0,91,53
22927957.0,91,67
22927972.0,85,48
22928012.0,92,48
22928062.0,91,49
22928090.0,84,51
22928106.0,85,48
22928127.0,93,53
22928135.0,94,49
22928191.0,90,47
22928237.0,82,57
22928271.0,94,50
22928285.0,84,49
22928374.0,96,51
22928413.0,92,68
22928529.0,90,66
22928535.0,83,58
22928538.0,88,55
22928605.0,85,57
22928612.0,83,56
22928686.0,86,50
22928740.0,93,51
22928791.0,87,53
22928797.0,90,48
22928807.0,85,53
22928817.0,87,49
22928827.0,90,49
22928855.0,85,50
22928886.0,97,61
22928897.0,92,48
22928911.0,86,61
22928918.0,87,61
22928953.0,94,51
22929016.0,92,49
22929045.0,93,51
22929085.0,85,59
22929106.0,90,66
22929160.0,86,58
22929206.0,89,49
22929212.0,89,53
22929215.0,108,62
22929228.0,85,54
22929290.0,86,56
22929339.0,90,52
22929419.0,90,50
22929425.0,84,52
22929450.0,91,50
22929489.0,91,47
22929497.0,96,52
22929571.0,86,62
22929579.0,92,62
22929607.0,66,52
22929655.0,92,50
22929682.0,85,60
22929737.0,81,57
22929738.0,102,68
22929742.0,89,47
22929805.0,92,53
22929827.0,95,48
22929845.0,85,55
22929921.0,88,47
22929964.0,88,53
22930036.0,90,48
22930041.0,83,58
22930054.0,65,67
22930075.0,84,60
22930139.0,107,63
22930210.0,86,51
22930229.0,82,56
22930322.0,84,53
22930373.0,87,50
22930376.0,85,52
22930471.0,89,52
22930505.0,82,58
22930642.0,94,50
22930666.0,86,57
22930686.0,83,56
22930696.0,87,48
22930697.0,86,47
22930734.0,86,48
22930753.0,85,49
22930845.0,85,55
22930858.0,88,48
22930889.0,95,54
22930900.0,93,53
22930904.0,89,47
22930957.0,96,58
22930990.0,96,56
22931044.0,92,52
22931048.0,87,58
22931082.0,84,50
22931083.0,82,58
22931086.0,95,49
22931093.0,92,51
22931109.0,86,55
22931122.0,90,49
22931132.0,84,51
22931143.0,95,53
22931160.0,88,54
22931172.0,87,57
22931176.0,84,59
22931190.0,91,48
22931257.0,89,48
22931257.0,85,50
22931282.0,83,59
22931295.0,87,51
22931371.0,84,57
22931396.0,90,89
22931466.0,87,53
22931546.0,90,52
22931585.0,112,64
22931600.0,81,57
22931687.0,85,61
22931781.0,84,49
22931790.0,91,47
22931796.0,104,61
22931851.0,83,51
22931858.0,93,51
22931912.0,89,49
22931929.0,91,56
22931952.0,87,53
22931965.0,86,49
22931966.0,88,56
22931978.0,92,53
22932046.0,88,49
22932105.0,96,59
22932132.0,85,58
22932139.0,86,62
22932142.0,91,87
22932182.0,81,58
22932240.0,93,49
22932247.0,89,63
22932278.0,93,50
22932297.0,95,50
22932331.0,87,47
22932334.0,85,56
22932338.0,87,62
22932350.0,85,60
22932372.0,91,88
22932387.0,95,51
22932422.0,83,50
22932432.0,88,51
22932445.0,87,54
22932445.0,86,53
22932458.0,86,52
22932477.0,89,52
22932493.0,85,50
22932502.0,90,63
22932519.0,86,50
22932620.0,93,53
22932814.0,86,58
22932839.0,88,52
22932866.0,91,49
22932869.0,92,58
22932877.0,86,48
22932893.0,87,52
22932913.0,89,62
22932922.0,86,52
22932941.0,95,55
22932944.0,93,48
22932972.0,86,59
22933061.0,94,49
22933100.0,88,62
22933103.0,90,53
22933119.0,90,65
22933152.0,93,52
22933217.0,91,59
22933302.0,84,49
22933352.0,90,47
22933357.0,88,48
22933357.0,95,52
22933364.0,81,58
22933500.0,86,52
22933511.0,89,48
22933634.0,98,65
22933642.0,84,53
22933681.0,74,24
22933704.0,95,52
22933738.0,97,62
22933746.0,77,123
22933763.0,85,48
22933796.0,91,50
22933825.0,93,89
22933836.0,87,63
22933840.0,84,50
22933841.0,91,53
22933872.0,84,55
22933885.0,86,52
22933903.0,84,60
22933929.0,82,57
22933939.0,82,59
22934008.0,85,51
22934041.0,83,59
22934044.0,86,51
22934125.0,63,69
22934168.0,87,48
22934194.0,91,50
22934218.0,85,52
22934245.0,83,51
22934312.0,83,53
22934331.0,89,53
22934346.0,94,48
22934373.0,85,51
22934376.0,92,54
22934386.0,91,67
22934403.0,90,51
22934426.0,85,61
22934496.0,84,54
22934507.0,87,47
22934578.0,85,48
22934583.0,88,47
22934596.0,90,48
22934601.0,85,55
22934625.0,90,50
22934627.0,95,65
22934698.0,90,67
22934786.0,92,55
22934805.0,71,117
22934818.0,82,59
22934855.0,94,49
22934856.0,81,58
22934876.0,89,64
22934880.0,82,50
22934890.0,83,52
22935058.0,82,51
22935069.0,99,89
22935105.0,91,51
22935126.0,81,57
22935135.0,85,51
22935197.0,85,56
22935269.0,89,47
22935288.0,85,57
22935295.0,85,49
22935335.0,83,60
22935384.0,88,51
22935400.0,86,61
22935443.0,85,51
22935456.0,88,49
22935472.0,86,47
22935538.0,83,93
22935539.0,84,55
22935542.0,84,58
22935603.0,90,49
22935615.0,85,59
22935636.0,92,49
22935695.0,86,52
22935743.0,86,57
22935783.0,88,55
22935807.0,87,49
22935897.0,86,56
22935897.0,86,54
22935913.0,86,51
22935931.0,90,64
22935980.0,88,48
22936009.0,84,51
22936019.0,81,59
22936038.0,85,50
22936060.0,91,64
22936069.0,83,54
22936080.0,92,48
22936094.0,83,50
22936122.0,91,52
22936174.0,89,50
22936184.0,87,55
22936204.0,84,61
22936333.0,94,50
22936344.0,87,53
22936403.0,86,50
22936407.0,84,56
22936491.0,84,51
22936521.0,88,53
22936579.0,82,51
22936719.0,88,50
22936731.0,92,49
22936746.0,84,60
22936763.0,82,59
22936794.0,85,53
22936829.0,91,53
22936834.0,92,51
22936895.0,89,51
22936899.0,81,59
22936934.0,94,51
22937049.0,86,58
22937063.0,82,52
22937065.0,83,58
22937077.0,90,52
22937191.0,92,50
22937200.0,89,48
22937228.0,87,48
22937258.0,92,53
22937261.0,90,50
22937278.0,88,52
22937306.0,83,55
22937321.0,83,50
22937331.0,89,52
22937362.0,87,50
22937375.0,84,52
22937399.0,84,50
22937446.0,86,48
22937454.0,85,59
22937500.0,84,56
22937531.0,82,50
22937544.0,84,51
22937582.0,96,58
22937647.0,85,48
22937706.0,83,50
22937792.0,88,51
22937801.0,87,48
22937819.0,89,53
22937831.0,92,65
22937841.0,85,58
22937905.0,86,55
22937961.0,84,49
22937985.0,84,48
22937994.0,84,51
22938042.0,90,65
22938076.0,92,52
22938093.0,83,55
22938095.0,84,50
22938133.0,94,69
22938166.0,85,62
22938188.0,92,51
22938294.0,85,51
22938299.0,85,59
22938307.0,81,59
22938395.0,94,54
22938444.0,83,60
22938456.0,91,54
22938460.0,83,51
22938475.0,98,66
22938482.0,85,54
22938523.0,96,59
22938526.0,82,58
22938538.0,89,59
22938543.0,81,58
22938560.0,87,49
22938565.0,84,51
22938584.0,82,53
22938619.0,82,60
22938630.0,93,48
22938650.0,94,52
22938760.0,92,54
22938784.0,96,59
22938802.0,85,49
22938806.0,112,61
22938811.0,83,54
22938839.0,88,50
22938871.0,90,51
22938874.0,87,54
22938888.0,85,54
22938895.0,86,54
22938966.0,83,61
22938967.0,93,52
22938971.0,81,51
22938995.0,85,58
22939046.0,82,51
22939082.0,83,58
22939085.0,88,53
22939197.0,88,47
22939251.0,85,57
22939252.0,89,48
22939297.0,92,64
22939301.0,84,48
22939306.0,82,54
22939311.0,86,53
22939340.0,84,49
22939350.0,87,62
22939357.0,91,53
22939362.0,81,52
22939379.0,86,63
22939393.0,82,57
22939464.0,89,64
22939477.0,84,61
22939478.0,84,59
22939507.0,88,52
22939532.0,92,50
22939623.0,88,47
22939623.0,84,53
22939659.0,84,57
22939669.0,93,63
22939672.0,86,49
22939679.0,85,52
22939703.0,82,58
22939746.0,81,58
22939751.0,82,52
22939775.0,55,59
22939779.0,94,55
22939789.0,85,54
22939815.0,80,59
22939848.0,89,49
22939932.0,87,51
22940044.0,86,59
22940048.0,83,56
22940069.0,81,60
22940185.0,93,62
22940217.0,85,48
22940222.0,89,49
22940258.0,84,50
22940274.0,88,48
22940282.0,85,50
22940316.0,81,52
22940323.0,87,50
22940368.0,90,52
22940389.0,87,51
22940420.0,85,54
22940421.0,86,50
22940559.0,85,48
22940592.0,86,48
22940599.0,82,51
22940661.0,81,53
22940787.0,82,60
22940810.0,84,51
22940839.0,86,54
22940885.0,85,60
22940906.0,85,62
22940915.0,82,55
22940925.0,93,49
22940946.0,86,49
22940971.0,87,63
22940988.0,87,51
22940995.0,88,63
22941031.0,85,54
22941037.0,89,49
22941141.0,87,55
22941168.0,91,49
22941238.0,88,51
22941323.0,81,60
22941324.0,89,50
22941406.0,85,55
22941467.0,83,52
22941485.0,87,51
22941509.0,85,48
22941600.0,85,61
22941635.0,86,48
22941650.0,93,50
22941713.0,85,63
22941756.0,85,53
22941760.0,85,54
22941800.0,83,59
22941801.0,91,51
22941840.0,92,49
22941872.0,96,59
22941880.0,91,50
22941934.0,91,53
22941939.0,87,64
22941964.0,90,53
22941965.0,81,53
22941990.0,89,54
22942038.0,86,52
22942043.0,85,59
22942058.0,84,49
22942118.0,96,59
22942124.0,93,51
22942126.0,85,48
22942157.0,84,62
22942194.0,83,49
22942201.0,84,54
22942228.0,94,79
22942244.0,86,49
22942259.0,80,60
22942259.0,91,54
22942306.0,57,63
22942318.0,83,53
22942328.0,85,49
22942330.0,90,53
22942515.0,89,65
22942522.0,92,52
22942549.0,86,55
22942553.0,84,48
22942647.0,97,60
22942657.0,91,52
22942661.0,83,61
22942664.0,89,51
22942664.0,81,52
22942676.0,84,52
22942725.0,86,63
22942750.0,84,58
22942753.0,89,53
22942764.0,88,49
22942775.0,86,51
22942851.0,85,55
22942919.0,93,52
22942944.0,91,55
22943002.0,86,55
22943011.0,97,60
22943018.0,88,54
22943035.0,82,60
22943102.0,87,48
22943107.0,81,51
22943111.0,82,61
22943130.0,84,51
22943181.0,91,51
22943216.0,82,52
22943245.0,81,60
22943256.0,90,53
22943283.0,93,52
22943335.0,88,53
22943355.0,80,60
22943376.0,92,53
22943377.0,82,59
22943496.0,83,59
22943615.0,91,53
22943662.0,93,53
22943665.0,83,62
22943666.0,80,52
22943679.0,83,50
22943695.0,87,53
22943705.0,84,62
22943711.0,87,50
22943727.0,93,52
22943734.0,87,51
22943738.0,86,64
22943748.0,81,54
22943832.0,93,51
22943840.0,90,62
22943847.0,95,58
22943924.0,83,55
22943936.0,84,56
22943939.0,85,52
22943947.0,82,55
22943972.0,94,56
22943992.0,91,52
22944069.0,83,49
22944135.0,85,50
22944135.0,86,50
22944148.0,82,105
22944247.0,93,52
22944366.0,80,53
22944390.0,88,52
22944513.0,49,120
22944590.0,85,54
22944625.0,84,52
22944627.0,93,54
22944671.0,81,55
22944703.0,81,59
22944709.0,83,57
22944756.0,88,50
22944761.0,82,56
22944795.0,80,59
22944870.0,93,52
22944940.0,84,55
22944963.0,88,54
22944978.0,92,48
22944979.0,85,49
22945024.0,82,59
22945034.0,81,61
22945040.0,82,61
22945045.0,84,50
22945050.0,91,54
22945053.0,92,49
22945080.0,89,52
22945086.0,93,52
22945091.0,84,49
22945098.0,81,52
22945135.0,90,54
22945172.0,86,48
22945176.0,80,60
22945217.0,87,49
22945243.0,84,53
22945507.0,83,54
22945566.0,90,49
22945581.0,80,54
22945591.0,49,120
22945599.0,90,48
22945667.0,91,50
22945711.0,92,49
22945801.0,82,57
22945902.0,83,57
22945951.0,83,51
22946020.0,82,51
22946029.0,84,51
22946052.0,80,53
22946080.0,62,118
22946207.0,84,58
22946226.0,96,61
22946242.0,83,50
22946295.0,85,57
22946350.0,81,52
22946355.0,85,56
22946362.0,88,51
22946463.0,86,54
22946490.0,92,50
22946541.0,81,51
22946549.0,84,57
22946566.0,85,55
22946566.0,83,51
22946585.0,89,53
22946593.0,85,53
22946745.0,91,66
22946760.0,86,55
22946768.0,84,59
22946805.0,82,50
22946825.0,84,49
22946874.0,90,50
22946901.0,81,61
22946918.0,84,60
22947025.0,80,61
22947035.0,81,51
22947047.0,85,51
22947126.0,101,75
22947202.0,85,61
22947209.0,100,75
22947212.0,90,49
22947287.0,85,50
22947300.0,85,63
22947332.0,84,49
22947361.0,86,62
22947361.0,102,75
22947391.0,82,53
22947412.0,82,60
22947457.0,87,54
22947527.0,90,48
22947636.0,90,66
22947659.0,85,49
22947662.0,87,50
22947693.0,89,64
22947697.0,80,54
22947714.0,93,65
22947729.0,83,52
22947791.0,91,48
22947793.0,82,50
22947971.0,86,52
22947975.0,84,54
22947976.0,84,52
22948011.0,94,57
22948021.0,84,63
22948022.0,90,51
22948033.0,80,61
22948072.0,86,51
22948102.0,85,55
22948125.0,82,51
22948143.0,83,60
22948162.0,83,55
22948220.0,84,55
22948279.0,81,54
22948282.0,87,52
22948315.0,86,49
22948326.0,84,49
22948363.0,80,55
22948403.0,87,53
22948446.0,83,55
22948450.0,82,62
22948452.0,81,55
22948492.0,81,56
22948600.0,84,50
22948611.0,88,52
22948673.0,88,91
22948688.0,83,62
22948694.0,80,60
22948739.0,82,54
22948788.0,80,61
22948850.0,90,53
22948878.0,81,61
22948962.0,83,49
22948996.0,84,59
22949015.0,84,56
22949056.0,83,58
22949156.0,82,60
22949159.0,84,54
22949166.0,90,54
22949179.0,83,55
22949188.0,85,51
22949208.0,81,53
22949365.0,83,106
22949376.0,83,53
22949388.0,85,64
22949390.0,90,52
22949399.0,86,64
22949423.0,90,50
22949473.0,92,52
22949514.0,82,51
22949515.0,85,54
22949523.0,47,117
22949552.0,82,106
22949685.0,81,60
22949694.0,83,63
22949832.0,84,49
22949839.0,83,106
22949883.0,82,58
22950057.0,82,96
22950064.0,84,60
22950120.0,92,53
22950204.0,84,51
22950253.0,89,54
22950293.0,91,53
22950304.0,85,56
22950305.0,89,49
22950395.0,82,60
22950510.0,80,60
22950514.0,90,54
22950605.0,85,52
22950628.0,83,52
22950683.0,82,57
22950707.0,91,49
22950755.0,84,50
22950756.0,86,63
22950781.0,90,53
22950852.0,82,58
22950886.0,88,65
22950909.0,90,66
22950921.0,85,50
22950925.0,85,49
22950938.0,89,65
22950939.0,86,50
22951078.0,82,63
22951078.0,84,61
22951091.0,81,57
22951121.0,80,54
22951138.0,86,54
22951138.0,89,49
22951147.0,81,62
22951203.0,81,60
22951383.0,79,54
22951501.0,102,68
22951558.0,83,59
22951585.0,80,53
22951605.0,82,52
22951622.0,84,55
22951623.0,91,50
22951737.0,84,53
22951769.0,82,62
22951788.0,81,54
22951814.0,82,55
22951878.0,89,48
22951899.0,79,55
22951948.0,85,52
22951960.0,83,50
22952034.0,87,51
22952043.0,85,51
22952124.0,89,50
22952224.0,80,56
22952230.0,84,51
22952233.0,92,54
22952239.0,88,53
22952261.0,83,50
22952302.0,83,56
22952439.0,90,48
22952493.0,81,56
22952542.0,83,54
22952631.0,85,53
22952701.0,80,62
22952708.0,87,52
22952730.0,84,52
22952804.0,86,52
22952935.0,88,64
22952941.0,85,64
22952949.0,81,51
22953034.0,88,57
22953121.0,84,49
22953150.0,84,60
22953154.0,81,57
22953174.0,81,54
22953178.0,83,50
22953199.0,84,54
22953203.0,81,62
22953205.0,84,57
22953237.0,79,54
22953261.0,83,53
22953284.0,87,65
22953297.0,83,57
22953485.0,82,51
22953545.0,85,49
22953553.0,89,51
22953564.0,57,64
22953603.0,94,57
22953605.0,91,51
22953685.0,92,66
22953701.0,79,55
22953723.0,85,55
22953764.0,85,64
22953797.0,84,64
22953925.0,80,55
22953938.0,86,51
22953997.0,48,55
22954010.0,83,61
22954018.0,85,50
22954077.0,80,62
22954080.0,83,63
22954100.0,84,50
22954169.0,85,61
22954173.0,89,50
22954180.0,83,54
22954199.0,92,55
22954279.0,81,61
22954280.0,82,50
22954406.0,96,73
22954427.0,82,53
22954433.0,85,49
22954510.0,89,64
22954538.0,89,51
22954694.0,89,52
22954741.0,49,54
22954773.0,84,49
22954782.0,48,55
22954808.0,82,105
22954871.0,80,61
22954890.0,84,57
22954897.0,80,54
22954899.0,91,66
22954983.0,90,49
22955038.0,81,52
22955044.0,90,48
22955131.0,86,54
22955140.0,49,54
22955197.0,88,49
22955201.0,83,59
22955225.0,86,65
22955240.0,87,55
22955326.0,85,52
22955370.0,84,59
22955490.0,80,52
22955522.0,91,48
22955603.0,79,55
22955684.0,88,54
22955727.0,81,51
22955760.0,81,58
22955781.0,85,57
22955872.0,83,50
22955894.0,89,48
22955978.0,83,55
22956017.0,81,55
22956042.0,85,54
22956048.0,81,62
22956060.0,85,53
22956079.0,82,63
22956101.0,87,53
22956129.0,49,54
22956137.0,84,55
22956145.0,89,53
22956235.0,84,56
22956248.0,88,49
22956250.0,82,61
22956287.0,91,53
22956292.0,79,54
22956295.0,81,50
22956304.0,86,52
22956335.0,89,52
22956369.0,80,61
22956374.0,79,56
22956416.0,84,60
22956432.0,83,94
22956454.0,81,61
22956485.0,82,55
22956493.0,82,95
22956500.0,84,50
22956519.0,84,61
22956526.0,88,50
22956620.0,83,58
22956670.0,49,54
22956715.0,90,50
22956786.0,84,58
22956835.0,84,51
22956839.0,83,64
22956860.0,92,65
22956889.0,82,54
22956912.0,88,48
22956928.0,80,54
22956951.0,82,52
22957164.0,92,54
22957221.0,85,65
22957283.0,85,51
22957302.0,81,52
22957359.0,85,60
22957364.0,85,56
22957442.0,88,52
22957450.0,83,52
22957465.0,89,51
22957567.0,84,53
22957583.0,86,52
22957585.0,82,56
22957637.0,80,62
22957650.0,89,53
22957691.0,84,50
22957704.0,82,53
22957741.0,85,51
22957744.0,89,54
22957791.0,84,62
22957852.0,84,64
22957993.0,83,57
22957996.0,83,60
22958020.0,88,50
22958391.0,82,54
22958438.0,81,53
22958462.0,81,63
22958471.0,85,51
22958472.0,87,64
22958482.0,85,54
22958645.0,82,63
22958672.0,88,49
22958692.0,83,51
22958734.0,80,52
22958751.0,96,74
22958800.0,83,55
22958849.0,85,51
22959019.0,82,55
22959071.0,92,55
22959144.0,91,54
22959151.0,81,57
22959172.0,82,64
22959178.0,89,54
22959187.0,86,64
22959227.0,83,57
22959232.0,91,53
22959363.0,88,51
22959385.0,85,51
22959487.0,83,52
22959489.0,86,65
22959522.0,80,58
22959544.0,91,65
22959635.0,83,50
22959722.0,80,56
22959873.0,89,49
22960114.0,81,54
22960151.0,85,64
22960155.0,84,52
22960191.0,80,63
22960195.0,82,58
22960225.0,81,53
22960239.0,84,57
22960251.0,79,56
22960360.0,87,49
22960370.0,81,51
22960471.0,85,51
22960679.0,82,55
22960685.0,84,56
22960703.0,88,52
22960710.0,85,55
22960725.0,84,51
22960757.0,84,58
22960769.0,82,52
22960836.0,85,51
22960884.0,84,53
22960892.0,80,55
22960930.0,80,62
22960941.0,83,50
22960986.0,90,50
22961004.0,90,57
22961157.0,85,52
22961166.0,83,53
22961200.0,81,56
22961207.0,78,56
22961321.0,80,52
22961362.0,88,48
22961407.0,83,56
22961457.0,84,54
22961462.0,81,62
22961465.0,89,48
22961474.0,79,54
22961573.0,88,53
22961646.0,81,63
22961710.0,43,97
22961713.0,86,53
22961793.0,81,56
22961934.0,89,50
22961952.0,81,59
22961982.0,84,61
22962025.0,91,55
22962046.0,85,57
22962047.0,87,86
22962055.0,88,50
22962086.0,80,63
22962329.0,82,60
22962430.0,88,51
22962656.0,88,86
22962742.0,88,49
22962754.0,65,70
22962795.0,80,53
22962824.0,84,65
22962854.0,84,54
22962897.0,84,62
22962910.0,79,57
22962949.0,87,49
22963050.0,81,58
22963217.0,92,56
22963290.0,82,57
22963325.0,87,50
22963519.0,80,62
22963619.0,82,51
22963635.0,82,56
22963641.0,82,55
22963761.0,87,51
22963771.0,83,51
22963817.0,90,53
22963932.0,85,55
22963965.0,83,57
22963971.0,83,52
22964013.0,81,56
22964019.0,80,58
22964020.0,80,62
22964102.0,83,61
22964182.0,88,52
22964210.0,82,62
22964219.0,89,51
22964288.0,81,62
22964316.0,79,56
22964349.0,91,55
22964464.0,86,49
22964528.0,81,54
22964628.0,80,59
22964720.0,81,55
22964828.0,80,53
22964906.0,83,53
22964962.0,88,49
22965117.0,83,51
22965120.0,86,49
22965180.0,82,50
22965187.0,82,53
22965236.0,89,51
22965247.0,80,54
22965324.0,83,64
22965385.0,97,72
22965468.0,89,51
22965493.0,87,50
22965657.0,81,62
22965766.0,79,53
22965772.0,88,64
22965772.0,81,53
22965787.0,83,58
22966079.0,86,50
22966120.0,83,65
22966425.0,80,56
22966508.0,87,51
22966620.0,83,48
22966663.0,83,96
22966719.0,85,53
22966747.0,87,55
22966774.0,80,57
22966812.0,82,56
22966879.0,84,52
22966882.0,81,57
22966907.0,87,52
22967185.0,84,52
22967325.0,80,52
22967365.0,88,50
22967422.0,83,57
22967456.0,81,60
22967485.0,83,61
22967562.0,90,53
22967621.0,79,53
22967659.0,89,52
22968028.0,89,50
22968056.0,84,65
22968087.0,83,56
22968114.0,90,53
22968158.0,90,51
22968206.0,84,57
22968326.0,85,65
22968487.0,82,65
22968633.0,79,54
22968676.0,81,53
22968696.0,87,53
22968750.0,87,49
22968814.0,81,52
22968863.0,90,51
22968872.0,83,52
22968875.0,86,51
22969051.0,82,58
22969163.0,79,58
22969393.0,82,57
22969438.0,82,58
22969540.0,80,64
22969708.0,86,50
22969711.0,87,51
22969794.0,89,51
22969866.0,86,51
22969878.0,79,57
22969892.0,80,59
22970077.0,84,96
22970154.0,82,54
22970167.0,88,51
22970225.0,89,51
22970369.0,82,51
22970430.0,83,63
22970440.0,79,55
22970496.0,81,55
22970616.0,87,52
22970679.0,85,50
22970768.0,80,52
22970937.0,86,49
22970953.0,88,53
22971122.0,86,66
22971129.0,82,59
22971130.0,83,52
22971167.0,84,53
22971177.0,81,53
22971209.0,88,55
22971277.0,80,54
22971311.0,87,50
22971329.0,82,58
22971366.0,79,54
22971404.0,100,74
22971431.0,83,58
22971507.0,79,56
22971519.0,81,57
22971636.0,84,53
22971669.0,82,53
22971775.0,81,56
22971821.0,79,56
22972213.0,85,66
22972281.0,88,54
22972296.0,98,66
22972334.0,84,53
22972387.0,81,51
22972436.0,84,52
22972595.0,87,53
22972616.0,85,49
22972656.0,91,64
22972671.0,85,54
22972737.0,80,55
22972866.0,84,53
22972878.0,82,57
22972930.0,87,50
22972960.0,87,54
22973010.0,86,49
22973040.0,86,52
22973278.0,85,50
22973372.0,82,64
22973581.0,90,55
22973634.0,86,53
22973870.0,86,55
22973907.0,88,52
22973983.0,91,55
22973999.0,80,63
22974029.0,80,62
22974073.0,85,51
22974103.0,79,55
22974121.0,89,53
22974195.0,86,52
22974316.0,79,57
22974510.0,83,62
22974602.0,80,62
22974606.0,87,51
22974675.0,84,62
22974762.0,86,51
22974799.0,85,51
22974840.0,85,94
22974856.0,81,54
22974916.0,79,53
22974940.0,84,63
22975001.0,83,65
22975072.0,94,64
22975441.0,79,56
22975548.0,91,56
22975549.0,87,54
22975628.0,89,54
22975632.0,81,62
22975689.0,82,61
22975691.0,102,68
22975779.0,80,64
22975783.0,83,60
22975800.0,86,50
22975822.0,84,60
22975910.0,84,50
22976379.0,81,53
22976768.0,84,58
22976825.0,42,110
22976835.0,88,73
22976868.0,86,53
22977433.0,81,63
22977668.0,82,63
22977721.0,81,63
22978268.0,85,52
22978532.0,87,51
22978566.0,91,55
22978930.0,80,62
22978934.0,83,55
22979070.0,84,51
22979547.0,83,62
22980152.0,85,50
22980493.0,86,51
22980596.0,85,52
22980708.0,86,52
22980767.0,89,54
22981505.0,84,54
22981955.0,87,52
22982029.0,81,61
22982065.0,83,53
22982329.0,84,52
22982408.0,79,59
22982496.0,83,58
22982783.0,88,53
22982884.0,81,59
22982952.0,87,53
22983083.0,87,55
22983137.0,83,53
22983702.0,82,58
22983710.0,81,52
22983725.0,82,102
22983971.0,84,51
22984550.0,86,53
22984677.0,80,58
22984761.0,83,51
22984808.0,100,66
22984896.0,85,95
22985950.0,16,99
22986106.0,68,118
22986203.0,83,99
22986269.0,16,99
22986314.0,99,73
22986340.0,97,72
22986354.0,84,52
22986394.0,89,57
22986546.0,79,57
22986563.0,85,53
22986724.0,83,51
22986904.0,73,118
22988091.0,82,105
22988096.0,85,51
22988305.0,95,79
22989087.0,101,74
22989482.0,99,89
22989948.0,96,80
22990560.0,87,53
22990651.0,86,54
22991246.0,83,98
22991595.0,103,68
22992051.0,97,64
22992408.0,83,97
22993289.0,79,57
22994164.0,83,100
22994372.0,83,101
22994656.0,81,63
22995047.0,79,58
22995160.0,81,58
22995635.0,81,64
22995729.0,81,54
22995762.0,99,83
22996046.0,97,81
22996516.0,80,60
22996746.0,82,63
22997013.0,84,54
22997166.0,79,55
22997308.0,83,63
22997473.0,85,55
22997649.0,79,55
22997708.0,90,53
22998191.0,79,55
22998471.0,79,55
22998669.0,82,104
22999307.0,89,88
22999428.0,81,57
22999941.0,94,77
23000079.0,81,54
23000321.0,83,53
23000449.0,83,52
23001694.0,84,59
23002371.0,82,58
23002620.0,83,62
23003145.0,80,54
23003268.0,81,63
23003385.0,81,59
23003400.0,86,55
23003556.0,86,66
23003626.0,84,62
23003633.0,87,53
23003666.0,81,55
23003979.0,80,63
23004164.0,105,69
23004299.0,81,57
23004323.0,82,52
23004457.0,81,60
23004583.0,87,66
23004613.0,84,65
23004715.0,95,59
23004764.0,81,62
23004774.0,71,119
23005094.0,80,56
23005215.0,82,62
23005226.0,84,53
23005240.0,105,72
23005349.0,82,61
23005498.0,81,56
23005557.0,84,63
23005610.0,98,64
23005684.0,93,57
23005709.0,91,66
23005913.0,96,72
23005990.0,87,55
23006067.0,83,54
23006378.0,82,62
23006385.0,82,56
23006509.0,84,59
23006548.0,90,55
23006568.0,81,55
23006618.0,83,57
23006828.0,84,62
23006878.0,82,57
23006901.0,92,56
23006957.0,82,63
23007076.0,83,62
23007278.0,81,56
23007336.0,84,57
23007749.0,91,56
23007763.0,86,54
23007862.0,93,58
23007885.0,99,65
23007925.0,83,61
23008117.0,81,63
23008746.0,88,53
23008783.0,84,61
23008836.0,83,62
23008882.0,87,55
23009107.0,81,62
23009514.0,80,58
23009651.0,85,59
23009811.0,84,51
23009924.0,84,59
23010292.0,83,56
23010468.0,84,58
23010478.0,105,70
23010622.0,87,52
23010640.0,80,57
23010742.0,82,60
23010759.0,85,58
23010788.0,85,51
23010883.0,88,53
23011054.0,84,58
23011257.0,82,55
23011322.0,81,55
23011536.0,83,64
23011725.0,94,57
23011775.0,85,51
23011966.0,82,63
23011984.0,84,100
23012014.0,81,57
23012041.0,86,53
23012058.0,93,57
23012398.0,96,59
23012496.0,81,54
23012517.0,90,54
23012523.0,84,62
23012540.0,83,55
23012559.0,86,65
23012636.0,88,55
23012640.0,85,59
23012791.0,85,65
23012861.0,81,58
23012891.0,83,61
23013047.0,95,58
23013080.0,81,53
23013415.0,84,60
23013425.0,92,56
23013482.0,99,65
23013547.0,83,56
23013607.0,84,57
23013653.0,84,61
23013661.0,83,63
23013663.0,84,58
23013696.0,82,54
23013772.0,94,57
23013928.0,83,57
23014021.0,82,61
23014125.0,81,62
23014134.0,82,60
23014302.0,87,52
23014349.0,84,62
23014352.0,84,58
23014362.0,81,55
23014430.0,92,55
23014486.0,82,52
23014591.0,91,55
23014829.0,93,56
23014931.0,85,58
23015177.0,88,52
23015226.0,82,55
23015248.0,89,53
23015340.0,86,53
23015407.0,99,64
23015541.0,83,64
23015554.0,83,61
23015580.0,84,64
23015737.0,90,54
23015763.0,85,61
23015785.0,82,54
23015840.0,85,57
23015925.0,82,55
23015944.0,86,51
23016272.0,82,62
23016363.0,84,56
23016364.0,82,61
23016473.0,87,51
23016589.0,83,61
23016699.0,95,59
23016713.0,85,64
23016733.0,84,62
23016916.0,51,119
23017021.0,83,56
23017197.0,83,60
23017266.0,91,54
23017278.0,81,56
23017607.0,86,52
23017770.0,100,65
23017902.0,89,55
23018012.0,90,53
23018136.0,83,61
23018417.0,88,54
23018441.0,85,62
23018474.0,83,54
23018511.0,87,51
23018599.0,85,61
23018736.0,87,65
23018864.0,84,57
23018867.0,88,52
23018884.0,85,53
23018889.0,84,52
23019133.0,85,56
23019162.0,84,56
23019187.0,89,52
23019383.0,82,104
23019433.0,86,64
23019487.0,84,56
23019531.0,93,56
23019578.0,81,56
23019646.0,95,57
23019683.0,89,65
23019747.0,87,64
23019773.0,83,105
23019796.0,85,57
23019894.0,91,54
23019929.0,106,73
23020136.0,88,51
23020164.0,81,56
23020167.0,82,54
23020381.0,84,61
23020396.0,85,57
23020432.0,64,63
23020541.0,85,64
23020546.0,82,62
23020681.0,90,53
23020690.0,84,55
23020807.0,93,55
23021020.0,83,59
23021026.0,86,57
23021027.0,86,61
23021070.0,85,58
23021104.0,83,53
23021172.0,87,57
23021195.0,91,58
23021280.0,84,60
23021454.0,84,54
23021455.0,83,62
23021532.0,85,60
23021662.0,87,50
23021681.0,82,54
23021706.0,93,75
23021812.0,85,56
23022107.0,89,52
23022211.0,84,61
23022231.0,85,56
23022271.0,93,65
23022289.0,85,50
23022470.0,87,62
23022473.0,92,65
23022483.0,94,56
23022571.0,85,57
23022638.0,82,60
23022736.0,88,51
23022738.0,92,54
23022765.0,88,53
23022926.0,100,65
23023057.0,90,52
23023100.0,84,52
23023239.0,91,53
23023272.0,85,57
23023352.0,87,50
23023478.0,82,61
23023485.0,83,60
23023588.0,84,56
23023668.0,88,52
23023684.0,89,51
23023686.0,89,81
23023706.0,84,64
23023714.0,92,54
23023721.0,83,52
23023740.0,86,57
23023994.0,91,53
23024024.0,83,51
23024067.0,85,62
23024081.0,85,60
23024253.0,94,66
23024319.0,88,50
23024328.0,101,64
23024421.0,85,61
23024447.0,89,51
23024484.0,83,53
23024511.0,84,63
23024534.0,86,56
23024595.0,84,54
23024638.0,86,60
23024640.0,94,79
23024646.0,83,61
23024785.0,84,53
23024809.0,81,56
23024838.0,93,67
23024867.0,90,52
23024886.0,87,51
23025018.0,85,63
23025039.0,89,64
23025048.0,84,60
23025055.0,98,60
23025068.0,97,70
23025091.0,90,65
23025137.0,99,61
23025145.0,82,56
23025153.0,87,64
23025193.0,85,55
23025208.0,90,64
23025223.0,83,60
23025452.0,89,53
23025565.0,82,55
23025869.0,90,54
23025877.0,84,51
23025913.0,84,59
23025930.0,96,57
23025959.0,88,50
23025996.0,96,58
23026045.0,84,60
23026411.0,94,55
23026624.0,83,52
23026693.0,83,53
23026757.0,93,54
23026862.0,83,58
23026884.0,92,53
23026932.0,86,55
23026944.0,94,55
23026946.0,84,62
23027088.0,98,60
23027223.0,91,52
23027494.0,83,53
23027531.0,86,60
23027544.0,93,65
23027554.0,89,50
23027637.0,85,63
23027654.0,82,54
23027694.0,92,64
23027737.0,97,60
23027834.0,83,51
23027840.0,86,63
23027907.0,82,52
23027917.0,84,52
23027922.0,94,65
23027925.0,84,54
23027932.0,92,53
23028055.0,85,54
23028068.0,85,50
23028070.0,82,55
23028096.0,89,52
23028174.0,84,52
23028196.0,89,53
23028226.0,93,54
23028256.0,86,56
23028292.0,86,61
23028296.0,83,53
23028318.0,88,51
23028337.0,82,52
23028384.0,84,53
23028389.0,85,61
23028409.0,95,56
23028508.0,91,64
23028517.0,85,56
23028656.0,83,61
23028899.0,82,52
23028946.0,106,71
23029021.0,85,60
23029064.0,86,60
23029126.0,84,60
23029147.0,98,61
23029158.0,84,50
23029165.0,89,50
23029229.0,88,64
23029270.0,87,52
23029357.0,88,49
23029394.0,106,69
23029519.0,89,52
23029522.0,85,59
23029662.0,94,64
23029716.0,91,52
23029723.0,89,52
23029757.0,84,61
23029842.0,83,57
23029849.0,90,53
23029853.0,86,57
23029884.0,84,62
23029886.0,84,53
23029898.0,86,51
23030116.0,85,50
23030123.0,87,56
23030156.0,83,60
23030171.0,88,51
23030178.0,86,51
23030313.0,83,59
23030409.0,86,56
23030444.0,84,52
23030476.0,82,60
23030505.0,86,49
23030551.0,91,51
23030762.0,84,53
23030819.0,83,56
23030842.0,84,51
23030842.0,90,50
23030851.0,84,59
23030888.0,89,49
23030947.0,88,50
23031062.0,106,77
23031084.0,83,59
23031127.0,91,54
23031136.0,89,64
23031139.0,95,55
23031168.0,85,53
23031222.0,86,55
23031251.0,86,59
23031367.0,83,56
23031380.0,87,54
23031418.0,85,55
23031430.0,86,55
23031435.0,96,57
23031505.0,90,53
23031553.0,84,55
23031619.0,92,52
23031648.0,87,49
23031670.0,86,56
23031745.0,85,60
23031750.0,90,52
23031829.0,94,54
23032018.0,86,63
23032084.0,93,53
23032150.0,83,60
23032203.0,89,51
23032208.0,97,57
23032221.0,85,50
23032252.0,84,59
23032342.0,86,60
23032351.0,87,55
23032396.0,84,61
23032423.0,85,51
23032470.0,86,50
23032473.0,89,51
23032521.0,85,62
23032527.0,95,55
23032597.0,86,62
23032598.0,85,52
23032781.0,84,51
23032824.0,83,56
23032869.0,92,51
23033049.0,87,49
23033066.0,83,55
23033161.0,96,56
23033229.0,95,65
23033246.0,86,54
23033329.0,90,53
23033357.0,84,54
23033371.0,85,54
23033398.0,85,59
23033427.0,84,52
23033434.0,84,50
23033467.0,83,54
23033537.0,91,53
23033596.0,86,60
23033605.0,98,60
23033614.0,87,60
23033676.0,89,50
23033736.0,91,50
23033851.0,91,64
23033924.0,95,56
23033940.0,86,53
23033977.0,85,58
23034015.0,83,53
23034053.0,87,59
23034074.0,84,50
23034081.0,98,58
23034121.0,98,59
23034163.0,94,65
23034171.0,91,54
23034241.0,92,51
23034432.0,86,59
23034455.0,96,65
23034556.0,92,65
23034572.0,84,52
23034578.0,84,60
23034613.0,85,59
23034724.0,93,52
23034755.0,92,52
23034785.0,87,50
23034923.0,84,57
23034959.0,90,51
23035064.0,83,59
23035085.0,89,63
23035118.0,89,48
23035216.0,92,64
23035319.0,85,51
23035410.0,99,60
23035503.0,87,56
23035519.0,85,53
23035614.0,85,57
23035624.0,86,55
23035630.0,86,49
23035705.0,91,52
23035717.0,82,53
23035796.0,91,66
23035843.0,94,53
23035857.0,97,57
23035910.0,91,50
23035936.0,92,57
23036080.0,90,48
23036107.0,84,56
23036139.0,87,60
23036157.0,97,56
23036183.0,86,62
23036250.0,85,50
23036254.0,86,58
23036266.0,99,62
23036280.0,85,49
23036325.0,86,49
23036459.0,96,55
23036480.0,83,53
23036485.0,83,59
23036486.0,86,52
23036511.0,95,54
23036576.0,87,59
23036584.0,86,59
23036606.0,87,54
23036651.0,101,65
23036668.0,85,54
23036677.0,93,65
23036704.0,93,52
23036715.0,87,52
23036723.0,88,59
23036725.0,86,52
23036757.0,84,58
23036817.0,89,58
23036842.0,100,63
23036846.0,90,51
23036894.0,85,61
23036917.0,96,56
23036939.0,83,59
23036990.0,87,53
23037019.0,87,54
23037052.0,91,63
23037058.0,92,50
23037112.0,91,49
23037161.0,87,49
23037191.0,89,50
23037268.0,87,50
23037273.0,85,52
23037310.0,90,63
23037351.0,85,50
23037361.0,87,63
23037392.0,89,49
23037506.0,86,59
23037529.0,88,55
23037529.0,86,54
23037532.0,90,48
23037563.0,94,53
23037615.0,98,58
23037623.0,88,63
23037667.0,84,55
23037717.0,94,54
23037741.0,85,57
23037761.0,83,59
23037800.0,94,64
23037824.0,97,56
23037924.0,87,48
23037931.0,88,48
23037944.0,86,57
23037958.0,102,66
23037990.0,84,58
23038021.0,99,59
23038044.0,85,62
23038107.0,83,59
23038144.0,89,48
23038190.0,93,51
23038192.0,101,62
23038268.0,87,48
23038306.0,86,52
23038393.0,93,65
23038437.0,87,62
23038465.0,91,48
23038587.0,86,51
23038628.0,92,53
23038639.0,89,48
23038649.0,91,53
23038655.0,98,62
23038731.0,87,55
23038806.0,89,49
23038821.0,98,57
23038828.0,89,63
23038862.0,101,65
23038906.0,87,64
23038910.0,94,52
23038978.0,88,62
23038999.0,100,62
23039086.0,85,58
23039141.0,93,64
23039202.0,97,56
23039273.0,86,54
23039280.0,84,59
23039293.0,93,50
23039323.0,89,62
23039333.0,88,48
23039362.0,92,49
23039455.0,92,52
23039530.0,94,52
23039619.0,91,51
23039635.0,95,54
23039781.0,85,51
23039943.0,85,60
23039958.0,90,49
23039960.0,91,50
23039995.0,87,49
23040013.0,92,49
23040023.0,96,54
23040038.0,95,53
23040064.0,96,55
23040072.0,80,55
23040124.0,92,53
23040185.0,90,53
23040209.0,84,53
23040236.0,86,61
23040260.0,90,49
23040281.0,88,54
23040304.0,89,48
23040406.0,87,52
23040451.0,86,59
23040482.0,93,50
23040536.0,91,51
23040561.0,96,68
23040583.0,102,64
23040603.0,84,52
23040687.0,87,58
23040738.0,87,53
23040798.0,88,49
23040867.0,86,57
23040901.0,80,55
23040938.0,85,58
23040972.0,97,57
23041009.0,90,49
23041020.0,91,48
23041027.0,94,49
23041111.0,87,48
23041118.0,97,55
23041222.0,90,48
23041298.0,94,51
23041359.0,91,52
23041368.0,90,49
23041469.0,89,59
23041631.0,86,50
23041649.0,87,59
23041734.0,89,55
23041775.0,99,58
23041776.0,92,48
23041807.0,97,55
23041811.0,88,58
23041870.0,87,48
23041886.0,87,57
23041907.0,84,58
23041929.0,85,51
23041951.0,86,49
23041956.0,91,63
23042018.0,86,58
23042103.0,93,49
23042120.0,86,53
23042256.0,98,57
23042320.0,86,49
23042379.0,88,55
23042398.0,95,64
23042418.0,101,64
23042458.0,85,57
23042460.0,86,56
23042498.0,87,61
23042544.0,85,59
23042562.0,95,64
23042571.0,91,56
23042651.0,84,52
23042673.0,91,49
23042727.0,90,62
23042732.0,96,54
23042734.0,92,51
23042739.0,98,56
23042760.0,92,52
23042768.0,88,50
23042829.0,86,52
23042890.0,85,54
23042895.0,91,51
23042899.0,100,60
23042964.0,93,53
23043023.0,91,50
23043045.0,36,101
23043197.0,87,51
23043223.0,85,60
23043296.0,94,50
23043307.0,95,65
23043316.0,87,53
23043406.0,84,57
23043440.0,85,57
23043467.0,86,49
23043571.0,86,51
23043757.0,88,53
23043759.0,91,50
23043820.0,92,50
23043834.0,106,68
23043879.0,94,64
23043963.0,87,50
23043966.0,96,66
23043984.0,87,54
23044062.0,107,69
23044079.0,85,55
23044112.0,84,60
23044136.0,87,49
23044149.0,91,48
23044184.0,95,63
23044193.0,84,58
23044200.0,93,52
23044209.0,89,62
23044273.0,89,54
23044332.0,99,57
23044334.0,95,53
23044462.0,93,53
23044561.0,88,58
23044638.0,87,58
23044754.0,88,61
23044852.0,99,61
23044876.0,96,53
23044888.0,100,60
23044920.0,95,51
23044995.0,92,49
23045002.0,90,48
23045006.0,87,59
23045085.0,87,57
23045121.0,88,57
23045221.0,92,51
23045235.0,85,58
23045250.0,94,49
23045306.0,107,70
23045322.0,97,54
23045327.0,91,49
23045356.0,93,63
23045444.0,94,70
23045477.0,86,60
23045478.0,89,62
23045484.0,93,51
23045585.0,89,55
23045681.0,92,63
23045726.0,98,56
23045830.0,88,54
23045983.0,88,49
23046012.0,87,49
23046046.0,86,57
23046084.0,92,47
23046085.0,99,57
23046094.0,93,47
23046099.0,97,55
23046122.0,86,50
23046154.0,94,49
23046221.0,101,63
23046259.0,88,59
23046373.0,86,59
23046453.0,98,55
23046494.0,85,53
23046508.0,87,53
23046575.0,93,52
23046578.0,85,51
23046677.0,86,56
23046705.0,90,47
23046713.0,96,52
23046742.0,95,50
23046745.0,89,53
23046763.0,85,53
23046820.0,92,49
23046911.0,88,51
23047010.0,94,48
23047023.0,85,52
23047168.0,90,62
23047236.0,92,50
23047265.0,107,72
23047268.0,87,48
23047283.0,93,50
23047310.0,87,60
23047386.0,96,53
23047405.0,95,50
23047465.0,93,47
23047527.0,87,52
23047538.0,88,50
23047549.0,91,48
23047559.0,96,63
23047622.0,107,74
23047624.0,87,48
23047629.0,86,55
23047654.0,94,48
23047657.0,87,58
23047678.0,89,61
23047693.0,85,58
23047756.0,102,62
23047798.0,92,48
23047804.0,85,55
23047886.0,98,55
23047923.0,96,52
23047947.0,99,58
23047990.0,100,58
23048079.0,87,57
23048104.0,87,56
23048145.0,88,47
23048226.0,97,54
23048275.0,99,56
23048288.0,88,61
23048425.0,94,52
23048478.0,94,65
23048530.0,92,49
23048532.0,87,51
23048536.0,95,49
23048569.0,87,56
23048679.0,91,51
23048698.0,89,60
23048732.0,88,60
23048789.0,93,49
23048818.0,100,59
23048839.0,90,49
23048850.0,93,51
23048901.0,66,120
23048911.0,96,51
23048921.0,107,71
23048960.0,92,47
23048969.0,97,53
23049000.0,86,56
23049054.0,89,47
23049065.0,85,56
23049078.0,90,49
23049100.0,91,61
23049121.0,91,47
23049155.0,88,49
23049177.0,92,49
23049187.0,87,48
23049210.0,87,50
23049374.0,87,57
23049430.0,86,54
23049544.0,85,57
23049577.0,95,49
23049612.0,107,70
23049707.0,86,58
23049728.0,96,51
23049769.0,88,58
23049771.0,86,53
23049773.0,86,56
23049827.0,93,52
23049834.0,88,53
23049878.0,98,57
23049891.0,89,47
23049949.0,89,54
23049956.0,107,72
23050107.0,102,65
23050109.0,87,55
23050120.0,88,52
23050176.0,90,61
23050212.0,95,48
23050216.0,100,58
23050284.0,89,55
23050356.0,97,70
23050398.0,103,64
23050415.0,93,51
23050418.0,94,64
23050484.0,96,50
23050501.0,94,51
23050535.0,93,50
23050611.0,92,48
23050654.0,97,71
23050747.0,107,69
23050748.0,89,51
23051069.0,88,56
23051088.0,89,53
23051098.0,89,61
23051148.0,87,59
23051166.0,93,48
23051202.0,90,57
23051256.0,97,63
23051263.0,92,48
23051306.0,89,61
23051349.0,94,50
23051372.0,95,64
23051391.0,99,72
23051407.0,87,60
23051429.0,88,57
23051485.0,88,56
23051494.0,88,48
23051508.0,94,52
23051543.0,86,52
23051579.0,90,53
23051650.0,102,63
23051655.0,88,60
23051693.0,97,53
23051736.0,88,48
23051792.0,87,49
23051867.0,91,62
23051896.0,88,47
23051916.0,95,47
23051967.0,89,60
23051974.0,102,66
23051976.0,86,50
23052012.0,93,49
23052028.0,96,49
23052034.0,93,62
23052079.0,97,69
23052103.0,100,57
23052185.0,93,47
23052279.0,91,47
23052281.0,86,51
23052411.0,97,52
23052423.0,87,56
23052432.0,95,63
23052441.0,94,51
23052522.0,93,56
23052554.0,89,57
23052600.0,89,50
23052693.0,99,57
23052808.0,88,51
23052841.0,92,47
23052972.0,99,55
23052975.0,94,49
23052983.0,97,68
23053003.0,88,50
23053024.0,89,49
23053135.0,90,54
23053174.0,52,55
23053186.0,87,53
23053242.0,98,53
23053296.0,96,49
23053387.0,86,50
23053388.0,95,52
23053412.0,102,65
23053444.0,101,60
23053479.0,95,50
23053594.0,95,52
23053658.0,91,48
23053696.0,93,50
23053697.0,87,54
23053699.0,96,48
23053712.0,98,54
23053721.0,87,58
23053742.0,89,56
23053791.0,94,46
23053814.0,103,72
23053858.0,94,48
23053881.0,97,51
23053935.0,91,48
23053940.0,94,64
23053995.0,92,46
23054000.0,95,46
23054031.0,94,62
23054074.0,87,59
23054078.0,100,56
23054090.0,89,48
23054104.0,96,50
23054149.0,94,51
23054265.0,94,74
23054333.0,90,53
23054408.0,88,59
23054434.0,88,55
23054510.0,88,49
23054568.0,86,55
23054619.0,93,52
23054742.0,95,64
23054773.0,91,53
23054939.0,95,46
23054983.0,89,52
23054983.0,96,63
23055036.0,98,53
23055112.0,89,47
23055144.0,90,53
23055203.0,89,57
23055212.0,91,47
23055254.0,91,61
23055266.0,95,51
23055277.0,92,46
23055302.0,99,54
23055307.0,95,49
23055337.0,101,59
23055393.0,97,50
23055418.0,94,47
23055431.0,88,56
23055454.0,94,50
23055460.0,89,48
23055468.0,93,48
23055491.0,95,50
23055497.0,85,56
23055499.0,96,47
23055543.0,97,49
23055555.0,86,56
23055558.0,90,51
23055641.0,95,51
23055650.0,99,56
23055652.0,95,50
23055658.0,88,54
23055673.0,102,63
23055690.0,90,61
23055730.0,92,49
23055777.0,103,64
23055786.0,95,63
23055787.0,100,56
23055831.0,97,52
23055954.0,93,47
23055980.0,95,64
23056048.0,87,57
23056082.0,89,53
23056101.0,93,53
23056148.0,94,46
23056177.0,87,55
23056205.0,98,52
23056229.0,93,62
23056294.0,89,55
23056299.0,97,49
23056303.0,89,59
23056313.0,93,52
23056333.0,94,49
23056362.0,90,46
23056439.0,90,50
23056442.0,99,76
23056477.0,96,48
23056498.0,89,51
23056513.0,87,57
23056585.0,92,61
23056709.0,91,49
23056719.0,89,47
23056726.0,87,52
23056741.0,91,53
23056784.0,87,55
23056837.0,89,50
23056858.0,91,52
23056882.0,95,48
23056963.0,101,57
23056977.0,87,50
23057049.0,101,58
23057053.0,89,60
23057100.0,95,62
23057105.0,100,55
23057127.0,93,46
23057149.0,98,51
23057163.0,90,60
23057163.0,92,48
23057181.0,97,48
23057201.0,88,48
23057211.0,91,46
23057239.0,89,51
23057241.0,89,57
23057484.0,90,56
23057614.0,90,49
23057629.0,90,52
23057643.0,95,51
23057729.0,101,59
23057753.0,88,51
23057759.0,95,64
23057811.0,86,55
23057834.0,96,51
23057876.0,90,49
23057886.0,95,52
23057904.0,88,55
23057978.0,99,55
23057984.0,90,50
23058090.0,99,53
23058092.0,100,55
23058095.0,94,48
23058144.0,90,47
23058164.0,98,51
23058234.0,96,50
23058243.0,91,53
23058296.0,97,48
23058310.0,87,56
23058384.0,89,48
23058402.0,92,48
23058424.0,95,47
23058426.0,95,50
23058438.0,73,120
23058452.0,97,47
23058460.0,96,47
23058475.0,89,55
23058547.0,89,56
23058580.0,88,53
23058878.0,91,51
23058922.0,98,50
23058937.0,98,71
23058996.0,101,57
23059050.0,94,62
23059079.0,96,62
23059118.0,91,46
23059135.0,97,47
23059253.0,95,46
23059308.0,89,49
23059331.0,92,49
23059350.0,91,53
23059374.0,90,48
23059390.0,89,54
23059429.0,91,50
23059434.0,93,61
23059459.0,94,61
23059465.0,88,55
23059483.0,95,63
23059486.0,95,50
23059573.0,96,49
23059695.0,89,48
23059709.0,90,46
23059736.0,95,46
23059739.0,88,58
23059850.0,92,46
23059867.0,88,53
23059946.0,95,63
23060059.0,97,46
23060171.0,94,46
23060221.0,98,49
23060283.0,87,58
23060323.0,88,52
23060373.0,92,46
23060391.0,90,51
23060493.0,96,48
23060540.0,96,63
23060573.0,90,55
23060662.0,88,54
23060716.0,89,55
23060731.0,87,58
23060741.0,94,47
23060746.0,99,52
23060867.0,92,53
23060953.0,89,54
23061017.0,96,47
23061051.0,98,48
23061057.0,100,54
23061077.0,87,55
23061087.0,90,59
23061095.0,91,49
23061105.0,91,52
23061173.0,87,54
23061255.0,89,53
23061306.0,90,50
23061319.0,91,56
23061345.0,95,48
23061360.0,100,57
23061368.0,92,56
23061376.0,88,54
23061377.0,87,58
23061390.0,91,59
23061454.0,102,59
23061482.0,92,52
23061535.0,88,51
23061596.0,89,58
23061642.0,94,46
23061643.0,88,48
23061657.0,87,58
23061694.0,91,45
23061696.0,88,49
23061707.0,103,65
23061717.0,101,56
23061717.0,93,46
23061722.0,93,47
23061803.0,88,50
23061811.0,89,55
23061884.0,95,49
23061886.0,92,60
23061889.0,101,60
23061985.0,98,47
23062003.0,98,48
23062051.0,96,64
23062073.0,97,46
23062085.0,90,49
23062183.0,90,48
23062221.0,99,51
23062234.0,92,45
23062314.0,95,63
23062332.0,102,61
23062341.0,91,48
23062427.0,92,53
23062437.0,97,51
23062567.0,99,50
23062675.0,95,62
23062745.0,99,51
23062747.0,90,54
23062812.0,96,63
23062828.0,88,54
23062829.0,91,52
23062918.0,101,55
23062947.0,90,48
23062948.0,88,57
23062968.0,89,51
23062970.0,89,47
23062974.0,96,46
23063011.0,88,56
23063013.0,100,55
23063054.0,94,45
23063055.0,100,54
23063057.0,90,58
23063066.0,98,46
23063076.0,99,49
23063136.0,92,51
23063151.0,95,47
23063176.0,108,70
23063177.0,96,47
23063211.0,91,79
23063317.0,93,47
23063360.0,99,52
23063372.0,96,50
23063387.0,98,50
23063397.0,90,56
23063404.0,89,53
23063465.0,88,47
23063511.0,90,47
23063634.0,91,47
23063664.0,91,55
23063669.0,96,47
23063691.0,92,45
23063944.0,97,50
23063954.0,97,49
23063960.0,101,55
23063999.0,91,46
23064060.0,97,63
23064111.0,88,47
23064126.0,100,53
23064140.0,104,63
23064141.0,107,77
23064141.0,89,57
23064143.0,99,49
23064155.0,89,54
23064179.0,97,47
23064230.0,90,52
23064240.0,90,47
23064251.0,97,49
23064310.0,89,52
23064329.0,97,48
23064338.0,98,63
23064350.0,98,46
23064368.0,88,55
23064383.0,108,71
23064426.0,97,63
23064589.0,95,45
23064605.0,93,60
23064669.0,87,54
23064689.0,91,50
23064705.0,99,50
23064715.0,91,45
23064739.0,97,49
23064740.0,103,66
23064752.0,91,55
23064763.0,95,46
23064782.0,102,57
23064804.0,89,54
23064829.0,92,50
23064837.0,102,59
23064876.0,90,55
23064897.0,93,60
23064929.0,102,58
23064966.0,92,52
23065051.0,99,48
23065074.0,96,49
23065080.0,97,62
23065085.0,92,49
23065205.0,96,62
23065219.0,89,48
23065266.0,100,52
23065279.0,96,61
23065296.0,93,45
23065405.0,91,56
23065425.0,101,54
23065539.0,89,51
23065581.0,97,46
23065587.0,97,51
23065593.0,95,61
23065621.0,103,62
23065626.0,100,68
23065640.0,90,46
23065656.0,90,53
23065745.0,93,52
23065763.0,95,45
23065779.0,90,58
23065842.0,99,47
23065936.0,88,53
23066061.0,90,46
23066071.0,99,46
23066072.0,97,64
23066098.0,95,50
23066136.0,96,47
23066164.0,96,48
23066173.0,91,48
23066187.0,100,51
23066224.0,91,51
23066227.0,92,48
23066313.0,91,47
23066341.0,93,60
23066390.0,95,50
23066402.0,93,51
23066445.0,97,50
23066557.0,100,50
23066587.0,91,54
23066613.0,91,59
23066637.0,87,55
23066664.0,94,50
23066680.0,94,61
23066700.0,102,56
23066707.0,97,63
23066719.0,96,46
23066720.0,92,51
23066803.0,92,59
23066826.0,92,55
23066855.0,98,52
23066937.0,103,63
23066952.0,89,50
23066962.0,89,49
23067090.0,98,51
23067099.0,108,72
23067134.0,88,54
23067137.0,102,57
23067138.0,92,47
23067141.0,100,51
23067146.0,98,50
23067153.0,104,62
23067185.0,95,73
23067247.0,89,48
23067276.0,98,45
23067304.0,100,49
23067380.0,91,49
23067447.0,89,55
23067463.0,91,58
23067471.0,98,48
23067528.0,97,49
23067576.0,89,53
23067647.0,87,55
23067753.0,101,55
23067805.0,100,48
23067860.0,90,52
23068015.0,99,47
23068027.0,91,55
23068148.0,97,50
23068178.0,94,60
23068179.0,87,55
23068208.0,100,50
23068265.0,96,63
23068268.0,100,52
23068272.0,101,58
23068314.0,91,47
23068325.0,98,62
23068343.0,93,50
23068411.0,93,59
23068429.0,92,46
23068430.0,92,60
23068456.0,102,58
23068480.0,98,46
23068524.0,89,56
23068609.0,92,56
23068700.0,98,49
23068751.0,98,47
23068755.0,101,53
23068804.0,93,56
23068809.0,90,57
23068841.0,100,48
23068946.0,89,53
23068972.0,93,49
23068993.0,89,56
23069016.0,92,49
23069022.0,96,45
23069151.0,92,50
23069183.0,100,49
23069215.0,100,47
23069239.0,92,51
23069252.0,91,53
23069383.0,100,53
23069387.0,96,51
23069394.0,97,48
23069516.0,93,44
23069606.0,90,54
23069623.0,99,46
23069649.0,90,47
23069660.0,89,54
23069663.0,95,46
23069668.0,100,46
23069740.0,89,56
23069743.0,94,44
23069773.0,98,51
23069785.0,99,45
23069869.0,92,47
23069897.0,101,53
23070023.0,93,52
23070089.0,101,52
23070154.0,92,54
23070158.0,96,62
23070229.0,92,48
23070270.0,90,53
23070278.0,91,55
23070292.0,92,58
23070337.0,93,51
23070372.0,91,54
23070379.0,91,57
23070406.0,91,51
23070463.0,91,46
23070477.0,90,51
23070570.0,95,61
23070573.0,90,48
23070612.0,103,59
23070630.0,93,58
23070633.0,91,52
23070668.0,90,50
23070672.0,102,56
23070708.0,92,47
23070760.0,100,47
23070776.0,94,59
23070791.0,94,47
23070796.0,103,72
23070801.0,104,66
23070802.0,93,46
23070812.0,92,52
23070813.0,94,51
23070815.0,90,49
23070990.0,98,50
23070994.0,93,51
23071036.0,100,46
23071039.0,92,49
23071054.0,90,50
23071061.0,97,47
23071067.0,93,46
23071074.0,101,51
23071086.0,100,51
23071096.0,90,56
23071120.0,95,45
23071130.0,93,48
23071133.0,97,46
23071148.0,95,46
23071151.0,101,50
23071175.0,93,47
23071238.0,92,54
23071255.0,103,57
23071262.0,99,49
23071318.0,98,46
23071383.0,97,62
23071420.0,70,59
23071429.0,93,51
23071493.0,92,46
23071506.0,93,45
23071509.0,93,48
23071574.0,99,50
23071650.0,101,49
23071755.0,94,50
23071768.0,102,54
23071780.0,93,46
23071781.0,101,50
23071823.0,93,50
23071865.0,97,45
23071888.0,98,45
23071937.0,99,48
23071997.0,95,60
23072034.0,93,59
23072079.0,93,45
23072085.0,103,58
23072109.0,99,46
23072115.0,101,48
23072162.0,98,49
23072177.0,94,44
23072177.0,90,50
23072206.0,101,54
23072210.0,100,45
23072344.0,89,52
23072364.0,99,51
23072480.0,99,47
23072484.0,89,53
23072537.0,91,56
23072583.0,91,57
23072617.0,102,55
23072656.0,98,47
23072671.0,90,50
23072766.0,101,47
23072776.0,92,46
23072781.0,91,51
23072808.0,96,63
23072815.0,96,47
23072823.0,95,47
23072850.0,95,44
23072926.0,91,53
23073003.0,93,45
23073035.0,105,66
23073044.0,101,71
23073047.0,93,49
23073106.0,90,54
23073180.0,92,53
23073182.0,96,61
23073228.0,103,56
23073235.0,102,53
23073272.0,99,45
23073302.0,96,46
23073307.0,101,52
23073341.0,101,46
23073352.0,95,59
23073388.0,92,59
23073527.0,101,51
23073539.0,92,54
23073570.0,97,61
23073573.0,98,47
23073594.0,90,54
23073622.0,93,47
23073654.0,101,47
23073664.0,97,44
23073743.0,98,48
23073765.0,94,49
23073782.0,91,46
23073795.0,91,47
23073816.0,96,47
23073881.0,98,50
23073891.0,90,52
23073936.0,91,49
23073946.0,92,57
23073987.0,93,46
23073993.0,94,48
23074094.0,94,46
23074230.0,91,48
23074365.0,101,46
23074389.0,105,65
23074401.0,92,52
23074439.0,98,45
23074471.0,90,54
23074516.0,94,51
23074596.0,91,50
23074618.0,91,52
23074656.0,97,62
23074685.0,97,44
23074694.0,103,57
23074723.0,90,55
23074732.0,108,73
23074786.0,98,46
23074918.0,91,52
23074981.0,102,54
23074989.0,94,47
23074998.0,96,45
23075052.0,95,74
23075080.0,94,59
23075091.0,94,45
23075130.0,103,55
23075174.0,101,45
23075184.0,89,52
23075200.0,98,45
23075213.0,108,72
23075254.0,95,51
23075255.0,91,56
23075257.0,99,50
23075319.0,100,48
23075338.0,102,50
23075348.0,92,52
23075386.0,103,56
23075390.0,96,45
23075435.0,95,56
23075455.0,100,51
23075535.0,94,52
23075548.0,102,51
23075566.0,98,51
23075590.0,96,46
23075614.0,93,54
23075625.0,89,53
23075712.0,90,53
23075725.0,97,48
23075807.0,94,50
23075815.0,97,63
23075829.0,93,58
23075852.0,100,49
23075932.0,103,60
23075941.0,92,51
23075963.0,94,44
23076020.0,102,53
23076044.0,99,51
23076087.0,96,44
23076108.0,100,50
23076141.0,94,54
23076153.0,90,53
23076201.0,100,47
23076253.0,102,50
23076269.0,95,50
23076304.0,104,65
23076305.0,93,50
23076325.0,94,50
23076369.0,97,47
23076401.0,92,53
23076443.0,102,49
23076469.0,94,49
23076550.0,91,52
23076565.0,99,49
23076599.0,91,55
23076605.0,100,45
23076617.0,98,44
23076619.0,93,45
23076648.0,93,53
23076717.0,94,58
23076725.0,100,46
23076750.0,102,47
23076893.0,92,56
23076906.0,92,46
23076927.0,97,46
23077088.0,99,47
23077189.0,97,48
23077249.0,102,46
23077289.0,93,48
23077299.0,97,46
23077326.0,103,54
23077358.0,102,51
23077364.0,102,52
23077427.0,92,57
23077456.0,97,44
23077509.0,94,48
23077679.0,96,62
23077746.0,91,87
23077770.0,102,48
23077814.0,95,47
23077819.0,97,49
23077904.0,92,49
23077914.0,94,47
23077931.0,93,57
23077952.0,94,57
23078012.0,92,52
23078204.0,90,53
23078237.0,93,51
23078265.0,95,51
23078296.0,93,52
23078300.0,96,43
23078301.0,92,47
23078398.0,95,58
23078432.0,94,46
23078490.0,97,61
23078494.0,98,62
23078501.0,95,49
23078519.0,99,46
23078574.0,99,45
23078593.0,98,50
23078627.0,95,44
23078662.0,93,54
23078667.0,103,53
23078706.0,103,55
23078731.0,96,60
23078738.0,102,45
23078784.0,92,50
23078785.0,90,52
23078842.0,95,55
23078859.0,102,50
23079142.0,95,50
23079213.0,104,58
23079247.0,94,45
23079288.0,104,59
23079305.0,101,47
23079315.0,92,52
23079379.0,104,56
23079397.0,95,54
23079405.0,95,46
23079423.0,95,48
23079506.0,92,46
23079564.0,91,51
23079591.0,91,53
23079598.0,101,45
23079647.0,104,61
23079687.0,103,52
23079696.0,90,50
23079707.0,94,58
23079735.0,103,53
23079756.0,92,51
23079772.0,101,46
23079821.0,101,50
23079856.0,103,49
23079960.0,101,48
23080063.0,104,60
23080141.0,101,51
23080193.0,95,49
23080287.0,97,47
23080348.0,99,61
23080379.0,99,44
23080399.0,95,59
23080422.0,93,44
23080433.0,109,70
23080485.0,98,47
23080495.0,100,49
23080523.0,102,49
23080540.0,103,50
23080548.0,103,52
23080559.0,94,49
23080564.0,91,52
23080575.0,91,54
23080633.0,103,57
23080640.0,94,53
23080661.0,98,46
23080686.0,103,51
23080689.0,93,44
23080701.0,96,50
23080754.0,92,55
23080776.0,95,45
23080915.0,109,71
23080958.0,93,53
23080981.0,103,46
23081016.0,104,56
23081055.0,103,47
23081058.0,93,51
23081113.0,103,48
23081146.0,95,48
23081153.0,100,51
23081185.0,95,55
23081199.0,101,49
23081209.0,92,51
23081312.0,98,46
23081331.0,100,46
23081344.0,95,50
23081361.0,101,50
23081415.0,98,45
23081455.0,96,59
23081547.0,97,44
23081582.0,104,57
23081609.0,103,48
23081723.0,95,46
23081726.0,93,56
23081731.0,104,55
23081745.0,96,47
23081770.0,96,48
23081800.0,94,52
23081810.0,100,47
23081838.0,93,52
23081955.0,103,45
23082008.0,99,62
23082010.0,98,47
23082028.0,98,48
23082083.0,96,48
23082086.0,98,44
23082114.0,96,47
23082133.0,100,45
23082161.0,93,48
23082350.0,100,44
23082359.0,103,54
23082503.0,100,49
23082541.0,95,45
23082560.0,96,49
23082609.0,96,44
23082712.0,103,49
23082776.0,93,50
23082803.0,93,46
23082877.0,98,44
23082996.0,103,50
23083009.0,92,51
23083073.0,104,54
23083079.0,96,46
23083114.0,96,45
23083119.0,56,59
23083175.0,93,55
23083206.0,98,43
23083215.0,102,45
23083231.0,93,50
23083251.0,96,58
23083310.0,96,75
23083332.0,91,52
23083375.0,95,58
23083394.0,93,46
23083427.0,102,46
23083539.0,96,50
23083596.0,102,48
23083642.0,99,50
23083649.0,92,54
23083708.0,95,53
23083736.0,102,49
23083764.0,91,51
23083801.0,102,47
23083916.0,93,51
23083946.0,93,49
23083962.0,104,48
23084004.0,96,43
23084023.0,94,51
23084026.0,96,49
23084079.0,91,51
23084103.0,103,51
23084107.0,101,50
23084148.0,104,49
23084267.0,100,71
23084269.0,104,53
23084348.0,104,50
23084354.0,92,52
23084372.0,92,53
23084391.0,104,52
23084415.0,94,53
23084419.0,98,45
23084420.0,104,51
23084440.0,102,50
23084461.0,97,50
23084461.0,96,50
23084481.0,94,45
23084516.0,95,49
23084562.0,101,49
23084584.0,98,49
23084586.0,97,59
23084639.0,104,46
23084856.0,94,56
23084870.0,109,72
23084893.0,101,47
23084925.0,104,54
23084972.0,101,46
23084994.0,99,50
23085018.0,92,50
23085089.0,94,57
23085091.0,99,56
23085132.0,97,60
23085142.0,94,50
23085159.0,94,56
23085171.0,93,51
23085207.0,104,51
23085208.0,97,49
23085285.0,104,45
23085337.0,96,49
23085450.0,96,46
23085485.0,95,52
23085489.0,99,44
23085511.0,101,44
23085519.0,102,46
23085591.0,101,48
23085620.0,99,46
23085635.0,104,55
23085644.0,104,48
23085646.0,101,45
23085653.0,100,48
23085689.0,104,61
23085701.0,106,63
23085707.0,105,57
23085716.0,104,58
23085768.0,94,46
23085775.0,104,47
23085822.0,97,47
23085834.0,102,46
23085838.0,104,50
23085861.0,96,47
23085910.0,97,46
23085946.0,104,46
23085971.0,97,48
23086070.0,97,44
23086201.0,106,65
23086230.0,97,45
23086244.0,105,65
23086247.0,98,46
23086317.0,97,43
23086392.0,105,56
23086396.0,93,54
23086410.0,104,45
23086493.0,99,48
23086557.0,103,45
23086562.0,98,61
23086607.0,101,44
23086632.0,97,45
23086709.0,94,56
23086735.0,92,50
23086756.0,105,58
23086861.0,95,47
23086874.0,99,49
23086874.0,106,64
23086901.0,94,49
23086949.0,94,48
23087066.0,92,51
23087139.0,93,50
23087160.0,104,52
23087161.0,96,44
23087167.0,103,47
23087241.0,103,48
23087246.0,100,49
23087260.0,104,53
23087414.0,105,55
23087425.0,104,57
23087433.0,105,59
23087471.0,93,55
23087586.0,94,55
23087610.0,104,49
23087659.0,98,62
23087699.0,94,51
23087754.0,105,63
23087779.0,96,53
23087839.0,93,55
23087854.0,94,55
23087933.0,103,46
23087938.0,94,52
23087940.0,105,49
23087957.0,105,55
23088031.0,105,46
23088032.0,105,48
23088104.0,95,57
23088116.0,100,44
23088123.0,109,73
23088169.0,93,50
23088279.0,105,56
23088313.0,103,49
23088423.0,96,57
23088435.0,105,47
23088505.0,95,45
23088517.0,97,49
23088523.0,97,51
23088525.0,93,53
23088572.0,99,43
23088602.0,105,49
23088655.0,105,57
23088658.0,105,54
23088706.0,105,45
23088761.0,95,50
23088790.0,103,50
23088814.0,100,45
23088821.0,101,70
23088832.0,102,45
23088847.0,95,51
23088853.0,105,51
23088863.0,99,44
23088878.0,105,48
23088899.0,105,60
23088914.0,101,43
23088991.0,92,50
23088995.0,102,47
23089070.0,103,49
23089134.0,98,49
23089157.0,102,44
23089168.0,102,49
23089204.0,104,52
23089261.0,102,46
23089263.0,96,58
23089275.0,105,50
23089385.0,93,52
23089430.0,104,51
23089477.0,105,46
23089507.0,105,59
23089516.0,95,54
23089576.0,103,49
23089638.0,93,51
23089662.0,102,50
23089744.0,98,50
23089774.0,105,53
23089788.0,103,51
23089796.0,94,54
23089804.0,98,43
23089826.0,95,50
23089850.0,93,51
23089923.0,105,45
23089931.0,100,45
23089931.0,102,48
23089946.0,97,44
23089986.0,101,49
23089994.0,94,50
23090049.0,105,51
23090086.0,97,48
23090165.0,98,46
23090196.0,105,52
23090204.0,95,47
23090224.0,95,56
23090236.0,95,52
23090252.0,98,48
23090270.0,95,51
23090374.0,98,47
23090416.0,105,54
23090575.0,98,45
23090595.0,100,49
23090612.0,105,58
23090646.0,100,43
23090681.0,98,47
23090731.0,102,44
23090835.0,94,55
23090848.0,96,53
23090894.0,95,53
23090900.0,95,49
23090902.0,41,78
23090955.0,98,50
23090964.0,104,45
23091062.0,100,48
23091144.0,99,45
23091175.0,93,49
23091175.0,95,51
23091275.0,96,52
23091308.0,104,47
23091339.0,97,44
23091344.0,105,52
23091381.0,104,48
23091412.0,93,51
23091471.0,96,44
23091645.0,97,50
23091744.0,104,46
23091754.0,101,49
23091803.0,105,55
23091849.0,106,46
23091867.0,94,50
23091873.0,95,50
23091937.0,105,61
23091949.0,104,49
23091956.0,101,50
23091991.0,95,55
23092002.0,93,50
23092017.0,106,48
23092031.0,106,49
23092142.0,100,44
23092202.0,98,49
23092211.0,101,47
23092231.0,97,59
23092353.0,101,44
23092375.0,106,47
23092394.0,103,45
23092417.0,100,42
23092446.0,101,48
23092492.0,96,56
23092498.0,98,48
23092545.0,96,50
23092555.0,94,49
23092583.0,106,49
23092585.0,94,53
23092594.0,98,45
23092668.0,95,50
23092683.0,98,50
23092692.0,103,44
23092716.0,106,46
23092785.0,101,44
23092787.0,102,43
23092792.0,94,52
23092819.0,105,50
23092917.0,96,50
23092932.0,106,50
23093006.0,103,49
23093034.0,99,45
23093039.0,99,50
23093064.0,99,44
23093090.0,103,44
23093127.0,99,49
23093245.0,96,57
23093250.0,98,44
23093291.0,106,48
23093294.0,103,46
23093397.0,96,51
23093427.0,98,58
23093446.0,94,49
23093474.0,104,49
23093492.0,103,47
23093496.0,95,48
23093553.0,106,45
23093618.0,101,50
23093625.0,103,50
23093638.0,101,49
23093639.0,98,60
23093652.0,99,43
23093662.0,104,50
23093662.0,95,50
23093685.0,101,47
23093692.0,101,48
23093820.0,99,61
23093978.0,105,45
23093986.0,96,49
23094102.0,106,51
23094125.0,99,48
23094146.0,95,54
23094156.0,106,50
23094234.0,96,50
23094263.0,103,48
23094281.0,97,52
23094284.0,103,43
23094295.0,105,46
23094496.0,98,59
23094523.0,99,46
23094529.0,102,43
23094539.0,96,47
23094547.0,103,44
23094560.0,101,42
23094562.0,106,58
23094569.0,94,51
23094777.0,106,54
23094795.0,101,43
23094814.0,94,50
23094818.0,96,51
23094823.0,99,50
23094838.0,105,53
23094845.0,91,87
23094958.0,92,85
23094975.0,97,46
23094980.0,98,46
23095009.0,97,44
23095014.0,106,51
23095022.0,105,47
23095023.0,106,52
23095072.0,96,52
23095094.0,107,46
23095118.0,97,51
23095120.0,97,58
23095133.0,106,58
23095230.0,102,44
23095280.0,106,56
23095287.0,97,57
23095308.0,106,53
23095343.0,105,51
23095441.0,97,58
23095491.0,99,47
23095590.0,106,55
23095607.0,101,45
23095689.0,96,55
23095698.0,107,47
23095843.0,104,45
23095889.0,102,46
23096014.0,96,56
23096015.0,102,45
23096060.0,95,53
23096067.0,98,52
23096088.0,105,48
23096098.0,107,48
23096125.0,107,46
23096143.0,102,46
23096144.0,104,44
23096159.0,98,57
23096169.0,95,49
23096211.0,96,50
23096222.0,95,46
23096224.0,102,49
23096267.0,106,59
23096268.0,97,45
23096311.0,104,47
23096343.0,91,86
23096344.0,91,88
23096356.0,105,49
23096403.0,104,46
23096437.0,107,49
23096534.0,99,48
23096540.0,102,50
23096587.0,102,43
23096644.0,98,48
23096691.0,107,47
23096721.0,100,42
23096725.0,99,46
23096801.0,99,49
23096822.0,104,49
23096892.0,97,50
23096950.0,99,45
23096952.0,105,59
23097014.0,102,42
23097035.0,102,45
23097101.0,98,53
23097147.0,100,44
23097211.0,107,50
23097216.0,100,43
23097219.0,106,52
23097266.0,96,54
23097268.0,107,48
23097275.0,107,49
23097290.0,99,47
23097307.0,104,50
23097403.0,104,43
23097414.0,100,55
23097427.0,102,44
23097433.0,95,52
23097455.0,100,48
23097530.0,104,47
23097692.0,97,49
23097707.0,107,66
23097718.0,104,49
23097832.0,102,49
23097853.0,95,50
23097869.0,94,49
23097870.0,102,50
23098019.0,99,43
23098038.0,105,50
23098042.0,106,57
23098099.0,95,48
23098121.0,97,47
23098177.0,102,48
23098242.0,107,65
23098289.0,106,46
23098295.0,100,49
23098298.0,107,51
23098335.0,100,46
23098345.0,107,50
23098352.0,103,44
23098367.0,110,72
23098404.0,105,49
23098405.0,100,47
23098473.0,97,52
23098481.0,105,52
23098534.0,98,52
23098538.0,106,53
23098543.0,101,42
23098567.0,106,52
23098574.0,107,62
23098769.0,100,45
23098771.0,108,47
23098822.0,110,70
23098893.0,95,51
23098968.0,106,51
23098974.0,107,51
23098977.0,103,45
23098998.0,95,48
23099013.0,106,45
23099040.0,96,49
23099134.0,107,56
23099150.0,97,46
23099153.0,105,56
23099172.0,105,63
23099186.0,103,63
23099190.0,100,60
23099191.0,106,54
23099194.0,105,44
23099272.0,100,44
23099279.0,105,45
23099292.0,90,87
23099340.0,98,44
23099376.0,108,46
23099406.0,102,42
23099446.0,99,48
23099469.0,105,51
23099499.0,106,47
23099504.0,100,45
23099519.0,106,60
23099603.0,101,43
23099619.0,103,46
23099630.0,107,48
23099742.0,106,46
23099800.0,99,60
23099805.0,100,62
23099823.0,107,52
23099832.0,105,63
23099852.0,105,46
23099866.0,106,58
23099907.0,107,53
23099930.0,106,48
23099974.0,108,47
23100020.0,106,66
23100119.0,101,45
23100129.0,107,64
23100163.0,107,55
23100242.0,97,50
23100255.0,100,50
23100256.0,108,48
23100264.0,108,49
23100267.0,97,57
23100332.0,100,46
23100360.0,100,43
23100420.0,108,46
23100448.0,90,86
23100481.0,107,54
23100533.0,103,46
23100543.0,97,48
23100595.0,108,49
23100597.0,105,47
23100644.0,107,52
23100658.0,98,51
23100680.0,95,49
23100717.0,98,61
23100733.0,97,55
23100740.0,100,49
23100748.0,107,51
23100762.0,106,62
23100781.0,105,51
23100826.0,108,47
23100864.0,105,43
23100891.0,105,49
23100896.0,99,43
23100974.0,100,48
23101020.0,101,44
23101103.0,107,56
23101161.0,97,49
23101187.0,103,45
23101199.0,109,75
23101387.0,98,50
23101404.0,107,57
23101410.0,104,48
23101424.0,99,59
23101442.0,106,49
23101447.0,108,49
23101480.0,95,48
23101493.0,96,48
23101503.0,107,58
23101516.0,108,48
23101521.0,105,45
23101522.0,107,46
23101526.0,98,52
23101551.0,107,53
23101592.0,107,50
23101623.0,102,50
23101628.0,100,47
23101680.0,107,54
23101746.0,105,47
23101773.0,107,55
23101860.0,105,48
23101866.0,105,49
23101913.0,103,49
23101954.0,101,49
23101970.0,103,48
23101974.0,99,46
23102031.0,108,50
23102065.0,98,58
23102112.0,101,47
23102170.0,100,59
23102246.0,101,48
23102365.0,103,44
23102530.0,99,44
23102571.0,98,49
23102575.0,108,50
23102598.0,95,50
23102613.0,107,58
23102616.0,104,43
23102638.0,96,52
23102645.0,105,50
23102653.0,103,43
23102783.0,107,47
23102821.0,98,51
23102861.0,106,50
23102885.0,106,46
23103037.0,97,49
23103062.0,106,44
23103083.0,109,47
23103100.0,98,48
23103116.0,102,42
23103124.0,104,42
23103131.0,109,46
23103138.0,101,43
23103214.0,101,44
23103266.0,110,71
23103297.0,107,48
23103308.0,104,46
23103332.0,96,51
23103383.0,108,51
23103559.0,102,43
23103569.0,104,43
23103622.0,97,48
23103643.0,100,58
23103656.0,101,50
23103665.0,106,47
23103762.0,102,44
23103827.0,109,47
23103842.0,97,51
23103864.0,106,46
23103913.0,101,43
23103913.0,96,50
23103937.0,109,48
23104006.0,104,47
23104068.0,109,46
23104131.0,106,51
23104183.0,108,51
23104322.0,105,49
23104370.0,97,53
23104372.0,106,48
23104384.0,104,48
23104403.0,109,48
23104451.0,106,43
23104609.0,109,49
23104652.0,104,46
23104677.0,106,45
23104685.0,107,49
23104736.0,108,46
23104765.0,106,49
23104777.0,97,54
23104801.0,108,52
23104825.0,98,56
23104848.0,104,49
23104918.0,99,45
23105035.0,98,49
23105046.0,110,72
23105097.0,102,45
23105109.0,96,49
23105115.0,101,47
23105367.0,97,55
23105409.0,99,45
23105417.0,108,53
23105421.0,104,45
23105458.0,103,42
23105474.0,104,47
23105486.0,107,53
23105504.0,97,48
23105601.0,104,48
23105603.0,107,55
23105626.0,96,48
23105649.0,109,49
23105726.0,109,50
23105732.0,101,48
23105738.0,101,49
23105786.0,102,46
23105828.0,98,50
23105838.0,105,45
23105855.0,107,44
23105861.0,102,43
23106036.0,99,55
23106047.0,106,49
23106058.0,108,46
23106062.0,107,45
23106068.0,97,52
23106071.0,99,48
23106077.0,108,54
23106079.0,108,47
23106119.0,107,57
23106149.0,104,42
23106155.0,99,50
23106182.0,107,59
23106295.0,106,50
23106357.0,102,47
23106379.0,108,46
23106404.0,105,44
23106433.0,102,48
23106464.0,108,55
23106478.0,102,44
23106502.0,106,55
23106582.0,107,50
23106609.0,99,49
23106629.0,97,47
23106693.0,107,44
23106712.0,108,53
23106739.0,98,55
23106751.0,98,45
23106760.0,103,43
23106776.0,102,45
23106785.0,104,49
23106830.0,98,49
23106853.0,108,48
23106951.0,10,63
23106956.0,108,52
23106966.0,98,54
23106992.0,105,44
23107015.0,100,44
23107036.0,97,49
23107042.0,108,46
23107086.0,102,46
23107091.0,105,42
23107178.0,103,42
23107192.0,107,46
23107212.0,98,48
23107223.0,107,47
23107243.0,110,46
23107254.0,97,51
23107341.0,105,47
23107360.0,108,56
23107369.0,107,45
23107379.0,90,88
23107402.0,109,51
23107404.0,103,44
23107409.0,88,88
23107447.0,105,46
23107761.0,9,62
23107848.0,110,47
23107880.0,105,45
23107935.0,106,47
23107947.0,103,45
23107996.0,109,50
23108013.0,99,47
23108021.0,102,71
23108073.0,97,50
23108074.0,106,50
23108112.0,99,61
23108206.0,106,51
23108248.0,110,48
23108298.0,102,48
23108455.0,108,55
23108470.0,107,48
23108472.0,105,43
23108490.0,110,49
23108528.0,109,51
23108531.0,109,46
23108600.0,106,59
23108604.0,97,48
23108664.0,99,49
23108671.0,106,48
23108713.0,108,57
23108802.0,107,47
23108816.0,101,43
23108896.0,108,44
23108909.0,107,50
23108915.0,100,45
23108929.0,106,44
23108930.0,105,44
23108944.0,108,48
23108955.0,103,43
23108985.0,100,50
23109021.0,110,46
23109078.0,108,49
23109085.0,110,73
23109094.0,102,47
23109128.0,105,46
23109137.0,105,49
23109159.0,107,51
23109177.0,105,51
23109199.0,106,60
23109251.0,99,50
23109252.0,108,54
23109264.0,103,44
23109280.0,110,49
23109356.0,104,42
23109380.0,109,52
23109529.0,108,45
23109530.0,106,42
23109571.0,106,45
23109581.0,100,51
23109586.0,108,46
23109621.0,109,47
23109648.0,101,45
23109648.0,98,47
23109652.0,109,46
23109666.0,99,57
23109684.0,102,46
23109735.0,103,46
23110033.0,108,44
23110053.0,110,50
23110057.0,99,56
23110145.0,109,52
23110200.0,106,42
23110236.0,109,46
23110280.0,107,49
23110328.0,104,43
23110390.0,111,47
23110518.0,108,46
23110526.0,108,45
23110548.0,103,47
23110556.0,101,47
23110583.0,100,49
23110590.0,106,46
23110606.0,107,47
23110622.0,107,50
23110719.0,100,48
23110750.0,110,46
23110859.0,103,48
23110908.0,109,53
23110915.0,108,53
23110936.0,109,48
23110974.0,108,50
23111075.0,106,47
23111089.0,109,46
23111134.0,105,48
23111140.0,108,47
23111186.0,106,46
23111218.0,111,47
23111221.0,110,51
23111281.0,109,48
23111284.0,109,46
23111299.0,106,45
23111304.0,103,49
23111308.0,106,44
23111321.0,102,45
23111358.0,98,53
23111363.0,104,44
23111379.0,100,47
23111392.0,98,52
23111446.0,99,49
23111453.0,109,53
23111545.0,105,49
23111584.0,101,45
23111610.0,104,45
23111630.0,107,51
23111639.0,108,56
23111671.0,111,48
23111708.0,105,45
23111710.0,108,66
23111754.0,109,48
23111849.0,106,48
23111871.0,98,51
23111931.0,108,48
23111965.0,103,45
23111969.0,106,47
23111974.0,108,65
23111989.0,108,58
23111992.0,99,48
23112010.0,100,51
23112024.0,101,44
23112028.0,110,51
23112072.0,108,68
23112093.0,108,64
23112153.0,69,53
23112201.0,110,50
23112230.0,107,44
23112246.0,99,47
23112274.0,98,49
23112343.0,100,53
23112350.0,109,49
23112354.0,104,43
23112460.0,109,53
23112467.0,109,47
23112498.0,106,47
23112539.0,110,47
23112540.0,106,45
23112559.0,103,46
23112724.0,102,43
23112727.0,105,42
23112765.0,98,50
23112786.0,107,45
23112811.0,103,48
23112838.0,101,50
23112844.0,100,50
23112855.0,109,54
23112859.0,105,47
23112891.0,69,53
23112900.0,109,45
23112919.0,106,46
23112936.0,106,43
23112944.0,101,51
23112974.0,97,53
23112985.0,109,55
23113015.0,111,49
23113040.0,108,48
23113055.0,100,49
23113066.0,102,43
23113082.0,108,49
23113108.0,100,46
23113121.0,111,48
23113136.0,105,43
23113137.0,103,47
23113271.0,107,60
23113345.0,101,51
23113361.0,104,47
23113402.0,107,62
23113457.0,107,43
23113498.0,110,46
23113549.0,99,47
23113608.0,103,49
23113614.0,108,51
23113620.0,98,47
23113632.0,106,49
23113652.0,104,46
23113662.0,109,49
23113668.0,98,48
23113683.0,101,48
23113686.0,111,50
23113707.0,107,51
23113716.0,111,49
23113734.0,107,58
23113784.0,109,44
23113790.0,101,51
23113808.0,110,51
23113812.0,109,54
23113814.0,109,46
23113831.0,100,48
23113847.0,107,46
23113871.0,100,58
23113886.0,108,49
23113904.0,108,63
23113908.0,103,50
23113912.0,107,62
23113920.0,107,66
23113940.0,106,48
23113950.0,110,47
23113959.0,108,51
23114018.0,101,51
23114022.0,110,46
23114055.0,101,49
23114087.0,106,50
23114098.0,104,44
23114132.0,107,44
23114161.0,101,47
23114189.0,109,55
23114193.0,109,56
23114236.0,102,47
23114247.0,99,54
23114276.0,102,44
23114277.0,107,47
23114292.0,101,46
23114296.0,110,52
23114341.0,104,43
23114381.0,103,48
23114420.0,109,50
23114519.0,110,46
23114520.0,108,50
23114587.0,109,45
23114594.0,109,47
23114703.0,110,46
23114714.0,110,48
23114763.0,104,48
23114770.0,106,48
23114776.0,111,50
23114862.0,110,53
23114871.0,108,62
23114927.0,100,56
23114966.0,107,42
23115024.0,105,44
23115058.0,107,45
23115093.0,109,52
23115181.0,102,45
23115417.0,100,47
23115464.0,108,44
23115487.0,106,49
23115494.0,100,57
23115499.0,100,49
23115515.0,97,49
23115645.0,105,45
23115666.0,105,43
23115698.0,94,102
23115705.0,104,49
23115742.0,108,50
23115755.0,107,46
23115766.0,111,51
23115801.0,109,48
23115908.0,103,43
23115918.0,104,45
23115966.0,109,55
23115990.0,109,50
23115992.0,110,52
23115994.0,109,47
23116001.0,108,56
23116092.0,109,57
23116117.0,107,45
23116130.0,106,42
23116135.0,105,50
23116141.0,100,50
23116149.0,108,43
23116192.0,99,49
23116244.0,103,43
23116257.0,110,49
23116288.0,108,47
23116331.0,110,45
23116422.0,111,47
23116423.0,108,42
23116475.0,109,56
23116521.0,104,48
23116601.0,109,46
23116611.0,103,47
23116689.0,110,53
23116704.0,107,46
23116762.0,101,51
23116764.0,106,43
23116773.0,105,46
23116773.0,108,51
23116779.0,99,53
23116797.0,106,47
23116801.0,99,48
23116866.0,100,70
23116868.0,106,50
23116895.0,102,46
23116952.0,111,51
23117032.0,108,46
23117052.0,110,44
23117113.0,99,54
23117219.0,100,48
23117240.0,105,44
23117402.0,98,47
23117435.0,102,47
23117445.0,97,83
23117474.0,99,51
23117487.0,109,49
23117508.0,107,49
23117534.0,110,49
23117556.0,110,48
23117602.0,108,44
23117620.0,102,51
23117652.0,111,48
23117653.0,99,47
23117684.0,110,54
23117696.0,110,47
23117734.0,104,47
23117747.0,99,50
23117748.0,90,87
23117760.0,101,52
23117764.0,110,53
23117773.0,107,47
23117795.0,104,49
23117810.0,109,50
23117820.0,108,42
23117902.0,106,44
23118004.0,104,48
23118009.0,109,44
23118014.0,110,48
23118070.0,108,45
23118212.0,109,51
23118224.0,107,42
23118229.0,108,47
23118239.0,104,43
23118281.0,100,47
23118307.0,108,55
23118319.0,102,48
23118321.0,103,44
23118394.0,110,46
23118520.0,102,50
23118525.0,99,55
23118561.0,101,50
23118646.0,109,57
23118665.0,105,47
23118748.0,110,50
23118750.0,38,89
23118792.0,105,48
23118800.0,101,48
23118806.0,107,57
23118924.0,105,45
23118961.0,108,45
23118972.0,111,45
23119007.0,109,50
23119065.0,103,45
23119065.0,102,49
23119105.0,111,48
23119122.0,109,53
23119125.0,106,43
23119148.0,109,48
23119166.0,100,46
23119193.0,110,54
23119242.0,108,46
23119255.0,107,48
23119284.0,106,45
23119327.0,107,49
23119375.0,109,45
23119378.0,101,49
23119385.0,103,45
23119499.0,109,43
23119560.0,110,47
23119588.0,108,43
23119644.0,110,48
23119725.0,101,47
23119751.0,107,50
23119852.0,109,45
23119890.0,110,55
23119927.0,108,48
23119955.0,111,45
23119959.0,111,49
23120102.0,109,58
23120170.0,111,49
23120181.0,110,49
23120212.0,109,45
23120408.0,110,45
23120486.0,111,46
23120536.0,107,43
23120651.0,109,46
23120659.0,106,44
23120675.0,105,46
23120764.0,109,51
23120945.0,105,49
23120948.0,106,46
23120978.0,109,43
23121038.0,100,50
23121051.0,109,46
23121075.0,111,49
23121207.0,109,45
23121253.0,105,48
23121266.0,109,42
23121280.0,110,49
23121314.0,108,49
23121325.0,109,49
23121349.0,111,49
23121351.0,100,48
23121360.0,105,47
23121381.0,103,46
23121407.0,100,47
23121453.0,109,44
23121474.0,107,50
23121486.0,108,47
23121487.0,101,70
23121504.0,108,42
23121568.0,101,46
23121588.0,111,46
23121605.0,106,47
23121614.0,100,54
23121629.0,110,44
23121635.0,112,48
23121689.0,100,48
23121801.0,111,53
23121847.0,108,48
23121861.0,109,54
23121868.0,108,59
23121870.0,107,49
23121901.0,111,47
23121909.0,104,47
23121913.0,110,51
23121917.0,110,54
23121923.0,112,48
23121938.0,107,44
23121946.0,103,47
23122044.0,109,45
23122150.0,101,69
23122161.0,100,49
23122210.0,109,47
23122259.0,106,45
23122270.0,103,51
23122314.0,104,44
23122326.0,109,51
23122357.0,108,69
23122368.0,105,49
23122401.0,113,49
23122401.0,110,51
23122413.0,68,53
23122494.0,107,68
23122506.0,111,45
23122552.0,103,48
23122559.0,111,48
23122563.0,102,51
23122583.0,107,45
23122586.0,110,56
23122589.0,107,60
23122608.0,106,46
23122619.0,107,43
23122620.0,103,51
23122649.0,111,50
23122658.0,100,53
23122697.0,106,48
23122709.0,35,76
23122771.0,108,43
23122791.0,108,48
23122839.0,109,56
23122870.0,100,46
23122886.0,110,45
23122889.0,105,43
23122934.0,110,50
23123057.0,112,49
23123078.0,110,49
23123133.0,103,51
23123242.0,104,45
23123295.0,114,48
23123300.0,103,50
23123346.0,109,48
23123395.0,102,49
23123424.0,108,50
23123508.0,109,46
23123524.0,100,52
23123570.0,108,49
23123711.0,103,49
23123744.0,101,46
23123812.0,100,48
23123821.0,101,55
23123852.0,102,48
23123985.0,107,44
23123987.0,103,48
23124021.0,109,45
23124059.0,114,49
23124185.0,111,48
23124207.0,107,46
23124279.0,110,46
23124372.0,110,56
23124418.0,108,43
23124502.0,110,42
23124554.0,110,57
23124602.0,109,47
23124609.0,110,44
23124664.0,108,44
23124668.0,111,49
23124680.0,109,57
23124691.0,109,44
23124774.0,107,51
23124901.0,102,47
23124963.0,100,50
23124975.0,99,56
23125027.0,111,53
23125117.0,110,55
23125130.0,110,50
23125136.0,106,43
23125140.0,110,51
23125142.0,109,49
23125145.0,104,47
23125163.0,112,50
23125165.0,110,74
23125175.0,105,47
23125191.0,101,56
23125192.0,102,46
23125266.0,109,47
23125314.0,113,48
23125567.0,106,48
23125645.0,112,52
23125652.0,108,50
23125658.0,109,48
23125687.0,109,64
23125692.0,111,51
23125756.0,101,57
23125759.0,110,47
23125817.0,111,45
23125820.0,108,43
23125826.0,113,52
23125828.0,106,47
23125858.0,108,57
23125861.0,110,45
23125937.0,104,48
23125956.0,106,63
23125973.0,107,47
23126038.0,109,59
23126053.0,101,50
23126077.0,103,48
23126086.0,110,47
23126124.0,114,50
23126220.0,109,42
23126342.0,111,50
23126379.0,108,60
23126391.0,108,45
23126401.0,104,46
23126474.0,111,43
23126487.0,105,44
23126505.0,112,47
23126522.0,101,46
23126532.0,107,46
23126556.0,111,55
23126607.0,109,43
23126648.0,110,47
23126676.0,111,47
23126729.0,108,49
23126809.0,110,46
23126829.0,111,49
23126901.0,103,49
23126965.0,101,47
23127012.0,105,45
23127035.0,110,47
23127147.0,106,49
23127148.0,102,58
23127157.0,107,48
23127204.0,108,44
23127244.0,115,49
23127258.0,112,49
23127285.0,111,49
23127292.0,113,49
23127319.0,111,44
23127373.0,111,46
23127393.0,103,70
23127459.0,101,49
23127474.0,86,86
23127501.0,112,51
23127524.0,101,48
23127526.0,101,58
23127546.0,114,48
23127552.0,103,48
23127565.0,110,48
23127605.0,111,49
23127736.0,90,87
23127740.0,109,50
23127751.0,104,50
23127781.0,101,50
23127814.0,101,58
23127829.0,110,58
23127836.0,108,50
23127962.0,103,50
23127972.0,112,50
23127976.0,109,48
23127983.0,109,44
23128004.0,109,49
23128012.0,111,49
23128029.0,106,43
23128034.0,114,51
23128110.0,109,59
23128134.0,102,46
23128148.0,111,54
23128152.0,103,47
23128183.0,104,49
23128227.0,108,51
23128261.0,111,49
23128319.0,111,55
23128400.0,101,58
23128403.0,111,51
23128447.0,110,47
23128496.0,108,46
23128553.0,107,43
23128565.0,108,43
23128566.0,101,53
23128570.0,107,45
23128663.0,107,49
23128706.0,111,47
23128796.0,110,56
23128858.0,101,58
23128861.0,107,47
23128862.0,110,49
23128863.0,101,51
23128936.0,105,46
23128957.0,110,51
23128962.0,108,58
23128998.0,107,62
23129053.0,110,52
23129059.0,109,43
23129121.0,109,58
23129124.0,103,46
23129133.0,111,45
23129148.0,107,59
23129209.0,101,46
23129222.0,110,58
23129271.0,113,47
23129343.0,115,50
23129443.0,110,46
23129452.0,110,43
23129453.0,110,57
23129471.0,109,45
23129480.0,111,50
23129500.0,104,48
23129504.0,104,51
23129527.0,111,52
23129529.0,106,50
23129600.0,113,45
23129666.0,101,46
23129703.0,107,43
23129711.0,106,45
23129761.0,113,50
23129775.0,110,43
23129800.0,106,44
23129823.0,105,47
23129832.0,100,45
23129836.0,110,48
23129863.0,104,48
23129957.0,109,43
23129969.0,114,49
23130092.0,108,46
23130104.0,109,44
23130176.0,111,51
23130177.0,107,48
23130231.0,108,47
23130282.0,101,52
23130289.0,111,46
23130342.0,109,66
23130395.0,113,52
23130538.0,113,48
23130603.0,113,52
23130788.0,102,46
23130821.0,111,56
23130882.0,111,52
23130938.0,112,44
23131010.0,103,49
23131066.0,114,49
23131112.0,103,47
23131148.0,93,80
23131185.0,111,48
23131243.0,112,46
23131243.0,102,47
23131281.0,107,49
23131283.0,114,46
23131289.0,110,48
23131426.0,112,51
23131433.0,105,48
23131492.0,110,44
23131501.0,108,48
23131524.0,114,46
23131538.0,110,50
23131540.0,109,46
23131546.0,108,43
23131560.0,108,45
23131601.0,111,45
23131669.0,111,46
23131719.0,111,47
23131765.0,110,49
23131781.0,110,42
23131875.0,109,46
23132032.0,114,52
23132156.0,114,47
23132164.0,112,43
23132191.0,102,48
23132246.0,107,44
23132312.0,109,46
23132411.0,103,48
23132418.0,108,47
23132420.0,113,49
23132464.0,111,49
23132465.0,113,45
23132503.0,103,46
23132562.0,104,47
23132566.0,111,43
23132672.0,77,72
23132689.0,104,49
23132726.0,109,49
23132802.0,115,51
23132806.0,92,80
23132833.0,109,46
23132919.0,101,46
23132923.0,108,43
23133070.0,114,50
23133087.0,107,45
23133120.0,107,50
23133167.0,108,49
23133244.0,112,45
23133248.0,102,46
23133303.0,111,57
23133326.0,112,47
23133366.0,116,50
23133408.0,104,46
23133437.0,108,48
23133494.0,111,56
23133497.0,109,47
23133502.0,110,44
23133509.0,105,49
23133572.0,90,84
23133592.0,101,52
23133596.0,104,48
23133601.0,106,47
23133631.0,104,50
23133695.0,110,45
23133733.0,111,48
23133928.0,110,43
23133939.0,113,44
23133956.0,114,48
23133992.0,102,49
23134005.0,113,50
23134058.0,101,54
23134153.0,109,43
23134182.0,108,44
23134188.0,114,53
23134197.0,101,56
23134326.0,110,44
23134509.0,112,48
23134565.0,105,50
23134594.0,109,45
23134699.0,105,51
23134798.0,113,46
23134903.0,102,50
23134946.0,107,46
23135020.0,110,51
23135079.0,110,46
23135102.0,106,48
23135139.0,113,43
23135159.0,103,57
23135219.0,86,51
23135227.0,70,65
23135243.0,103,46
23135243.0,115,47
23135295.0,108,49
23135348.0,101,55
23135365.0,111,57
23135425.0,114,49
23135459.0,111,49
23135467.0,109,47
23135602.0,113,47
23135610.0,110,45
23135628.0,115,52
23135792.0,113,45
23135851.0,116,51
23135939.0,109,48
23136002.0,111,50
23136061.0,113,45
23136155.0,110,51
23136175.0,111,45
23136247.0,108,45
23136487.0,103,47
23136492.0,114,51
23136507.0,102,59
23136516.0,111,48
23136554.0,113,51
23136691.0,105,50
23136773.0,108,49
23136933.0,112,43
23136938.0,112,49
23136957.0,104,46
23136958.0,111,44
23136964.0,115,50
23137062.0,105,46
23137086.0,112,48
23137095.0,105,47
23137156.0,109,48
23137271.0,110,43
23137275.0,109,49
23137290.0,102,52
23137341.0,115,48
23137410.0,104,49
23137436.0,106,49
23137477.0,102,51
23137590.0,111,49
23137604.0,106,48
23137610.0,107,47
23137618.0,105,48
23137640.0,111,50
23137670.0,105,46
23137694.0,110,46
23137832.0,117,50
23137882.0,113,48
23137907.0,105,50
23137965.0,110,47
23138017.0,109,43
23138113.0,103,46
23138252.0,114,50
23138274.0,109,44
23138278.0,116,52
23138325.0,110,59
23138485.0,114,45
23138487.0,107,48
23138519.0,108,46
23138523.0,109,43
23138534.0,111,45
23138580.0,105,49
23138623.0,111,51
23138660.0,103,49
23138794.0,117,51
23138989.0,115,51
23139002.0,114,47
23139007.0,111,46
23139038.0,103,48
23139298.0,110,52
23139310.0,115,46
23139340.0,112,49
23139400.0,114,46
23139409.0,106,50
23139413.0,111,58
23139487.0,109,45
23139597.0,109,64
23139648.0,116,47
23139651.0,109,43
23139702.0,113,51
23139722.0,114,51
23139832.0,116,50
23139848.0,105,50
23140084.0,115,49
23140091.0,109,49
23140113.0,100,54
23140173.0,109,43
23140240.0,110,44
23140369.0,85,96
23140622.0,105,46
23140678.0,110,48
23140804.0,116,48
23140878.0,105,45
23140933.0,79,54
23140979.0,114,48
23141055.0,114,46
23141090.0,108,47
23141169.0,113,49
23141181.0,102,55
23141262.0,107,49
23141301.0,113,47
23141346.0,106,47
23141434.0,79,54
23141442.0,109,50
23141645.0,115,50
23141697.0,108,61
23141724.0,110,57
23141733.0,104,46
23141739.0,106,46
23141762.0,113,44
23141815.0,105,49
23141823.0,61,61
23141906.0,106,48
23141992.0,111,51
23142081.0,116,53
23142166.0,110,47
23142186.0,115,45
23142206.0,115,47
23142441.0,113,48
23142502.0,102,53
23142523.0,37,95
23142582.0,115,52
23142588.0,115,44
23142623.0,104,47
23142684.0,113,50
23142706.0,110,48
23142789.0,105,47
23142842.0,106,50
23142850.0,109,46
23142888.0,116,51
23142914.0,108,48
23143118.0,112,46
23143197.0,108,68
23143237.0,116,49
23143288.0,102,54
23143436.0,114,53
23143648.0,106,51
23143691.0,110,51
23143699.0,108,66
23143728.0,111,48
23143912.0,102,52
23143940.0,114,49
23144034.0,106,48
23144082.0,117,50
23144165.0,117,48
23144217.0,106,46
23144246.0,107,49
23144296.0,114,47
23144326.0,115,51
23144338.0,113,49
23144423.0,110,50
23144424.0,109,47
23144459.0,114,44
23144553.0,110,45
23144636.0,115,48
23144740.0,117,47
23144756.0,105,51
23144759.0,108,65
23144791.0,115,46
23144873.0,113,56
23144933.0,112,48
23144955.0,86,89
23144966.0,113,44
23145026.0,108,48
23145044.0,107,50
23145055.0,108,59
23145060.0,106,47
23145093.0,54,56
23145108.0,105,45
23145189.0,116,50
23145191.0,116,52
23145205.0,103,52
23145215.0,118,52
23145222.0,116,47
23145241.0,116,45
23145284.0,110,46
23145305.0,114,48
23145390.0,106,49
23145454.0,106,50
23145527.0,110,59
23145896.0,85,89
23145951.0,104,48
23145974.0,106,46
23146006.0,108,49
23146061.0,111,49
23146086.0,111,59
23146148.0,111,45
23146205.0,113,50
23146209.0,105,46
23146216.0,104,49
23146273.0,117,49
23146313.0,110,50
23146325.0,103,51
23146417.0,106,45
23146452.0,114,50
23146544.0,111,49
23146649.0,112,47
23146753.0,116,54
23146795.0,115,44
23146833.0,111,48
23146882.0,115,52
23146968.0,109,50
23147009.0,89,82
23147091.0,115,47
23147127.0,116,46
23147143.0,111,52
23147150.0,109,48
23147192.0,115,49
23147256.0,83,95
23147347.0,90,83
23147492.0,107,47
23147512.0,114,49
23147765.0,116,51
23147822.0,117,51
23147901.0,105,46
23147974.0,109,51
23147977.0,116,48
23148114.0,107,50
23148119.0,110,47
23148188.0,107,46
23148245.0,107,48
23148248.0,115,53
23148392.0,105,47
23148563.0,110,47
23148603.0,107,47
23148737.0,109,48
23148833.0,113,50
23148935.0,112,53
23149032.0,107,51
23149105.0,117,47
23149419.0,118,51
23149463.0,114,51
23149479.0,117,50
23149656.0,115,50
23149713.0,111,46
23149717.0,116,55
23149763.0,103,52
23149764.0,103,55
23149861.0,104,50
23149919.0,111,49
23149976.0,109,49
23149979.0,112,45
23150022.0,114,54
23150025.0,118,49
23150081.0,103,50
23150107.0,106,51
23150122.0,118,53
23150192.0,114,50
23150206.0,88,91
23150429.0,106,49
23150697.0,112,46
23150709.0,115,53
23150761.0,116,47
23150777.0,114,53
23150802.0,110,47
23150864.0,117,46
23150880.0,110,48
23150907.0,117,52
23150941.0,108,50
23150945.0,116,49
23151102.0,110,47
23151120.0,115,49
23151172.0,103,54
23151273.0,116,52
23151321.0,114,55
23151450.0,117,51
23151472.0,119,52
23151541.0,117,45
23151571.0,107,46
23151644.0,113,45
23151868.0,111,47
23152071.0,118,50
23152249.0,112,58
23152260.0,115,56
23152268.0,108,51
23152407.0,93,77
23152521.0,116,45
23152578.0,106,46
23152687.0,117,48
23152704.0,110,63
23152706.0,107,49
23152907.0,108,49
23152946.0,114,47
23153032.0,107,50
23153046.0,114,50
23153187.0,117,47
23153314.0,109,50
23153343.0,112,50
23153444.0,116,48
23153467.0,115,51
23153479.0,114,51
23153524.0,106,46
23153593.0,105,47
23153708.0,105,48
23153731.0,117,49
23153748.0,112,46
23153867.0,107,51
23153871.0,118,48
23154009.0,119,49
23154059.0,106,46
23154072.0,117,45
23154134.0,110,49
23154234.0,116,50
23154283.0,115,45
23154299.0,108,46
23154511.0,108,48
23154540.0,113,46
23154788.0,107,50
23154880.0,109,49
23154885.0,117,49
23154915.0,115,50
23154927.0,117,52
23155039.0,118,52
23155086.0,108,50
23155142.0,111,48
23155164.0,109,50
23155165.0,115,50
23155266.0,105,49
23155297.0,112,47
23155326.0,106,47
23155455.0,116,53
23155463.0,114,45
23155478.0,116,49
23155569.0,115,45
23155997.0,118,54
23156049.0,118,51
23156316.0,108,48
23156549.0,118,46
23156744.0,107,47
23156967.0,119,50
23157026.0,119,52
23157061.0,111,59
23157106.0,113,47
23157293.0,114,46
23157342.0,118,49
23157380.0,115,52
23157381.0,117,50
23157597.0,115,53
23157646.0,104,51
23157651.0,108,46
23157670.0,116,51
23157714.0,115,51
23157728.0,113,47
23157760.0,108,47
23157913.0,114,51
23157929.0,119,52
23157932.0,108,51
23157996.0,117,48
23158039.0,109,50
23158126.0,108,49
23158302.0,111,58
23158406.0,113,50
23158445.0,117,55
23158488.0,109,51
23158553.0,118,49
23158700.0,115,48
23158724.0,116,50
23158777.0,118,52
23158836.0,117,53
23158961.0,117,46
23158977.0,118,53
23159145.0,118,55
23159151.0,107,46
23159185.0,104,52
23159239.0,112,51
23159432.0,119,51
23159490.0,114,47
23159587.0,113,48
23159787.0,117,49
23159857.0,108,49
23160011.0,115,46
23160146.0,114,47
23160260.0,116,53
23160270.0,118,48
23160432.0,119,47
23160467.0,117,56
23160855.0,113,48
23160950.0,107,48
23161019.0,106,48
23161085.0,105,49
23161289.0,118,46
23161368.0,111,51
23161378.0,116,52
23161457.0,116,51
23161559.0,109,47
23161780.0,105,50
23161814.0,120,50
23161955.0,109,48
23162155.0,107,47
23162217.0,117,51
23162332.0,109,46
23162356.0,119,48
23162478.0,117,50
23162544.0,113,51
23162665.0,108,51
23162721.0,116,52
23162796.0,112,49
23162845.0,118,50
23162924.0,115,47
23162968.0,107,50
23163114.0,103,58
23163211.0,118,49
23163267.0,115,52
23163482.0,114,48
23163893.0,118,53
23163944.0,115,48
23163984.0,118,47
23163993.0,116,47
23164004.0,111,50
23164021.0,117,54
23164442.0,108,50
23164739.0,119,52
23164785.0,119,53
23164802.0,106,49
23164817.0,109,61
23164859.0,107,49
23165333.0,1,16
23165336.0,119,55
23165354.0,115,48
23165367.0,113,49
23165370.0,114,48
23165416.0,118,51
23165514.0,118,54
23165595.0,119,55
23165762.0,104,52
23165893.0,119,50
23165970.0,116,47
23166218.0,117,51
23166234.0,108,46
23166278.0,109,51
23166401.0,109,49
23166521.0,119,47
23166548.0,108,49
23166732.0,119,49
23166857.0,118,50
23166994.0,108,51
23167089.0,115,48
23167287.0,105,51
23167482.0,109,47
23167729.0,117,52
23167830.0,109,46
23167851.0,109,48
23168146.0,104,51
23168386.0,108,48
23168410.0,119,53
23168661.0,120,53
23168677.0,105,52
23168829.0,107,51
23168870.0,107,48
23169038.0,118,54
23169182.0,102,57
23169615.0,110,47
23169691.0,120,49
23169885.0,116,47
23169940.0,102,57
23169953.0,119,55
23170010.0,119,51
23170019.0,60,64
23170072.0,121,51
23170473.0,119,50
23170521.0,39,118
23170628.0,108,51
23170685.0,109,51
23171021.0,116,48
23171244.0,108,50
23171441.0,109,50
23172022.0,120,52
23172138.0,109,46
23172281.0,107,49
23172530.0,118,52
23172595.0,118,51
23173110.0,109,49
23173125.0,117,53
23173615.0,115,48
23173707.0,109,48
23173786.0,102,68
23174256.0,106,50
23174442.0,117,47
23174512.0,120,48
23174968.0,120,50
23175075.0,92,88
23175111.0,118,47
23175126.0,121,52
23175548.0,120,51
23175743.0,92,87
23176159.0,105,50
23176315.0,119,51
23176749.0,118,52
23177138.0,115,49
23177369.0,107,49
23177579.0,73,66
23177725.0,108,47
23177775.0,111,51
23178056.0,109,50
23178484.0,110,49
23178505.0,116,49
23178616.0,85,92
23178989.0,110,48
23178994.0,100,87
23179237.0,100,87
23180205.0,118,48
23180873.0,89,86
23181160.0,88,85
23181318.0,120,49
23181629.0,117,49
23181737.0,117,53
23182063.0,90,81
23182696.0,76,97
23183094.0,86,89
23183205.0,110,47
23183222.0,108,48
23183229.0,103,58
23183481.0,117,52
23183492.0,119,52
23184471.0,111,47
23184814.0,83,106
23185249.0,96,85
23186050.0,104,54
23189172.0,112,67
23189992.0,89,56
23190979.0,83,109
23192746.0,44,119
23197032.0,109,60
23197099.0,83,100
23197260.0,109,61
23197896.0,108,61
23198352.0,83,102
23198598.0,83,102
23199594.0,94,74
23201646.0,83,107
23202465.0,121,51
23206371.0,122,50
23207764.0,88,84
23208186.0,84,91
23208345.0,107,49
23208844.0,119,49
23208881.0,117,50
23209708.0,111,47
23211761.0,118,56
23212131.0,109,50
23212200.0,120,49
23212286.0,110,47
23212566.0,110,48
23212634.0,105,51
23213111.0,119,48
23213466.0,119,55
23213511.0,109,51
23213955.0,110,51
23214357.0,119,49
23214389.0,108,47
23214432.0,118,49
23215014.0,87,86
23215045.0,104,55
23215427.0,86,85
23215659.0,120,51
23215660.0,107,49
23215984.0,121,50
23216049.0,108,48
23216278.0,110,48
23216441.0,121,49
23216918.0,104,54
23216970.0,116,48
23217002.0,109,51
23217206.0,88,54
23217227.0,119,52
23217536.0,103,55
23217640.0,120,50
23218010.0,108,51
23218246.0,120,53
23218454.0,7,62
23218465.0,119,54
23218627.0,104,52
23218976.0,119,52
23219036.0,24,104
23219667.0,107,48
23219783.0,120,51
23219802.0,120,50
23219896.0,103,56
23220834.0,104,53
23221122.0,113,58
23221174.0,103,55
23221295.0,118,48
23221555.0,106,49
23221679.0,105,50
23221963.0,112,59
23222196.0,117,56
23222200.0,109,48
23222359.0,119,54
23222522.0,108,50
23223125.0,104,51
23223241.0,119,52
23223301.0,109,47
23223374.0,105,52
23223592.0,119,48
23223735.0,115,48
23223778.0,118,48
23224090.0,118,55
23224111.0,117,55
23224158.0,108,51
23224169.0,114,48
23224351.0,105,50
23224588.0,107,51
23224658.0,118,52
23224739.0,116,54
23224745.0,119,51
23224822.0,109,48
23224911.0,113,49
23224950.0,103,53
23225103.0,116,49
23225620.0,111,50
23225674.0,118,52
23225765.0,115,52
23225980.0,119,50
23226028.0,104,51
23226041.0,119,53
23226070.0,113,52
23226182.0,106,48
23226448.0,104,52
23226538.0,118,54
23226551.0,119,49
23226573.0,105,50
23226832.0,117,53
23227289.0,116,54
23227905.0,108,48
23227923.0,108,49
23227945.0,108,62
23228037.0,102,58
23228055.0,119,54
23228079.0,109,63
23228082.0,105,49
23228089.0,108,49
23228280.0,102,59
23228370.0,110,63
23228494.0,106,48
23228570.0,108,46
23228619.0,108,51
23228687.0,109,51
23228868.0,108,61
23229035.0,108,50
23229077.0,110,60
23229205.0,107,74
23229356.0,108,49
23229647.0,107,50
23229851.0,103,70
23229888.0,119,48
23229926.0,118,51
23230021.0,109,63
23230316.0,105,49
23230359.0,104,55
23230900.0,117,47
23230939.0,109,50
23230984.0,110,50
23231302.0,104,71
23231378.0,103,57
23231474.0,108,66
23231566.0,114,47
23231570.0,115,51
23231625.0,114,52
23231701.0,117,55
23231715.0,104,50
23231736.0,106,47
23231928.0,102,57
23232099.0,108,47
23232107.0,108,46
23232117.0,117,52
23232129.0,113,52
23232190.0,111,49
23232219.0,116,56
23232257.0,113,52
23232265.0,114,48
23232462.0,108,48
23232540.0,68,55
23232587.0,113,53
23232760.0,107,51
23232834.0,102,55
23233038.0,97,74
23233354.0,116,53
23233360.0,119,49
23233392.0,118,53
23233702.0,102,56
23233836.0,102,58
23233909.0,107,49
23234026.0,103,51
23234103.0,104,54
23234117.0,52,58
23234148.0,118,50
23234162.0,112,58
23234443.0,112,58
23234758.0,118,54
23234787.0,110,49
23234814.0,104,53
23235149.0,108,50
23235232.0,117,51
23235322.0,104,52
23235414.0,114,51
23235547.0,110,49
23235595.0,118,50
23235889.0,118,53
23236080.0,117,54
23236218.0,117,51
23236262.0,114,52
23236272.0,118,49
23236297.0,104,49
23236353.0,114,46
23236466.0,116,55
23236469.0,115,56
23236520.0,103,53
23236557.0,102,53
23236678.0,116,53
23236797.0,110,71
23237597.0,116,52
23237671.0,107,49
23237848.0,101,57
23238010.0,106,50
23238063.0,107,46
23238158.0,117,48
23238257.0,117,54
23238813.0,117,46
23238852.0,112,58
23238961.0,107,51
23238973.0,102,57
23238989.0,116,55
23239023.0,107,48
23239037.0,110,49
23239329.0,112,52
23239516.0,106,51
23239765.0,102,56
23239766.0,107,47
23239992.0,109,70
23240051.0,110,71
23240135.0,104,48
23240202.0,116,46
23240307.0,117,51
23240385.0,104,49
23240601.0,103,52
23240692.0,117,50
23240948.0,102,53
23241053.0,112,51
23241087.0,115,46
23241106.0,100,64
23241235.0,117,47
23241275.0,107,64
23241314.0,101,61
23241435.0,105,48
23241586.0,116,54
23241624.0,108,50
23241836.0,114,47
23241897.0,107,62
23242164.0,115,54
23242254.0,118,52
23242416.0,116,51
23242459.0,115,49
23242619.0,106,49
23242697.0,109,60
23242754.0,107,50
23242922.0,106,50
23242953.0,117,50
23243004.0,106,51
23243059.0,117,49
23243112.0,116,52
23243178.0,117,46
23243434.0,116,52
23243514.0,116,54
23243796.0,110,59
23243872.0,117,53
23243932.0,110,48
23243948.0,113,54
23243983.0,112,46
23243994.0,109,49
23244021.0,103,49
23244174.0,106,46
23244211.0,115,56
23244365.0,115,52
23244408.0,112,57
23244715.0,101,58
23244856.0,104,47
23244933.0,113,57
23244936.0,114,47
23244965.0,108,49
23245043.0,116,47
23245074.0,102,54
23245308.0,116,50
23245347.0,102,52
23245352.0,115,48
23245369.0,108,64
23245486.0,107,50
23245559.0,110,51
23245645.0,117,48
23245811.0,117,52
23245888.0,101,56
23245952.0,117,49
23245987.0,112,52
23246081.0,109,48
23246086.0,115,55
23246142.0,101,54
23246197.0,105,50
23246510.0,112,51
23246533.0,106,47
23246567.0,114,49
23246587.0,102,59
23246643.0,102,51
23247081.0,108,49
23247182.0,116,53
23247231.0,112,51
23247259.0,110,47
23247302.0,105,51
23247305.0,113,53
23247362.0,115,48
23247407.0,87,87
23247431.0,109,69
23247525.0,116,50
23247554.0,101,53
23247582.0,113,53
23247592.0,109,48
23247636.0,115,51
23247644.0,101,55
23247743.0,109,46
23248082.0,115,52
23248116.0,107,67
23248539.0,115,47
23248558.0,106,50
23248670.0,116,49
23248711.0,111,46
23248801.0,114,54
23248850.0,109,70
23249124.0,105,50
23249133.0,114,48
23249168.0,112,47
23249206.0,110,47
23249384.0,105,51
23249591.0,114,49
23249598.0,112,45
23249618.0,114,52
23249756.0,115,54
23249877.0,115,50
23249890.0,107,69
23249900.0,105,49
23249911.0,115,47
23250015.0,105,46
23250106.0,116,53
23250179.0,113,49
23250210.0,105,48
23250471.0,111,54
23250472.0,107,49
23250526.0,104,47
23250543.0,116,49
23250562.0,108,62
23250642.0,110,58
23250811.0,101,53
23250876.0,108,48
23250912.0,109,59
23250938.0,109,60
23250942.0,103,47
23250987.0,101,52
23251204.0,110,52
23251214.0,106,50
23251215.0,116,52
23251218.0,101,54
23251283.0,114,55
23251314.0,115,50
23251321.0,115,46
23251484.0,113,45
23251503.0,109,47
23251522.0,111,45
23251707.0,111,48
23251709.0,111,57
23251728.0,102,48
23251934.0,114,47
23251960.0,115,54
23252101.0,114,48
23252176.0,102,54
23252179.0,111,51
23252200.0,112,53
23252281.0,108,49
23252350.0,110,59
23252360.0,105,47
23252481.0,105,48
23252502.0,106,74
23252517.0,103,48
23252517.0,110,46
23252758.0,101,51
23252796.0,115,46
23252822.0,108,60
23252913.0,95,81
23252972.0,103,47
23253042.0,114,51
23253103.0,116,54
23253221.0,102,49
23253234.0,113,48
23253252.0,112,56
23253276.0,114,55
23253708.0,102,49
23253786.0,115,49
23253917.0,104,50
23253955.0,116,55
23253992.0,107,65
23254123.0,100,56
23254164.0,103,46
23254302.0,97,74
23254446.0,111,45
23254465.0,113,52
23254483.0,102,48
23254485.0,105,72
23254551.0,116,51
23254927.0,105,50
23254969.0,103,46
23254990.0,110,45
23255054.0,113,49
23255112.0,102,47
23255275.0,108,48
23255306.0,101,59
23255341.0,104,46
23255376.0,104,49
23255378.0,114,46
23255407.0,100,54
23255516.0,109,46
23255555.0,107,48
23255621.0,108,69
23255789.0,104,51
23255790.0,106,49
23255902.0,101,60
23255916.0,113,47
23255919.0,115,53
23255955.0,108,47
23256005.0,114,52
23256050.0,114,50
23256135.0,101,51
23256244.0,110,51
23256277.0,111,50
23256411.0,113,55
23256413.0,104,47
23256555.0,115,52
23256609.0,101,58
23256641.0,113,47
23256764.0,102,47
23256843.0,107,60
23256889.0,110,60
23256897.0,113,45
23256953.0,110,45
23257066.0,100,53
23257068.0,104,48
23257119.0,111,53
23257163.0,111,56
23257276.0,111,59
23257362.0,112,49
23257386.0,108,59
23257412.0,101,50
23257468.0,110,58
23257486.0,114,45
23257504.0,99,87
23257565.0,110,60
23257570.0,111,59
23257688.0,100,52
23257764.0,103,51
23257865.0,107,64
23257947.0,114,51
23257953.0,102,51
23258102.0,105,50
23258116.0,93,88
23258256.0,101,49
23258368.0,68,59
23258383.0,100,58
23258542.0,113,51
23258559.0,102,46
23258894.0,110,52
23258923.0,111,44
23258940.0,110,57
23259055.0,115,52
23259068.0,109,51
23259185.0,107,48
23259196.0,111,49
23259227.0,113,46
23259435.0,111,50
23259437.0,109,58
23259551.0,110,53
23259647.0,93,89
23259674.0,110,51
23259811.0,114,53
23259901.0,8,13
23259903.0,94,89
23259955.0,103,46
23260012.0,106,61
23260045.0,107,47
23260258.0,7,13
23260414.0,107,62
23260524.0,113,52
23260539.0,110,50
23260562.0,110,44
23260594.0,106,48
23260635.0,115,51
23260711.0,109,45
23260738.0,104,50
23260754.0,100,54
23260922.0,114,49
23260981.0,108,64
23261166.0,68,51
23261169.0,95,89
23261180.0,113,50
23261270.0,114,48
23261348.0,105,49
23261361.0,7,13
23261372.0,108,48
23261553.0,113,47
23261630.0,112,53
23261666.0,104,51
23261749.0,103,49
23261779.0,111,49
23261882.0,106,63
23261893.0,100,56
23261895.0,99,55
23261902.0,110,49
23261921.0,113,54
23261962.0,114,52
23262011.0,114,46
23262134.0,101,70
23262236.0,103,51
23262282.0,111,52
23262320.0,101,47
23262368.0,88,87
23262370.0,88,90
23262411.0,113,51
23262465.0,114,51
23262481.0,109,51
23262541.0,103,72
23262584.0,101,50
23262595.0,101,71
23262614.0,114,47
23262678.0,88,87
23262747.0,110,56
23262753.0,113,49
23262762.0,103,48
23262779.0,113,45
23262815.0,103,46
23262843.0,102,72
23263034.0,112,46
23263222.0,100,50
23263229.0,109,58
23263267.0,103,46
23263458.0,114,52
23263504.0,99,54
23263546.0,112,51
23263725.0,109,47
23263747.0,107,60
23263806.0,101,46
23263849.0,103,46
23263931.0,95,82
23263970.0,102,51
23263974.0,111,53
23264012.0,114,48
23264012.0,110,53
23264108.0,101,56
23264288.0,111,55
23264321.0,106,67
23264332.0,107,60
23264379.0,104,50
23264392.0,111,47
23264439.0,107,47
23264454.0,113,53
23264463.0,107,46
23264468.0,100,53
23264697.0,106,66
23264762.0,105,48
23264932.0,108,58
23264944.0,109,57
23264968.0,108,60
23264977.0,110,50
23265160.0,99,53
23265244.0,113,48
23265270.0,110,49
23265327.0,111,49
23265422.0,101,46
23265482.0,108,45
23265488.0,106,47
23265508.0,100,52
23265539.0,102,74
23265545.0,111,48
23265572.0,111,47
23265622.0,102,50
23265704.0,102,46
23265850.0,107,66
23265943.0,109,46
23265972.0,109,50
23265987.0,109,53
23266068.0,110,56
23266193.0,108,51
23266326.0,100,49
23266350.0,107,48
23266365.0,99,51
23266462.0,100,51
23266471.0,110,53
23266487.0,100,54
23266527.0,99,52
23266547.0,104,49
23266624.0,102,49
23266800.0,112,45
23266827.0,99,55
23266833.0,70,59
23266843.0,110,52
23266862.0,105,48
23266883.0,102,58
23266939.0,100,61
23266989.0,111,47
23267030.0,109,57
23267118.0,111,55
23267136.0,108,44
23267232.0,113,52
23267250.0,103,50
23267264.0,113,47
23267315.0,109,72
23267336.0,100,47
23267551.0,110,48
23267634.0,111,46
23267684.0,99,51
23267706.0,112,55
23267746.0,99,60
23267791.0,100,48
23267865.0,106,63
23267882.0,110,48
23267910.0,103,51
23267966.0,111,47
23267984.0,105,62
23268004.0,110,49
23268081.0,100,47
23268299.0,110,47
23268375.0,106,64
23268379.0,111,51
23268385.0,102,51
23268441.0,99,59
23268449.0,112,50
23268502.0,98,55
23268602.0,107,45
23268607.0,99,50
23268723.0,100,50
23268769.0,112,50
23268775.0,109,49
23268887.0,99,54
23268947.0,106,46
23269069.0,99,49
23269129.0,105,47
23269209.0,107,45
23269220.0,98,56
23269505.0,109,50
23269674.0,110,51
23269679.0,100,46
23269722.0,111,52
23269733.0,113,51
23269804.0,109,51
23269888.0,107,63
23270010.0,108,44
23270028.0,107,45
23270041.0,68,61
23270102.0,107,44
23270125.0,104,48
23270231.0,108,51
23270256.0,99,58
23270360.0,68,61
23270366.0,107,59
23270383.0,101,46
23270420.0,101,50
23270426.0,113,52
23270597.0,109,44
23270612.0,101,51
23270671.0,108,50
23270678.0,110,44
23270680.0,101,50
23270703.0,99,51
23270708.0,111,50
23270713.0,99,50
23270771.0,109,44
23270781.0,109,56
23270799.0,100,57
23270826.0,98,54
23271020.0,114,50
23271131.0,101,50
23271132.0,107,51
23271164.0,108,57
23271321.0,111,44
23271324.0,110,55
23271335.0,98,53
23271342.0,100,70
23271388.0,99,49
23271420.0,111,51
23271512.0,109,49
23271577.0,110,46
23271583.0,111,45
23271637.0,109,52
23271657.0,106,60
23271678.0,106,45
23271708.0,107,64
23271777.0,98,57
23271934.0,111,46
23271937.0,98,52
23271940.0,106,46
23271940.0,105,73
23271970.0,105,62
23272024.0,99,52
23272041.0,108,49
23272117.0,70,56
23272202.0,114,53
23272247.0,111,49
23272282.0,104,49
23272405.0,99,53
23272522.0,107,44
23272533.0,98,55
23272637.0,104,48
23272733.0,106,65
23272771.0,113,51
23272775.0,102,50
23272786.0,109,47
23272808.0,110,47
23272920.0,99,48
23272947.0,103,49
23272962.0,105,63
23272966.0,105,46
23273493.0,99,47
23273571.0,108,50
23273705.0,101,49
23273751.0,110,45
23273766.0,98,56
23273807.0,106,50
23273828.0,112,47
23273859.0,98,51
23273978.0,112,50
23274097.0,99,56
23274234.0,101,51
23274248.0,101,48
23274278.0,102,51
23274327.0,107,67
23274360.0,109,48
23274417.0,108,47
23274446.0,111,50
23274461.0,107,58
23274463.0,67,63
23274541.0,99,49
23274562.0,110,46
23274646.0,112,49
23274649.0,109,46
23274682.0,103,48
23274733.0,112,51
23274871.0,100,46
23274897.0,88,82
23274997.0,62,57
23275166.0,99,46
23275183.0,99,61
23275189.0,102,50
23275281.0,98,50
23275360.0,110,54
23275403.0,107,51
23275404.0,110,50
23275416.0,104,47
23275430.0,100,52
23275470.0,99,54
23275483.0,109,51
23275600.0,108,45
23275655.0,84,72
23275667.0,110,46
23275705.0,111,46
23275711.0,107,50
23275717.0,104,46
23275875.0,109,55
23275882.0,105,45
23275954.0,76,115
23276143.0,104,50
23276310.0,107,59
23276382.0,108,48
23276438.0,111,53
23276479.0,98,60
23276543.0,106,59
23276571.0,98,49
23276625.0,100,51
23276640.0,107,60
23276663.0,97,53
23276692.0,107,59
23276781.0,111,47
23276925.0,106,51
23276942.0,105,67
23276954.0,100,47
23277006.0,45,118
23277025.0,106,69
23277028.0,109,47
23277085.0,111,48
23277108.0,100,48
23277112.0,98,58
23277199.0,111,49
23277244.0,107,59
23277260.0,107,60
23277284.0,110,49
23277300.0,108,47
23277362.0,103,47
23277388.0,100,50
23277446.0,107,49
23277453.0,107,60
23277555.0,98,48
23277576.0,107,59
23277847.0,97,52
23277847.0,104,46
23277862.0,101,52
23277872.0,72,121
23278101.0,98,50
23278146.0,107,50
23278149.0,98,54
23278166.0,108,49
23278199.0,45,118
23278221.0,108,48
23278414.0,110,44
23278542.0,102,48
23278677.0,110,44
23278722.0,98,55
23278790.0,109,55
23278799.0,97,53
23278821.0,105,64
23278831.0,101,50
23278910.0,107,58
23278992.0,108,52
23279006.0,109,46
23279028.0,108,46
23279048.0,100,49
23279076.0,109,51
23279101.0,109,55
23279149.0,107,58
23279193.0,110,54
23279254.0,106,65
23279327.0,97,56
23279408.0,109,51
23279411.0,105,66
23279445.0,106,59
23279483.0,108,55
23279500.0,109,44
23279581.0,110,50
23279656.0,105,60
23279660.0,109,54
23279672.0,111,49
23279728.0,98,47
23279734.0,104,45
23279768.0,100,51
23279768.0,55,59
23279773.0,98,46
23279797.0,98,51
23279817.0,102,48
23279839.0,106,50
23279892.0,108,48
23279971.0,97,51
23280009.0,107,57
23280016.0,108,51
23280017.0,97,57
23280032.0,110,48
23280164.0,110,45
23280169.0,104,62
23280182.0,101,51
23280340.0,98,48
23280361.0,107,48
23280435.0,110,53
23280449.0,109,52
23280479.0,100,52
23280489.0,97,52
23280765.0,105,46
23280923.0,110,47
23280955.0,110,49
23280989.0,106,51
23280999.0,103,46
23281028.0,107,47
23281032.0,99,52
23281041.0,96,74
23281057.0,53,60
23281072.0,109,50
23281107.0,98,52
23281147.0,97,55
23281215.0,109,43
23281283.0,97,50
23281370.0,87,87
23281427.0,108,47
23281428.0,108,52
23281438.0,97,54
23281442.0,53,60
23281516.0,108,77
23281522.0,105,61
23281650.0,105,63
23281660.0,104,48
23281684.0,97,49
23281720.0,108,75
23281734.0,105,51
23281762.0,99,50
23281785.0,99,47
23281789.0,103,50
23281821.0,99,51
23281856.0,110,46
23281982.0,102,47
23282057.0,109,46
23282069.0,109,51
23282079.0,109,49
23282096.0,108,46
23282132.0,104,63
23282159.0,106,64
23282167.0,101,50
23282208.0,107,53
23282228.0,106,49
23282276.0,111,49
23282308.0,104,44
23282389.0,100,58
23282417.0,98,60
23282430.0,107,47
23282525.0,97,48
23282575.0,88,87
23282654.0,98,46
23282659.0,107,52
23282757.0,107,56
23282857.0,109,54
23283002.0,108,43
23283059.0,96,54
23283062.0,108,51
23283088.0,107,48
23283156.0,107,46
23283172.0,110,44
23283229.0,109,50
23283243.0,106,50
23283269.0,99,49
23283284.0,109,54
23283284.0,95,88
23283287.0,104,50
23283425.0,110,52
23283469.0,108,44
23283473.0,100,50
23283484.0,101,48
23283516.0,110,49
23283544.0,107,43
23283551.0,99,48
23283709.0,108,51
23283750.0,108,53
23283759.0,103,45
23283797.0,96,56
23283934.0,106,58
23283995.0,61,58
23284037.0,96,55
23284045.0,111,50
23284060.0,97,58
23284212.0,104,61
23284305.0,97,47
23284337.0,108,50
23284389.0,109,48
23284395.0,108,46
23284400.0,105,51
23284408.0,102,46
23284448.0,75,58
23284504.0,105,47
23284515.0,98,58
23284522.0,96,53
23284801.0,96,51
23285006.0,75,58
23285092.0,97,59
23285123.0,107,47
23285139.0,98,47
23285165.0,104,46
23285246.0,107,51
23285454.0,109,46
23285477.0,109,49
23285486.0,109,53
23285489.0,108,49
23285520.0,105,50
23285523.0,108,51
23285525.0,74,57
23285531.0,96,52
23285531.0,106,43
23285593.0,96,51
23285709.0,100,49
23285780.0,96,50
23285781.0,94,77
23285847.0,97,60
23285912.0,95,76
23285970.0,107,45
23286005.0,106,62
23286031.0,75,58
23286063.0,108,71
23286093.0,105,43
23286116.0,109,47
23286186.0,104,43
23286286.0,106,48
23286290.0,107,43
23286308.0,96,49
23286314.0,108,54
23286361.0,97,48
23286377.0,107,55
23286417.0,106,52
23286481.0,96,47
23286545.0,106,49
23286550.0,107,52
23286571.0,98,48
23286579.0,109,49
23286608.0,107,56
23286630.0,96,48
23286648.0,67,62
23286656.0,106,48
23286660.0,100,50
23286683.0,96,58
23286741.0,98,52
23286858.0,106,57
23286867.0,98,50
23287015.0,98,59
23287090.0,106,47
23287095.0,101,72
23287198.0,105,49
23287251.0,98,51
23287269.0,107,46
23287275.0,100,51
23287310.0,107,51
23287322.0,103,44
23287506.0,96,47
23287567.0,102,50
23287611.0,105,60
23287657.0,106,46
23287747.0,99,73
23287755.0,101,60
23287792.0,96,50
23287793.0,106,53
23287799.0,105,65
23287839.0,95,84
23287880.0,106,58
23288059.0,108,48
23288122.0,105,48
23288277.0,100,49
23288303.0,96,57
23288348.0,105,50
23288349.0,68,56
23288403.0,89,85
23288413.0,108,50
23288419.0,105,57
23288422.0,110,49
23288428.0,104,51
23288447.0,86,88
23288507.0,109,52
23288556.0,96,49
23288678.0,110,50
23288767.0,103,43
23288774.0,107,50
23288799.0,96,48
23288836.0,106,43
23289010.0,108,53
23289015.0,105,59
23289025.0,97,55
23289030.0,110,50
23289121.0,96,55
23289247.0,107,50
23289259.0,97,47
23289298.0,107,44
23289318.0,108,47
23289322.0,100,48
23289385.0,104,50
23289473.0,107,47
23289473.0,107,54
23289504.0,107,51
23289597.0,106,58
23289607.0,99,50
23289616.0,98,49
23289622.0,104,50
23289626.0,104,67
23289634.0,110,50
23289643.0,105,43
23289651.0,104,64
23289694.0,106,56
23289697.0,95,53
23289716.0,96,56
23289731.0,107,45
23289733.0,109,46
23289776.0,102,46
23289810.0,98,56
23289825.0,104,43
23289846.0,106,47
23289848.0,104,60
23289864.0,107,50
23289915.0,98,52
23290081.0,97,48
23290118.0,109,48
23290140.0,107,50
23290156.0,101,46
23290194.0,97,57
23290228.0,109,46
23290237.0,107,46
23290259.0,105,58
23290274.0,104,68
23290280.0,103,62
23290294.0,95,50
23290414.0,95,52
23290420.0,108,46
23290487.0,106,43
23290488.0,105,43
23290518.0,95,54
23290527.0,104,51
23290540.0,106,51
23290651.0,109,51
23290656.0,105,66
23290683.0,102,43
23290726.0,104,50
23290749.0,107,51
23290791.0,103,75
23290883.0,105,47
23290963.0,105,52
23291086.0,95,51
23291207.0,95,50
23291228.0,101,45
23291258.0,106,46
23291295.0,98,67
23291304.0,100,47
23291340.0,105,46
23291378.0,99,62
23291412.0,104,63
23291428.0,108,49
23291483.0,106,55
23291501.0,96,54
23291513.0,95,54
23291612.0,105,74
23291615.0,38,89
23291663.0,107,49
23291732.0,102,44
23291741.0,106,50
23291776.0,97,49
23291840.0,106,44
23291932.0,104,49
23291943.0,106,43
23291962.0,107,49
23291968.0,95,49
23291997.0,100,50
23291997.0,106,46
23292066.0,104,50
23292203.0,108,48
23292204.0,106,57
23292266.0,104,43
23292269.0,97,50
23292309.0,95,53
23292326.0,97,48
23292340.0,96,53
23292348.0,106,52
23292394.0,99,50
23292494.0,105,48
23292661.0,95,47
23292719.0,107,48
23292726.0,99,48
23292764.0,97,52
23292790.0,99,51
23292803.0,105,64
23292808.0,97,48
23292812.0,95,52
23292872.0,104,74
23292986.0,105,58
23293003.0,104,48
23293012.0,106,48
23293048.0,95,57
23293068.0,97,51
23293120.0,95,48
23293132.0,107,54
23293155.0,105,64
23293227.0,108,73
23293230.0,108,48
23293258.0,103,51
23293265.0,106,64
23293277.0,103,73
23293319.0,95,55
23293333.0,95,49
23293337.0,107,45
23293342.0,100,55
23293354.0,109,48
23293367.0,97,60
23293431.0,102,43
23293434.0,105,57
23293436.0,106,55
23293464.0,96,47
23293497.0,98,51
23293503.0,96,83
23293518.0,103,43
23293550.0,110,44
23293556.0,109,49
23293579.0,101,49
23293596.0,97,48
23293641.0,104,59
23293667.0,106,45
23293676.0,109,50
23293897.0,107,50
23293994.0,104,69
23294066.0,102,50
23294353.0,111,43
23294395.0,97,48
23294445.0,104,43
23294452.0,105,49
23294463.0,97,50
23294718.0,108,74
23294731.0,106,49
23294744.0,107,49
23294752.0,99,49
23294834.0,107,47
23294839.0,106,48
23294870.0,98,50
23294889.0,95,58
23294915.0,105,56
23294921.0,107,53
23294923.0,106,51
23294925.0,94,48
23294974.0,107,46
23295011.0,106,50
23295051.0,105,51
23295126.0,96,48
23295246.0,99,47
23295248.0,105,43
23295259.0,105,47
23295360.0,103,50
23295393.0,101,44
23295445.0,103,61
23295562.0,108,52
23295565.0,108,49
23295571.0,96,48
23295597.0,105,50
23295609.0,106,54
23295636.0,101,49
23295636.0,103,50
23295677.0,104,49
23295690.0,98,85
23295728.0,105,44
23295739.0,38,90
23295759.0,104,47
23295793.0,104,46
23295797.0,95,51
23295888.0,103,51
23295934.0,104,52
23296017.0,99,46
23296022.0,94,49
23296055.0,111,44
23296086.0,94,48
23296102.0,98,49
23296112.0,94,51
23296132.0,104,52
23296216.0,94,52
23296315.0,96,49
23296331.0,104,47
23296338.0,105,57
23296349.0,101,47
23296405.0,107,53
23296438.0,109,52
23296558.0,101,43
23296663.0,104,48
23296667.0,105,52
23296709.0,94,53
23296730.0,95,83
23296750.0,105,45
23296768.0,108,51
23296856.0,98,49
23296864.0,107,48
23296874.0,105,56
23296888.0,105,46
23296918.0,94,49
23297012.0,107,53
23297028.0,100,50
23297191.0,97,51
23297227.0,109,52
23297250.0,106,50
23297290.0,96,57
23297299.0,103,49
23297303.0,105,56
23297363.0,101,73
23297443.0,104,45
23297506.0,96,50
23297542.0,100,72
23297687.0,103,48
23297694.0,107,52
23297698.0,102,46
23297727.0,95,48
23297803.0,95,55
23297874.0,102,43
23297893.0,106,48
23297948.0,95,47
23298018.0,105,55
23298064.0,108,53
23298135.0,96,51
23298188.0,94,50
23298190.0,59,55
23298200.0,103,50
23298221.0,102,43
23298255.0,101,43
23298277.0,106,47
23298304.0,96,52
23298326.0,106,45
23298337.0,103,43
23298360.0,108,48
23298370.0,107,70
23298406.0,104,59
23298413.0,108,49
23298439.0,104,58
23298460.0,100,44
23298525.0,101,46
23298560.0,94,56
23298587.0,98,48
23298608.0,94,54
23298707.0,96,58
23298714.0,102,51
23298730.0,108,50
23298746.0,59,55
23298774.0,106,46
23298797.0,100,73
23298869.0,101,46
23298871.0,98,51
23298874.0,103,63
23298974.0,105,56
23299027.0,94,51
23299076.0,96,53
23299139.0,104,56
23299146.0,95,56
23299207.0,106,46
23299318.0,109,56
23299332.0,106,53
23299338.0,95,59
23299339.0,107,48
23299367.0,102,50
23299370.0,104,43
23299442.0,106,54
23299489.0,95,57
23299494.0,19,2
23299501.0,94,57
23299509.0,94,52
23299520.0,103,49
23299555.0,96,59
23299565.0,94,55
23299569.0,99,47
23299577.0,93,49
23299595.0,101,57
23299597.0,101,49
23299700.0,107,49
23299813.0,101,47
23299939.0,100,67
23300010.0,93,48
23300031.0,106,48
23300070.0,107,51
23300082.0,97,50
23300185.0,105,49
23300197.0,96,60
23300213.0,100,48
23300270.0,105,50
23300274.0,36,99
23300296.0,103,64
23300303.0,107,52
23300421.0,104,57
23300423.0,100,43
23300467.0,93,49
23300486.0,105,48
23300498.0,98,52
23300516.0,104,51
23300577.0,103,67
23300674.0,100,48
23300764.0,104,52
23300801.0,104,47
23300884.0,97,62
23300943.0,93,51
23300968.0,102,49
23301048.0,104,65
23301101.0,93,50
23301132.0,95,49
23301136.0,100,50
23301151.0,93,53
23301177.0,107,51
23301202.0,103,46
23301205.0,103,52
23301228.0,104,44
23301336.0,98,46
23301337.0,99,61
23301351.0,99,44
23301425.0,100,46
23301512.0,104,50
23301554.0,104,45
23301585.0,102,50
23301718.0,95,50
23301752.0,93,52
23301760.0,103,48
23301827.0,97,49
23301853.0,93,49
23301856.0,106,70
23301899.0,93,54
23301939.0,105,55
23301942.0,105,54
23301990.0,106,48
23302002.0,105,50
23302006.0,97,48
23302025.0,101,43
23302121.0,101,51
23302183.0,102,43
23302247.0,96,51
23302349.0,104,46
23302371.0,101,73
23302448.0,99,49
23302449.0,91,80
23302601.0,100,60
23302654.0,103,43
23302665.0,94,48
23302672.0,103,64
23302703.0,106,49
23302739.0,105,45
23302795.0,93,78
23302966.0,102,48
23303070.0,106,52
23303135.0,104,56
23303139.0,95,51
23303184.0,93,55
23303234.0,107,50
23303242.0,104,55
23303278.0,107,48
23303299.0,95,52
23303342.0,105,46
23303349.0,107,49
23303371.0,103,68
23303422.0,106,53
23303465.0,52,119
23303484.0,92,48
23303544.0,99,48
23303545.0,106,48
23303575.0,101,43
23303641.0,53,57
23303694.0,92,49
23303776.0,51,119
23303862.0,105,54
23303914.0,103,59
23304002.0,97,51
23304015.0,105,47
23304017.0,103,46
23304128.0,94,56
23304131.0,94,49
23304152.0,89,88
23304159.0,105,49
23304302.0,97,71
23304322.0,105,53
23304382.0,92,48
23304384.0,99,49
23304423.0,51,119
23304434.0,98,72
23304436.0,103,44
23304463.0,93,53
23304475.0,102,49
23304604.0,102,60
23304647.0,51,119
23304717.0,100,43
23304720.0,92,49
23304742.0,103,60
23304814.0,101,50
23304869.0,102,47
23304895.0,93,50
23304930.0,102,60
23304966.0,98,44
23304982.0,93,57
23304987.0,96,50
23305024.0,94,55
23305089.0,96,51
23305091.0,104,48
23305095.0,101,49
23305099.0,102,51
23305112.0,102,61
23305119.0,94,49
23305139.0,104,51
23305194.0,105,51
23305195.0,102,46
23305203.0,104,49
23305233.0,93,51
23305270.0,95,53
23305291.0,102,43
23305333.0,103,57
23305442.0,101,50
23305471.0,98,45
23305475.0,93,56
23305559.0,92,51
23305634.0,102,45
23305640.0,97,46
23305711.0,96,61
23305830.0,96,52
23305835.0,102,48
23305923.0,101,48
23306065.0,93,54
23306082.0,91,86
23306129.0,92,50
23306164.0,102,44
23306178.0,101,43
23306181.0,106,51
23306220.0,93,48
23306284.0,103,50
23306341.0,98,50
23306374.0,94,50
23306424.0,55,53
23306444.0,104,54
23306478.0,91,84
23306509.0,103,45
23306521.0,101,50
23306532.0,103,52
23306565.0,94,58
23306589.0,95,53
23306607.0,102,52
23306614.0,94,51
23306626.0,97,61
23306641.0,104,45
23306721.0,102,43
23306728.0,105,53
23306817.0,103,58
23306867.0,92,53
23306875.0,104,47
23306892.0,92,55
23306937.0,96,49
23306944.0,105,52
23306999.0,55,53
23307121.0,105,53
23307220.0,104,46
23307285.0,98,57
23307302.0,105,48
23307357.0,100,43
23307360.0,94,57
23307438.0,95,51
23307450.0,102,47
23307548.0,97,60
23307562.0,92,52
23307677.0,94,52
23307704.0,101,47
23307725.0,94,59
23307877.0,106,50
23307879.0,103,57
23307931.0,100,51
23307944.0,92,54
23308017.0,99,43
23308028.0,93,49
23308075.0,91,49
23308079.0,96,48
23308190.0,94,50
23308203.0,102,45
23308305.0,106,49
23308325.0,92,48
23308538.0,94,51
23308539.0,101,46
23308557.0,107,49
23308634.0,102,46
23308702.0,95,52
23308727.0,103,56
23308740.0,106,48
23308791.0,104,53
23308808.0,69,56
23308812.0,93,59
23308816.0,91,49
23308825.0,104,49
23308960.0,91,50
23308999.0,99,44
23309026.0,93,58
23309080.0,92,53
23309099.0,107,49
23309137.0,100,45
23309165.0,100,43
23309225.0,98,44
23309237.0,69,53
23309240.0,99,49
23309331.0,94,53
23309494.0,102,63
23309589.0,96,47
23309629.0,95,50
23309631.0,93,49
23309659.0,95,59
23309680.0,91,50
23309706.0,103,49
23309837.0,96,62
23309859.0,105,51
23309872.0,92,51
23309877.0,91,51
23309895.0,108,66
23309902.0,101,45
23309923.0,100,50
23309928.0,95,51
23309937.0,107,49
23309948.0,95,60
23310048.0,92,57
23310103.0,92,56
23310229.0,104,48
23310231.0,95,49
23310268.0,95,48
23310271.0,103,55
23310276.0,107,49
23310327.0,102,45
23310374.0,93,50
23310404.0,99,45
23310455.0,102,65
23310486.0,99,44
23310584.0,91,52
23310645.0,96,46
23310660.0,103,55
23310692.0,103,45
23310825.0,101,43
23310883.0,92,54
23311056.0,101,52
23311120.0,103,51
23311255.0,99,51
23311390.0,100,48
23311452.0,96,45
23311458.0,100,49
23311483.0,93,56
23311517.0,100,50
23311524.0,103,50
23311543.0,92,49
23311548.0,91,51
23311694.0,107,74
23311696.0,101,46
23311950.0,102,52
23312038.0,96,87
23312063.0,102,50
23312080.0,103,46
23312084.0,89,84
23312149.0,98,45
23312239.0,101,44
23312260.0,91,53
23312348.0,101,45
23312391.0,97,48
23312407.0,98,46
23312412.0,104,48
23312416.0,98,44
23312450.0,103,54
23312458.0,99,43
23312488.0,91,54
23312639.0,93,51
23312645.0,90,50
23312650.0,103,66
23312669.0,93,57
23312673.0,92,58
23312725.0,96,44
23312740.0,102,58
23312792.0,98,44
23312849.0,94,51
23312933.0,100,43
23312947.0,93,51
23312962.0,100,47
23313095.0,95,47
23313112.0,104,52
23313176.0,94,53
23313336.0,93,60
23313354.0,102,49
23313374.0,104,54
23313398.0,99,51
23313402.0,94,51
23313426.0,103,49
23313437.0,97,59
23313472.0,100,46
23313488.0,95,51
23313502.0,90,50
23313509.0,98,50
23313516.0,96,51
23313529.0,91,52
23313562.0,103,50
23313606.0,97,46
23313647.0,100,45
23313667.0,102,45
23313699.0,90,49
23313709.0,91,54
23313771.0,101,45
23313869.0,101,47
23313896.0,110,49
23313930.0,94,50
23313968.0,99,49
23313988.0,104,49
23314026.0,103,53
23314086.0,102,68
23314109.0,103,68
23314147.0,99,50
23314156.0,94,52
23314179.0,91,55
23314201.0,93,53
23314212.0,105,48
23314242.0,100,48
23314257.0,105,49
23314264.0,102,57
23314318.0,104,68
23314397.0,101,61
23314429.0,92,57
23314443.0,92,56
23314445.0,101,64
23314494.0,100,44
23314522.0,99,44
23314612.0,102,51
23314658.0,91,49
23314719.0,94,61
23314737.0,102,48
23314780.0,90,51
23314822.0,80,96
23314823.0,98,47
23314826.0,93,51
23314881.0,98,45
23315003.0,93,51
23315010.0,92,55
23315012.0,102,56
23315054.0,102,55
23315098.0,104,51
23315128.0,92,50
23315131.0,91,53
23315175.0,101,62
23315207.0,91,49
23315244.0,90,52
23315327.0,100,47
23315444.0,99,51
23315497.0,91,56
23315590.0,92,51
23315702.0,94,49
23315718.0,91,55
23315752.0,94,80
23315782.0,91,49
23315821.0,97,46
23315883.0,102,58
23315914.0,95,80
23315941.0,96,80
23315954.0,100,45
23315961.0,99,50
23315972.0,95,49
23316058.0,99,69
23316131.0,91,49
23316143.0,93,54
23316151.0,101,51
23316156.0,101,50
23316158.0,101,63
23316220.0,96,80
23316231.0,90,49
23316240.0,90,53
23316242.0,90,51
23316275.0,98,72
23316289.0,94,48
23316365.0,99,47
23316373.0,104,50
23316395.0,89,50
23316446.0,99,46
23316478.0,96,50
23316518.0,103,56
23316536.0,95,62
23316540.0,102,50
23316593.0,98,51
23316598.0,95,44
23316605.0,103,48
23316773.0,93,53
23316776.0,91,54
23316885.0,91,49
23316919.0,94,49
23316993.0,102,59
23317029.0,103,52
23317072.0,102,54
23317128.0,99,44
23317135.0,96,49
23317156.0,91,57
23317162.0,94,58
23317173.0,98,43
23317196.0,94,79
23317236.0,92,52
23317243.0,93,60
23317250.0,103,52
23317254.0,91,49
23317275.0,92,58
23317309.0,94,47
23317486.0,101,52
23317500.0,100,52
23317520.0,92,52
23317539.0,90,49
23317544.0,89,50
23317570.0,102,47
23317602.0,99,45
23317769.0,90,52
23317770.0,90,54
23317793.0,91,50
23317805.0,96,51
23317808.0,97,47
23317818.0,100,49
23317846.0,90,49
23317852.0,96,47
23317887.0,104,48
23317924.0,92,59
23318062.0,100,46
23318131.0,93,54
23318135.0,94,46
23318142.0,95,47
23318169.0,92,51
23318172.0,93,57
23318181.0,96,47
23318181.0,99,51
23318245.0,102,55
23318249.0,104,49
23318275.0,96,50
23318450.0,89,51
23318475.0,91,58
23318476.0,93,49
23318523.0,101,45
23318560.0,102,49
23318627.0,93,51
23318629.0,101,59
23318634.0,92,52
23318643.0,67,51
23318682.0,102,62
23318721.0,102,53
23318773.0,90,53
23318796.0,98,49
23318810.0,99,43
23318933.0,98,50
23318983.0,101,51
23319075.0,93,52
23319155.0,95,79
23319173.0,93,50
23319202.0,92,57
23319221.0,96,49
23319260.0,101,48
23319298.0,90,55
23319335.0,102,62
23319349.0,90,56
23319379.0,90,54
23319380.0,97,50
23319384.0,91,59
23319453.0,99,47
23319547.0,93,59
23319563.0,101,57
23319565.0,101,47
23319568.0,103,51
23319579.0,102,54
23319585.0,107,75
23319617.0,96,44
23319622.0,101,58
23319638.0,88,50
23319649.0,101,66
23319667.0,102,48
23319695.0,89,51
23319734.0,92,60
23319746.0,92,53
23319935.0,101,49
23319943.0,95,51
23319951.0,101,47
23320085.0,99,73
23320124.0,91,51
23320177.0,93,49
23320191.0,90,50
23320260.0,103,50
23320273.0,101,49
23320295.0,98,46
23320317.0,100,45
23320330.0,103,48
23320436.0,94,44
23320471.0,98,47
23320496.0,101,56
23320502.0,102,53
23320540.0,95,50
23320545.0,90,55
23320598.0,92,54
23320648.0,95,48
23320726.0,100,51
23320779.0,89,52
23320784.0,98,50
23320804.0,101,50
23320822.0,101,55
23320825.0,102,64
23320849.0,91,55
23320914.0,95,47
23320941.0,100,61
23321015.0,88,50
23321083.0,92,56
23321093.0,93,46
23321103.0,95,49
23321108.0,94,62
23321139.0,100,52
23321161.0,89,53
23321171.0,95,48
23321281.0,101,64
23321287.0,93,58
23321319.0,99,48
23321441.0,95,44
23321453.0,98,44
23321501.0,102,47
23321522.0,90,50
23321531.0,96,61
23321584.0,69,47
23321601.0,96,44
23321612.0,98,45
23321648.0,98,51
23321661.0,68,48
23321664.0,91,56
23321719.0,90,57
23321727.0,92,52
23321766.0,100,45
23321811.0,95,48
23321836.0,100,50
23321849.0,92,53
23321887.0,98,61
23321916.0,91,52
23321949.0,69,47
23322044.0,92,50
23322217.0,95,50
23322219.0,100,64
23322286.0,102,52
23322305.0,99,52
23322360.0,93,48
23322420.0,93,45
23322444.0,89,52
23322446.0,100,63
23322470.0,94,65
23322475.0,88,51
23322544.0,88,50
23322555.0,92,55
23322699.0,101,50
23322710.0,89,53
23322731.0,100,49
23322740.0,99,45
23322740.0,95,60
23322743.0,98,49
23322763.0,92,52
23322794.0,102,49
23322800.0,95,45
23322805.0,92,51
23322833.0,95,49
23322842.0,92,54
23322852.0,90,51
23322876.0,89,50
23322891.0,107,72
23322929.0,90,54
23322930.0,100,45
23322988.0,97,50
23323033.0,99,65
23323070.0,103,48
23323105.0,91,53
23323106.0,92,53
23323154.0,91,58
23323161.0,95,47
23323162.0,97,51
23323190.0,90,56
23323208.0,97,44
23323216.0,92,50
23323249.0,98,47
23323274.0,95,48
23323279.0,97,49
23323279.0,92,49
23323316.0,100,48
23323336.0,93,53
23323348.0,95,45
23323400.0,107,72
23323416.0,88,52
23323427.0,88,51
23323457.0,91,53
23323512.0,103,47
23323561.0,97,49
23323646.0,55,53
23323736.0,95,58
23323809.0,101,57
23323868.0,99,46
23323903.0,100,51
23323914.0,101,53
23323915.0,100,46
23323940.0,90,58
23323943.0,101,48
23323948.0,97,49
23323997.0,90,51
23324037.0,101,55
23324048.0,89,55
23324066.0,98,45
23324106.0,91,53
23324126.0,99,51
23324140.0,97,49
23324161.0,97,47
23324201.0,101,59
23324217.0,93,51
23324230.0,101,67
23324368.0,91,53
23324400.0,97,51
23324452.0,97,48
23324454.0,101,46
23324473.0,99,46
23324536.0,88,52
23324556.0,100,60
23324592.0,94,44
23324597.0,89,54
23324632.0,97,44
23324664.0,101,60
23324703.0,88,50
23324710.0,101,67
23324749.0,96,44
23324781.0,98,50
23324784.0,91,59
23324833.0,97,46
23324839.0,93,46
23324843.0,94,51
23324849.0,99,44
23324879.0,97,45
23324890.0,91,54
23324901.0,98,48
23324916.0,93,50
23324927.0,92,48
23324936.0,92,60
23324941.0,101,46
23324984.0,94,49
23324999.0,100,52
23325022.0,96,50
23325037.0,93,45
23325043.0,88,53
23325090.0,93,49
23325110.0,102,69
23325119.0,92,50
23325134.0,88,50
23325183.0,92,46
23325212.0,98,46
23325221.0,94,48
23325272.0,101,67
23325275.0,94,49
23325305.0,87,51
23325319.0,100,57
23325329.0,94,47
23325358.0,95,44
23325363.0,90,57
23325397.0,89,55
23325431.0,98,52
23325438.0,92,51
23325522.0,92,55
23325522.0,93,49
23325543.0,100,50
23325543.0,95,72
23325556.0,89,51
23325565.0,93,61
23325619.0,90,52
23325679.0,92,58
23325754.0,99,45
23325769.0,101,49
23325771.0,67,119
23325809.0,89,56
23325810.0,94,64
23325813.0,94,61
23325951.0,96,47
23325959.0,93,49
23325984.0,88,50
23325994.0,88,53
23326005.0,99,50
23326051.0,101,53
23326120.0,95,50
23326135.0,87,51
23326151.0,89,54
23326162.0,97,50
23326164.0,92,52
23326173.0,97,48
23326179.0,101,48
23326242.0,93,49
23326245.0,94,50
23326277.0,98,45
23326293.0,88,50
23326452.0,91,57
23326502.0,102,50
23326507.0,94,45
23326520.0,103,49
23326554.0,101,47
23326585.0,99,52
23326600.0,102,49
23326796.0,87,52
23326807.0,94,50
23326811.0,89,57
23326831.0,99,48
23326896.0,91,55
23326899.0,94,47
23326970.0,100,56
23326985.0,100,50
23326998.0,54,57
23327027.0,101,52
23327077.0,100,59
23327078.0,53,54
23327092.0,89,51
23327122.0,90,53
23327127.0,92,45
23327130.0,94,48
23327282.0,101,54
23327293.0,92,59
23327397.0,87,52
23327418.0,91,51
23327432.0,88,54
23327454.0,96,50
23327516.0,82,99
23327692.0,99,46
23327753.0,98,69
23327756.0,93,65
23327794.0,97,46
23327847.0,91,52
23327856.0,92,82
23327865.0,100,48
23327867.0,94,51
23327938.0,100,49
23327943.0,91,51
23328014.0,102,48
23328036.0,93,80
23328046.0,100,58
23328068.0,97,45
23328106.0,90,53
23328142.0,88,51
23328151.0,96,49
23328190.0,91,50
23328192.0,100,54
23328199.0,102,47
23328209.0,94,47
23328236.0,88,55
23328252.0,95,44
23328287.0,91,54
23328293.0,87,52
23328390.0,90,54
23328407.0,96,46
23328413.0,101,67
23328418.0,91,53
23328501.0,89,56
23328507.0,94,44
23328548.0,55,61
23328557.0,97,49
23328772.0,89,57
23328831.0,91,50
23328864.0,93,50
23328868.0,100,55
23328906.0,93,49
23328917.0,91,60
23328943.0,93,51
23328957.0,98,45
23328999.0,82,98
23329006.0,91,51
23329016.0,93,45
23329017.0,97,45
23329042.0,87,53
23329089.0,93,64
23329236.0,96,47
23329239.0,95,46
23329295.0,90,59
23329322.0,92,46
23329331.0,89,55
23329341.0,54,55
23329360.0,89,52
23329374.0,99,47
23329376.0,91,46
23329406.0,94,65
23329435.0,100,56
23329476.0,53,54
23329484.0,88,54
23329566.0,99,51
23329746.0,93,46
23329753.0,98,50
23329773.0,99,47
23329781.0,55,55
23329822.0,100,57
23329857.0,88,86
23329908.0,94,44
23330040.0,87,53
23330044.0,93,46
23330056.0,69,55
23330118.0,100,48
23330143.0,86,52
23330159.0,91,52
23330296.0,89,58
23330297.0,98,51
23330415.0,97,46
23330547.0,87,51
23330580.0,91,55
23330602.0,99,50
23330668.0,101,51
23330783.0,90,58
23330809.0,100,59
23330819.0,88,51
23330845.0,93,46
23330898.0,91,61
23330907.0,101,47
23330954.0,86,52
23330959.0,88,55
23330987.0,101,49
23330999.0,98,46
23331047.0,96,46
23331091.0,98,49
23331092.0,90,54
23331128.0,96,50
23331188.0,90,57
23331203.0,91,47
23331221.0,91,45
23331239.0,100,47
23331349.0,101,49
23331354.0,95,72
23331372.0,95,64
23331381.0,85,91
23331383.0,91,58
23331383.0,94,45
23331386.0,94,66
23331455.0,90,50
23331510.0,90,51
23331523.0,95,50
23331529.0,89,53
23331545.0,98,48
23331551.0,92,45
23331563.0,97,48
23331571.0,87,54
23331590.0,95,44
23331635.0,86,52
23331714.0,93,46
23331782.0,100,52
23331821.0,96,47
23331854.0,101,49
23331917.0,97,52
23331922.0,100,67
23331928.0,88,52
23331930.0,95,46
23331969.0,98,45
23332049.0,101,48
23332080.0,106,77
23332096.0,96,72
23332106.0,99,54
23332117.0,90,53
23332119.0,97,47
23332123.0,94,63
23332178.0,97,52
23332208.0,54,68
23332248.0,93,45
23332371.0,100,49
23332501.0,89,57
23332537.0,90,51
23332541.0,96,45
23332577.0,95,47
23332681.0,90,54
23332699.0,86,53
23332743.0,92,78
23332834.0,99,55
23332860.0,93,46
23332867.0,92,49
23332871.0,88,57
23332873.0,91,59
23332882.0,90,46
23332941.0,93,50
23332962.0,90,48
23332982.0,99,62
23333038.0,92,78
23333039.0,88,56
23333043.0,92,50
23333046.0,87,89
23333066.0,99,48
23333085.0,95,48
23333092.0,91,46
23333108.0,97,45
23333176.0,95,49
23333198.0,87,54
23333242.0,92,46
23333274.0,96,48
23333277.0,89,54
23333317.0,100,54
23333470.0,92,47
23333501.0,90,60
23333588.0,98,51
23333638.0,93,52
23333730.0,99,52
23333751.0,86,53
23333767.0,90,52
23333778.0,96,46
23333785.0,92,51
23333921.0,87,52
23333924.0,90,58
23333972.0,93,44
23333984.0,92,61
23333998.0,97,50
23333999.0,99,50
23334000.0,90,49
23334006.0,90,53
23334037.0,93,62
23334041.0,81,94
23334048.0,90,47
23334100.0,80,94
23334119.0,89,58
23334132.0,97,52
23334256.0,94,60
23334267.0,91,45
23334302.0,97,50
23334460.0,96,51
23334492.0,99,58
23334548.0,95,46
23334611.0,100,47
23334625.0,99,57
23334669.0,98,65
23334705.0,92,52
23334761.0,97,46
23334839.0,94,44
23334870.0,86,54
23334907.0,85,52
23334916.0,97,53
23334923.0,99,56
23334928.0,98,62
23334937.0,99,64
23334950.0,99,49
23334971.0,99,47
23334974.0,95,48
23335025.0,97,49
23335044.0,98,52
23335069.0,100,51
23335089.0,97,51
23335094.0,106,72
23335187.0,97,50
23335236.0,90,54
23335271.0,92,87
23335301.0,95,49
23335312.0,100,50
23335365.0,88,58
23335379.0,95,47
23335400.0,97,49
23335405.0,85,53
23335462.0,105,76
23335571.0,87,52
23335574.0,97,47
23335610.0,90,46
23335616.0,87,55
23335642.0,101,52
23335645.0,100,65
23335718.0,94,47
23335745.0,57,65
23335788.0,92,46
23335796.0,100,49
23335808.0,93,47
23335809.0,88,53
23335831.0,86,52
23335885.0,97,48
23335905.0,94,45
23335919.0,99,55
23335919.0,91,60
23335957.0,97,49
23335958.0,93,48
23335972.0,92,62
23335984.0,96,45
23335988.0,98,50
23336003.0,99,48
23336007.0,97,52
23336007.0,87,56
23336089.0,100,48
23336127.0,99,61
23336166.0,101,52
23336188.0,99,53
23336210.0,88,53
23336242.0,89,55
23336263.0,96,83
23336268.0,97,49
23336293.0,88,57
23336356.0,98,49
23336380.0,91,46
23336406.0,89,47
23336581.0,89,46
23336590.0,92,45
23336623.0,98,51
23336656.0,99,57
23336661.0,97,49
23336884.0,97,52
23336886.0,92,49
23336915.0,90,59
23336963.0,97,49
23337036.0,91,49
23337071.0,91,50
23337077.0,89,52
23337190.0,89,48
23337250.0,97,82
23337264.0,86,54
23337269.0,91,62
23337460.0,95,46
23337541.0,91,48
23337588.0,88,54
23337609.0,87,51
23337639.0,89,51
23337644.0,98,48
23337657.0,85,53
23337658.0,99,60
23337671.0,85,54
23337714.0,86,54
23337725.0,91,47
23337847.0,86,52
23337879.0,85,52
23337894.0,86,55
23337906.0,92,48
23337940.0,92,51
23338000.0,89,46
23338013.0,87,53
23338019.0,89,53
23338120.0,96,52
23338197.0,86,52
23338286.0,87,56
23338307.0,98,77
23338367.0,99,52
23338381.0,98,49
23338413.0,93,49
23338415.0,99,58
23338448.0,96,46
23338459.0,97,51
23338548.0,89,54
23338597.0,91,52
23338704.0,92,46
23338820.0,91,51
23338915.0,98,47
23339016.0,96,51
23339046.0,86,52
23339086.0,99,47
23339098.0,96,53
23339124.0,91,48
23339168.0,91,53
23339261.0,94,47
23339262.0,90,46
23339367.0,91,46
23339369.0,96,47
23339382.0,89,89
23339391.0,91,45
23339427.0,88,58
23339435.0,89,47
23339445.0,88,51
23339473.0,88,47
23339478.0,93,46
23339540.0,93,47
23339551.0,89,55
23339554.0,96,48
23339609.0,77,101
23339636.0,86,55
23339638.0,93,64
23339701.0,94,46
23339713.0,98,87
23339841.0,84,53
23339880.0,91,47
23339904.0,95,47
23339931.0,93,65
23339973.0,93,45
23340013.0,91,49
23340064.0,88,48
23340068.0,64,49
23340081.0,90,61
23340097.0,93,48
23340112.0,88,49
23340137.0,88,55
23340179.0,85,54
23340219.0,99,50
23340225.0,99,51
23340232.0,98,54
23340255.0,86,56
23340260.0,86,53
23340322.0,99,48
23340363.0,91,51
23340371.0,98,56
23340406.0,65,48
23340410.0,93,49
23340422.0,95,65
23340426.0,94,50
23340472.0,99,65
23340476.0,99,51
23340490.0,87,57
23340521.0,90,49
23340566.0,97,50
23340660.0,84,91
23340664.0,65,48
23340743.0,84,54
23340773.0,57,49
23340778.0,91,49
23340793.0,90,49
23340801.0,91,48
23340847.0,88,47
23340849.0,71,57
23340864.0,87,54
23340897.0,98,66
23340949.0,90,48
23341122.0,87,58
23341159.0,90,62
23341165.0,91,62
23341168.0,85,55
23341211.0,91,61
23341229.0,98,57
23341237.0,89,46
23341253.0,90,50
23341282.0,85,53
23341284.0,89,56
23341285.0,99,49
23341317.0,89,59
23341333.0,71,57
23341352.0,90,49
23341412.0,84,54
23341443.0,89,57
23341461.0,97,48
23341496.0,98,53
23341504.0,92,66
23341508.0,88,52
23341509.0,94,65
23341515.0,93,50
23341555.0,95,73
23341559.0,95,49
23341589.0,85,53
23341603.0,99,49
23341612.0,96,50
23341682.0,88,60
23341728.0,89,55
23341827.0,98,52
23341881.0,88,86
23341920.0,88,50
23342021.0,94,51
23342089.0,98,55
23342116.0,91,51
23342206.0,96,50
23342220.0,88,59
23342324.0,93,51
23342537.0,92,45
23342552.0,97,47
23342622.0,90,45
23342649.0,93,52
23342663.0,85,53
23342695.0,84,54
23342698.0,91,52
23342704.0,86,57
23342714.0,95,46
23342746.0,84,55
23342756.0,94,49
23342757.0,95,47
23342765.0,90,51
23342820.0,86,52
23342835.0,70,58
23342900.0,89,60
23342943.0,89,54
23342949.0,85,55
23342952.0,91,53
23342983.0,97,48
23342984.0,90,46
23343028.0,85,53
23343059.0,93,47
23343103.0,89,61
23343116.0,97,54
23343130.0,90,49
23343134.0,88,54
23343148.0,89,47
23343177.0,94,73
23343180.0,86,54
23343196.0,95,53
23343217.0,88,47
23343225.0,92,46
23343231.0,91,47
23343242.0,85,56
23343332.0,97,49
23343339.0,88,53
23343357.0,87,59
23343405.0,93,49
23343416.0,98,47
23343423.0,95,49
23343440.0,90,52
23343503.0,88,55
23343553.0,89,56
23343735.0,83,54
23343740.0,84,55
23343818.0,98,58
23343832.0,90,48
23343846.0,90,46
23343875.0,96,52
23343876.0,93,51
23343912.0,87,58
23343913.0,92,52
23343954.0,87,51
23343964.0,96,51
23344015.0,88,56
23344019.0,85,53
23344117.0,82,105
23344149.0,92,48
23344207.0,93,52
23344238.0,84,53
23344289.0,87,50
23344303.0,87,47
23344365.0,89,49
23344377.0,95,52
23344436.0,87,55
23344446.0,84,55
23344456.0,89,52
23344462.0,98,48
23344553.0,88,61
23344561.0,88,48
23344573.0,89,49
23344578.0,4,48
23344578.0,85,56
23344587.0,91,45
23344590.0,89,48
23344620.0,88,52
23344637.0,85,53
23344655.0,90,50
23344684.0,86,56
23344722.0,95,51
23344767.0,98,49
23344858.0,95,48
23344886.0,94,53
23344940.0,90,49
23344971.0,92,49
23344991.0,98,57
23345010.0,86,54
23345045.0,90,53
23345053.0,87,52
23345066.0,85,53
23345115.0,86,58
23345228.0,85,57
23345252.0,96,50
23345263.0,3,47
23345289.0,98,50
23345290.0,86,57
23345294.0,93,50
23345310.0,85,54
23345314.0,83,55
23345362.0,88,55
23345444.0,90,51
23345499.0,87,49
23345546.0,98,52
23345619.0,83,54
23345628.0,98,62
23345639.0,88,47
23345735.0,87,57
23345739.0,85,53
23345771.0,88,57
23345875.0,96,48
23345903.0,98,60
23345923.0,90,50
23345955.0,93,48
23345956.0,90,45
23345974.0,89,51
23345997.0,87,47
23346016.0,94,46
23346037.0,87,59
23346056.0,92,65
23346073.0,96,68
23346079.0,83,55
23346112.0,85,56
23346126.0,87,48
23346132.0,84,56
23346194.0,92,46
23346248.0,98,56
23346302.0,86,55
23346305.0,98,59
23346356.0,90,52
23346519.0,97,55
23346524.0,94,46
23346548.0,85,54
23346697.0,92,51
23346792.0,88,60
23346792.0,84,54
23346797.0,86,49
23346829.0,95,50
23346911.0,85,54
23346927.0,87,56
23346944.0,97,53
23346955.0,91,50
23346962.0,89,57
23346971.0,84,56
23346995.0,89,46
23347016.0,87,60
23347036.0,89,47
23347040.0,87,88
23347089.0,95,50
23347089.0,86,48
23347109.0,87,47
23347159.0,94,47
23347173.0,89,52
23347186.0,94,46
23347228.0,88,48
23347231.0,85,57
23347240.0,96,47
23347257.0,97,47
23347261.0,88,57
23347292.0,97,54
23347295.0,83,55
23347342.0,93,47
23347344.0,92,52
23347358.0,89,89
23347415.0,90,48
23347431.0,90,63
23347452.0,86,50
23347490.0,91,46
23347646.0,91,48
23347661.0,86,59
23347749.0,94,49
23347806.0,94,46
23347810.0,88,61
23347901.0,89,48
23347932.0,86,48
23347957.0,97,56
23347996.0,88,89
23348019.0,93,46
23348028.0,91,46
23348074.0,86,58
23348209.0,91,47
23348224.0,92,49
23348255.0,92,47
23348263.0,89,52
23348265.0,86,51
23348265.0,89,61
23348311.0,89,49
23348353.0,83,54
23348385.0,93,52
23348389.0,89,46
23348411.0,95,53
23348439.0,84,56
23348465.0,94,51
23348491.0,90,51
23348574.0,88,49
23348636.0,92,51
23348670.0,83,56
23348691.0,96,49
23348711.0,90,52
23348745.0,97,49
23348769.0,97,52
23348791.0,91,49
23348794.0,92,52
23348841.0,85,55
23348898.0,92,48
23348915.0,94,52
23348932.0,88,49
23348978.0,84,57
23348995.0,89,52
23349018.0,85,58
23349040.0,87,74
23349041.0,97,48
23349049.0,95,51
23349074.0,87,47
23349148.0,97,50
23349231.0,89,60
23349232.0,87,54
23349357.0,86,56
23349369.0,88,56
23349408.0,89,53
23349414.0,92,46
23349437.0,95,48
23349508.0,86,59
23349526.0,87,51
23349546.0,97,57
23349554.0,88,57
23349586.0,83,56
23349618.0,85,57
23349631.0,88,59
23349640.0,87,57
23349677.0,91,47
23349779.0,94,53
23349830.0,88,50
23349874.0,94,50
23349899.0,93,46
23349905.0,93,47
23350072.0,89,47
23350099.0,93,67
23350110.0,86,55
23350135.0,88,55
23350140.0,95,48
23350145.0,86,52
23350151.0,87,48
23350244.0,97,51
23350318.0,86,53
23350346.0,88,54
23350384.0,92,67
23350391.0,90,46
23350408.0,98,63
23350438.0,91,50
23350563.0,99,65
23350567.0,85,49
23350613.0,86,56
23350620.0,90,60
23350677.0,93,66
23350696.0,88,51
23350696.0,88,52
23350699.0,94,48
23350706.0,51,120
23350717.0,96,66
23350743.0,91,48
23350754.0,84,57
23350758.0,88,46
23350855.0,87,56
23350867.0,89,52
23350964.0,84,55
23350989.0,85,55
23350993.0,91,51
23351000.0,87,60
23351022.0,84,54
23351059.0,86,56
23351146.0,91,46
23351237.0,84,54
23351257.0,95,49
23351268.0,89,50
23351282.0,86,60
23351290.0,83,56
23351305.0,88,47
23351306.0,82,56
23351307.0,86,54
23351318.0,85,58
23351343.0,88,60
23351349.0,69,56
23351367.0,91,49
23351386.0,85,50
23351397.0,93,48
23351398.0,88,48
23351402.0,92,50
23351413.0,90,47
23351428.0,97,58
23351460.0,85,49
23351602.0,83,57
23351641.0,88,49
23351801.0,87,55
23351864.0,96,47
23351869.0,95,47
23351954.0,91,47
23351957.0,87,49
23351968.0,88,52
23352028.0,87,59
23352281.0,83,55
23352313.0,95,50
23352355.0,88,50
23352373.0,92,49
23352435.0,91,50
23352459.0,92,46
23352516.0,82,56
23352606.0,89,51
23352630.0,91,53
23352642.0,97,59
23352668.0,85,48
23352668.0,83,57
23352675.0,89,63
23352735.0,86,50
23352742.0,92,84
23352780.0,97,57
23352807.0,85,59
23352852.0,86,48
23352919.0,97,59
23352939.0,91,48
23352987.0,86,55
23353037.0,93,49
23353042.0,85,56
23353137.0,86,57
23353144.0,96,54
23353181.0,90,49
23353212.0,84,58
23353214.0,87,50
23353241.0,92,52
23353257.0,85,51
23353260.0,87,54
23353298.0,85,58
23353300.0,96,49
23353312.0,89,46
23353320.0,93,51
23353323.0,96,48
23353327.0,90,47
23353396.0,83,55
23353449.0,91,63
23353512.0,93,51
23353527.0,94,51
23353532.0,83,57
23353554.0,92,47
23353555.0,93,54
23353565.0,93,49
23353583.0,93,53
23353599.0,85,52
23353606.0,96,55
23353626.0,87,56
23353635.0,98,87
23353704.0,94,52
23353733.0,87,91
23353740.0,93,52
23353740.0,93,50
23353760.0,87,51
23353803.0,94,50
23353818.0,88,53
23353914.0,89,53
23353985.0,88,51
23354001.0,87,47
23354017.0,86,60
23354050.0,96,51
23354070.0,87,58
23354078.0,90,50
23354093.0,91,51
23354121.0,87,51
23354173.0,96,50
23354204.0,84,57
23354232.0,83,57
23354282.0,96,52
23354288.0,97,58
23354333.0,94,49
23354386.0,94,48
23354387.0,86,59
23354392.0,85,49
23354437.0,85,48
23354499.0,89,47
23354565.0,96,82
23354584.0,90,53
23354613.0,82,57
23354615.0,88,48
23354651.0,84,50
23354697.0,86,55
23354715.0,87,51
23354727.0,85,48
23354745.0,84,49
23354781.0,92,64
23354911.0,95,47
23354911.0,88,47
23354974.0,86,61
23354987.0,90,51
23355020.0,97,59
23355074.0,87,60
23355078.0,87,52
23355113.0,93,63
23355126.0,89,52
23355128.0,84,56
23355150.0,90,63
23355200.0,91,46
23355257.0,87,47
23355289.0,88,52
23355301.0,86,49
23355368.0,87,48
23355395.0,87,51
23355410.0,85,59
23355418.0,87,49
23355482.0,88,50
23355494.0,83,56
23355533.0,84,49
23355549.0,89,48
23355599.0,86,54
23355654.0,93,51
23355654.0,86,49
23355674.0,90,49
23355694.0,87,50
23355700.0,83,58
23355708.0,86,50
23355730.0,85,53
23355793.0,91,53
23355796.0,84,50
23355814.0,85,50
23355816.0,85,48
23355869.0,85,60
23355880.0,86,56
23355907.0,82,57
23355970.0,84,58
23356039.0,91,66
23356055.0,90,50
23356112.0,84,51
23356117.0,87,62
23356155.0,85,57
23356180.0,89,62
23356351.0,92,49
23356360.0,91,49
23356416.0,88,61
23356416.0,84,52
23356453.0,85,48
23356458.0,85,54
23356481.0,84,59
23356530.0,85,52
23356558.0,88,53
23356561.0,97,60
23356626.0,89,63
23356671.0,84,55
23356737.0,90,52
23356832.0,90,47
23356911.0,88,47
23356930.0,89,47
23357009.0,90,53
23357021.0,54,53
23357030.0,91,64
23357040.0,85,48
23357063.0,89,49
23357084.0,94,50
23357098.0,85,49
23357125.0,92,50
23357190.0,83,56
23357193.0,87,57
23357219.0,87,61
23357223.0,83,58
23357238.0,87,53
23357242.0,85,48
23357299.0,86,60
23357390.0,86,61
23357397.0,96,57
23357444.0,84,53
23357502.0,54,53
23357537.0,91,52
23357547.0,86,57
23357563.0,84,52
23357597.0,81,57
23357652.0,86,58
23357688.0,91,47
23357697.0,87,51
23357705.0,82,58
23357716.0,90,48
23357760.0,94,48
23357798.0,86,51
23357799.0,89,48
23357815.0,55,52
23357828.0,85,51
23357848.0,90,51
23357855.0,84,50
23357902.0,82,56
23357925.0,93,48
23357961.0,87,59
23358022.0,94,49
23358132.0,85,55
23358195.0,89,47
23358195.0,88,58
23358214.0,85,49
23358220.0,83,59
23358257.0,89,50
23358263.0,95,49
23358264.0,55,57
23358292.0,95,50
23358298.0,88,63
23358329.0,90,49
23358357.0,88,51
23358358.0,90,52
23358404.0,92,52
23358446.0,96,58
23358469.0,84,57
23358511.0,82,58
23358516.0,83,50
23358518.0,86,47
23358567.0,95,50
23358589.0,91,48
23358614.0,87,50
23358616.0,88,54
23358624.0,90,62
23358674.0,103,75
23358732.0,85,49
23358831.0,87,54
23358888.0,88,48
23358895.0,93,48
23358924.0,89,48
23358926.0,91,49
23358990.0,88,47
23358995.0,85,50
23359028.0,93,49
23359042.0,89,49
23359065.0,84,59
23359087.0,83,51
23359129.0,93,53
23359132.0,95,54
23359154.0,55,53
23359157.0,93,51
23359185.0,88,62
23359203.0,92,53
23359205.0,84,49
23359212.0,85,61
23359222.0,88,46
23359226.0,86,61
23359248.0,95,50
23359342.0,84,53
23359359.0,86,52
23359383.0,85,49
23359389.0,88,47
23359453.0,88,53
23359483.0,92,51
23359527.0,83,50
23359534.0,86,48
23359537.0,93,52
23359646.0,95,51
23359664.0,94,51
23359796.0,89,51
23359833.0,85,58
23359863.0,85,49
23359885.0,85,60
23359897.0,86,49
23359973.0,86,62
23360022.0,88,49
23360046.0,96,57
23360103.0,90,47
23360127.0,83,57
23360154.0,90,52
23360220.0,86,50
23360224.0,83,52
23360247.0,91,51
23360312.0,91,65
23360317.0,91,62
23360336.0,85,50
23360394.0,89,62
23360487.0,91,53
23360511.0,85,56
23360515.0,95,52
23360516.0,87,53
23360522.0,84,60
23360540.0,86,47
23360608.0,83,51
23360629.0,89,50
23360654.0,85,51
23360751.0,86,51
23360754.0,83,59
23360806.0,86,53
23360861.0,94,48
23360873.0,85,50
23361061.0,87,47
23361094.0,92,61
23361183.0,86,48
23361226.0,87,62
23361274.0,84,55
23361282.0,83,57
23361325.0,83,59
23361330.0,90,53
23361355.0,86,59
23361368.0,82,57
23361385.0,89,52
23361392.0,88,47
23361435.0,85,50
23361497.0,86,56
23361518.0,89,51
23361566.0,85,53
23361596.0,84,60
23361623.0,81,57
23361678.0,88,48
23361716.0,84,50
23361747.0,84,54
23361784.0,88,50
23361898.0,87,51
23361916.0,90,50
23361926.0,85,48
23361993.0,85,50
23362001.0,82,59
23362004.0,85,52
23362064.0,91,51
23362083.0,89,49
23362159.0,84,55
23362264.0,81,58
23362301.0,85,61
23362324.0,87,63
23362373.0,84,51
23362397.0,91,51
23362457.0,83,53
23362471.0,86,51
23362476.0,87,52
23362479.0,82,59
23362544.0,90,48
23362564.0,91,50
23362571.0,88,58
23362609.0,94,49
23362642.0,85,48
23362652.0,88,48
23362655.0,86,47
23362688.0,89,47
23362747.0,86,54
23362748.0,82,57
23362770.0,93,50
23362816.0,88,49
23362830.0,85,49
23362851.0,89,53
23362898.0,83,51
23362911.0,86,52
23362924.0,87,48
23363001.0,91,52
23363030.0,89,52
23363062.0,87,56
23363085.0,92,65
23363153.0,82,51
23363156.0,87,59
23363158.0,92,49
23363166.0,84,58
23363171.0,95,56
23363211.0,87,53
23363332.0,90,49
23363340.0,91,54
23363382.0,82,57
23363417.0,85,55
23363442.0,92,51
23363511.0,86,57
23363550.0,87,49
23363598.0,92,66
23363654.0,85,53
23363662.0,84,50
23363709.0,86,62
23363722.0,88,51
23363767.0,94,50
23363782.0,83,54
23363782.0,81,59
23363849.0,85,62
23363881.0,85,57
23363886.0,89,54
23363889.0,84,51
23363914.0,82,51
23363924.0,89,47
23363949.0,92,48
23363965.0,83,50
23363975.0,43,94
23364068.0,83,60
23364079.0,94,51
23364134.0,85,56
23364150.0,85,50
23364154.0,85,60
23364170.0,92,50
23364204.0,88,50
23364215.0,91,51
23364230.0,86,47
23364245.0,89,53
23364418.0,90,50
23364478.0,91,53
23364492.0,92,51
23364500.0,96,59
23364537.0,82,52
23364550.0,91,51
23364559.0,85,59
23364579.0,87,54
23364640.0,86,58
23364654.0,87,48
23364669.0,86,63
23364689.0,92,64
23364721.0,83,58
23364785.0,85,48
23364857.0,88,63
23364878.0,92,54
23364880.0,86,59
23364919.0,89,48
23364963.0,92,53
23364984.0,82,59
23364993.0,83,52
23365084.0,84,61
23365118.0,92,52
23365162.0,89,88
23365203.0,93,48
23365231.0,86,53
23365276.0,94,52
23365291.0,85,50
23365335.0,88,54
23365345.0,84,52
23365371.0,87,50
23365492.0,86,48
23365540.0,85,49
23365587.0,82,51
23365627.0,90,50
23365710.0,83,55
23365753.0,88,49
23365754.0,89,51
23365759.0,87,48
23365762.0,85,51
23365817.0,86,51
23365847.0,89,50
23365853.0,90,50
23365856.0,85,61
23365867.0,82,60
23365887.0,88,50
23365895.0,86,50
23365972.0,86,55
23366039.0,85,58
23366049.0,82,58
23366060.0,94,54
23366131.0,81,58
23366210.0,89,53
23366342.0,84,49
23366381.0,85,62
23366385.0,83,50
23366387.0,87,62
23366397.0,82,53
23366399.0,88,47
23366438.0,94,55
23366467.0,91,64
23366476.0,84,48
23366490.0,88,51
23366529.0,84,54
23366536.0,94,66
23366570.0,88,64
23366587.0,89,52
23366593.0,89,49
23366681.0,89,55
23366694.0,83,61
23366716.0,83,51
23366720.0,80,59
23366734.0,86,60
23366746.0,90,65
23366759.0,83,60
23366838.0,84,59
23366870.0,87,49
23366916.0,93,49
23366933.0,90,51
23367250.0,82,60
23367275.0,88,53
23367297.0,82,52
23367301.0,82,54
23367337.0,90,52
23367356.0,83,58
23367469.0,81,52
23367482.0,92,49
23367491.0,82,58
23367500.0,81,58
23367576.0,85,52
23367582.0,86,49
23367594.0,96,61
23367617.0,87,51
23367679.0,86,54
23367706.0,90,47
23367790.0,84,49
23367825.0,86,49
23367941.0,83,51
23367944.0,85,48
23367953.0,86,50
23368001.0,84,53
23368031.0,84,57
23368034.0,89,64
23368083.0,89,50
23368085.0,85,58
23368102.0,91,50
23368112.0,84,50
23368112.0,84,62
23368160.0,93,49
23368333.0,93,50
23368397.0,87,50
23368591.0,88,48
23368600.0,92,50
23368634.0,89,54
23368637.0,86,48
23368641.0,55,50
23368663.0,84,61
23368711.0,83,56
23368736.0,81,60
23368770.0,82,51
23368781.0,85,48
23368801.0,96,74
23368829.0,92,48
23368857.0,85,51
23368861.0,81,52
23369056.0,85,48
23369163.0,85,60
23369181.0,93,51
23369213.0,82,61
23369229.0,53,57
23369246.0,80,60
23369265.0,86,53
23369301.0,87,61
23369313.0,88,53
23369329.0,85,59
23369346.0,81,53
23369350.0,90,63
23369355.0,96,60
23369366.0,83,52
23369386.0,86,52
23369444.0,91,49
23369473.0,83,55
23369483.0,86,49
23369545.0,91,51
23369546.0,85,55
23369547.0,82,55
23369624.0,90,53
23369646.0,82,53
23369724.0,87,52
23369732.0,88,54
23369751.0,92,48
23369784.0,87,63
23369797.0,91,66
23369801.0,84,54
23369884.0,91,52
23369895.0,85,53
23369946.0,83,49
23369979.0,85,63
23369980.0,86,48
23369996.0,89,47
23370062.0,98,66
23370063.0,82,60
23370068.0,92,48
23370201.0,82,51
23370203.0,86,63
23370266.0,83,61
23370269.0,86,55
23370323.0,87,50
23370355.0,84,50
23370370.0,91,54
23370558.0,91,53
23370573.0,88,49
23370598.0,91,65
23370603.0,85,49
23370627.0,80,60
23370642.0,83,49
23370694.0,82,51
23370698.0,82,59
23370757.0,82,55
23370760.0,90,64
23370764.0,87,51
23370828.0,93,52
23370839.0,84,51
23370841.0,93,53
23370894.0,90,53
23370906.0,93,54
23371008.0,81,59
23371013.0,87,48
23371078.0,83,53
23371086.0,90,48
23371091.0,81,53
23371097.0,90,53
23371133.0,92,49
23371195.0,87,54
23371200.0,81,54
23371215.0,84,48
23371220.0,86,54
23371230.0,86,51
23371239.0,87,52
23371282.0,88,51
23371282.0,85,62
23371286.0,89,65
23371315.0,90,54
23371318.0,89,63
23371354.0,82,61
23371380.0,90,65
23371442.0,92,66
23371608.0,88,54
23371637.0,91,50
23371673.0,84,56
23371702.0,81,61
23371806.0,80,59
23371833.0,85,59
23371849.0,84,52
23371859.0,83,50
23371866.0,82,52
23371869.0,82,59
23371905.0,84,62
23371911.0,81,59
23371929.0,90,66
23371978.0,84,60
23372007.0,89,52
23372134.0,90,49
23372165.0,83,57
23372192.0,90,66
23372352.0,88,50
23372360.0,84,58
23372380.0,83,49
23372464.0,93,65
23372518.0,87,53
23372554.0,92,50
23372606.0,85,49
23372617.0,81,61
23372672.0,90,48
23372785.0,80,53
23372788.0,86,49
23372789.0,86,48
23372907.0,86,63
23372918.0,85,50
23373012.0,82,54
23373013.0,89,50
23373139.0,83,51
23373150.0,88,63
23373197.0,85,63
23373198.0,84,53
23373200.0,90,49
23373381.0,85,60
23373387.0,84,55
23373405.0,86,64
23373430.0,93,57
23373434.0,80,61
23373446.0,86,51
23373460.0,86,52
23373462.0,85,49
23373529.0,85,56
23373568.0,84,49
23373581.0,89,50
23373690.0,87,49
23373746.0,88,54
23373759.0,90,50
23373771.0,90,51
23373796.0,91,48
23373948.0,83,54
23373970.0,93,55
23373990.0,81,55
23373992.0,82,56
23374008.0,91,48
23374054.0,86,50
23374090.0,88,51
23374105.0,84,63
23374114.0,91,52
23374226.0,85,54
23374244.0,89,53
23374246.0,81,52
23374304.0,81,53
23374369.0,80,61
23374400.0,85,53
23374405.0,83,50
23374440.0,91,50
23374441.0,84,53
23374444.0,83,96
23374453.0,85,50
23374464.0,90,50
23374471.0,86,52
23374474.0,85,51
23374489.0,87,54
23374492.0,83,52
23374497.0,84,59
23374497.0,82,62
23374510.0,92,51
23374511.0,84,51
23374512.0,90,52
23374525.0,82,53
23374681.0,96,59
23374686.0,81,52
23374722.0,87,53
23374753.0,84,52
23374763.0,90,51
23374764.0,81,54
23374793.0,82,50
23374806.0,80,54
23374896.0,96,84
23375002.0,81,61
23375012.0,82,99
23375026.0,85,61
23375037.0,91,49
23375042.0,83,58
23375050.0,96,85
23375280.0,87,50
23375287.0,82,60
23375315.0,82,50
23375327.0,82,57
23375463.0,85,55
23375483.0,86,52
23375523.0,81,56
23375529.0,81,52
23375566.0,84,57
23375569.0,83,62
23375574.0,86,55
23375615.0,89,49
23375634.0,86,51
23375662.0,94,57
23375670.0,83,49
23375672.0,83,97
23375750.0,90,53
23375770.0,86,53
23375980.0,90,52
23375996.0,82,50
23375997.0,82,62
23376027.0,89,48
23376043.0,84,50
23376076.0,87,54
23376106.0,80,55
23376111.0,92,53
23376236.0,86,49
23376249.0,88,64
23376276.0,80,60
23376333.0,92,52
23376348.0,84,58
23376400.0,94,89
23376419.0,90,49
23376430.0,82,60
23376467.0,83,60
23376545.0,91,66
23376596.0,83,52
23376612.0,84,56
23376725.0,84,54
23376743.0,83,63
23376763.0,84,49
23376790.0,81,60
23376808.0,81,62
23376809.0,85,55
23376887.0,82,58
23376920.0,89,54
23376946.0,83,53
23377001.0,91,50
23377003.0,81,53
23377027.0,83,51
23377045.0,84,56
23377106.0,83,55
23377127.0,83,49
23377300.0,87,55
23377360.0,88,56
23377392.0,89,50
23377448.0,84,50
23377464.0,90,54
23377470.0,87,55
23377485.0,80,62
23377490.0,82,51
23377507.0,90,48
23377547.0,90,66
23377569.0,85,56
23377731.0,93,87
23377819.0,85,51
23377820.0,84,56
23377910.0,92,56
23377962.0,84,51
23378038.0,81,56
23378083.0,93,56
23378083.0,84,56
23378100.0,80,54
23378104.0,82,60
23378142.0,84,61
23378491.0,85,50
23378500.0,81,62
23378501.0,105,73
23378543.0,80,62
23378547.0,86,64
23378556.0,84,55
23378605.0,90,49
23378612.0,84,63
23378696.0,84,64
23378708.0,83,50
23378709.0,81,57
23378784.0,84,54
23378807.0,88,52
23378808.0,82,58
23378821.0,89,51
23378864.0,84,49
23378871.0,90,49
23378885.0,87,54
23379047.0,89,49
23379048.0,79,54
23379068.0,85,49
23379184.0,85,53
23379333.0,86,50
23379336.0,80,53
23379337.0,93,82
23379479.0,83,57
23379533.0,88,49
23379638.0,83,63
23379641.0,86,54
23379666.0,89,50
23379744.0,103,69
23379793.0,82,62
23379905.0,81,55
23379922.0,83,58
23379955.0,81,50
23379977.0,82,55
23380018.0,86,63
23380022.0,89,48
23380036.0,94,57
23380075.0,83,54
23380110.0,87,65
23380115.0,84,52
23380123.0,79,54
23380176.0,90,49
23380178.0,91,52
23380226.0,84,51
23380234.0,88,53
23380238.0,89,51
23380272.0,82,52
23380310.0,83,56
23380318.0,85,49
23380361.0,89,64
23380394.0,89,52
23380400.0,80,62
23380410.0,88,49
23380493.0,93,56
23380509.0,84,60
23380526.0,91,51
23380543.0,84,50
23380567.0,87,52
23380578.0,81,51
23380609.0,86,65
23380693.0,85,64
23380744.0,83,53
23380753.0,90,50
23380794.0,82,63
23380799.0,91,51
23380802.0,83,61
23380813.0,92,55
23380834.0,84,64
23380856.0,88,50
23380887.0,85,58
23381013.0,82,51
23381047.0,80,55
23381094.0,79,55
23381116.0,81,54
23381217.0,92,88
23381254.0,80,56
23381319.0,86,51
23381363.0,82,53
23381377.0,83,59
23381389.0,83,50
23381425.0,91,88
23381463.0,94,58
23381512.0,81,54
23381514.0,80,61
23381572.0,84,57
23381590.0,84,49
23381609.0,89,54
23381709.0,85,51
23381754.0,82,50
23381774.0,81,61
23381797.0,81,52
23381808.0,82,61
23381808.0,85,61
23381826.0,85,52
23381870.0,85,50
23381876.0,82,59
23381886.0,88,50
23381896.0,79,62
23381928.0,93,62
23382004.0,84,56
23382133.0,91,65
23382142.0,89,53
23382234.0,87,55
23382259.0,81,62
23382291.0,86,55
23382353.0,45,115
23382564.0,80,57
23382566.0,83,55
23382595.0,81,58
23382644.0,83,60
23382666.0,84,51
23382725.0,83,64
23382760.0,90,50
23382777.0,81,63
23382778.0,83,50
23382829.0,83,63
23382849.0,82,57
23382865.0,86,51
23382939.0,86,49
23382970.0,82,59
23383065.0,81,58
23383172.0,88,54
23383184.0,81,61
23383201.0,89,49
23383203.0,85,53
23383208.0,79,55
23383278.0,79,56
23383298.0,86,65
23383310.0,89,52
23383329.0,84,58
23383386.0,80,54
23383411.0,87,49
23383423.0,90,51
23383480.0,80,63
23383495.0,81,51
23383509.0,89,51
23383579.0,87,53
23383641.0,91,52
23383674.0,82,54
23383717.0,81,55
23383763.0,91,54
23383848.0,90,53
23383864.0,81,58
23383946.0,82,56
23384004.0,82,63
23384049.0,81,57
23384058.0,86,55
23384066.0,84,61
23384070.0,88,51
23384073.0,83,55
23384110.0,85,65
23384176.0,91,52
23384211.0,94,58
23384276.0,84,56
23384296.0,87,49
23384304.0,89,54
23384320.0,85,56
23384429.0,55,53
23384445.0,88,52
23384452.0,81,52
23384454.0,85,51
23384460.0,85,59
23384469.0,54,59
23384534.0,81,63
23384540.0,84,64
23384571.0,84,60
23384645.0,82,53
23384692.0,82,51
23384744.0,80,56
23384813.0,80,63
23384825.0,83,60
23384844.0,85,51
23384954.0,55,53
23384962.0,79,54
23384969.0,79,56
23385059.0,82,58
23385088.0,57,53
23385101.0,82,51
23385121.0,86,52
23385248.0,83,57
23385272.0,80,52
23385438.0,83,54
23385461.0,85,61
23385485.0,81,59
23385533.0,86,54
23385546.0,98,86
23385560.0,89,65
23385618.0,83,64
23385620.0,88,55
23385642.0,84,50
23385728.0,85,51
23385748.0,84,52
23385784.0,90,51
23385794.0,84,62
23385889.0,89,50
23385905.0,90,52
23385921.0,79,57
23385945.0,88,51
23385959.0,55,57
23386076.0,85,57
23386076.0,87,54
23386110.0,83,51
23386124.0,84,57
23386162.0,88,52
23386180.0,81,63
23386216.0,82,64
23386219.0,90,52
23386223.0,89,64
23386225.0,90,84
23386286.0,84,55
23386288.0,80,52
23386323.0,85,57
23386330.0,86,56
23386410.0,87,50
23386461.0,82,51
23386471.0,83,62
23386517.0,80,58
23386528.0,81,58
23386567.0,82,62
23386635.0,82,60
23386642.0,83,59
23386652.0,81,53
23386664.0,82,61
23386766.0,80,63
23386832.0,90,53
23386882.0,83,50
23386897.0,82,55
23386906.0,88,66
23386928.0,88,49
23386941.0,89,53
23386998.0,81,52
23387004.0,82,54
23387026.0,89,84
23387030.0,55,54
23387045.0,95,59
23387055.0,88,53
23387075.0,80,51
23387111.0,81,59
23387129.0,85,50
23387285.0,80,62
23387299.0,83,56
23387299.0,81,51
23387352.0,70,51
23387383.0,90,52
23387523.0,81,62
23387565.0,55,54
23387595.0,93,57
23387656.0,82,57
23387694.0,84,51
23387707.0,88,55
23387809.0,84,54
23387851.0,95,61
23387872.0,81,54
23387874.0,83,53
23388010.0,87,51
23388143.0,85,52
23388162.0,83,100
23388163.0,84,61
23388177.0,84,54
23388203.0,86,53
23388205.0,82,103
23388249.0,84,59
23388273.0,81,56
23388276.0,84,62
23388384.0,86,49
23388395.0,84,65
23388401.0,89,51
23388410.0,79,63
23388428.0,91,55
23388430.0,85,48
23388433.0,82,63
23388443.0,83,50
23388545.0,82,64
23388573.0,81,64
23388651.0,86,64
23388678.0,81,56
23388690.0,89,66
23388768.0,88,54
23388804.0,80,52
23388805.0,82,62
23388853.0,84,56
23388922.0,79,56
23388969.0,84,58
23389292.0,82,51
23389381.0,81,62
23389396.0,80,51
23389569.0,80,62
23389603.0,81,64
23389606.0,83,61
23389692.0,80,64
23389707.0,87,50
23389724.0,85,62
23389894.0,87,51
23389902.0,97,85
23389929.0,80,53
23389950.0,83,52
23390019.0,89,54
23390020.0,83,65
23390031.0,83,51
23390123.0,86,49
23390126.0,83,57
23390164.0,99,65
23390245.0,86,50
23390270.0,88,54
23390383.0,87,49
23390391.0,80,59
23390395.0,82,56
23390409.0,78,56
23390455.0,81,64
23390469.0,82,60
23390480.0,80,64
23390483.0,78,57
23390486.0,88,65
23390508.0,80,57
23390533.0,87,54
23390551.0,79,55
23390563.0,82,55
23390563.0,90,53
23390610.0,99,65
23390615.0,83,58
23390656.0,87,52
23390770.0,82,65
23390915.0,88,55
23390933.0,81,52
23390991.0,88,50
23391044.0,83,54
23391064.0,81,55
23391083.0,83,53
23391129.0,83,51
23391141.0,87,55
23391171.0,86,54
23391176.0,82,53
23391255.0,80,56
23391320.0,83,61
23391355.0,79,57
23391387.0,89,52
23391397.0,84,52
23391405.0,90,54
23391419.0,84,54
23391432.0,84,51
23391535.0,87,66
23391560.0,87,67
23391561.0,88,52
23391567.0,80,54
23391596.0,87,52
23391602.0,86,66
23391828.0,81,57
23391884.0,84,52
23391959.0,83,56
23391986.0,86,50
23392000.0,85,53
23392029.0,84,53
23392043.0,78,58
23392048.0,86,51
23392055.0,88,64
23392118.0,87,51
23392145.0,81,60
23392172.0,82,59
23392394.0,80,53
23392425.0,87,53
23392442.0,83,55
23392486.0,84,55
23392505.0,81,53
23392602.0,78,57
23392612.0,83,51
23392730.0,81,54
23392851.0,79,53
23392864.0,86,65
23392913.0,84,52
23393143.0,81,52
23393158.0,79,63
23393161.0,82,58
23393170.0,88,51
23393243.0,82,64
23393299.0,82,52
23393334.0,82,53
23393359.0,86,49
23393451.0,83,57
23393468.0,89,52
23393484.0,84,63
23393492.0,79,63
23393501.0,82,51
23393518.0,89,53
23393523.0,83,54
23393573.0,82,63
23393603.0,88,53
23393745.0,80,63
23393796.0,79,58
23393876.0,83,60
23393894.0,85,66
23393992.0,85,50
23394007.0,81,60
23394067.0,55,58
23394082.0,87,65
23394248.0,81,57
23394254.0,84,57
23394260.0,79,64
23394271.0,85,64
23394281.0,83,53
23394335.0,87,53
23394366.0,84,65
23394431.0,86,51
23394501.0,79,63
23394575.0,84,55
23394645.0,81,55
23394677.0,85,55
23394679.0,81,53
23394768.0,87,50
23394788.0,91,55
23394871.0,83,63
23394886.0,85,50
23394895.0,90,55
23395033.0,80,52
23395082.0,83,52
23395104.0,79,57
23395106.0,87,54
23395151.0,82,54
23395153.0,82,56
23395206.0,81,63
23395390.0,89,53
23395397.0,86,52
23395457.0,80,59
23395502.0,80,54
23395541.0,80,52
23395587.0,82,51
23395610.0,80,57
23395831.0,79,53
23395839.0,85,51
23395926.0,82,61
23395936.0,81,56
23396056.0,91,56
23396078.0,80,63
23396135.0,84,53
23396172.0,80,55
23396181.0,78,56
23396270.0,79,54
23396345.0,83,65
23396361.0,84,49
23396393.0,83,55
23396400.0,86,49
23396590.0,78,57
23396807.0,79,59
23396816.0,84,49
23396817.0,88,52
23396870.0,86,52
23396899.0,93,58
23397060.0,81,51
23397161.0,82,65
23397217.0,87,52
23397394.0,87,51
23397401.0,85,51
23397510.0,81,53
23397555.0,85,54
23397598.0,84,56
23397627.0,83,58
23397643.0,54,54
23397645.0,82,57
23397660.0,82,60
23397693.0,55,54
23397731.0,86,55
23397746.0,80,65
23397955.0,78,58
23397980.0,81,63
23398121.0,84,66
23398217.0,87,54
23398319.0,86,53
23398400.0,81,54
23398410.0,83,57
23398559.0,82,52
23398562.0,83,59
23398621.0,90,55
23398624.0,87,51
23398721.0,80,52
23398762.0,86,55
23398884.0,99,74
23398890.0,92,57
23398902.0,80,55
23398905.0,81,51
23398987.0,83,55
23399072.0,81,65
23399122.0,80,53
23399248.0,81,58
23399301.0,80,65
23399415.0,82,54
23399426.0,79,54
23399497.0,91,67
23399515.0,83,62
23399556.0,81,61
23399558.0,86,50
23399562.0,81,57
23399709.0,81,53
23399848.0,83,66
23399905.0,87,55
23399929.0,80,60
23400064.0,83,53
23400087.0,79,53
23400104.0,87,53
23400125.0,84,58
23400149.0,84,56
23400304.0,86,52
23400329.0,83,61
23400377.0,91,56
23400464.0,87,49
23400489.0,82,52
23400527.0,82,55
23400606.0,80,53
23400679.0,86,53
23400830.0,85,53
23400950.0,88,53
23401055.0,90,66
23401099.0,85,52
23401124.0,81,65
23401168.0,83,52
23401315.0,87,65
23401327.0,82,58
23401413.0,82,59
23401420.0,80,65
23401479.0,78,54
23401492.0,79,64
23401502.0,80,61
23401617.0,81,56
23401630.0,79,59
23401654.0,82,65
23401760.0,99,84
23401811.0,85,51
23401891.0,84,50
23401974.0,85,50
23402035.0,84,51
23402086.0,79,57
23402101.0,80,59
23402130.0,82,57
23402143.0,79,53
23402201.0,83,103
23402231.0,78,58
23402324.0,89,54
23402352.0,68,47
23402398.0,90,67
23402633.0,84,54
23402676.0,83,53
23402756.0,79,55
23402836.0,78,55
23402930.0,79,60
23403023.0,80,58
23403193.0,88,53
23403238.0,86,51
23403256.0,78,59
23403279.0,80,64
23403527.0,86,51
23403716.0,80,53
23403733.0,85,55
23403841.0,85,52
23403859.0,80,54
23403959.0,88,52
23404063.0,79,58
23404204.0,84,51
23404227.0,79,55
23404241.0,83,56
23404415.0,77,58
23404421.0,84,96
23404437.0,78,57
23404613.0,84,57
23404637.0,86,54
23404649.0,85,53
23404690.0,68,121
23404691.0,85,50
23405005.0,87,66
23405117.0,81,54
23405139.0,67,121
23405253.0,82,59
23405309.0,84,52
23405426.0,80,61
23405477.0,80,52
23405734.0,82,62
23405877.0,84,59
23405963.0,81,55
23405978.0,86,51
23406177.0,65,64
23406237.0,86,55
23406276.0,81,55
23406285.0,83,59
23406364.0,82,54
23406402.0,82,64
23406435.0,85,53
23406474.0,81,64
23406499.0,84,50
23406530.0,86,54
23406678.0,82,53
23406731.0,105,73
23406947.0,81,55
23407056.0,84,52
23407083.0,79,56
23407160.0,57,48
23407488.0,104,73
23407517.0,78,55
23407537.0,81,57
23407569.0,78,57
23407829.0,100,73
23407861.0,57,48
23407911.0,80,56
23407958.0,83,51
23408282.0,80,54
23408489.0,81,58
23408761.0,83,51
23408761.0,89,55
23408940.0,83,62
23409032.0,99,82
23409058.0,86,55
23409333.0,79,54
23409346.0,81,54
23409396.0,87,53
23409555.0,81,62
23409613.0,86,52
23410376.0,78,54
23410868.0,85,54
23410874.0,100,83
23411309.0,85,51
23411353.0,82,58
23411603.0,83,56
23411638.0,82,59
23412051.0,84,57
23412245.0,84,53
23412313.0,85,53
23412468.0,83,66
23412582.0,83,107
23412713.0,83,60
23412790.0,81,55
23412879.0,80,55
23412974.0,85,54
23413443.0,91,67
23413523.0,83,52
23413778.0,79,60
23414008.0,86,52
23414598.0,83,106
23414636.0,78,59
23415956.0,80,54
23416856.0,80,59
23416914.0,91,57
23417455.0,82,64
23417820.0,82,64
23417898.0,80,99
23417937.0,84,67
23419162.0,98,73
23420859.0,90,90
23424614.0,88,90
23425887.0,91,88
23426261.0,79,55
23428713.0,89,88
23429075.0,90,87
23429285.0,91,87
23429808.0,80,53
23429871.0,80,57
23430037.0,78,59
23430297.0,80,56
23430537.0,105,70
23430675.0,98,85
23430746.0,71,124
23430856.0,80,55
23431510.0,79,60
23431515.0,84,109
23432060.0,83,54
23432159.0,81,58
23432627.0,81,58
23432994.0,106,75
23433594.0,83,63
23433649.0,80,54
23433650.0,98,86
23433714.0,85,67
23434491.0,81,59
23434698.0,82,59
23434808.0,81,55
23434900.0,82,58
23435056.0,80,58
23435513.0,90,56
23435533.0,78,59
23435553.0,85,54
23435708.0,83,53
23435752.0,87,56
23435832.0,94,59
23435930.0,88,54
23436026.0,82,53
23436072.0,80,61
23436156.0,83,53
23436181.0,81,66
23436224.0,82,62
23436394.0,79,55
23436443.0,95,60
23436567.0,82,64
23436583.0,85,55
23436913.0,79,55
23436964.0,81,64
23437032.0,79,57
23437153.0,83,53
23437252.0,85,52
23437274.0,84,53
23437342.0,82,59
23437410.0,81,54
23437413.0,86,56
23437440.0,80,53
23437500.0,83,52
23437549.0,86,52
23438231.0,84,51
23438471.0,80,65
23438506.0,87,53
23438578.0,85,55
23438770.0,80,64
23438865.0,84,54
23438887.0,88,54
23438928.0,80,56
23438976.0,78,58
23439173.0,76,116
23439403.0,87,56
23439454.0,85,54
23439459.0,92,67
23439478.0,91,56
23439685.0,95,61
23439728.0,83,52
23439737.0,72,122
23439830.0,81,65
23439847.0,82,53
23439959.0,83,60
23439989.0,79,55
23440028.0,89,55
23440151.0,79,57
23440211.0,73,122
23440368.0,83,53
23440417.0,72,122
23440506.0,83,58
23440591.0,84,54
23440607.0,81,58
23440744.0,88,54
23440761.0,82,58
23440796.0,81,57
23440802.0,79,59
23440893.0,92,57
23441314.0,84,51
23441541.0,91,56
23441694.0,87,53
23441837.0,85,53
23441868.0,81,56
23441928.0,78,56
23441939.0,80,60
23442044.0,85,51
23442188.0,81,56
23442347.0,95,63
23442352.0,80,57
23442360.0,80,65
23442373.0,80,55
23442420.0,90,55
23442529.0,82,64
23442571.0,79,56
23442641.0,84,64
23442694.0,81,58
23442774.0,81,56
23442793.0,94,59
23442793.0,80,65
23442835.0,82,54
23442869.0,93,58
23442869.0,81,61
23442878.0,82,65
23442948.0,79,56
23442949.0,83,51
23443187.0,82,52
23443233.0,85,51
23443327.0,84,66
23443348.0,84,52
23443693.0,85,54
23443831.0,84,59
23443905.0,81,53
23443965.0,86,55
23443971.0,88,56
23444138.0,82,52
23444205.0,79,56
23444278.0,87,55
23444347.0,82,57
23444356.0,81,65
23444393.0,94,79
23444620.0,86,54
23444849.0,96,79
23445314.0,85,66
23445353.0,89,54
23445434.0,88,52
23445537.0,106,77
23445556.0,85,53
23445656.0,90,55
23445679.0,82,61
23445695.0,87,52
23445760.0,80,53
23445875.0,83,58
23445906.0,85,53
23445949.0,88,53
23446027.0,83,62
23446040.0,85,54
23446044.0,80,55
23446099.0,81,54
23446246.0,87,55
23446381.0,85,53
23446606.0,86,52
23446669.0,83,59
23446674.0,82,58
23447108.0,89,54
23447162.0,81,57
23447336.0,86,51
23447355.0,81,63
23447406.0,94,58
23447547.0,80,57
23447573.0,92,56
23447618.0,82,54
23447686.0,87,52
23447756.0,83,54
23447768.0,83,57
23447780.0,84,53
23447827.0,82,57
23447906.0,82,65
23447953.0,82,52
23448043.0,81,55
23448080.0,94,58
23448082.0,82,63
23448221.0,86,51
23448363.0,81,53
23448375.0,80,56
23448411.0,86,53
23448558.0,85,64
23448667.0,99,66
23448693.0,80,64
23448798.0,84,51
23448804.0,95,60
23448863.0,83,63
23448908.0,81,63
23448924.0,91,55
23448939.0,99,67
23448994.0,83,52
23449182.0,85,53
23449308.0,92,56
23449353.0,79,57
23449357.0,87,55
23449390.0,84,58
23449428.0,91,56
23449523.0,85,52
23449616.0,81,63
23449720.0,83,57
23449793.0,86,54
23449961.0,90,55
23449992.0,85,66
23449994.0,80,54
23450102.0,82,61
23450114.0,85,53
23450123.0,80,56
23450174.0,82,53
23450299.0,86,53
23450427.0,80,59
23450471.0,82,63
23450735.0,82,56
23450758.0,87,55
23450857.0,88,55
23451065.0,79,56
23451084.0,81,64
23451155.0,82,58
23451358.0,87,54
23451382.0,84,52
23451419.0,87,51
23451482.0,89,53
23451502.0,81,54
23451508.0,82,64
23451612.0,83,51
23451640.0,91,55
23451685.0,85,53
23451729.0,83,53
23451777.0,90,54
23451949.0,91,67
23451989.0,85,52
23452097.0,82,57
23452234.0,87,51
23452357.0,86,54
23452432.0,90,54
23452483.0,83,58
23452613.0,84,59
23452670.0,86,52
23452692.0,81,56
23452729.0,83,51
23452851.0,81,59
23452899.0,84,62
23452911.0,88,66
23453038.0,82,52
23453061.0,82,57
23453098.0,82,53
23453267.0,89,65
23453283.0,82,60
23453286.0,84,61
23453372.0,84,51
23453382.0,89,66
23453407.0,87,53
23453418.0,80,58
23453574.0,83,61
23453605.0,85,51
23453655.0,46,100
23453732.0,82,56
23453777.0,83,63
23453789.0,84,63
23453850.0,86,53
23453889.0,80,57
23453934.0,79,57
23453979.0,86,50
23453989.0,88,65
23454099.0,81,55
23454108.0,87,54
23454182.0,88,54
23454316.0,82,64
23454369.0,81,64
23454380.0,81,52
23454417.0,85,62
23454512.0,83,56
23454515.0,81,55
23454554.0,86,52
23454577.0,83,64
23454610.0,84,52
23454674.0,97,64
23454719.0,82,55
23454806.0,81,54
23454843.0,96,60
23454846.0,85,62
23455007.0,95,58
23455046.0,85,63
23455148.0,82,62
23455409.0,83,51
23455532.0,85,52
23455576.0,83,66
23455604.0,90,53
23455614.0,93,56
23455660.0,92,67
23455677.0,79,58
23455699.0,86,53
23455805.0,84,51
23455858.0,93,66
23455879.0,82,52
23455929.0,84,58
23455948.0,95,58
23455951.0,80,55
23455990.0,106,69
23456007.0,92,55
23456017.0,97,62
23456043.0,85,50
23456076.0,95,62
23456152.0,94,66
23456387.0,89,52
23456405.0,86,63
23456457.0,83,62
23456652.0,85,62
23456686.0,84,57
23456691.0,97,63
23456723.0,88,55
23456764.0,90,53
23456915.0,93,56
23457030.0,81,55
23457033.0,84,63
23457052.0,87,54
23457083.0,87,52
23457105.0,81,62
23457131.0,88,51
23457138.0,81,53
23457147.0,88,54
23457180.0,94,57
23457205.0,82,55
23457235.0,86,51
23457260.0,84,51
23457285.0,97,79
23457322.0,95,79
23457327.0,80,57
23457328.0,82,60
23457333.0,96,59
23457335.0,83,53
23457389.0,82,56
23457440.0,91,54
23457452.0,88,54
23457461.0,86,55
23457515.0,92,66
23457547.0,87,53
23457553.0,86,66
23457566.0,83,56
23457639.0,80,56
23457710.0,84,53
23457738.0,82,55
23457747.0,82,59
23457772.0,87,56
23457802.0,86,65
23457809.0,105,69
23457834.0,84,56
23457841.0,84,61
23457902.0,91,66
23457932.0,81,58
23458052.0,90,66
23458091.0,83,56
23458313.0,82,55
23458423.0,87,50
23458542.0,92,55
23458544.0,81,63
23458568.0,83,62
23458581.0,85,52
23458656.0,83,52
23458839.0,85,61
23458850.0,87,53
23458921.0,96,60
23458936.0,82,52
23458992.0,86,52
23459021.0,82,62
23459026.0,86,51
23459030.0,82,54
23459061.0,81,53
23459171.0,83,56
23459195.0,92,67
23459227.0,106,70
23459230.0,79,56
23459312.0,96,59
23459340.0,81,59
23459402.0,88,53
23459424.0,84,60
23459433.0,86,51
23459481.0,82,55
23459491.0,83,56
23459579.0,82,63
23459593.0,82,56
23459657.0,83,51
23459690.0,83,57
23459699.0,83,55
23459701.0,84,53
23459775.0,90,52
23459909.0,86,52
23459969.0,91,54
23460000.0,85,58
23460031.0,87,51
23460039.0,85,51
23460086.0,83,55
23460118.0,84,62
23460131.0,88,50
23460189.0,81,62
23460197.0,87,52
23460220.0,87,53
23460339.0,86,51
23460350.0,87,49
23460430.0,97,61
23460459.0,82,50
23460486.0,88,54
23460578.0,100,64
23460617.0,84,52
23460642.0,90,52
23460669.0,83,55
23460705.0,84,57
23460710.0,86,50
23460713.0,89,51
23460729.0,81,52
23460754.0,80,56
23460801.0,83,51
23460821.0,82,55
23461002.0,88,50
23461023.0,83,55
23461033.0,84,50
23461097.0,83,64
23461143.0,85,53
23461279.0,89,54
23461282.0,91,53
23461416.0,11,120
23461444.0,90,53
23461450.0,84,64
23461499.0,85,65
23461511.0,81,63
23461530.0,84,56
23461624.0,83,63
23461655.0,86,65
23461692.0,82,51
23461735.0,84,57
23461740.0,86,50
23461782.0,83,56
23461806.0,86,63
23461813.0,84,56
23461819.0,87,56
23461870.0,84,58
23461881.0,85,65
23461921.0,86,65
23462007.0,86,50
23462015.0,83,52
23462060.0,87,49
23462091.0,83,62
23462092.0,93,66
23462122.0,84,62
23462143.0,90,52
23462280.0,82,59
23462310.0,82,53
23462319.0,81,57
23462326.0,86,62
23462368.0,83,60
23462484.0,92,54
23462543.0,87,51
23462573.0,86,51
23462577.0,82,58
23462673.0,86,50
23462724.0,96,58
23462774.0,93,67
23462780.0,83,51
23462912.0,88,52
23462942.0,81,62
23462970.0,83,60
23462992.0,87,52
23463098.0,91,53
23463182.0,85,62
23463245.0,83,59
23463272.0,88,49
23463311.0,94,56
23463316.0,89,50
23463324.0,92,66
23463328.0,83,65
23463338.0,84,60
23463359.0,82,55
23463361.0,85,61
23463384.0,85,50
23463427.0,81,54
23463477.0,82,52
23463600.0,90,51
23463616.0,91,65
23463637.0,83,60
23463646.0,83,54
23463706.0,93,55
23463822.0,88,49
23463838.0,82,61
23463918.0,89,53
23464108.0,82,63
23464151.0,86,51
23464165.0,89,50
23464173.0,85,50
23464235.0,83,51
23464257.0,90,51
23464261.0,88,65
23464339.0,81,56
23464464.0,89,54
23464484.0,88,51
23464525.0,92,67
23464554.0,87,50
23464571.0,82,54
23464579.0,90,65
23464585.0,94,67
23464653.0,88,53
23464805.0,85,52
23464944.0,83,61
23465112.0,87,52
23465158.0,82,61
23465207.0,84,64
23465221.0,97,66
23465234.0,85,60
23465243.0,83,53
23465286.0,88,49
23465289.0,81,62
23465352.0,84,55
23465378.0,85,57
23465475.0,92,54
23465480.0,84,65
23465528.0,89,54
23465660.0,84,61
23465664.0,84,63
23465695.0,91,52
23465760.0,86,57
23465782.0,86,65
23465792.0,90,54
23465806.0,82,52
23465819.0,83,61
23465888.0,83,63
23465901.0,82,56
23465911.0,86,61
23465911.0,94,66
23465988.0,86,62
23465991.0,84,59
23466015.0,87,66
23466069.0,84,51
23466077.0,89,49
23466108.0,89,65
23466176.0,87,54
23466177.0,97,60
23466282.0,82,62
23466298.0,82,57
23466348.0,86,50
23466414.0,96,58
23466416.0,84,54
23466446.0,89,65
23466498.0,87,66
23466573.0,84,61
23466585.0,88,51
23466601.0,87,65
23466646.0,95,57
23466735.0,93,54
23466834.0,87,49
23466865.0,87,51
23466866.0,82,57
23466873.0,85,57
23466882.0,84,56
23466939.0,89,49
23466990.0,86,50
23466991.0,94,67
23467018.0,85,64
23467137.0,92,53
23467174.0,85,62
23467194.0,83,55
23467214.0,94,55
23467236.0,87,66
23467242.0,89,52
23467298.0,95,66
23467343.0,85,55
23467379.0,88,52
23467381.0,82,51
23467461.0,83,53
23467553.0,90,50
23467570.0,85,59
23467697.0,95,67
23467715.0,91,51
23467745.0,86,56
23467825.0,87,64
23467841.0,87,62
23467911.0,98,61
23467934.0,83,58
23467950.0,87,61
23467994.0,93,54
23468004.0,88,50
23468027.0,82,54
23468122.0,86,52
23468156.0,82,57
23468182.0,90,64
23468215.0,101,67
23468295.0,83,52
23468332.0,83,50
23468345.0,84,54
23468381.0,90,53
23468387.0,91,51
23468392.0,87,51
23468444.0,92,53
23468453.0,83,54
23468484.0,81,56
23468499.0,86,49
23468573.0,83,56
23468577.0,86,57
23468578.0,81,55
23468712.0,85,60
23468754.0,89,51
23468809.0,89,53
23468816.0,84,59
23468876.0,86,64
23468889.0,84,61
23468964.0,85,61
23468967.0,94,55
23469045.0,87,50
23469198.0,83,61
23469200.0,86,60
23469208.0,86,55
23469216.0,86,61
23469218.0,81,54
23469245.0,95,56
23469357.0,89,49
23469374.0,84,55
23469430.0,90,65
23469437.0,80,56
23469477.0,83,59
23469484.0,84,53
23469505.0,85,56
23469535.0,101,66
23469541.0,86,50
23469580.0,80,56
23469609.0,92,52
23469664.0,84,50
23469735.0,90,66
23469823.0,97,58
23469828.0,83,62
23469986.0,88,49
23469993.0,90,49
23470016.0,93,66
23470081.0,85,54
23470095.0,88,50
23470135.0,90,54
23470174.0,82,56
23470190.0,82,62
23470306.0,87,50
23470310.0,84,62
23470352.0,83,51
23470358.0,84,63
23470359.0,85,55
23470376.0,85,56
23470402.0,92,52
23470405.0,84,58
23470439.0,85,52
23470473.0,91,54
23470486.0,82,53
23470505.0,88,51
23470611.0,53,57
23470622.0,89,65
23470632.0,86,61
23470658.0,85,59
23470667.0,86,49
23470730.0,90,49
23470742.0,90,52
23470778.0,91,65
23470804.0,86,57
23470845.0,96,57
23470951.0,82,55
23470986.0,93,65
23471004.0,100,65
23471038.0,85,50
23471049.0,85,59
23471237.0,91,50
23471266.0,90,50
23471272.0,87,50
23471334.0,83,52
23471339.0,83,51
23471345.0,90,53
23471381.0,86,49
23471441.0,83,53
23471503.0,83,57
23471535.0,84,53
23471552.0,85,63
23471575.0,93,53
23471592.0,82,61
23471635.0,83,60
23471669.0,87,56
23471737.0,90,53
23471745.0,85,59
23471758.0,98,60
23471779.0,88,51
23471801.0,92,51
23471905.0,89,51
23471986.0,98,65
23472014.0,92,66
23472024.0,94,65
23472032.0,86,51
23472040.0,85,61
23472066.0,84,55
23472076.0,91,64
23472096.0,82,60
23472136.0,94,54
23472143.0,89,52
23472182.0,84,60
23472189.0,89,64
23472219.0,92,65
23472232.0,89,50
23472323.0,89,51
23472340.0,85,54
23472472.0,93,54
23472488.0,94,66
23472493.0,86,55
23472503.0,89,53
23472521.0,95,55
23472538.0,85,59
23472556.0,86,59
23472578.0,86,63
23472579.0,84,54
23472650.0,83,61
23472656.0,86,60
23472910.0,86,61
23472911.0,83,56
23472963.0,86,60
23473033.0,95,81
23473037.0,86,52
23473087.0,92,51
23473111.0,95,56
23473322.0,84,58
23473345.0,93,53
23473385.0,85,55
23473414.0,88,49
23473462.0,90,51
23473471.0,84,60
23473499.0,91,53
23473505.0,85,59
23473555.0,90,53
23473592.0,83,53
23473626.0,88,50
23473654.0,83,60
23473691.0,85,60
23473710.0,88,64
23473749.0,87,49
23473772.0,82,54
23473847.0,85,53
23473893.0,86,56
23473905.0,89,49
23473920.0,87,61
23473950.0,84,52
23473986.0,91,50
23473994.0,96,56
23474042.0,90,52
23474091.0,93,52
23474145.0,82,55
23474341.0,91,49
23474354.0,85,59
23474364.0,96,59
23474496.0,82,55
23474505.0,99,62
23474523.0,82,61
23474531.0,83,55
23474603.0,107,69
23474649.0,87,51
23474656.0,86,50
23474668.0,86,54
23474728.0,98,59
23474757.0,85,60
23474759.0,88,50
23474771.0,87,63
23474775.0,86,51
23474789.0,92,50
23474795.0,89,51
23474802.0,85,55
23474822.0,90,50
23474823.0,85,50
23474831.0,87,55
23474885.0,84,51
23474911.0,84,54
23474995.0,87,64
23475015.0,86,54
23475057.0,84,53
23475091.0,86,59
23475099.0,91,54
23475108.0,83,52
23475129.0,62,99
23475137.0,82,61
23475157.0,83,61
23475179.0,84,57
23475215.0,85,49
23475223.0,89,64
23475365.0,97,57
23475482.0,55,51
23475579.0,55,50
23475625.0,85,58
23475678.0,84,61
23475679.0,88,63
23475819.0,85,49
23475821.0,92,50
23475843.0,90,52
23475851.0,90,48
23475853.0,83,52
23475867.0,91,52
23475899.0,96,56
23475911.0,82,61
23475966.0,86,58
23475976.0,82,53
23475992.0,86,54
23476158.0,107,70
23476179.0,87,49
23476224.0,85,52
23476227.0,93,51
23476302.0,91,48
23476309.0,90,48
23476330.0,87,60
23476442.0,89,51
23476470.0,86,54
23476549.0,85,54
23476672.0,93,65
23476681.0,95,55
23476682.0,88,49
23476729.0,82,60
23476735.0,86,55
23476746.0,85,60
23476750.0,96,58
23476805.0,70,58
23476827.0,94,53
23476882.0,88,61
23476907.0,89,48
23477106.0,84,53
23477149.0,84,50
23477164.0,97,57
23477278.0,85,62
23477303.0,83,52
23477323.0,88,60
23477422.0,86,63
23477429.0,89,49
23477470.0,85,57
23477473.0,88,59
23477474.0,93,51
23477513.0,85,49
23477553.0,91,53
23477595.0,86,49
23477636.0,83,59
23477646.0,90,52
23477685.0,86,53
23477690.0,92,49
23477712.0,84,59
23477746.0,98,58
23477756.0,82,54
23477842.0,87,56
23477843.0,86,63
23477885.0,91,48
23477928.0,95,54
23477938.0,84,57
23478005.0,87,54
23478231.0,92,53
23478233.0,91,51
23478258.0,90,49
23478324.0,83,56
23478362.0,89,50
23478444.0,84,57
23478457.0,83,60
23478520.0,87,55
23478524.0,87,48
23478598.0,84,59
23478605.0,86,50
23478617.0,96,55
23478632.0,86,60
23478727.0,87,55
23478795.0,88,49
23478799.0,84,56
23478902.0,89,53
23478969.0,91,64
23479026.0,83,56
23479033.0,87,59
23479053.0,91,50
23479077.0,93,50
23479143.0,89,63
23479156.0,88,63
23479174.0,84,57
23479180.0,84,52
23479223.0,91,64
23479299.0,85,61
23479350.0,92,49
23479422.0,84,50
23479521.0,87,63
23479584.0,96,64
23479600.0,84,57
23479626.0,85,59
23479682.0,86,58
23479704.0,83,55
23479704.0,93,50
23479717.0,85,51
23479832.0,85,57
23479859.0,83,60
23479910.0,83,59
23479922.0,89,64
23479932.0,90,50
23479975.0,86,62
23480012.0,83,54
23480044.0,89,49
23480092.0,88,48
23480130.0,91,53
23480139.0,94,53
23480154.0,90,48
23480158.0,90,51
23480164.0,92,48
23480200.0,83,56
23480225.0,99,60
23480266.0,83,60
23480293.0,88,55
23480304.0,91,52
23480310.0,94,64
23480332.0,84,60
23480344.0,87,60
23480429.0,86,52
23480551.0,87,58
23480555.0,98,59
23480559.0,86,49
23480618.0,83,53
23480623.0,92,64
23480733.0,92,53
23480781.0,92,52
23480884.0,84,55
23480916.0,85,59
23480932.0,85,50
23480950.0,93,49
23480989.0,83,52
23481070.0,94,65
23481074.0,91,63
23481125.0,92,52
23481137.0,98,57
23481168.0,87,62
23481221.0,92,48
23481240.0,86,60
23481359.0,91,52
23481364.0,86,48
23481417.0,91,47
23481425.0,85,53
23481436.0,87,49
23481496.0,95,53
23481561.0,89,49
23481576.0,87,55
23481613.0,86,54
23481613.0,99,60
23481650.0,90,50
23481670.0,86,51
23481681.0,85,49
23481688.0,94,51
23481693.0,93,65
23481790.0,87,53
23481793.0,94,65
23481803.0,99,59
23481805.0,92,53
23481814.0,97,56
23481825.0,88,59
23481836.0,86,59
23481848.0,92,51
23481936.0,92,52
23481942.0,87,59
23481954.0,86,57
23482002.0,85,56
23482067.0,84,59
23482074.0,83,53
23482110.0,91,49
23482135.0,86,48
23482157.0,90,63
23482257.0,83,59
23482358.0,93,49
23482403.0,95,54
23482425.0,90,49
23482433.0,96,54
23482458.0,91,64
23482467.0,88,50
23482489.0,85,52
23482522.0,88,55
23482537.0,83,52
23482580.0,90,53
23482609.0,97,57
23482661.0,88,62
23482713.0,98,60
23482757.0,94,66
23482758.0,90,50
23482782.0,87,48
23482789.0,92,47
23482815.0,90,48
23482821.0,89,60
23482881.0,88,50
23482897.0,89,63
23483045.0,87,58
23483168.0,84,60
23483226.0,88,48
23483232.0,94,50
23483245.0,88,60
23483296.0,84,51
23483370.0,86,53
23483388.0,94,65
23483395.0,97,55
23483431.0,95,65
23483526.0,89,53
23483544.0,92,53
23483545.0,91,50
23483573.0,86,50
23483573.0,84,54
23483597.0,99,59
23483632.0,94,52
23483641.0,95,52
23483673.0,85,51
23483689.0,93,53
23483755.0,89,48
23483802.0,85,49
23483829.0,88,54
23483912.0,86,48
23483924.0,84,60
23483976.0,91,48
23484035.0,92,51
23484039.0,92,50
23484056.0,87,48
23484080.0,97,55
23484161.0,93,48
23484275.0,98,57
23484277.0,88,55
23484323.0,87,52
23484352.0,100,62
23484358.0,91,51
23484418.0,87,62
23484449.0,96,56
23484524.0,94,65
23484528.0,96,69
23484533.0,92,52
23484590.0,85,58
23484614.0,97,72
23484634.0,89,62
23484640.0,98,58
23484729.0,96,54
23484756.0,90,53
23484786.0,85,51
23484795.0,86,59
23484814.0,87,59
23484836.0,90,49
23484994.0,92,49
23485030.0,85,60
23485042.0,84,53
23485050.0,84,59
23485112.0,96,55
23485192.0,83,59
23485200.0,89,60
23485254.0,95,53
23485290.0,93,52
23485295.0,95,52
23485344.0,86,56
23485351.0,84,53
23485368.0,98,56
23485454.0,92,47
23485531.0,97,56
23485574.0,92,52
23485588.0,99,58
23485603.0,88,62
23485637.0,94,49
23485638.0,85,55
23485718.0,95,66
23485770.0,85,58
23485861.0,86,57
23485877.0,96,72
23485895.0,88,58
23485916.0,87,54
23485916.0,90,63
23485992.0,86,52
23486010.0,91,47
23486180.0,88,53
23486196.0,87,48
23486204.0,93,53
23486237.0,91,50
23486259.0,97,55
23486268.0,94,49
23486270.0,88,59
23486301.0,95,51
23486338.0,92,49
23486342.0,101,63
23486496.0,93,51
23486556.0,84,59
23486570.0,88,48
23486687.0,87,59
23486692.0,87,51
23486697.0,98,56
23486700.0,93,51
23486822.0,90,48
23486863.0,96,65
23486949.0,95,51
23486970.0,91,62
23487011.0,93,47
23487330.0,86,48
23487342.0,93,51
23487348.0,86,58
23487358.0,92,51
23487366.0,85,59
23487470.0,88,59
23487517.0,90,48
23487563.0,85,54
23487593.0,89,47
23487625.0,93,51
23487770.0,84,52
23487809.0,91,63
23487810.0,89,49
23487812.0,88,57
23487818.0,97,54
23487833.0,95,50
23487898.0,87,53
23487964.0,87,50
23487989.0,88,54
23488039.0,91,49
23488065.0,92,48
23488115.0,100,72
23488185.0,90,47
23488240.0,85,50
23488319.0,93,51
23488388.0,86,60
23488464.0,89,54
23488600.0,95,50
23488642.0,54,55
23488676.0,93,51
23488689.0,94,48
23488738.0,88,52
23488921.0,93,50
23488941.0,88,54
23489012.0,90,62
23489014.0,86,51
23489042.0,93,47
23489055.0,89,62
23489082.0,87,47
23489176.0,88,52
23489209.0,89,49
23489243.0,90,47
23489262.0,90,62
23489273.0,86,58
23489305.0,84,58
23489382.0,96,52
23489386.0,88,47
23489416.0,93,52
23489443.0,98,55
23489515.0,95,52
23489528.0,88,52
23489577.0,99,73
23489589.0,95,64
23489596.0,95,49
23489596.0,88,61
23489608.0,87,58
23489658.0,93,49
23489665.0,94,52
23489686.0,92,47
23489713.0,86,59
23489734.0,89,53
23489798.0,87,56
23489805.0,85,57
23489815.0,90,50
23489828.0,87,52
23489950.0,92,51
23489955.0,53,53
23490005.0,98,57
23490029.0,85,56
23490052.0,86,50
23490060.0,93,52
23490084.0,94,47
23490144.0,85,59
23490152.0,101,64
23490164.0,86,55
23490278.0,96,53
23490304.0,85,55
23490344.0,91,48
23490371.0,88,59
23490409.0,95,49
23490499.0,107,74
23490528.0,88,57
23490532.0,85,54
23490540.0,97,54
23490574.0,96,51
23490611.0,94,63
23490618.0,89,61
23490624.0,88,47
23490657.0,89,48
23490693.0,100,60
23490725.0,91,48
23490765.0,85,57
23490789.0,86,57
23490831.0,53,54
23490870.0,97,53
23490956.0,91,48
23490968.0,89,48
23490973.0,88,51
23490975.0,85,53
23491003.0,88,53
23491011.0,83,60
23491012.0,93,46
23491030.0,94,65
23491188.0,89,53
23491206.0,92,50
23491218.0,85,53
23491229.0,97,64
23491242.0,85,52
23491251.0,87,60
23491308.0,90,47
23491311.0,100,59
23491396.0,88,52
23491426.0,88,50
23491427.0,94,52
23491465.0,92,53
23491550.0,93,63
23491642.0,97,65
23491659.0,89,52
23491660.0,98,55
23491689.0,98,56
23491695.0,87,51
23491719.0,87,49
23491771.0,90,62
23491783.0,92,49
23491815.0,87,48
23491877.0,89,47
23491902.0,95,48
23491979.0,93,48
23491980.0,87,48
23492021.0,91,52
23492092.0,93,51
23492100.0,85,58
23492213.0,85,51
23492224.0,89,54
23492228.0,91,51
23492339.0,89,47
23492457.0,94,51
23492460.0,91,47
23492473.0,86,54
23492529.0,90,50
23492573.0,91,51
23492694.0,95,65
23492755.0,99,58
23492761.0,98,54
23492824.0,93,53
23492902.0,94,65
23492916.0,87,47
23492978.0,96,50
23493035.0,99,56
23493090.0,88,49
23493123.0,85,50
23493149.0,94,50
23493165.0,93,47
23493230.0,97,53
23493248.0,86,57
23493253.0,87,47
23493273.0,92,49
23493298.0,87,50
23493368.0,92,53
23493391.0,88,50
23493492.0,87,48
23493610.0,95,47
23493625.0,89,61
23493667.0,97,52
23493672.0,94,52
23493679.0,95,64
23493710.0,90,54
23493740.0,89,57
23493758.0,94,47
23493766.0,90,62
23493782.0,100,58
23493820.0,108,71
23493825.0,88,60
23493842.0,87,57
23493955.0,89,61
23494034.0,87,47
23494056.0,107,70
23494082.0,88,61
23494085.0,90,62
23494119.0,89,53
23494173.0,87,55
23494192.0,91,61
23494211.0,86,58
23494238.0,86,53
23494239.0,86,49
23494340.0,89,51
23494363.0,95,47
23494363.0,88,52
23494371.0,90,61
23494409.0,94,49
23494436.0,92,62
23494497.0,96,49
23494545.0,86,59
23494551.0,97,52
23494597.0,91,62
23494601.0,95,65
23494626.0,90,57
23494713.0,95,52
23494727.0,95,48
23494728.0,62,56
23494758.0,89,61
23494773.0,96,52
23494795.0,98,54
23494852.0,94,46
23494886.0,93,46
23495055.0,90,53
23495115.0,90,54
23495126.0,91,46
23495296.0,92,48
23495300.0,89,61
23495342.0,87,49
23495485.0,95,65
23495547.0,86,56
23495549.0,88,48
23495571.0,95,46
23495697.0,88,51
23495746.0,90,58
23495770.0,100,57
23495772.0,99,59
23495787.0,97,51
23495804.0,93,50
23495837.0,90,47
23495844.0,99,55
23495857.0,87,47
23495883.0,86,52
23495942.0,94,51
23495974.0,88,55
23495975.0,85,57
23496010.0,97,52
23496053.0,93,47
23496056.0,94,64
23496096.0,89,56
23496098.0,89,46
23496145.0,96,48
23496253.0,95,50
23496255.0,88,57
23496256.0,88,47
23496289.0,90,47
23496310.0,92,47
23496359.0,94,52
23496365.0,92,51
23496416.0,89,50
23496435.0,95,46
23496452.0,88,47
23496468.0,95,51
23496480.0,94,48
23496511.0,86,56
23496593.0,86,51
23496594.0,87,54
23496612.0,98,86
23496657.0,40,52
23496661.0,92,51
23496710.0,88,51
23496809.0,88,50
23496838.0,102,65
23496889.0,91,46
23496906.0,94,47
23496907.0,97,50
23496953.0,87,57
23497005.0,87,59
23497027.0,99,57
23497037.0,88,57
23497084.0,98,53
23497088.0,92,47
23497236.0,93,49
23497241.0,94,63
23497272.0,88,59
23497287.0,108,71
23497303.0,97,51
23497308.0,89,60
23497354.0,88,47
23497442.0,88,51
23497527.0,86,50
23497559.0,91,48
23497563.0,99,56
23497601.0,87,49
23497603.0,89,57
23497629.0,94,46
23497629.0,86,49
23497735.0,89,56
23497747.0,92,46
23497791.0,89,53
23497792.0,86,57
23497816.0,85,50
23497865.0,93,48
23497908.0,97,49
23497940.0,96,47
23497960.0,89,56
23497979.0,95,50
23497996.0,90,46
23498024.0,95,64
23498049.0,88,50
23498120.0,90,58
23498133.0,85,50
23498169.0,99,55
23498279.0,83,108
23498289.0,108,70
23498477.0,94,50
23498504.0,87,53
23498513.0,90,53
23498560.0,87,56
23498560.0,89,49
23498568.0,90,51
23498580.0,108,72
23498624.0,88,49
23498635.0,90,60
23498640.0,95,49
23498665.0,100,56
23498796.0,99,54
23498810.0,91,48
23498869.0,90,54
23498877.0,91,47
23498897.0,97,49
23498916.0,89,49
23498961.0,95,62
23498970.0,91,58
23498991.0,100,60
23499005.0,100,72
23499007.0,95,49
23499017.0,92,61
23499026.0,95,48
23499068.0,88,54
23499077.0,101,59
23499091.0,98,54
23499161.0,91,53
23499179.0,95,65
23499180.0,91,54
23499198.0,92,46
23499292.0,95,63
23499422.0,90,46
23499461.0,98,53
23499500.0,94,49
23499505.0,107,77
23499523.0,100,59
23499553.0,93,47
23499601.0,87,58
23499625.0,90,50
23499675.0,89,48
23499691.0,89,49
23499706.0,88,59
23499778.0,89,47
23499804.0,96,46
23499845.0,93,51
23499856.0,87,52
23499880.0,97,48
23499888.0,91,52
23499889.0,87,58
23499896.0,89,58
23499897.0,87,48
23499902.0,91,48
23499905.0,89,57
23499956.0,106,60
23499959.0,100,58
23499978.0,93,62
23500009.0,90,61
23500049.0,93,52
23500064.0,91,46
23500094.0,89,51
23500135.0,89,60
23500167.0,108,73
23500172.0,101,60
23500227.0,99,54
23500247.0,87,57
23500249.0,97,50
23500303.0,95,64
23500338.0,96,64
23500373.0,95,47
23500501.0,101,59
23500518.0,91,61
23500666.0,70,51
23500697.0,90,56
23500718.0,89,55
23500737.0,88,51
23500830.0,88,48
23500858.0,98,51
23500944.0,104,84
23500965.0,101,58
23500999.0,93,46
23501005.0,89,59
23501073.0,90,52
23501173.0,95,51
23501258.0,94,51
23501269.0,87,49
23501284.0,89,46
23501471.0,94,48
23501477.0,87,51
23501579.0,86,57
23501634.0,97,47
23501651.0,88,56
23501682.0,100,55
23501699.0,94,49
23501753.0,94,46
23501776.0,88,48
23501788.0,96,65
23501830.0,93,46
23501834.0,97,48
23501843.0,95,64
23501848.0,89,57
23501851.0,91,58
23501871.0,88,58
23501885.0,98,50
23501905.0,96,51
23501955.0,87,55
23501975.0,94,46
23501987.0,90,60
23501994.0,93,47
23502005.0,93,50
23502063.0,101,57
23502104.0,95,47
23502140.0,86,56
23502274.0,89,47
23502290.0,96,50
23502357.0,89,49
23502358.0,95,50
23502406.0,91,56
23502540.0,98,52
23502541.0,88,53
23502545.0,90,49
23502604.0,87,49
23502642.0,91,60
23502676.0,91,53
23502783.0,95,46
23502804.0,90,53
23502895.0,87,50
23503039.0,90,48
23503049.0,90,51
23503107.0,91,45
23503152.0,97,46
23503192.0,91,50
23503229.0,91,51
23503233.0,87,55
23503245.0,98,49
23503248.0,92,61
23503307.0,93,50
23503363.0,87,58
23503370.0,89,50
23503499.0,100,56
23503517.0,90,55
23503558.0,98,50
23503609.0,101,57
23503730.0,89,48
23503732.0,88,57
23503773.0,89,59
23503914.0,89,56
23503922.0,104,67
23503955.0,93,45
23503988.0,88,52
23504155.0,90,56
23504202.0,101,56
23504206.0,99,52
23504305.0,87,56
23504323.0,92,46
23504347.0,100,67
23504379.0,91,57
23504393.0,90,46
23504447.0,90,59
23504456.0,88,52
23504457.0,87,57
23504486.0,83,109
23504537.0,96,63
23504544.0,91,45
23504584.0,101,68
23504616.0,91,53
23504666.0,99,66
23504702.0,89,54
23504712.0,89,58
23504736.0,87,57
23504754.0,103,62
23504778.0,96,49
23504780.0,108,73
23504813.0,98,48
23504846.0,100,54
23504856.0,99,53
23504907.0,99,52
23504954.0,99,54
23505004.0,92,52
23505029.0,108,74
23505087.0,88,55
23505099.0,90,47
23505130.0,88,51
23505204.0,98,64
23505293.0,96,47
23505320.0,93,47
23505343.0,95,48
23505358.0,92,52
23505366.0,98,47
23505381.0,94,46
23505557.0,98,51
23505720.0,88,50
23505737.0,91,52
23505856.0,93,45
23505931.0,92,60
23505938.0,99,51
23506044.0,90,54
23506088.0,55,59
23506109.0,90,50
23506119.0,92,45
23506121.0,90,56
23506127.0,69,47
23506137.0,94,45
23506193.0,96,64
23506199.0,95,62
23506205.0,90,55
23506245.0,99,55
23506248.0,89,47
23506289.0,79,59
23506374.0,96,62
23506409.0,89,53
23506426.0,91,48
23506449.0,55,59
23506462.0,103,65
23506504.0,92,46
23506509.0,104,64
23506515.0,108,72
23506526.0,95,62
23506542.0,90,59
23506552.0,97,71
23506592.0,102,61
23506593.0,89,55
23506648.0,102,62
23506665.0,95,61
23506686.0,96,46
23506694.0,92,52
23506744.0,97,50
23506745.0,99,50
23506844.0,94,61
23506877.0,97,51
23506881.0,95,47
23506886.0,91,57
23506890.0,88,49
23506909.0,97,45
23506924.0,92,51
23506927.0,98,63
23506948.0,89,47
23506955.0,92,62
23506980.0,92,45
23507004.0,95,62
23507022.0,98,46
23507088.0,92,53
23507094.0,79,59
23507124.0,90,49
23507144.0,90,46
23507166.0,88,56
23507214.0,91,51
23507222.0,88,48
23507242.0,92,51
23507406.0,94,45
23507422.0,97,49
23507467.0,96,51
23507468.0,97,48
23507549.0,91,48
23507591.0,96,50
23507595.0,102,59
23507647.0,101,55
23507660.0,93,46
23507739.0,98,46
23507743.0,91,55
23507821.0,92,50
23507841.0,90,48
23507890.0,92,51
23507894.0,90,54
23507904.0,88,54
23507950.0,99,49
23507964.0,91,54
23508056.0,93,45
23508144.0,102,58
23508172.0,99,51
23508253.0,98,47
23508290.0,91,46
23508320.0,87,55
23508328.0,90,47
23508332.0,90,56
23508392.0,89,58
23508424.0,91,60
23508429.0,93,45
23508438.0,91,59
23508441.0,99,48
23508455.0,96,49
23508458.0,93,60
23508470.0,96,72
23508491.0,95,46
23508632.0,87,55
23508656.0,90,55
23508667.0,89,57
23508668.0,92,52
23508681.0,91,60
23508685.0,101,55
23508699.0,93,60
23508731.0,94,50
23508761.0,91,45
23508782.0,100,55
23508787.0,96,63
23508842.0,98,45
23508882.0,91,47
23508911.0,97,62
23508951.0,90,53
23508967.0,88,63
23508986.0,99,50
23509079.0,90,47
23509129.0,89,55
23509155.0,97,63
23509179.0,101,54
23509197.0,88,57
23509201.0,90,58
23509256.0,100,54
23509315.0,91,55
23509364.0,99,48
23509365.0,97,47
23509513.0,92,49
23509638.0,99,52
23509732.0,97,49
23509750.0,97,48
23509754.0,97,46
23509761.0,83,107
23509779.0,99,49
23509797.0,99,69
23509854.0,88,54
23509901.0,88,58
23509921.0,109,70
23509964.0,99,47
23510083.0,97,49
23510096.0,89,54
23510126.0,91,49
23510170.0,91,50
23510175.0,100,52
23510226.0,100,70
23510257.0,95,45
23510266.0,98,45
23510290.0,96,48
23510291.0,100,53
23510298.0,92,60
23510377.0,91,48
23510512.0,90,55
23510597.0,92,51
23510610.0,100,51
23510629.0,95,62
23510722.0,92,47
23510747.0,97,49
23510783.0,89,54
23510810.0,91,54
23510816.0,97,45
23510823.0,89,50
23510867.0,102,57
23510881.0,89,47
23510893.0,90,53
23510913.0,96,47
23511074.0,93,60
23511074.0,93,52
23511105.0,88,55
23511192.0,99,46
23511193.0,102,58
23511268.0,92,59
23511318.0,92,48
23511327.0,101,61
23511364.0,102,59
23511387.0,94,61
23511444.0,98,51
23511473.0,89,48
23511502.0,96,63
23511505.0,92,51
23511542.0,93,46
23511556.0,93,59
23511645.0,100,51
23511685.0,96,64
23511693.0,97,50
23511742.0,91,47
23511791.0,101,54
23511826.0,96,62
23511848.0,100,50
23511868.0,89,47
23511917.0,109,71
23511937.0,89,49
23512193.0,97,49
23512245.0,96,46
23512406.0,89,55
23512425.0,89,47
23512426.0,87,55
23512431.0,91,59
23512471.0,84,58
23512486.0,100,49
23512493.0,93,51
23512504.0,94,59
23512521.0,91,47
23512522.0,92,46
23512552.0,91,58
23512610.0,94,45
23512637.0,98,50
23512650.0,90,52
23512760.0,100,48
23512765.0,99,45
23512767.0,93,51
23512817.0,96,63
23512823.0,87,55
23512833.0,90,57
23512856.0,66,57
23512874.0,91,59
23512885.0,101,53
23512886.0,98,47
23512914.0,93,44
23512914.0,98,48
23512926.0,95,61
23512953.0,95,78
23512963.0,93,50
23512976.0,89,56
23513003.0,93,52
23513132.0,100,52
23513142.0,90,54
23513169.0,100,50
23513278.0,92,45
23513295.0,94,60
23513303.0,98,49
23513316.0,89,56
23513385.0,102,55
23513394.0,101,55
23513531.0,88,54
23513543.0,90,46
23513559.0,95,47
23513616.0,96,45
23513715.0,93,51
23513804.0,92,50
23513828.0,97,48
23513885.0,91,53
23514028.0,89,47
23514073.0,95,44
23514087.0,92,49
23514131.0,101,53
23514145.0,98,46
23514163.0,99,46
23514253.0,96,61
23514280.0,89,56
23514303.0,94,47
23514320.0,93,49
23514384.0,91,46
23514488.0,100,47
23514503.0,98,45
23514529.0,89,56
23514571.0,94,44
23514618.0,94,45
23514674.0,89,47
23514675.0,91,57
23514678.0,93,49
23514703.0,97,47
23514716.0,55,52
23514738.0,109,72
23514784.0,90,56
23514882.0,96,47
23514893.0,89,47
23514926.0,109,70
23514966.0,99,45
23514976.0,93,48
23514992.0,102,56
23515047.0,92,54
23515066.0,97,49
23515129.0,101,52
23515148.0,100,46
23515160.0,102,54
23515293.0,98,46
23515298.0,95,47
23515462.0,93,51
23515487.0,100,48
23515504.0,93,49
23515520.0,95,60
23515621.0,95,46
23515626.0,92,48
23515660.0,101,51
23515677.0,100,51
23515896.0,90,47
23515915.0,94,51
23515977.0,91,54
23515985.0,102,55
23515996.0,96,44
23516013.0,92,55
23516058.0,93,51
23516186.0,102,54
23516225.0,89,53
23516225.0,95,44
23516241.0,90,53
23516252.0,92,58
23516279.0,99,85
23516291.0,98,61
23516296.0,90,49
23516305.0,101,49
23516357.0,98,50
23516391.0,97,61
23516405.0,92,53
23516466.0,93,46
23516491.0,91,55
23516524.0,93,50
23516566.0,92,46
23516578.0,93,44
23516583.0,99,50
23516604.0,100,45
23516613.0,105,65
23516666.0,94,50
23516695.0,98,62
23516751.0,103,57
23516787.0,91,52
23516794.0,101,50
23516882.0,97,45
23516902.0,94,52
23516923.0,99,48
23516982.0,96,48
23516993.0,101,52
23516995.0,99,49
23517056.0,65,48
23517199.0,55,56
23517216.0,103,60
23517244.0,103,56
23517291.0,94,44
23517311.0,93,44
23517323.0,90,53
23517427.0,97,46
23517434.0,101,51
23517447.0,93,45
23517450.0,98,49
23517469.0,103,58
23517475.0,101,48
23517549.0,99,51
23517558.0,99,46
23517720.0,90,48
23518048.0,90,55
23518084.0,101,54
23518106.0,99,47
23518107.0,101,50
23518131.0,97,44
23518145.0,93,54
23518189.0,101,49
23518208.0,93,49
23518293.0,101,47
23518325.0,102,53
23518335.0,98,45
23518364.0,93,50
23518384.0,55,55
23518401.0,99,50
23518404.0,101,48
23518411.0,97,45
23518560.0,105,64
23518737.0,103,56
23518777.0,98,48
23518852.0,91,53
23518863.0,102,55
23518900.0,55,55
23518939.0,92,46
23518945.0,95,44
23518969.0,92,57
23519027.0,66,48
23519047.0,93,48
23519098.0,99,51
23519123.0,102,52
23519128.0,99,45
23519173.0,103,55
23519228.0,101,46
23519291.0,91,56
23519356.0,94,47
23519366.0,65,48
23519478.0,91,47
23519549.0,99,45
23519653.0,90,51
23519667.0,91,46
23519709.0,98,47
23519722.0,90,54
23519733.0,98,46
23519738.0,100,45
23519787.0,94,51
23519803.0,97,44
23519858.0,96,49
23519946.0,92,52
23519956.0,89,55
23519968.0,92,59
23520020.0,95,59
23520071.0,91,50
23520077.0,92,54
23520187.0,90,52
23520230.0,95,60
23520243.0,93,46
23520274.0,89,53
23520287.0,94,50
23520327.0,103,57
23520364.0,94,44
23520376.0,101,45
23520548.0,93,58
23520602.0,94,46
23520637.0,94,59
23520641.0,90,46
23520673.0,94,45
23520724.0,98,45
23520748.0,102,54
23520749.0,95,51
23520824.0,98,63
23520880.0,94,48
23521033.0,99,50
23521145.0,102,51
23521176.0,103,55
23521188.0,96,44
23521209.0,97,63
23521239.0,94,50
23521306.0,102,50
23521339.0,52,55
23521393.0,102,52
23521436.0,91,49
23521459.0,91,55
23521472.0,91,53
23521544.0,95,43
23521548.0,90,52
23521572.0,102,53
23521578.0,92,51
23521584.0,93,53
23521622.0,95,50
23521723.0,91,52
23521789.0,99,64
23521821.0,96,61
23521824.0,103,54
23521939.0,93,57
23521945.0,93,45
23522015.0,92,57
23522167.0,100,50
23522193.0,99,49
23522308.0,96,60
23522478.0,102,49
23522532.0,100,47
23522574.0,94,54
23522597.0,98,44
23522609.0,103,54
23522702.0,102,48
23522706.0,100,49
23522792.0,95,51
23522807.0,92,56
23522935.0,90,53
23522966.0,102,56
23522981.0,102,47
23523013.0,100,46
23523034.0,92,53
23523116.0,92,46
23523263.0,101,45
23523281.0,56,61
23523284.0,102,50
23523320.0,103,56
23523429.0,104,57
23523528.0,103,53
23523636.0,94,44
23523682.0,94,58
23523729.0,102,51
23523806.0,91,52
23523838.0,91,54
23523850.0,94,48
23523886.0,93,52
23523963.0,102,46
23523964.0,89,52
23523996.0,97,44
23524147.0,97,45
23524155.0,102,45
23524200.0,99,46
23524200.0,95,45
23524213.0,103,53
23524315.0,59,66
23524454.0,92,49
23524483.0,58,67
23524488.0,104,57
23524513.0,95,46
23524777.0,95,46
23524899.0,99,47
23524951.0,91,48
23524967.0,97,60
23525020.0,92,52
23525049.0,103,52
23525115.0,104,58
23525127.0,91,53
23525143.0,95,50
23525181.0,94,45
23525210.0,92,48
23525300.0,102,45
23525348.0,95,46
23525371.0,99,45
23525394.0,93,51
23525400.0,95,43
23525407.0,58,67
23525413.0,95,44
23525417.0,104,59
23525479.0,104,56
23525532.0,96,51
23525542.0,97,51
23525627.0,95,46
23525683.0,103,55
23525723.0,104,60
23525746.0,90,52
23525912.0,99,46
23525987.0,95,47
23526109.0,91,51
23526139.0,93,51
23526139.0,103,51
23526142.0,98,47
23526145.0,100,49
23526160.0,99,44
23526172.0,96,49
23526362.0,101,48
23526414.0,101,45
23526451.0,101,47
23526470.0,104,61
23526480.0,92,47
23526591.0,95,64
23526603.0,103,50
23526607.0,95,49
23526626.0,101,50
23526652.0,99,49
23526777.0,96,50
23526878.0,101,46
23526884.0,103,52
23526999.0,101,49
23527000.0,103,48
23527000.0,98,46
23527014.0,103,47
23527076.0,98,62
23527083.0,96,60
23527108.0,93,56
23527224.0,92,54
23527264.0,103,46
23527264.0,94,57
23527284.0,95,48
23527321.0,96,58
23527394.0,94,52
23527485.0,98,46
23527509.0,92,52
23527585.0,91,51
23527600.0,100,47
23527616.0,93,46
23527636.0,93,50
23527639.0,98,61
23527692.0,99,63
23527745.0,100,46
23527766.0,99,43
23527837.0,103,47
23527844.0,95,47
23527867.0,93,45
23527933.0,95,54
23527955.0,91,52
23527987.0,104,55
23528000.0,100,71
23528155.0,103,45
23528222.0,95,58
23528244.0,105,62
23528250.0,101,71
23528253.0,104,62
23528254.0,93,45
23528305.0,93,53
23528314.0,96,48
23528350.0,98,60
23528399.0,103,51
23528416.0,102,50
23528589.0,99,50
23528599.0,94,58
23528655.0,97,59
23528673.0,95,46
23528720.0,103,53
23528736.0,95,45
23528743.0,99,72
23528758.0,93,53
23528776.0,100,45
23528802.0,103,50
23528841.0,100,48
23528874.0,105,56
23528886.0,96,47
23528974.0,103,49
23529001.0,104,54
23529016.0,96,43
23529018.0,93,45
23529026.0,92,53
23529060.0,94,58
23529189.0,100,44
23529356.0,98,64
23529522.0,92,51
23529552.0,93,52
23529588.0,104,53
23529696.0,95,44
23529732.0,96,46
23529787.0,104,56
23529990.0,94,52
23530021.0,99,49
23530224.0,93,49
23530230.0,94,47
23530299.0,94,51
23530308.0,92,52
23530327.0,95,53
23530337.0,104,53
23530403.0,91,51
23530430.0,95,57
23530434.0,104,52
23530449.0,93,51
23530615.0,95,44
23530724.0,96,49
23530725.0,103,54
23530756.0,99,47
23530785.0,99,61
23530800.0,94,49
23530833.0,96,44
23530931.0,104,48
23531009.0,102,46
23531096.0,93,51
23531108.0,99,47
23531130.0,104,47
23531151.0,104,49
23531154.0,102,45
23531168.0,97,49
23531169.0,103,52
23531184.0,97,50
23531202.0,102,50
23531231.0,99,46
23531241.0,102,46
23531301.0,94,50
23531353.0,99,64
23531483.0,101,47
23531488.0,104,55
23531493.0,88,87
23531551.0,93,46
23531555.0,98,62
23531556.0,103,46
23531562.0,104,46
23531584.0,99,45
23531601.0,94,52
23531610.0,55,54
23531629.0,104,51
23531631.0,102,48
23531634.0,105,57
23531700.0,104,45
23531714.0,101,49
23531779.0,101,46
23531843.0,100,49
23531858.0,101,48
23531862.0,96,45
23531879.0,104,58
23531905.0,104,52
23531926.0,99,48
23532015.0,93,47
23532144.0,96,53
23532154.0,104,50
23532212.0,97,47
23532243.0,94,56
23532248.0,97,48
23532260.0,96,59
23532281.0,96,46
23532284.0,105,56
23532356.0,100,44
23532438.0,95,52
23532497.0,99,45
23532506.0,94,45
23532510.0,94,53
23532525.0,96,48
23532642.0,96,44
23532654.0,100,43
23532734.0,92,50
23532743.0,99,46
23532825.0,102,49
23532881.0,104,49
23532894.0,99,49
23532939.0,102,51
23532954.0,104,45
23532969.0,93,53
23533034.0,94,55
23533112.0,97,43
23533226.0,105,59
23533317.0,105,58
23533329.0,109,75
23533340.0,104,51
23533391.0,106,65
23533393.0,102,50
23533445.0,104,47
23533447.0,94,51
23533476.0,94,78
23533515.0,92,51
23533568.0,92,50
23533647.0,101,43
23533735.0,95,54
23533799.0,105,60
23533814.0,108,77
23533832.0,104,48
23533850.0,97,46
23534006.0,101,45
23534040.0,93,52
23534055.0,96,58
23534095.0,97,59
23534132.0,97,49
23534185.0,98,62
23534198.0,104,60
23534233.0,98,42
23534244.0,101,44
23534250.0,93,50
23534326.0,100,49
23534613.0,97,50
23534804.0,95,51
23534804.0,92,52
23534809.0,105,59
23534810.0,93,50
23534903.0,103,45
23534980.0,94,49
23534999.0,91,51
23535099.0,100,45
23535118.0,95,50
23535143.0,100,44
23535192.0,103,47
23535206.0,99,43
23535242.0,105,57
23535287.0,100,43
23535314.0,95,53
23535321.0,105,55
23535335.0,102,49
23535384.0,105,47
23535415.0,103,46
23535538.0,105,48
23535579.0,97,48
23535598.0,102,50
23535621.0,96,56
23535689.0,102,48
23535718.0,103,45
23535738.0,96,53
23535758.0,92,50
23535858.0,105,49
23535867.0,97,58
23535908.0,94,51
23535911.0,99,45
23535931.0,103,48
23535943.0,98,60
23535958.0,103,45
23535966.0,95,55
23535967.0,105,53
23535996.0,98,49
23536063.0,95,45
23536086.0,105,52
23536098.0,105,50
23536106.0,105,46
23536130.0,105,60
23536149.0,104,50
23536203.0,105,54
23536205.0,95,46
23536316.0,104,54
23536330.0,103,49
23536374.0,96,52
23536463.0,101,43
23536590.0,102,44
23536680.0,94,54
23536718.0,102,47
23536740.0,93,51
23536763.0,102,43
23536786.0,105,51
23536797.0,105,61
23536825.0,95,47
23536850.0,106,67
23536919.0,105,50
23536945.0,98,47
23536966.0,98,59
23536977.0,98,44
23537009.0,105,52
23537034.0,97,44
23537040.0,100,45
23537043.0,100,44
23537113.0,102,49
23537118.0,92,88
23537123.0,95,51
23537140.0,103,50
23537142.0,102,46
23537147.0,105,58
23537185.0,94,50
23537210.0,99,71
23537265.0,106,67
23537436.0,103,50
23537446.0,98,43
23537469.0,94,48
23537524.0,98,48
23537530.0,98,45
23537531.0,99,42
23537556.0,102,50
23537557.0,97,48
23537651.0,102,48
23537785.0,102,43
23537849.0,96,57
23537897.0,94,48
23537949.0,98,48
23537978.0,105,51
23538006.0,102,45
23538023.0,97,57
23538032.0,95,48
23538064.0,104,53
23538277.0,98,46
23538573.0,103,50
23538585.0,97,47
23538593.0,97,43
23538691.0,101,43
23538698.0,104,45
23538727.0,93,49
23538742.0,104,47
23538828.0,105,53
23538875.0,98,58
23538950.0,98,46
23539051.0,106,57
23539105.0,104,46
23539144.0,100,42
23539404.0,105,55
23539406.0,98,49
23539522.0,101,49
23539523.0,96,44
23539528.0,105,44
23539662.0,101,45
23539703.0,98,48
23539719.0,106,45
23539758.0,106,48
23539758.0,106,46
23539830.0,106,55
23539833.0,96,51
23539851.0,106,47
23539861.0,95,51
23539872.0,93,50
23539940.0,103,46
23539951.0,109,73
23539956.0,105,47
23539963.0,103,47
23540009.0,94,49
23540035.0,104,47
23540039.0,99,43
23540080.0,98,44
23540093.0,98,45
23540101.0,110,73
23540194.0,98,43
23540211.0,103,44
23540263.0,97,52
23540271.0,105,49
23540280.0,106,49
23540371.0,99,60
23540384.0,104,48
23540410.0,106,57
23540422.0,103,48
23540450.0,95,54
23540456.0,100,43
23540493.0,99,63
23540521.0,99,49
23540534.0,106,54
23540574.0,97,57
23540578.0,106,45
23540594.0,96,56
23540597.0,94,51
23540606.0,88,86
23540618.0,99,42
23540699.0,103,45
23540754.0,99,50
23540759.0,105,57
23540784.0,95,55
23540799.0,103,49
23540822.0,106,47
23540865.0,105,55
23540873.0,106,56
23540899.0,94,49
23540969.0,101,42
23540978.0,104,49
23540993.0,106,48
23540999.0,96,49
23541055.0,96,50
23541110.0,106,49
23541135.0,99,48
23541169.0,105,51
23541172.0,103,43
23541218.0,98,47
23541246.0,106,55
23541304.0,97,46
23541307.0,106,50
23541378.0,99,45
23541389.0,106,53
23541399.0,98,46
23541419.0,97,56
23541448.0,94,52
23541480.0,106,58
23541495.0,105,61
23541531.0,97,58
23541547.0,106,52
23541551.0,103,48
23541640.0,106,54
23541707.0,103,50
23542040.0,107,67
23542084.0,98,57
23542110.0,98,43
23542121.0,104,50
23542127.0,96,51
23542137.0,101,50
23542176.0,106,51
23542253.0,105,45
23542267.0,106,50
23542311.0,64,60
23542313.0,99,46
23542355.0,104,50
23542441.0,97,51
23542579.0,99,47
23542621.0,95,50
23542643.0,95,53
23542676.0,98,59
23542742.0,96,50
23542799.0,96,48
23542812.0,96,47
23542863.0,100,62
23542963.0,106,66
23542993.0,99,62
23543015.0,95,49
23543030.0,104,50
23543060.0,105,46
23543088.0,106,46
23543090.0,97,43
23543090.0,99,44
23543108.0,102,43
23543139.0,105,47
23543169.0,106,52
23543183.0,103,44
23543240.0,99,59
23543302.0,102,48
23543363.0,107,65
23543386.0,93,83
23543392.0,107,46
23543427.0,98,52
23543429.0,99,44
23543439.0,106,53
23543624.0,102,45
23543635.0,102,47
23543687.0,106,67
23543756.0,101,47
23543770.0,104,47
23543812.0,107,45
23543901.0,99,43
23543967.0,104,44
23543991.0,102,42
23544000.0,99,58
23544022.0,107,47
23544055.0,102,47
23544064.0,107,48
23544102.0,104,43
23544144.0,105,54
23544174.0,103,48
23544174.0,94,50
23544249.0,107,46
23544306.0,102,45
23544354.0,104,46
23544403.0,102,49
23544403.0,95,49
23544470.0,99,46
23544497.0,99,48
23544506.0,102,43
23544524.0,97,44
23544558.0,97,50
23544573.0,99,43
23544578.0,104,45
23544654.0,106,55
23544657.0,107,45
23544925.0,105,48
23545115.0,107,49
23545244.0,97,46
23545246.0,95,50
23545258.0,104,48
23545266.0,102,48
23545325.0,103,46
23545356.0,93,49
23545362.0,97,70
23545375.0,96,46
23545401.0,107,48
23545434.0,95,51
23545442.0,104,49
23545444.0,99,45
23545453.0,105,49
23545489.0,100,43
23545531.0,98,58
23545538.0,105,52
23545554.0,106,56
23545554.0,99,47
23545571.0,107,47
23545600.0,95,50
23545608.0,96,50
23545611.0,94,49
23545729.0,106,50
23545801.0,100,45
23545803.0,96,55
23545817.0,104,50
23545818.0,107,64
23545901.0,107,50
23545959.0,100,59
23545968.0,106,64
23545979.0,102,49
23546029.0,106,52
23546182.0,96,46
23546218.0,97,49
23546239.0,97,57
23546353.0,97,56
23546370.0,100,46
23546438.0,106,57
23546441.0,106,46
23546461.0,97,48
23546477.0,107,57
23546511.0,95,52
23546516.0,102,47
23546564.0,95,48
23546689.0,95,50
23546699.0,107,50
23546716.0,100,48
23546781.0,107,53
23546794.0,97,50
23546834.0,106,45
23546958.0,105,50
23546983.0,100,44
23546990.0,97,48
23547040.0,107,55
23547058.0,96,49
23547138.0,107,45
23547175.0,101,59
23547183.0,96,53
23547188.0,100,48
23547244.0,103,43
23547253.0,107,56
23547265.0,100,47
23547374.0,95,48
23547382.0,93,57
23547437.0,106,54
23547445.0,107,52
23547457.0,100,43
23547548.0,98,56
23547566.0,97,47
23547613.0,107,49
23547695.0,103,43
23547702.0,106,61
23547717.0,101,42
23547800.0,103,42
23547822.0,108,46
23547873.0,107,50
23547894.0,103,44
23547937.0,107,53
23547965.0,103,45
23547990.0,97,55
23548010.0,103,46
23548015.0,107,55
23548016.0,108,45
23548047.0,106,47
23548215.0,98,52
23548242.0,107,54
23548247.0,106,46
23548311.0,100,48
23548342.0,110,74
23548380.0,98,57
23548384.0,103,46
23548389.0,108,48
23548424.0,93,82
23548478.0,105,46
23548503.0,103,48
23548509.0,105,49
23548688.0,95,49
23548787.0,107,51
23548823.0,105,45
23548835.0,96,48
23548839.0,107,57
23548868.0,108,46
23548873.0,100,48
23548882.0,103,45
23548928.0,107,54
23548977.0,103,42
23549057.0,97,49
23549083.0,105,49
23549115.0,105,44
23549122.0,108,49
23549176.0,106,48
23549191.0,103,44
23549297.0,103,49
23549315.0,108,48
23549316.0,108,47
23549351.0,105,48
23549561.0,97,45
23549700.0,91,47
23549720.0,107,58
23549736.0,98,50
23549788.0,100,45
23549800.0,108,45
23549815.0,100,49
23549829.0,107,45
23549831.0,107,53
23549940.0,101,47
23549949.0,105,49
23550005.0,96,48
23550045.0,105,47
23550155.0,108,49
23550213.0,103,48
23550219.0,99,57
23550223.0,101,44
23550268.0,99,58
23550281.0,106,58
23550335.0,101,46
23550408.0,95,48
23550413.0,105,48
23550453.0,98,46
23550472.0,100,47
23550473.0,99,56
23550495.0,100,42
23550588.0,101,48
23550641.0,103,47
23550648.0,107,55
23550749.0,98,45
23550760.0,98,49
23550793.0,99,43
23550817.0,101,48
23550817.0,96,50
23550900.0,106,49
23550935.0,103,49
23550964.0,101,49
23551034.0,104,43
23551041.0,106,43
23551071.0,107,56
23551261.0,98,48
23551293.0,108,50
23551307.0,98,50
23551316.0,94,49
23551382.0,102,42
23551399.0,101,60
23551414.0,105,50
23551426.0,103,48
23551446.0,97,53
23551574.0,107,46
23551661.0,55,61
23551670.0,107,52
23551810.0,101,43
23551816.0,100,55
23551925.0,107,45
23551949.0,106,59
23551949.0,107,46
23551962.0,100,62
23552026.0,107,58
23552034.0,109,45
23552044.0,107,47
23552070.0,100,58
23552074.0,97,55
23552106.0,106,55
23552108.0,99,86
23552190.0,98,47
23552240.0,106,44
23552265.0,99,47
23552307.0,106,45
23552320.0,106,46
23552350.0,107,47
23552355.0,106,50
23552378.0,104,42
23552381.0,109,47
23552386.0,98,49
23552439.0,102,71
23552444.0,106,48
23552471.0,99,43
23552500.0,99,51
23552505.0,108,50
23552506.0,102,42
23552510.0,104,46
23552543.0,104,43
23552565.0,100,62
23552588.0,95,48
23552616.0,102,43
23552695.0,96,49
23552715.0,104,48
23552726.0,106,48
23552744.0,98,47
23552781.0,104,45
23552799.0,109,46
23552861.0,109,48
23552872.0,99,46
23552878.0,97,48
23552907.0,108,51
23552975.0,107,46
23553038.0,95,48
23553067.0,107,47
23553092.0,109,45
23553094.0,96,47
23553162.0,99,88
23553186.0,106,46
23553259.0,100,46
23553269.0,107,47
23553279.0,106,47
23553291.0,98,56
23553300.0,103,41
23553357.0,109,47
23553367.0,101,42
23553371.0,107,48
23553383.0,97,52
23553398.0,99,44
23553432.0,97,48
23553451.0,101,48
23553484.0,98,55
23553486.0,96,54
23553489.0,107,50
23553522.0,108,53
23553572.0,109,48
23553632.0,106,68
23553669.0,107,46
23553677.0,108,52
23553742.0,99,52
23553877.0,104,49
23553921.0,98,54
23553978.0,95,48
23554003.0,96,48
23554054.0,109,49
23554075.0,104,46
23554138.0,106,43
23554213.0,106,49
23554282.0,102,46
23554346.0,102,44
23554448.0,100,52
23554508.0,96,52
23554559.0,106,48
23554601.0,99,47
23554601.0,97,53
23554621.0,99,51
23554716.0,99,50
23554720.0,108,45
23554725.0,107,53
23554757.0,108,54
23554803.0,108,51
23554824.0,99,49
23554836.0,104,47
23554839.0,105,43
23554856.0,107,43
23554870.0,99,47
23554895.0,102,45
23554921.0,102,47
23554934.0,100,42
23554935.0,108,55
23554948.0,107,49
23554985.0,108,46
23555024.0,99,45
23555065.0,108,53
23555141.0,110,71
23555156.0,98,48
23555193.0,106,49
23555202.0,108,65
23555228.0,102,48
23555238.0,108,56
23555240.0,105,44
23555244.0,103,42
23555246.0,102,43
23555358.0,99,48
23555361.0,97,47
23555380.0,107,44
23555483.0,102,42
23555583.0,101,45
23555648.0,107,43
23555671.0,106,50
23555682.0,99,47
23555713.0,108,57
23555743.0,99,46
23555761.0,109,50
23555897.0,107,57
23556000.0,105,42
23556091.0,105,45
23556091.0,107,58
23556107.0,107,45
23556132.0,100,43
23556150.0,101,44
23556156.0,100,51
23556182.0,109,72
23556215.0,108,66
23556317.0,108,47
23556320.0,104,41
23556363.0,106,49
23556383.0,105,45
23556415.0,109,50
23556443.0,102,45
23556481.0,105,43
23556545.0,102,44
23556551.0,99,49
23556553.0,101,46
23556591.0,105,46
23556593.0,104,44
23556593.0,103,42
23556648.0,93,58
23556665.0,107,50
23556714.0,108,54
23556726.0,99,50
23556757.0,107,67
23556785.0,110,45
23556815.0,98,48
23556852.0,105,42
23556987.0,110,47
23557060.0,108,52
23557074.0,111,72
23557080.0,100,57
23557086.0,105,47
23557106.0,105,44
23557107.0,109,51
23557180.0,107,59
23557192.0,97,48
23557245.0,105,41
23557352.0,110,48
23557420.0,97,49
23557430.0,104,48
23557449.0,102,42
23557470.0,109,45
23557518.0,107,44
23557605.0,107,60
23557647.0,97,51
23557649.0,96,48
23557697.0,106,48
23557769.0,103,44
23557786.0,102,47
23557815.0,107,45
23557828.0,107,47
23557851.0,110,45
23557852.0,109,48
23557865.0,106,43
23557940.0,109,51
23558001.0,107,46
23558016.0,108,48
23558055.0,106,60
23558121.0,38,92
23558158.0,105,48
23558179.0,105,46
23558242.0,110,48
23558270.0,98,54
23558312.0,98,47
23558338.0,101,42
23558363.0,99,56
23558421.0,104,41
23558592.0,103,42
23558612.0,102,45
23558643.0,106,50
23558855.0,103,45
23558899.0,110,49
23558956.0,109,46
23558995.0,100,51
23559049.0,99,51
23559057.0,111,46
23559100.0,98,52
23559125.0,102,46
23559146.0,102,49
23559164.0,105,47
23559192.0,106,42
23559197.0,108,56
23559237.0,107,48
23559319.0,103,44
23559375.0,99,48
23559384.0,109,52
23559447.0,105,48
23559458.0,100,49
23559489.0,108,49
23559510.0,108,43
23559593.0,110,47
23559617.0,103,47
23559623.0,100,48
23559625.0,105,47
23559656.0,101,43
23559662.0,103,46
23559707.0,107,49
23559732.0,99,49
23559732.0,110,75
23559766.0,105,49
23559797.0,97,48
23559835.0,100,46
23559847.0,108,44
23559955.0,111,46
23559972.0,110,50
23559981.0,99,54
23559990.0,109,47
23560000.0,104,42
23560002.0,92,52
23560006.0,103,42
23560007.0,109,52
23560017.0,107,52
23560175.0,108,45
23560243.0,100,58
23560382.0,101,52
23560434.0,106,45
23560434.0,109,76
23560448.0,100,47
23560450.0,110,45
23560457.0,108,43
23560489.0,109,53
23560534.0,98,51
23560553.0,104,43
23560554.0,107,50
23560619.0,107,67
23560684.0,101,59
23560725.0,111,47
23560826.0,103,45
23560850.0,103,48
23560894.0,108,46
23560898.0,105,49
23561092.0,106,44
23561169.0,97,47
23561248.0,98,53
23561258.0,108,45
23561289.0,110,50
23561311.0,99,55
23561362.0,110,49
23561403.0,107,48
23561424.0,106,46
23561449.0,107,50
23561460.0,109,48
23561482.0,99,47
23561528.0,111,48
23561540.0,108,49
23561545.0,108,47
23561553.0,97,47
23561563.0,107,63
23561582.0,98,50
23561598.0,98,48
23561599.0,104,44
23561623.0,100,49
23561648.0,109,54
23561783.0,109,50
23561794.0,107,49
23561833.0,103,47
23561866.0,109,53
23561866.0,107,63
23561904.0,106,63
23561924.0,106,45
23561936.0,102,42
23562133.0,108,49
23562161.0,105,41
23562180.0,104,42
23562205.0,101,50
23562219.0,106,48
23562236.0,98,49
23562278.0,111,49
23562292.0,107,43
23562403.0,103,41
23562419.0,109,48
23562438.0,106,42
23562459.0,100,48
23562535.0,109,47
23562546.0,108,47
23562559.0,111,47
23562587.0,108,49
23562648.0,109,55
23562689.0,109,48
23562770.0,103,48
23562774.0,103,49
23562776.0,108,48
23562800.0,106,46
23562810.0,107,42
23562813.0,108,50
23562836.0,109,46
23562859.0,107,44
23562970.0,101,45
23563052.0,107,45
23563082.0,101,48
23563088.0,100,56
23563121.0,108,49
23563202.0,99,47
23563260.0,110,46
23563263.0,103,47
23563265.0,111,48
23563269.0,104,45
23563365.0,111,46
23563368.0,109,44
23563415.0,108,50
23563423.0,104,43
23563443.0,111,49
23563482.0,105,42
23563514.0,107,42
23563516.0,109,56
23563578.0,106,43
23563693.0,109,52
23563706.0,110,45
23563721.0,108,52
23563724.0,109,46
23563765.0,98,47
23563781.0,101,46
23563806.0,99,52
23563873.0,110,47
23563874.0,109,43
23563911.0,106,49
23563915.0,109,45
23563956.0,99,46
23563994.0,101,70
23563999.0,110,51
23564049.0,110,52
23564141.0,108,49
23564186.0,106,47
23564191.0,103,44
23564271.0,106,44
23564283.0,108,57
23564285.0,109,49
23564332.0,107,43
23564380.0,109,55
23564381.0,99,54
23564382.0,102,48
23564398.0,104,42
23564414.0,104,47
23564434.0,103,48
23564534.0,104,46
23564535.0,104,44
23564546.0,107,46
23564635.0,101,47
23564768.0,107,41
23564785.0,108,48
23564822.0,104,45
23564832.0,100,57
23564886.0,105,43
23564892.0,109,54
23564898.0,100,47
23565004.0,108,43
23565033.0,101,49
23565135.0,110,52
23565172.0,101,52
23565239.0,109,46
23565248.0,101,47
23565252.0,107,45
23565253.0,103,46
23565265.0,108,58
23565276.0,99,46
23565305.0,104,48
23565320.0,106,48
23565597.0,107,44
23565601.0,99,51
23565678.0,102,44
23565722.0,111,50
23565778.0,109,57
23565793.0,108,50
23565799.0,100,55
23565837.0,106,49
23565840.0,107,60
23565862.0,110,48
23565954.0,103,42
23565981.0,108,49
23566051.0,105,42
23566070.0,104,46
23566102.0,110,53
23566159.0,109,47
23566207.0,100,52
23566254.0,106,45
23566287.0,105,44
23566351.0,109,50
23566356.0,104,47
23566426.0,106,42
23566574.0,108,44
23566628.0,99,50
23566641.0,102,45
23566670.0,109,56
23566680.0,105,43
23566684.0,107,65
23566924.0,108,59
23566971.0,107,46
23567077.0,100,54
23567211.0,109,53
23567220.0,102,43
23567282.0,107,48
23567316.0,107,45
23567343.0,108,45
23567357.0,111,51
23567361.0,99,47
23567368.0,109,50
23567385.0,108,56
23567390.0,108,50
23567449.0,108,54
23567470.0,110,47
23567485.0,106,41
23567498.0,110,45
23567562.0,99,49
23567716.0,111,47
23567766.0,110,53
23567796.0,109,48
23567840.0,102,43
23567843.0,110,47
23567900.0,108,41
23567957.0,100,47
23568011.0,106,43
23568128.0,100,46
23568168.0,109,43
23568194.0,105,45
23568209.0,108,48
23568321.0,110,43
23568346.0,110,49
23568377.0,108,43
23568441.0,105,46
23568552.0,107,49
23568563.0,110,53
23568564.0,110,49
23568624.0,109,49
23568629.0,105,45
23568649.0,105,47
23568666.0,99,46
23568708.0,107,47
23568760.0,101,49
23568783.0,110,44
23568809.0,99,53
23568817.0,102,48
23568823.0,110,46
23568838.0,101,47
23568870.0,102,46
23568870.0,105,46
23568892.0,105,44
23568967.0,107,49
23568982.0,104,49
23569015.0,102,47
23569045.0,111,47
23569115.0,102,50
23569126.0,107,41
23569225.0,101,48
23569231.0,110,49
23569254.0,108,46
23569291.0,108,44
23569348.0,106,44
23569360.0,101,50
23569388.0,110,76
23569391.0,109,43
23569479.0,111,47
23569479.0,107,48
23569531.0,110,52
23569590.0,111,48
23569621.0,110,45
23569666.0,107,41
23569718.0,109,54
23569901.0,103,44
23569955.0,111,52
23569970.0,108,45
23570144.0,107,44
23570163.0,103,44
23570295.0,110,47
23570315.0,109,42
23570332.0,104,47
23570342.0,111,44
23570437.0,104,48
23570452.0,109,49
23570485.0,107,42
23570514.0,109,50
23570527.0,110,55
23570592.0,108,47
23570626.0,104,46
23570651.0,104,44
23570757.0,106,45
23570767.0,109,64
23570774.0,110,46
23570785.0,101,46
23570865.0,103,44
23571069.0,109,44
23571137.0,110,51
23571205.0,111,45
23571254.0,102,50
23571285.0,100,55
23571294.0,111,50
23571313.0,106,42
23571321.0,103,44
23571346.0,108,44
23571350.0,109,55
23571357.0,109,44
23571388.0,109,43
23571428.0,108,43
23571442.0,105,48
23571459.0,106,43
23571524.0,104,43
23571571.0,100,47
23571642.0,108,48
23571650.0,108,46
23571660.0,105,45
23571711.0,109,45
23571805.0,110,43
23571952.0,111,45
23571954.0,111,43
23572018.0,101,46
23572041.0,110,54
23572043.0,103,45
23572048.0,105,47
23572100.0,111,52
23572114.0,108,47
23572126.0,100,56
23572175.0,107,43
23572211.0,110,56
23572225.0,100,53
23572255.0,110,48
23572272.0,106,46
23572290.0,108,64
23572307.0,109,45
23572435.0,107,49
23572455.0,108,41
23572455.0,110,49
23572578.0,90,88
23572632.0,100,48
23572675.0,111,49
23572725.0,102,49
23572746.0,105,49
23572749.0,100,51
23572773.0,109,57
23572793.0,109,46
23572816.0,102,47
23572830.0,112,48
23572856.0,101,47
23572884.0,100,49
23572929.0,110,50
23572942.0,105,48
23573007.0,111,44
23573047.0,104,42
23573055.0,102,48
23573057.0,107,44
23573062.0,105,46
23573107.0,111,46
23573124.0,104,44
23573128.0,103,49
23573136.0,108,47
23573157.0,105,44
23573167.0,103,47
23573206.0,107,42
23573295.0,110,49
23573397.0,109,42
23573458.0,105,42
23573505.0,109,44
23573555.0,103,43
23573561.0,108,49
23573675.0,106,47
23573704.0,103,50
23573747.0,110,42
23573783.0,109,48
23573791.0,112,51
23573886.0,101,54
23573900.0,108,48
23573903.0,110,56
23573992.0,103,48
23574009.0,111,54
23574045.0,100,46
23574076.0,113,50
23574077.0,100,54
23574194.0,102,58
23574222.0,103,57
23574235.0,107,42
23574256.0,96,80
23574270.0,103,46
23574311.0,110,57
23574345.0,111,53
23574365.0,103,57
23574382.0,114,48
23574445.0,107,59
23574500.0,106,48
23574526.0,109,45
23574537.0,108,59
23574560.0,110,51
23574595.0,102,46
23574656.0,100,52
23574688.0,111,47
23574753.0,110,50
23574765.0,110,44
23574769.0,109,47
23574816.0,107,43
23574837.0,101,57
23574863.0,113,49
23574886.0,107,45
23574891.0,106,44
23575053.0,109,43
23575093.0,108,43
23575108.0,111,50
23575441.0,110,49
23575569.0,113,47
23575576.0,110,50
23575605.0,102,47
23575616.0,110,47
23575642.0,110,45
23575871.0,101,47
23575936.0,108,42
23575951.0,110,43
23575974.0,101,45
23575976.0,109,48
23576079.0,106,47
23576140.0,109,46
23576150.0,107,63
23576153.0,111,54
23576204.0,109,48
23576215.0,113,48
23576218.0,110,42
23576218.0,104,45
23576234.0,109,63
23576257.0,112,46
23576260.0,114,49
23576333.0,101,47
23576357.0,111,48
23576361.0,110,55
23576372.0,109,41
23576458.0,106,48
23576492.0,110,44
23576496.0,112,48
23576515.0,112,45
23576610.0,105,46
23576698.0,108,42
23576749.0,108,49
23576758.0,111,44
23576816.0,107,46
23576840.0,109,48
23576914.0,109,47
23576944.0,109,42
23576959.0,110,46
23576965.0,101,47
23577158.0,104,47
23577171.0,101,48
23577253.0,103,48
23577335.0,106,46
23577374.0,111,42
23577392.0,104,46
23577420.0,109,48
23577447.0,101,46
23577574.0,105,44
23577665.0,111,49
23577677.0,101,48
23577752.0,106,49
23577773.0,112,50
23577778.0,113,48
23577819.0,111,44
23577858.0,110,45
23577875.0,102,45
23577941.0,103,47
23577963.0,108,42
23577994.0,107,44
23577997.0,111,50
23578008.0,110,51
23578046.0,112,50
23578082.0,104,48
23578108.0,107,41
23578113.0,106,48
23578198.0,103,46
23578233.0,109,50
23578297.0,101,48
23578307.0,101,49
23578330.0,114,50
23578332.0,111,44
23578456.0,107,47
23578460.0,109,49
23578469.0,101,48
23578502.0,111,49
23578544.0,111,50
23578578.0,104,50
23578579.0,110,50
23578652.0,110,47
23578697.0,107,47
23578841.0,109,48
23578962.0,111,45
23579028.0,114,47
23579032.0,101,45
23579054.0,102,46
23579079.0,106,47
23579089.0,105,43
23579094.0,104,49
23579131.0,111,43
23579162.0,106,45
23579209.0,108,43
23579215.0,105,45
23579259.0,113,45
23579336.0,101,51
23579682.0,107,45
23579718.0,111,55
23579747.0,104,47
23579771.0,112,47
23579831.0,109,43
23579878.0,109,42
23580007.0,111,50
23580053.0,104,47
23580088.0,115,48
23580149.0,110,46
23580185.0,107,48
23580214.0,106,43
23580252.0,85,86
23580290.0,109,43
23580327.0,101,52
23580337.0,103,46
23580388.0,107,46
23580417.0,110,57
23580423.0,103,49
23580426.0,107,42
23580510.0,110,44
23580523.0,103,47
23580536.0,112,48
23580615.0,109,42
23580623.0,111,56
23580744.0,107,42
23580837.0,115,49
23580848.0,111,51
23580908.0,111,46
23580957.0,104,47
23580987.0,108,45
23581091.0,107,47
23581116.0,102,46
23581218.0,113,46
23581223.0,111,44
23581278.0,106,44
23581306.0,103,45
23581316.0,110,47
23581355.0,109,44
23581485.0,104,47
23581569.0,101,70
23581634.0,109,59
23581676.0,112,50
23581765.0,105,46
23581767.0,110,42
23581859.0,104,50
23581930.0,109,42
23582022.0,101,54
23582069.0,103,45
23582133.0,108,46
23582211.0,114,48
23582234.0,110,51
23582381.0,109,49
23582385.0,110,48
23582667.0,102,47
23582705.0,112,49
23582706.0,111,51
23582716.0,108,49
23582781.0,105,47
23582800.0,111,45
23582929.0,102,45
23582947.0,112,43
23582965.0,111,47
23583001.0,108,46
23583020.0,104,46
23583037.0,111,46
23583067.0,113,47
23583076.0,110,49
23583084.0,108,45
23583126.0,104,49
23583186.0,115,50
23583227.0,108,47
23583250.0,101,51
23583289.0,109,44
23583329.0,107,48
23583335.0,111,47
23583363.0,102,45
23583383.0,112,45
23583440.0,109,47
23583481.0,106,45
23583516.0,110,58
23583643.0,109,58
23583663.0,110,43
23583697.0,107,42
23583727.0,113,50
23583940.0,108,44
23584019.0,112,51
23584021.0,108,46
23584046.0,102,48
23584072.0,110,48
23584088.0,111,42
23584089.0,114,49
23584113.0,114,46
23584195.0,107,50
23584223.0,105,48
23584270.0,102,46
23584345.0,111,57
23584414.0,112,50
23584450.0,102,61
23584502.0,108,58
23584562.0,113,44
23584565.0,109,45
23584628.0,111,46
23584649.0,102,49
23584673.0,104,45
23584684.0,113,48
23584689.0,102,55
23584723.0,108,42
23584791.0,105,49
23584795.0,75,57
23584884.0,111,48
23584932.0,111,51
23585013.0,110,46
23585084.0,109,69
23585116.0,110,44
23585200.0,110,42
23585241.0,108,48
23585303.0,107,44
23585372.0,109,45
23585436.0,111,48
23585488.0,106,45
23585493.0,115,48
23585502.0,105,50
23585507.0,116,49
23585522.0,114,52
23585549.0,112,44
23585561.0,112,46
23585647.0,110,43
23585649.0,102,50
23585695.0,110,49
23585762.0,106,46
23585779.0,113,45
23585816.0,109,43
23585831.0,102,70
23585875.0,104,46
23585928.0,108,47
23585940.0,106,45
23585979.0,111,47
23586031.0,109,46
23586183.0,113,49
23586234.0,104,47
23586263.0,104,45
23586264.0,109,46
23586315.0,115,51
23586347.0,107,46
23586355.0,114,47
23586388.0,113,43
23586451.0,108,43
23586504.0,102,57
23586600.0,111,43
23586601.0,111,42
23586609.0,113,43
23586636.0,108,48
23586814.0,110,50
23586831.0,103,45
23586991.0,106,47
23587163.0,116,50
23587215.0,83,105
23587229.0,109,47
23587240.0,103,46
23587492.0,113,51
23587586.0,104,48
23587614.0,107,62
23587633.0,107,45
23587654.0,110,45
23587745.0,112,51
23587805.0,111,49
23587825.0,105,46
23587880.0,115,46
23587881.0,102,51
23587907.0,105,48
23588027.0,113,44
23588058.0,113,46
23588070.0,114,48
23588106.0,114,50
23588133.0,102,53
23588231.0,115,49
23588397.0,110,65
23588425.0,103,47
23588431.0,116,48
23588449.0,106,47
23588497.0,109,65
23588505.0,113,50
23588560.0,109,46
23588567.0,110,50
23588642.0,105,47
23588665.0,111,48
23588749.0,108,48
23588826.0,108,44
23588979.0,111,44
23589086.0,105,51
23589107.0,106,48
23589168.0,103,56
23589365.0,112,48
23589383.0,114,45
23589401.0,111,56
23589427.0,110,46
23589473.0,113,54
23589488.0,117,49
23589512.0,107,49
23589555.0,109,47
23589576.0,103,56
23589803.0,111,49
23589805.0,103,48
23589833.0,111,42
23589912.0,115,47
23589931.0,110,45
23590023.0,114,43
23590050.0,109,43
23590230.0,109,48
23590232.0,107,46
23590336.0,105,49
23590414.0,108,66
23590515.0,115,52
23590608.0,106,49
23590781.0,111,44
23590795.0,111,50
23590929.0,111,43
23590934.0,117,50
23591006.0,103,49
23591108.0,113,45
23591302.0,113,47
23591359.0,110,49
23591378.0,115,50
23591495.0,116,46
23591502.0,105,46
23591785.0,114,51
23591792.0,114,46
23591809.0,108,45
23591874.0,104,45
23591886.0,102,54
23591998.0,106,50
23592076.0,115,48
23592107.0,113,50
23592172.0,106,47
23592182.0,107,47
23592182.0,116,49
23592221.0,110,43
23592310.0,104,46
23592386.0,110,42
23592390.0,112,49
23592478.0,102,52
23592617.0,74,55
23592675.0,109,47
23592701.0,114,44
23592707.0,109,48
23592708.0,110,44
23592816.0,114,50
23592833.0,110,47
23592906.0,106,46
23592924.0,103,50
23593007.0,111,52
23593124.0,83,106
23593158.0,105,50
23593335.0,113,48
23593510.0,116,47
23593631.0,110,59
23593678.0,114,47
23593881.0,116,47
23594122.0,111,46
23594171.0,104,47
23594254.0,114,45
23594308.0,107,47
23594312.0,105,48
23594316.0,115,45
23594350.0,110,46
23594373.0,112,52
23594445.0,106,46
23594446.0,80,57
23594546.0,107,48
23594561.0,110,57
23594563.0,115,53
23594577.0,108,46
23594620.0,109,44
23594727.0,110,43
23594810.0,111,42
23594875.0,111,57
23594880.0,114,54
23594884.0,115,46
23594886.0,115,44
23594912.0,109,44
23595011.0,110,64
23595178.0,113,52
23595398.0,105,47
23595422.0,115,43
23595452.0,113,46
23595487.0,106,45
23595575.0,111,58
23595646.0,112,50
23595658.0,109,44
23595666.0,112,51
23595733.0,113,44
23595786.0,113,49
23595805.0,113,47
23595828.0,110,44
23595852.0,90,86
23595950.0,109,44
23595973.0,116,50
23596214.0,109,45
23596278.0,116,48
23596414.0,106,48
23596450.0,111,43
23596514.0,118,50
23596572.0,114,48
23596588.0,113,48
23596611.0,109,48
23596629.0,108,47
23596657.0,114,47
23596680.0,83,107
23596688.0,110,49
23596719.0,114,46
23596890.0,110,47
23596932.0,112,45
23596964.0,115,45
23596995.0,105,45
23597022.0,73,54
23597055.0,114,52
23597091.0,111,46
23597130.0,107,49
23597209.0,90,85
23597306.0,117,47
23597369.0,115,47
23597647.0,104,45
23597850.0,107,47
23598178.0,105,46
23598202.0,106,47
23598204.0,113,44
23598394.0,114,47
23598436.0,114,48
23598498.0,118,51
23598502.0,107,46
23598582.0,116,49
23598593.0,104,49
23598595.0,108,48
23598779.0,113,45
23598823.0,110,45
23598867.0,116,46
23598875.0,115,47
23599181.0,107,47
23599207.0,116,51
23599492.0,114,49
23599568.0,111,44
23599621.0,105,45
23599690.0,109,46
23599792.0,117,48
23599796.0,116,53
23599821.0,115,43
23599828.0,114,52
23599846.0,115,52
23599850.0,107,49
23599885.0,113,50
23599950.0,107,45
23599973.0,117,50
23600097.0,114,49
23600136.0,113,49
23600149.0,110,49
23600316.0,108,47
23600375.0,115,48
23600406.0,105,52
23600414.0,115,52
23600543.0,115,51
23600732.0,116,45
23600772.0,83,108
23600795.0,109,47
23600868.0,108,48
23600963.0,106,50
23601060.0,101,63
23601065.0,114,48
23601094.0,118,47
23601189.0,112,47
23601207.0,104,50
23601482.0,115,46
23601490.0,107,48
23601699.0,116,47
23601779.0,110,46
23601824.0,111,48
23602113.0,107,49
23602183.0,110,66
23602483.0,116,50
23602625.0,108,62
23602660.0,109,47
23602688.0,117,46
23602759.0,112,48
23602851.0,105,46
23602852.0,83,106
23603020.0,111,45
23603061.0,106,45
23603108.0,112,44
23603146.0,113,50
23603223.0,109,48
23603277.0,119,51
23603317.0,118,50
23603538.0,118,48
23603651.0,117,51
23603687.0,108,49
23603801.0,114,49
23603810.0,115,49
23603863.0,107,49
23603909.0,116,48
23603962.0,83,107
23603990.0,116,46
23603991.0,104,45
23604031.0,112,43
23604109.0,88,87
23604178.0,115,47
23604432.0,115,49
23604627.0,117,45
23604700.0,115,45
23604728.0,106,44
23604775.0,108,47
23604791.0,114,53
23604800.0,116,51
23604823.0,109,48
23604845.0,110,47
23604893.0,113,45
23604899.0,112,45
23604927.0,117,45
23604933.0,113,44
23604937.0,108,46
23604953.0,110,59
23605013.0,107,46
23605108.0,107,50
23605337.0,111,46
23605349.0,116,46
23605355.0,117,50
23605431.0,117,47
23605456.0,116,54
23605660.0,103,56
23605684.0,108,49
23605702.0,105,44
23605733.0,106,46
23605775.0,108,47
23605856.0,113,47
23605880.0,118,49
23605931.0,116,44
23605935.0,115,48
23606089.0,113,44
23606438.0,105,44
23606475.0,108,49
23606539.0,98,79
23606569.0,114,46
23606651.0,115,55
23606685.0,103,55
23606829.0,85,92
23607001.0,119,52
23607046.0,108,48
23607150.0,110,47
23607218.0,107,49
23607281.0,116,49
23607332.0,116,47
23607463.0,115,51
23607532.0,113,50
23607570.0,101,64
23607629.0,104,49
23607644.0,119,48
23607652.0,108,46
23607700.0,117,48
23607732.0,107,47
23607810.0,108,45
23607819.0,90,83
23608107.0,104,49
23608154.0,112,49
23608193.0,113,45
23608301.0,107,50
23608430.0,107,48
23608492.0,115,49
23608549.0,114,44
23608565.0,108,45
23608577.0,117,46
23608683.0,114,52
23608760.0,116,49
23608771.0,118,51
23608775.0,116,52
23608824.0,112,46
23608888.0,95,81
23608898.0,117,52
23609179.0,113,45
23609357.0,118,47
23609365.0,106,46
23609603.0,114,50
23609604.0,114,46
23609676.0,111,47
23609898.0,105,49
23610007.0,110,48
23610172.0,106,47
23610229.0,108,48
23610475.0,107,45
23610554.0,117,51
23610593.0,116,55
23610599.0,118,50
23610645.0,106,45
23610742.0,105,47
23610955.0,113,51
23611050.0,86,88
23611110.0,106,45
23611215.0,117,47
23611307.0,109,49
23611339.0,117,49
23611514.0,114,45
23611813.0,118,46
23611842.0,108,50
23611847.0,104,53
23611892.0,115,44
23611973.0,118,48
23612002.0,113,46
23612023.0,118,46
23612173.0,111,58
23612245.0,116,46
23612601.0,104,52
23612762.0,108,49
23612837.0,107,46
23612886.0,118,54
23612901.0,118,51
23612982.0,116,44
23613077.0,112,49
23613190.0,115,51
23613547.0,120,52
23613560.0,112,47
23613576.0,116,50
23613596.0,109,45
23613722.0,119,50
23613779.0,109,47
23613793.0,109,102
23613897.0,118,52
23613904.0,116,49
23614032.0,110,49
23614117.0,117,49
23614251.0,117,55
23614382.0,119,52
23614438.0,120,49
23614672.0,119,51
23614722.0,115,45
23614745.0,88,82
23614979.0,111,48
23615106.0,118,47
23615240.0,106,48
23615255.0,117,48
23615642.0,114,46
23615814.0,113,46
23615989.0,109,46
23615997.0,108,46
23616071.0,118,49
23616124.0,107,46
23616132.0,112,46
23616400.0,108,47
23616813.0,109,75
23617079.0,114,45
23617159.0,119,48
23617267.0,91,81
23617323.0,116,51
23617497.0,117,50
23617545.0,111,49
23617862.0,108,45
23617872.0,116,50
23617978.0,119,51
23618117.0,118,52
23618418.0,119,47
23618439.0,109,48
23618735.0,115,51
23618947.0,120,50
23618954.0,118,48
23618975.0,104,51
23619020.0,95,79
23619327.0,109,45
23619392.0,119,54
23619408.0,108,62
23619472.0,104,51
23619817.0,117,49
23619972.0,118,50
23619989.0,119,52
23620080.0,119,49
23620230.0,104,52
23620264.0,108,48
23620514.0,117,45
23620554.0,115,46
23620583.0,108,45
23621002.0,108,45
23621180.0,106,47
23621256.0,92,81
23621450.0,104,56
23621568.0,109,47
23621655.0,103,57
23621703.0,116,46
23621770.0,103,56
23621855.0,118,50
23622119.0,111,49
23622194.0,106,48
23622203.0,103,56
23622224.0,117,51
23622301.0,110,47
23622575.0,120,46
23622802.0,108,46
23622861.0,108,50
23622872.0,119,48
23622954.0,106,46
23622975.0,121,50
23623219.0,106,49
23623248.0,117,50
23623375.0,115,45
23624006.0,110,46
23624084.0,107,47
23624110.0,118,49
23624195.0,117,46
23624202.0,83,109
23624561.0,116,51
23624734.0,120,49
23624979.0,110,47
23625238.0,119,50
23625319.0,109,46
23625575.0,114,47
23625694.0,119,46
23625725.0,117,46
23626163.0,110,74
23626452.0,108,46
23626843.0,113,48
23626844.0,120,46
23626861.0,116,47
23627091.0,88,87
23627288.0,109,49
23627354.0,109,45
23627368.0,110,46
23628516.0,116,52
23628567.0,118,50
23628887.0,112,50
23628918.0,119,50
23629756.0,107,48
23630105.0,94,81
23630461.0,119,53
23630543.0,119,55
23630738.0,119,49
23630778.0,120,50
23631029.0,117,47
23631953.0,109,60
23631976.0,117,52
23632351.0,89,83
23632975.0,115,47
23633298.0,116,52
23633818.0,109,49
23634256.0,108,45
23634356.0,120,49
23634641.0,110,50
23634797.0,88,87
23634845.0,116,51
23635560.0,119,50
23636027.0,119,51
23637648.0,116,48
23637719.0,108,47
23639035.0,119,54
23639323.0,119,47
23639792.0,96,83
23642498.0,122,48
23643523.0,109,62
23643996.0,117,48
23644068.0,56,120
23644212.0,98,78
23646133.0,110,50
23646754.0,84,100
23647620.0,86,89
23649147.0,96,81
23649485.0,119,51
23650284.0,89,82
23653501.0,76,58
23655071.0,121,52
23655488.0,84,94
23658406.0,110,60
23660387.0,110,71
23661325.0,108,69
23662746.0,109,64
23663172.0,108,47
23663209.0,104,71
23663379.0,109,46
23663522.0,117,48
23665605.0,106,77
23665982.0,120,54
23666467.0,69,57
23666553.0,113,58
23666582.0,120,52
23667216.0,108,67
23667993.0,106,49
23669986.0,105,50
23670405.0,109,49
23670460.0,72,61
23670707.0,71,61
23671985.0,118,50
23672045.0,109,65
23672123.0,34,110
23672400.0,109,50
23672429.0,117,47
23673133.0,108,50
23674443.0,120,51
23675053.0,103,54
23675088.0,105,52
23675443.0,88,86
23675471.0,119,54
23675545.0,121,48
23675710.0,107,47
23676460.0,103,56
23676468.0,120,53
23677159.0,119,55
23677222.0,121,49
23677595.0,106,48
23678328.0,107,47
23678819.0,109,62
23679668.0,120,50
23679687.0,119,47
23680063.0,103,54
23680140.0,109,48
23680185.0,103,53
23680255.0,118,49
23680293.0,120,49
23680396.0,119,51
23680499.0,106,48
23680882.0,109,50
23681003.0,103,53
23681205.0,120,54
23681372.0,120,48
23681604.0,107,46
23681667.0,118,55
23682303.0,117,50
23682466.0,108,65
23682645.0,108,49
23682790.0,103,57
23682862.0,98,72
23683139.0,117,55
23683351.0,105,50
23683710.0,109,46
23683812.0,104,50
23684253.0,113,52
23684254.0,107,46
23684476.0,106,47
23684752.0,118,54
23684905.0,114,47
23684946.0,102,50
23685112.0,119,52
23685187.0,107,50
23685410.0,117,53
23686005.0,106,48
23686106.0,103,52
23686379.0,118,51
23686439.0,120,51
23686451.0,119,51
23686790.0,106,47
23686871.0,110,73
23686970.0,119,53
23687213.0,119,49
23687468.0,117,49
23687755.0,118,48
23687987.0,52,55
23688216.0,109,46
23688562.0,109,47
23688607.0,119,50
23688680.0,119,52
23688726.0,118,51
23689072.0,110,49
23689077.0,114,52
23689147.0,104,51
23689258.0,102,59
23689490.0,111,58
23689542.0,111,48
23689645.0,109,59
23689670.0,103,55
23689829.0,103,56
23689940.0,104,54
23690034.0,104,49
23690224.0,119,52
23690433.0,119,49
23690487.0,102,57
23690541.0,103,50
23690580.0,119,47
23690620.0,108,63
23690662.0,117,55
23690841.0,116,55
23691004.0,103,51
23691062.0,54,54
23691209.0,108,64
23691303.0,104,50
23691418.0,118,53
23691548.0,118,50
23691564.0,104,71
23691656.0,103,71
23691660.0,93,87
23691697.0,103,53
23691697.0,95,88
23692021.0,107,67
23692049.0,116,49
23692151.0,103,72
23692358.0,108,46
23692360.0,109,64
23692468.0,102,53
23692623.0,107,68
23692785.0,104,49
23692952.0,105,49
23693055.0,105,73
23693162.0,109,48
23693238.0,104,72
23693267.0,109,63
23693296.0,117,51
23693331.0,117,54
23693354.0,115,50
23693364.0,114,46
23693373.0,107,49
23693383.0,118,47
23693424.0,109,65
23693606.0,110,65
23694008.0,102,52
23694025.0,102,56
23694090.0,113,51
23694428.0,112,47
23694452.0,110,48
23694505.0,106,50
23694522.0,108,50
23694753.0,119,48
23695002.0,113,53
23695157.0,114,47
23695262.0,116,52
23695404.0,118,47
23695420.0,106,46
23695793.0,112,51
23695939.0,107,66
23695956.0,109,49
23695978.0,118,49
23695985.0,105,48
23696026.0,106,48
23696111.0,108,49
23696255.0,114,53
23696260.0,107,48
23696280.0,118,46
23696960.0,108,68
23696997.0,106,45
23697050.0,55,59
23697067.0,103,59
23697075.0,113,46
23697088.0,117,47
23697201.0,117,53
23697237.0,115,49
23697357.0,55,59
23697389.0,104,49
23697415.0,102,58
23697477.0,104,48
23697611.0,116,54
23697615.0,101,59
23697768.0,107,65
23697976.0,53,60
23698177.0,101,58
23698218.0,118,49
23698320.0,53,59
23698330.0,105,47
23698332.0,116,51
23698406.0,107,45
23698653.0,107,61
23698755.0,103,60
23698900.0,108,47
23698977.0,104,48
23699098.0,108,48
23699193.0,118,48
23699226.0,53,59
23699450.0,102,53
23699466.0,66,71
23699488.0,105,46
23699504.0,117,53
23699619.0,110,58
23699675.0,107,46
23699700.0,108,49
23699750.0,110,49
23699785.0,101,55
23699853.0,102,54
23699863.0,115,52
23700240.0,109,48
23700318.0,116,54
23700325.0,110,48
23700405.0,116,47
23700477.0,114,52
23700486.0,115,52
23700528.0,118,52
23700570.0,106,50
23700575.0,101,54
23700634.0,66,48
23701291.0,102,52
23701365.0,103,51
23701468.0,104,47
23701478.0,117,46
23701571.0,105,46
23701642.0,116,53
23701643.0,105,50
23701762.0,113,56
23701792.0,116,47
23701810.0,55,55
23701983.0,107,49
23701992.0,102,51
23702149.0,115,48
23702228.0,103,52
23702250.0,105,45
23702251.0,117,49
23702314.0,101,62
23702371.0,55,56
23702400.0,117,52
23702436.0,101,52
23702627.0,101,56
23702679.0,110,58
23702689.0,115,53
23702812.0,55,56
23703071.0,107,50
23703125.0,105,48
23703167.0,102,50
23703558.0,109,59
23703647.0,113,45
23703872.0,110,57
23703880.0,115,54
23703922.0,106,48
23703970.0,103,49
23704004.0,107,48
23704172.0,110,47
23704234.0,103,48
23704273.0,108,48
23704289.0,111,47
23704425.0,115,52
23704594.0,106,46
23704608.0,111,46
23704640.0,108,60
23704657.0,116,53
23704845.0,111,58
23704855.0,115,51
23704863.0,117,52
23704883.0,109,75
23704959.0,106,46
23705136.0,116,46
23705151.0,111,58
23705502.0,106,47
23705529.0,116,50
23705533.0,103,48
23705599.0,106,62
23705785.0,115,48
23705859.0,107,49
23705889.0,107,64
23705977.0,114,51
23705984.0,114,52
23706017.0,113,50
23706185.0,111,51
23706219.0,108,48
23706268.0,114,51
23706376.0,114,48
23706667.0,106,45
23706819.0,109,47
23706881.0,116,47
23707041.0,116,45
23707126.0,106,46
23707317.0,101,53
23707351.0,116,49
23707358.0,106,46
23707399.0,107,62
23707593.0,108,65
23707742.0,117,48
23707744.0,110,46
23707804.0,111,46
23707805.0,108,48
23707992.0,105,50
23708088.0,101,51
23708177.0,115,51
23708211.0,109,74
23708234.0,113,49
23708406.0,101,58
23708559.0,104,45
23708589.0,102,49
23708651.0,116,52
23708664.0,106,46
23708814.0,115,46
23708829.0,112,50
23708861.0,106,49
23708911.0,110,46
23709012.0,104,50
23709030.0,114,47
23709032.0,103,48
23709052.0,100,54
23709132.0,115,50
23709180.0,108,63
23709227.0,115,53
23709245.0,111,53
23709265.0,111,51
23709301.0,112,55
23709397.0,104,50
23709463.0,116,46
23709533.0,106,50
23709631.0,113,55
23709662.0,103,47
23709750.0,111,45
23709837.0,116,45
23709892.0,114,54
23709906.0,103,54
23709907.0,105,48
23709927.0,114,48
23710082.0,114,47
23710152.0,109,58
23710211.0,106,47
23710308.0,112,50
23710339.0,108,64
23710342.0,108,47
23710457.0,107,48
23710510.0,105,45
23710549.0,114,51
23710767.0,106,61
23710805.0,113,48
23710819.0,111,50
23710949.0,116,52
23710959.0,105,47
23711005.0,107,60
23711180.0,103,46
23711219.0,100,60
23711226.0,102,48
23711270.0,102,49
23711280.0,101,50
23711294.0,115,49
23711357.0,110,51
23711395.0,115,46
23711502.0,103,45
23711522.0,113,49
23711596.0,116,47
23711944.0,105,46
23712066.0,100,56
23712195.0,109,46
23712208.0,108,47
23712285.0,116,51
23712293.0,102,51
23712302.0,114,46
23712763.0,109,58
23712944.0,100,58
23712950.0,111,56
23712990.0,103,47
23713030.0,111,52
23713038.0,115,52
23713062.0,114,46
23713111.0,72,72
23713117.0,109,58
23713146.0,115,45
23713149.0,114,47
23713219.0,102,52
23713237.0,109,57
23713239.0,100,59
23713241.0,109,46
23713274.0,53,59
23713304.0,106,67
23713401.0,112,45
23713507.0,107,48
23713637.0,110,45
23713803.0,57,48
23713826.0,105,62
23713866.0,104,74
23713943.0,104,63
23713970.0,105,61
23714027.0,114,50
23714053.0,100,53
23714094.0,104,62
23714172.0,105,61
23714221.0,57,48
23714336.0,103,60
23714400.0,113,47
23714496.0,108,74
23714530.0,105,49
23714552.0,100,54
23714581.0,115,48
23714649.0,113,48
23714652.0,115,51
23714659.0,111,44
23714684.0,102,48
23714687.0,101,49
23714688.0,106,60
23714723.0,108,58
23714745.0,101,53
23714751.0,110,51
23714751.0,115,52
23714778.0,105,61
23714794.0,104,50
23714839.0,111,49
23714875.0,112,51
23714925.0,111,53
23715243.0,106,66
23715304.0,107,67
23715363.0,106,63
23715400.0,92,88
23715422.0,108,59
23715467.0,112,48
23715473.0,113,51
23715563.0,114,53
23715582.0,104,48
23715583.0,115,54
23715636.0,83,114
23715676.0,113,54
23715685.0,110,45
23715719.0,97,71
23715829.0,106,48
23715893.0,104,48
23715895.0,102,47
23715896.0,100,57
23715959.0,104,45
23716119.0,106,65
23716168.0,100,65
23716326.0,107,47
23716392.0,90,89
23716477.0,104,46
23716497.0,101,49
23716513.0,114,49
23716595.0,112,55
23716621.0,114,50
23716635.0,110,56
23716659.0,111,52
23716750.0,103,46
23716804.0,69,51
23716833.0,114,45
23716879.0,108,46
23717095.0,102,46
23717112.0,109,45
23717145.0,103,50
23717200.0,113,46
23717211.0,101,50
23717217.0,111,49
23717295.0,109,72
23717334.0,115,51
23717473.0,105,49
23717738.0,110,50
23717768.0,104,46
23717822.0,112,48
23717884.0,105,50
23717941.0,110,44
23717952.0,104,47
23717956.0,68,50
23717959.0,112,44
23717977.0,100,50
23717987.0,104,48
23717988.0,101,54
23718067.0,107,47
23718076.0,112,47
23718123.0,113,47
23718154.0,103,72
23718156.0,102,45
23718165.0,108,46
23718277.0,100,52
23718336.0,101,48
23718377.0,109,57
23718378.0,109,46
23718453.0,104,48
23718485.0,80,114
23718572.0,99,55
23718581.0,108,58
23718628.0,101,51
23718798.0,109,58
23718803.0,102,53
23718859.0,108,58
23718861.0,103,49
23718977.0,113,51
23719011.0,114,52
23719057.0,111,48
23719223.0,113,53
23719294.0,114,48
23719295.0,103,57
23719362.0,99,53
23719409.0,112,51
23719429.0,111,49
23719572.0,106,48
23719681.0,102,72
23719888.0,110,49
23719943.0,97,74
23719979.0,110,50
23720115.0,102,73
23720125.0,106,47
23720196.0,104,49
23720343.0,56,52
23720530.0,105,63
23720729.0,105,62
23720761.0,107,65
23720769.0,101,72
23720810.0,103,48
23720830.0,56,52
23720900.0,107,46
23720949.0,103,50
23720997.0,115,47
23721003.0,106,47
23721022.0,99,52
23721117.0,106,62
23721124.0,105,62
23721147.0,103,45
23721202.0,100,53
23721252.0,109,44
23721257.0,55,52
23721333.0,100,56
23721429.0,109,45
23721573.0,110,48
23721587.0,110,55
23721609.0,107,64
23721665.0,109,50
23721750.0,107,59
23721768.0,105,48
23721806.0,113,49
23721821.0,104,49
23722033.0,108,58
23722036.0,107,46
23722044.0,102,72
23722067.0,115,51
23722069.0,105,62
23722072.0,112,46
23722087.0,110,49
23722142.0,101,46
23722225.0,112,44
23722238.0,103,46
23722279.0,114,51
23722304.0,114,47
23722326.0,99,55
23722383.0,108,45
23722412.0,112,50
23722430.0,109,56
23722450.0,113,44
23722508.0,109,44
23722512.0,111,47
23722520.0,101,47
23722673.0,110,49
