timestamp,x,y
22345850.0,121,62
22345902.0,105,65
22345910.0,115,69
22345922.0,108,85
22345936.0,112,70
22345995.0,112,71
22346003.0,114,61
22346170.0,117,60
22346173.0,97,80
22346247.0,116,59
22346303.0,110,60
22346556.0,118,67
22346569.0,107,62
22346650.0,110,59
22346666.0,95,82
22346697.0,117,66
22346814.0,119,58
22346862.0,108,63
22346988.0,95,80
22347006.0,96,80
22347032.0,120,62
22347135.0,117,61
22347319.0,114,69
22347436.0,109,60
22347453.0,120,61
22347456.0,34,111
22347537.0,97,79
22347623.0,109,80
22347653.0,120,63
22347694.0,119,66
22347741.0,106,66
22347765.0,74,68
22347820.0,104,68
22347852.0,116,59
22347861.0,111,71
22347862.0,111,58
22348024.0,107,63
22348094.0,120,59
22348197.0,115,68
22348260.0,119,57
22348334.0,106,63
22348481.0,119,57
22348504.0,110,59
22348583.0,114,58
22348585.0,109,82
22348720.0,110,79
22348799.0,121,61
22348870.0,110,73
22348901.0,110,80
22348931.0,109,81
22349016.0,114,60
22349026.0,119,65
22349030.0,120,57
22349044.0,120,62
22349058.0,113,60
22349094.0,110,79
22349127.0,112,70
22349153.0,106,87
22349173.0,117,58
22349240.0,108,60
22349320.0,93,84
22349328.0,113,60
22349354.0,108,61
22349396.0,111,73
22349510.0,117,67
22349598.0,119,62
22349604.0,74,69
22349618.0,109,73
22349746.0,113,59
22349850.0,109,77
22349860.0,112,60
22349870.0,111,69
22349978.0,107,62
22350037.0,108,60
22350053.0,114,59
22350120.0,109,66
22350208.0,94,83
22350232.0,118,57
22350257.0,110,72
22350333.0,111,58
22350356.0,109,59
22350393.0,113,58
22350578.0,95,84
22350579.0,95,81
22350595.0,118,67
22350634.0,111,72
22350639.0,107,61
22350718.0,107,88
22350936.0,118,66
22350999.0,120,61
22351060.0,91,93
22351090.0,119,65
22351430.0,104,66
22351456.0,96,83
22351463.0,98,76
22351498.0,112,71
22351508.0,116,67
22351583.0,112,70
22351614.0,115,59
22351670.0,118,66
22351678.0,119,57
22351946.0,111,57
22352010.0,95,85
22352036.0,114,57
22352038.0,109,76
22352050.0,114,68
22352196.0,112,69
22352210.0,110,58
22352278.0,109,60
22352325.0,95,83
22352418.0,109,59
22352452.0,114,59
22352571.0,116,58
22352804.0,119,62
22353065.0,113,58
22353139.0,117,58
22353273.0,110,79
22353385.0,120,58
22353484.0,111,57
22353552.0,117,57
22353806.0,119,59
22353879.0,111,60
22353911.0,113,58
22353965.0,108,59
22353984.0,109,73
22354018.0,94,84
22354053.0,98,80
22354054.0,102,71
22354132.0,108,71
22354200.0,105,63
22354333.0,116,58
22354388.0,119,63
22354423.0,98,92
22354521.0,120,57
22354522.0,110,58
22354633.0,118,57
22354738.0,118,56
22354846.0,112,59
22355047.0,118,65
22355101.0,109,72
22355233.0,37,92
22355244.0,109,81
22355291.0,74,76
22355349.0,117,57
22355462.0,109,58
22355614.0,119,62
22355649.0,106,61
22355749.0,119,65
22355750.0,107,60
22355823.0,93,93
22355863.0,103,81
22355903.0,118,65
22355918.0,106,68
22356031.0,108,59
22356184.0,92,93
22356383.0,116,66
22356404.0,109,80
22356511.0,114,67
22356537.0,96,79
22356596.0,119,58
22356602.0,113,67
22356610.0,111,68
22356646.0,110,57
22356648.0,83,106
22356660.0,111,58
22356680.0,110,82
22356696.0,109,58
22356773.0,119,61
22356780.0,113,59
22356804.0,111,59
22356807.0,90,83
22356967.0,103,79
22356973.0,116,57
22357008.0,112,59
22357162.0,116,62
22357207.0,105,62
22357238.0,119,60
22357246.0,119,64
22357275.0,120,57
22357293.0,107,85
22357387.0,113,68
22357507.0,110,57
22357566.0,107,59
22357633.0,107,65
22357647.0,109,73
22357761.0,119,62
22357806.0,108,73
22357812.0,110,78
22357839.0,111,56
22357849.0,119,63
22358007.0,105,87
22358022.0,110,70
22358023.0,116,61
22358059.0,118,61
22358081.0,108,60
22358306.0,118,64
22358375.0,117,65
22358486.0,119,58
22358525.0,118,66
22358629.0,117,66
22358670.0,104,66
22358777.0,106,61
22358819.0,114,58
22358867.0,117,56
22358893.0,119,60
22358918.0,112,58
22358980.0,109,57
22359064.0,118,64
22359093.0,119,61
22359109.0,119,59
22359214.0,95,80
22359245.0,106,65
22359290.0,107,62
22359298.0,111,70
22359332.0,116,71
22359350.0,113,67
22359407.0,116,67
22359475.0,110,71
22359530.0,74,75
22359549.0,105,64
22359744.0,106,60
22359875.0,119,57
22359965.0,115,57
22359996.0,117,65
22360002.0,108,58
22360051.0,110,56
22360079.0,109,57
22360449.0,108,59
22360460.0,111,56
22360461.0,107,59
22360570.0,112,60
22360594.0,116,57
22360648.0,119,59
22360652.0,105,61
22360661.0,119,60
22360695.0,109,80
22360761.0,112,55
22360922.0,104,63
22360969.0,35,105
22360983.0,104,81
22361010.0,83,107
22361067.0,111,55
22361182.0,118,65
22361300.0,116,56
22361313.0,109,71
22361340.0,108,58
22361373.0,110,56
22361401.0,110,72
22361500.0,116,60
22361551.0,115,58
22361582.0,118,58
22361638.0,119,57
22361650.0,110,67
22361665.0,34,104
22361681.0,35,105
22361732.0,107,60
22361753.0,113,56
22361783.0,110,70
22361874.0,95,82
22362138.0,111,59
22362176.0,115,57
22362302.0,106,59
22362338.0,118,55
22362367.0,116,65
22362369.0,114,66
22362424.0,35,105
22362426.0,111,58
22362483.0,34,104
22362498.0,108,81
22362498.0,118,60
22362507.0,118,62
22362588.0,109,72
22362590.0,110,69
22362718.0,96,77
22362786.0,114,57
22362938.0,111,55
22362982.0,114,57
22363005.0,119,56
22363079.0,106,60
22363138.0,108,57
22363163.0,112,58
22363261.0,105,62
22363322.0,116,64
22363545.0,111,67
22363553.0,109,82
22363567.0,107,82
22363591.0,108,72
22363617.0,107,58
22363641.0,110,70
22363798.0,117,55
22363884.0,109,81
22363968.0,109,56
22363975.0,106,59
22364063.0,118,57
22364137.0,118,63
22364139.0,104,62
22364375.0,108,57
22364410.0,110,55
22364449.0,115,65
22364462.0,110,73
22364498.0,118,62
22364539.0,111,54
22364540.0,116,55
22364670.0,28,79
22364900.0,105,63
22364987.0,107,83
22364988.0,117,64
22365023.0,109,77
22365026.0,108,71
22365035.0,109,71
22365045.0,111,58
22365072.0,110,58
22365111.0,105,60
22365159.0,115,60
22365244.0,118,61
22365327.0,104,63
22365327.0,27,78
22365377.0,106,63
22365461.0,113,57
22365533.0,107,57
22365537.0,109,77
22365769.0,118,60
22365776.0,117,60
22365798.0,28,79
22365809.0,111,57
22365900.0,110,55
22366055.0,110,68
22366114.0,97,87
22366117.0,107,57
22366128.0,112,61
22366211.0,112,59
22366214.0,109,70
22366240.0,116,59
22366367.0,110,57
22366391.0,115,56
22366439.0,111,54
22366532.0,116,59
22366579.0,103,79
22366774.0,108,56
22366847.0,118,56
22366914.0,116,55
22366915.0,106,58
22366942.0,104,61
22366960.0,96,81
22367003.0,107,59
22367012.0,95,93
22367032.0,116,64
22367055.0,114,56
22367101.0,118,59
22367129.0,118,54
22367134.0,95,79
22367260.0,109,55
22367318.0,117,65
22367359.0,117,54
22367379.0,116,54
22367409.0,109,76
22367468.0,44,117
22367771.0,111,56
22367855.0,108,56
22367862.0,117,63
22367871.0,115,60
22367871.0,108,71
22367940.0,118,58
22367963.0,115,55
22368385.0,107,57
22368416.0,110,54
22368453.0,118,62
22368471.0,106,58
22368501.0,110,58
22368539.0,105,59
22368614.0,118,55
22368646.0,112,55
22368649.0,116,54
22368727.0,96,79
22368745.0,113,66
22368747.0,115,55
22368777.0,109,55
22368790.0,102,66
22368903.0,94,79
22368989.0,118,56
22369019.0,109,58
22369027.0,111,58
22369057.0,117,59
22369130.0,109,71
22369202.0,114,56
22369268.0,107,58
22369293.0,108,70
22369376.0,44,111
22369391.0,93,91
22369408.0,118,55
22369463.0,109,69
22369470.0,107,69
22369554.0,108,73
22369556.0,117,62
22369557.0,118,61
22369686.0,113,65
22369941.0,117,57
22370022.0,108,79
22370048.0,102,77
22370059.0,113,57
22370127.0,113,56
22370149.0,107,56
22370237.0,92,90
22370304.0,110,57
22370306.0,111,55
22370362.0,110,58
22370426.0,102,79
22370430.0,106,57
22370441.0,109,79
22370570.0,106,77
22370694.0,114,55
22370849.0,97,76
22370943.0,108,55
22371065.0,109,68
22371084.0,117,62
22371124.0,111,59
22371146.0,115,54
22371193.0,117,56
22371216.0,109,54
22371219.0,111,66
22371259.0,116,63
22371267.0,106,59
22371299.0,110,60
22371383.0,102,78
22371472.0,111,57
22371523.0,110,53
22371620.0,104,60
22371761.0,111,67
22371838.0,40,111
22371858.0,105,59
22371890.0,110,57
22371912.0,107,56
22372043.0,109,55
22372062.0,111,54
22372103.0,114,64
22372103.0,44,125
22372248.0,106,57
22372267.0,106,83
22372314.0,117,61
22372368.0,115,59
22372550.0,112,62
22372555.0,98,75
22372687.0,116,53
22372709.0,110,69
22372714.0,110,57
22372724.0,105,58
22372895.0,114,61
22372951.0,110,56
22372956.0,117,55
22372990.0,117,61
22373047.0,96,77
22373054.0,117,60
22373096.0,110,53
22373101.0,117,59
22373135.0,96,78
22373148.0,108,76
22373282.0,118,60
22373335.0,110,55
22373408.0,95,77
22373429.0,109,57
22373433.0,96,77
22373482.0,111,57
22373495.0,110,67
22373573.0,107,55
22373701.0,108,58
22373833.0,117,58
22373888.0,114,54
22373891.0,109,58
22373908.0,108,55
22374005.0,114,59
22374024.0,110,59
22374061.0,117,53
22374088.0,115,64
22374092.0,97,75
22374122.0,115,54
22374126.0,104,59
22374127.0,113,56
22374227.0,115,53
22374257.0,107,56
22374360.0,109,54
22374373.0,117,56
22374387.0,109,75
22374408.0,107,55
22374439.0,108,54
22374489.0,115,54
22374517.0,108,58
22374527.0,111,66
22374542.0,117,60
22374577.0,116,62
22374617.0,110,66
22374660.0,110,68
22374687.0,105,57
22374737.0,44,106
22374787.0,107,71
22374857.0,115,63
22374908.0,109,67
22374944.0,106,56
22375079.0,114,54
22375162.0,115,54
22375287.0,117,57
22375332.0,117,59
22375406.0,117,54
22375422.0,116,60
22375435.0,103,60
22375505.0,109,57
22375524.0,101,67
22375551.0,115,54
22375574.0,109,55
22375586.0,109,53
22375657.0,104,69
22375660.0,111,65
22375688.0,110,57
22375689.0,105,60
22375725.0,113,55
22375758.0,110,55
22375783.0,110,69
22375824.0,118,57
22375838.0,109,66
22375839.0,116,62
22375855.0,114,58
22375861.0,93,82
22375869.0,104,58
22375877.0,117,58
22375969.0,101,82
22376060.0,108,71
22376217.0,101,66
22376252.0,104,61
22376280.0,101,82
22376373.0,108,58
22376540.0,109,56
22376547.0,108,54
22376573.0,117,53
22376758.0,101,82
22376763.0,114,53
22376938.0,107,82
22376995.0,109,57
22377008.0,105,57
22377033.0,109,56
22377065.0,113,54
22377094.0,104,62
22377242.0,116,58
22377315.0,108,53
22377404.0,108,57
22377419.0,108,70
22377588.0,109,56
22377705.0,110,54
22377715.0,107,54
22377736.0,110,56
22377746.0,116,61
22377775.0,109,56
22377897.0,102,65
22378059.0,107,81
22378297.0,109,70
22378362.0,105,58
22378428.0,115,62
22378438.0,106,55
22378439.0,111,65
22378448.0,108,53
22378453.0,107,77
22378464.0,108,69
22378568.0,115,53
22378739.0,110,56
22378880.0,105,56
22378960.0,107,80
22379157.0,109,66
22379183.0,104,57
22379217.0,108,68
22379282.0,93,79
22379359.0,111,55
22379368.0,109,52
22379395.0,95,78
22379413.0,115,52
22379465.0,116,60
22379470.0,104,59
22379574.0,116,54
22379656.0,114,52
22379705.0,116,52
22379719.0,107,69
22379801.0,101,72
22379839.0,105,57
22379966.0,105,56
22379982.0,114,53
22379987.0,109,69
22379989.0,103,59
22380008.0,107,54
22380020.0,116,54
22380072.0,113,53
22380074.0,35,108
22380248.0,83,81
22380308.0,109,54
22380342.0,112,64
22380351.0,106,55
22380353.0,104,60
22380388.0,116,61
22380458.0,104,57
22380495.0,83,81
22380505.0,109,55
22380520.0,113,54
22380561.0,109,68
22380567.0,108,57
22380586.0,113,63
22380593.0,110,66
22380594.0,117,54
22380667.0,116,60
22380697.0,103,60
22380705.0,116,59
22380876.0,102,62
22380883.0,114,62
22380897.0,116,56
22380932.0,111,64
22380956.0,117,62
22381014.0,109,56
22381096.0,108,79
22381238.0,107,57
22381321.0,116,55
22381322.0,108,52
22381324.0,115,61
22381370.0,106,68
22381378.0,116,53
22381429.0,104,58
22381493.0,108,55
22381502.0,107,53
22381538.0,107,70
22381539.0,110,55
22381552.0,111,55
22381700.0,110,65
22381713.0,108,77
22381747.0,116,53
22381797.0,116,52
22381798.0,110,70
22381836.0,112,63
22381848.0,105,67
22381963.0,117,57
22382074.0,109,74
22382086.0,101,63
22382096.0,105,55
22382106.0,114,62
22382174.0,106,54
22382177.0,115,61
22382264.0,116,58
22382302.0,23,106
22382389.0,108,78
22382499.0,109,56
22382527.0,103,58
22382564.0,109,65
22382633.0,109,53
22382772.0,102,74
22382791.0,107,53
22382810.0,108,76
22382878.0,106,54
22382905.0,109,67
22382908.0,115,54
22382957.0,116,56
22382988.0,108,69
22383082.0,109,52
22383184.0,111,64
22383202.0,105,55
22383215.0,107,78
22383324.0,104,56
22383492.0,101,78
22383504.0,108,57
22383518.0,116,59
22383534.0,111,64
22383629.0,114,55
22383786.0,109,55
22383945.0,107,69
22383982.0,110,64
22384084.0,107,56
22384094.0,108,55
22384098.0,115,62
22384129.0,104,56
22384139.0,113,61
22384155.0,102,59
22384213.0,115,53
22384353.0,107,52
22384508.0,103,57
22384679.0,114,61
22384691.0,35,121
22384802.0,109,55
22384851.0,116,57
22384852.0,102,77
22384902.0,115,53
22384948.0,112,53
22385025.0,108,54
22385139.0,106,53
22385154.0,115,58
22385155.0,112,53
22385202.0,111,63
22385321.0,43,117
22385397.0,105,54
22385532.0,35,121
22385558.0,113,51
22385571.0,115,59
22385576.0,94,92
22385695.0,113,62
22385748.0,110,55
22385749.0,114,61
22385753.0,114,51
22385788.0,103,59
22385896.0,109,55
22385936.0,108,56
22385965.0,95,77
22386350.0,111,53
22386412.0,104,55
22386505.0,115,55
22386535.0,107,52
22386611.0,100,68
22386653.0,93,92
22386817.0,115,59
22386825.0,107,55
22386844.0,115,54
22386945.0,115,52
22386947.0,115,56
22386980.0,112,62
22386984.0,107,71
22386995.0,115,57
22387022.0,110,64
22387084.0,110,54
22387088.0,115,53
22387126.0,111,61
22387274.0,103,56
22387327.0,108,54
22387341.0,108,55
22387353.0,102,58
22387439.0,107,56
22387470.0,115,60
22387547.0,106,71
22387552.0,101,79
22387572.0,108,53
22387628.0,111,63
22387642.0,106,53
22387692.0,114,53
22387737.0,109,64
22387746.0,105,55
22387761.0,108,65
22387789.0,108,53
22387804.0,105,54
22387810.0,101,79
22387826.0,114,54
22387902.0,115,58
22387911.0,102,79
22387932.0,115,55
22387952.0,108,52
22388040.0,107,69
22388162.0,115,56
22388386.0,97,79
22388429.0,106,69
22388489.0,109,54
22388521.0,105,53
22388631.0,106,52
22388752.0,113,61
22388785.0,106,56
22388792.0,106,70
22388796.0,114,60
22388903.0,101,62
22388935.0,108,53
22389043.0,107,67
22389077.0,110,63
22389087.0,102,57
22389099.0,107,55
22389100.0,109,65
22389155.0,111,64
22389200.0,109,63
22389303.0,101,59
22389323.0,108,55
22389358.0,104,63
22389361.0,109,65
22389427.0,115,57
22389625.0,104,54
22389693.0,108,54
22389699.0,114,53
22389707.0,102,60
22389854.0,111,62
22389979.0,111,57
22389986.0,115,58
22390024.0,114,59
22390028.0,114,56
22390083.0,103,55
22390185.0,107,51
22390209.0,101,60
22390209.0,110,53
22390250.0,114,58
22390260.0,114,52
22390356.0,104,55
22390426.0,103,58
22390460.0,111,57
22390544.0,102,59
22390663.0,109,75
22390738.0,109,64
22390743.0,106,51
22390832.0,107,54
22390836.0,107,68
22390964.0,114,59
22391010.0,107,52
22391030.0,112,61
22391088.0,108,67
22391136.0,107,53
22391141.0,106,55
22391247.0,107,55
22391247.0,100,63
22391300.0,106,68
22391322.0,107,56
22391344.0,35,121
22391361.0,109,53
22391368.0,108,54
22391382.0,101,58
22391395.0,111,52
22391414.0,114,55
22391444.0,114,60
22391476.0,102,56
22391558.0,103,55
22391618.0,106,56
22391639.0,102,61
22391663.0,111,61
22391745.0,108,68
22391912.0,104,57
22391950.0,106,69
22391962.0,110,52
22392064.0,111,51
22392165.0,106,54
22392184.0,109,54
22392297.0,112,54
22392316.0,110,63
22392323.0,110,57
22392357.0,113,53
22392391.0,108,54
22392409.0,103,62
22392427.0,107,51
22392441.0,102,57
22392519.0,108,76
22392538.0,115,59
22392571.0,114,58
22392600.0,105,53
22392633.0,35,121
22392633.0,113,58
22392676.0,100,64
22392681.0,106,76
22392775.0,107,67
22392819.0,105,52
22392936.0,103,56
22392975.0,111,62
22393091.0,106,53
22393157.0,113,60
22393164.0,106,60
22393182.0,114,53
22393186.0,112,56
22393192.0,106,56
22393247.0,107,78
22393267.0,102,58
22393299.0,107,66
22393356.0,104,53
22393358.0,114,59
22393366.0,106,71
22393394.0,108,66
22393476.0,111,50
22393540.0,114,54
22393578.0,103,54
22393587.0,106,55
22393630.0,105,55
22393724.0,114,57
22393811.0,105,51
22394002.0,114,58
22394019.0,106,68
22394093.0,108,66
22394117.0,104,62
22394141.0,113,52
22394241.0,107,55
22394247.0,105,54
22394276.0,95,77
22394283.0,110,51
22394391.0,108,74
22394403.0,107,54
22394426.0,107,70
22394439.0,99,70
22394478.0,111,55
22394501.0,104,54
22394511.0,115,56
22394531.0,114,51
22394551.0,108,67
22394555.0,105,54
22394603.0,101,57
22394636.0,107,57
22394677.0,107,70
22394758.0,102,55
22394791.0,109,52
22394805.0,114,56
22394828.0,110,62
22394833.0,111,58
22394835.0,105,60
22394890.0,113,59
22394993.0,107,69
22395119.0,79,114
22395167.0,111,61
22395195.0,35,69
22395201.0,107,68
22395228.0,104,52
22395276.0,105,51
22395285.0,101,58
22395385.0,114,57
22395388.0,113,55
22395420.0,109,63
22395431.0,107,65
22395487.0,107,69
22395495.0,79,114
22395522.0,98,69
22395604.0,107,70
22395654.0,110,50
22395723.0,105,67
22395756.0,114,55
22395774.0,108,53
22395906.0,35,69
22396023.0,101,56
22396066.0,112,55
22396097.0,107,67
22396100.0,101,59
22396122.0,107,66
22396143.0,99,66
22396160.0,100,61
22396172.0,112,60
22396177.0,100,59
22396222.0,111,59
22396432.0,113,59
22396536.0,106,58
22396567.0,103,53
22396567.0,106,64
22396578.0,110,57
22396618.0,106,57
22396642.0,113,57
22396661.0,107,64
22396705.0,107,69
22397028.0,109,51
22397044.0,106,80
22397070.0,106,55
22397097.0,104,51
22397155.0,113,54
22397161.0,103,54
22397207.0,102,54
22397229.0,109,56
22397343.0,107,53
22397353.0,107,54
22397474.0,109,56
22397543.0,113,50
22397730.0,102,55
22397797.0,113,53
22397825.0,101,57
22397828.0,108,63
22397853.0,106,52
22397856.0,110,55
22397876.0,109,62
22397904.0,106,67
22398007.0,103,52
22398043.0,109,56
22398059.0,106,51
22398088.0,108,63
22398115.0,98,67
22398201.0,113,56
22398269.0,112,51
22398269.0,72,116
22398319.0,108,75
22398401.0,113,58
22398407.0,111,58
22398453.0,104,51
22398467.0,104,55
22398589.0,110,49
22398606.0,94,76
22398612.0,105,53
22398655.0,108,64
22398718.0,100,58
22398769.0,110,61
22398777.0,105,70
22398871.0,102,54
22399001.0,109,50
22399040.0,101,55
22399098.0,113,54
22399264.0,112,59
22399275.0,113,57
22399290.0,111,49
22399450.0,106,54
22399499.0,112,52
22399516.0,107,66
22399560.0,106,66
22399589.0,105,55
22399709.0,112,54
22399718.0,108,63
22399793.0,103,53
22399804.0,113,53
22399829.0,113,55
22399846.0,109,62
22399972.0,103,52
22400041.0,105,69
22400198.0,100,57
22400330.0,94,77
22400364.0,113,58
22400366.0,105,54
22400377.0,99,68
22400427.0,108,51
22400453.0,108,62
22400457.0,107,63
22400543.0,113,56
22400572.0,111,54
22400667.0,105,61
22400682.0,102,53
22400699.0,104,54
22400701.0,107,52
22400722.0,105,68
22400799.0,106,70
22400824.0,101,55
22400895.0,100,56
22400985.0,110,54
22401015.0,103,51
22401055.0,93,90
22401127.0,105,67
22401169.0,111,60
22401303.0,94,78
22401367.0,111,59
22401438.0,104,67
22401489.0,101,54
22401518.0,109,55
22401528.0,106,65
22401541.0,113,57
22401703.0,110,60
22401800.0,109,61
22401865.0,110,57
22401884.0,112,54
22401987.0,105,51
22402032.0,107,53
22402082.0,101,54
22402122.0,104,53
22402231.0,103,51
22402246.0,107,51
22402367.0,109,66
22402415.0,103,66
22402520.0,104,53
22402649.0,102,53
22402770.0,108,62
22402806.0,106,52
22402874.0,100,55
22402880.0,106,53
22402926.0,99,58
22402965.0,97,69
22402968.0,105,56
22403074.0,103,55
22403153.0,110,54
22403171.0,112,53
22403182.0,92,81
22403216.0,100,56
22403312.0,111,59
22403424.0,99,60
22403450.0,102,52
22403518.0,107,52
22403536.0,101,53
22403560.0,104,51
22403577.0,100,59
22403589.0,111,52
22403684.0,109,54
22403757.0,105,54
22403780.0,103,53
22403918.0,103,54
22403963.0,103,50
22404007.0,109,55
22404046.0,108,52
22404281.0,109,54
22404307.0,101,56
22404459.0,92,82
22404519.0,103,55
22404752.0,105,68
22404796.0,104,54
22404897.0,107,64
22404965.0,108,49
22405045.0,99,61
22405118.0,102,51
22405119.0,104,52
22405147.0,3,81
22405259.0,110,59
22405294.0,111,49
22405346.0,105,66
22405413.0,99,62
22405422.0,108,65
22405457.0,108,49
22405466.0,105,67
22405483.0,111,58
22405503.0,108,55
22405539.0,96,73
22405584.0,101,69
22405588.0,104,49
22405597.0,112,56
22405639.0,111,49
22405648.0,103,53
22405793.0,108,65
22405827.0,106,51
22405923.0,106,52
22405962.0,106,63
22405986.0,99,57
22406002.0,105,52
22406122.0,93,82
22406175.0,101,53
22406182.0,105,53
22406212.0,103,53
22406239.0,104,66
22406271.0,104,51
22406273.0,104,50
22406287.0,111,49
22406326.0,71,58
22406429.0,110,51
22406455.0,100,55
22406462.0,108,50
22406564.0,100,57
22406588.0,107,62
22406661.0,109,60
22406704.0,104,50
22406711.0,98,62
22406737.0,107,49
22406809.0,111,49
22406882.0,107,65
22406886.0,108,48
22406894.0,98,65
22406958.0,100,67
22407022.0,105,68
22407092.0,101,52
22407146.0,100,54
22407220.0,99,55
22407268.0,106,64
22407447.0,104,50
22407483.0,106,64
22407507.0,93,77
22407697.0,101,61
22407803.0,79,114
22407805.0,100,58
22407881.0,108,61
22407910.0,106,50
22407920.0,109,59
22407948.0,100,53
22407953.0,94,76
22408005.0,111,52
22408019.0,110,59
22408046.0,109,48
22408088.0,104,69
22408221.0,107,55
22408281.0,108,54
22408308.0,106,62
22408309.0,105,51
22408310.0,98,58
22408393.0,44,120
22408396.0,101,51
22408450.0,79,114
22408493.0,98,60
22408564.0,107,55
22408572.0,107,48
22408582.0,108,60
22408688.0,103,54
22408728.0,103,51
22408748.0,100,60
22408831.0,111,51
22408890.0,105,63
22408960.0,102,54
22409037.0,102,53
22409072.0,110,58
22409097.0,103,52
22409103.0,108,58
22409139.0,100,62
22409275.0,107,55
22409368.0,105,65
22409395.0,111,57
22409456.0,111,58
22409459.0,104,52
22409499.0,107,61
22409741.0,103,53
22409795.0,103,55
22409811.0,101,50
22409828.0,107,74
22409895.0,101,62
22409899.0,108,53
22409920.0,109,59
22409954.0,98,57
22410000.0,107,62
22410029.0,76,88
22410061.0,104,63
22410092.0,105,67
22410127.0,100,56
22410246.0,108,54
22410284.0,99,54
22410312.0,100,52
22410322.0,98,56
22410383.0,103,50
22410405.0,105,52
22410460.0,104,68
22410500.0,107,54
22410502.0,110,48
22410527.0,107,55
22410527.0,97,70
22410670.0,106,73
22410794.0,110,48
22410857.0,101,65
22410961.0,101,51
22411050.0,103,53
22411220.0,111,53
22411322.0,99,58
22411335.0,111,56
22411388.0,100,53
22411446.0,105,64
22411485.0,98,56
22411593.0,101,55
22411596.0,106,71
22411632.0,108,56
22411681.0,102,55
22411796.0,106,64
22411948.0,107,61
22411987.0,104,53
22412016.0,111,55
22412110.0,99,54
22412153.0,108,53
22412180.0,107,53
22412243.0,105,65
22412343.0,109,49
22412379.0,104,51
22412384.0,108,49
22412454.0,103,52
22412522.0,99,57
22412559.0,109,58
22412599.0,111,54
22412612.0,62,49
22412635.0,98,55
22412640.0,100,51
22412647.0,110,55
22412677.0,99,56
22412681.0,101,49
22412727.0,102,52
22412798.0,109,49
22412816.0,109,48
22412914.0,107,60
22412936.0,111,52
22412990.0,109,50
22413086.0,105,63
22413095.0,72,59
22413124.0,108,60
22413156.0,102,52
22413157.0,107,60
22413165.0,108,59
22413207.0,105,62
22413309.0,102,54
22413327.0,102,50
22413376.0,101,63
22413380.0,105,63
22413408.0,104,50
22413455.0,110,57
22413458.0,106,62
22413511.0,101,54
22413603.0,99,52
22413721.0,106,47
22413769.0,109,49
22413774.0,104,67
22413878.0,110,51
22413921.0,107,60
22413923.0,108,47
22414106.0,110,50
22414117.0,107,54
22414232.0,101,55
22414287.0,106,61
22414333.0,108,56
22414344.0,99,53
22414369.0,100,50
22414397.0,98,54
22414418.0,110,51
22414466.0,106,54
22414483.0,108,58
22414557.0,101,53
22414783.0,102,51
22414853.0,110,56
22414884.0,97,57
22415007.0,104,66
22415077.0,37,123
22415227.0,105,48
22415288.0,106,49
22415463.0,98,58
22415463.0,103,51
22415468.0,98,57
22415517.0,108,49
22415537.0,107,47
22415619.0,100,49
22415779.0,105,47
22415835.0,101,51
22415850.0,103,52
22415852.0,107,59
22415913.0,109,57
22415915.0,102,53
22415946.0,105,74
22415964.0,110,52
22416229.0,97,55
22416236.0,104,65
22416340.0,108,48
22416361.0,101,52
22416519.0,108,47
22416580.0,97,56
22416588.0,94,78
22416654.0,109,50
22416658.0,102,52
22416684.0,104,49
22416786.0,109,52
22416790.0,110,55
22416817.0,108,50
22416852.0,101,53
22416880.0,94,77
22416973.0,105,67
22417025.0,106,53
22417085.0,108,58
22417167.0,105,62
22417186.0,101,50
22417212.0,98,54
22417270.0,110,54
22417345.0,104,67
22417407.0,97,59
22417448.0,99,50
22417619.0,101,54
22417619.0,101,49
22417694.0,110,53
22417774.0,93,78
22417822.0,99,51
22417871.0,85,90
22417909.0,100,54
22418053.0,100,64
22418129.0,102,51
22418268.0,107,59
22418394.0,106,60
22418424.0,109,57
22418439.0,96,64
22418443.0,98,52
22418514.0,106,52
22418566.0,105,49
22418646.0,99,49
22418855.0,106,60
22418862.0,96,58
22418938.0,97,54
22418977.0,105,61
22418983.0,97,57
22419010.0,108,57
22419040.0,96,59
22419131.0,100,53
22419158.0,104,66
22419191.0,102,54
22419193.0,98,51
22419218.0,101,53
22419244.0,109,56
22419482.0,106,53
22419603.0,109,56
22419740.0,106,59
22419856.0,98,60
22419913.0,107,58
22419920.0,100,54
22419960.0,98,55
22420007.0,104,49
22420074.0,96,56
22420077.0,109,55
22420120.0,100,49
22420165.0,96,57
22420196.0,107,48
22420362.0,100,52
22420376.0,97,53
22420467.0,106,52
22420476.0,103,66
22420536.0,36,117
22420621.0,36,116
22420687.0,105,71
22420742.0,101,52
22420750.0,35,116
22420780.0,35,117
22420796.0,100,50
22420839.0,103,53
22420860.0,96,60
22420929.0,108,50
22420934.0,107,54
22420940.0,97,54
22420994.0,102,66
22421012.0,98,50
22421029.0,105,53
22421059.0,103,53
22421062.0,107,47
22421077.0,94,89
22421121.0,94,91
22421139.0,93,91
22421155.0,106,55
22421202.0,100,53
22421214.0,55,55
22421261.0,97,55
22421307.0,99,54
22421356.0,108,52
22421398.0,95,91
22421405.0,104,62
22421486.0,109,56
22421494.0,106,59
22421527.0,97,52
22421545.0,100,51
22421557.0,107,57
22421560.0,105,60
22421584.0,103,62
22421622.0,107,47
22421685.0,95,91
22421707.0,52,72
22421727.0,105,53
22421728.0,106,75
22421743.0,56,56
22421761.0,105,52
22421774.0,107,52
22421857.0,109,56
22421990.0,106,58
22422029.0,98,49
22422134.0,108,56
22422339.0,103,67
22422344.0,109,53
22422421.0,98,50
22422515.0,104,66
22422673.0,97,53
22422695.0,103,66
22422697.0,45,101
22422708.0,104,66
22422709.0,109,56
22422764.0,96,55
22422859.0,109,53
22422888.0,97,56
22422919.0,102,56
22422943.0,107,57
22422980.0,109,54
22423118.0,105,64
22423187.0,99,65
22423214.0,109,56
22423260.0,100,54
22423329.0,106,63
22423345.0,99,53
22423454.0,105,78
22423491.0,96,57
22423543.0,101,51
22423655.0,96,54
22423691.0,100,52
22423784.0,97,50
22423801.0,96,65
22423842.0,106,58
22423914.0,98,49
22424038.0,99,62
22424077.0,109,56
22424140.0,99,51
22424185.0,96,56
22424254.0,101,50
22424297.0,97,51
22424404.0,106,47
22424533.0,104,46
22424549.0,96,53
22424559.0,106,55
22424688.0,99,49
22424797.0,99,50
22424966.0,108,55
22424991.0,106,54
22425068.0,97,57
22425077.0,99,54
22425112.0,100,51
22425148.0,105,59
22425149.0,104,61
22425153.0,95,58
22425215.0,99,53
22425221.0,107,58
22425251.0,103,46
22425261.0,101,49
22425287.0,105,53
22425324.0,106,57
22425327.0,77,70
22425337.0,98,54
22425421.0,100,53
22425439.0,106,54
22425589.0,97,50
22425762.0,44,121
22425902.0,95,60
22425941.0,97,49
22425950.0,104,53
22425965.0,105,55
22425982.0,104,46
22425986.0,42,121
22426022.0,96,58
22426053.0,107,56
22426083.0,108,51
22426088.0,95,56
22426159.0,107,50
22426186.0,98,71
22426272.0,102,62
22426323.0,105,58
22426439.0,103,62
22426507.0,96,52
22426515.0,100,52
22426527.0,100,50
22426538.0,96,51
22426584.0,102,46
22426636.0,95,59
22426695.0,107,50
22426711.0,108,54
22426715.0,108,52
22426742.0,95,55
22426804.0,99,60
22426957.0,104,60
22427044.0,104,51
22427103.0,98,53
22427136.0,102,47
22427172.0,97,60
22427197.0,96,69
22427228.0,96,53
22427248.0,95,57
22427584.0,104,49
22427625.0,105,61
22427666.0,105,46
22427703.0,99,59
22427743.0,98,50
22427765.0,105,47
22427774.0,95,54
22427810.0,99,53
22427896.0,98,52
22428238.0,106,57
22428355.0,101,50
22428468.0,99,75
22428696.0,95,53
22428903.0,105,48
22428916.0,98,49
22428961.0,96,59
22429100.0,98,51
22429154.0,101,51
22429264.0,95,54
22429275.0,112,51
22429300.0,98,53
22429302.0,105,58
22429343.0,96,49
22429635.0,101,51
22429672.0,100,51
22429698.0,98,75
22429701.0,99,50
22429728.0,99,52
22429733.0,37,96
22429739.0,104,59
22429760.0,106,48
22429844.0,103,52
22429846.0,105,57
22429960.0,96,50
22430005.0,109,57
22430029.0,107,51
22430063.0,95,52
22430081.0,103,52
22430138.0,99,51
22430252.0,103,51
22430482.0,102,68
22430500.0,94,55
22430535.0,94,57
22430565.0,106,49
22430605.0,97,49
22430608.0,97,54
22430715.0,94,58
22430799.0,104,47
22430855.0,98,61
22430869.0,106,56
22430880.0,94,59
22430904.0,104,58
22430918.0,95,53
22431003.0,105,57
22431077.0,98,52
22431084.0,106,56
22431108.0,96,71
22431282.0,98,67
22431344.0,97,66
22431374.0,103,60
22431388.0,95,51
22431415.0,97,53
22431421.0,97,69
22431511.0,97,50
22431516.0,107,52
22431535.0,102,65
22431713.0,102,53
22431718.0,102,66
22431784.0,98,54
22431850.0,103,62
22431978.0,108,56
22431989.0,95,56
22432031.0,98,51
22432045.0,104,48
22432059.0,44,119
22432144.0,106,55
22432156.0,109,55
22432175.0,105,76
22432187.0,107,54
22432377.0,95,65
22432442.0,94,54
22432451.0,105,56
22432473.0,107,54
22432478.0,106,55
22432479.0,98,52
22432528.0,95,50
22432563.0,95,58
22432650.0,94,56
22432656.0,96,66
22432684.0,95,77
22432941.0,105,48
22432949.0,95,49
22433023.0,97,54
22433074.0,94,53
22433098.0,98,53
22433104.0,97,51
22433140.0,104,60
22433150.0,97,52
22433201.0,103,52
22433207.0,107,54
22433306.0,102,63
22433333.0,104,52
22433390.0,94,52
22433405.0,102,62
22433411.0,95,52
22433516.0,102,53
22433589.0,97,53
22433607.0,97,51
22433626.0,94,57
22433628.0,98,51
22433703.0,43,119
22433707.0,95,88
22433813.0,107,53
22433840.0,104,57
22433867.0,98,50
22433923.0,101,46
22434156.0,105,49
22434283.0,103,54
22434423.0,102,51
22434425.0,95,59
22434495.0,105,50
22434646.0,103,64
22434758.0,104,58
22434789.0,94,60
22434796.0,97,62
22434808.0,94,54
22434825.0,96,60
22434920.0,94,53
22434946.0,95,63
22434948.0,97,52
22435207.0,94,55
22435246.0,95,49
22435294.0,103,59
22435386.0,93,55
22435460.0,2,63
22435562.0,103,46
22435659.0,103,63
22435710.0,96,53
22435713.0,3,63
22435754.0,96,50
22435976.0,105,73
22435982.0,93,56
22435985.0,102,63
22436027.0,2,63
22436049.0,94,49
22436084.0,106,51
22436111.0,103,48
22436215.0,94,50
22436228.0,96,91
22436271.0,106,54
22436336.0,101,47
22436482.0,97,52
22436519.0,105,55
22436586.0,103,47
22436605.0,93,59
22436611.0,96,52
22436705.0,104,48
22436732.0,96,91
22436735.0,106,54
22436740.0,94,52
22436758.0,93,54
22436784.0,100,48
22436836.0,95,52
22436851.0,94,49
22436870.0,106,52
22436929.0,100,46
22437095.0,106,50
22437297.0,97,50
22437330.0,96,51
22437337.0,102,46
22437360.0,93,53
22437391.0,96,53
22437541.0,103,60
22437559.0,93,60
22437641.0,102,54
22437719.0,101,45
22437779.0,93,52
22437856.0,95,62
22437911.0,105,52
22437974.0,96,62
22437989.0,103,61
22438004.0,94,59
22438056.0,100,65
22438205.0,104,56
22438285.0,105,54
22438384.0,102,66
22438468.0,105,56
22438529.0,93,54
22438605.0,95,49
22438763.0,93,51
22438770.0,96,52
22438775.0,104,56
22438901.0,93,53
22438927.0,97,51
22438979.0,103,57
22439035.0,101,67
22439130.0,105,56
22439159.0,93,50
22439182.0,100,45
22439235.0,95,50
22439328.0,97,63
22439377.0,93,55
22439381.0,105,50
22439527.0,104,52
22439543.0,94,56
22439564.0,102,60
22439571.0,95,50
22439575.0,96,53
22439612.0,95,53
22439615.0,101,45
22439672.0,98,52
22439727.0,100,46
22439729.0,93,49
22439798.0,96,51
22439811.0,101,52
22439829.0,101,62
22439852.0,97,89
22439869.0,98,45
22439916.0,102,50
22439954.0,104,55
22440000.0,94,58
22440066.0,105,51
22440132.0,103,56
22440268.0,95,50
22440322.0,103,52
22440378.0,105,52
22440383.0,105,53
22440428.0,102,59
22440438.0,101,61
22440451.0,93,57
22440465.0,92,57
22440513.0,103,56
22440528.0,106,55
22440558.0,102,63
22440585.0,101,64
22440634.0,97,64
22440648.0,93,50
22440665.0,102,59
22440680.0,93,51
22440698.0,100,45
22440779.0,92,55
22440804.0,93,58
22440866.0,96,52
22440938.0,105,96
22440995.0,102,58
22440996.0,92,56
22441006.0,106,55
22441049.0,92,58
22441166.0,96,50
22441170.0,101,65
22441222.0,103,56
22441361.0,93,49
22441444.0,95,51
22441470.0,102,59
22441560.0,103,49
22441587.0,92,54
22441604.0,93,54
22441699.0,102,57
22441840.0,99,45
22441914.0,86,90
22442115.0,104,54
22442136.0,101,63
22442148.0,96,61
22442310.0,94,49
22442325.0,95,53
22442449.0,95,60
22442476.0,103,48
22442483.0,98,45
22442534.0,93,59
22442572.0,39,110
22442622.0,100,45
22442646.0,92,59
22442694.0,103,55
22442764.0,39,110
22442843.0,103,50
22442931.0,94,50
22442950.0,101,60
22442967.0,97,45
22442975.0,92,50
22443079.0,92,49
22443118.0,92,52
22443361.0,95,52
22443411.0,100,50
22443462.0,92,57
22443525.0,92,51
22443613.0,94,54
22443615.0,99,69
22443660.0,94,52
22443663.0,97,46
22443682.0,103,49
22443708.0,100,51
22443713.0,92,53
22443751.0,94,51
22443779.0,95,50
22443804.0,92,50
22443807.0,94,53
22443856.0,92,49
22443905.0,96,46
22443908.0,100,50
22443929.0,104,53
22443953.0,100,46
22444157.0,93,78
22444457.0,98,45
22444485.0,102,57
22444546.0,104,52
22444576.0,102,56
22444579.0,71,127
22444656.0,99,52
22444691.0,93,49
22444707.0,104,50
22444813.0,101,65
22444924.0,101,47
22445246.0,92,54
22445292.0,95,51
22445346.0,103,54
22445365.0,101,67
22445576.0,36,114
22445634.0,103,55
22445642.0,96,45
22445691.0,91,55
22445703.0,103,51
22445730.0,91,54
22445820.0,100,66
22445961.0,101,52
22445964.0,99,51
22445992.0,101,58
22446025.0,91,57
22446057.0,94,54
22446158.0,100,47
22446244.0,101,58
22446298.0,91,53
22446383.0,97,45
22446534.0,101,53
22446601.0,100,65
22446607.0,91,52
22446659.0,92,55
22446660.0,93,60
22446662.0,95,50
22446671.0,93,50
22446727.0,99,52
22446743.0,99,65
22446840.0,99,45
22446867.0,91,54
22446892.0,102,47
22446899.0,91,58
22446903.0,99,50
22446937.0,93,49
22447087.0,102,56
22447148.0,92,56
22447155.0,77,73
22447168.0,91,56
22447170.0,102,55
22447173.0,91,51
22447174.0,100,64
22447264.0,101,63
22447275.0,93,51
22447301.0,84,79
22447375.0,96,89
22447398.0,99,51
22447515.0,100,53
22447543.0,91,49
22447565.0,101,47
22447569.0,101,63
22447579.0,95,53
22447603.0,100,63
22447620.0,97,45
22447683.0,94,52
22447748.0,91,53
22447766.0,93,52
22447859.0,99,46
22448042.0,103,49
22448073.0,93,54
22448084.0,101,59
22448158.0,93,53
22448218.0,94,50
22448234.0,94,53
22448290.0,97,66
22448372.0,93,52
22448448.0,101,57
22448450.0,93,53
22448472.0,92,49
22448522.0,100,48
22448631.0,91,57
22448632.0,86,89
22448824.0,91,50
22448889.0,101,58
22448947.0,94,51
22448984.0,91,51
22449046.0,103,53
22449079.0,98,51
22449104.0,96,72
22449112.0,93,53
22449141.0,94,52
22449220.0,100,62
22449246.0,103,51
22449265.0,95,46
22449470.0,96,52
22449557.0,103,53
22449570.0,98,45
22449593.0,103,50
22449594.0,102,54
22449611.0,90,52
22449648.0,90,54
22449778.0,98,50
22449797.0,91,52
22449866.0,101,57
22449882.0,103,50
22449925.0,94,60
22449927.0,90,53
22449940.0,94,67
22449941.0,101,56
22450017.0,100,60
22450045.0,97,53
22450052.0,92,58
22450076.0,103,53
22450126.0,92,50
22450136.0,99,50
22450217.0,92,76
22450284.0,100,59
22450323.0,90,56
22450362.0,102,85
22450378.0,93,53
22450424.0,91,55
22450450.0,103,53
22450555.0,90,50
22450592.0,98,46
22450692.0,103,50
22450698.0,96,47
22450705.0,93,54
22450706.0,90,52
22450709.0,90,55
22450787.0,92,57
22450853.0,90,49
22450875.0,93,50
22450878.0,94,46
22450967.0,93,52
22451027.0,91,59
22451031.0,93,49
22451198.0,99,47
22451218.0,90,50
22451244.0,90,51
22451263.0,97,47
22451315.0,101,55
22451317.0,100,66
22451383.0,68,50
22451404.0,98,51
22451447.0,93,65
22451458.0,91,58
22451481.0,98,73
22451498.0,102,51
22451517.0,92,74
22451655.0,93,51
22451656.0,94,48
22451727.0,94,45
22451794.0,100,47
22451896.0,91,49
22451916.0,102,53
22451923.0,90,49
22451929.0,93,53
22451981.0,99,61
22452020.0,98,47
22452142.0,90,54
22452172.0,100,58
22452192.0,92,59
22452209.0,91,49
22452211.0,93,73
22452262.0,100,59
22452296.0,92,52
22452301.0,99,53
22452381.0,94,61
22452415.0,92,51
22452430.0,90,53
22452437.0,90,57
22452498.0,97,45
22452509.0,97,52
22452524.0,92,52
22452682.0,102,49
22453018.0,104,73
22453023.0,100,67
22453140.0,97,52
22453215.0,92,54
22453239.0,97,51
22453281.0,91,50
22453284.0,101,54
22453293.0,97,73
22453306.0,89,52
22453313.0,101,52
22453395.0,101,49
22453452.0,97,50
22453455.0,93,46
22453467.0,95,89
22453875.0,90,55
22453893.0,90,56
22453918.0,89,50
22453964.0,102,48
22454013.0,91,61
22454074.0,102,52
22454113.0,90,49
22454144.0,99,52
22454174.0,91,59
22454213.0,97,46
22454258.0,91,62
22454315.0,90,58
22454327.0,91,56
22454331.0,100,57
22454395.0,102,51
22454402.0,102,50
22454427.0,91,50
22454475.0,93,52
22454536.0,98,46
22454549.0,91,51
22454568.0,92,51
22454615.0,99,53
22454643.0,89,51
22454658.0,89,50
22454659.0,92,62
22454733.0,94,48
22454735.0,90,59
22454755.0,97,51
22454776.0,91,51
22454798.0,91,50
22454820.0,89,52
22454881.0,95,70
22454912.0,97,52
22454934.0,93,45
22455011.0,99,47
22455017.0,96,68
22455020.0,100,65
22455260.0,85,72
22455275.0,92,52
22455322.0,94,48
22455359.0,91,57
22455360.0,99,65
22455371.0,89,54
22455378.0,98,47
22455398.0,89,55
22455494.0,101,48
22455524.0,91,51
22455533.0,89,53
22455538.0,91,50
22455542.0,89,56
22455548.0,91,52
22455583.0,36,112
22455607.0,89,51
22455608.0,98,53
22455658.0,99,63
22455669.0,89,49
22455732.0,92,48
22455813.0,92,50
22455860.0,89,57
22455895.0,94,45
22456048.0,97,46
22456064.0,91,50
22456239.0,96,66
22456374.0,93,46
22456408.0,99,59
22456415.0,36,113
22456442.0,90,50
22456445.0,89,51
22456472.0,90,57
22456659.0,90,60
22456665.0,101,52
22456697.0,96,45
22456742.0,99,64
22456772.0,99,51
22456858.0,95,47
22456859.0,104,76
22456919.0,91,50
22456955.0,89,54
22456980.0,95,64
22457023.0,96,45
22457053.0,97,47
22457108.0,99,66
22457125.0,95,63
22457126.0,99,52
22457155.0,91,49
22457180.0,88,50
22457181.0,92,46
22457197.0,94,45
22457224.0,89,52
22457228.0,37,124
22457240.0,92,52
22457242.0,89,57
22457263.0,91,50
22457307.0,99,66
22457358.0,99,58
22457425.0,91,53
22457477.0,97,51
22457527.0,101,51
22457541.0,91,58
22457644.0,91,51
22457747.0,100,54
22457813.0,98,70
22457833.0,88,53
22457896.0,90,61
22457915.0,88,50
22457954.0,23,106
22457957.0,95,50
22457960.0,94,76
22457987.0,88,51
22458041.0,99,59
22458045.0,89,55
22458075.0,88,52
22458081.0,91,54
22458121.0,90,50
22458255.0,94,57
22458261.0,92,45
22458296.0,99,58
22458333.0,88,53
22458348.0,88,89
22458379.0,94,48
22458380.0,99,59
22458420.0,91,48
22458420.0,36,118
22458461.0,91,50
22458464.0,23,106
22458542.0,98,53
22458564.0,94,59
22458683.0,100,66
22458683.0,100,89
22458712.0,88,51
22458758.0,90,49
22458773.0,88,50
22458794.0,95,49
22458799.0,99,59
22458819.0,93,61
22458828.0,98,47
22458850.0,98,51
22458857.0,97,48
22458865.0,96,51
22458889.0,91,52
22458890.0,99,65
22458946.0,91,49
22459046.0,88,53
22459086.0,90,51
22459094.0,99,51
22459123.0,92,51
22459192.0,99,59
22459209.0,93,46
22459296.0,90,49
22459487.0,89,50
22459609.0,100,49
22459622.0,104,75
22459643.0,89,49
22459670.0,90,60
22459682.0,99,66
22459696.0,89,59
22459706.0,90,51
22459753.0,24,105
22459787.0,101,50
22459805.0,93,49
22459834.0,83,108
22459839.0,88,55
22459914.0,88,52
22459927.0,88,56
22459948.0,90,49
22459978.0,88,54
22460005.0,93,62
22460040.0,91,53
22460127.0,89,49
22460131.0,99,48
22460162.0,99,57
22460163.0,93,52
22460220.0,90,53
22460230.0,90,52
22460239.0,91,51
22460272.0,102,68
22460275.0,95,50
22460304.0,101,68
22460408.0,93,45
22460413.0,89,56
22460479.0,95,52
22460683.0,88,57
22460702.0,95,48
22460745.0,98,74
22460803.0,96,46
22460831.0,90,49
22460875.0,94,47
22461066.0,91,52
22461109.0,99,54
22461156.0,91,60
22461164.0,94,49
22461219.0,91,47
22461290.0,95,49
22461314.0,91,54
22461349.0,99,55
22461405.0,99,56
22461532.0,87,51
22461536.0,99,49
22461538.0,92,54
22461656.0,89,51
22461682.0,90,52
22461725.0,90,57
22461730.0,92,76
22461785.0,97,71
22461866.0,89,58
22461888.0,90,50
22461904.0,91,46
22461912.0,100,49
22461964.0,100,52
22462114.0,87,50
22462161.0,90,46
22462185.0,90,51
22462203.0,88,50
22462210.0,88,58
22462216.0,88,55
22462220.0,91,47
22462231.0,101,54
22462238.0,87,51
22462244.0,97,52
22462254.0,99,51
22462293.0,90,59
22462359.0,90,54
22462394.0,100,51
22462417.0,102,69
22462420.0,93,46
22462431.0,89,50
22462436.0,92,51
22462437.0,92,46
22462448.0,98,62
22462519.0,88,54
22462540.0,97,72
22462546.0,97,47
22462555.0,97,52
22462562.0,98,63
22462578.0,87,52
22462644.0,90,49
22462647.0,89,51
22462679.0,99,67
22462688.0,92,50
22462711.0,95,49
22462733.0,97,53
22462764.0,90,50
22462799.0,93,47
22462818.0,89,60
22462823.0,90,48
22462826.0,96,67
22462856.0,99,54
22462869.0,88,57
22463011.0,87,53
22463012.0,89,52
22463213.0,87,54
22463262.0,94,45
22463295.0,98,46
22463325.0,96,46
22463326.0,90,46
22463327.0,92,45
22463348.0,99,58
22463402.0,90,52
22463454.0,88,56
22463500.0,90,53
22463574.0,90,47
22463626.0,89,57
22463801.0,87,52
22463823.0,91,59
22463845.0,98,58
22463940.0,93,63
22464078.0,90,58
22464104.0,88,58
22464165.0,99,53
22464215.0,98,57
22464257.0,98,61
22464268.0,94,48
22464342.0,88,50
22464378.0,98,48
22464453.0,90,56
22464473.0,97,52
22464524.0,99,48
22464609.0,95,46
22464654.0,87,55
22464669.0,98,55
22464754.0,87,56
22464798.0,101,68
22464865.0,93,50
22464952.0,90,54
22464979.0,91,46
22465009.0,89,50
22465041.0,92,51
22465074.0,91,49
22465077.0,87,54
22465093.0,89,51
22465118.0,92,46
22465168.0,98,59
22465191.0,86,51
22465200.0,94,50
22465217.0,91,47
22465280.0,90,46
22465457.0,87,57
22465467.0,101,67
22465479.0,95,47
22465483.0,88,51
22465495.0,88,59
22465512.0,98,56
22465568.0,87,50
22465599.0,92,45
22465662.0,86,50
22465675.0,97,87
22465725.0,86,51
22465785.0,98,51
22465812.0,91,47
22465828.0,99,51
22465891.0,89,46
22465906.0,94,50
22465938.0,95,66
22465997.0,98,60
22466021.0,90,62
22466070.0,89,51
22466114.0,98,50
22466158.0,96,53
22466166.0,93,45
22466244.0,99,49
22466247.0,96,51
22466305.0,89,54
22466321.0,90,50
22466347.0,91,51
22466355.0,89,50
22466378.0,86,52
22466405.0,93,51
22466436.0,92,61
22466453.0,94,70
22466466.0,87,55
22466505.0,99,49
22466615.0,87,56
22466640.0,89,54
22466643.0,93,46
22466705.0,94,46
22466935.0,89,47
22466994.0,89,46
22467045.0,99,52
22467070.0,95,48
22467115.0,95,54
22467155.0,86,52
22467237.0,91,49
22467265.0,92,48
22467309.0,86,53
22467310.0,97,61
22467339.0,88,52
22467353.0,89,58
22467357.0,93,47
22467366.0,87,58
22467380.0,95,46
22467391.0,96,53
22467422.0,86,54
22467446.0,90,51
22467576.0,91,46
22467602.0,98,53
22467723.0,93,50
22467745.0,91,45
22467771.0,87,53
22467780.0,92,49
22467935.0,99,50
22467949.0,94,47
22467953.0,91,51
22467960.0,89,51
22467971.0,88,58
22468014.0,94,48
22468107.0,87,51
22468144.0,91,52
22468152.0,88,60
22468270.0,93,60
22468403.0,94,51
22468418.0,85,51
22468436.0,93,51
22468616.0,91,48
22468617.0,88,50
22468677.0,89,59
22468698.0,97,48
22468723.0,87,57
22468889.0,103,71
22468896.0,95,47
22469025.0,85,51
22469054.0,88,49
22469091.0,87,51
22469164.0,90,46
22469194.0,88,53
22469227.0,93,46
22469369.0,89,53
22469535.0,87,59
22469551.0,92,45
22469620.0,90,60
22469629.0,86,50
22469742.0,88,51
22469747.0,93,47
22469767.0,90,61
22469768.0,89,54
22469772.0,88,52
22469776.0,85,52
22469783.0,89,52
22469807.0,88,46
22469818.0,85,51
22469891.0,95,52
22469895.0,93,51
22469899.0,89,47
22469903.0,86,53
22469934.0,87,51
22469942.0,96,51
22469955.0,92,45
22469995.0,92,46
22469998.0,89,49
22470078.0,86,56
22470091.0,86,54
22470131.0,90,51
22470182.0,98,51
22470229.0,93,46
22470266.0,87,52
22470280.0,86,55
22470288.0,85,52
22470289.0,88,54
22470352.0,90,45
22470360.0,86,57
22470370.0,97,63
22470375.0,97,58
22470400.0,95,53
22470500.0,94,46
22470546.0,95,48
22470584.0,89,47
22470595.0,88,46
22470708.0,90,50
22470819.0,91,47
22470851.0,95,48
22470853.0,85,53
22470975.0,98,55
22471025.0,97,60
22471071.0,86,51
22471123.0,89,47
22471216.0,97,54
22471301.0,88,47
22471382.0,95,51
22471433.0,87,58
22471442.0,92,48
22471504.0,90,48
22471505.0,85,54
22471577.0,88,59
22471634.0,88,54
22471677.0,97,56
22471738.0,89,62
22471752.0,87,52
22471770.0,96,50
22471784.0,91,51
22471804.0,97,52
22471818.0,88,53
22471837.0,89,46
22471842.0,86,58
22471860.0,85,53
22471973.0,89,47
22471992.0,87,53
22472035.0,96,48
22472053.0,87,60
22472082.0,92,49
22472116.0,90,46
22472133.0,89,50
22472193.0,89,48
22472226.0,88,61
22472233.0,82,111
22472263.0,89,49
22472267.0,86,51
22472271.0,98,53
22472308.0,87,47
22472316.0,85,52
22472325.0,89,46
22472331.0,97,53
22472338.0,97,49
22472352.0,95,52
22472408.0,87,51
22472421.0,85,55
22472431.0,93,52
22472491.0,88,49
22472520.0,89,48
22472541.0,98,53
22472566.0,92,46
22472570.0,36,116
22472575.0,95,53
22472602.0,86,51
22472635.0,88,51
22472692.0,89,49
22472718.0,92,51
22472727.0,84,52
22472735.0,88,52
22472739.0,88,48
22472758.0,97,52
22472778.0,86,56
22472820.0,98,65
22472859.0,87,59
22472903.0,84,51
22472917.0,100,67
22472934.0,88,57
22472939.0,91,52
22472954.0,88,56
22472979.0,85,51
22473024.0,96,59
22473053.0,94,47
22473107.0,88,60
22473133.0,97,48
22473142.0,87,49
22473171.0,97,52
22473172.0,88,46
22473188.0,89,61
22473222.0,104,79
22473237.0,93,63
22473312.0,87,57
22473329.0,98,64
22473346.0,84,52
22473355.0,91,46
22473357.0,97,64
22473377.0,85,54
22473403.0,93,46
22473404.0,92,46
22473455.0,91,45
22473456.0,90,51
22473512.0,88,54
22473513.0,36,116
22473528.0,96,56
22473553.0,86,58
22473572.0,89,84
22473600.0,93,46
22473604.0,97,48
22473613.0,92,64
22473619.0,91,47
22473630.0,95,71
22473639.0,44,124
22473640.0,86,57
22473643.0,86,52
22473657.0,92,50
22473669.0,96,49
22473679.0,96,57
22473681.0,93,49
22473711.0,96,87
22473776.0,87,51
22473819.0,97,52
22473824.0,95,48
22473861.0,85,53
22473940.0,92,47
22473958.0,91,46
22473960.0,85,55
22473977.0,94,54
22474018.0,89,48
22474035.0,91,48
22474056.0,96,87
22474066.0,97,48
22474079.0,89,51
22474083.0,45,125
22474096.0,87,52
22474101.0,85,51
22474115.0,97,65
22474148.0,92,51
22474224.0,93,46
22474243.0,90,50
22474285.0,85,56
22474325.0,97,49
22474335.0,89,46
22474344.0,93,51
22474346.0,96,61
22474379.0,94,53
22474417.0,90,47
22474442.0,92,62
22474505.0,89,52
22474514.0,92,49
22474515.0,91,46
22474604.0,97,48
22474611.0,87,53
22474633.0,85,51
22474745.0,96,55
22474804.0,90,45
22474809.0,84,53
22474900.0,95,48
22474918.0,86,90
22474964.0,95,52
22474972.0,103,79
22475059.0,83,105
22475061.0,97,50
22475065.0,85,90
22475118.0,99,77
22475181.0,88,47
22475207.0,93,55
22475208.0,89,47
22475252.0,86,89
22475285.0,98,50
22475366.0,96,54
22475393.0,94,51
22475431.0,85,51
22475502.0,90,49
22475566.0,93,65
22475567.0,91,49
22475646.0,65,49
22475652.0,88,56
22475660.0,89,51
22475731.0,88,49
22475741.0,91,49
22475755.0,94,66
22475759.0,96,56
22475774.0,39,126
22475814.0,96,55
22475856.0,86,53
22475863.0,92,48
22475914.0,91,47
22475936.0,83,52
22475941.0,84,54
22475966.0,65,49
22476022.0,95,50
22476033.0,84,51
22476097.0,91,51
22476139.0,84,53
22476147.0,87,48
22476168.0,91,50
22476298.0,91,46
22476301.0,96,53
22476338.0,89,62
22476441.0,85,52
22476445.0,86,51
22476465.0,84,55
22476469.0,87,52
22476550.0,84,52
22476581.0,91,50
22476592.0,86,47
22476614.0,87,61
22476632.0,87,50
22476689.0,88,47
22476725.0,65,49
22476734.0,90,46
22476744.0,86,59
22476877.0,88,46
22476880.0,93,47
22476975.0,92,67
22476999.0,96,59
22477014.0,86,48
22477085.0,90,47
22477099.0,92,46
22477106.0,93,47
22477128.0,83,52
22477443.0,93,49
22477496.0,96,54
22477516.0,96,60
22477545.0,88,51
22477612.0,85,58
22477646.0,84,54
22477685.0,89,87
22477743.0,86,54
22477755.0,92,49
22477790.0,96,57
22477793.0,93,49
22477801.0,85,56
22477815.0,87,58
22477843.0,96,49
22477861.0,98,74
22477994.0,96,48
22478009.0,97,62
22478025.0,86,52
22478032.0,54,54
22478060.0,87,54
22478090.0,65,48
22478115.0,93,47
22478117.0,86,78
22478126.0,111,85
22478146.0,93,52
22478183.0,85,48
22478273.0,88,49
22478334.0,87,47
22478376.0,88,78
22478377.0,83,53
22478422.0,84,55
22478453.0,93,51
22478473.0,90,48
22478528.0,85,53
22478551.0,96,50
22478553.0,88,52
22478566.0,93,49
22478572.0,95,49
22478587.0,86,50
22478621.0,90,49
22478639.0,96,61
22478783.0,91,49
22478786.0,93,51
22478791.0,91,47
22478809.0,96,51
22478891.0,93,49
22478926.0,93,53
22479057.0,88,46
22479071.0,89,50
22479073.0,94,51
22479105.0,92,46
22479179.0,84,52
22479196.0,85,47
22479262.0,85,59
22479286.0,93,51
22479324.0,89,46
22479330.0,92,52
22479347.0,94,50
22479379.0,94,52
22479406.0,94,48
22479427.0,85,48
22479544.0,85,49
22479577.0,86,60
22479682.0,87,55
22479698.0,86,54
22479715.0,85,57
22479780.0,86,55
22479780.0,94,47
22479802.0,95,55
22479849.0,90,47
22479854.0,88,51
22479888.0,86,61
22479890.0,83,53
22479904.0,87,48
22479916.0,84,57
22479931.0,87,46
22479943.0,85,53
22479989.0,86,53
22480043.0,87,47
22480073.0,68,62
22480208.0,91,48
22480283.0,99,67
22480289.0,85,50
22480290.0,85,51
22480349.0,84,56
22480404.0,85,58
22480421.0,83,55
22480426.0,95,56
22480431.0,90,51
22480531.0,92,47
22480559.0,90,50
22480576.0,90,46
22480632.0,89,52
22480650.0,86,47
22480684.0,82,52
22480706.0,91,46
22480726.0,82,53
22480735.0,85,53
22480794.0,95,53
22480836.0,88,52
22480841.0,85,59
22480874.0,90,49
22480910.0,93,53
22480919.0,95,57
22481016.0,90,48
22481053.0,90,50
22481062.0,86,55
22481068.0,87,51
22481071.0,93,52
22481104.0,92,48
22481145.0,93,51
22481146.0,83,52
22481161.0,89,47
22481184.0,86,60
22481199.0,87,62
22481228.0,83,55
22481297.0,95,52
22481318.0,89,51
22481485.0,97,75
22481501.0,83,109
22481510.0,89,48
22481530.0,83,54
22481543.0,92,49
22481546.0,87,46
22481571.0,95,73
22481589.0,84,53
22481599.0,95,48
22481603.0,95,67
22481673.0,87,48
22481680.0,86,56
22481699.0,86,58
22481722.0,86,54
22481750.0,82,53
22481757.0,84,58
22481781.0,85,54
22481820.0,88,62
22481858.0,89,48
22481903.0,85,52
22481965.0,93,51
22482052.0,84,56
22482082.0,91,52
22482104.0,95,56
22482127.0,88,53
22482175.0,87,59
22482240.0,95,54
22482250.0,85,54
22482274.0,98,67
22482378.0,87,52
22482392.0,95,49
22482397.0,87,47
22482400.0,95,50
22482407.0,84,57
22482407.0,94,87
22482418.0,92,52
22482422.0,95,55
22482447.0,89,47
22482448.0,89,83
22482449.0,83,52
22482452.0,92,53
22482466.0,85,48
22482491.0,91,64
22482535.0,90,51
22482550.0,86,61
22482576.0,88,51
22482667.0,91,70
22482677.0,85,53
22482768.0,96,52
22482777.0,89,83
22482841.0,94,49
22482867.0,95,52
22482914.0,95,57
22482923.0,95,58
22482939.0,85,60
22482947.0,44,112
22482953.0,91,50
22483008.0,91,47
22483028.0,93,47
22483089.0,94,68
22483107.0,96,64
22483129.0,88,46
22483205.0,95,52
22483263.0,90,62
22483266.0,84,53
22483274.0,44,126
22483321.0,85,47
22483355.0,84,48
22483356.0,92,51
22483358.0,95,88
22483381.0,96,65
22483385.0,90,49
22483416.0,86,59
22483433.0,86,46
22483601.0,91,61
22483659.0,86,49
22483680.0,83,55
22483688.0,96,87
22483738.0,88,84
22483756.0,83,56
22483766.0,82,54
22483770.0,85,50
22483801.0,93,50
22483801.0,93,49
22483859.0,96,63
22483867.0,89,47
22483897.0,92,63
22483904.0,83,57
22483925.0,85,54
22483940.0,94,69
22483966.0,87,61
22483981.0,93,66
22484088.0,86,49
22484095.0,90,65
22484170.0,93,65
22484173.0,90,46
22484181.0,93,48
22484254.0,84,59
22484260.0,89,51
22484296.0,94,54
22484296.0,83,53
22484386.0,84,54
22484414.0,87,60
22484423.0,85,49
22484441.0,91,48
22484480.0,86,51
22484628.0,90,80
22484701.0,86,46
22484791.0,85,48
22484857.0,95,59
22484890.0,86,47
22484907.0,94,48
22484976.0,85,48
22484979.0,83,57
22485027.0,81,53
22485050.0,84,49
22485051.0,88,50
22485055.0,95,60
22485095.0,82,55
22485136.0,84,52
22485157.0,87,52
22485252.0,91,49
22485265.0,84,53
22485278.0,94,53
22485369.0,83,48
22485471.0,83,49
22485491.0,91,49
22485520.0,82,54
22485555.0,83,53
22485637.0,85,48
22485667.0,89,64
22485749.0,92,48
22485752.0,87,63
22485754.0,89,51
22485769.0,84,48
22485799.0,94,55
22485823.0,85,48
22485864.0,83,48
22485924.0,83,53
22485947.0,94,52
22486040.0,81,54
22486060.0,86,49
22486062.0,92,53
22486102.0,90,47
22486145.0,84,58
22486171.0,92,51
22486173.0,91,50
22486181.0,89,52
22486247.0,94,54
22486264.0,84,51
22486265.0,94,52
22486273.0,92,52
22486305.0,94,49
22486330.0,83,58
22486338.0,95,72
22486370.0,95,61
22486392.0,87,46
22486410.0,86,52
22486415.0,85,58
22486431.0,82,56
22486457.0,85,49
22486499.0,83,56
22486544.0,86,62
22486566.0,83,57
22486569.0,92,47
22486587.0,92,48
22486592.0,95,61
22486598.0,91,51
22486608.0,85,61
22486647.0,89,66
22486659.0,88,49
22486673.0,85,47
22486682.0,81,54
22486697.0,87,47
22486730.0,86,56
22486744.0,85,49
22486781.0,83,49
22486802.0,94,56
22486806.0,85,50
22486809.0,83,51
22486836.0,87,51
22486875.0,82,53
22486947.0,94,50
22486970.0,92,49
22486981.0,92,50
22487039.0,84,53
22487072.0,82,55
22487100.0,90,50
22487257.0,91,53
22487308.0,91,52
22487336.0,84,58
22487380.0,94,57
22487418.0,83,52
22487426.0,84,54
22487449.0,93,71
22487464.0,83,54
22487545.0,81,54
22487552.0,84,48
22487553.0,83,48
22487568.0,108,57
22487591.0,89,52
22487597.0,101,70
22487609.0,103,70
22487616.0,93,47
22487660.0,94,51
22487684.0,83,51
22487687.0,85,47
22487714.0,85,57
22487724.0,84,59
22487757.0,88,51
22487792.0,91,52
22487859.0,90,52
22487901.0,86,51
22487920.0,93,51
22487976.0,107,57
22487978.0,88,47
22488032.0,83,58
22488146.0,95,51
22488172.0,89,48
22488191.0,85,48
22488197.0,86,52
22488257.0,91,52
22488294.0,88,49
22488417.0,87,48
22488451.0,90,49
22488481.0,88,50
22488573.0,101,69
22488642.0,86,53
22488656.0,91,52
22488660.0,90,89
22488671.0,93,48
22488695.0,81,53
22488733.0,81,55
22488844.0,82,57
22488872.0,89,49
22488875.0,82,56
22489007.0,88,49
22489040.0,89,47
22489097.0,86,48
22489113.0,82,49
22489130.0,90,48
22489141.0,80,54
22489194.0,85,59
22489230.0,83,53
22489241.0,83,50
22489275.0,88,49
22489430.0,98,76
22489455.0,81,55
22489464.0,91,48
22489497.0,84,60
22489521.0,82,54
22489536.0,87,81
22489628.0,85,50
22489650.0,83,59
22489658.0,93,49
22489672.0,82,57
22489711.0,35,111
22489714.0,87,49
22489739.0,93,57
22489744.0,90,50
22489772.0,92,49
22489794.0,86,62
22489877.0,85,54
22489885.0,82,50
22489886.0,89,51
22489901.0,83,49
22489904.0,96,65
22489911.0,87,47
22489914.0,89,90
22489930.0,84,47
22489951.0,83,48
22489959.0,85,52
22489976.0,86,61
22489977.0,87,48
22489989.0,82,48
22489994.0,95,63
22490039.0,91,50
22490111.0,87,53
22490115.0,95,62
22490141.0,94,57
22490143.0,87,52
22490204.0,80,54
22490256.0,94,59
22490271.0,90,50
22490274.0,84,55
22490287.0,83,55
22490304.0,87,51
22490311.0,93,52
22490366.0,87,62
22490371.0,94,52
22490377.0,82,51
22490395.0,86,55
22490397.0,90,63
22490412.0,85,56
22490424.0,91,51
22490446.0,82,58
22490455.0,86,47
22490460.0,90,51
22490539.0,91,47
22490542.0,91,48
22490577.0,93,54
22490593.0,89,48
22490625.0,85,55
22490646.0,91,53
22490665.0,88,48
22490668.0,90,52
22490678.0,84,49
22490702.0,94,52
22490703.0,81,55
22490712.0,85,62
22490722.0,82,49
22490759.0,93,50
22490824.0,92,51
22490843.0,88,89
22490843.0,91,49
22490847.0,84,50
22490866.0,81,56
22490869.0,84,47
22490870.0,82,54
22490892.0,87,50
22490901.0,84,61
22490979.0,84,60
22491116.0,83,60
22491231.0,80,55
22491269.0,88,66
22491396.0,90,53
22491413.0,83,58
22491446.0,81,54
22491676.0,87,47
22491676.0,88,51
22491736.0,86,48
22491739.0,83,56
22491862.0,91,50
22491888.0,85,48
22491898.0,83,52
22491912.0,95,60
22491942.0,86,52
22491945.0,80,55
22491949.0,83,54
22492007.0,87,48
22492053.0,86,48
22492101.0,93,56
22492147.0,88,50
22492153.0,85,53
22492167.0,87,49
22492171.0,88,47
22492180.0,84,49
22492195.0,89,49
22492210.0,87,51
22492218.0,81,49
22492248.0,92,66
22492276.0,84,51
22492291.0,87,50
22492310.0,86,54
22492313.0,83,48
22492329.0,84,54
22492338.0,86,53
22492346.0,84,48
22492351.0,85,52
22492355.0,92,47
22492368.0,83,49
22492427.0,86,90
22492429.0,82,53
22492456.0,83,59
22492458.0,81,57
22492466.0,86,49
22492472.0,84,50
22492493.0,85,60
22492520.0,85,61
22492543.0,86,60
22492553.0,81,56
22492570.0,93,55
22492659.0,86,47
22492665.0,82,57
22492700.0,82,59
22492742.0,93,57
22492811.0,85,50
22492812.0,94,59
22492838.0,81,50
22492967.0,88,62
22493001.0,85,47
22493033.0,82,58
22493041.0,88,55
22493067.0,94,61
22493133.0,95,62
22493195.0,81,54
22493214.0,82,55
22493267.0,90,48
22493269.0,85,54
22493274.0,87,63
22493312.0,84,52
22493341.0,98,84
22493352.0,83,55
22493360.0,92,48
22493370.0,94,60
22493513.0,80,54
22493549.0,81,49
22493555.0,82,52
22493560.0,90,68
22493634.0,92,49
22493704.0,87,52
22493821.0,88,48
22493849.0,93,56
22493897.0,86,47
22493924.0,90,47
22494037.0,83,48
22494071.0,90,48
22494077.0,82,54
22494078.0,84,61
22494083.0,84,51
22494093.0,91,51
22494095.0,84,50
22494122.0,92,50
22494216.0,85,53
22494222.0,82,59
22494300.0,83,47
22494338.0,86,48
22494355.0,81,58
22494375.0,81,50
22494413.0,89,51
22494418.0,83,50
22494479.0,92,52
22494498.0,80,56
22494589.0,79,55
22494648.0,90,50
22494678.0,85,48
22494680.0,92,53
22494695.0,92,51
22494701.0,90,49
22494709.0,89,51
22494722.0,86,50
22494733.0,83,48
22494768.0,87,47
22494768.0,90,53
22494840.0,81,52
22494842.0,82,48
22494882.0,89,52
22494940.0,82,49
22494948.0,87,64
22494978.0,88,63
22495001.0,100,85
22495011.0,91,47
22495023.0,92,54
22495124.0,90,51
22495152.0,54,54
22495167.0,80,56
22495175.0,93,51
22495227.0,98,85
22495242.0,83,60
22495308.0,83,51
22495394.0,93,51
22495433.0,83,47
22495441.0,87,50
22495458.0,84,53
22495530.0,87,49
22495588.0,92,72
22495662.0,86,49
22495670.0,81,55
22495706.0,94,52
22495737.0,81,57
22495782.0,84,61
22495810.0,84,62
22495816.0,88,49
22495850.0,85,63
22495850.0,89,51
22495894.0,89,53
22495924.0,90,52
22495938.0,83,51
22495953.0,54,54
22496018.0,84,47
22496047.0,85,62
22496063.0,84,49
22496066.0,79,55
22496074.0,82,59
22496110.0,80,50
22496143.0,96,66
22496190.0,81,58
22496223.0,92,72
22496255.0,94,72
22496262.0,87,62
22496266.0,90,48
22496269.0,82,54
22496342.0,86,50
22496361.0,96,72
22496510.0,85,48
22496518.0,97,89
22496541.0,88,64
22496550.0,94,65
22496554.0,92,54
22496602.0,82,56
22496618.0,79,56
22496726.0,83,50
22496744.0,91,48
22496755.0,89,48
22496766.0,87,51
22496770.0,93,57
22496788.0,91,65
22496842.0,81,59
22496859.0,92,55
22496889.0,82,60
22496891.0,84,54
22496933.0,89,52
22496950.0,87,88
22496967.0,83,48
22496992.0,83,49
22497008.0,91,48
22497050.0,100,70
22497067.0,84,55
22497117.0,83,61
22497123.0,81,53
22497133.0,82,48
22497157.0,85,47
22497166.0,83,52
22497231.0,101,70
22497251.0,82,55
22497252.0,83,60
22497275.0,88,50
22497280.0,93,74
22497309.0,91,66
22497346.0,86,52
22497444.0,81,49
22497468.0,89,49
22497524.0,38,125
22497532.0,87,48
22497552.0,81,54
22497555.0,82,60
22497575.0,91,48
22497581.0,91,49
22497587.0,95,52
22497678.0,81,51
22497732.0,85,48
22497790.0,87,48
22497794.0,80,57
22497808.0,91,48
22497876.0,89,53
22497953.0,86,47
22497958.0,81,49
22497972.0,80,55
22498015.0,98,58
22498038.0,82,48
22498122.0,83,47
22498163.0,86,49
22498218.0,83,53
22498236.0,89,65
22498240.0,79,56
22498264.0,85,50
22498272.0,80,50
22498285.0,90,50
22498289.0,87,90
22498293.0,89,50
22498363.0,89,48
22498369.0,80,58
22498377.0,88,65
22498385.0,82,56
22498393.0,89,53
22498415.0,83,47
22498417.0,84,48
22498450.0,85,52
22498455.0,83,51
22498464.0,92,54
22498466.0,84,51
22498466.0,95,65
22498471.0,84,52
22498475.0,85,53
22498483.0,82,50
22498515.0,80,55
22498516.0,88,51
22498519.0,89,47
22498520.0,85,57
22498526.0,84,57
22498533.0,83,55
22498596.0,90,49
22498758.0,89,51
22498802.0,82,51
22498855.0,91,50
22498890.0,89,52
22498915.0,86,50
22498981.0,79,55
22499014.0,80,51
22499100.0,84,62
22499223.0,102,71
22499240.0,84,53
22499248.0,87,49
22499254.0,83,53
22499267.0,83,47
22499289.0,81,56
22499312.0,86,52
22499313.0,82,49
22499478.0,91,51
22499503.0,83,58
22499518.0,89,50
22499522.0,90,47
22499546.0,94,58
22499590.0,81,59
22499597.0,84,49
22499642.0,85,51
22499646.0,78,56
22499655.0,91,51
22499667.0,82,57
22499678.0,97,57
22499690.0,85,50
22499745.0,83,57
22499749.0,91,53
22499785.0,80,52
22499799.0,89,49
22499825.0,93,59
22499888.0,84,48
22499889.0,81,50
22499931.0,89,51
22499971.0,89,52
22499985.0,83,47
22499988.0,88,52
22500028.0,85,61
22500033.0,80,57
22500046.0,82,50
22500063.0,85,51
22500084.0,82,57
22500162.0,82,60
22500174.0,83,62
22500181.0,82,52
22500207.0,90,48
22500210.0,79,57
22500347.0,88,52
22500360.0,86,48
22500367.0,78,56
22500422.0,85,60
22500443.0,90,64
22500447.0,79,51
22500457.0,83,51
22500461.0,89,53
22500489.0,87,48
22500591.0,95,87
22500605.0,80,59
22500624.0,85,63
22500630.0,83,52
22500634.0,81,56
22500711.0,81,55
22500758.0,91,51
22500779.0,84,54
22500812.0,88,48
22500835.0,82,51
22500862.0,91,54
22500879.0,87,48
22500880.0,85,49
22500940.0,81,56
22500951.0,83,56
22500952.0,83,54
22500972.0,92,57
22501013.0,80,56
22501050.0,94,61
22501053.0,88,52
22501101.0,84,58
22501108.0,82,61
22501122.0,87,50
22501182.0,80,51
22501202.0,84,49
22501218.0,83,61
22501219.0,83,53
22501227.0,88,49
22501236.0,85,52
22501243.0,92,56
22501276.0,88,53
22501279.0,89,88
22501289.0,88,52
22501309.0,84,50
22501310.0,79,50
22501403.0,82,56
22501433.0,81,60
22501434.0,86,63
22501455.0,83,48
22501475.0,82,49
22501500.0,92,77
22501554.0,87,50
22501616.0,91,55
22501637.0,92,56
22501651.0,80,59
22501725.0,81,48
22501749.0,80,58
22501775.0,94,58
22501780.0,85,47
22501798.0,83,50
22501899.0,79,58
22501901.0,81,51
22501915.0,88,48
22501954.0,84,63
22501975.0,80,50
22501988.0,82,51
22501991.0,90,50
22502025.0,90,49
22502047.0,82,57
22502067.0,86,51
22502071.0,88,52
22502124.0,84,48
22502137.0,86,49
22502224.0,79,57
22502319.0,81,49
22502320.0,79,51
22502326.0,91,69
22502341.0,87,64
22502358.0,93,60
22502364.0,87,50
22502470.0,81,60
22502495.0,81,57
22502566.0,79,58
22502624.0,78,73
22502625.0,84,56
22502675.0,80,58
22502704.0,82,55
22502720.0,82,60
22502771.0,88,50
22502787.0,84,55
22502807.0,82,53
22502871.0,79,56
22502891.0,87,51
22502892.0,82,50
22502928.0,81,59
22502953.0,81,53
22502977.0,84,54
22502995.0,91,55
22503028.0,79,58
22503097.0,82,52
22503115.0,85,48
22503132.0,88,51
22503134.0,90,88
22503142.0,82,61
22503150.0,78,57
22503169.0,84,51
22503203.0,80,56
22503207.0,90,50
22503232.0,90,48
22503242.0,93,59
22503250.0,84,50
22503288.0,83,55
22503314.0,85,48
22503358.0,83,62
22503394.0,90,62
22503428.0,83,59
22503494.0,88,52
22503505.0,90,50
22503557.0,80,56
22503592.0,85,53
22503607.0,83,48
22503669.0,93,59
22503680.0,86,50
22503724.0,82,48
22503746.0,85,51
22503768.0,88,49
22503784.0,93,61
22503821.0,87,52
22503870.0,81,49
22503904.0,81,50
22503911.0,85,64
22504009.0,88,53
22504020.0,80,59
22504068.0,85,48
22504118.0,90,51
22504145.0,96,83
22504146.0,80,55
22504147.0,83,54
22504159.0,79,56
22504166.0,85,50
22504218.0,79,52
22504220.0,82,62
22504252.0,80,51
22504270.0,89,48
22504288.0,90,83
22504296.0,90,50
22504310.0,88,63
22504358.0,89,83
22504377.0,81,56
22504409.0,80,60
22504425.0,96,83
22504471.0,79,59
22504507.0,90,52
22504508.0,81,51
22504515.0,89,47
22504538.0,91,56
22504559.0,94,63
22504639.0,84,63
22504699.0,92,58
22504743.0,79,56
22504762.0,90,52
22504765.0,80,57
22504769.0,78,56
22504814.0,78,51
22504860.0,82,54
22504961.0,90,53
22505033.0,83,50
22505110.0,81,61
22505159.0,87,49
22505169.0,78,52
22505191.0,85,49
22505203.0,80,53
22505210.0,87,48
22505231.0,79,58
22505261.0,88,52
22505349.0,90,53
22505368.0,80,56
22505414.0,85,92
22505456.0,83,53
22505486.0,89,49
22505511.0,84,49
22505564.0,86,51
22505640.0,79,50
22505653.0,80,59
22505662.0,81,59
22505680.0,84,51
22505688.0,80,49
22505697.0,88,50
22505715.0,84,50
22505743.0,81,53
22505787.0,88,53
22505798.0,82,53
22505817.0,80,57
22505826.0,82,57
22505839.0,90,53
22505865.0,90,52
22505886.0,82,49
22505890.0,78,57
22505893.0,84,54
22505919.0,84,48
22505984.0,83,63
22506023.0,78,58
22506030.0,82,61
22506043.0,84,60
22506067.0,80,60
22506075.0,79,54
22506080.0,81,60
22506172.0,87,53
22506255.0,87,49
22506276.0,83,49
22506280.0,79,53
22506282.0,90,54
22506302.0,87,48
22506340.0,84,61
22506369.0,91,71
22506483.0,90,86
22506540.0,79,59
22506558.0,81,58
22506569.0,81,57
22506614.0,83,51
22506633.0,87,50
22506648.0,84,59
22506649.0,83,50
22506660.0,79,57
22506755.0,78,52
22506772.0,82,55
22506788.0,87,51
22506803.0,82,62
22506806.0,79,51
22506810.0,89,68
22506821.0,83,58
22506898.0,81,58
22506989.0,82,54
22507067.0,85,50
22507082.0,95,65
22507092.0,87,54
22507098.0,79,52
22507115.0,83,54
22507134.0,78,58
22507298.0,84,48
22507360.0,89,50
22507425.0,96,66
22507465.0,85,62
22507609.0,86,65
22507626.0,82,49
22507686.0,81,55
22507750.0,88,48
22507771.0,80,53
22507833.0,79,55
22507856.0,64,59
22507905.0,86,52
22507907.0,78,54
22507912.0,87,50
22507922.0,80,50
22507925.0,81,52
22507935.0,81,48
22507962.0,82,50
22507983.0,85,52
22508002.0,87,51
22508062.0,90,55
22508100.0,84,63
22508104.0,81,61
22508119.0,79,57
22508186.0,84,62
22508210.0,82,52
22508211.0,88,51
22508231.0,84,49
22508292.0,91,57
22508306.0,80,57
22508309.0,85,50
22508347.0,82,63
22508392.0,89,51
22508439.0,85,49
22508459.0,83,63
22508469.0,80,56
22508539.0,82,113
22508595.0,82,50
22508690.0,79,56
22508695.0,77,58
22508697.0,83,48
22508749.0,81,51
22508770.0,80,58
22508877.0,87,53
22508895.0,79,52
22508898.0,80,60
22508938.0,86,52
22508990.0,79,59
22509049.0,78,59
22509067.0,85,49
22509085.0,87,51
22509093.0,81,54
22509131.0,81,49
22509135.0,81,62
22509140.0,87,52
22509179.0,82,54
22509198.0,83,51
22509240.0,86,49
22509344.0,88,49
22509351.0,92,58
22509397.0,84,54
22509446.0,81,53
22509462.0,86,53
22509465.0,78,57
22509499.0,82,49
22509527.0,89,52
22509531.0,82,53
22509556.0,77,58
22509562.0,78,70
22509601.0,85,51
22509613.0,78,58
22509642.0,77,75
22509703.0,81,55
22509706.0,100,85
22509712.0,80,55
22509782.0,86,48
22509798.0,83,48
22509823.0,87,65
22509874.0,78,51
22509901.0,87,53
22509919.0,77,75
22509925.0,79,50
22509933.0,99,85
22509933.0,82,55
22509997.0,92,67
22510081.0,85,64
22510102.0,82,63
22510115.0,81,59
22510117.0,80,51
22510120.0,89,53
22510132.0,80,61
22510154.0,78,53
22510240.0,92,59
22510252.0,80,50
22510391.0,77,53
22510396.0,85,63
22510443.0,80,57
22510546.0,87,66
22510570.0,82,60
22510598.0,87,49
22510656.0,99,85
22510683.0,81,49
22510713.0,77,52
22510721.0,84,50
22510771.0,83,62
22510783.0,83,50
22510799.0,81,55
22510806.0,79,55
22510875.0,65,68
22511021.0,82,56
22511044.0,81,58
22511046.0,80,49
22511064.0,88,68
22511068.0,86,49
22511080.0,88,50
22511087.0,90,65
22511109.0,82,51
22511135.0,83,55
22511168.0,65,68
22511204.0,91,57
22511241.0,89,54
22511344.0,80,54
22511379.0,81,62
22511390.0,79,50
22511468.0,83,49
22511478.0,82,50
22511508.0,77,53
22511651.0,84,54
22511792.0,87,48
22511796.0,84,64
22511796.0,81,49
22511869.0,87,50
22511927.0,90,56
22511949.0,83,53
22512004.0,78,55
22512030.0,81,54
22512160.0,81,57
22512213.0,86,65
22512224.0,82,62
22512305.0,85,48
22512331.0,77,59
22512389.0,86,54
22512460.0,79,53
22512475.0,85,65
22512478.0,79,58
22512478.0,80,49
22512508.0,78,52
22512532.0,88,51
22512538.0,78,59
22512609.0,86,51
22512664.0,79,60
22512671.0,81,63
22512682.0,89,53
22512713.0,79,53
22512738.0,82,52
22512752.0,80,59
22512778.0,81,56
22512830.0,83,51
22512871.0,78,51
22512872.0,81,55
22512906.0,80,52
22512996.0,86,50
22513040.0,82,51
22513105.0,87,49
22513138.0,78,58
22513144.0,79,57
22513167.0,83,64
22513389.0,91,88
22513415.0,86,49
22513419.0,89,54
22513420.0,84,51
22513446.0,80,55
22513467.0,86,52
22513529.0,86,66
22513586.0,90,77
22513595.0,77,52
22513658.0,78,60
22513678.0,81,51
22513681.0,84,54
22513726.0,80,58
22513731.0,81,59
22513787.0,83,50
22513835.0,79,61
22513890.0,87,52
22513900.0,80,62
22513942.0,77,58
22513950.0,80,53
22513969.0,85,49
22513972.0,88,51
22514021.0,81,55
22514077.0,86,51
22514081.0,77,52
22514115.0,85,53
22514161.0,82,55
22514178.0,78,50
22514206.0,82,49
22514278.0,94,81
22514314.0,88,52
22514357.0,77,59
22514363.0,81,50
22514377.0,82,52
22514409.0,81,51
22514553.0,86,52
22514569.0,85,48
22514588.0,80,54
22514626.0,79,54
22514672.0,76,53
22514687.0,78,60
22514715.0,83,53
22514741.0,80,50
22514755.0,87,49
22514773.0,85,49
22514791.0,80,62
22514797.0,78,57
22514850.0,77,52
22514994.0,85,50
22515016.0,80,61
22515044.0,88,63
22515064.0,88,53
22515078.0,87,50
22515117.0,80,50
22515125.0,88,57
22515135.0,81,54
22515178.0,86,48
22515199.0,78,53
22515225.0,76,54
22515319.0,81,62
22515322.0,79,51
22515329.0,86,53
22515428.0,81,58
22515469.0,76,59
22515496.0,86,63
22515532.0,78,56
22515550.0,79,57
22515571.0,79,58
22515619.0,79,59
22515621.0,77,54
22515623.0,83,52
22515677.0,85,50
22515717.0,78,58
22515961.0,93,65
22515997.0,77,56
22516152.0,78,51
22516159.0,86,54
22516205.0,81,52
22516254.0,80,50
22516309.0,79,62
22516312.0,84,52
22516332.0,79,52
22516373.0,83,51
22516399.0,77,60
22516407.0,78,60
22516414.0,82,60
22516418.0,80,59
22516421.0,82,51
22516427.0,94,64
22516440.0,81,53
22516452.0,81,63
22516484.0,80,56
22516535.0,80,51
22516565.0,84,52
22516572.0,82,63
22516591.0,79,61
22516596.0,87,53
22516614.0,79,63
22516653.0,85,54
22516673.0,89,55
22516676.0,79,55
22516753.0,88,48
22516758.0,87,56
22516804.0,78,61
22516891.0,84,65
22516913.0,81,49
22516945.0,85,49
22516967.0,84,48
22517019.0,86,54
22517043.0,82,61
22517053.0,88,50
22517067.0,94,62
22517070.0,76,54
22517096.0,79,50
22517159.0,78,50
22517178.0,78,51
22517178.0,84,63
22517186.0,84,52
22517198.0,83,63
22517208.0,80,60
22517214.0,79,59
22517264.0,82,50
22517349.0,92,61
22517354.0,80,63
22517413.0,94,49
22517424.0,85,51
22517426.0,84,52
22517435.0,81,51
22517447.0,84,49
22517458.0,78,59
22517462.0,77,60
22517476.0,81,52
22517480.0,79,53
22517506.0,80,53
22517509.0,82,64
22517597.0,79,59
22517620.0,88,54
22517669.0,77,53
22517709.0,87,51
22517769.0,86,49
22517793.0,79,54
22517833.0,83,64
22517922.0,90,54
22517985.0,79,58
22518035.0,78,52
22518053.0,85,52
22518107.0,85,54
22518224.0,82,54
22518254.0,79,59
22518255.0,81,49
22518281.0,79,62
22518285.0,77,52
22518306.0,80,51
22518327.0,80,62
22518430.0,88,53
22518448.0,80,56
22518540.0,80,50
22518573.0,85,51
22518603.0,79,59
22518651.0,86,53
22518671.0,76,60
22518716.0,85,50
22518774.0,84,53
22518852.0,84,49
22518947.0,77,55
22518982.0,77,51
22519019.0,90,57
22519028.0,78,59
22519030.0,83,52
22519097.0,83,51
22519110.0,88,55
22519129.0,81,56
22519154.0,85,52
22519155.0,77,59
22519158.0,76,55
22519168.0,81,53
22519182.0,80,63
22519188.0,81,55
22519196.0,82,56
22519215.0,80,54
22519219.0,87,52
22519251.0,45,126
22519253.0,88,66
22519321.0,81,63
22519414.0,78,50
22519425.0,78,54
22519500.0,82,54
22519544.0,81,52
22519716.0,80,55
22519729.0,76,54
22519745.0,84,50
22519749.0,78,61
22519781.0,82,51
22519817.0,78,62
22519839.0,77,60
22519883.0,77,51
22519896.0,85,48
22519908.0,81,64
22519916.0,80,52
22520053.0,86,48
22520058.0,79,50
22520113.0,81,50
22520156.0,81,57
22520185.0,76,53
22520230.0,84,49
22520262.0,76,60
22520266.0,83,52
22520285.0,80,52
22520342.0,85,51
22520353.0,86,50
22520465.0,80,63
22520505.0,78,53
22520515.0,76,53
22520543.0,85,53
22520562.0,79,62
22520615.0,78,58
22520686.0,84,50
22520720.0,86,54
22520743.0,85,54
22520791.0,85,52
22520840.0,87,65
22520850.0,77,54
22520902.0,79,56
22520905.0,84,54
22520999.0,78,55
22521071.0,87,53
22521219.0,82,52
22521226.0,77,52
22521226.0,79,59
22521259.0,81,53
22521312.0,87,52
22521314.0,76,55
22521374.0,86,49
22521393.0,79,60
22521546.0,85,49
22521621.0,88,55
22521625.0,80,58
22521701.0,65,70
22521781.0,78,54
22521804.0,75,55
22521807.0,85,64
22521899.0,84,51
22521951.0,80,53
22522057.0,79,55
22522061.0,87,91
22522078.0,88,91
22522080.0,80,63
22522100.0,85,54
22522148.0,80,56
22522337.0,90,60
22522341.0,83,65
22522358.0,79,54
22522369.0,85,53
22522382.0,76,54
22522422.0,83,53
22522481.0,79,52
22522573.0,78,62
22522582.0,86,51
22522615.0,78,51
22522626.0,79,63
22522677.0,82,52
22522684.0,79,52
22522703.0,81,52
22522719.0,84,51
22522737.0,98,84
22522793.0,101,84
22522798.0,82,65
22522805.0,80,60
22522895.0,85,49
22522935.0,80,51
22522952.0,80,57
22522996.0,86,51
22523088.0,85,54
22523124.0,81,51
22523127.0,78,60
22523244.0,80,61
22523287.0,87,54
22523295.0,81,64
22523334.0,76,61
22523369.0,80,54
22523383.0,79,62
22523397.0,84,54
22523457.0,78,59
22523476.0,75,55
22523557.0,79,51
22523640.0,87,51
22523667.0,87,53
22523734.0,80,55
22523839.0,87,90
22523840.0,79,57
22523863.0,77,52
22523868.0,76,54
22523872.0,76,52
22523872.0,86,65
22523875.0,98,85
22523902.0,84,52
22523928.0,44,119
22524038.0,80,50
22524039.0,79,60
22524064.0,80,64
22524075.0,82,64
22524124.0,85,50
22524281.0,76,56
22524283.0,76,61
22524293.0,78,52
22524394.0,77,55
22524511.0,87,54
22524557.0,76,57
22524599.0,78,56
22524608.0,77,51
22524629.0,82,52
22524655.0,89,57
22524660.0,88,58
22524663.0,78,54
22524685.0,83,53
22524712.0,80,54
22524749.0,79,56
22524762.0,80,57
22524811.0,79,63
22524900.0,77,60
22525090.0,76,60
22525105.0,88,56
22525134.0,84,53
22525140.0,80,52
22525164.0,77,61
22525218.0,83,53
22525232.0,83,50
22525239.0,75,56
22525290.0,80,56
22525294.0,83,55
22525406.0,86,52
22525457.0,88,54
22525477.0,84,52
22525543.0,79,57
22525567.0,78,55
22525568.0,76,52
22525591.0,80,53
22525624.0,85,66
22525625.0,86,52
22525649.0,85,65
22525662.0,81,52
22525717.0,78,77
22525750.0,81,53
22525764.0,83,53
22525788.0,77,57
22525808.0,83,65
22525829.0,79,53
22525860.0,80,58
22525935.0,80,57
22526034.0,84,53
22526041.0,77,53
22526041.0,84,49
22526052.0,79,52
22526068.0,78,51
22526069.0,79,53
22526110.0,86,53
22526266.0,83,51
22526284.0,83,54
22526395.0,83,53
22526467.0,84,55
22526515.0,82,74
22526577.0,80,51
22526600.0,78,59
22526606.0,78,51
22526678.0,79,50
22526701.0,80,64
22526720.0,85,72
22526722.0,83,64
22526751.0,84,64
22526757.0,84,54
22526798.0,85,51
22526809.0,77,62
22526828.0,82,54
22526882.0,87,55
22526978.0,82,65
22527050.0,76,58
22527059.0,77,59
22527065.0,81,65
22527098.0,89,89
22527106.0,83,53
22527158.0,76,53
22527285.0,78,58
22527331.0,79,64
22527337.0,82,53
22527435.0,80,64
22527438.0,83,50
22527462.0,79,60
22527515.0,79,61
22527552.0,81,71
22527631.0,88,90
22527702.0,75,57
22527929.0,85,51
22527962.0,88,56
22528051.0,75,56
22528077.0,77,54
22528100.0,81,71
22528126.0,84,54
22528320.0,79,57
22528395.0,81,52
22528468.0,77,56
22528517.0,82,50
22528529.0,92,52
22528628.0,78,62
22528671.0,83,51
22528713.0,77,52
22528728.0,77,62
22528792.0,80,61
22528805.0,92,52
22528818.0,81,52
22528821.0,77,58
22528865.0,76,62
22528967.0,84,54
22529033.0,77,55
22529088.0,78,63
22529117.0,79,61
22529174.0,75,55
22529231.0,78,55
22529275.0,80,65
22529434.0,84,50
22529470.0,86,54
22529490.0,83,52
22529528.0,75,55
22529537.0,83,53
22529560.0,83,55
22529582.0,79,64
22529587.0,82,54
22529608.0,83,49
22529636.0,81,64
22529677.0,78,61
22529713.0,83,54
22529718.0,96,82
22529725.0,84,53
22529848.0,78,56
22530040.0,80,64
22530049.0,76,53
22530074.0,74,55
22530097.0,80,52
22530099.0,78,57
22530107.0,76,62
22530184.0,79,55
22530198.0,74,56
22530217.0,75,55
22530228.0,81,65
22530300.0,87,55
22530417.0,85,52
22530418.0,84,55
22530440.0,77,54
22530446.0,84,65
22530463.0,78,53
22530472.0,83,55
22530490.0,75,55
22530553.0,76,54
22530644.0,79,57
22530674.0,79,63
22530705.0,82,51
22530758.0,77,57
22530814.0,76,52
22530831.0,82,50
22530835.0,81,53
22530845.0,78,53
22531061.0,82,54
22531071.0,79,56
22531096.0,77,61
22531343.0,79,62
22531387.0,79,58
22531405.0,80,62
22531446.0,79,61
22531463.0,78,60
22531469.0,83,52
22531473.0,83,53
22531519.0,79,53
22531578.0,84,55
22531699.0,79,64
22531728.0,78,64
22531753.0,85,66
22531873.0,85,54
22531885.0,80,54
22531916.0,82,51
22531919.0,93,84
22531962.0,77,63
22531991.0,82,66
22532064.0,77,52
22532068.0,76,61
22532119.0,84,51
22532122.0,74,57
22532203.0,83,66
22532385.0,77,56
22532489.0,75,53
22532519.0,78,58
22532530.0,76,62
22532542.0,77,53
22532578.0,77,62
22532621.0,86,54
22532643.0,83,50
22532657.0,84,54
22532680.0,85,51
22532701.0,79,54
22532733.0,76,55
22532735.0,75,62
22532825.0,83,51
22532904.0,78,51
22532978.0,79,70
22532991.0,89,58
22533040.0,83,53
22533058.0,86,55
22533062.0,80,65
22533140.0,79,65
22533195.0,77,55
22533257.0,90,59
22533269.0,78,54
22533287.0,78,57
22533288.0,77,60
22533295.0,75,54
22533352.0,79,55
22533369.0,89,58
22533421.0,85,53
22533428.0,77,56
22533465.0,78,61
22533478.0,87,56
22533504.0,83,54
22533515.0,81,50
22533570.0,81,65
22533612.0,79,52
22533619.0,75,57
22533702.0,76,56
22533710.0,87,56
22533751.0,79,58
22533755.0,78,63
22533958.0,81,66
22534000.0,76,54
22534086.0,75,56
22534095.0,84,55
22534312.0,78,57
22534327.0,80,56
22534330.0,77,63
22534358.0,82,52
22534363.0,76,63
22534422.0,69,56
22534430.0,69,55
22534523.0,74,57
22534638.0,80,53
22534767.0,87,56
22534792.0,97,75
22534796.0,78,59
22534804.0,75,58
22534851.0,88,57
22534975.0,75,54
22535031.0,89,58
22535032.0,87,58
22535034.0,79,64
22535128.0,83,54
22535302.0,83,52
22535372.0,79,59
22535429.0,84,52
22535473.0,77,53
22535498.0,85,54
22535529.0,83,56
22535539.0,76,53
22535587.0,85,52
22535625.0,76,59
22535627.0,79,65
22535646.0,82,66
22535652.0,79,59
22535691.0,82,55
22535761.0,77,64
22535820.0,86,55
22535939.0,81,54
22535952.0,78,54
22535983.0,98,75
22535994.0,81,51
22536049.0,75,56
22536054.0,76,55
22536160.0,74,56
22536256.0,78,56
22536263.0,79,60
22536267.0,79,59
22536303.0,78,62
22536304.0,79,57
22536339.0,81,50
22536351.0,75,56
22536451.0,76,57
22536458.0,83,51
22536491.0,82,51
22536529.0,74,58
22536538.0,80,58
22536544.0,77,62
22536589.0,80,65
22536592.0,76,63
22536651.0,78,61
22536660.0,79,59
22536707.0,78,64
22536934.0,77,58
22536998.0,82,52
22537050.0,78,53
22537144.0,83,55
22537194.0,82,53
22537234.0,85,53
22537296.0,76,56
22537306.0,77,54
22537318.0,79,58
22537331.0,77,63
22537334.0,77,58
22537344.0,82,55
22537370.0,79,59
22537383.0,82,65
22537412.0,75,55
22537444.0,77,53
22537459.0,85,53
22537546.0,78,55
22537623.0,78,59
22537636.0,102,85
22537656.0,79,63
22537740.0,75,63
22537772.0,79,62
22537874.0,82,55
22537948.0,76,63
22538008.0,80,76
22538046.0,78,65
22538128.0,76,62
22538164.0,83,56
22538167.0,84,65
22538325.0,83,51
22538349.0,78,52
22538350.0,80,60
22538410.0,81,66
22538667.0,79,61
22538675.0,85,54
22538714.0,89,90
22538753.0,79,53
22538762.0,93,90
22538771.0,77,61
22538876.0,79,55
22538918.0,79,65
22538925.0,82,53
22538948.0,78,60
22538952.0,79,59
22538953.0,79,54
22539020.0,89,91
22539032.0,80,54
22539039.0,93,90
22539105.0,80,66
22539113.0,85,54
22539124.0,79,53
22539156.0,77,54
22539165.0,83,54
22539287.0,51,121
22539305.0,84,53
22539362.0,81,52
22539488.0,77,62
22539536.0,51,121
22539545.0,75,63
22539640.0,76,62
22539659.0,76,53
22539671.0,83,52
22539754.0,81,51
22539755.0,75,62
22539756.0,79,53
22539776.0,77,52
22539868.0,79,52
22539967.0,75,57
22539974.0,77,62
22540024.0,80,59
22540040.0,76,56
22540061.0,80,56
22540086.0,85,54
22540115.0,82,66
22540153.0,83,55
22540156.0,82,50
22540174.0,80,51
22540317.0,79,52
22540319.0,83,66
22540334.0,81,52
22540350.0,79,59
22540419.0,80,54
22540421.0,77,57
22540567.0,79,53
22540666.0,84,71
22540715.0,81,55
22540770.0,83,55
22540892.0,81,50
22540898.0,82,54
22540956.0,76,54
22540966.0,78,62
22540974.0,78,54
22540981.0,82,49
22541131.0,78,59
22541158.0,82,51
22541168.0,81,66
22541206.0,83,52
22541229.0,78,57
22541245.0,75,55
22541297.0,104,80
22541330.0,104,79
22541413.0,83,65
22541423.0,79,52
22541473.0,95,85
22541479.0,93,60
22541632.0,85,55
22541762.0,75,60
22541769.0,78,59
22541896.0,86,56
22541902.0,76,53
22541922.0,76,57
22541992.0,86,66
22542033.0,57,67
22542083.0,77,55
22542168.0,90,60
22542230.0,78,53
22542237.0,82,56
22542280.0,81,55
22542290.0,80,51
22542374.0,79,60
22542376.0,78,58
22542431.0,80,66
22542443.0,76,56
22542476.0,83,56
22542515.0,80,65
22542726.0,78,65
22542841.0,78,63
22543049.0,91,72
22543072.0,90,59
22543103.0,74,59
22543113.0,76,64
22543136.0,74,55
22543375.0,76,54
22543399.0,79,66
22543423.0,87,59
22543465.0,78,56
22543496.0,78,55
22543497.0,82,53
22543503.0,84,54
22543571.0,92,80
22543682.0,77,59
22543700.0,81,53
22543754.0,84,53
22543858.0,77,65
22543863.0,79,54
22543904.0,78,74
22544110.0,80,52
22544166.0,87,57
22544346.0,75,56
22544370.0,75,54
22544746.0,79,58
22544749.0,75,59
22544775.0,77,54
22544862.0,91,80
22544865.0,85,55
22545111.0,79,74
22545256.0,82,51
22545318.0,74,58
22545477.0,86,56
22545571.0,79,52
22545603.0,82,54
22545683.0,81,66
22545710.0,76,57
22545782.0,79,57
22545970.0,82,55
22546031.0,74,55
22546108.0,74,56
22546235.0,82,56
22546361.0,76,54
22546434.0,78,59
22546486.0,78,75
22546509.0,81,51
22546515.0,81,53
22546575.0,77,53
22546681.0,77,63
22546682.0,76,64
22546750.0,76,63
22546804.0,81,67
22546852.0,84,54
22546875.0,82,52
22546878.0,83,53
22547273.0,80,55
22547327.0,77,58
22547392.0,77,62
22547452.0,83,53
22547512.0,80,52
22547581.0,87,75
22547596.0,87,67
22547642.0,78,60
22547768.0,83,67
22547830.0,77,57
22547856.0,80,66
22547870.0,81,57
22547927.0,78,53
22548106.0,97,73
22548147.0,75,64
22548213.0,95,73
22548240.0,79,74
22548295.0,97,86
22548375.0,95,72
22548447.0,77,64
22548510.0,80,74
22548533.0,75,63
22548570.0,83,53
22548622.0,76,55
22548654.0,74,59
22548788.0,74,60
22549243.0,86,67
22549282.0,87,57
22549305.0,78,66
22549561.0,75,61
22549938.0,78,55
22550034.0,76,62
22550054.0,79,63
22550183.0,81,53
22550189.0,78,54
22550213.0,83,105
22550250.0,74,58
22550260.0,80,52
22550383.0,79,62
22550521.0,80,53
22550645.0,82,56
22550827.0,77,63
22551078.0,77,56
22551093.0,74,55
22551109.0,81,54
22551149.0,76,63
22551192.0,84,55
22551223.0,82,55
22551405.0,79,60
22551575.0,78,65
22551613.0,82,57
22551797.0,78,61
22551821.0,79,86
22551838.0,82,75
22552215.0,77,65
22552243.0,75,56
22552400.0,79,52
22552635.0,83,67
22552641.0,83,66
22552767.0,80,51
22552789.0,75,55
22552804.0,80,53
22552896.0,78,59
22553052.0,76,54
22553114.0,92,76
22553212.0,94,78
22553512.0,97,73
22553525.0,80,51
22553938.0,83,54
22554037.0,76,55
22554221.0,79,59
22554279.0,74,55
22554298.0,81,56
22554827.0,79,66
22555018.0,84,55
22555104.0,92,81
22555247.0,78,66
22555262.0,82,57
22555309.0,83,95
22555417.0,82,53
22555495.0,81,55
22555638.0,81,52
22555871.0,79,55
22556654.0,77,54
22556732.0,66,65
22556793.0,80,55
22556843.0,77,65
22556926.0,77,56
22557164.0,80,66
22557264.0,77,62
22557477.0,80,56
22557650.0,67,66
22557766.0,78,64
22558031.0,80,54
22558068.0,79,67
22558144.0,81,67
22558233.0,77,63
22559107.0,95,72
22559127.0,81,55
22559253.0,75,57
22559823.0,80,64
22561755.0,83,106
22561847.0,77,64
22562183.0,92,87
22562523.0,57,72
22563429.0,103,74
22563488.0,25,108
22564143.0,25,108
22564432.0,95,74
22565743.0,82,100
22566202.0,80,54
22567251.0,81,53
22567589.0,88,89
22568178.0,80,52
22568692.0,54,59
22569113.0,89,59
22570080.0,83,108
22571620.0,98,75
22571930.0,75,55
22572189.0,74,56
22573790.0,6,107
22573967.0,69,51
22574273.0,96,72
22574472.0,83,57
22574677.0,82,102
22575139.0,81,56
22575300.0,80,84
22575744.0,80,56
22576147.0,79,55
22576538.0,84,55
22576716.0,83,54
22577046.0,56,52
22577086.0,80,54
22577107.0,82,57
22577247.0,81,56
22577453.0,79,58
22577479.0,80,54
22577533.0,88,58
22577669.0,78,59
22577681.0,76,55
22577759.0,82,56
22577806.0,79,60
22577880.0,94,79
22577947.0,81,55
22577994.0,78,59
22578192.0,76,55
22578517.0,76,58
22578923.0,83,57
22578931.0,76,54
22578938.0,85,56
22579055.0,77,63
22579192.0,93,80
22579205.0,76,56
22579222.0,83,54
22579642.0,94,64
22579702.0,79,53
22579704.0,77,60
22579931.0,77,64
22580454.0,77,55
22580501.0,80,54
22580505.0,80,52
22580556.0,90,60
22580654.0,78,60
22580762.0,77,56
22580870.0,78,63
22580958.0,95,84
22581318.0,78,59
22581552.0,80,64
22581556.0,81,56
22581608.0,78,64
22581616.0,76,55
22581669.0,79,59
22581677.0,76,64
22581902.0,80,67
22581947.0,76,57
22582242.0,80,55
22582284.0,91,60
22582733.0,83,56
22582939.0,83,57
22582963.0,75,56
22583082.0,71,56
22583195.0,75,58
22583217.0,90,58
22583265.0,68,57
22583319.0,81,52
22583450.0,77,58
22583474.0,90,59
22583739.0,81,54
22583773.0,95,78
22583824.0,80,52
22583845.0,53,55
22583850.0,83,54
22583996.0,76,58
22584119.0,84,54
22584399.0,79,54
22584423.0,89,58
22584462.0,82,55
22584465.0,53,56
22584703.0,77,57
22584794.0,98,83
22584846.0,78,56
22584911.0,85,55
22585246.0,80,60
22585259.0,77,59
22585278.0,78,65
22585359.0,76,61
22585362.0,80,53
22585409.0,86,56
22585434.0,84,54
22585437.0,77,65
22585445.0,94,77
22585506.0,94,65
22585698.0,81,67
22585703.0,82,56
22585765.0,77,65
22586077.0,77,54
22586087.0,76,57
22586137.0,79,64
22586164.0,76,58
22586229.0,75,60
22586287.0,102,70
22586287.0,53,57
22586298.0,75,59
22586321.0,81,55
22586325.0,79,63
22586380.0,78,53
22586387.0,85,55
22586394.0,83,56
22586454.0,81,52
22586474.0,81,54
22586527.0,77,65
22586603.0,84,54
22586635.0,81,64
22586740.0,77,65
22586964.0,77,55
22586972.0,88,58
22587032.0,79,66
22587050.0,83,53
22587157.0,82,55
22587165.0,84,54
22587209.0,89,58
22587504.0,79,54
22587525.0,89,69
22587662.0,79,60
22587992.0,78,62
22588132.0,83,55
22588148.0,80,54
22588287.0,78,55
22588322.0,79,64
22588326.0,79,52
22588340.0,82,64
22588349.0,80,63
22588426.0,83,57
22588427.0,35,110
22588517.0,77,54
22588624.0,80,53
22588626.0,81,55
22588667.0,83,53
22588765.0,78,53
22588789.0,76,56
22588875.0,62,61
22588927.0,88,57
22589084.0,77,61
22589131.0,90,59
22589173.0,90,87
22589246.0,80,54
22589312.0,82,54
22589350.0,67,70
22589402.0,94,63
22589415.0,82,52
22589457.0,91,60
22589627.0,45,90
22589785.0,79,56
22589810.0,80,56
22589825.0,89,88
22589889.0,78,65
22589957.0,76,56
22589971.0,101,72
22590092.0,82,52
22590195.0,77,63
22590351.0,87,56
22590364.0,92,62
22590410.0,78,58
22590522.0,90,87
22590533.0,84,56
22590686.0,90,64
22590731.0,80,63
22590771.0,92,61
22590835.0,79,53
22590933.0,78,55
22591054.0,91,86
22591186.0,79,55
22591220.0,78,59
22591267.0,83,56
22591325.0,84,54
22591407.0,70,54
22591411.0,83,55
22591427.0,78,63
22591438.0,93,62
22591452.0,81,53
22591606.0,76,60
22591632.0,80,59
22591643.0,80,52
22591686.0,87,57
22591747.0,80,60
22591831.0,85,54
22591833.0,92,60
22591838.0,75,56
22591885.0,75,58
22591923.0,78,57
22591955.0,82,55
22591989.0,83,52
22592002.0,70,54
22592004.0,80,52
22592016.0,77,58
22592023.0,83,56
22592047.0,84,53
22592137.0,79,66
22592320.0,79,53
22592366.0,86,55
22592447.0,78,61
22592496.0,82,54
22592519.0,77,63
22592588.0,76,57
22592631.0,77,56
22592661.0,56,68
22592682.0,91,59
22592700.0,84,56
22592747.0,83,52
22592860.0,86,56
22592875.0,77,54
22592878.0,82,54
22592883.0,81,54
22592892.0,77,64
22592960.0,77,61
22592992.0,79,59
22593043.0,80,65
22593115.0,79,62
22593117.0,76,55
22593165.0,89,57
22593241.0,81,53
22593294.0,44,90
22593340.0,80,58
22593598.0,81,54
22593665.0,80,64
22593674.0,86,55
22593729.0,81,66
22593801.0,92,60
22593802.0,85,54
22594013.0,78,63
22594135.0,80,62
22594247.0,87,56
22594251.0,84,53
22594269.0,77,60
22594314.0,82,64
22594336.0,76,57
22594374.0,78,62
22594405.0,82,66
22594482.0,79,63
22594550.0,83,54
22594666.0,82,51
22594736.0,70,55
22594756.0,79,58
22594768.0,83,52
22594800.0,93,59
22594867.0,80,59
22594884.0,76,59
22594893.0,91,59
22594917.0,88,56
22594991.0,90,58
22595005.0,80,53
22595080.0,78,57
22595091.0,79,54
22595161.0,89,57
22595195.0,81,63
22595215.0,80,66
22595329.0,78,58
22595381.0,82,53
22595554.0,83,67
22595574.0,79,59
22595860.0,84,55
22595916.0,80,60
22595992.0,79,55
22596076.0,82,51
22596120.0,83,55
22596326.0,81,64
22596467.0,80,53
22596620.0,88,56
22596628.0,84,56
22596631.0,80,55
22596645.0,89,58
22596651.0,83,55
22596668.0,81,59
22596711.0,82,59
22596725.0,78,63
22596737.0,86,54
22596865.0,83,54
22596936.0,81,66
22596991.0,78,53
22597041.0,77,57
22597047.0,78,64
22597136.0,81,60
22597205.0,79,62
22597218.0,81,52
22597311.0,63,57
22597461.0,87,55
22597530.0,84,55
22597531.0,85,53
22597676.0,84,52
22597710.0,77,60
22597791.0,93,72
22597859.0,80,59
22597863.0,35,109
22597866.0,79,61
22597872.0,80,63
22597903.0,82,54
22597938.0,83,51
22597977.0,69,60
22597986.0,70,60
22598128.0,86,54
22598182.0,85,56
22598228.0,81,53
22598237.0,80,58
22598316.0,89,57
22598347.0,88,57
22598378.0,90,58
22598382.0,82,53
22598391.0,79,57
22598403.0,53,57
22598419.0,90,86
22598484.0,87,55
22598633.0,80,59
22598702.0,81,62
22598768.0,78,56
22598770.0,55,51
22598793.0,79,65
22598804.0,83,51
22598806.0,94,72
22598838.0,78,54
22598878.0,76,58
22598897.0,80,62
22598939.0,79,52
22598978.0,81,59
22599097.0,83,53
22599114.0,91,58
22599240.0,54,56
22599299.0,84,52
22599354.0,80,63
22599534.0,84,54
22599570.0,83,66
22599605.0,92,59
22599640.0,81,63
22599652.0,80,61
22599661.0,79,63
22599718.0,79,64
22599742.0,77,55
22599879.0,78,57
22599891.0,90,57
22599933.0,82,51
22599941.0,76,74
22600000.0,77,54
22600040.0,77,55
22600111.0,79,58
22600168.0,84,55
22600225.0,82,52
22600252.0,77,59
22600256.0,81,53
22600274.0,80,52
22600307.0,92,71
22600621.0,85,55
22600770.0,85,56
22600842.0,78,62
22600875.0,77,55
22600948.0,83,54
22600956.0,86,54
22601040.0,54,55
22601055.0,83,63
22601164.0,89,56
22601171.0,92,60
22601193.0,78,60
22601246.0,84,55
22601249.0,90,57
22601259.0,78,53
22601277.0,83,62
22601277.0,78,55
22601290.0,80,65
22601306.0,86,56
22601534.0,77,56
22601559.0,85,55
22601597.0,85,52
22601743.0,80,57
22601746.0,86,53
22601754.0,87,54
22601768.0,79,61
22601788.0,78,62
22601796.0,84,51
22601798.0,93,60
22601810.0,91,58
22601813.0,80,54
22601829.0,83,54
22601833.0,79,57
22601857.0,82,53
22601890.0,81,65
22601943.0,79,56
22601950.0,89,56
22601966.0,81,58
22602032.0,84,54
22602061.0,57,61
22602151.0,81,62
22602274.0,96,66
22602276.0,94,70
22602343.0,88,55
22602345.0,85,52
22602524.0,77,54
22602527.0,90,57
22602558.0,78,54
22602592.0,92,59
22602665.0,81,61
22602680.0,78,63
22602855.0,89,68
22602906.0,82,66
22602938.0,82,53
22602940.0,87,54
22602990.0,81,63
22603066.0,83,53
22603216.0,81,52
22603252.0,83,52
22603287.0,79,58
22603486.0,78,56
22603523.0,83,50
22603584.0,78,64
22603650.0,85,55
22603655.0,80,56
22603719.0,85,56
22603767.0,84,51
22603792.0,79,62
22603912.0,88,55
22603984.0,79,64
22604031.0,80,58
22604077.0,82,63
22604169.0,84,55
22604197.0,80,61
22604255.0,81,52
22604268.0,84,53
22604325.0,83,66
22604327.0,79,62
22604395.0,79,57
22604407.0,85,54
22604450.0,82,62
22604484.0,81,59
22604538.0,91,59
22604558.0,79,55
22604582.0,87,54
22604604.0,82,58
22604623.0,81,58
22604749.0,80,62
22604769.0,81,66
22604902.0,79,63
22604912.0,79,56
22604921.0,82,62
22604978.0,78,56
22604994.0,85,55
22605142.0,82,51
22605157.0,56,51
22605294.0,83,53
22605374.0,78,63
22605443.0,80,65
22605461.0,78,65
22605523.0,80,53
22605548.0,87,53
22605549.0,92,58
22605573.0,82,63
22605601.0,68,50
22605703.0,81,65
22605821.0,88,55
22605829.0,80,65
22605831.0,78,59
22605866.0,89,56
22605877.0,84,54
22605895.0,102,68
22606091.0,85,51
22606112.0,86,55
22606149.0,81,57
22606165.0,77,57
22606191.0,86,52
22606201.0,79,52
22606224.0,91,57
22606234.0,90,57
22606253.0,88,55
22606265.0,83,53
22606274.0,84,52
22606303.0,80,62
22606363.0,85,55
22606366.0,84,50
22606397.0,79,60
22606417.0,81,63
22606448.0,77,57
22606473.0,81,58
22606474.0,83,52
22606512.0,88,55
22606517.0,78,54
22606523.0,84,54
22606548.0,93,60
22606592.0,79,52
22606709.0,56,50
22606730.0,58,55
22606734.0,82,65
22606768.0,83,65
22606778.0,81,54
22606847.0,90,56
22606859.0,82,59
22606911.0,82,62
22606927.0,101,67
22606953.0,87,53
22607040.0,93,59
22607043.0,85,54
22607165.0,83,51
22607179.0,80,53
22607185.0,58,55
22607196.0,99,49
22607238.0,79,59
22607248.0,81,58
22607304.0,95,63
22607311.0,88,54
22607478.0,91,57
22607511.0,82,58
22607556.0,91,58
22607638.0,69,59
22607654.0,78,53
22607671.0,85,51
22607675.0,80,56
22607679.0,80,62
22607682.0,81,61
22607755.0,89,55
22607767.0,92,58
22607789.0,79,55
22607861.0,82,58
22607864.0,80,60
22607924.0,85,53
22607963.0,79,56
22608029.0,84,52
22608039.0,83,63
22608045.0,94,61
22608140.0,86,66
22608181.0,80,57
22608223.0,87,66
22608232.0,81,66
22608243.0,90,56
22608281.0,84,66
22608307.0,84,52
22608313.0,79,63
22608352.0,79,52
22608428.0,84,65
22608442.0,82,58
22608479.0,87,66
22608546.0,89,55
22608601.0,83,51
22608616.0,81,62
22608680.0,80,64
22608735.0,84,66
22608746.0,84,50
22608770.0,78,62
22608770.0,86,51
22608782.0,78,79
22608819.0,81,53
22608822.0,77,56
22608827.0,85,50
22608910.0,82,58
22608954.0,87,52
22608977.0,88,54
22609050.0,90,75
22609061.0,87,66
22609076.0,80,52
22609170.0,81,51
22609171.0,79,65
22609192.0,104,73
22609328.0,85,54
22609341.0,85,53
22609402.0,78,55
22609444.0,84,52
22609457.0,87,52
22609489.0,86,54
22609500.0,83,52
22609509.0,83,50
22609576.0,84,51
22609597.0,82,51
22609681.0,81,57
22609700.0,82,57
22609736.0,85,50
22609740.0,84,53
22609770.0,79,65
22609795.0,80,55
22609849.0,79,61
22609910.0,80,60
22610033.0,79,54
22610034.0,50,115
22610087.0,81,56
22610141.0,86,65
22610168.0,86,51
22610220.0,90,81
22610245.0,87,52
22610272.0,88,53
22610318.0,81,65
22610375.0,83,52
22610405.0,81,53
22610569.0,79,55
22610574.0,79,54
22610635.0,82,61
22610705.0,80,65
22610803.0,85,66
22610827.0,79,59
22610845.0,79,58
22610847.0,81,65
22610850.0,85,52
22610882.0,82,58
22610894.0,83,58
22610921.0,79,61
22610962.0,81,64
22610967.0,84,66
22610973.0,78,58
22611030.0,86,55
22611045.0,94,60
22611050.0,80,63
22611094.0,81,57
22611140.0,82,51
22611154.0,82,65
22611200.0,96,63
22611253.0,84,53
22611253.0,82,64
22611256.0,85,54
22611265.0,81,60
22611357.0,93,58
22611415.0,80,56
22611486.0,81,56
22611614.0,87,55
22611642.0,91,57
22611763.0,84,61
22611770.0,83,106
22611771.0,89,67
22611804.0,80,52
22611814.0,95,61
22611814.0,87,55
22611817.0,88,53
22611823.0,83,65
22611824.0,79,62
22611934.0,78,57
22611950.0,79,53
22611975.0,97,65
22612052.0,80,61
22612081.0,95,62
22612083.0,81,56
22612130.0,86,50
22612197.0,90,55
22612216.0,92,57
22612233.0,84,51
22612253.0,84,50
22612298.0,89,67
22612308.0,102,69
22612362.0,87,51
22612381.0,53,55
22612499.0,98,64
22612507.0,82,57
22612511.0,81,55
22612531.0,83,57
22612552.0,87,55
22612623.0,82,56
22612630.0,82,60
22612672.0,88,56
22612677.0,91,56
22612806.0,89,54
22612815.0,86,53
22612935.0,80,61
22612946.0,81,57
22612980.0,87,55
22613034.0,92,59
22613095.0,93,58
22613147.0,82,61
22613197.0,82,62
22613206.0,83,51
22613221.0,87,51
22613222.0,80,54
22613225.0,84,52
22613275.0,90,55
22613286.0,85,51
22613329.0,81,61
22613476.0,82,58
22613493.0,79,62
22613546.0,79,55
22613557.0,85,51
22613591.0,78,56
22613727.0,88,52
22613799.0,83,58
22613848.0,102,68
22613870.0,95,61
22613872.0,89,58
22613976.0,86,50
22613987.0,79,58
22614021.0,64,56
22614060.0,84,52
22614129.0,80,62
22614183.0,85,53
22614184.0,85,49
22614197.0,87,54
22614207.0,84,50
22614209.0,95,60
22614221.0,83,56
22614230.0,86,54
22614372.0,92,57
22614411.0,89,66
22614466.0,85,51
22614482.0,79,58
22614513.0,94,59
22614516.0,83,61
22614524.0,81,63
22614639.0,34,110
22614683.0,81,61
22614694.0,82,57
22614718.0,81,55
22614728.0,83,51
22614759.0,54,58
22614845.0,88,55
22614876.0,80,55
22614933.0,78,55
22614934.0,81,55
22614968.0,86,52
22614999.0,89,53
22615034.0,83,57
22615081.0,83,53
22615140.0,80,63
22615234.0,81,60
22615245.0,92,58
22615254.0,82,64
22615333.0,88,65
22615397.0,87,65
22615419.0,81,54
22615423.0,82,52
22615435.0,81,59
22615436.0,85,57
22615470.0,82,50
22615483.0,82,56
22615506.0,79,58
22615512.0,81,56
22615544.0,79,53
22615556.0,81,64
22615565.0,89,53
22615569.0,82,57
22615618.0,79,54
22615621.0,86,49
22615626.0,80,51
22615766.0,83,64
22615806.0,82,60
22615813.0,85,51
22615850.0,80,53
22615852.0,81,54
22615903.0,82,62
22615982.0,90,54
22616031.0,99,83
22616035.0,84,51
22616079.0,91,56
22616120.0,87,50
22616145.0,85,51
22616160.0,85,50
22616363.0,87,55
22616372.0,81,54
22616442.0,81,51
22616450.0,83,50
22616534.0,95,61
22616582.0,90,54
22616651.0,88,51
22616884.0,82,61
22616901.0,82,52
22616926.0,87,53
22616927.0,84,51
22616949.0,104,73
22616953.0,80,62
22617001.0,97,64
22617037.0,80,58
22617041.0,91,55
22617072.0,82,55
22617081.0,84,58
22617121.0,83,53
22617144.0,79,57
22617153.0,83,50
22617192.0,66,72
22617207.0,79,61
22617244.0,86,51
22617253.0,88,51
22617263.0,85,52
22617328.0,55,57
22617359.0,95,60
22617366.0,85,50
22617404.0,89,52
22617435.0,81,59
22617479.0,83,56
22617500.0,79,61
22617530.0,92,56
22617581.0,80,52
22617617.0,80,60
22617740.0,91,55
22617794.0,85,50
22617810.0,82,61
22617861.0,36,102
22617892.0,93,57
22617932.0,86,53
22617976.0,80,54
22617992.0,83,58
22618049.0,93,58
22618062.0,81,62
22618235.0,61,82
22618265.0,83,61
22618353.0,90,54
22618407.0,84,64
22618422.0,81,63
22618430.0,92,56
22618434.0,84,57
22618456.0,87,54
22618457.0,89,108
22618467.0,85,50
22618501.0,79,61
22618536.0,88,54
22618600.0,86,49
22618603.0,89,52
22618651.0,80,60
22618661.0,87,49
22618729.0,83,52
22618743.0,83,61
22618852.0,55,59
22618942.0,86,51
22618947.0,87,50
22618954.0,88,50
22619019.0,82,56
22619033.0,82,59
22619068.0,83,60
22619154.0,79,61
22619161.0,87,52
22619180.0,89,108
22619210.0,86,50
22619216.0,84,50
22619242.0,81,53
22619279.0,84,52
22619284.0,83,64
22619293.0,93,65
22619305.0,85,49
22619315.0,81,60
22619324.0,80,74
22619342.0,56,63
22619419.0,84,53
22619452.0,90,53
22619454.0,83,57
22619551.0,81,52
22619649.0,88,50
22619664.0,83,50
22619703.0,84,52
22619774.0,83,52
22619784.0,80,52
22619842.0,79,55
22619860.0,80,51
22619885.0,81,52
22619891.0,83,55
22619935.0,85,51
22619938.0,97,63
22619988.0,81,60
22620008.0,80,61
22620104.0,81,54
22620120.0,82,60
22620122.0,94,58
22620133.0,83,57
22620170.0,84,50
22620217.0,82,64
22620238.0,54,60
22620325.0,84,52
22620336.0,83,59
22620340.0,85,64
22620354.0,103,84
22620368.0,93,59
22620406.0,94,59
22620409.0,70,58
22620492.0,67,53
22620518.0,86,52
22620532.0,82,50
22620534.0,93,70
22620538.0,83,52
22620588.0,89,51
22620605.0,86,50
22620618.0,88,50
22620639.0,82,54
22620648.0,84,61
22620697.0,83,60
22620793.0,97,61
22620811.0,83,61
22620838.0,82,63
22620895.0,84,55
22620896.0,87,51
22620900.0,90,52
22620906.0,92,55
22620928.0,82,60
22620954.0,90,53
22620954.0,68,52
22620980.0,79,54
22620984.0,91,54
22621004.0,87,53
22621011.0,93,57
22621041.0,92,57
22621050.0,84,53
22621105.0,70,59
22621117.0,81,58
22621225.0,84,64
22621241.0,88,53
22621244.0,98,66
22621270.0,80,53
22621276.0,87,52
22621277.0,81,54
22621372.0,80,61
22621393.0,82,59
22621394.0,83,51
22621420.0,68,52
22621427.0,79,56
22621437.0,84,60
22621494.0,61,60
22621500.0,84,56
22621566.0,81,52
22621648.0,89,51
22621650.0,87,49
22621703.0,85,60
22621718.0,91,67
22621725.0,82,60
22621752.0,83,55
22621765.0,85,51
22621768.0,92,55
22621769.0,96,62
22621879.0,84,56
22621906.0,83,63
22621909.0,98,65
22621930.0,82,50
22621938.0,97,64
22621939.0,91,54
22621950.0,83,61
22622053.0,83,56
22622145.0,96,72
22622195.0,88,64
22622266.0,86,49
22622271.0,85,65
22622272.0,81,62
22622298.0,90,52
22622306.0,81,61
22622342.0,98,67
22622467.0,84,57
22622496.0,93,56
22622517.0,81,55
22622551.0,82,53
22622567.0,82,60
22622622.0,85,50
22622650.0,83,50
22622719.0,82,50
22622768.0,84,56
22622807.0,82,55
22622813.0,97,71
22622922.0,80,53
22622970.0,83,56
22623012.0,88,54
22623028.0,86,61
22623048.0,88,52
22623060.0,83,54
22623062.0,86,51
22623078.0,87,50
22623094.0,81,51
22623110.0,83,51
22623128.0,89,54
22623131.0,88,49
22623140.0,79,55
22623144.0,82,62
22623147.0,86,52
22623191.0,83,59
22623262.0,84,57
22623307.0,81,53
22623338.0,88,65
22623374.0,52,58
22623471.0,82,58
22623478.0,91,53
22623497.0,98,64
22623504.0,83,59
22623520.0,94,57
22623529.0,84,52
22623591.0,87,51
22623626.0,89,50
22623705.0,84,63
22623814.0,87,52
22623896.0,86,51
22623922.0,88,51
22623973.0,80,60
22624020.0,81,57
22624064.0,80,56
22624078.0,87,53
22624089.0,83,59
22624092.0,83,63
22624110.0,86,58
22624157.0,82,52
22624174.0,83,60
22624186.0,91,53
22624209.0,84,60
22624222.0,96,61
22624441.0,92,76
22624485.0,95,59
22624653.0,90,55
22624688.0,87,55
22624761.0,90,51
22624773.0,81,53
22624798.0,87,50
22624835.0,81,59
22624922.0,88,52
22624925.0,95,58
22624964.0,85,50
22624981.0,63,61
22624985.0,84,49
22625021.0,80,55
22625043.0,90,65
22625059.0,80,54
22625063.0,86,49
22625067.0,84,61
22625081.0,93,56
22625106.0,84,56
22625117.0,90,52
22625121.0,82,61
22625144.0,82,54
22625258.0,89,65
22625266.0,85,49
22625300.0,83,55
22625338.0,88,58
22625342.0,85,64
22625364.0,82,58
22625381.0,88,53
22625388.0,83,60
22625407.0,94,57
22625463.0,86,49
22625465.0,95,58
22625476.0,88,51
22625480.0,61,55
22625483.0,82,58
22625496.0,87,49
22625509.0,53,52
22625518.0,92,54
22625573.0,89,53
22625580.0,97,79
22625815.0,84,55
22625857.0,85,56
22625860.0,86,64
22625943.0,83,50
22625973.0,81,59
22626016.0,93,55
22626038.0,86,50
22626038.0,94,75
22626049.0,82,62
22626067.0,87,52
22626113.0,83,53
22626135.0,85,61
22626175.0,91,52
22626203.0,82,59
22626226.0,85,57
22626269.0,90,50
22626357.0,87,51
22626371.0,85,49
22626431.0,55,49
22626436.0,96,60
22626488.0,84,56
22626569.0,82,51
22626576.0,85,63
22626704.0,80,53
22626727.0,94,58
22626871.0,83,52
22626891.0,88,50
22626928.0,84,63
22627022.0,92,54
22627038.0,102,67
22627059.0,80,54
22627126.0,81,60
22627131.0,89,52
22627138.0,85,51
22627161.0,82,53
22627227.0,84,56
22627261.0,90,50
22627275.0,83,53
22627334.0,87,51
22627339.0,82,57
22627341.0,86,63
22627378.0,95,60
22627379.0,84,59
22627387.0,96,59
22627403.0,94,66
22627408.0,84,54
22627422.0,87,49
22627515.0,82,50
22627607.0,57,68
22627650.0,88,52
22627654.0,89,54
22627669.0,81,52
22627733.0,82,59
22627798.0,83,55
22627868.0,87,49
22627878.0,84,60
22627878.0,100,73
22627904.0,99,72
22627924.0,85,55
22628005.0,84,49
22628014.0,69,53
22628024.0,55,55
22628038.0,88,48
22628134.0,83,58
22628225.0,93,55
22628236.0,85,49
22628256.0,95,57
22628265.0,83,59
22628284.0,91,51
22628303.0,86,52
22628327.0,89,51
22628385.0,86,50
22628486.0,89,48
22628523.0,86,49
22628578.0,89,52
22628584.0,88,50
22628608.0,84,58
22628635.0,81,51
22628738.0,92,53
22628772.0,83,54
22628806.0,81,55
22628899.0,85,51
22628966.0,90,49
22629064.0,83,49
22629068.0,82,60
22629096.0,86,56
22629101.0,87,64
22629104.0,85,55
22629125.0,88,49
22629129.0,83,52
22629138.0,81,51
22629139.0,82,50
22629143.0,84,53
22629183.0,83,51
22629186.0,85,63
22629195.0,90,53
22629224.0,89,53
22629258.0,88,52
22629363.0,85,56
22629370.0,82,52
22629430.0,45,95
22629449.0,87,50
22629454.0,83,59
22629519.0,85,54
22629577.0,46,95
22629592.0,88,64
22629635.0,82,57
22629640.0,84,55
22629647.0,89,51
22629697.0,84,60
22629772.0,83,61
22629776.0,81,51
22629934.0,84,62
22629956.0,85,48
22630005.0,85,50
22630088.0,90,49
22630092.0,103,69
22630123.0,81,59
22630144.0,82,61
22630145.0,83,53
22630154.0,86,49
22630157.0,90,65
22630207.0,88,51
22630214.0,85,59
22630218.0,81,61
22630266.0,88,48
22630385.0,87,53
22630414.0,81,53
22630435.0,83,57
22630443.0,81,51
22630549.0,84,53
22630564.0,104,78
22630584.0,92,52
22630606.0,86,51
22630609.0,81,54
22630742.0,93,74
22630788.0,92,53
22630808.0,85,56
22630810.0,87,63
22630818.0,89,52
22630906.0,86,51
22630919.0,89,53
22630934.0,91,50
22630945.0,84,52
22630953.0,87,50
22631017.0,81,55
22631024.0,86,48
22631049.0,93,54
22631082.0,89,50
22631109.0,84,54
22631187.0,86,52
22631216.0,90,52
22631237.0,94,55
22631334.0,35,117
22631349.0,84,49
22631359.0,95,57
22631383.0,86,50
22631391.0,85,50
22631402.0,82,56
22631413.0,83,50
22631494.0,89,64
22631542.0,86,63
22631544.0,82,58
22631553.0,87,49
22631575.0,82,60
22631783.0,54,55
22631813.0,85,49
22631815.0,96,59
22631818.0,90,48
22631850.0,82,55
22631851.0,84,58
22631892.0,81,53
22631903.0,85,54
22631936.0,83,52
22631960.0,85,55
22631964.0,95,62
22632003.0,83,60
22632004.0,80,58
22632004.0,84,59
22632074.0,89,52
22632086.0,82,56
22632098.0,90,54
22632122.0,81,59
22632141.0,86,55
22632146.0,35,117
22632212.0,80,76
22632218.0,83,51
22632235.0,85,62
22632312.0,97,61
22632312.0,85,54
22632336.0,96,61
22632349.0,93,55
22632415.0,84,54
22632423.0,97,60
22632426.0,35,117
22632441.0,83,58
22632503.0,82,58
22632503.0,92,52
22632521.0,91,49
22632532.0,87,49
22632541.0,86,56
22632546.0,88,50
22632566.0,85,58
22632578.0,92,51
22632615.0,83,51
22632636.0,86,51
22632766.0,85,54
22632824.0,93,53
22632890.0,96,58
22632910.0,95,56
22632972.0,83,49
22632992.0,90,64
22633006.0,54,54
22633010.0,86,59
22633015.0,89,49
22633109.0,85,49
22633109.0,84,57
22633110.0,90,51
22633129.0,86,48
22633168.0,85,53
22633172.0,86,54
22633176.0,89,51
22633204.0,83,61
22633220.0,84,50
22633221.0,93,54
22633235.0,87,75
22633270.0,82,59
22633318.0,91,49
22633324.0,83,56
22633346.0,95,56
22633353.0,90,53
22633371.0,83,52
22633389.0,85,54
22633422.0,89,52
22633441.0,84,53
22633497.0,85,59
22633529.0,85,53
22633561.0,94,56
22633600.0,54,54
22633705.0,84,61
22633717.0,83,57
22633722.0,87,48
22633859.0,82,54
22633898.0,84,51
22633935.0,89,51
22633943.0,86,60
22633952.0,90,65
22633999.0,90,50
22634002.0,90,48
22634057.0,85,53
22634065.0,96,57
22634158.0,94,54
22634198.0,95,58
22634228.0,93,53
22634256.0,98,62
22634260.0,85,53
22634333.0,92,50
22634381.0,83,58
22634388.0,83,51
22634409.0,84,58
22634428.0,91,53
22634438.0,105,76
22634440.0,89,48
22634544.0,84,62
22634564.0,85,55
22634781.0,93,52
22634911.0,93,69
22634913.0,91,48
22634919.0,90,47
22634955.0,85,58
22634977.0,84,53
22635028.0,84,62
22635113.0,85,53
22635154.0,82,53
22635185.0,87,63
22635214.0,100,66
22635218.0,93,69
22635236.0,86,49
22635242.0,83,51
22635265.0,85,59
22635291.0,85,54
22635323.0,87,48
22635348.0,91,52
22635414.0,83,59
22635418.0,86,55
22635503.0,85,52
22635519.0,94,55
22635523.0,82,59
22635534.0,85,61
22635594.0,89,48
22635614.0,98,60
22635735.0,90,52
22635749.0,35,111
22635751.0,87,50
22635767.0,90,50
22635776.0,83,55
22635788.0,85,57
22635793.0,85,62
22635822.0,88,49
22635848.0,95,55
22635858.0,90,49
22635861.0,94,54
22635878.0,89,62
22635881.0,86,48
22635899.0,84,49
22635914.0,84,58
22635973.0,86,54
22635985.0,84,50
22635994.0,99,64
22635997.0,84,56
22636034.0,89,50
22636087.0,92,49
22636096.0,86,49
22636114.0,82,52
22636144.0,83,56
22636153.0,87,55
22636158.0,91,64
22636214.0,82,58
22636220.0,86,55
22636241.0,89,62
22636300.0,84,61
22636383.0,85,62
22636483.0,93,51
22636490.0,87,62
22636490.0,86,58
22636511.0,90,63
22636526.0,87,55
22636535.0,93,64
22636587.0,97,58
22636592.0,99,61
22636635.0,71,55
22636636.0,68,49
22636687.0,83,60
22636750.0,86,53
22636778.0,85,48
22636835.0,91,51
22636904.0,88,55
22636945.0,86,64
22636956.0,85,51
22637022.0,96,56
22637024.0,89,63
22637038.0,84,51
22637057.0,87,55
22637074.0,87,49
22637095.0,92,64
22637103.0,84,57
22637126.0,91,48
22637130.0,91,51
22637137.0,95,57
22637146.0,88,63
22637183.0,91,63
22637196.0,88,55
22637199.0,85,51
22637216.0,85,53
22637322.0,83,57
22637331.0,97,60
22637466.0,84,60
22637521.0,98,65
22637522.0,85,61
22637549.0,88,48
22637556.0,86,54
22637589.0,90,64
22637621.0,87,55
22637652.0,94,53
22637691.0,91,53
22637703.0,82,58
22637727.0,84,49
22637728.0,91,51
22637743.0,92,49
22637758.0,83,54
22637767.0,53,59
22637771.0,89,64
22637821.0,91,47
22637851.0,84,58
22637885.0,92,48
22637901.0,86,48
22637918.0,93,50
22637929.0,92,50
22637979.0,85,50
22637990.0,57,71
22638036.0,90,51
22638052.0,91,50
22638061.0,55,61
22638067.0,56,61
22638072.0,97,61
22638083.0,87,54
22638200.0,92,53
22638249.0,85,58
22638295.0,93,52
22638350.0,88,62
22638377.0,90,50
22638393.0,95,54
22638444.0,87,50
22638524.0,84,56
22638530.0,86,52
22638564.0,90,48
22638600.0,89,49
22638718.0,94,52
22638731.0,83,57
22638854.0,87,55
22638877.0,86,58
22638894.0,83,58
22638897.0,96,56
22638900.0,85,57
22638930.0,95,55
22638943.0,86,48
22638967.0,87,58
22638981.0,93,53
22639023.0,92,48
22639043.0,83,59
22639080.0,91,52
22639109.0,85,56
22639116.0,84,57
22639143.0,86,57
22639198.0,97,57
22639210.0,85,58
22639272.0,99,64
22639286.0,84,59
22639297.0,86,54
22639327.0,94,53
22639349.0,85,49
22639351.0,93,50
22639356.0,89,52
22639365.0,94,52
22639373.0,85,52
22639471.0,89,48
22639521.0,88,47
22639527.0,89,61
22639545.0,90,50
22639549.0,91,49
22639551.0,84,51
22639578.0,85,49
22639578.0,85,50
22639579.0,87,72
22639593.0,98,61
22639610.0,97,57
22639698.0,92,52
22639731.0,87,48
22639732.0,93,49
22639855.0,86,51
22639908.0,88,59
22639994.0,85,48
22640034.0,96,58
22640101.0,84,57
22640197.0,87,62
22640204.0,84,55
22640205.0,83,51
22640236.0,88,47
22640243.0,89,48
22640255.0,95,54
22640411.0,86,62
22640447.0,96,55
22640488.0,87,55
22640552.0,91,48
22640562.0,98,59
22640570.0,94,51
22640589.0,85,51
22640619.0,85,49
22640630.0,94,52
22640633.0,99,63
22640744.0,84,57
22640787.0,97,59
22640796.0,98,60
22640807.0,87,49
22640820.0,91,51
22640868.0,87,57
22640878.0,93,49
22640939.0,97,57
22640968.0,92,51
22640976.0,88,49
22640977.0,93,48
22640981.0,84,50
22640991.0,104,70
22640993.0,85,60
22641023.0,68,48
22641046.0,92,52
22641122.0,87,53
22641130.0,83,52
22641166.0,85,57
22641186.0,86,53
22641233.0,96,56
22641272.0,92,47
22641321.0,85,50
22641359.0,67,49
22641370.0,86,57
22641375.0,85,48
22641379.0,92,50
22641396.0,84,54
22641399.0,100,72
22641500.0,85,56
22641520.0,83,58
22641538.0,40,82
22641546.0,97,57
22641600.0,96,57
22641609.0,98,58
22641629.0,87,54
22641706.0,86,61
22641713.0,94,51
22641727.0,35,106
22641731.0,91,51
22641747.0,90,49
22641752.0,94,50
22641781.0,86,58
22641791.0,95,53
22641889.0,86,51
22641928.0,91,64
22641937.0,89,47
22642015.0,87,52
22642111.0,86,50
22642131.0,105,76
22642261.0,68,47
22642279.0,86,47
22642285.0,97,56
22642286.0,83,53
22642313.0,92,53
22642334.0,93,48
22642343.0,86,49
22642348.0,88,54
22642430.0,91,48
22642472.0,85,50
22642477.0,87,47
22642478.0,88,49
22642494.0,97,57
22642518.0,93,53
22642528.0,89,62
22642568.0,83,57
22642618.0,93,76
22642646.0,85,57
22642662.0,83,53
22642682.0,92,52
22642698.0,94,50
22642748.0,88,48
22642774.0,87,54
22642856.0,84,58
22642881.0,87,48
22642972.0,85,55
22642973.0,86,52
22642987.0,90,48
22643019.0,96,55
22643024.0,98,58
22643035.0,86,56
22643049.0,92,50
22643051.0,95,52
22643084.0,91,47
22643105.0,84,53
22643181.0,85,60
22643236.0,93,47
22643245.0,90,62
22643295.0,84,58
22643306.0,84,60
22643330.0,87,47
22643384.0,86,60
22643390.0,87,51
22643452.0,92,49
22643459.0,69,56
22643460.0,87,61
22643499.0,92,86
22643506.0,86,56
22643545.0,84,51
22643603.0,84,71
22643617.0,36,116
22643656.0,89,47
22643662.0,84,56
22643698.0,78,78
22643719.0,91,52
22643746.0,83,57
22643757.0,86,51
22643785.0,96,54
22643812.0,98,59
22643814.0,83,53
22643863.0,88,61
22643880.0,93,52
22643920.0,94,49
22643923.0,88,47
22643983.0,87,53
22644100.0,84,59
22644129.0,91,50
22644153.0,88,49
22644220.0,86,57
22644278.0,89,49
22644301.0,83,50
22644355.0,86,56
22644470.0,97,56
22644528.0,94,47
22644538.0,87,56
22644561.0,84,50
22644563.0,86,48
22644565.0,91,49
22644566.0,95,51
22644567.0,92,48
22644601.0,83,50
22644609.0,98,57
22644622.0,84,56
22644625.0,92,52
22644677.0,87,57
22644695.0,87,50
22644792.0,86,47
22644839.0,86,50
22644887.0,84,57
22644891.0,93,51
22644946.0,100,61
22645029.0,93,47
22645042.0,85,59
22645068.0,69,55
22645113.0,88,47
22645141.0,97,65
22645147.0,85,58
22645175.0,100,64
22645225.0,92,51
22645310.0,95,50
22645379.0,90,47
22645380.0,85,56
22645382.0,97,55
22645399.0,88,53
22645404.0,94,48
22645409.0,93,53
22645416.0,91,63
22645472.0,91,49
22645477.0,88,52
22645507.0,85,59
22645517.0,94,49
22645550.0,87,48
22645572.0,91,48
22645607.0,93,65
22645641.0,87,49
22645642.0,93,50
22645644.0,86,55
22645649.0,89,49
22645661.0,86,50
22645672.0,86,51
22645687.0,83,51
22645693.0,91,62
22645836.0,89,48
22645840.0,89,62
22645872.0,89,63
22645905.0,84,51
22645915.0,92,47
22645923.0,85,49
22645924.0,88,54
22645987.0,91,49
22646018.0,89,54
22646031.0,96,64
22646076.0,95,51
22646172.0,85,54
22646173.0,93,49
22646180.0,96,54
22646189.0,90,50
22646208.0,45,98
22646210.0,86,57
22646240.0,83,51
22646268.0,36,121
22646310.0,88,62
22646352.0,101,63
22646362.0,88,57
22646373.0,95,50
22646395.0,85,53
22646463.0,85,59
22646543.0,87,58
22646578.0,96,53
22646616.0,103,67
22646739.0,96,65
22646762.0,101,63
22646835.0,89,53
22646863.0,85,59
22646881.0,84,57
22646922.0,100,63
22646957.0,85,57
22646972.0,93,49
22646979.0,95,49
22646985.0,94,47
22646985.0,83,51
22647031.0,94,74
22647055.0,86,56
22647079.0,102,66
22647091.0,87,52
22647199.0,89,47
22647227.0,83,109
22647376.0,88,51
22647413.0,86,55
22647414.0,92,50
22647416.0,85,56
22647452.0,97,55
22647472.0,87,56
22647480.0,86,49
22647488.0,64,49
22647498.0,88,49
22647499.0,87,57
22647518.0,87,90
22647532.0,87,47
22647553.0,89,89
22647609.0,87,49
22647671.0,101,66
22647690.0,84,58
22647736.0,90,49
22647740.0,88,59
22647775.0,88,53
22647795.0,86,59
22647803.0,88,49
22647842.0,96,52
22647933.0,90,46
22647976.0,90,49
22647979.0,84,56
22648011.0,90,50
22648024.0,91,48
22648036.0,87,48
22648060.0,95,49
22648073.0,98,56
22648114.0,99,58
22648122.0,88,60
22648129.0,87,49
22648139.0,101,63
22648214.0,93,48
22648247.0,86,56
22648258.0,89,48
22648344.0,87,48
22648406.0,91,47
22648451.0,96,51
22648465.0,93,51
22648488.0,97,54
22648504.0,89,47
22648522.0,95,51
22648528.0,99,60
22648546.0,89,54
22648548.0,85,50
22648554.0,87,60
22648591.0,92,49
22648601.0,94,52
22648612.0,85,51
22648669.0,99,55
22648673.0,93,50
22648677.0,88,46
22648709.0,87,55
22648721.0,87,47
22648731.0,87,59
22648741.0,83,110
22648767.0,88,49
22648783.0,94,47
22648785.0,86,54
22648797.0,89,53
22648811.0,84,52
22648830.0,95,48
22648853.0,85,52
22648868.0,88,50
22648877.0,98,60
22648882.0,96,55
22648888.0,87,55
22648906.0,97,56
22648918.0,85,51
22648938.0,92,63
22648939.0,101,62
22649166.0,96,51
22649216.0,90,57
22649227.0,87,57
22649286.0,88,61
22649299.0,98,58
22649346.0,93,47
22649449.0,94,51
22649503.0,93,51
22649506.0,88,56
22649531.0,90,83
22649560.0,96,50
22649567.0,85,51
22649581.0,94,50
22649583.0,85,57
22649590.0,95,47
22649612.0,89,52
22649615.0,91,46
22649620.0,98,55
22649682.0,89,61
22649699.0,95,53
22649707.0,87,56
22649826.0,88,57
22649912.0,87,49
22649913.0,88,52
22649917.0,87,55
22649981.0,85,51
22649997.0,86,57
22650084.0,89,46
22650086.0,93,50
22650088.0,85,55
22650193.0,99,58
22650220.0,85,50
22650248.0,87,50
22650266.0,84,56
22650352.0,91,46
22650390.0,96,53
22650415.0,96,50
22650418.0,89,53
22650531.0,94,49
22650551.0,84,56
22650569.0,95,47
22650575.0,92,47
22650611.0,94,46
22650653.0,89,51
22650719.0,87,56
22650790.0,88,60
22650790.0,85,56
22650827.0,98,56
22650836.0,97,53
22650843.0,86,58
22650872.0,99,59
22650885.0,90,53
22650906.0,68,51
22650906.0,92,48
22650949.0,92,52
22650986.0,69,60
22651010.0,86,55
22651146.0,87,54
22651151.0,96,49
22651235.0,91,86
22651240.0,69,52
22651394.0,36,119
22651401.0,86,53
22651405.0,88,48
22651410.0,88,47
22651426.0,93,49
22651431.0,99,57
22651537.0,88,51
22651575.0,90,46
22651613.0,89,46
22651659.0,88,56
22651684.0,86,51
22651739.0,94,48
22651831.0,69,52
22651936.0,97,52
22651977.0,89,60
22651984.0,91,48
22652036.0,92,47
22652056.0,97,54
22652108.0,88,50
22652169.0,86,50
22652189.0,86,52
22652219.0,36,118
22652223.0,98,55
22652238.0,92,46
22652291.0,90,61
22652305.0,98,61
22652311.0,88,57
22652321.0,96,48
22652368.0,86,49
22652375.0,89,53
22652409.0,94,51
22652461.0,86,55
22652468.0,95,46
22652500.0,94,46
22652504.0,90,49
22652633.0,89,56
22652649.0,97,52
22652681.0,89,52
22652688.0,97,53
22652690.0,97,51
22652718.0,91,61
22652731.0,90,46
22652805.0,94,46
22652836.0,95,52
22652875.0,64,89
22652882.0,105,70
22652889.0,94,73
22652891.0,90,52
22652896.0,89,61
22652900.0,85,56
22652919.0,92,62
22652924.0,89,50
22652976.0,94,47
22652984.0,88,56
22652995.0,88,46
22653001.0,96,52
22653071.0,87,55
22653084.0,99,56
22653094.0,88,59
22653124.0,87,48
22653130.0,93,48
22653144.0,86,56
22653146.0,94,48
22653155.0,91,48
22653266.0,92,46
22653267.0,88,49
22653276.0,93,49
22653408.0,94,46
22653424.0,102,66
22653432.0,97,50
22653588.0,89,57
22653596.0,95,50
22653633.0,102,69
22653644.0,98,54
22653690.0,95,51
22653697.0,88,55
22653794.0,95,62
22653801.0,87,57
22653825.0,87,58
22653920.0,85,55
22653928.0,87,51
22653948.0,96,47
22653978.0,87,55
22653980.0,91,46
22653985.0,89,49
22653992.0,100,71
22654156.0,93,62
22654163.0,85,49
22654188.0,88,48
22654318.0,90,46
22654379.0,99,55
22654386.0,97,49
22654425.0,90,60
22654454.0,89,48
22654457.0,90,51
22654481.0,89,51
22654586.0,87,54
22654638.0,95,49
22654708.0,88,48
22654772.0,89,47
22654949.0,88,56
22654980.0,89,46
22654992.0,99,73
22654998.0,93,46
22655006.0,95,46
22655045.0,98,57
22655130.0,86,56
22655212.0,87,53
22655261.0,101,64
22655279.0,57,65
22655294.0,88,58
22655323.0,90,50
22655367.0,100,74
22655371.0,100,58
22655379.0,98,53
22655380.0,99,55
22655403.0,94,51
22655407.0,97,50
22655469.0,94,49
22655485.0,89,56
22655547.0,96,46
22655581.0,95,46
22655590.0,95,48
22655612.0,94,48
22655630.0,95,52
22655729.0,93,47
22655749.0,97,48
22655787.0,97,51
22655817.0,87,52
22655819.0,87,48
22655828.0,86,57
22655868.0,89,59
22655876.0,90,49
22655909.0,89,55
22655922.0,88,55
22655934.0,89,50
22656095.0,98,52
22656106.0,88,59
22656112.0,93,46
22656120.0,100,60
22656170.0,90,52
22656170.0,88,54
22656196.0,87,52
22656208.0,91,52
22656232.0,94,48
22656327.0,91,53
22656362.0,93,63
22656440.0,89,49
22656484.0,86,55
22656488.0,95,47
22656535.0,96,52
22656619.0,87,49
22656669.0,97,47
22656695.0,97,48
22656718.0,92,47
22656797.0,98,51
22656825.0,99,56
22656834.0,57,49
22656838.0,89,48
22656839.0,95,51
22656861.0,87,50
22656865.0,90,56
22656876.0,87,54
22656893.0,90,45
22656899.0,100,57
22656913.0,91,45
22656924.0,93,45
22656962.0,86,54
22657025.0,55,57
22657055.0,99,57
22657064.0,99,54
22657102.0,91,57
22657105.0,96,46
22657118.0,56,50
22657171.0,97,49
22657185.0,102,63
22657204.0,92,46
22657205.0,98,52
22657216.0,99,55
22657255.0,87,50
22657256.0,90,56
22657276.0,62,56
22657284.0,58,50
22657328.0,57,49
22657353.0,91,56
22657446.0,54,56
22657583.0,101,63
22657623.0,90,49
22657633.0,87,54
22657637.0,95,50
22657677.0,91,53
22657695.0,98,50
22657697.0,93,49
22657699.0,91,45
22657714.0,34,52
22657726.0,96,50
22657750.0,92,47
22657764.0,94,46
22657788.0,87,56
22657802.0,88,53
22657804.0,60,49
22657819.0,35,51
22657844.0,90,46
22657862.0,57,49
22657942.0,92,62
22657977.0,92,61
22658003.0,97,46
22658031.0,94,47
22658067.0,94,63
22658102.0,96,51
22658110.0,90,59
22658125.0,86,55
22658278.0,91,54
22658294.0,98,51
22658319.0,89,76
22658320.0,98,49
22658340.0,90,47
22658374.0,99,54
22658396.0,89,60
22658399.0,35,51
22658455.0,89,46
22658457.0,97,71
22658475.0,89,54
22658477.0,91,51
22658524.0,95,51
22658552.0,100,73
22658601.0,98,50
22658605.0,98,54
22658646.0,94,50
22658673.0,93,62
22658708.0,87,57
22658711.0,94,46
22658713.0,90,57
22658768.0,93,45
22658880.0,91,61
22658886.0,86,54
22658905.0,88,57
22658905.0,56,65
22658942.0,98,53
22658948.0,64,60
22658985.0,90,50
22659020.0,96,49
22659038.0,89,56
22659044.0,87,57
22659124.0,94,52
22659141.0,89,53
22659165.0,88,54
22659200.0,35,51
22659217.0,91,61
22659257.0,89,58
22659291.0,90,48
22659296.0,86,54
22659354.0,95,49
22659420.0,98,69
22659470.0,96,48
22659470.0,91,50
22659507.0,93,63
22659532.0,90,55
22659554.0,99,53
22659584.0,95,48
22659590.0,35,51
22659639.0,89,47
22659643.0,94,45
22659651.0,97,47
22659664.0,90,59
22659669.0,96,47
22659699.0,88,52
22659742.0,98,48
22659751.0,87,55
22659773.0,94,62
22659779.0,93,47
22659797.0,96,70
22659809.0,89,52
22659822.0,88,51
22659880.0,95,64
22659884.0,96,46
22659917.0,90,60
22659987.0,90,46
22659991.0,89,55
22660007.0,96,47
22660015.0,90,49
22660027.0,93,77
22660044.0,91,50
22660074.0,95,50
22660106.0,91,49
22660118.0,91,52
22660215.0,94,51
22660257.0,92,45
22660273.0,53,60
22660282.0,88,54
22660287.0,98,47
22660318.0,92,60
22660363.0,100,57
22660426.0,94,45
22660484.0,88,49
22660502.0,99,53
22660597.0,99,52
22660637.0,96,47
22660660.0,91,48
22660677.0,94,52
22660684.0,91,59
22660739.0,98,49
22660752.0,89,47
22660906.0,100,59
22660930.0,91,60
22660967.0,96,51
22660985.0,2,107
22660987.0,101,60
22660999.0,95,63
22661013.0,97,51
22661014.0,91,51
22661148.0,95,47
22661226.0,99,51
22661232.0,93,45
22661259.0,93,46
22661287.0,98,52
22661343.0,99,50
22661415.0,98,46
22661427.0,96,50
22661449.0,90,47
22661492.0,89,53
22661534.0,106,72
22661558.0,100,55
22661586.0,93,46
22661588.0,101,58
22661606.0,90,48
22661636.0,90,54
22661706.0,99,52
22661710.0,93,75
22661723.0,92,51
22661740.0,97,49
22661748.0,92,52
22661763.0,95,46
22661783.0,99,54
22661797.0,91,47
22661884.0,101,59
22661901.0,91,51
22661910.0,86,76
22661926.0,89,52
22661956.0,92,51
22661967.0,97,50
22661976.0,87,54
22661977.0,100,58
22662030.0,97,48
22662039.0,99,51
22662055.0,37,99
22662100.0,91,45
22662152.0,99,50
22662237.0,90,58
22662320.0,89,57
22662356.0,95,45
22662371.0,97,52
22662381.0,94,51
22662390.0,99,49
22662400.0,91,46
22662415.0,92,51
22662555.0,88,55
22662588.0,91,45
22662601.0,93,45
22662606.0,101,57
22662653.0,88,56
22662660.0,89,57
22662786.0,89,52
22662842.0,91,50
22662854.0,96,49
22662855.0,67,67
22662909.0,98,68
22662953.0,97,47
22662958.0,100,54
22662969.0,89,47
22662987.0,96,48
22663007.0,88,53
22663027.0,92,53
22663035.0,91,57
22663048.0,98,47
22663054.0,102,65
22663164.0,106,70
22663165.0,89,57
22663182.0,90,47
22663217.0,99,49
22663240.0,89,54
22663287.0,89,47
22663347.0,92,50
22663355.0,91,54
22663365.0,92,49
22663366.0,97,72
22663394.0,90,57
22663416.0,99,48
22663424.0,89,57
22663441.0,83,51
22663479.0,94,47
22663484.0,91,45
22663497.0,91,55
22663553.0,92,52
22663576.0,96,50
22663585.0,88,48
22663803.0,91,55
22663812.0,99,53
22663846.0,100,55
22663847.0,82,51
22663853.0,100,56
22663871.0,99,47
22663945.0,102,74
22663947.0,99,51
22663955.0,97,46
22663961.0,91,47
22663982.0,96,47
22663989.0,89,48
22664015.0,97,49
22664017.0,98,46
22664037.0,91,58
22664053.0,89,51
22664060.0,89,49
22664112.0,58,57
22664122.0,90,53
22664129.0,94,46
22664137.0,89,56
22664160.0,99,46
22664185.0,91,49
22664233.0,95,51
22664253.0,101,58
22664258.0,106,76
22664259.0,53,55
22664298.0,100,53
22664302.0,97,46
22664397.0,44,115
22664420.0,90,53
22664448.0,96,52
22664455.0,101,56
22664477.0,92,51
22664484.0,89,50
22664534.0,97,51
22664552.0,95,50
22664593.0,91,55
22664604.0,94,45
22664611.0,53,55
22664815.0,89,53
22664850.0,96,48
22664977.0,101,60
22664978.0,92,48
22664988.0,100,52
22664996.0,88,54
22665144.0,101,57
22665148.0,90,54
22665149.0,100,51
22665154.0,99,47
22665179.0,97,50
22665192.0,100,50
22665203.0,99,50
22665207.0,93,52
22665223.0,93,51
22665238.0,87,54
22665293.0,56,54
22665299.0,98,52
22665346.0,94,46
22665378.0,94,47
22665514.0,96,46
22665517.0,93,44
22665532.0,92,55
22665612.0,98,49
22665631.0,97,49
22665663.0,100,51
22665704.0,89,55
22665731.0,89,47
22665783.0,90,57
22665824.0,92,45
22665832.0,96,45
22665878.0,100,50
22665968.0,92,50
22666084.0,52,56
22666100.0,91,54
22666130.0,98,50
22666133.0,94,62
22666154.0,99,46
22666176.0,95,47
22666181.0,98,48
22666210.0,98,47
22666232.0,97,70
22666248.0,90,47
22666315.0,90,52
22666350.0,88,50
22666415.0,98,51
22666435.0,95,51
22666501.0,100,52
22666557.0,94,61
22666574.0,92,60
22666592.0,98,46
22666607.0,90,53
22666664.0,96,61
22666676.0,93,60
22666725.0,92,46
22666753.0,91,59
22666765.0,100,49
22666833.0,92,49
22666844.0,55,53
22666849.0,93,52
22666867.0,92,51
22666885.0,90,53
22666886.0,91,47
22667091.0,103,63
22667136.0,100,47
22667138.0,101,55
22667179.0,97,50
22667287.0,89,53
22667324.0,97,48
22667331.0,100,53
22667344.0,97,47
22667361.0,100,48
22667451.0,106,71
22667495.0,91,48
22667496.0,91,46
22667503.0,92,48
22667550.0,101,54
22667654.0,95,50
22667699.0,93,49
22667722.0,101,56
22667728.0,91,58
22667772.0,92,58
22667831.0,105,68
22667874.0,106,69
22667952.0,97,49
22667982.0,88,53
22668023.0,98,52
22668085.0,102,59
22668246.0,100,46
22668275.0,93,50
22668307.0,92,46
22668311.0,95,45
22668312.0,94,44
22668343.0,88,89
22668353.0,89,54
22668377.0,91,57
22668434.0,93,48
22668463.0,93,51
22668480.0,96,50
22668494.0,93,45
22668495.0,93,50
22668508.0,89,52
22668514.0,90,47
22668522.0,97,46
22668525.0,90,53
22668545.0,101,54
22668620.0,91,85
22668639.0,91,57
22668687.0,95,45
22668717.0,97,45
22668740.0,102,58
22668756.0,93,46
22668783.0,90,48
22668817.0,96,44
22668890.0,97,47
22668942.0,98,50
22668954.0,92,46
22669004.0,90,56
22669019.0,101,53
22669029.0,89,55
22669067.0,90,49
22669098.0,93,44
22669110.0,98,51
22669135.0,100,46
22669156.0,98,46
22669198.0,102,57
22669241.0,99,49
22669282.0,101,49
22669349.0,91,52
22669352.0,95,44
22669381.0,99,47
22669406.0,101,52
22669412.0,91,53
22669421.0,90,49
22669461.0,94,51
22669470.0,98,46
22669478.0,91,54
22669497.0,99,50
22669500.0,101,51
22669508.0,96,48
22669562.0,92,59
22669600.0,89,55
22669676.0,101,50
22669687.0,99,48
22669771.0,99,46
22669778.0,99,50
22669824.0,91,57
22669984.0,98,50
22669991.0,102,59
22670010.0,101,48
22670038.0,90,49
22670114.0,89,52
22670177.0,101,52
22670181.0,99,51
22670186.0,93,50
22670209.0,102,56
22670237.0,91,46
22670244.0,93,52
22670336.0,91,52
22670342.0,99,50
22670354.0,90,52
22670367.0,90,49
22670422.0,101,51
22670427.0,100,70
22670428.0,99,71
22670478.0,101,47
22670481.0,92,54
22670493.0,89,53
22670519.0,101,53
22670535.0,97,44
22670535.0,88,54
22670567.0,91,47
22670579.0,99,50
22670597.0,96,46
22670620.0,98,48
22670667.0,94,50
22670669.0,93,49
22670677.0,96,48
22670688.0,93,51
22670690.0,91,52
22670701.0,91,53
22670802.0,95,47
22670848.0,90,54
22670919.0,87,54
22670945.0,90,55
22670960.0,91,51
22671029.0,102,57
22671101.0,96,45
22671174.0,90,52
22671204.0,96,62
22671238.0,94,49
22671322.0,101,49
22671365.0,54,59
22671368.0,97,45
22671488.0,98,49
22671548.0,95,44
22671570.0,98,47
22671636.0,93,60
22671733.0,101,46
22671769.0,91,56
22671771.0,93,48
22671783.0,98,45
22671784.0,94,48
22671878.0,97,62
22671962.0,94,44
22671987.0,92,53
22672001.0,94,47
22672035.0,101,47
22672067.0,91,48
22672195.0,100,70
22672207.0,94,59
22672227.0,98,46
22672343.0,93,54
22672349.0,92,54
22672476.0,94,46
22672481.0,97,50
22672484.0,97,49
22672487.0,101,48
22672671.0,102,56
22672675.0,89,52
22672755.0,102,55
22672764.0,101,55
22672885.0,91,52
22672902.0,95,60
22673101.0,94,50
22673109.0,102,50
22673120.0,94,51
22673147.0,91,49
22673151.0,101,71
22673204.0,97,47
22673257.0,101,50
22673275.0,100,47
22673280.0,100,46
22673299.0,90,53
22673305.0,102,72
22673307.0,97,48
22673315.0,102,49
22673341.0,94,45
22673358.0,95,108
22673408.0,100,49
22673424.0,99,65
22673458.0,95,50
22673465.0,96,45
22673530.0,91,47
22673535.0,100,48
22673545.0,95,51
22673547.0,92,52
22673567.0,91,52
22673587.0,92,51
22673588.0,102,51
22673599.0,92,53
22673662.0,102,53
22673663.0,102,52
22673697.0,97,45
22673727.0,37,96
22673790.0,92,57
22673803.0,99,50
22673823.0,102,50
22673831.0,102,48
22673843.0,98,44
22673855.0,99,51
22673862.0,55,51
22673935.0,97,50
22673979.0,92,56
22673982.0,94,48
22674029.0,97,46
22674057.0,102,47
22674090.0,96,44
22674128.0,99,49
22674287.0,97,49
22674288.0,100,50
22674306.0,92,46
22674392.0,93,57
22674398.0,94,49
22674399.0,95,61
22674404.0,93,58
22674413.0,95,44
22674416.0,94,46
22674420.0,99,48
22674434.0,99,47
22674453.0,97,44
22674453.0,98,44
22674481.0,96,48
22674531.0,100,51
22674557.0,102,51
22674641.0,102,61
22674644.0,99,45
22674702.0,93,48
22674754.0,103,58
22674778.0,97,48
22674793.0,94,50
22674847.0,96,47
22674850.0,91,55
22674874.0,102,52
22674899.0,93,59
22674936.0,102,46
22675022.0,102,53
22675049.0,95,48
22675051.0,102,47
22675067.0,102,72
22675068.0,95,49
22675076.0,94,47
22675172.0,103,57
22675235.0,99,46
22675266.0,92,52
22675294.0,102,49
22675321.0,54,52
22675322.0,97,47
22675398.0,95,45
22675471.0,91,54
22675636.0,94,54
22675646.0,99,45
22675707.0,93,45
22675736.0,92,57
22675748.0,101,54
22675765.0,102,54
22675894.0,95,67
22675909.0,95,46
22675934.0,94,58
22675945.0,95,47
22676027.0,103,59
22676039.0,99,44
22676042.0,103,56
22676069.0,91,51
22676090.0,99,51
22676102.0,94,45
22676104.0,97,46
22676105.0,93,53
22676125.0,93,52
22676162.0,101,47
22676199.0,94,55
22676205.0,103,57
22676249.0,102,57
22676264.0,101,46
22676278.0,97,70
22676282.0,93,45
22676296.0,95,46
22676299.0,101,48
22676307.0,95,51
22676325.0,98,46
22676539.0,92,48
22676546.0,103,55
22676549.0,92,49
22676560.0,103,50
22676575.0,101,49
22676589.0,94,55
22676646.0,103,49
22676678.0,101,48
22676701.0,93,51
22676737.0,95,44
22676755.0,102,55
22676757.0,35,108
22676957.0,103,60
22676998.0,91,53
22677001.0,99,44
22677015.0,91,51
22677032.0,103,48
22677071.0,92,47
22677102.0,98,47
22677127.0,95,50
22677128.0,101,47
22677137.0,100,50
22677142.0,100,51
22677171.0,101,48
22677291.0,98,44
22677355.0,101,50
22677358.0,101,48
22677367.0,103,49
22677404.0,100,48
22677520.0,93,58
22677604.0,97,43
22677610.0,98,48
22677635.0,94,45
22677656.0,103,50
22677671.0,103,47
22677672.0,93,53
22677683.0,100,47
22677722.0,100,46
22677728.0,103,46
22677734.0,98,45
22677830.0,101,47
22677834.0,93,46
22677905.0,103,51
22677921.0,92,52
22677928.0,96,50
22678044.0,96,47
22678077.0,103,54
22678112.0,95,49
22678123.0,94,57
22678145.0,96,51
22678150.0,103,52
22678155.0,96,48
22678161.0,100,51
22678199.0,103,55
22678225.0,95,45
22678228.0,94,53
22678270.0,101,51
22678283.0,100,49
22678339.0,91,52
22678435.0,103,53
22678448.0,93,46
22678484.0,95,48
22678489.0,98,48
22678510.0,101,50
22678522.0,102,52
22678547.0,96,44
22678599.0,93,51
22678668.0,101,49
22678697.0,100,44
22678717.0,103,48
22678724.0,100,45
22678744.0,93,48
22678791.0,98,44
22678890.0,94,54
22678904.0,98,45
22678909.0,93,56
22678939.0,95,62
22678981.0,95,55
22678992.0,94,59
22679076.0,103,52
22679148.0,103,46
22679149.0,93,52
22679213.0,98,47
22679242.0,96,46
22679296.0,107,73
22679390.0,93,47
22679431.0,93,50
22679481.0,92,54
22679543.0,96,45
22679569.0,98,46
22679623.0,93,57
22679719.0,95,45
22679731.0,92,51
22679755.0,102,47
22679792.0,103,56
22679864.0,96,51
22679988.0,98,43
22680038.0,102,46
22680088.0,95,54
22680204.0,92,56
22680229.0,95,60
22680249.0,94,45
22680341.0,99,49
22680397.0,104,47
22680487.0,102,48
22680516.0,99,50
22680527.0,100,48
22680533.0,99,45
22680561.0,102,49
22680586.0,99,49
22680641.0,100,50
22680642.0,93,49
22680647.0,104,48
22680702.0,99,47
22680735.0,101,50
22680748.0,103,47
22680761.0,95,47
22680789.0,99,48
22680792.0,103,49
22680799.0,93,49
22680826.0,96,50
22680829.0,101,49
22680833.0,93,55
22680923.0,99,46
22680943.0,104,50
22680971.0,99,44
22680974.0,93,51
22681026.0,101,45
22681087.0,104,49
22681091.0,104,47
22681096.0,100,44
22681155.0,96,59
22681159.0,99,44
22681175.0,94,58
22681210.0,102,58
22681255.0,91,51
22681282.0,101,51
22681372.0,104,46
22681483.0,103,51
22681504.0,104,51
22681509.0,97,43
22681520.0,99,46
22681566.0,105,50
22681567.0,101,48
22681583.0,101,50
22681673.0,102,50
22681706.0,92,52
22681714.0,102,53
22681744.0,101,46
22681804.0,98,43
22681867.0,97,50
22681892.0,96,60
22681944.0,94,60
22681962.0,92,53
22682116.0,97,43
22682124.0,94,50
22682126.0,107,70
22682133.0,94,51
22682156.0,99,50
22682164.0,94,60
22682168.0,101,44
22682190.0,101,47
22682249.0,99,47
22682255.0,52,55
22682329.0,96,55
22682337.0,104,51
22682383.0,104,48
22682396.0,94,47
22682427.0,104,52
22682433.0,97,60
22682442.0,99,49
22682492.0,103,46
22682507.0,95,57
22682508.0,98,49
22682514.0,93,51
22682518.0,99,45
22682528.0,99,65
22682552.0,100,49
22682570.0,99,48
22682602.0,102,51
22682609.0,104,56
22682629.0,97,47
22682656.0,103,54
22682695.0,97,49
22682722.0,94,46
22682749.0,92,50
22682822.0,103,61
22682847.0,104,49
22682848.0,104,54
22682860.0,94,48
22682907.0,97,44
22682943.0,53,55
22682980.0,101,49
22683003.0,104,50
22683008.0,104,52
22683105.0,95,59
22683107.0,97,45
22683177.0,99,43
22683184.0,95,45
22683227.0,97,46
22683238.0,104,53
22683284.0,103,57
22683380.0,94,56
22683412.0,103,52
22683457.0,53,55
22683469.0,94,57
22683541.0,105,57
22683581.0,105,63
22683599.0,103,47
22683661.0,91,52
22683715.0,103,48
22683771.0,73,75
22683789.0,107,75
22683791.0,92,51
22683819.0,53,55
22683845.0,100,48
22683945.0,103,49
22683986.0,104,58
22684032.0,104,60
22684040.0,90,89
22684134.0,105,48
22684147.0,93,50
22684153.0,100,44
22684181.0,105,47
22684204.0,94,51
22684215.0,104,55
22684219.0,104,64
22684246.0,105,49
22684272.0,103,59
22684283.0,102,45
22684305.0,95,55
22684332.0,100,49
22684408.0,95,52
22684412.0,100,44
22684424.0,102,46
22684429.0,96,58
22684461.0,104,53
22684489.0,103,53
22684508.0,97,59
22684514.0,92,78
22684560.0,93,54
22684605.0,100,45
22684618.0,96,44
22684633.0,102,47
22684758.0,93,56
22684764.0,105,50
22684782.0,93,50
22684805.0,96,53
22684820.0,97,45
22684835.0,100,50
22684849.0,95,58
22684862.0,97,49
22684883.0,103,49
22684925.0,104,65
22684982.0,102,50
22685014.0,102,49
22685026.0,103,50
22685031.0,97,46
22685055.0,95,45
22685141.0,102,48
22685209.0,105,49
22685291.0,79,72
22685309.0,105,62
22685355.0,105,46
22685363.0,104,51
22685378.0,103,49
22685416.0,97,49
22685451.0,94,55
22685470.0,100,43
22685505.0,100,48
22685534.0,102,44
22685553.0,98,45
22685556.0,104,54
22685567.0,98,44
22685594.0,100,45
22685608.0,104,63
22685752.0,95,50
22685756.0,100,49
22685768.0,94,49
22685800.0,105,51
22685801.0,107,71
22685824.0,100,50
22685828.0,98,49
22685846.0,35,113
22685853.0,93,52
22685899.0,97,44
22685907.0,102,51
22685928.0,98,46
22685954.0,104,66
22685961.0,104,56
22685970.0,92,50
22686014.0,93,50
22686067.0,103,49
22686112.0,98,49
22686204.0,103,51
22686274.0,105,61
22686368.0,97,47
22686376.0,98,50
22686409.0,104,46
22686415.0,105,48
22686416.0,95,51
22686434.0,93,51
22686460.0,104,48
22686480.0,105,57
22686547.0,98,48
22686592.0,104,47
22686686.0,105,51
22686698.0,103,49
22686699.0,95,51
22686781.0,96,46
22686786.0,97,48
22686880.0,98,49
22686890.0,95,47
22686896.0,102,48
22687032.0,96,44
22687060.0,97,44
22687111.0,101,46
22687207.0,104,57
22687216.0,95,48
22687245.0,106,47
22687295.0,104,62
22687322.0,101,47
22687376.0,107,70
22687412.0,101,44
22687437.0,105,53
22687554.0,103,45
22687625.0,105,52
22687638.0,104,52
22687759.0,104,49
22687795.0,103,44
22687796.0,101,49
22687797.0,106,49
22687850.0,105,55
22687858.0,94,74
22687908.0,106,48
22687918.0,94,50
22687963.0,103,47
22687987.0,101,46
22688003.0,106,69
22688040.0,98,45
22688069.0,104,49
22688103.0,96,52
22688146.0,96,49
22688227.0,105,50
22688245.0,96,45
22688293.0,102,50
22688346.0,101,48
22688351.0,105,46
22688368.0,103,49
22688401.0,105,56
22688403.0,106,50
22688427.0,101,50
22688435.0,98,50
22688455.0,104,58
22688477.0,98,44
22688496.0,103,44
22688544.0,93,50
22688567.0,98,49
22688761.0,105,54
22688779.0,105,59
22688785.0,104,49
22688788.0,105,57
22688912.0,105,53
22688922.0,106,46
22688924.0,99,48
22688925.0,98,48
22688929.0,98,51
22688933.0,105,58
22688946.0,101,46
22688952.0,104,50
22688969.0,106,50
22688977.0,99,46
22688999.0,92,51
22689007.0,99,44
22689042.0,106,49
22689090.0,101,49
22689112.0,97,53
22689115.0,103,50
22689136.0,106,47
22689137.0,94,49
22689192.0,101,47
22689229.0,96,60
22689234.0,99,47
22689251.0,98,44
22689328.0,95,57
22689334.0,99,45
22689454.0,99,44
22689494.0,95,46
22689537.0,102,44
22689609.0,106,51
22689683.0,105,55
22689711.0,97,54
22689712.0,96,51
22689730.0,94,53
22689738.0,99,51
22689748.0,104,53
22689785.0,47,93
22689799.0,93,55
22689805.0,99,49
22689835.0,101,50
22689920.0,101,48
22689943.0,106,48
22690005.0,104,48
22690008.0,95,55
22690016.0,93,55
22690047.0,103,48
22690099.0,105,59
22690160.0,104,51
22690195.0,96,50
22690204.0,95,50
22690293.0,98,50
22690340.0,94,49
22690355.0,105,48
22690388.0,105,47
22690406.0,105,52
22690446.0,97,52
22690452.0,96,51
22690454.0,106,52
22690458.0,103,51
22690542.0,96,49
22690600.0,104,60
22690602.0,36,99
22690605.0,94,51
22690617.0,107,47
22690666.0,99,50
22690687.0,94,52
22690739.0,101,43
22690764.0,93,50
22690765.0,105,56
22690767.0,97,44
22690788.0,103,50
22690791.0,105,58
22690829.0,107,48
22690875.0,103,46
22690912.0,100,43
22691035.0,103,49
22691129.0,104,44
22691145.0,102,46
22691165.0,102,45
22691235.0,106,52
22691320.0,104,46
22691357.0,105,49
22691385.0,96,56
22691387.0,102,48
22691447.0,107,49
22691543.0,104,47
22691593.0,104,55
22691611.0,104,48
22691703.0,99,44
22691741.0,96,57
22691750.0,102,46
22691756.0,106,51
22691770.0,104,51
22691786.0,70,59
22691789.0,104,49
22691853.0,106,46
22691879.0,107,72
22692088.0,107,49
22692090.0,106,53
22692124.0,93,49
22692200.0,106,46
22692211.0,107,50
22692270.0,103,44
22692290.0,106,50
22692379.0,102,50
22692400.0,105,50
22692436.0,100,45
22692443.0,102,45
22692475.0,105,54
22692478.0,104,44
22692521.0,93,49
22692559.0,106,55
22692581.0,101,49
22692603.0,106,54
22692620.0,106,64
22692627.0,94,50
22692644.0,101,51
22692676.0,95,53
22692676.0,96,58
22692714.0,100,44
22692718.0,94,56
22692727.0,99,49
22692739.0,38,55
22692745.0,106,47
22692748.0,104,50
22692766.0,107,50
22692795.0,97,53
22692818.0,94,55
22692831.0,97,58
22692863.0,106,65
22692878.0,95,49
22692998.0,95,54
22693034.0,94,55
22693041.0,95,56
22693052.0,103,44
22693071.0,93,49
22693080.0,104,49
22693129.0,105,65
22693186.0,99,46
22693198.0,98,49
22693215.0,39,55
22693226.0,107,48
22693259.0,54,51
22693294.0,97,49
22693309.0,102,44
22693327.0,102,48
22693334.0,107,51
22693358.0,97,45
22693365.0,106,56
22693469.0,105,45
22693527.0,98,54
22693619.0,107,68
22693640.0,99,47
22693645.0,106,48
22693656.0,105,61
22693687.0,102,43
22693724.0,39,55
22693725.0,105,55
22693755.0,104,51
22693771.0,97,46
22693796.0,106,54
22693830.0,105,65
22693837.0,108,47
22693844.0,91,81
22693921.0,103,46
22693928.0,106,68
22693960.0,102,46
22693988.0,96,50
22693994.0,98,44
22694040.0,105,57
22694086.0,106,55
22694116.0,105,46
22694128.0,106,52
22694178.0,106,53
22694220.0,39,55
22694232.0,100,44
22694243.0,100,47
22694249.0,102,50
22694308.0,38,55
22694308.0,105,44
22694338.0,105,51
22694341.0,103,43
22694351.0,97,47
22694378.0,94,49
22694554.0,106,49
22694558.0,105,47
22694577.0,97,51
22694629.0,108,47
22694633.0,108,49
22694642.0,105,45
22694644.0,97,47
22694662.0,97,49
22694665.0,103,47
22694690.0,100,49
22694724.0,103,44
22694750.0,107,51
22694793.0,98,46
22694868.0,104,50
22694913.0,108,48
22694960.0,106,56
22695028.0,103,48
22695068.0,106,58
22695240.0,44,109
22695244.0,97,47
22695255.0,105,48
22695275.0,103,44
22695295.0,96,49
22695336.0,107,52
22695345.0,97,50
22695346.0,108,50
22695361.0,98,58
22695371.0,98,60
22695407.0,101,43
22695427.0,108,49
22695439.0,44,109
22695449.0,104,44
22695451.0,97,54
22695455.0,99,48
22695455.0,107,67
22695512.0,105,67
22695547.0,98,52
22695573.0,95,50
22695619.0,105,51
22695622.0,106,57
22695691.0,93,49
22695723.0,95,67
22695863.0,106,54
22695914.0,106,50
22695928.0,107,47
22695966.0,108,50
22695982.0,95,51
22695993.0,105,51
22696043.0,97,51
22696072.0,103,46
22696194.0,103,47
22696195.0,103,49
22696207.0,100,49
22696224.0,98,45
22696244.0,97,48
22696245.0,97,59
22696294.0,107,48
22696306.0,98,51
22696320.0,67,63
22696394.0,103,50
22696402.0,105,63
22696443.0,97,50
22696445.0,53,54
22696560.0,106,45
22696563.0,98,46
22696566.0,97,59
22696695.0,106,56
22696738.0,105,52
22696744.0,105,49
22696763.0,108,51
22696771.0,104,44
22696795.0,96,54
22696842.0,103,50
22696851.0,104,51
22696891.0,98,46
22696908.0,100,47
22696959.0,107,53
22696964.0,96,56
22696995.0,103,44
22697003.0,102,43
22697026.0,106,44
22697045.0,105,50
22697048.0,106,59
22697118.0,99,59
22697134.0,104,43
22697147.0,103,48
22697148.0,104,46
22697167.0,98,61
22697260.0,105,59
22697275.0,109,48
22697359.0,101,47
22697395.0,100,49
22697422.0,101,49
22697447.0,46,115
22697457.0,108,51
22697477.0,106,55
22697502.0,99,44
22697548.0,107,48
22697592.0,105,61
22697598.0,109,47
22697615.0,101,47
22697620.0,106,46
22697622.0,105,51
22697645.0,103,49
22697654.0,96,49
22697718.0,103,46
22697721.0,104,47
22697747.0,107,49
22697791.0,106,50
22697845.0,89,87
22697874.0,106,44
22697892.0,96,55
22697989.0,53,55
22698002.0,106,47
22698030.0,101,48
22698060.0,104,44
22698079.0,95,49
22698087.0,109,49
22698102.0,107,55
22698149.0,70,51
22698152.0,98,50
22698196.0,106,51
22698218.0,98,49
22698241.0,109,48
22698334.0,98,47
22698413.0,98,70
22698444.0,109,47
22698480.0,102,44
22698489.0,101,48
22698538.0,108,47
22698539.0,97,49
22698558.0,96,48
22698572.0,105,52
22698589.0,101,43
22698601.0,103,48
22698606.0,109,49
22698625.0,106,48
22698733.0,107,49
22698785.0,107,54
22698893.0,99,48
22698902.0,101,50
22698908.0,103,50
22698945.0,97,57
22698951.0,108,52
22699019.0,104,46
22699029.0,61,56
22699097.0,106,45
22699209.0,109,50
22699267.0,105,53
22699281.0,108,50
22699345.0,105,66
22699438.0,107,55
22699525.0,96,54
22699558.0,95,50
22699563.0,102,45
22699602.0,106,49
22699671.0,108,52
22699753.0,105,45
22699760.0,106,47
22699781.0,101,43
22699783.0,98,52
22699794.0,107,50
22699874.0,95,50
22699904.0,102,46
22699909.0,99,52
22699993.0,106,52
22700017.0,104,43
22700059.0,107,56
22700093.0,104,47
22700133.0,106,50
22700151.0,96,50
22700184.0,105,44
22700265.0,107,45
22700302.0,109,51
22700309.0,104,50
22700317.0,97,55
22700346.0,105,52
22700413.0,108,48
22700415.0,97,56
22700441.0,100,48
22700447.0,107,46
22700452.0,102,47
22700546.0,102,44
22700582.0,110,48
22700590.0,105,46
22700653.0,101,48
22700675.0,109,50
22700683.0,107,57
22700750.0,105,60
22700777.0,99,51
22700816.0,105,67
22700817.0,107,44
22700839.0,99,46
22700917.0,101,49
22700938.0,108,49
22700949.0,101,44
22700959.0,105,43
22701010.0,109,47
22701023.0,96,49
22701041.0,96,47
22701075.0,99,51
22701095.0,100,44
22701144.0,103,43
22701236.0,107,47
22701249.0,110,49
22701263.0,106,60
22701286.0,103,44
22701308.0,110,48
22701314.0,102,44
22701349.0,109,51
22701377.0,98,50
22701400.0,99,47
22701443.0,97,48
22701473.0,107,69
22701545.0,106,57
22701559.0,96,47
22701569.0,97,57
22701571.0,105,44
22701610.0,106,44
22701628.0,108,53
22701644.0,106,51
22701650.0,103,43
22701675.0,110,49
22701676.0,108,75
22701727.0,98,46
22701758.0,98,56
22701776.0,106,56
22701786.0,107,48
22701815.0,105,45
22701948.0,102,45
22701951.0,105,46
22701952.0,98,49
22701960.0,99,48
22701965.0,99,49
22701977.0,106,50
22702113.0,107,58
22702122.0,52,58
22702138.0,102,49
22702144.0,106,61
22702180.0,99,49
22702198.0,98,46
22702227.0,104,43
22702242.0,99,45
22702268.0,103,45
22702293.0,110,50
22702308.0,65,62
22702340.0,107,55
22702415.0,108,45
22702474.0,108,54
22702479.0,107,45
22702483.0,109,47
22702493.0,107,51
22702524.0,101,46
22702532.0,102,46
22702579.0,107,56
22702616.0,107,54
22702660.0,108,50
22702684.0,98,61
22702702.0,56,64
22702702.0,109,48
22702719.0,107,48
22702724.0,103,46
22702735.0,96,48
22702745.0,105,51
22702826.0,102,43
22702853.0,104,50
22702868.0,107,58
22702907.0,99,69
22702912.0,109,52
22702924.0,105,43
22702972.0,101,50
22703028.0,106,45
22703140.0,108,45
22703198.0,106,43
22703283.0,107,63
22703285.0,106,59
22703287.0,106,62
22703298.0,105,46
22703328.0,106,46
22703333.0,110,50
22703343.0,97,53
22703347.0,101,43
22703379.0,108,46
22703381.0,107,49
22703517.0,107,57
22703559.0,109,48
22703574.0,106,51
22703632.0,108,55
22703645.0,88,90
22703678.0,98,62
22703681.0,100,59
22703695.0,102,50
22703723.0,106,52
22703740.0,108,50
22703859.0,107,59
22703882.0,107,64
22703966.0,103,44
22704048.0,41,79
22704083.0,97,52
22704120.0,99,62
22704151.0,104,43
22704183.0,107,50
22704217.0,102,47
22704314.0,109,49
22704315.0,107,52
22704317.0,100,45
22704347.0,110,51
22704442.0,111,49
22704449.0,106,47
22704456.0,107,44
22704462.0,111,48
22704499.0,106,44
22704518.0,108,54
22704564.0,106,43
22704570.0,103,43
22704580.0,83,98
22704596.0,105,50
22704620.0,43,111
22704656.0,107,45
22704711.0,101,44
22704730.0,102,49
22704742.0,97,55
22704779.0,108,48
22704793.0,108,51
22704880.0,107,51
22704955.0,109,53
22704966.0,104,48
22704977.0,107,65
22705024.0,99,52
22705045.0,102,50
22705052.0,108,56
22705066.0,108,72
22705068.0,105,43
22705079.0,88,88
22705122.0,103,44
22705159.0,103,45
22705163.0,111,49
22705171.0,103,48
22705237.0,108,74
22705289.0,106,45
22705321.0,89,88
22705347.0,109,54
22705353.0,108,48
22705378.0,108,53
22705391.0,108,47
22705399.0,104,44
22705498.0,88,88
22705532.0,106,60
22705567.0,103,43
22705570.0,108,46
22705591.0,107,45
22705675.0,99,53
22705690.0,82,104
22705701.0,100,46
22705701.0,83,97
22705709.0,97,49
22705727.0,44,121
22705745.0,109,45
22705784.0,107,59
22705913.0,109,46
22705931.0,102,43
22705954.0,111,50
22705974.0,103,49
22705977.0,97,51
22706019.0,108,55
22706082.0,105,49
22706113.0,100,49
22706168.0,105,51
22706173.0,83,97
22706200.0,110,52
22706226.0,107,43
22706237.0,108,49
22706244.0,109,50
22706255.0,99,49
22706272.0,109,52
22706273.0,103,50
22706304.0,105,50
22706322.0,110,48
22706438.0,106,46
22706459.0,102,58
22706473.0,106,47
22706488.0,108,56
22706525.0,109,47
22706527.0,107,50
22706551.0,106,48
22706581.0,109,46
22706689.0,99,57
22706703.0,97,48
22706758.0,110,51
22706785.0,107,46
22706824.0,100,52
22706837.0,104,46
22706864.0,105,43
22706900.0,109,54
22706943.0,105,48
22706991.0,108,54
22707118.0,107,51
22707154.0,106,61
22707324.0,107,52
22707374.0,109,45
22707378.0,108,57
22707393.0,104,44
22707408.0,107,44
22707416.0,107,43
22707433.0,89,87
22707527.0,103,51
22707541.0,103,48
22707597.0,96,51
22707603.0,107,60
22707605.0,98,47
22707606.0,109,48
22707609.0,108,50
22707619.0,67,52
22707639.0,106,49
22707642.0,104,45
22707672.0,104,47
22707682.0,90,86
22707705.0,106,64
22707709.0,109,47
22707768.0,106,48
22707807.0,110,49
22707823.0,110,52
22707836.0,104,43
22707858.0,111,51
22707891.0,103,49
22707896.0,67,52
22707899.0,99,48
22707966.0,109,54
22707971.0,67,51
22708057.0,109,53
22708102.0,90,79
22708278.0,108,52
22708302.0,107,56
22708318.0,107,45
22708332.0,67,52
22708339.0,105,44
22708362.0,58,55
22708431.0,106,50
22708506.0,103,48
22708511.0,107,51
22708559.0,111,50
22708592.0,101,45
22708597.0,109,48
22708628.0,89,86
22708732.0,104,48
22708741.0,102,48
22708753.0,108,57
22708795.0,108,45
22708808.0,104,45
22708814.0,107,48
22708889.0,108,56
22708913.0,105,51
22708921.0,105,61
22708941.0,104,43
22709006.0,106,43
22709073.0,98,57
22709078.0,111,48
22709091.0,105,45
22709096.0,108,69
22709102.0,103,43
22709110.0,106,49
22709128.0,99,56
22709191.0,107,46
22709211.0,103,50
22709420.0,108,50
22709421.0,111,52
22709429.0,109,51
22709486.0,110,46
22709529.0,108,51
22709544.0,106,51
22709612.0,109,49
22709636.0,108,46
22709727.0,100,49
22709762.0,112,50
22709773.0,109,55
22709834.0,104,61
22709847.0,110,50
22709848.0,110,53
22709851.0,98,49
22709862.0,38,93
22709903.0,98,50
22709911.0,106,50
22709919.0,106,61
22709921.0,112,50
22709934.0,108,49
22709943.0,108,44
22709988.0,108,58
22710056.0,101,50
22710112.0,110,47
22710218.0,105,46
22710290.0,101,48
22710340.0,101,49
22710343.0,107,52
22710356.0,104,49
22710362.0,97,53
22710363.0,110,53
22710407.0,98,56
22710540.0,98,48
22710580.0,107,60
22710590.0,101,51
22710603.0,101,53
22710608.0,108,43
22710613.0,99,47
22710626.0,111,49
22710648.0,107,49
22710727.0,98,54
22710782.0,106,52
22710791.0,105,44
22710825.0,106,44
22710825.0,104,46
22710858.0,106,66
22710906.0,108,53
22710945.0,98,53
22711001.0,108,47
22711007.0,110,47
22711035.0,101,70
22711098.0,111,52
22711103.0,109,50
22711108.0,108,52
22711109.0,110,45
22711120.0,109,54
22711123.0,104,50
22711144.0,107,48
22711174.0,112,51
22711188.0,106,62
22711214.0,109,55
22711225.0,108,55
22711261.0,109,45
22711309.0,104,48
22711362.0,100,48
22711447.0,109,52
22711474.0,105,43
22711540.0,103,49
22711549.0,108,45
22711584.0,105,45
22711587.0,109,56
22711618.0,107,58
22711648.0,107,43
22711703.0,110,54
22711765.0,104,47
22711841.0,107,59
22711850.0,106,51
22711951.0,107,49
22711962.0,110,48
22712067.0,102,53
22712080.0,105,44
22712081.0,99,47
22712098.0,112,49
22712161.0,104,48
22712166.0,108,57
22712179.0,110,51
22712195.0,99,57
22712219.0,105,47
22712275.0,107,50
22712316.0,111,50
22712377.0,111,46
22712378.0,113,49
22712479.0,104,49
22712489.0,110,46
22712534.0,107,57
22712535.0,106,65
22712539.0,109,51
22712550.0,108,52
22712577.0,108,58
22712618.0,104,50
22712623.0,108,48
22712641.0,104,43
22712676.0,110,49
22712693.0,105,48
22712696.0,108,46
22712727.0,107,49
22712729.0,103,44
22712734.0,111,53
22712768.0,107,50
22712824.0,106,50
22712826.0,106,45
22712954.0,109,46
22712963.0,96,69
22712982.0,106,60
22713044.0,111,47
22713059.0,108,47
22713099.0,109,44
22713159.0,100,57
22713185.0,111,45
22713227.0,100,49
22713257.0,107,46
22713266.0,111,46
22713269.0,108,59
22713273.0,105,46
22713367.0,113,50
22713407.0,108,50
22713417.0,107,51
22713420.0,100,48
22713495.0,104,50
22713545.0,110,45
22713555.0,107,44
22713567.0,108,49
22713635.0,109,43
22713636.0,99,50
22713643.0,100,57
22713684.0,101,60
22713710.0,98,51
22713729.0,106,44
22713753.0,99,55
22713769.0,109,56
22713777.0,103,45
22713797.0,109,45
22713803.0,105,49
22713814.0,112,49
22713829.0,109,57
22713990.0,101,49
22714047.0,105,47
22714102.0,107,43
22714103.0,106,43
22714235.0,99,49
22714301.0,108,63
22714312.0,101,52
22714338.0,111,50
22714414.0,109,51
22714451.0,109,47
22714494.0,107,43
22714523.0,106,46
22714539.0,112,52
22714583.0,106,45
22714621.0,108,48
22714630.0,111,48
22714663.0,68,57
22714672.0,110,52
22714676.0,44,112
22714686.0,110,55
22714689.0,99,48
22714705.0,111,47
22714776.0,109,45
22714787.0,98,47
22714831.0,110,54
22714883.0,108,43
22714918.0,102,47
22714924.0,102,49
22714926.0,69,53
22714961.0,102,51
22714982.0,68,57
22714986.0,68,54
22714993.0,110,46
22715003.0,100,47
22715009.0,107,50
22715027.0,113,51
22715047.0,99,52
22715054.0,110,50
22715059.0,103,50
22715075.0,101,48
22715081.0,101,50
22715094.0,109,52
22715156.0,110,49
22715161.0,106,44
22715217.0,104,49
22715233.0,99,51
22715236.0,106,47
22715243.0,109,53
22715375.0,109,44
22715383.0,69,53
22715388.0,111,53
22715408.0,95,89
22715440.0,108,50
22715446.0,108,53
22715466.0,102,45
22715474.0,107,60
22715490.0,106,59
22715506.0,102,50
22715531.0,105,48
22715533.0,103,50
22715540.0,109,50
22715548.0,99,50
22715561.0,105,50
22715623.0,94,77
22715626.0,108,62
22715673.0,107,43
22715718.0,107,61
22715721.0,110,44
22715831.0,111,51
22715843.0,102,52
22715857.0,99,47
22715891.0,107,62
22715965.0,108,49
22715972.0,69,53
22715997.0,109,46
22716043.0,107,45
22716088.0,110,51
22716272.0,103,52
22716273.0,111,49
22716287.0,99,53
22716335.0,114,50
22716380.0,110,46
22716408.0,107,46
22716564.0,105,43
22716646.0,109,47
22716670.0,109,48
22716731.0,108,48
22716792.0,105,49
22716801.0,108,43
22716803.0,110,44
22716817.0,105,48
22716858.0,103,47
22716899.0,106,46
22716936.0,110,43
22717009.0,109,43
22717012.0,111,54
22717108.0,105,50
22717222.0,106,48
22717261.0,110,47
22717294.0,111,50
22717321.0,107,44
22717342.0,109,58
22717346.0,110,45
22717361.0,110,56
22717440.0,105,49
22717471.0,107,43
22717701.0,107,46
22717801.0,104,46
22717838.0,104,45
22717842.0,112,50
22717884.0,114,51
22717906.0,108,50
22717938.0,108,44
22717946.0,103,48
22717950.0,108,59
22717950.0,109,49
22717952.0,108,51
22717968.0,113,52
22717993.0,106,49
22718059.0,113,49
22718074.0,108,49
22718089.0,111,46
22718093.0,107,45
22718098.0,105,50
22718102.0,109,48
22718108.0,106,47
22718119.0,110,46
22718144.0,107,70
22718171.0,101,47
22718198.0,103,49
22718219.0,102,49
22718224.0,108,51
22718229.0,109,49
22718271.0,105,44
22718315.0,108,45
22718410.0,112,48
22718422.0,106,48
22718542.0,111,55
22718574.0,100,56
22718602.0,109,71
22718605.0,110,52
22718645.0,109,50
22718646.0,113,50
22718667.0,109,46
22718687.0,107,43
22718693.0,110,53
22718719.0,105,44
22718724.0,99,55
22718770.0,111,44
22718778.0,113,53
22718855.0,111,50
22718868.0,112,51
22718875.0,99,54
22718908.0,101,49
22718921.0,110,48
22718929.0,102,48
22719254.0,110,56
22719296.0,110,48
22719340.0,106,50
22719351.0,100,48
22719353.0,109,44
22719391.0,110,46
22719426.0,111,46
22719438.0,102,50
22719490.0,107,47
22719505.0,110,47
22719542.0,113,47
22719617.0,111,51
22719701.0,109,49
22719701.0,111,47
22719768.0,112,54
22719784.0,107,46
22719824.0,108,71
22719872.0,111,46
22719875.0,107,47
22719880.0,106,48
22720038.0,105,45
22720156.0,108,46
22720180.0,110,49
22720203.0,106,49
22720215.0,107,48
22720265.0,102,48
22720306.0,100,47
22720337.0,110,57
22720346.0,69,48
22720375.0,114,52
22720421.0,105,45
22720475.0,109,52
22720574.0,106,43
22720579.0,103,50
22720661.0,100,51
22720674.0,100,49
22720679.0,109,59
22720712.0,101,57
22720784.0,102,52
22720814.0,106,49
22720897.0,111,45
22720916.0,113,48
22720929.0,110,47
22720954.0,108,44
22720991.0,109,45
22721001.0,101,47
22721005.0,103,50
22721051.0,102,47
22721052.0,108,43
22721093.0,104,48
22721113.0,112,50
22721145.0,92,87
22721161.0,115,51
22721175.0,111,55
22721196.0,113,46
22721203.0,107,43
22721204.0,107,46
22721206.0,109,55
22721246.0,106,44
22721254.0,102,49
22721276.0,110,57
22721311.0,103,53
22721313.0,108,51
22721368.0,109,53
22721372.0,109,57
22721395.0,102,51
22721419.0,61,57
22721459.0,103,50
22721467.0,113,51
22721516.0,107,63
22721549.0,112,52
22721589.0,109,50
22721598.0,109,72
22721599.0,105,46
22721609.0,113,52
22721624.0,111,56
22721652.0,103,50
22721697.0,109,51
22721709.0,101,46
22721752.0,106,50
22721802.0,108,60
22721854.0,107,49
22721857.0,111,53
22721884.0,110,53
22721912.0,109,49
22721919.0,107,61
22722002.0,85,86
22722018.0,108,47
22722020.0,104,49
22722038.0,102,47
22722078.0,103,51
22722203.0,105,44
22722233.0,111,52
22722239.0,100,50
22722325.0,103,51
22722335.0,108,47
22722351.0,111,48
22722364.0,111,54
22722398.0,107,48
22722415.0,100,54
22722432.0,110,44
22722444.0,107,43
22722499.0,113,49
22722503.0,110,48
22722543.0,111,56
22722673.0,111,51
22722704.0,108,45
22722715.0,105,51
22722867.0,105,44
22722921.0,112,47
22722965.0,103,52
22722970.0,111,46
22722976.0,107,45
22722984.0,110,52
22723109.0,112,51
22723131.0,100,52
22723209.0,107,64
22723230.0,100,53
22723373.0,111,47
22723400.0,110,49
22723410.0,110,50
22723425.0,111,49
22723470.0,104,52
22723493.0,114,53
22723500.0,109,44
22723510.0,44,117
22723525.0,104,53
22723538.0,108,48
22723687.0,107,50
22723736.0,107,49
22723759.0,109,46
22723818.0,102,50
22723824.0,101,47
22723855.0,114,48
22723913.0,44,117
22723955.0,110,56
22723967.0,104,50
22723975.0,103,50
22724013.0,106,50
22724062.0,109,50
22724278.0,112,48
22724287.0,107,44
22724363.0,101,49
22724376.0,113,53
22724412.0,111,56
22724432.0,112,45
22724446.0,103,49
22724452.0,102,48
22724458.0,109,51
22724597.0,111,44
22724631.0,109,59
22724658.0,108,46
22724661.0,87,88
22724663.0,101,48
22724668.0,102,46
22724673.0,110,45
22724680.0,113,52
22724713.0,111,52
22724819.0,110,53
22724923.0,103,51
22724925.0,111,48
22724936.0,110,50
22724967.0,109,45
22725038.0,109,44
22725038.0,85,90
22725055.0,87,89
22725076.0,114,51
22725088.0,110,51
22725162.0,112,52
22725214.0,110,47
22725249.0,107,48
22725297.0,109,47
22725311.0,107,49
22725395.0,109,52
22725405.0,108,47
22725475.0,112,49
22725489.0,110,49
22725503.0,103,50
22725517.0,113,47
22725571.0,103,47
22725586.0,114,49
22725667.0,108,66
22725789.0,114,54
22725795.0,103,48
22725841.0,110,58
22725902.0,115,53
22725914.0,107,50
22726025.0,107,45
22726089.0,106,46
22726091.0,116,52
22726119.0,104,51
22726121.0,111,50
22726131.0,111,53
22726151.0,102,53
22726167.0,108,49
22726169.0,110,46
22726171.0,108,43
22726253.0,112,54
22726321.0,116,51
22726384.0,113,45
22726428.0,106,51
22726539.0,105,49
22726651.0,113,51
22726811.0,110,44
22726818.0,103,52
22726821.0,110,57
22726849.0,113,55
22726870.0,107,50
22726902.0,115,48
22726984.0,113,50
22727076.0,114,50
22727105.0,111,49
22727119.0,67,64
22727175.0,115,51
22727186.0,112,49
22727189.0,112,56
22727222.0,109,46
22727227.0,111,45
22727257.0,114,52
22727263.0,110,51
22727457.0,114,47
22727458.0,110,50
22727508.0,109,59
22727581.0,113,48
22727630.0,101,50
22727691.0,108,48
22727968.0,101,49
22727974.0,108,49
22728083.0,110,52
22728096.0,113,53
22728162.0,111,57
22728174.0,112,47
22728245.0,110,43
22728261.0,113,52
22728284.0,109,47
22728306.0,110,47
22728311.0,108,50
22728473.0,109,48
22728571.0,111,51
22728650.0,112,53
22728710.0,111,50
22728800.0,109,58
22728822.0,109,60
22728824.0,106,48
22728885.0,113,46
22728951.0,115,49
22729041.0,111,46
22729057.0,110,45
22729113.0,113,49
22729183.0,109,63
22729189.0,108,49
22729213.0,100,51
22729250.0,105,50
22729253.0,111,47
22729347.0,106,45
22729364.0,112,50
22729428.0,110,46
22729499.0,111,50
22729604.0,109,44
22729683.0,103,47
22729705.0,103,48
22729762.0,110,51
22729774.0,101,51
22729801.0,100,58
22729966.0,114,48
22729989.0,109,44
22730045.0,102,47
22730145.0,112,48
22730146.0,104,48
22730146.0,101,52
22730147.0,104,47
22730163.0,113,47
22730216.0,115,50
22730227.0,109,49
22730232.0,109,48
22730251.0,102,48
22730356.0,107,46
22730385.0,114,46
22730427.0,100,56
22730493.0,111,44
22730544.0,105,48
22730564.0,106,49
22730568.0,100,55
22730628.0,103,55
22730667.0,110,58
22730687.0,106,48
22730732.0,102,48
22730786.0,108,45
22730826.0,111,45
22730864.0,108,50
22730930.0,109,49
22730953.0,115,52
22731027.0,110,48
22731033.0,106,48
22731146.0,114,51
22731228.0,108,46
22731245.0,109,44
22731264.0,107,47
22731391.0,113,49
22731407.0,115,54
22731415.0,113,50
22731422.0,108,50
22731432.0,104,50
22731476.0,110,59
22731488.0,102,46
22731527.0,111,47
22731534.0,112,51
22731544.0,110,47
22731619.0,89,82
22731740.0,113,56
22731821.0,116,49
22731845.0,107,47
22731848.0,111,51
22731941.0,109,45
22731960.0,111,52
22731976.0,114,53
22732177.0,112,49
22732178.0,114,52
22732206.0,107,48
22732211.0,112,54
22732300.0,114,49
22732341.0,115,48
22732354.0,106,47
22732355.0,111,54
22732375.0,114,45
22732386.0,113,48
22732413.0,109,50
22732420.0,103,52
22732500.0,113,45
22732532.0,108,60
22732567.0,109,49
22732586.0,110,53
22732636.0,111,46
22732652.0,108,48
22732723.0,116,54
22732789.0,106,50
22732793.0,109,52
22732857.0,110,49
22732870.0,104,51
22732874.0,110,52
22733042.0,115,51
22733062.0,112,50
22733063.0,112,57
22733208.0,115,55
22733238.0,102,49
22733257.0,113,50
22733344.0,88,82
22733452.0,117,53
22733470.0,112,50
22733567.0,115,53
22733600.0,111,58
22733655.0,116,52
22733690.0,110,44
22733715.0,107,51
22733732.0,114,47
22734011.0,116,50
22734016.0,113,49
22734023.0,110,48
22734045.0,104,46
22734278.0,106,50
22734332.0,105,48
22734344.0,108,47
22734352.0,114,56
22734353.0,113,45
22734394.0,115,46
22734546.0,109,51
22734570.0,107,49
22734595.0,111,44
22734596.0,103,46
22734600.0,111,52
22734613.0,114,45
22734647.0,115,49
22734648.0,108,51
22734754.0,109,46
22734968.0,105,49
22735065.0,114,53
22735090.0,117,49
22735116.0,112,53
22735143.0,101,54
22735155.0,116,48
22735184.0,113,46
22735190.0,109,50
22735265.0,101,52
22735348.0,113,51
22735356.0,110,49
22735375.0,103,47
22735400.0,112,52
22735473.0,106,51
22735495.0,111,48
22735537.0,115,47
22735540.0,103,48
22735595.0,108,48
22735598.0,115,52
22735625.0,101,52
22735633.0,111,47
22735634.0,113,54
22735665.0,110,45
22735674.0,114,54
22735711.0,112,51
22735714.0,114,48
22735749.0,68,56
22735760.0,114,50
22735765.0,86,89
22735817.0,101,55
22735914.0,110,50
22735925.0,116,51
22735936.0,112,51
22735982.0,102,48
22735998.0,111,48
22736003.0,68,56
22736014.0,117,50
22736027.0,100,55
22736061.0,113,56
22736178.0,109,51
22736265.0,86,89
22736404.0,112,55
22736406.0,113,53
22736440.0,112,56
22736488.0,83,96
22736496.0,105,52
22736541.0,112,46
22736550.0,113,50
22736617.0,111,49
22736658.0,115,49
22736702.0,105,51
22736730.0,113,57
22736759.0,116,53
22736769.0,105,56
22736902.0,102,51
22736975.0,113,47
22736998.0,107,50
22737119.0,109,47
22737136.0,105,51
22737140.0,108,48
22737274.0,106,48
22737325.0,105,50
22737374.0,103,48
22737380.0,108,48
22737443.0,112,54
22737483.0,116,49
22737487.0,111,58
22737513.0,114,51
22737621.0,112,48
22737694.0,108,49
22737701.0,113,45
22737736.0,105,49
22737742.0,116,55
22737763.0,111,57
22737844.0,105,46
22737846.0,101,69
22737968.0,114,54
22738019.0,113,52
22738042.0,114,49
22738087.0,114,46
22738116.0,112,52
22738210.0,110,46
22738238.0,113,47
22738247.0,104,52
22738288.0,113,54
22738343.0,115,53
22738393.0,116,52
22738394.0,114,49
22738471.0,113,46
22738559.0,112,47
22738594.0,110,46
22738628.0,104,48
22738647.0,106,51
22738791.0,115,50
22738805.0,110,50
22738875.0,106,49
22738901.0,115,48
22738996.0,117,51
22739022.0,110,51
22739088.0,113,51
22739232.0,105,51
22739266.0,113,51
22739291.0,106,49
22739322.0,75,125
22739407.0,104,69
22739414.0,111,51
22739507.0,117,55
22739551.0,109,48
22739614.0,116,46
22739648.0,111,49
22739753.0,115,54
22739814.0,113,55
22739903.0,106,48
22739954.0,105,50
22739955.0,118,54
22739955.0,110,60
22739960.0,115,46
22739982.0,110,47
22739996.0,104,50
22740025.0,112,48
22740036.0,117,53
22740038.0,106,47
22740058.0,114,47
22740077.0,114,51
22740103.0,114,50
22740255.0,108,49
22740337.0,111,46
22740341.0,107,50
22740422.0,116,50
22740456.0,112,48
22740462.0,115,51
22740497.0,105,48
22740537.0,109,60
22740560.0,112,49
22740572.0,118,50
22740646.0,107,49
22740695.0,115,49
22740737.0,113,47
22740740.0,114,47
22740828.0,113,48
22740858.0,109,48
22740914.0,105,51
22740985.0,115,56
22741010.0,104,47
22741056.0,107,51
22741061.0,114,52
22741104.0,116,56
22741109.0,106,48
22741207.0,110,51
22741210.0,109,48
22741312.0,106,52
22741314.0,103,50
22741464.0,118,53
22741502.0,105,46
22741598.0,116,54
22741623.0,116,53
22741682.0,114,46
22741693.0,116,48
22741762.0,116,46
22741763.0,103,49
22741766.0,111,45
22741789.0,109,48
22741806.0,117,52
22741942.0,111,59
22741979.0,102,52
22742002.0,106,47
22742023.0,111,58
22742068.0,112,49
22742077.0,113,45
22742107.0,112,46
22742204.0,109,49
22742229.0,106,49
22742247.0,113,52
22742273.0,117,47
22742284.0,101,52
22742689.0,118,51
22742740.0,115,51
22742812.0,113,54
22742819.0,104,48
22742859.0,111,47
22742899.0,108,50
22742960.0,114,51
22742992.0,114,47
22743051.0,110,48
22743087.0,106,46
22743087.0,114,48
22743161.0,117,50
22743170.0,113,48
22743261.0,108,50
22743343.0,107,51
22743491.0,116,51
22743497.0,117,48
22743642.0,115,50
22743692.0,118,53
22743794.0,115,47
22743815.0,114,54
22743846.0,97,82
22743854.0,102,55
22743885.0,106,50
22743904.0,112,50
22743974.0,61,60
22744043.0,112,46
22744079.0,108,48
22744093.0,115,52
22744209.0,108,50
22744550.0,106,67
22744554.0,91,82
22744563.0,117,54
22744630.0,101,56
22744667.0,116,49
22744716.0,118,52
22744754.0,105,46
22744758.0,114,53
22744798.0,113,46
22744927.0,109,49
22744953.0,117,53
22744974.0,117,48
22745138.0,116,54
22745177.0,112,47
22745318.0,111,49
22745360.0,109,49
22745402.0,110,49
22745456.0,116,47
22745478.0,108,51
22745545.0,119,51
22745726.0,114,48
22745812.0,109,61
22745995.0,115,47
22746000.0,113,49
22746046.0,109,50
22746074.0,112,47
22746135.0,115,46
22746147.0,116,47
22746328.0,110,51
22746335.0,106,51
22746418.0,115,48
22746430.0,109,49
22746581.0,111,48
22746703.0,117,51
22746762.0,112,50
22746836.0,113,48
22746876.0,107,52
22747008.0,109,49
22747054.0,107,48
22747054.0,116,52
22747055.0,115,55
22747077.0,113,47
22747234.0,107,49
22747510.0,113,53
22747576.0,114,52
22747622.0,116,57
22747638.0,116,52
22747674.0,112,51
22747744.0,110,49
22747929.0,114,46
22747964.0,113,47
22747979.0,105,46
22747998.0,111,51
22747999.0,117,49
22748010.0,117,47
22748052.0,108,51
22748083.0,118,53
22748267.0,116,50
22748346.0,107,46
22748471.0,104,50
22748546.0,115,53
22748790.0,112,48
22748847.0,106,48
22748887.0,116,48
22748935.0,118,51
22749009.0,116,47
22749315.0,118,54
22749410.0,111,49
22749462.0,104,49
22749478.0,114,49
22749513.0,97,83
22749640.0,118,49
22749659.0,114,49
22749700.0,114,47
22749716.0,107,47
22749881.0,112,51
22750129.0,117,52
22750158.0,115,46
22750198.0,117,54
22750271.0,110,50
22750288.0,116,55
22750331.0,105,48
22750497.0,105,52
22750647.0,105,48
22750739.0,106,46
22750759.0,103,53
22750889.0,113,48
22750913.0,114,47
22750989.0,114,53
22750994.0,117,48
22751038.0,116,48
22751090.0,116,51
22751094.0,107,46
22751126.0,115,55
22751151.0,117,50
22751254.0,117,55
22751282.0,107,50
22751299.0,114,48
22751352.0,107,49
22751483.0,97,82
22751484.0,88,80
22751634.0,115,49
22751715.0,46,97
22751798.0,118,51
22751856.0,119,51
22751940.0,115,52
22751950.0,116,53
22752139.0,115,47
22752161.0,107,50
22752220.0,115,51
22752369.0,67,50
22752370.0,112,49
22752386.0,118,54
22752396.0,108,51
22752432.0,108,48
22752514.0,67,49
22752569.0,107,52
22752610.0,109,51
22752858.0,117,55
22753081.0,108,47
22753100.0,114,48
22753206.0,72,58
22753238.0,118,52
22753252.0,116,53
22753433.0,107,48
22753470.0,113,49
22753644.0,118,48
22753855.0,68,57
22753862.0,118,50
22753996.0,116,46
22754006.0,106,52
22754014.0,117,52
22754119.0,72,58
22754264.0,106,47
22754412.0,111,50
22754547.0,102,60
22754566.0,117,51
22754566.0,114,48
22754578.0,115,54
22754706.0,109,71
22754713.0,115,53
22754767.0,116,47
22754770.0,108,49
22754870.0,116,52
22754937.0,113,51
22755037.0,117,53
22755283.0,75,124
22755303.0,76,124
22755365.0,103,54
22755370.0,113,49
22755412.0,107,46
22755449.0,115,48
22755607.0,102,56
22755611.0,115,47
22755742.0,111,50
22755757.0,107,51
22755786.0,120,53
22755889.0,108,48
22755927.0,119,54
22756031.0,111,50
22756226.0,115,49
22756238.0,119,52
22756550.0,112,50
22756686.0,115,48
22757194.0,106,48
22757359.0,115,58
22757507.0,118,51
22758023.0,118,53
22758235.0,114,49
22758459.0,108,50
22758460.0,117,52
22758556.0,111,52
22758625.0,116,54
22758854.0,106,74
22758887.0,118,51
22759133.0,116,53
22759255.0,111,50
22759305.0,119,55
22759543.0,108,49
22760024.0,120,54
22760348.0,119,49
22760607.0,108,50
22760914.0,107,50
22760939.0,115,50
22761257.0,113,54
22761289.0,115,54
22761301.0,107,47
22761356.0,115,49
22761444.0,109,47
22761484.0,113,50
22762208.0,109,48
22762480.0,106,48
22762599.0,108,52
22762615.0,104,52
22762976.0,120,51
22762996.0,116,54
22763004.0,109,47
22763205.0,118,52
22763440.0,116,49
22763725.0,107,51
22764055.0,111,51
22764782.0,114,50
22764817.0,117,54
22764836.0,84,88
22764840.0,108,51
22765242.0,116,50
22765248.0,116,49
22765270.0,117,53
22766146.0,115,49
22766426.0,117,49
22766763.0,119,50
22767030.0,106,49
22767127.0,117,49
22768029.0,119,52
22768746.0,96,78
22769272.0,34,111
22769795.0,108,51
22769872.0,118,53
22770055.0,121,51
22770425.0,104,52
22770494.0,54,55
22770608.0,120,52
22771638.0,103,54
22771870.0,117,49
22771873.0,108,48
22772104.0,107,48
22772497.0,107,48
22773627.0,30,77
22775093.0,97,78
22775700.0,108,74
22776669.0,2,82
22777392.0,107,70
22779157.0,66,66
22780170.0,58,119
22780250.0,59,120
22781038.0,59,120
22788991.0,120,54
22790326.0,121,52
22790361.0,108,51
22790560.0,108,51
22791178.0,117,49
22791288.0,108,51
22791508.0,108,51
22792281.0,108,52
22792817.0,119,51
22793198.0,108,51
22793224.0,118,54
22793729.0,105,53
22794360.0,119,57
22794438.0,118,55
22794618.0,107,66
22795724.0,118,51
22796427.0,106,49
22796774.0,109,63
22797106.0,120,53
22797492.0,119,54
22797802.0,108,64
22797921.0,118,53
22798047.0,118,57
22798083.0,116,52
22798262.0,109,49
22798313.0,103,72
22798527.0,104,74
22798753.0,105,50
22800436.0,103,55
22800851.0,118,49
22800874.0,119,50
22801675.0,115,58
22801870.0,113,54
22801932.0,104,77
22802030.0,119,53
22802206.0,107,51
22802379.0,117,50
22802679.0,113,56
22802772.0,107,50
22803240.0,113,50
22803286.0,112,50
22803384.0,102,57
22803386.0,103,56
22803446.0,108,50
22803627.0,104,51
22803746.0,103,51
22803753.0,118,54
22803805.0,113,53
22804021.0,115,53
22804114.0,117,57
22804226.0,107,47
22804265.0,116,50
22804281.0,106,48
22804622.0,119,53
22804678.0,116,48
22804934.0,117,52
22804975.0,112,52
22805062.0,105,50
22805175.0,117,50
22805201.0,111,50
22805308.0,105,49
22805349.0,108,49
22805357.0,119,51
22805387.0,113,52
22805642.0,117,51
22805710.0,106,49
22805751.0,118,49
22806175.0,108,47
22806395.0,107,51
22806660.0,105,51
22806976.0,102,54
22806985.0,119,52
22807061.0,114,51
22807391.0,117,48
22807490.0,115,48
22807587.0,119,51
22807652.0,106,48
22807886.0,117,49
22807990.0,106,52
22807992.0,119,55
22808045.0,116,56
22808063.0,116,55
22808222.0,104,50
22808293.0,105,49
22808484.0,118,50
22808786.0,119,52
22808858.0,118,53
22809453.0,116,57
22809669.0,117,54
22809806.0,116,51
22809936.0,119,52
22810000.0,118,49
22810097.0,116,50
22810166.0,101,72
22810445.0,117,48
22810496.0,114,58
22810513.0,108,51
22810572.0,108,52
22810652.0,119,50
22810661.0,118,53
22810831.0,107,50
22810864.0,102,53
22811051.0,116,49
22811411.0,103,52
22811474.0,117,49
22811572.0,117,51
22811580.0,105,80
22811757.0,106,47
22811787.0,115,52
22812344.0,104,50
22812409.0,106,51
22812461.0,103,51
22812570.0,114,49
22812630.0,114,53
22813058.0,110,60
22813121.0,107,47
22813163.0,118,55
22813584.0,108,48
22813775.0,107,49
22813806.0,117,56
22813842.0,117,54
22813846.0,106,52
22813906.0,112,56
22813969.0,116,54
22814132.0,101,56
22814183.0,115,55
22814258.0,115,49
22814299.0,117,53
22814364.0,111,59
22814469.0,106,51
22814514.0,113,48
22814562.0,115,52
22814676.0,116,48
22814820.0,116,51
22815026.0,115,53
22815142.0,114,55
22815213.0,115,47
22815285.0,104,49
22815286.0,116,57
22815326.0,101,57
22815347.0,105,52
22815384.0,102,54
22815565.0,107,47
22815635.0,118,52
22816133.0,107,51
22816151.0,107,48
22816241.0,111,49
22816333.0,103,51
22816416.0,117,53
22816597.0,101,55
22816702.0,106,50
22816945.0,108,47
22816992.0,117,58
22817055.0,113,50
22817096.0,118,51
22817202.0,114,47
22817322.0,112,52
22817376.0,115,49
22817452.0,108,47
22817629.0,116,49
22817660.0,68,59
22817714.0,110,49
22817743.0,108,49
22817877.0,117,50
22818062.0,117,48
22818105.0,116,56
22818136.0,114,49
22818268.0,102,52
22818411.0,105,51
22818437.0,117,52
22818450.0,68,59
22818586.0,107,51
22818691.0,116,51
22818694.0,107,49
22818899.0,101,52
22818999.0,112,53
22819171.0,116,50
22819205.0,106,52
22819221.0,110,60
22819299.0,115,48
22819337.0,115,51
22819393.0,101,52
22819402.0,114,52
22819615.0,105,47
22819659.0,106,49
22819705.0,117,52
22819726.0,102,58
22819817.0,114,51
22819826.0,113,47
22820039.0,117,55
22820068.0,101,54
22820078.0,111,52
22820366.0,117,52
22820407.0,116,48
22820412.0,117,49
22820481.0,116,53
22820528.0,114,54
22820600.0,105,50
22820622.0,106,48
22820755.0,106,47
22820807.0,103,49
22821279.0,113,55
22821544.0,103,50
22821555.0,105,51
22821566.0,118,51
22821591.0,118,50
22821665.0,113,58
22821665.0,117,49
22821667.0,113,55
22821743.0,109,63
22821855.0,109,50
22822027.0,115,47
22822098.0,104,48
22822194.0,102,51
22822289.0,115,48
22822359.0,113,55
22822369.0,114,51
22822370.0,117,48
22822448.0,104,47
22822510.0,106,51
22822588.0,103,49
22822592.0,114,55
22822820.0,109,49
22822921.0,114,48
22822934.0,113,52
22823116.0,115,50
22823387.0,116,52
22823477.0,107,51
22823483.0,115,56
22823535.0,116,49
22823556.0,112,58
22823650.0,101,70
22823652.0,109,49
22823832.0,111,58
22823904.0,108,50
22823991.0,112,47
22824032.0,112,52
22824038.0,107,52
22824114.0,113,55
22824120.0,111,50
22824140.0,111,58
22824157.0,112,53
22824199.0,117,51
22824463.0,105,50
22824530.0,100,60
22824539.0,110,59
22824545.0,103,48
22824554.0,112,55
22824607.0,106,49
22824640.0,95,88
22824673.0,114,51
22824702.0,104,47
22824707.0,100,58
22824793.0,110,48
22824870.0,116,55
22824884.0,115,53
22824901.0,116,52
22824914.0,109,60
22825005.0,106,49
22825023.0,115,56
22825032.0,108,49
22825041.0,105,52
22825154.0,101,52
22825198.0,110,52
22825292.0,88,80
22825421.0,101,56
22825534.0,88,81
22825719.0,111,55
22825734.0,110,53
22825856.0,96,89
22825928.0,116,55
22825942.0,116,53
22826032.0,106,48
22826133.0,102,57
22826134.0,106,51
22826143.0,111,51
22826234.0,105,47
22826258.0,103,48
22826315.0,116,48
22826363.0,106,48
22826366.0,100,57
22826384.0,104,51
22826407.0,101,54
22826549.0,115,49
22826564.0,114,50
22826636.0,104,50
22826647.0,111,50
22826739.0,114,54
22826745.0,108,61
22826875.0,114,51
22826916.0,115,54
22827011.0,105,49
22827035.0,107,50
22827155.0,100,54
22827217.0,105,48
22827229.0,108,49
22827231.0,87,82
22827288.0,113,52
22827351.0,115,47
22827423.0,112,52
22827482.0,105,51
22827568.0,116,48
22827573.0,107,63
22827577.0,116,49
22827613.0,110,48
22827630.0,115,50
22828042.0,112,48
22828196.0,113,51
22828215.0,109,60
22828251.0,116,51
22828260.0,111,49
22828526.0,103,47
22828595.0,110,59
22828610.0,100,53
22828722.0,116,47
22828724.0,111,53
22828813.0,104,52
22828875.0,110,59
22828945.0,110,50
22828972.0,101,55
22829146.0,114,54
22829150.0,100,56
22829160.0,102,56
22829201.0,114,47
22829264.0,111,58
22829271.0,114,53
22829286.0,114,56
22829347.0,115,52
22829622.0,114,48
22829908.0,116,54
22829995.0,114,52
22830055.0,107,67
22830061.0,116,51
22830095.0,105,51
22830105.0,114,49
22830142.0,111,52
22830178.0,102,50
22830189.0,106,66
22830198.0,107,69
22830241.0,115,48
22830436.0,111,49
22830575.0,104,51
22830604.0,104,50
22830617.0,110,50
22830629.0,112,48
22830643.0,113,51
22830782.0,112,52
22830785.0,114,57
22830804.0,114,50
22830924.0,113,50
22831003.0,100,53
22831016.0,101,51
22831223.0,107,49
22831424.0,110,47
22831449.0,96,88
22831539.0,112,51
22831545.0,116,53
22831567.0,108,51
22831587.0,103,52
22831602.0,106,67
22831633.0,115,48
22831670.0,104,52
22831926.0,108,74
22832035.0,108,51
22832107.0,101,50
22832180.0,108,49
22832183.0,104,47
22832211.0,108,48
22832249.0,109,47
22832406.0,100,54
22832427.0,106,50
22832443.0,107,49
22832557.0,110,58
22832761.0,111,51
22832889.0,100,58
22833030.0,104,49
22833084.0,114,52
22833096.0,103,51
22833103.0,105,51
22833113.0,109,50
22833157.0,103,72
22833173.0,115,47
22833185.0,99,55
22833272.0,109,47
22833278.0,114,48
22833657.0,108,48
22833722.0,111,57
22833746.0,100,55
22833810.0,111,55
22833908.0,114,55
22834030.0,110,52
22834111.0,108,60
22834126.0,103,60
22834279.0,112,50
22834301.0,107,49
22834325.0,110,53
22834448.0,115,54
22834627.0,101,57
22834655.0,101,49
22834760.0,107,61
22834763.0,104,51
22834773.0,113,50
22834807.0,111,51
22834870.0,111,52
22834946.0,110,46
22834948.0,113,53
22834963.0,109,53
22835118.0,113,56
22835135.0,102,47
22835246.0,99,55
22835363.0,103,50
22835369.0,106,50
22835573.0,103,52
22835711.0,111,54
22835722.0,109,59
22835782.0,108,61
22835808.0,109,51
22835843.0,112,51
22835941.0,103,51
22836042.0,108,60
22836098.0,100,51
22836131.0,99,54
22836150.0,104,51
22836170.0,114,51
22836507.0,107,62
22836565.0,53,58
22836681.0,101,48
22836689.0,106,49
22836727.0,108,64
22836759.0,114,48
22836835.0,110,55
22836882.0,114,47
22837151.0,109,47
22837198.0,108,47
22837202.0,105,50
22837267.0,113,52
22837365.0,109,58
22837432.0,112,49
22837631.0,99,53
22837634.0,94,80
22837677.0,113,53
22837699.0,107,48
22837729.0,93,80
22837771.0,103,52
22837823.0,100,50
22837855.0,102,50
22837940.0,102,52
22837952.0,101,49
22837957.0,110,48
22837981.0,111,57
22837992.0,114,54
22838142.0,100,53
22838200.0,113,55
22838205.0,108,59
22838228.0,107,64
22838261.0,102,50
22838290.0,103,49
22838404.0,106,49
22838471.0,102,52
22838483.0,111,50
22838484.0,111,51
22838522.0,112,56
22838533.0,112,50
22838534.0,110,51
22838575.0,93,81
22838596.0,103,48
22838618.0,101,52
22838631.0,106,65
22838663.0,93,82
22838697.0,107,65
22838714.0,99,52
22839038.0,114,55
22839066.0,113,49
22839139.0,112,48
22839236.0,101,48
22839247.0,110,52
22839285.0,114,51
22839302.0,115,54
22839303.0,108,51
22839317.0,103,52
22839415.0,114,54
22839584.0,92,82
22839617.0,113,52
22839630.0,105,50
22839646.0,101,47
22839648.0,114,50
22839708.0,106,68
22839777.0,110,58
22839830.0,109,46
22839871.0,100,50
22839967.0,108,52
22840007.0,103,51
22840014.0,109,58
22840089.0,115,53
22840190.0,111,45
22840403.0,113,47
22840432.0,102,51
22840450.0,107,51
22840477.0,113,55
22840684.0,105,49
22840764.0,113,51
22840767.0,100,49
22840827.0,98,62
22840844.0,109,52
22840881.0,111,49
22841002.0,101,60
22841053.0,110,54
22841082.0,106,61
22841240.0,98,57
22841350.0,107,47
22841387.0,107,48
22841436.0,113,52
22841569.0,111,53
22841642.0,103,51
22841799.0,99,53
22841824.0,112,49
22841837.0,98,53
22841881.0,104,50
22841958.0,98,56
22841963.0,111,54
22842000.0,91,89
22842008.0,99,51
22842045.0,112,52
22842064.0,102,50
22842085.0,109,51
22842111.0,109,52
22842180.0,111,49
22842194.0,111,51
22842297.0,111,50
22842323.0,107,47
22842426.0,101,59
22842560.0,106,48
22842646.0,105,49
22842744.0,110,50
22842818.0,110,55
22842997.0,110,51
22843013.0,98,54
22843042.0,100,54
22843232.0,104,74
22843297.0,113,50
22843325.0,107,49
22843401.0,101,52
22843505.0,108,58
22843518.0,106,63
22843562.0,102,52
22843582.0,99,54
22843612.0,108,52
22843669.0,110,57
22843835.0,102,48
22843907.0,100,47
22843949.0,108,46
22843995.0,102,49
22844161.0,114,50
22844177.0,111,48
22844231.0,107,60
22844274.0,112,55
22844338.0,116,50
22844369.0,105,62
22844468.0,99,50
22844530.0,106,64
22844545.0,110,45
22844624.0,100,49
22844674.0,109,51
22844744.0,98,55
22844764.0,98,53
22844951.0,105,67
22844963.0,107,52
22844984.0,108,49
22845013.0,109,50
22845100.0,111,49
22845113.0,112,51
22845123.0,105,66
22845186.0,106,51
22845272.0,114,53
22845292.0,108,45
22845302.0,111,45
22845362.0,108,72
22845462.0,99,56
22845462.0,110,49
22845491.0,101,50
22845518.0,104,50
22845582.0,101,51
22845743.0,103,73
22845749.0,98,59
22845817.0,113,50
22845841.0,109,47
22846005.0,99,55
22846023.0,105,48
22846098.0,111,49
22846105.0,113,49
22846212.0,113,53
22846227.0,102,51
22846378.0,110,56
22846423.0,106,50
22846436.0,110,53
22846594.0,103,52
22846644.0,108,52
22846681.0,94,81
22846759.0,114,52
22846770.0,108,47
22846805.0,113,54
22846875.0,104,66
22846912.0,109,57
22846918.0,109,45
22846918.0,93,81
22846928.0,110,50
22847018.0,109,51
22847042.0,82,93
22847055.0,103,51
22847238.0,110,45
22847251.0,108,58
22847295.0,108,51
22847361.0,110,48
22847382.0,112,52
22847522.0,105,51
22847567.0,112,50
22847574.0,98,60
22847631.0,108,51
22847678.0,101,48
22847772.0,97,89
22847773.0,104,49
22847833.0,108,58
22847834.0,102,51
22847857.0,99,48
22847864.0,106,50
22847889.0,103,50
22848080.0,101,49
22848151.0,108,52
22848156.0,98,51
22848209.0,107,45
22848287.0,108,45
22848371.0,111,52
22848467.0,65,122
22848480.0,109,50
22848595.0,111,48
22848605.0,111,52
22848644.0,106,49
22848806.0,106,50
22848832.0,109,45
22848885.0,109,50
22848938.0,107,46
22848954.0,111,45
22848988.0,106,46
22848996.0,109,49
22849014.0,106,60
22849030.0,113,49
22849033.0,99,47
22849069.0,110,45
22849077.0,107,59
22849098.0,113,53
22849132.0,110,49
22849248.0,108,51
22849283.0,104,48
22849306.0,113,52
22849420.0,113,48
22849429.0,101,50
22849450.0,108,60
22849517.0,101,52
22849530.0,111,51
22849550.0,65,122
22849566.0,111,55
22849707.0,99,49
22849714.0,109,51
22849716.0,110,55
22849741.0,105,47
22849750.0,107,52
22849809.0,110,52
22849819.0,97,54
22849830.0,98,54
22849850.0,112,49
22849919.0,111,51
22849926.0,97,55
22849997.0,98,50
22850020.0,106,62
22850030.0,99,62
22850073.0,98,51
22850129.0,99,57
22850157.0,97,57
22850304.0,108,50
22850361.0,109,57
22850387.0,105,51
22850418.0,106,64
22850433.0,106,59
22850467.0,103,49
22850476.0,110,47
22850479.0,109,50
22850481.0,109,54
22850511.0,114,47
22850593.0,62,50
22850622.0,110,53
22850679.0,109,53
22850698.0,98,52
22850755.0,111,52
22850807.0,100,59
22850810.0,104,62
22850871.0,97,53
22850908.0,100,52
22850919.0,107,45
22850975.0,111,46
22851055.0,105,50
22851154.0,111,48
22851207.0,109,53
22851228.0,106,49
22851231.0,107,52
22851284.0,93,82
22851288.0,109,48
22851341.0,106,63
22851347.0,105,46
22851362.0,98,49
22851433.0,99,48
22851436.0,102,50
22851437.0,102,51
22851498.0,110,56
22851580.0,106,52
22851614.0,108,51
22851759.0,112,53
22851768.0,10,80
22851781.0,100,47
22851855.0,106,45
22851869.0,100,51
22851910.0,106,60
22851913.0,110,56
22851986.0,101,51
22852087.0,110,49
22852125.0,111,47
22852189.0,105,61
22852226.0,100,72
22852254.0,103,49
22852257.0,110,48
22852274.0,107,51
22852370.0,109,55
22852382.0,110,54
22852401.0,111,50
22852531.0,112,52
22852535.0,98,48
22852574.0,94,79
22852625.0,105,50
22852715.0,99,70
22852738.0,100,50
22852792.0,100,48
22852811.0,86,89
22852892.0,100,49
22852908.0,111,50
22853047.0,95,80
22853056.0,110,53
22853171.0,94,80
22853192.0,98,47
22853193.0,95,80
22853286.0,109,44
22853418.0,111,54
22853487.0,109,47
22853541.0,109,56
22853550.0,97,64
22853556.0,110,46
22853570.0,111,51
22853730.0,110,55
22853764.0,108,54
22853782.0,109,49
22853834.0,108,53
22853865.0,3,48
22853884.0,110,45
22853888.0,104,51
22853982.0,97,53
22854034.0,98,55
22854196.0,105,49
22854220.0,107,58
22854280.0,110,47
22854324.0,107,50
22854339.0,110,51
22854341.0,98,47
22854441.0,111,49
22854768.0,97,52
22854855.0,104,50
22854862.0,97,51
22855098.0,109,52
22855125.0,95,90
22855128.0,99,47
22855151.0,110,47
22855162.0,103,48
22855168.0,108,58
22855218.0,107,57
22855265.0,112,52
22855282.0,108,50
22855305.0,107,52
22855344.0,108,48
22855413.0,98,48
22855495.0,97,54
22855521.0,106,44
22855657.0,97,56
22855672.0,97,66
22855710.0,109,48
22855803.0,107,50
22855813.0,105,45
22855851.0,107,51
22855907.0,105,46
22855976.0,99,48
22855981.0,104,46
22856101.0,101,50
22856104.0,97,55
22856107.0,102,72
22856120.0,111,48
22856214.0,97,50
22856226.0,104,51
22856258.0,96,56
22856260.0,111,53
22856371.0,99,52
22856405.0,99,51
22856468.0,106,51
22856481.0,99,53
22856495.0,111,53
22856512.0,105,51
22856525.0,110,51
22856528.0,110,50
22856536.0,97,51
22856547.0,98,57
22856550.0,113,51
22856564.0,97,49
22856694.0,104,67
22856702.0,99,49
22856746.0,108,49
22856755.0,108,56
22856762.0,109,53
22856773.0,102,62
22856787.0,99,53
22856789.0,96,54
22856796.0,102,49
22856829.0,89,86
22856831.0,84,91
22856937.0,111,47
22857015.0,106,52
22857046.0,108,47
22857091.0,96,53
22857098.0,107,49
22857163.0,99,60
22857201.0,110,52
22857217.0,110,54
22857292.0,99,59
22857309.0,111,53
22857315.0,108,45
22857418.0,97,48
22857433.0,102,48
22857470.0,103,47
22857504.0,106,44
22857561.0,94,90
22857590.0,107,60
22857590.0,100,60
22857617.0,101,58
22857618.0,106,47
22857630.0,101,50
22857645.0,101,51
22857682.0,109,45
22857687.0,100,51
22857690.0,109,47
22857698.0,103,51
22857742.0,100,61
22857767.0,104,50
22857785.0,107,50
22857792.0,109,51
22857845.0,108,52
22858022.0,96,55
22858061.0,99,50
22858072.0,96,52
22858147.0,96,90
22858167.0,96,57
22858168.0,89,81
22858206.0,105,52
22858254.0,104,49
22858261.0,97,47
22858365.0,110,49
22858469.0,111,50
22858485.0,88,81
22858556.0,107,60
22858569.0,105,60
22858574.0,99,49
22858583.0,109,52
22858643.0,107,53
22858760.0,107,56
22858801.0,98,47
22858812.0,107,57
22858818.0,106,50
22858820.0,110,51
22858850.0,108,53
22858898.0,104,68
22858974.0,96,56
22859065.0,109,46
22859195.0,111,52
22859213.0,108,48
22859231.0,109,55
22859263.0,103,74
22859339.0,101,49
22859359.0,107,50
22859442.0,106,51
22859459.0,110,50
22859464.0,97,57
22859481.0,106,58
22859491.0,108,46
22859493.0,109,50
22859494.0,102,50
22859525.0,99,52
22859542.0,102,73
22859623.0,105,64
22859828.0,107,48
22859856.0,96,51
22859912.0,96,52
22859928.0,96,53
22859934.0,108,48
22859938.0,109,47
22859954.0,99,48
22859959.0,104,69
22860012.0,97,48
22860083.0,47,96
22860089.0,104,45
22860092.0,110,48
22860135.0,100,51
22860149.0,106,54
22860194.0,106,50
22860273.0,107,48
22860286.0,99,50
22860349.0,107,49
22860359.0,108,49
22860387.0,101,74
22860439.0,110,53
22860452.0,110,50
22860486.0,110,47
22860506.0,62,47
22860526.0,111,50
22860547.0,107,47
22860589.0,107,52
22860627.0,100,52
22860705.0,105,51
22860720.0,102,47
22860786.0,98,53
22860788.0,106,49
22860847.0,98,48
22860852.0,98,52
22860948.0,111,51
22861037.0,110,47
22861045.0,109,51
22861127.0,105,51
22861215.0,76,58
22861400.0,106,57
22861438.0,99,53
22861487.0,108,47
22861544.0,95,80
22861556.0,99,72
22861587.0,106,44
22861666.0,96,49
22861724.0,101,63
22861770.0,95,80
22861812.0,107,47
22861816.0,107,44
22861828.0,106,49
22861944.0,44,118
22861953.0,96,48
22861973.0,103,58
22862021.0,103,62
22862054.0,106,50
22862063.0,96,50
22862073.0,104,65
22862133.0,86,84
22862157.0,109,54
22862162.0,97,59
22862166.0,107,56
22862185.0,108,45
22862251.0,98,51
22862290.0,106,58
22862313.0,109,49
22862330.0,105,59
22862445.0,95,80
22862461.0,108,51
22862470.0,96,51
22862567.0,105,52
22862606.0,108,55
22862616.0,44,118
22862638.0,108,52
22862690.0,108,44
22862874.0,105,64
22862892.0,105,63
22862924.0,97,47
22862987.0,104,63
22863011.0,107,46
22863023.0,102,46
22863059.0,106,53
22863065.0,106,44
22863091.0,98,71
22863107.0,101,48
22863190.0,96,48
22863198.0,104,52
22863240.0,105,50
22863253.0,96,54
22863253.0,105,63
22863303.0,98,50
22863322.0,101,49
22863393.0,107,49
22863555.0,94,84
22863559.0,105,60
22863633.0,102,50
22863648.0,98,60
22863721.0,106,57
22863744.0,108,47
22863746.0,105,44
22863791.0,108,50
22863793.0,106,48
22863798.0,95,56
22863824.0,44,117
22863827.0,105,51
22863852.0,104,67
22863857.0,103,48
22863866.0,103,45
22863890.0,109,50
22863958.0,109,47
22864070.0,105,58
22864078.0,109,45
22864194.0,107,48
22864203.0,106,50
22864264.0,109,48
22864324.0,97,48
22864330.0,95,53
22864369.0,96,55
22864406.0,95,81
22864417.0,107,53
22864438.0,107,44
22864442.0,104,62
22864484.0,108,51
22864495.0,106,49
22864507.0,106,47
22864532.0,102,74
22864564.0,107,52
22864651.0,105,59
22864751.0,95,52
22864767.0,99,52
22864804.0,99,51
22864824.0,95,51
22864842.0,95,54
22865010.0,110,51
22865067.0,105,63
22865105.0,97,58
22865138.0,107,47
22865186.0,100,49
22865195.0,107,52
22865286.0,109,53
22865392.0,106,56
22865448.0,105,63
22865450.0,103,44
22865487.0,107,51
22865516.0,95,50
22865529.0,107,72
22865530.0,104,64
22865599.0,108,54
22865606.0,101,72
22865627.0,108,49
22865649.0,104,51
22865663.0,104,52
22865681.0,109,53
22865684.0,110,50
22865697.0,107,52
22865745.0,106,44
22865799.0,106,63
22865813.0,106,49
22865872.0,109,47
22865885.0,107,45
22865906.0,99,50
22865926.0,106,52
22865945.0,107,56
22865965.0,94,81
22865982.0,103,75
22866000.0,107,52
22866020.0,108,51
22866058.0,105,49
22866060.0,100,48
22866315.0,109,53
22866346.0,107,51
22866440.0,98,59
22866446.0,97,53
22866447.0,95,53
22866466.0,105,54
22866471.0,102,45
22866531.0,97,60
22866582.0,109,51
22866642.0,103,62
22866764.0,101,46
22866896.0,102,62
22866899.0,105,50
22866948.0,106,48
22866952.0,97,52
22866990.0,95,49
22866994.0,97,61
22867051.0,96,58
22867083.0,102,50
22867186.0,88,88
22867193.0,108,50
22867202.0,95,50
22867246.0,106,46
22867267.0,105,44
22867276.0,103,44
22867292.0,97,50
22867303.0,107,55
22867306.0,109,52
22867309.0,103,68
22867311.0,104,50
22867395.0,97,49
22867472.0,105,48
22867476.0,71,57
22867476.0,95,58
22867532.0,103,52
22867565.0,95,55
22867566.0,101,47
22867575.0,107,46
22867576.0,89,86
22867581.0,106,46
22867606.0,96,60
22867688.0,108,48
22867719.0,106,48
22867755.0,107,50
22867819.0,103,50
22867864.0,95,52
22867867.0,108,50
22867870.0,106,44
22867909.0,96,56
22867998.0,98,51
22868176.0,103,61
22868189.0,99,50
22868256.0,101,46
22868263.0,99,49
22868268.0,106,56
22868271.0,98,52
22868380.0,107,47
22868429.0,104,44
22868433.0,108,47
22868443.0,96,48
22868468.0,104,50
22868511.0,107,44
22868515.0,108,48
22868522.0,106,56
22868546.0,95,78
22868549.0,68,52
22868552.0,105,61
22868598.0,103,67
22868600.0,106,47
22868634.0,104,63
22868749.0,96,57
22868795.0,105,47
22868820.0,95,57
22868830.0,94,53
22868869.0,104,51
22868873.0,100,72
22868970.0,98,71
22868977.0,106,45
22869051.0,105,49
22869142.0,107,51
22869150.0,99,51
22869185.0,102,44
22869234.0,106,56
22869485.0,94,56
22869491.0,107,49
22869507.0,101,73
22869526.0,108,54
22869657.0,100,47
22869854.0,104,49
22869870.0,93,52
22869893.0,105,46
22869943.0,104,69
22869991.0,96,90
22870002.0,99,49
22870103.0,103,62
22870123.0,94,55
22870129.0,94,54
22870175.0,94,51
22870292.0,100,62
22870320.0,106,51
22870337.0,104,66
22870339.0,105,69
22870357.0,108,47
22870376.0,109,50
22870392.0,98,60
22870462.0,94,48
22870472.0,106,55
22870476.0,107,51
22870489.0,94,52
22870493.0,100,46
22870507.0,107,54
22870530.0,106,46
22870532.0,98,50
22870549.0,108,49
22870608.0,98,72
22870619.0,94,53
22870621.0,71,55
22870657.0,103,66
22870751.0,94,50
22870757.0,106,52
22870779.0,97,52
22870785.0,96,49
22870788.0,105,57
22870808.0,106,44
22870821.0,97,63
22870826.0,99,48
22870970.0,96,59
22871006.0,101,48
22871010.0,105,52
22871015.0,103,66
22871035.0,105,48
22871054.0,105,57
22871094.0,70,59
22871094.0,103,44
22871135.0,95,48
22871139.0,97,72
22871193.0,104,50
22871194.0,104,48
22871202.0,98,50
22871332.0,97,53
22871422.0,95,60
22871490.0,93,77
22871494.0,98,51
22871511.0,103,52
22871559.0,105,53
22871612.0,105,56
22871748.0,98,76
22871835.0,104,63
22871876.0,103,50
22871935.0,108,53
22871964.0,102,62
22872022.0,107,50
22872053.0,107,47
22872069.0,96,50
22872076.0,106,47
22872079.0,105,57
22872099.0,101,45
22872132.0,99,73
22872154.0,102,63
22872156.0,98,49
22872176.0,107,48
22872187.0,94,50
22872196.0,106,50
22872219.0,108,52
22872229.0,107,52
22872315.0,104,58
22872355.0,105,44
22872423.0,94,49
22872436.0,96,52
22872440.0,103,82
22872446.0,101,49
22872466.0,107,46
22872467.0,102,62
22872491.0,95,48
22872534.0,105,47
22872724.0,107,48
22872827.0,95,82
22872843.0,97,70
22872860.0,107,46
22873065.0,101,44
22873148.0,103,62
22873173.0,103,49
22873181.0,103,60
22873235.0,105,45
22873245.0,106,49
22873294.0,105,51
22873333.0,97,51
22873442.0,96,53
22873451.0,103,51
22873486.0,104,49
22873493.0,108,51
22873502.0,104,47
22873567.0,106,49
22873597.0,105,49
22873606.0,54,61
22873647.0,107,53
22873681.0,99,75
22873736.0,100,45
22873763.0,107,46
22873780.0,102,62
22873837.0,97,71
22873943.0,104,67
22873968.0,104,46
22873988.0,95,56
22873999.0,105,46
22874071.0,104,57
22874196.0,107,49
22874203.0,93,49
22874247.0,94,58
22874275.0,99,46
22874379.0,106,54
22874393.0,97,71
22874432.0,106,51
22874463.0,93,54
22874538.0,106,55
22874550.0,93,48
22874572.0,94,55
22874587.0,93,56
22874692.0,104,48
22874715.0,94,59
22874740.0,105,46
22874748.0,105,55
22874749.0,93,53
22874755.0,93,49
22874768.0,107,47
22874785.0,94,48
22874796.0,98,48
22874814.0,93,50
22874832.0,97,52
22874937.0,108,50
22874972.0,102,44
22874997.0,95,49
22875016.0,95,50
22875055.0,94,52
22875130.0,106,50
22875147.0,106,48
22875279.0,107,52
22875381.0,105,56
22875444.0,93,52
22875454.0,96,53
22875580.0,106,49
22875642.0,93,50
22875643.0,94,56
22875670.0,93,54
22875744.0,93,51
22875750.0,104,47
22875755.0,106,46
22875780.0,88,86
22875968.0,106,47
22875984.0,93,52
22876068.0,104,58
22876098.0,104,44
22876133.0,102,50
22876146.0,104,52
22876155.0,105,50
22876185.0,104,57
22876205.0,96,52
22876235.0,103,68
22876285.0,93,57
22876289.0,104,53
22876347.0,104,45
22876370.0,107,49
22876410.0,103,47
22876419.0,95,52
22876501.0,95,63
22876525.0,93,52
22876532.0,102,61
22876567.0,103,53
22876597.0,103,48
22876635.0,100,48
22876636.0,93,53
22876694.0,103,61
22876814.0,93,54
22876833.0,95,50
22876883.0,99,45
22876918.0,95,58
22876931.0,105,47
22876943.0,108,49
22876991.0,103,53
22877010.0,105,55
22877048.0,103,49
22877070.0,90,86
22877096.0,102,74
22877118.0,93,51
22877148.0,98,52
22877153.0,97,49
22877298.0,106,49
22877311.0,104,46
22877341.0,97,51
22877343.0,95,53
22877368.0,94,49
22877384.0,106,54
22877410.0,106,50
22877506.0,103,59
22877515.0,101,73
22877538.0,106,53
22877547.0,103,46
22877569.0,106,54
22877586.0,102,73
22877590.0,102,49
22877606.0,99,50
22877765.0,105,49
22877878.0,104,56
22877891.0,90,87
22877936.0,104,51
22877965.0,94,60
22878231.0,107,51
22878291.0,95,51
22878329.0,94,54
22878464.0,105,51
22878501.0,93,59
22878508.0,107,51
22878644.0,98,53
22878722.0,106,49
22878903.0,103,58
22878925.0,92,51
22878951.0,107,49
22879057.0,100,67
22879071.0,89,86
22879154.0,103,52
22879157.0,100,68
22879161.0,104,52
22879165.0,99,49
22879220.0,107,51
22879260.0,93,55
22879341.0,93,48
22879380.0,102,48
22879392.0,104,46
22879414.0,103,48
22879426.0,92,50
22879467.0,99,50
22879515.0,105,54
22879542.0,103,44
22879545.0,102,68
22879659.0,95,53
22879692.0,102,53
22879698.0,94,50
22879721.0,103,47
22879732.0,107,50
22879738.0,103,45
22879765.0,105,47
22879837.0,96,52
22879931.0,102,62
22879931.0,102,47
22879980.0,101,63
22879991.0,105,50
22880023.0,103,59
22880105.0,102,67
22880111.0,98,45
22880134.0,98,62
22880304.0,92,55
22880350.0,92,54
22880451.0,96,51
22880481.0,96,50
22880495.0,92,52
22880587.0,106,52
22880662.0,94,49
22880693.0,93,49
22880704.0,92,51
22880773.0,99,48
22880793.0,101,50
22880799.0,102,49
22880875.0,105,52
22880895.0,105,46
22880950.0,103,46
22880964.0,101,51
22881029.0,99,68
22881037.0,92,56
22881048.0,96,49
22881059.0,93,56
22881061.0,92,57
22881121.0,102,63
22881159.0,99,49
22881188.0,97,47
22881194.0,97,49
22881212.0,99,44
22881318.0,93,57
22881366.0,102,48
22881406.0,104,55
22881410.0,105,49
22881563.0,94,52
22881578.0,103,53
22881704.0,104,49
22881779.0,101,49
22881782.0,94,51
22881809.0,103,64
22881830.0,102,61
22881879.0,68,54
22881951.0,101,51
22881954.0,103,66
22882018.0,102,46
22882049.0,103,58
22882151.0,104,51
22882180.0,94,58
22882186.0,93,49
22882210.0,94,53
22882230.0,101,49
22882311.0,105,49
22882318.0,95,53
22882323.0,96,49
22882338.0,100,44
22882345.0,97,46
22882345.0,100,74
22882381.0,97,48
22882410.0,103,58
22882432.0,91,50
22882446.0,101,51
22882473.0,95,52
22882518.0,87,83
22882557.0,96,61
22882624.0,95,83
22882652.0,105,53
22882665.0,95,51
22882689.0,101,51
22882832.0,98,44
22882871.0,92,53
22882871.0,100,44
22882906.0,95,57
22882924.0,91,49
22882967.0,92,55
22883003.0,96,48
22883018.0,101,48
22883071.0,98,72
22883136.0,94,54
22883215.0,101,61
22883216.0,97,61
22883247.0,103,46
22883254.0,91,50
22883271.0,105,48
22883273.0,96,50
22883285.0,95,54
22883330.0,102,60
22883335.0,92,52
22883335.0,101,62
22883339.0,103,56
22883340.0,93,50
22883364.0,93,58
22883364.0,95,84
22883500.0,104,56
22883593.0,101,47
22883623.0,100,51
22883645.0,102,60
22883716.0,96,60
22883722.0,91,49
22883791.0,91,51
22883802.0,92,58
22883849.0,93,59
22883948.0,106,50
22883979.0,98,48
22884026.0,98,49
22884101.0,99,72
22884136.0,92,49
22884182.0,104,46
22884197.0,95,50
22884220.0,92,56
22884252.0,102,52
22884313.0,91,52
22884354.0,106,49
22884372.0,104,47
22884381.0,92,57
22884385.0,103,47
22884392.0,101,50
22884403.0,101,46
22884456.0,103,52
22884463.0,97,51
22884493.0,107,49
22884518.0,94,57
22884535.0,97,45
22884540.0,102,47
22884556.0,83,92
22884585.0,95,51
22884633.0,104,54
22884719.0,98,51
22884732.0,102,59
22884733.0,91,51
22884758.0,94,50
22884788.0,102,46
22884789.0,91,53
22884800.0,100,52
22884824.0,99,53
22885133.0,94,50
22885170.0,105,52
22885251.0,93,51
22885257.0,93,52
22885265.0,100,50
22885280.0,95,49
22885458.0,102,45
22885473.0,102,60
22885543.0,94,59
22885697.0,100,49
22885708.0,104,49
22885818.0,100,73
22885826.0,104,48
22885867.0,98,48
22885868.0,102,53
22885987.0,105,50
22886008.0,97,44
22886048.0,101,45
22886081.0,94,53
22886135.0,100,51
22886143.0,103,49
22886147.0,101,53
22886161.0,95,50
22886194.0,91,54
22886210.0,91,56
22886261.0,97,49
22886286.0,95,49
22886318.0,96,46
22886354.0,55,53
22886361.0,94,52
22886407.0,90,50
22886432.0,97,51
22886458.0,103,55
22886492.0,91,55
22886577.0,101,44
22886605.0,103,56
22886627.0,55,53
22886820.0,105,51
22886822.0,101,48
22886874.0,95,48
22886932.0,93,53
22886940.0,91,53
22887013.0,103,51
22887024.0,103,55
22887027.0,90,50
22887121.0,102,46
22887182.0,96,47
22887191.0,93,52
22887215.0,96,45
22887385.0,102,59
22887456.0,102,51
22887462.0,95,59
22887482.0,92,50
22887486.0,103,47
22887523.0,69,66
22887607.0,105,50
22887692.0,106,56
22887820.0,100,48
22887828.0,102,58
22887861.0,103,54
22887872.0,99,52
22887921.0,103,46
22887952.0,95,52
22888011.0,103,55
22888050.0,98,44
22888142.0,93,54
22888183.0,102,56
22888201.0,90,51
22888209.0,97,48
22888261.0,107,58
22888307.0,95,47
22888308.0,102,48
22888323.0,108,58
22888341.0,94,52
22888427.0,101,47
22888439.0,101,46
22888499.0,100,46
22888529.0,103,57
22888535.0,99,47
22888551.0,94,51
22888588.0,103,48
22888615.0,106,74
22888640.0,101,52
22888649.0,94,60
22888882.0,98,47
22888889.0,102,65
22888911.0,91,52
22888945.0,103,50
22888990.0,102,57
22888991.0,99,44
22889055.0,94,50
22889094.0,102,66
22889117.0,101,67
22889154.0,90,52
22889155.0,91,49
22889242.0,92,51
22889296.0,101,51
22889304.0,105,49
22889325.0,94,75
22889345.0,100,45
22889428.0,94,49
22889438.0,91,49
22889500.0,99,49
22889543.0,101,63
22889547.0,100,75
22889606.0,100,44
22889607.0,94,61
22889643.0,95,61
22889669.0,91,50
22889705.0,97,48
22889711.0,99,50
22889720.0,91,86
22889731.0,104,49
22889741.0,95,46
22889810.0,91,56
22889813.0,102,55
22889813.0,103,49
22889856.0,102,52
22889884.0,90,53
22889911.0,93,55
22889941.0,100,48
22889972.0,92,52
22890059.0,89,50
22890069.0,96,72
22890123.0,101,53
22890145.0,92,58
22890355.0,102,56
22890361.0,94,49
22890379.0,101,66
22890456.0,90,91
22890555.0,101,46
22890558.0,96,50
22890567.0,91,85
22890575.0,102,46
22890580.0,96,49
22890599.0,92,59
22890619.0,102,49
22890637.0,98,44
22890643.0,105,48
22890727.0,91,54
22890768.0,98,52
22890799.0,91,87
22890849.0,102,51
22890924.0,92,53
22890958.0,93,54
22891001.0,90,51
22891004.0,93,57
22891011.0,93,55
22891014.0,89,51
22891021.0,90,55
22891034.0,103,53
22891140.0,93,52
22891148.0,102,48
22891157.0,93,60
22891193.0,99,47
22891233.0,104,51
22891258.0,95,45
22891285.0,92,57
22891335.0,94,51
22891384.0,100,53
22891448.0,100,63
22891476.0,96,62
22891490.0,93,53
22891542.0,102,47
22891544.0,93,61
22891559.0,100,49
22891564.0,100,46
22891616.0,97,44
22891768.0,89,51
22891799.0,102,74
22891801.0,101,51
22891811.0,100,62
22891815.0,97,51
22891821.0,93,62
22891850.0,103,49
22891912.0,90,56
22891917.0,99,50
22892092.0,99,51
22892114.0,90,54
22892134.0,91,59
22892149.0,91,51
22892182.0,53,54
22892209.0,101,59
22892224.0,89,52
22892227.0,93,59
22892254.0,96,51
22892425.0,90,52
22892436.0,93,51
22892453.0,96,81
22892454.0,91,51
22892467.0,88,81
22892494.0,102,46
22892572.0,90,53
22892592.0,90,50
22892606.0,90,87
22892734.0,89,51
22892779.0,100,46
22892822.0,92,53
22892865.0,90,57
22892906.0,90,55
22892942.0,92,54
22892945.0,98,51
22892971.0,95,44
22893019.0,88,89
22893046.0,102,54
22893096.0,99,45
22893124.0,89,53
22893139.0,96,44
22893166.0,93,50
22893182.0,103,48
22893207.0,96,50
22893220.0,93,52
22893288.0,93,55
22893395.0,91,51
22893399.0,92,53
22893435.0,98,70
22893469.0,101,50
22893504.0,91,50
22893540.0,94,50
22893617.0,104,49
22893638.0,91,58
22893644.0,93,49
22893652.0,89,52
22893656.0,90,56
22893687.0,89,87
22893766.0,99,49
22893770.0,99,45
22893837.0,101,57
22893943.0,98,50
22894000.0,102,68
22894162.0,88,88
22894277.0,104,50
22894320.0,106,75
22894323.0,101,58
22894361.0,91,52
22894365.0,90,50
22894382.0,89,53
22894391.0,93,50
22894526.0,94,46
22894677.0,92,80
22894720.0,102,49
22894723.0,101,68
22894815.0,95,49
22894837.0,95,50
22894875.0,89,52
22894899.0,88,51
22894902.0,100,53
22894906.0,98,51
22894910.0,93,53
22894927.0,91,53
22894979.0,101,56
22895001.0,91,57
22895022.0,93,51
22895109.0,101,51
22895125.0,90,51
22895139.0,99,53
22895163.0,69,53
22895273.0,103,51
22895308.0,99,47
22895314.0,101,68
22895353.0,89,50
22895354.0,98,47
22895404.0,92,54
22895428.0,93,47
22895524.0,95,47
22895584.0,98,44
22895705.0,102,53
22895777.0,93,48
22895791.0,98,48
22895914.0,100,51
22895998.0,106,72
22896016.0,101,61
22896052.0,101,55
22896053.0,94,45
22896135.0,88,52
22896160.0,90,51
22896174.0,96,72
22896189.0,91,56
22896199.0,95,72
22896206.0,102,51
22896227.0,98,45
22896244.0,101,67
22896358.0,89,53
22896374.0,102,50
22896379.0,92,53
22896381.0,100,48
22896480.0,101,46
22896490.0,97,52
22896568.0,98,46
22896569.0,103,52
22896644.0,93,46
22896692.0,99,46
22896722.0,89,54
22896852.0,90,58
22896875.0,101,51
22896893.0,92,61
22896978.0,95,44
22896996.0,97,51
22897025.0,90,88
22897087.0,89,56
22897161.0,91,53
22897169.0,93,52
22897175.0,90,56
22897193.0,91,60
22897213.0,92,51
22897269.0,97,51
22897339.0,101,51
22897345.0,101,68
22897352.0,100,52
22897358.0,98,50
22897495.0,86,90
22897519.0,89,51
22897538.0,103,50
22897541.0,100,60
22897544.0,101,51
22897556.0,92,50
22897632.0,91,54
22897676.0,92,52
22897685.0,90,57
22897836.0,97,50
22897846.0,90,52
22897878.0,94,49
22898017.0,93,45
22898025.0,96,44
22898053.0,97,51
22898066.0,103,49
22898187.0,100,49
22898209.0,102,48
22898222.0,102,53
22898241.0,97,50
22898261.0,94,51
22898364.0,92,50
22898372.0,99,52
22898476.0,97,51
22898544.0,96,45
22898572.0,100,46
22898638.0,91,55
22898675.0,100,65
22898703.0,101,50
22898723.0,89,56
22898765.0,97,66
22898786.0,101,54
22898801.0,89,51
22898877.0,89,55
22898889.0,97,50
22898894.0,88,52
22898934.0,100,48
22898979.0,96,48
22898999.0,100,50
22899039.0,91,59
22899041.0,97,47
22899065.0,98,46
22899099.0,100,67
22899137.0,90,55
22899228.0,88,53
22899286.0,88,54
22899353.0,97,52
22899361.0,101,52
22899387.0,94,50
22899460.0,98,73
22899516.0,92,59
22899520.0,90,53
22899531.0,91,59
22899622.0,102,52
22899677.0,87,52
22899723.0,92,60
22899762.0,100,59
22899765.0,100,51
22899794.0,99,51
22899826.0,93,61
22899832.0,112,59
22899901.0,102,52
22900049.0,95,50
22900138.0,91,58
22900147.0,96,52
22900157.0,102,51
22900238.0,100,56
22900322.0,92,46
22900326.0,92,47
22900414.0,89,57
22900430.0,101,48
22900473.0,87,52
22900483.0,92,52
22900613.0,91,53
22900637.0,101,64
22900672.0,94,47
22900682.0,98,46
22900686.0,101,57
22900694.0,97,45
22900709.0,90,60
22900711.0,97,48
22900802.0,97,46
22900824.0,90,53
22900854.0,88,55
22900875.0,98,53
22900878.0,90,52
22900912.0,102,48
22900946.0,91,51
22900973.0,101,68
22900975.0,94,65
22900997.0,97,51
22900997.0,105,71
22900998.0,94,50
22901019.0,91,50
22901023.0,103,48
22901061.0,94,45
22901079.0,101,48
22901084.0,100,57
22901094.0,96,44
22901096.0,100,65
22901101.0,90,53
22901144.0,90,59
22901159.0,89,52
22901164.0,101,53
22901270.0,88,51
22901390.0,92,51
22901393.0,100,50
22901395.0,88,54
22901489.0,91,54
22901551.0,91,53
22901569.0,101,49
22901586.0,102,50
22901611.0,87,53
22901623.0,94,79
22901641.0,92,47
22901753.0,97,50
22901762.0,92,62
22901780.0,93,60
22901783.0,92,45
22901871.0,100,67
22901898.0,96,50
22901989.0,96,51
22902001.0,98,49
22902109.0,99,46
22902222.0,54,59
22902224.0,96,47
22902233.0,96,48
22902243.0,100,68
22902243.0,91,48
22902249.0,98,47
22902259.0,89,59
22902283.0,95,45
22902287.0,100,56
22902327.0,91,52
22902338.0,100,47
22902348.0,63,90
22902362.0,88,56
22902384.0,91,55
22902389.0,89,56
22902441.0,96,45
22902473.0,90,52
22902491.0,99,52
22902499.0,94,45
22902509.0,93,51
22902568.0,97,47
22902636.0,100,55
22902708.0,87,51
22902726.0,91,50
22902749.0,99,47
22902753.0,90,54
22902816.0,93,51
22902872.0,86,52
22902895.0,93,50
22902966.0,89,58
22902981.0,93,52
22902986.0,100,58
22902999.0,87,53
22903005.0,100,47
22903045.0,67,58
22903114.0,91,51
22903121.0,99,50
22903121.0,99,47
22903156.0,100,49
22903220.0,90,58
22903254.0,91,57
22903282.0,93,45
22903305.0,100,55
22903339.0,93,51
22903437.0,99,50
22903471.0,82,93
22903559.0,88,52
22903724.0,96,51
22903766.0,91,45
22903786.0,86,52
22903806.0,93,52
22903887.0,97,46
22903926.0,100,54
22903938.0,99,67
22903965.0,90,55
22903985.0,93,49
22904013.0,91,56
22904063.0,89,59
22904102.0,101,51
22904123.0,91,49
22904156.0,87,90
22904158.0,97,83
22904164.0,98,52
22904217.0,91,46
22904335.0,97,71
22904412.0,100,64
22904444.0,87,54
22904461.0,89,53
22904569.0,100,48
22904581.0,93,46
22904600.0,91,54
22904614.0,99,58
22904627.0,88,52
22904698.0,99,51
22904713.0,89,53
22904744.0,68,52
22904770.0,69,51
22904803.0,100,50
22904834.0,91,60
22904876.0,90,54
22904878.0,95,50
22904932.0,90,51
22904951.0,89,87
22904967.0,93,51
22905131.0,86,53
22905211.0,90,52
22905214.0,91,60
22905226.0,91,53
22905251.0,91,47
22905253.0,91,45
22905263.0,99,65
22905267.0,101,51
22905275.0,90,50
22905308.0,101,48
22905378.0,96,50
22905404.0,89,53
22905421.0,97,53
22905422.0,98,53
22905561.0,91,60
22905598.0,94,51
22905606.0,94,53
22905623.0,90,60
22905624.0,100,53
22905627.0,99,55
22905695.0,98,46
22905712.0,90,53
22905722.0,95,47
22905725.0,92,64
22905733.0,95,53
22905773.0,88,55
22905781.0,101,51
22905793.0,90,49
22905818.0,94,48
22905818.0,87,55
22905844.0,88,56
22905866.0,98,50
22905923.0,90,56
22905930.0,96,47
22905952.0,95,48
22905965.0,89,60
22906058.0,101,50
22906214.0,90,51
22906219.0,98,50
22906226.0,93,51
22906237.0,87,52
22906256.0,87,54
22906260.0,90,48
22906266.0,99,60
22906287.0,92,50
22906371.0,90,47
22906445.0,101,49
22906467.0,89,54
22906470.0,92,45
22906511.0,93,52
22906542.0,101,51
22906552.0,86,91
22906593.0,95,48
22906677.0,98,52
22906751.0,95,52
22906767.0,100,48
22906776.0,100,66
22906777.0,93,45
22906815.0,92,65
22906833.0,101,51
22906845.0,100,49
22906926.0,89,58
22906941.0,90,52
22906950.0,99,52
22906956.0,96,67
22906965.0,96,68
22907007.0,92,52
22907029.0,98,47
22907038.0,86,53
22907085.0,98,51
22907110.0,92,51
22907340.0,99,56
22907397.0,90,46
22907412.0,99,59
22907412.0,90,54
22907423.0,92,62
22907441.0,101,68
22907452.0,98,50
22907464.0,95,50
22907529.0,101,51
22907558.0,96,46
22907559.0,87,56
22907609.0,90,59
22907647.0,86,54
22907689.0,99,58
22907696.0,87,52
22907757.0,100,68
22907774.0,99,55
22907790.0,103,54
22907806.0,88,53
22907823.0,101,51
22907861.0,93,63
22907897.0,96,51
22907934.0,89,55
22907950.0,101,55
22907957.0,88,89
22907962.0,86,52
22908069.0,85,53
22908075.0,91,45
22908080.0,99,55
22908141.0,95,52
22908163.0,90,46
22908188.0,93,50
22908207.0,103,54
22908228.0,86,54
22908258.0,87,55
22908352.0,97,52
22908354.0,97,51
22908514.0,92,46
22908550.0,98,52
22908600.0,99,48
22908621.0,99,54
22908656.0,101,54
22908704.0,88,57
22908714.0,98,51
22908725.0,99,57
22908726.0,87,57
22908892.0,97,46
22909135.0,96,47
22909138.0,100,51
22909202.0,100,48
22909213.0,95,63
22909217.0,92,45
22909245.0,90,56
22909246.0,93,45
22909277.0,99,60
22909291.0,99,51
22909372.0,100,52
22909425.0,70,59
22909445.0,89,51
22909446.0,94,61
22909475.0,87,53
22909509.0,95,45
22909531.0,88,58
22909607.0,92,64
22909623.0,85,54
22909724.0,95,50
22909772.0,94,64
22909856.0,94,45
22909901.0,99,56
22909911.0,99,55
22909914.0,92,46
22909915.0,97,50
22909942.0,93,64
22909948.0,91,50
22909950.0,94,48
22909958.0,93,62
22909973.0,101,55
22909987.0,85,53
22910016.0,88,54
22910026.0,89,49
22910048.0,89,47
22910092.0,92,51
22910158.0,86,55
22910208.0,95,49
22910245.0,94,46
22910303.0,99,55
22910306.0,99,54
22910317.0,95,46
22910324.0,100,50
22910330.0,89,50
22910336.0,94,51
22910397.0,95,50
22910438.0,95,47
22910446.0,91,46
22910456.0,92,61
22910489.0,100,49
22910493.0,89,46
22910527.0,90,55
22910584.0,89,54
22910589.0,97,47
22910598.0,90,61
22910624.0,87,53
22910648.0,101,55
22910667.0,94,46
22910674.0,99,55
22910679.0,92,45
22910698.0,89,55
22910723.0,96,49
22910730.0,95,53
22910736.0,97,49
22910739.0,89,56
22910770.0,95,73
22910827.0,91,49
22910844.0,87,56
22910847.0,100,65
22910901.0,88,55
22910904.0,99,55
22910924.0,86,53
22910945.0,87,53
22910974.0,87,57
22911009.0,99,53
22911081.0,86,56
22911125.0,99,50
22911136.0,91,49
22911201.0,89,56
22911203.0,100,68
22911234.0,94,46
22911250.0,98,49
22911318.0,89,46
22911352.0,90,53
22911354.0,89,52
22911387.0,89,51
22911407.0,92,49
22911408.0,95,44
22911497.0,88,59
22911666.0,98,50
22911820.0,85,54
22911851.0,91,61
22911855.0,97,52
22911864.0,94,46
22911970.0,92,66
22911975.0,92,65
22912057.0,99,64
22912124.0,86,52
22912129.0,84,53
22912139.0,89,53
22912145.0,93,45
22912164.0,55,53
22912177.0,89,60
22912240.0,86,53
22912259.0,89,54
22912355.0,55,53
22912387.0,98,55
22912435.0,96,46
22912442.0,88,55
22912474.0,87,54
22912497.0,99,52
22912626.0,91,52
22912644.0,87,57
22912662.0,85,55
22912681.0,89,47
22912740.0,55,55
22912746.0,86,52
22912792.0,98,48
22912802.0,92,46
22912824.0,91,51
22912857.0,96,51
22912889.0,99,49
22912904.0,95,46
22912962.0,99,51
22913024.0,90,46
22913122.0,86,55
22913125.0,97,48
22913166.0,96,47
22913196.0,91,46
22913238.0,89,55
22913261.0,94,46
22913316.0,88,47
22913338.0,93,48
22913441.0,84,54
22913459.0,89,59
22913559.0,96,49
22913567.0,88,49
22913580.0,93,46
22913608.0,86,57
22913659.0,90,62
22913685.0,96,48
22913786.0,98,56
22913835.0,87,58
22913845.0,98,54
22913858.0,88,50
22913935.0,86,56
22913973.0,88,48
22913995.0,87,54
22914010.0,99,48
22914105.0,99,49
22914177.0,88,51
22914200.0,85,53
22914258.0,99,51
22914280.0,90,60
22914290.0,88,60
22914313.0,99,50
22914330.0,88,52
22914375.0,93,47
22914421.0,97,53
22914474.0,87,58
22914507.0,96,50
22914531.0,91,45
22914554.0,88,47
22914584.0,93,50
22914592.0,88,56
22914606.0,85,55
22914715.0,97,50
22914748.0,95,46
22914790.0,91,49
22914792.0,93,51
22914795.0,98,57
22914892.0,85,56
22914990.0,96,72
22915008.0,94,49
22915014.0,97,49
22915070.0,92,82
22915115.0,91,52
22915184.0,84,54
22915184.0,94,46
22915276.0,88,53
22915328.0,98,58
22915368.0,87,55
22915395.0,92,45
22915472.0,98,55
22915498.0,90,49
22915584.0,86,54
22915588.0,98,59
22915620.0,97,48
22915625.0,93,49
22915639.0,89,46
22915705.0,95,46
22915716.0,93,46
22915735.0,92,46
22915736.0,90,51
22915773.0,87,55
22915805.0,84,55
22915852.0,91,46
22915932.0,89,61
22915954.0,87,59
22915958.0,90,46
22915962.0,88,54
22916033.0,86,57
22916080.0,94,48
22916143.0,98,60
22916152.0,89,60
22916169.0,98,53
22916170.0,89,57
22916172.0,88,55
22916188.0,89,55
22916195.0,88,59
22916224.0,92,52
22916242.0,93,47
22916242.0,97,70
22916258.0,98,62
22916358.0,94,47
22916431.0,97,48
22916559.0,87,55
22916647.0,90,49
22916649.0,95,47
22916811.0,93,46
22916855.0,91,47
22916861.0,84,55
22916864.0,87,47
22916865.0,93,49
22916868.0,90,52
22916879.0,89,54
22916917.0,92,88
22916966.0,92,87
22917113.0,88,84
22917177.0,89,47
22917178.0,90,53
22917279.0,87,48
22917282.0,93,51
22917306.0,88,57
22917308.0,88,61
22917314.0,89,52
22917319.0,95,48
22917322.0,93,50
22917370.0,89,47
22917385.0,87,89
22917387.0,93,53
22917396.0,85,56
22917476.0,85,57
22917500.0,89,57
22917501.0,95,53
22917504.0,98,52
22917519.0,85,54
22917527.0,87,48
22917528.0,91,45
22917531.0,90,61
22917534.0,89,83
22917537.0,87,49
22917595.0,88,56
22917717.0,89,62
22917722.0,88,52
22917739.0,101,77
22917781.0,87,47
22917842.0,94,52
22917847.0,90,55
22917850.0,90,54
22917945.0,90,51
22917959.0,89,49
22917963.0,87,51
22917990.0,86,55
22918012.0,92,49
22918098.0,95,52
22918109.0,95,51
22918133.0,91,50
22918190.0,86,58
22918197.0,104,72
22918224.0,88,52
22918226.0,92,47
22918281.0,89,48
22918285.0,91,66
22918307.0,87,52
22918316.0,88,49
22918320.0,94,49
22918325.0,83,55
22918328.0,96,51
22918330.0,97,49
22918363.0,98,48
22918373.0,94,46
22918408.0,87,56
22918417.0,89,51
22918480.0,93,48
22918490.0,97,55
22918632.0,93,47
22918647.0,84,54
22918676.0,93,46
22918754.0,85,54
22918844.0,95,49
22918956.0,87,60
22918977.0,86,55
22918989.0,98,50
22919003.0,98,49
22919005.0,92,48
22919011.0,88,90
22919020.0,90,52
22919020.0,92,51
22919069.0,87,59
22919073.0,84,56
22919096.0,97,56
22919103.0,91,46
22919227.0,91,62
22919237.0,83,55
22919601.0,96,48
22919624.0,92,47
22919644.0,98,51
22919674.0,90,49
22919699.0,90,48
22919748.0,97,54
22919790.0,88,47
22919815.0,87,53
22919982.0,94,47
22920020.0,89,48
22920073.0,92,52
22920085.0,86,55
22920096.0,96,49
22920141.0,96,50
22920182.0,96,65
22920210.0,88,60
22920230.0,89,49
22920233.0,91,89
22920248.0,87,54
22920257.0,88,53
22920377.0,88,57
22920451.0,89,89
22920473.0,85,57
22920568.0,91,89
22920573.0,91,48
22920628.0,86,49
22920658.0,84,53
22920696.0,70,58
22920705.0,86,59
22920725.0,88,55
22920737.0,92,48
22920747.0,89,90
22920765.0,89,56
22920818.0,93,50
22920823.0,94,48
22920825.0,38,90
22920834.0,97,53
22920853.0,89,52
22920879.0,68,56
22920892.0,70,58
22920902.0,86,58
22920932.0,91,47
22920986.0,91,48
22921043.0,92,46
22921054.0,94,49
22921071.0,88,49
22921132.0,84,54
22921139.0,85,55
22921167.0,84,56
22921249.0,92,49
22921257.0,93,52
22921257.0,88,49
22921299.0,90,62
22921372.0,88,48
22921403.0,91,49
22921408.0,87,47
22921443.0,91,48
22921444.0,83,56
22921468.0,91,81
22921530.0,86,51
22921580.0,87,57
22921648.0,87,54
22921680.0,87,55
22921683.0,88,58
22921729.0,84,57
22921735.0,91,48
22921816.0,89,47
22921853.0,95,52
22921880.0,87,60
22921888.0,86,48
22921901.0,88,56
22921938.0,94,52
22921964.0,92,52
22921995.0,85,58
22922019.0,86,56
22922106.0,92,51
22922147.0,85,56
22922174.0,92,47
22922178.0,93,46
22922258.0,89,48
22922262.0,95,51
22922283.0,88,50
22922353.0,93,49
22922403.0,83,56
22922409.0,90,56
22922417.0,94,51
22922564.0,97,49
22922603.0,89,53
22922620.0,90,46
22922651.0,88,50
22922666.0,85,55
22922690.0,86,52
22922718.0,89,63
22922745.0,94,50
22922807.0,97,74
22922817.0,87,51
22922841.0,86,53
22922950.0,97,49
22922961.0,88,58
22922999.0,85,49
22923016.0,95,49
22923050.0,95,48
22923065.0,91,47
22923069.0,87,55
22923127.0,93,47
22923187.0,91,50
22923215.0,87,47
22923248.0,90,50
22923260.0,88,48
22923263.0,88,47
22923264.0,97,52
22923304.0,93,47
22923307.0,87,61
22923324.0,88,61
22923367.0,87,48
22923379.0,95,50
22923397.0,86,50
22923410.0,91,51
22923432.0,85,48
22923441.0,86,60
22923476.0,90,52
22923557.0,89,52
22923561.0,97,50
22923578.0,88,91
22923590.0,95,51
22923637.0,87,47
22923716.0,84,58
22923797.0,78,91
22923805.0,88,52
22923856.0,84,57
22923862.0,84,55
22923902.0,88,51
22923937.0,90,47
22923962.0,83,57
22924002.0,89,51
22924036.0,97,50
22924039.0,87,56
22924056.0,82,56
22924126.0,85,48
22924217.0,86,59
22924270.0,85,49
22924295.0,93,49
22924304.0,91,66
22924333.0,91,47
22924354.0,85,56
22924366.0,97,57
22924397.0,88,47
22924414.0,88,54
22924456.0,88,51
22924459.0,95,49
22924464.0,92,64
22924500.0,85,50
22924507.0,92,50
22924513.0,91,48
22924525.0,93,48
22924547.0,85,51
22924565.0,90,48
22924648.0,94,67
22924701.0,66,57
22924746.0,85,59
22924839.0,87,49
22924850.0,92,48
22924887.0,88,46
22924904.0,90,51
22924912.0,88,49
22924917.0,91,52
22924919.0,87,58
22924990.0,83,57
22925024.0,86,49
22925030.0,86,57
22925030.0,87,57
22925081.0,93,68
22925094.0,89,60
22925159.0,91,50
22925270.0,83,55
22925273.0,87,50
22925347.0,85,58
22925358.0,89,61
22925360.0,90,49
22925452.0,82,56
22925512.0,86,55
22925524.0,92,46
22925556.0,91,47
22925558.0,93,50
22925585.0,83,55
22925633.0,95,48
22925644.0,87,50
22925664.0,88,53
22925681.0,96,70
22925710.0,86,53
22925741.0,88,50
22925806.0,85,56
22925832.0,90,50
22925878.0,96,54
22925910.0,91,53
22925982.0,97,58
22926022.0,87,53
22926119.0,87,51
22926178.0,91,64
22926186.0,86,51
22926190.0,93,65
22926268.0,97,56
22926365.0,89,54
22926368.0,84,58
22926377.0,92,47
22926389.0,89,46
22926399.0,84,49
22926420.0,87,47
22926435.0,92,60
22926436.0,91,51
22926437.0,96,53
22926456.0,83,55
22926462.0,87,51
22926497.0,86,60
22926515.0,90,51
22926547.0,85,52
22926616.0,84,56
22926619.0,90,47
22926636.0,86,48
22926646.0,96,56
22926648.0,91,65
22926667.0,92,66
22926707.0,96,49
22926822.0,86,61
22926861.0,96,48
22926906.0,94,48
22926947.0,91,52
22926948.0,87,50
22926959.0,94,51
22926973.0,90,65
22927066.0,89,62
22927094.0,87,48
22927110.0,85,48
22927124.0,88,51
22927194.0,93,52
22927197.0,83,57
22927235.0,86,49
22927257.0,89,47
22927295.0,87,62
22927319.0,87,50
22927326.0,89,48
22927330.0,85,49
22927345.0,88,63
22927354.0,85,48
22927364.0,88,61
22927398.0,87,47
22927419.0,86,54
22927445.0,87,52
22927500.0,93,47
22927502.0,84,59
22927519.0,88,46
22927550.0,93,52
22927557.0,88,54
22927604.0,85,60
22927623.0,97,60
22927628.0,87,60
22927654.0,84,50
22927674.0,92,48
22927730.0,96,50
22927734.0,88,48
22927738.0,93,47
22927752.0,85,54
22927825.0,94,52
22927830.0,94,48
22927847.0,92,52
22927852.0,92,47
22927885.0,84,56
22927889.0,91,53
22927957.0,91,67
22927972.0,85,48
22928012.0,92,48
22928062.0,91,49
22928090.0,84,51
22928106.0,85,48
22928127.0,93,53
22928135.0,94,49
22928191.0,90,47
22928237.0,82,57
22928271.0,94,50
22928285.0,84,49
22928374.0,96,51
22928413.0,92,68
22928529.0,90,66
22928535.0,83,58
22928538.0,88,55
22928605.0,85,57
22928612.0,83,56
22928686.0,86,50
22928740.0,93,51
22928791.0,87,53
22928797.0,90,48
22928807.0,85,53
22928817.0,87,49
22928827.0,90,49
22928855.0,85,50
22928886.0,97,61
22928897.0,92,48
22928911.0,86,61
22928918.0,87,61
22928953.0,94,51
22929016.0,92,49
22929045.0,93,51
22929085.0,85,59
22929106.0,90,66
22929160.0,86,58
22929206.0,89,49
22929212.0,89,53
22929215.0,108,62
22929228.0,85,54
22929290.0,86,56
22929339.0,90,52
22929419.0,90,50
22929425.0,84,52
22929450.0,91,50
22929489.0,91,47
22929497.0,96,52
22929571.0,86,62
22929579.0,92,62
22929607.0,66,52
22929655.0,92,50
22929682.0,85,60
22929737.0,81,57
22929738.0,102,68
22929742.0,89,47
22929805.0,92,53
22929827.0,95,48
22929845.0,85,55
22929921.0,88,47
22929964.0,88,53
22930036.0,90,48
22930041.0,83,58
22930054.0,65,67
22930075.0,84,60
22930139.0,107,63
22930210.0,86,51
22930229.0,82,56
22930322.0,84,53
22930373.0,87,50
22930376.0,85,52
22930471.0,89,52
22930505.0,82,58
22930642.0,94,50
22930666.0,86,57
22930686.0,83,56
22930696.0,87,48
22930697.0,86,47
22930734.0,86,48
22930753.0,85,49
22930845.0,85,55
22930858.0,88,48
22930889.0,95,54
22930900.0,93,53
22930904.0,89,47
22930957.0,96,58
22930990.0,96,56
22931044.0,92,52
22931048.0,87,58
22931082.0,84,50
22931083.0,82,58
22931086.0,95,49
22931093.0,92,51
22931109.0,86,55
22931122.0,90,49
22931132.0,84,51
22931143.0,95,53
22931160.0,88,54
22931172.0,87,57
22931176.0,84,59
22931190.0,91,48
22931257.0,89,48
22931257.0,85,50
22931282.0,83,59
22931295.0,87,51
22931371.0,84,57
22931396.0,90,89
22931466.0,87,53
22931546.0,90,52
22931585.0,112,64
22931600.0,81,57
22931687.0,85,61
22931781.0,84,49
22931790.0,91,47
22931796.0,104,61
22931851.0,83,51
22931858.0,93,51
22931912.0,89,49
22931929.0,91,56
22931952.0,87,53
22931965.0,86,49
22931966.0,88,56
22931978.0,92,53
22932046.0,88,49
22932105.0,96,59
22932132.0,85,58
22932139.0,86,62
22932142.0,91,87
22932182.0,81,58
22932240.0,93,49
22932247.0,89,63
22932278.0,93,50
22932297.0,95,50
22932331.0,87,47
22932334.0,85,56
22932338.0,87,62
22932350.0,85,60
22932372.0,91,88
22932387.0,95,51
22932422.0,83,50
22932432.0,88,51
22932445.0,87,54
22932445.0,86,53
22932458.0,86,52
22932477.0,89,52
22932493.0,85,50
22932502.0,90,63
22932519.0,86,50
22932620.0,93,53
22932814.0,86,58
22932839.0,88,52
22932866.0,91,49
22932869.0,92,58
22932877.0,86,48
22932893.0,87,52
22932913.0,89,62
22932922.0,86,52
22932941.0,95,55
22932944.0,93,48
22932972.0,86,59
22933061.0,94,49
22933100.0,88,62
22933103.0,90,53
22933119.0,90,65
22933152.0,93,52
22933217.0,91,59
22933302.0,84,49
22933352.0,90,47
22933357.0,88,48
22933357.0,95,52
22933364.0,81,58
22933500.0,86,52
22933511.0,89,48
22933634.0,98,65
22933642.0,84,53
22933681.0,74,24
22933704.0,95,52
22933738.0,97,62
22933746.0,77,123
22933763.0,85,48
22933796.0,91,50
22933825.0,93,89
22933836.0,87,63
22933840.0,84,50
22933841.0,91,53
22933872.0,84,55
22933885.0,86,52
22933903.0,84,60
22933929.0,82,57
22933939.0,82,59
22934008.0,85,51
22934041.0,83,59
22934044.0,86,51
22934125.0,63,69
22934168.0,87,48
22934194.0,91,50
22934218.0,85,52
22934245.0,83,51
22934312.0,83,53
22934331.0,89,53
22934346.0,94,48
22934373.0,85,51
22934376.0,92,54
22934386.0,91,67
22934403.0,90,51
22934426.0,85,61
22934496.0,84,54
22934507.0,87,47
22934578.0,85,48
22934583.0,88,47
22934596.0,90,48
22934601.0,85,55
22934625.0,90,50
22934627.0,95,65
22934698.0,90,67
22934786.0,92,55
22934805.0,71,117
22934818.0,82,59
22934855.0,94,49
22934856.0,81,58
22934876.0,89,64
22934880.0,82,50
22934890.0,83,52
22935058.0,82,51
22935069.0,99,89
22935105.0,91,51
22935126.0,81,57
22935135.0,85,51
22935197.0,85,56
22935269.0,89,47
22935288.0,85,57
22935295.0,85,49
22935335.0,83,60
22935384.0,88,51
22935400.0,86,61
22935443.0,85,51
22935456.0,88,49
22935472.0,86,47
22935538.0,83,93
22935539.0,84,55
22935542.0,84,58
22935603.0,90,49
22935615.0,85,59
22935636.0,92,49
22935695.0,86,52
22935743.0,86,57
22935783.0,88,55
22935807.0,87,49
22935897.0,86,56
22935897.0,86,54
22935913.0,86,51
22935931.0,90,64
22935980.0,88,48
22936009.0,84,51
22936019.0,81,59
22936038.0,85,50
22936060.0,91,64
22936069.0,83,54
22936080.0,92,48
22936094.0,83,50
22936122.0,91,52
22936174.0,89,50
22936184.0,87,55
22936204.0,84,61
22936333.0,94,50
22936344.0,87,53
22936403.0,86,50
22936407.0,84,56
22936491.0,84,51
22936521.0,88,53
22936579.0,82,51
22936719.0,88,50
22936731.0,92,49
22936746.0,84,60
22936763.0,82,59
22936794.0,85,53
22936829.0,91,53
22936834.0,92,51
22936895.0,89,51
22936899.0,81,59
22936934.0,94,51
22937049.0,86,58
22937063.0,82,52
22937065.0,83,58
22937077.0,90,52
22937191.0,92,50
22937200.0,89,48
22937228.0,87,48
22937258.0,92,53
22937261.0,90,50
22937278.0,88,52
22937306.0,83,55
22937321.0,83,50
22937331.0,89,52
22937362.0,87,50
22937375.0,84,52
22937399.0,84,50
22937446.0,86,48
22937454.0,85,59
22937500.0,84,56
22937531.0,82,50
22937544.0,84,51
22937582.0,96,58
22937647.0,85,48
22937706.0,83,50
22937792.0,88,51
22937801.0,87,48
22937819.0,89,53
22937831.0,92,65
22937841.0,85,58
22937905.0,86,55
22937961.0,84,49
22937985.0,84,48
22937994.0,84,51
22938042.0,90,65
22938076.0,92,52
22938093.0,83,55
22938095.0,84,50
22938133.0,94,69
22938166.0,85,62
22938188.0,92,51
22938294.0,85,51
22938299.0,85,59
22938307.0,81,59
22938395.0,94,54
22938444.0,83,60
22938456.0,91,54
22938460.0,83,51
22938475.0,98,66
22938482.0,85,54
22938523.0,96,59
22938526.0,82,58
22938538.0,89,59
22938543.0,81,58
22938560.0,87,49
22938565.0,84,51
22938584.0,82,53
22938619.0,82,60
22938630.0,93,48
22938650.0,94,52
22938760.0,92,54
22938784.0,96,59
22938802.0,85,49
22938806.0,112,61
22938811.0,83,54
22938839.0,88,50
22938871.0,90,51
22938874.0,87,54
22938888.0,85,54
22938895.0,86,54
22938966.0,83,61
22938967.0,93,52
22938971.0,81,51
22938995.0,85,58
22939046.0,82,51
22939082.0,83,58
22939085.0,88,53
22939197.0,88,47
22939251.0,85,57
22939252.0,89,48
22939297.0,92,64
22939301.0,84,48
22939306.0,82,54
22939311.0,86,53
22939340.0,84,49
22939350.0,87,62
22939357.0,91,53
22939362.0,81,52
22939379.0,86,63
22939393.0,82,57
22939464.0,89,64
22939477.0,84,61
22939478.0,84,59
22939507.0,88,52
22939532.0,92,50
22939623.0,88,47
22939623.0,84,53
22939659.0,84,57
22939669.0,93,63
22939672.0,86,49
22939679.0,85,52
22939703.0,82,58
22939746.0,81,58
22939751.0,82,52
22939775.0,55,59
22939779.0,94,55
22939789.0,85,54
22939815.0,80,59
22939848.0,89,49
22939932.0,87,51
22940044.0,86,59
22940048.0,83,56
22940069.0,81,60
22940185.0,93,62
22940217.0,85,48
22940222.0,89,49
22940258.0,84,50
22940274.0,88,48
22940282.0,85,50
22940316.0,81,52
22940323.0,87,50
22940368.0,90,52
22940389.0,87,51
22940420.0,85,54
22940421.0,86,50
22940559.0,85,48
22940592.0,86,48
22940599.0,82,51
22940661.0,81,53
22940787.0,82,60
22940810.0,84,51
22940839.0,86,54
22940885.0,85,60
22940906.0,85,62
22940915.0,82,55
22940925.0,93,49
22940946.0,86,49
22940971.0,87,63
22940988.0,87,51
22940995.0,88,63
22941031.0,85,54
22941037.0,89,49
22941141.0,87,55
22941168.0,91,49
22941238.0,88,51
22941323.0,81,60
22941324.0,89,50
22941406.0,85,55
22941467.0,83,52
22941485.0,87,51
22941509.0,85,48
22941600.0,85,61
22941635.0,86,48
22941650.0,93,50
22941713.0,85,63
22941756.0,85,53
22941760.0,85,54
22941800.0,83,59
22941801.0,91,51
22941840.0,92,49
22941872.0,96,59
22941880.0,91,50
22941934.0,91,53
22941939.0,87,64
22941964.0,90,53
22941965.0,81,53
22941990.0,89,54
22942038.0,86,52
22942043.0,85,59
22942058.0,84,49
22942118.0,96,59
22942124.0,93,51
22942126.0,85,48
22942157.0,84,62
22942194.0,83,49
22942201.0,84,54
22942228.0,94,79
22942244.0,86,49
22942259.0,80,60
22942259.0,91,54
22942306.0,57,63
22942318.0,83,53
22942328.0,85,49
22942330.0,90,53
22942515.0,89,65
22942522.0,92,52
22942549.0,86,55
22942553.0,84,48
22942647.0,97,60
22942657.0,91,52
22942661.0,83,61
22942664.0,89,51
22942664.0,81,52
22942676.0,84,52
22942725.0,86,63
22942750.0,84,58
22942753.0,89,53
22942764.0,88,49
22942775.0,86,51
22942851.0,85,55
22942919.0,93,52
22942944.0,91,55
22943002.0,86,55
22943011.0,97,60
22943018.0,88,54
22943035.0,82,60
22943102.0,87,48
22943107.0,81,51
22943111.0,82,61
22943130.0,84,51
22943181.0,91,51
22943216.0,82,52
22943245.0,81,60
22943256.0,90,53
22943283.0,93,52
22943335.0,88,53
22943355.0,80,60
22943376.0,92,53
22943377.0,82,59
22943496.0,83,59
22943615.0,91,53
22943662.0,93,53
22943665.0,83,62
22943666.0,80,52
22943679.0,83,50
22943695.0,87,53
22943705.0,84,62
22943711.0,87,50
22943727.0,93,52
22943734.0,87,51
22943738.0,86,64
22943748.0,81,54
22943832.0,93,51
22943840.0,90,62
22943847.0,95,58
22943924.0,83,55
22943936.0,84,56
22943939.0,85,52
22943947.0,82,55
22943972.0,94,56
22943992.0,91,52
22944069.0,83,49
22944135.0,85,50
22944135.0,86,50
22944148.0,82,105
22944247.0,93,52
22944366.0,80,53
22944390.0,88,52
22944513.0,49,120
22944590.0,85,54
22944625.0,84,52
22944627.0,93,54
22944671.0,81,55
22944703.0,81,59
22944709.0,83,57
22944756.0,88,50
22944761.0,82,56
22944795.0,80,59
22944870.0,93,52
22944940.0,84,55
22944963.0,88,54
22944978.0,92,48
22944979.0,85,49
22945024.0,82,59
22945034.0,81,61
22945040.0,82,61
22945045.0,84,50
22945050.0,91,54
22945053.0,92,49
22945080.0,89,52
22945086.0,93,52
22945091.0,84,49
22945098.0,81,52
22945135.0,90,54
22945172.0,86,48
22945176.0,80,60
22945217.0,87,49
22945243.0,84,53
22945507.0,83,54
22945566.0,90,49
22945581.0,80,54
22945591.0,49,120
22945599.0,90,48
22945667.0,91,50
22945711.0,92,49
22945801.0,82,57
22945902.0,83,57
22945951.0,83,51
22946020.0,82,51
22946029.0,84,51
22946052.0,80,53
22946080.0,62,118
22946207.0,84,58
22946226.0,96,61
22946242.0,83,50
22946295.0,85,57
22946350.0,81,52
22946355.0,85,56
22946362.0,88,51
22946463.0,86,54
22946490.0,92,50
22946541.0,81,51
22946549.0,84,57
22946566.0,85,55
22946566.0,83,51
22946585.0,89,53
22946593.0,85,53
22946745.0,91,66
22946760.0,86,55
22946768.0,84,59
22946805.0,82,50
22946825.0,84,49
22946874.0,90,50
22946901.0,81,61
22946918.0,84,60
22947025.0,80,61
22947035.0,81,51
22947047.0,85,51
22947126.0,101,75
22947202.0,85,61
22947209.0,100,75
22947212.0,90,49
22947287.0,85,50
22947300.0,85,63
22947332.0,84,49
22947361.0,86,62
22947361.0,102,75
22947391.0,82,53
22947412.0,82,60
22947457.0,87,54
22947527.0,90,48
22947636.0,90,66
22947659.0,85,49
22947662.0,87,50
22947693.0,89,64
22947697.0,80,54
22947714.0,93,65
22947729.0,83,52
22947791.0,91,48
22947793.0,82,50
22947971.0,86,52
22947975.0,84,54
22947976.0,84,52
22948011.0,94,57
22948021.0,84,63
22948022.0,90,51
22948033.0,80,61
22948072.0,86,51
22948102.0,85,55
22948125.0,82,51
22948143.0,83,60
22948162.0,83,55
22948220.0,84,55
22948279.0,81,54
22948282.0,87,52
22948315.0,86,49
22948326.0,84,49
22948363.0,80,55
22948403.0,87,53
22948446.0,83,55
22948450.0,82,62
22948452.0,81,55
22948492.0,81,56
22948600.0,84,50
22948611.0,88,52
22948673.0,88,91
22948688.0,83,62
22948694.0,80,60
22948739.0,82,54
22948788.0,80,61
22948850.0,90,53
22948878.0,81,61
22948962.0,83,49
22948996.0,84,59
22949015.0,84,56
22949056.0,83,58
22949156.0,82,60
22949159.0,84,54
22949166.0,90,54
22949179.0,83,55
22949188.0,85,51
22949208.0,81,53
22949365.0,83,106
22949376.0,83,53
22949388.0,85,64
22949390.0,90,52
22949399.0,86,64
22949423.0,90,50
22949473.0,92,52
22949514.0,82,51
22949515.0,85,54
22949523.0,47,117
22949552.0,82,106
22949685.0,81,60
22949694.0,83,63
22949832.0,84,49
22949839.0,83,106
22949883.0,82,58
22950057.0,82,96
22950064.0,84,60
22950120.0,92,53
22950204.0,84,51
22950253.0,89,54
22950293.0,91,53
22950304.0,85,56
22950305.0,89,49
22950395.0,82,60
22950510.0,80,60
22950514.0,90,54
22950605.0,85,52
22950628.0,83,52
22950683.0,82,57
22950707.0,91,49
22950755.0,84,50
22950756.0,86,63
22950781.0,90,53
22950852.0,82,58
22950886.0,88,65
22950909.0,90,66
22950921.0,85,50
22950925.0,85,49
22950938.0,89,65
22950939.0,86,50
22951078.0,82,63
22951078.0,84,61
22951091.0,81,57
22951121.0,80,54
22951138.0,86,54
22951138.0,89,49
22951147.0,81,62
22951203.0,81,60
22951383.0,79,54
22951501.0,102,68
22951558.0,83,59
22951585.0,80,53
22951605.0,82,52
22951622.0,84,55
22951623.0,91,50
22951737.0,84,53
22951769.0,82,62
22951788.0,81,54
22951814.0,82,55
22951878.0,89,48
22951899.0,79,55
22951948.0,85,52
22951960.0,83,50
22952034.0,87,51
22952043.0,85,51
22952124.0,89,50
22952224.0,80,56
22952230.0,84,51
22952233.0,92,54
22952239.0,88,53
22952261.0,83,50
22952302.0,83,56
22952439.0,90,48
22952493.0,81,56
22952542.0,83,54
22952631.0,85,53
22952701.0,80,62
22952708.0,87,52
22952730.0,84,52
22952804.0,86,52
22952935.0,88,64
22952941.0,85,64
22952949.0,81,51
22953034.0,88,57
22953121.0,84,49
22953150.0,84,60
22953154.0,81,57
22953174.0,81,54
22953178.0,83,50
22953199.0,84,54
22953203.0,81,62
22953205.0,84,57
22953237.0,79,54
22953261.0,83,53
22953284.0,87,65
22953297.0,83,57
22953485.0,82,51
22953545.0,85,49
22953553.0,89,51
22953564.0,57,64
22953603.0,94,57
22953605.0,91,51
22953685.0,92,66
22953701.0,79,55
22953723.0,85,55
22953764.0,85,64
22953797.0,84,64
22953925.0,80,55
22953938.0,86,51
22953997.0,48,55
22954010.0,83,61
22954018.0,85,50
22954077.0,80,62
22954080.0,83,63
22954100.0,84,50
22954169.0,85,61
22954173.0,89,50
22954180.0,83,54
22954199.0,92,55
22954279.0,81,61
22954280.0,82,50
22954406.0,96,73
22954427.0,82,53
22954433.0,85,49
22954510.0,89,64
22954538.0,89,51
22954694.0,89,52
22954741.0,49,54
22954773.0,84,49
22954782.0,48,55
22954808.0,82,105
22954871.0,80,61
22954890.0,84,57
22954897.0,80,54
22954899.0,91,66
22954983.0,90,49
22955038.0,81,52
22955044.0,90,48
22955131.0,86,54
22955140.0,49,54
22955197.0,88,49
22955201.0,83,59
22955225.0,86,65
22955240.0,87,55
22955326.0,85,52
22955370.0,84,59
22955490.0,80,52
22955522.0,91,48
22955603.0,79,55
22955684.0,88,54
22955727.0,81,51
22955760.0,81,58
22955781.0,85,57
22955872.0,83,50
22955894.0,89,48
22955978.0,83,55
22956017.0,81,55
22956042.0,85,54
22956048.0,81,62
22956060.0,85,53
22956079.0,82,63
22956101.0,87,53
22956129.0,49,54
22956137.0,84,55
22956145.0,89,53
22956235.0,84,56
22956248.0,88,49
22956250.0,82,61
22956287.0,91,53
22956292.0,79,54
22956295.0,81,50
22956304.0,86,52
22956335.0,89,52
22956369.0,80,61
22956374.0,79,56
22956416.0,84,60
22956432.0,83,94
22956454.0,81,61
22956485.0,82,55
22956493.0,82,95
22956500.0,84,50
22956519.0,84,61
22956526.0,88,50
22956620.0,83,58
22956670.0,49,54
22956715.0,90,50
22956786.0,84,58
22956835.0,84,51
22956839.0,83,64
22956860.0,92,65
22956889.0,82,54
22956912.0,88,48
22956928.0,80,54
22956951.0,82,52
22957164.0,92,54
22957221.0,85,65
22957283.0,85,51
22957302.0,81,52
22957359.0,85,60
22957364.0,85,56
22957442.0,88,52
22957450.0,83,52
22957465.0,89,51
22957567.0,84,53
22957583.0,86,52
22957585.0,82,56
22957637.0,80,62
22957650.0,89,53
22957691.0,84,50
22957704.0,82,53
22957741.0,85,51
22957744.0,89,54
22957791.0,84,62
22957852.0,84,64
22957993.0,83,57
22957996.0,83,60
22958020.0,88,50
22958391.0,82,54
22958438.0,81,53
22958462.0,81,63
22958471.0,85,51
22958472.0,87,64
22958482.0,85,54
22958645.0,82,63
22958672.0,88,49
22958692.0,83,51
22958734.0,80,52
22958751.0,96,74
22958800.0,83,55
22958849.0,85,51
22959019.0,82,55
22959071.0,92,55
22959144.0,91,54
22959151.0,81,57
22959172.0,82,64
22959178.0,89,54
22959187.0,86,64
22959227.0,83,57
22959232.0,91,53
22959363.0,88,51
22959385.0,85,51
22959487.0,83,52
22959489.0,86,65
22959522.0,80,58
22959544.0,91,65
22959635.0,83,50
22959722.0,80,56
22959873.0,89,49
22960114.0,81,54
22960151.0,85,64
22960155.0,84,52
22960191.0,80,63
22960195.0,82,58
22960225.0,81,53
22960239.0,84,57
22960251.0,79,56
22960360.0,87,49
22960370.0,81,51
22960471.0,85,51
22960679.0,82,55
22960685.0,84,56
22960703.0,88,52
22960710.0,85,55
22960725.0,84,51
22960757.0,84,58
22960769.0,82,52
22960836.0,85,51
22960884.0,84,53
22960892.0,80,55
22960930.0,80,62
22960941.0,83,50
22960986.0,90,50
22961004.0,90,57
22961157.0,85,52
22961166.0,83,53
22961200.0,81,56
22961207.0,78,56
22961321.0,80,52
22961362.0,88,48
22961407.0,83,56
22961457.0,84,54
22961462.0,81,62
22961465.0,89,48
22961474.0,79,54
22961573.0,88,53
22961646.0,81,63
22961710.0,43,97
22961713.0,86,53
22961793.0,81,56
22961934.0,89,50
22961952.0,81,59
22961982.0,84,61
22962025.0,91,55
22962046.0,85,57
22962047.0,87,86
22962055.0,88,50
22962086.0,80,63
22962329.0,82,60
22962430.0,88,51
22962656.0,88,86
22962742.0,88,49
22962754.0,65,70
22962795.0,80,53
22962824.0,84,65
22962854.0,84,54
22962897.0,84,62
22962910.0,79,57
22962949.0,87,49
22963050.0,81,58
22963217.0,92,56
22963290.0,82,57
22963325.0,87,50
22963519.0,80,62
22963619.0,82,51
22963635.0,82,56
22963641.0,82,55
22963761.0,87,51
22963771.0,83,51
22963817.0,90,53
22963932.0,85,55
22963965.0,83,57
22963971.0,83,52
22964013.0,81,56
22964019.0,80,58
22964020.0,80,62
22964102.0,83,61
22964182.0,88,52
22964210.0,82,62
22964219.0,89,51
22964288.0,81,62
22964316.0,79,56
22964349.0,91,55
22964464.0,86,49
22964528.0,81,54
22964628.0,80,59
22964720.0,81,55
22964828.0,80,53
22964906.0,83,53
22964962.0,88,49
22965117.0,83,51
22965120.0,86,49
22965180.0,82,50
22965187.0,82,53
22965236.0,89,51
22965247.0,80,54
22965324.0,83,64
22965385.0,97,72
22965468.0,89,51
22965493.0,87,50
22965657.0,81,62
22965766.0,79,53
22965772.0,88,64
22965772.0,81,53
22965787.0,83,58
22966079.0,86,50
22966120.0,83,65
22966425.0,80,56
22966508.0,87,51
22966620.0,83,48
22966663.0,83,96
22966719.0,85,53
22966747.0,87,55
22966774.0,80,57
22966812.0,82,56
22966879.0,84,52
22966882.0,81,57
22966907.0,87,52
22967185.0,84,52
22967325.0,80,52
22967365.0,88,50
22967422.0,83,57
22967456.0,81,60
22967485.0,83,61
22967562.0,90,53
22967621.0,79,53
22967659.0,89,52
22968028.0,89,50
22968056.0,84,65
22968087.0,83,56
22968114.0,90,53
22968158.0,90,51
22968206.0,84,57
22968326.0,85,65
22968487.0,82,65
22968633.0,79,54
22968676.0,81,53
22968696.0,87,53
22968750.0,87,49
22968814.0,81,52
22968863.0,90,51
22968872.0,83,52
22968875.0,86,51
22969051.0,82,58
22969163.0,79,58
22969393.0,82,57
22969438.0,82,58
22969540.0,80,64
22969708.0,86,50
22969711.0,87,51
22969794.0,89,51
22969866.0,86,51
22969878.0,79,57
22969892.0,80,59
22970077.0,84,96
22970154.0,82,54
22970167.0,88,51
22970225.0,89,51
22970369.0,82,51
22970430.0,83,63
22970440.0,79,55
22970496.0,81,55
22970616.0,87,52
22970679.0,85,50
22970768.0,80,52
22970937.0,86,49
22970953.0,88,53
22971122.0,86,66
22971129.0,82,59
22971130.0,83,52
22971167.0,84,53
22971177.0,81,53
22971209.0,88,55
22971277.0,80,54
22971311.0,87,50
22971329.0,82,58
22971366.0,79,54
22971404.0,100,74
22971431.0,83,58
22971507.0,79,56
22971519.0,81,57
22971636.0,84,53
22971669.0,82,53
22971775.0,81,56
22971821.0,79,56
22972213.0,85,66
22972281.0,88,54
22972296.0,98,66
22972334.0,84,53
22972387.0,81,51
22972436.0,84,52
22972595.0,87,53
22972616.0,85,49
22972656.0,91,64
22972671.0,85,54
22972737.0,80,55
22972866.0,84,53
22972878.0,82,57
22972930.0,87,50
22972960.0,87,54
22973010.0,86,49
22973040.0,86,52
22973278.0,85,50
22973372.0,82,64
22973581.0,90,55
22973634.0,86,53
22973870.0,86,55
22973907.0,88,52
22973983.0,91,55
22973999.0,80,63
22974029.0,80,62
22974073.0,85,51
22974103.0,79,55
22974121.0,89,53
22974195.0,86,52
22974316.0,79,57
22974510.0,83,62
22974602.0,80,62
22974606.0,87,51
22974675.0,84,62
22974762.0,86,51
22974799.0,85,51
22974840.0,85,94
22974856.0,81,54
22974916.0,79,53
22974940.0,84,63
22975001.0,83,65
22975072.0,94,64
22975441.0,79,56
22975548.0,91,56
22975549.0,87,54
22975628.0,89,54
22975632.0,81,62
22975689.0,82,61
22975691.0,102,68
22975779.0,80,64
22975783.0,83,60
22975800.0,86,50
22975822.0,84,60
22975910.0,84,50
22976379.0,81,53
22976768.0,84,58
22976825.0,42,110
22976835.0,88,73
22976868.0,86,53
22977433.0,81,63
22977668.0,82,63
22977721.0,81,63
22978268.0,85,52
22978532.0,87,51
22978566.0,91,55
22978930.0,80,62
22978934.0,83,55
22979070.0,84,51
22979547.0,83,62
22980152.0,85,50
22980493.0,86,51
22980596.0,85,52
22980708.0,86,52
22980767.0,89,54
22981505.0,84,54
22981955.0,87,52
22982029.0,81,61
22982065.0,83,53
22982329.0,84,52
22982408.0,79,59
22982496.0,83,58
22982783.0,88,53
22982884.0,81,59
22982952.0,87,53
22983083.0,87,55
22983137.0,83,53
22983702.0,82,58
22983710.0,81,52
22983725.0,82,102
22983971.0,84,51
22984550.0,86,53
22984677.0,80,58
22984761.0,83,51
22984808.0,100,66
22984896.0,85,95
22985950.0,16,99
22986106.0,68,118
22986203.0,83,99
22986269.0,16,99
22986314.0,99,73
22986340.0,97,72
22986354.0,84,52
22986394.0,89,57
22986546.0,79,57
22986563.0,85,53
22986724.0,83,51
22986904.0,73,118
22988091.0,82,105
22988096.0,85,51
22988305.0,95,79
22989087.0,101,74
22989482.0,99,89
22989948.0,96,80
22990560.0,87,53
22990651.0,86,54
22991246.0,83,98
22991595.0,103,68
22992051.0,97,64
22992408.0,83,97
22993289.0,79,57
22994164.0,83,100
22994372.0,83,101
22994656.0,81,63
22995047.0,79,58
22995160.0,81,58
22995635.0,81,64
22995729.0,81,54
22995762.0,99,83
22996046.0,97,81
22996516.0,80,60
22996746.0,82,63
22997013.0,84,54
22997166.0,79,55
22997308.0,83,63
22997473.0,85,55
22997649.0,79,55
22997708.0,90,53
22998191.0,79,55
22998471.0,79,55
22998669.0,82,104
22999307.0,89,88
22999428.0,81,57
22999941.0,94,77
23000079.0,81,54
23000321.0,83,53
23000449.0,83,52
23001694.0,84,59
23002371.0,82,58
23002620.0,83,62
23003145.0,80,54
23003268.0,81,63
23003385.0,81,59
23003400.0,86,55
23003556.0,86,66
23003626.0,84,62
23003633.0,87,53
23003666.0,81,55
23003979.0,80,63
23004164.0,105,69
23004299.0,81,57
23004323.0,82,52
23004457.0,81,60
23004583.0,87,66
23004613.0,84,65
23004715.0,95,59
23004764.0,81,62
23004774.0,71,119
23005094.0,80,56
23005215.0,82,62
23005226.0,84,53
23005240.0,105,72
23005349.0,82,61
23005498.0,81,56
23005557.0,84,63
23005610.0,98,64
23005684.0,93,57
23005709.0,91,66
23005913.0,96,72
23005990.0,87,55
23006067.0,83,54
23006378.0,82,62
23006385.0,82,56
23006509.0,84,59
23006548.0,90,55
23006568.0,81,55
23006618.0,83,57
23006828.0,84,62
23006878.0,82,57
23006901.0,92,56
23006957.0,82,63
23007076.0,83,62
23007278.0,81,56
23007336.0,84,57
23007749.0,91,56
23007763.0,86,54
23007862.0,93,58
23007885.0,99,65
23007925.0,83,61
23008117.0,81,63
23008746.0,88,53
23008783.0,84,61
23008836.0,83,62
23008882.0,87,55
23009107.0,81,62
23009514.0,80,58
23009651.0,85,59
23009811.0,84,51
23009924.0,84,59
23010292.0,83,56
23010468.0,84,58
23010478.0,105,70
23010622.0,87,52
23010640.0,80,57
23010742.0,82,60
23010759.0,85,58
23010788.0,85,51
23010883.0,88,53
23011054.0,84,58
23011257.0,82,55
23011322.0,81,55
23011536.0,83,64
23011725.0,94,57
23011775.0,85,51
23011966.0,82,63
23011984.0,84,100
23012014.0,81,57
23012041.0,86,53
23012058.0,93,57
23012398.0,96,59
23012496.0,81,54
23012517.0,90,54
23012523.0,84,62
23012540.0,83,55
23012559.0,86,65
23012636.0,88,55
23012640.0,85,59
23012791.0,85,65
23012861.0,81,58
23012891.0,83,61
23013047.0,95,58
23013080.0,81,53
23013415.0,84,60
23013425.0,92,56
23013482.0,99,65
23013547.0,83,56
23013607.0,84,57
23013653.0,84,61
23013661.0,83,63
23013663.0,84,58
23013696.0,82,54
23013772.0,94,57
23013928.0,83,57
23014021.0,82,61
23014125.0,81,62
23014134.0,82,60
23014302.0,87,52
23014349.0,84,62
23014352.0,84,58
23014362.0,81,55
23014430.0,92,55
23014486.0,82,52
23014591.0,91,55
23014829.0,93,56
23014931.0,85,58
23015177.0,88,52
23015226.0,82,55
23015248.0,89,53
23015340.0,86,53
23015407.0,99,64
23015541.0,83,64
23015554.0,83,61
23015580.0,84,64
23015737.0,90,54
23015763.0,85,61
23015785.0,82,54
23015840.0,85,57
23015925.0,82,55
23015944.0,86,51
23016272.0,82,62
23016363.0,84,56
23016364.0,82,61
23016473.0,87,51
23016589.0,83,61
23016699.0,95,59
23016713.0,85,64
23016733.0,84,62
23016916.0,51,119
23017021.0,83,56
23017197.0,83,60
23017266.0,91,54
23017278.0,81,56
23017607.0,86,52
23017770.0,100,65
23017902.0,89,55
23018012.0,90,53
23018136.0,83,61
23018417.0,88,54
23018441.0,85,62
23018474.0,83,54
23018511.0,87,51
23018599.0,85,61
23018736.0,87,65
23018864.0,84,57
23018867.0,88,52
23018884.0,85,53
23018889.0,84,52
23019133.0,85,56
23019162.0,84,56
23019187.0,89,52
23019383.0,82,104
23019433.0,86,64
23019487.0,84,56
23019531.0,93,56
23019578.0,81,56
23019646.0,95,57
23019683.0,89,65
23019747.0,87,64
23019773.0,83,105
23019796.0,85,57
23019894.0,91,54
23019929.0,106,73
23020136.0,88,51
23020164.0,81,56
23020167.0,82,54
23020381.0,84,61
23020396.0,85,57
23020432.0,64,63
23020541.0,85,64
23020546.0,82,62
23020681.0,90,53
23020690.0,84,55
23020807.0,93,55
23021020.0,83,59
23021026.0,86,57
23021027.0,86,61
23021070.0,85,58
23021104.0,83,53
23021172.0,87,57
23021195.0,91,58
23021280.0,84,60
23021454.0,84,54
23021455.0,83,62
23021532.0,85,60
23021662.0,87,50
23021681.0,82,54
23021706.0,93,75
23021812.0,85,56
23022107.0,89,52
23022211.0,84,61
23022231.0,85,56
23022271.0,93,65
23022289.0,85,50
23022470.0,87,62
23022473.0,92,65
23022483.0,94,56
23022571.0,85,57
23022638.0,82,60
23022736.0,88,51
23022738.0,92,54
23022765.0,88,53
23022926.0,100,65
23023057.0,90,52
23023100.0,84,52
23023239.0,91,53
23023272.0,85,57
23023352.0,87,50
23023478.0,82,61
23023485.0,83,60
23023588.0,84,56
23023668.0,88,52
23023684.0,89,51
23023686.0,89,81
23023706.0,84,64
23023714.0,92,54
23023721.0,83,52
23023740.0,86,57
23023994.0,91,53
23024024.0,83,51
23024067.0,85,62
23024081.0,85,60
23024253.0,94,66
23024319.0,88,50
23024328.0,101,64
23024421.0,85,61
23024447.0,89,51
23024484.0,83,53
23024511.0,84,63
23024534.0,86,56
23024595.0,84,54
23024638.0,86,60
23024640.0,94,79
23024646.0,83,61
23024785.0,84,53
23024809.0,81,56
23024838.0,93,67
23024867.0,90,52
23024886.0,87,51
23025018.0,85,63
23025039.0,89,64
23025048.0,84,60
23025055.0,98,60
23025068.0,97,70
23025091.0,90,65
23025137.0,99,61
23025145.0,82,56
23025153.0,87,64
23025193.0,85,55
23025208.0,90,64
23025223.0,83,60
23025452.0,89,53
23025565.0,82,55
23025869.0,90,54
23025877.0,84,51
23025913.0,84,59
23025930.0,96,57
23025959.0,88,50
23025996.0,96,58
23026045.0,84,60
23026411.0,94,55
23026624.0,83,52
23026693.0,83,53
23026757.0,93,54
23026862.0,83,58
23026884.0,92,53
23026932.0,86,55
23026944.0,94,55
23026946.0,84,62
23027088.0,98,60
23027223.0,91,52
23027494.0,83,53
23027531.0,86,60
23027544.0,93,65
23027554.0,89,50
23027637.0,85,63
23027654.0,82,54
23027694.0,92,64
23027737.0,97,60
23027834.0,83,51
23027840.0,86,63
23027907.0,82,52
23027917.0,84,52
23027922.0,94,65
23027925.0,84,54
23027932.0,92,53
23028055.0,85,54
23028068.0,85,50
23028070.0,82,55
23028096.0,89,52
23028174.0,84,52
23028196.0,89,53
23028226.0,93,54
23028256.0,86,56
23028292.0,86,61
23028296.0,83,53
23028318.0,88,51
23028337.0,82,52
23028384.0,84,53
23028389.0,85,61
23028409.0,95,56
23028508.0,91,64
23028517.0,85,56
23028656.0,83,61
23028899.0,82,52
23028946.0,106,71
23029021.0,85,60
23029064.0,86,60
23029126.0,84,60
23029147.0,98,61
23029158.0,84,50
23029165.0,89,50
23029229.0,88,64
23029270.0,87,52
23029357.0,88,49
23029394.0,106,69
23029519.0,89,52
23029522.0,85,59
23029662.0,94,64
23029716.0,91,52
23029723.0,89,52
23029757.0,84,61
23029842.0,83,57
23029849.0,90,53
23029853.0,86,57
23029884.0,84,62
23029886.0,84,53
23029898.0,86,51
23030116.0,85,50
23030123.0,87,56
23030156.0,83,60
23030171.0,88,51
23030178.0,86,51
23030313.0,83,59
23030409.0,86,56
23030444.0,84,52
23030476.0,82,60
23030505.0,86,49
23030551.0,91,51
23030762.0,84,53
23030819.0,83,56
23030842.0,84,51
23030842.0,90,50
23030851.0,84,59
23030888.0,89,49
23030947.0,88,50
23031062.0,106,77
23031084.0,83,59
23031127.0,91,54
23031136.0,89,64
23031139.0,95,55
23031168.0,85,53
23031222.0,86,55
23031251.0,86,59
23031367.0,83,56
23031380.0,87,54
23031418.0,85,55
23031430.0,86,55
23031435.0,96,57
23031505.0,90,53
23031553.0,84,55
23031619.0,92,52
23031648.0,87,49
23031670.0,86,56
23031745.0,85,60
23031750.0,90,52
23031829.0,94,54
23032018.0,86,63
23032084.0,93,53
23032150.0,83,60
23032203.0,89,51
23032208.0,97,57
23032221.0,85,50
23032252.0,84,59
23032342.0,86,60
23032351.0,87,55
23032396.0,84,61
23032423.0,85,51
23032470.0,86,50
23032473.0,89,51
23032521.0,85,62
23032527.0,95,55
23032597.0,86,62
23032598.0,85,52
23032781.0,84,51
23032824.0,83,56
23032869.0,92,51
23033049.0,87,49
23033066.0,83,55
23033161.0,96,56
23033229.0,95,65
23033246.0,86,54
23033329.0,90,53
23033357.0,84,54
23033371.0,85,54
23033398.0,85,59
23033427.0,84,52
23033434.0,84,50
23033467.0,83,54
23033537.0,91,53
23033596.0,86,60
23033605.0,98,60
23033614.0,87,60
23033676.0,89,50
23033736.0,91,50
23033851.0,91,64
23033924.0,95,56
23033940.0,86,53
23033977.0,85,58
23034015.0,83,53
23034053.0,87,59
23034074.0,84,50
23034081.0,98,58
23034121.0,98,59
23034163.0,94,65
23034171.0,91,54
23034241.0,92,51
23034432.0,86,59
23034455.0,96,65
23034556.0,92,65
23034572.0,84,52
23034578.0,84,60
23034613.0,85,59
23034724.0,93,52
23034755.0,92,52
23034785.0,87,50
23034923.0,84,57
23034959.0,90,51
23035064.0,83,59
23035085.0,89,63
23035118.0,89,48
23035216.0,92,64
23035319.0,85,51
23035410.0,99,60
23035503.0,87,56
23035519.0,85,53
23035614.0,85,57
23035624.0,86,55
23035630.0,86,49
23035705.0,91,52
23035717.0,82,53
23035796.0,91,66
23035843.0,94,53
23035857.0,97,57
23035910.0,91,50
23035936.0,92,57
23036080.0,90,48
23036107.0,84,56
23036139.0,87,60
23036157.0,97,56
23036183.0,86,62
23036250.0,85,50
23036254.0,86,58
23036266.0,99,62
23036280.0,85,49
23036325.0,86,49
23036459.0,96,55
23036480.0,83,53
23036485.0,83,59
23036486.0,86,52
23036511.0,95,54
23036576.0,87,59
23036584.0,86,59
23036606.0,87,54
23036651.0,101,65
23036668.0,85,54
23036677.0,93,65
23036704.0,93,52
23036715.0,87,52
23036723.0,88,59
23036725.0,86,52
23036757.0,84,58
23036817.0,89,58
23036842.0,100,63
23036846.0,90,51
23036894.0,85,61
23036917.0,96,56
23036939.0,83,59
23036990.0,87,53
23037019.0,87,54
23037052.0,91,63
23037058.0,92,50
23037112.0,91,49
23037161.0,87,49
23037191.0,89,50
23037268.0,87,50
23037273.0,85,52
23037310.0,90,63
23037351.0,85,50
23037361.0,87,63
23037392.0,89,49
23037506.0,86,59
23037529.0,88,55
23037529.0,86,54
23037532.0,90,48
23037563.0,94,53
23037615.0,98,58
23037623.0,88,63
23037667.0,84,55
23037717.0,94,54
23037741.0,85,57
23037761.0,83,59
23037800.0,94,64
23037824.0,97,56
23037924.0,87,48
23037931.0,88,48
23037944.0,86,57
23037958.0,102,66
23037990.0,84,58
23038021.0,99,59
23038044.0,85,62
23038107.0,83,59
23038144.0,89,48
23038190.0,93,51
23038192.0,101,62
23038268.0,87,48
23038306.0,86,52
23038393.0,93,65
23038437.0,87,62
23038465.0,91,48
23038587.0,86,51
23038628.0,92,53
23038639.0,89,48
23038649.0,91,53
23038655.0,98,62
23038731.0,87,55
23038806.0,89,49
23038821.0,98,57
23038828.0,89,63
23038862.0,101,65
23038906.0,87,64
23038910.0,94,52
23038978.0,88,62
23038999.0,100,62
23039086.0,85,58
23039141.0,93,64
23039202.0,97,56
23039273.0,86,54
23039280.0,84,59
23039293.0,93,50
23039323.0,89,62
23039333.0,88,48
23039362.0,92,49
23039455.0,92,52
23039530.0,94,52
23039619.0,91,51
23039635.0,95,54
23039781.0,85,51
23039943.0,85,60
23039958.0,90,49
23039960.0,91,50
23039995.0,87,49
23040013.0,92,49
23040023.0,96,54
23040038.0,95,53
23040064.0,96,55
23040072.0,80,55
23040124.0,92,53
23040185.0,90,53
23040209.0,84,53
23040236.0,86,61
23040260.0,90,49
23040281.0,88,54
23040304.0,89,48
23040406.0,87,52
23040451.0,86,59
23040482.0,93,50
23040536.0,91,51
23040561.0,96,68
23040583.0,102,64
23040603.0,84,52
23040687.0,87,58
23040738.0,87,53
23040798.0,88,49
23040867.0,86,57
23040901.0,80,55
23040938.0,85,58
23040972.0,97,57
23041009.0,90,49
23041020.0,91,48
23041027.0,94,49
23041111.0,87,48
23041118.0,97,55
23041222.0,90,48
23041298.0,94,51
23041359.0,91,52
23041368.0,90,49
23041469.0,89,59
23041631.0,86,50
23041649.0,87,59
23041734.0,89,55
23041775.0,99,58
23041776.0,92,48
23041807.0,97,55
23041811.0,88,58
23041870.0,87,48
23041886.0,87,57
23041907.0,84,58
23041929.0,85,51
23041951.0,86,49
23041956.0,91,63
23042018.0,86,58
23042103.0,93,49
23042120.0,86,53
23042256.0,98,57
23042320.0,86,49
23042379.0,88,55
23042398.0,95,64
23042418.0,101,64
23042458.0,85,57
23042460.0,86,56
23042498.0,87,61
23042544.0,85,59
23042562.0,95,64
23042571.0,91,56
23042651.0,84,52
23042673.0,91,49
23042727.0,90,62
23042732.0,96,54
23042734.0,92,51
23042739.0,98,56
23042760.0,92,52
23042768.0,88,50
23042829.0,86,52
23042890.0,85,54
23042895.0,91,51
23042899.0,100,60
23042964.0,93,53
23043023.0,91,50
23043045.0,36,101
23043197.0,87,51
23043223.0,85,60
23043296.0,94,50
23043307.0,95,65
23043316.0,87,53
23043406.0,84,57
23043440.0,85,57
23043467.0,86,49
23043571.0,86,51
23043757.0,88,53
23043759.0,91,50
23043820.0,92,50
23043834.0,106,68
23043879.0,94,64
23043963.0,87,50
23043966.0,96,66
23043984.0,87,54
23044062.0,107,69
23044079.0,85,55
23044112.0,84,60
23044136.0,87,49
23044149.0,91,48
23044184.0,95,63
23044193.0,84,58
23044200.0,93,52
23044209.0,89,62
23044273.0,89,54
23044332.0,99,57
23044334.0,95,53
23044462.0,93,53
23044561.0,88,58
23044638.0,87,58
23044754.0,88,61
23044852.0,99,61
23044876.0,96,53
23044888.0,100,60
23044920.0,95,51
23044995.0,92,49
23045002.0,90,48
23045006.0,87,59
23045085.0,87,57
23045121.0,88,57
23045221.0,92,51
23045235.0,85,58
23045250.0,94,49
23045306.0,107,70
23045322.0,97,54
23045327.0,91,49
23045356.0,93,63
23045444.0,94,70
23045477.0,86,60
23045478.0,89,62
23045484.0,93,51
23045585.0,89,55
23045681.0,92,63
23045726.0,98,56
23045830.0,88,54
23045983.0,88,49
23046012.0,87,49
23046046.0,86,57
23046084.0,92,47
23046085.0,99,57
23046094.0,93,47
23046099.0,97,55
23046122.0,86,50
23046154.0,94,49
23046221.0,101,63
23046259.0,88,59
23046373.0,86,59
23046453.0,98,55
23046494.0,85,53
23046508.0,87,53
23046575.0,93,52
23046578.0,85,51
23046677.0,86,56
23046705.0,90,47
23046713.0,96,52
23046742.0,95,50
23046745.0,89,53
23046763.0,85,53
23046820.0,92,49
23046911.0,88,51
23047010.0,94,48
23047023.0,85,52
23047168.0,90,62
23047236.0,92,50
23047265.0,107,72
23047268.0,87,48
23047283.0,93,50
23047310.0,87,60
23047386.0,96,53
23047405.0,95,50
23047465.0,93,47
23047527.0,87,52
23047538.0,88,50
23047549.0,91,48
23047559.0,96,63
23047622.0,107,74
23047624.0,87,48
23047629.0,86,55
23047654.0,94,48
23047657.0,87,58
23047678.0,89,61
23047693.0,85,58
23047756.0,102,62
23047798.0,92,48
23047804.0,85,55
23047886.0,98,55
23047923.0,96,52
23047947.0,99,58
23047990.0,100,58
23048079.0,87,57
23048104.0,87,56
23048145.0,88,47
23048226.0,97,54
23048275.0,99,56
23048288.0,88,61
23048425.0,94,52
23048478.0,94,65
23048530.0,92,49
23048532.0,87,51
23048536.0,95,49
23048569.0,87,56
23048679.0,91,51
23048698.0,89,60
23048732.0,88,60
23048789.0,93,49
23048818.0,100,59
23048839.0,90,49
23048850.0,93,51
23048901.0,66,120
23048911.0,96,51
23048921.0,107,71
23048960.0,92,47
23048969.0,97,53
23049000.0,86,56
23049054.0,89,47
23049065.0,85,56
23049078.0,90,49
23049100.0,91,61
23049121.0,91,47
23049155.0,88,49
23049177.0,92,49
23049187.0,87,48
23049210.0,87,50
23049374.0,87,57
23049430.0,86,54
23049544.0,85,57
23049577.0,95,49
23049612.0,107,70
23049707.0,86,58
23049728.0,96,51
23049769.0,88,58
23049771.0,86,53
23049773.0,86,56
23049827.0,93,52
23049834.0,88,53
23049878.0,98,57
23049891.0,89,47
23049949.0,89,54
23049956.0,107,72
23050107.0,102,65
23050109.0,87,55
23050120.0,88,52
23050176.0,90,61
23050212.0,95,48
23050216.0,100,58
23050284.0,89,55
23050356.0,97,70
23050398.0,103,64
23050415.0,93,51
23050418.0,94,64
23050484.0,96,50
23050501.0,94,51
23050535.0,93,50
23050611.0,92,48
23050654.0,97,71
23050747.0,107,69
23050748.0,89,51
23051069.0,88,56
23051088.0,89,53
23051098.0,89,61
23051148.0,87,59
23051166.0,93,48
23051202.0,90,57
23051256.0,97,63
23051263.0,92,48
23051306.0,89,61
23051349.0,94,50
23051372.0,95,64
23051391.0,99,72
23051407.0,87,60
23051429.0,88,57
23051485.0,88,56
23051494.0,88,48
23051508.0,94,52
23051543.0,86,52
23051579.0,90,53
23051650.0,102,63
23051655.0,88,60
23051693.0,97,53
23051736.0,88,48
23051792.0,87,49
23051867.0,91,62
23051896.0,88,47
23051916.0,95,47
23051967.0,89,60
23051974.0,102,66
23051976.0,86,50
23052012.0,93,49
23052028.0,96,49
23052034.0,93,62
23052079.0,97,69
23052103.0,100,57
23052185.0,93,47
23052279.0,91,47
23052281.0,86,51
23052411.0,97,52
23052423.0,87,56
23052432.0,95,63
23052441.0,94,51
23052522.0,93,56
23052554.0,89,57
23052600.0,89,50
23052693.0,99,57
23052808.0,88,51
23052841.0,92,47
23052972.0,99,55
23052975.0,94,49
23052983.0,97,68
23053003.0,88,50
23053024.0,89,49
23053135.0,90,54
23053174.0,52,55
23053186.0,87,53
23053242.0,98,53
23053296.0,96,49
23053387.0,86,50
23053388.0,95,52
23053412.0,102,65
23053444.0,101,60
23053479.0,95,50
23053594.0,95,52
23053658.0,91,48
23053696.0,93,50
23053697.0,87,54
23053699.0,96,48
23053712.0,98,54
23053721.0,87,58
23053742.0,89,56
23053791.0,94,46
23053814.0,103,72
23053858.0,94,48
23053881.0,97,51
23053935.0,91,48
23053940.0,94,64
23053995.0,92,46
23054000.0,95,46
23054031.0,94,62
23054074.0,87,59
23054078.0,100,56
23054090.0,89,48
23054104.0,96,50
23054149.0,94,51
23054265.0,94,74
23054333.0,90,53
23054408.0,88,59
23054434.0,88,55
23054510.0,88,49
23054568.0,86,55
23054619.0,93,52
23054742.0,95,64
23054773.0,91,53
23054939.0,95,46
23054983.0,89,52
23054983.0,96,63
23055036.0,98,53
23055112.0,89,47
23055144.0,90,53
23055203.0,89,57
23055212.0,91,47
23055254.0,91,61
23055266.0,95,51
23055277.0,92,46
23055302.0,99,54
23055307.0,95,49
23055337.0,101,59
23055393.0,97,50
23055418.0,94,47
23055431.0,88,56
23055454.0,94,50
23055460.0,89,48
23055468.0,93,48
23055491.0,95,50
23055497.0,85,56
23055499.0,96,47
23055543.0,97,49
23055555.0,86,56
23055558.0,90,51
23055641.0,95,51
23055650.0,99,56
23055652.0,95,50
23055658.0,88,54
23055673.0,102,63
23055690.0,90,61
23055730.0,92,49
23055777.0,103,64
23055786.0,95,63
23055787.0,100,56
23055831.0,97,52
23055954.0,93,47
23055980.0,95,64
23056048.0,87,57
23056082.0,89,53
23056101.0,93,53
23056148.0,94,46
23056177.0,87,55
23056205.0,98,52
23056229.0,93,62
23056294.0,89,55
23056299.0,97,49
23056303.0,89,59
23056313.0,93,52
23056333.0,94,49
23056362.0,90,46
23056439.0,90,50
23056442.0,99,76
23056477.0,96,48
23056498.0,89,51
23056513.0,87,57
23056585.0,92,61
23056709.0,91,49
23056719.0,89,47
23056726.0,87,52
23056741.0,91,53
23056784.0,87,55
23056837.0,89,50
23056858.0,91,52
23056882.0,95,48
23056963.0,101,57
23056977.0,87,50
23057049.0,101,58
23057053.0,89,60
23057100.0,95,62
23057105.0,100,55
23057127.0,93,46
23057149.0,98,51
23057163.0,90,60
23057163.0,92,48
23057181.0,97,48
23057201.0,88,48
23057211.0,91,46
23057239.0,89,51
23057241.0,89,57
23057484.0,90,56
23057614.0,90,49
23057629.0,90,52
23057643.0,95,51
23057729.0,101,59
23057753.0,88,51
23057759.0,95,64
23057811.0,86,55
23057834.0,96,51
23057876.0,90,49
23057886.0,95,52
23057904.0,88,55
23057978.0,99,55
23057984.0,90,50
23058090.0,99,53
23058092.0,100,55
23058095.0,94,48
23058144.0,90,47
23058164.0,98,51
23058234.0,96,50
23058243.0,91,53
23058296.0,97,48
23058310.0,87,56
23058384.0,89,48
23058402.0,92,48
23058424.0,95,47
23058426.0,95,50
23058438.0,73,120
23058452.0,97,47
23058460.0,96,47
23058475.0,89,55
23058547.0,89,56
23058580.0,88,53
23058878.0,91,51
23058922.0,98,50
23058937.0,98,71
23058996.0,101,57
23059050.0,94,62
23059079.0,96,62
23059118.0,91,46
23059135.0,97,47
23059253.0,95,46
23059308.0,89,49
23059331.0,92,49
23059350.0,91,53
23059374.0,90,48
23059390.0,89,54
23059429.0,91,50
23059434.0,93,61
23059459.0,94,61
23059465.0,88,55
23059483.0,95,63
23059486.0,95,50
23059573.0,96,49
23059695.0,89,48
23059709.0,90,46
23059736.0,95,46
23059739.0,88,58
23059850.0,92,46
23059867.0,88,53
23059946.0,95,63
23060059.0,97,46
23060171.0,94,46
23060221.0,98,49
23060283.0,87,58
23060323.0,88,52
23060373.0,92,46
23060391.0,90,51
23060493.0,96,48
23060540.0,96,63
23060573.0,90,55
23060662.0,88,54
23060716.0,89,55
23060731.0,87,58
23060741.0,94,47
23060746.0,99,52
23060867.0,92,53
23060953.0,89,54
23061017.0,96,47
23061051.0,98,48
23061057.0,100,54
23061077.0,87,55
23061087.0,90,59
23061095.0,91,49
23061105.0,91,52
23061173.0,87,54
23061255.0,89,53
23061306.0,90,50
23061319.0,91,56
23061345.0,95,48
23061360.0,100,57
23061368.0,92,56
23061376.0,88,54
23061377.0,87,58
23061390.0,91,59
23061454.0,102,59
23061482.0,92,52
23061535.0,88,51
23061596.0,89,58
23061642.0,94,46
23061643.0,88,48
23061657.0,87,58
23061694.0,91,45
23061696.0,88,49
23061707.0,103,65
23061717.0,101,56
23061717.0,93,46
23061722.0,93,47
23061803.0,88,50
23061811.0,89,55
23061884.0,95,49
23061886.0,92,60
23061889.0,101,60
23061985.0,98,47
23062003.0,98,48
23062051.0,96,64
23062073.0,97,46
23062085.0,90,49
23062183.0,90,48
23062221.0,99,51
23062234.0,92,45
23062314.0,95,63
23062332.0,102,61
23062341.0,91,48
23062427.0,92,53
23062437.0,97,51
23062567.0,99,50
23062675.0,95,62
23062745.0,99,51
23062747.0,90,54
23062812.0,96,63
23062828.0,88,54
23062829.0,91,52
23062918.0,101,55
23062947.0,90,48
23062948.0,88,57
23062968.0,89,51
23062970.0,89,47
23062974.0,96,46
23063011.0,88,56
23063013.0,100,55
23063054.0,94,45
23063055.0,100,54
23063057.0,90,58
23063066.0,98,46
23063076.0,99,49
23063136.0,92,51
23063151.0,95,47
23063176.0,108,70
23063177.0,96,47
23063211.0,91,79
23063317.0,93,47
23063360.0,99,52
23063372.0,96,50
23063387.0,98,50
23063397.0,90,56
23063404.0,89,53
23063465.0,88,47
23063511.0,90,47
23063634.0,91,47
23063664.0,91,55
23063669.0,96,47
23063691.0,92,45
23063944.0,97,50
23063954.0,97,49
23063960.0,101,55
23063999.0,91,46
23064060.0,97,63
23064111.0,88,47
23064126.0,100,53
23064140.0,104,63
23064141.0,107,77
23064141.0,89,57
23064143.0,99,49
23064155.0,89,54
23064179.0,97,47
23064230.0,90,52
23064240.0,90,47
23064251.0,97,49
23064310.0,89,52
23064329.0,97,48
23064338.0,98,63
23064350.0,98,46
23064368.0,88,55
23064383.0,108,71
23064426.0,97,63
23064589.0,95,45
23064605.0,93,60
23064669.0,87,54
23064689.0,91,50
23064705.0,99,50
23064715.0,91,45
23064739.0,97,49
23064740.0,103,66
23064752.0,91,55
23064763.0,95,46
23064782.0,102,57
23064804.0,89,54
23064829.0,92,50
23064837.0,102,59
23064876.0,90,55
23064897.0,93,60
23064929.0,102,58
23064966.0,92,52
23065051.0,99,48
23065074.0,96,49
23065080.0,97,62
23065085.0,92,49
23065205.0,96,62
23065219.0,89,48
23065266.0,100,52
23065279.0,96,61
23065296.0,93,45
23065405.0,91,56
23065425.0,101,54
23065539.0,89,51
23065581.0,97,46
23065587.0,97,51
23065593.0,95,61
23065621.0,103,62
23065626.0,100,68
23065640.0,90,46
23065656.0,90,53
23065745.0,93,52
23065763.0,95,45
23065779.0,90,58
23065842.0,99,47
23065936.0,88,53
23066061.0,90,46
23066071.0,99,46
23066072.0,97,64
23066098.0,95,50
23066136.0,96,47
23066164.0,96,48
23066173.0,91,48
23066187.0,100,51
23066224.0,91,51
23066227.0,92,48
23066313.0,91,47
23066341.0,93,60
23066390.0,95,50
23066402.0,93,51
23066445.0,97,50
23066557.0,100,50
23066587.0,91,54
23066613.0,91,59
23066637.0,87,55
23066664.0,94,50
23066680.0,94,61
23066700.0,102,56
23066707.0,97,63
23066719.0,96,46
23066720.0,92,51
23066803.0,92,59
23066826.0,92,55
23066855.0,98,52
23066937.0,103,63
23066952.0,89,50
23066962.0,89,49
23067090.0,98,51
23067099.0,108,72
23067134.0,88,54
23067137.0,102,57
23067138.0,92,47
23067141.0,100,51
23067146.0,98,50
23067153.0,104,62
23067185.0,95,73
23067247.0,89,48
23067276.0,98,45
23067304.0,100,49
23067380.0,91,49
23067447.0,89,55
23067463.0,91,58
23067471.0,98,48
23067528.0,97,49
23067576.0,89,53
23067647.0,87,55
23067753.0,101,55
23067805.0,100,48
23067860.0,90,52
23068015.0,99,47
23068027.0,91,55
23068148.0,97,50
23068178.0,94,60
23068179.0,87,55
23068208.0,100,50
23068265.0,96,63
23068268.0,100,52
23068272.0,101,58
23068314.0,91,47
23068325.0,98,62
23068343.0,93,50
23068411.0,93,59
23068429.0,92,46
23068430.0,92,60
23068456.0,102,58
23068480.0,98,46
23068524.0,89,56
23068609.0,92,56
23068700.0,98,49
23068751.0,98,47
23068755.0,101,53
23068804.0,93,56
23068809.0,90,57
23068841.0,100,48
23068946.0,89,53
23068972.0,93,49
23068993.0,89,56
23069016.0,92,49
23069022.0,96,45
23069151.0,92,50
23069183.0,100,49
23069215.0,100,47
23069239.0,92,51
23069252.0,91,53
23069383.0,100,53
23069387.0,96,51
23069394.0,97,48
23069516.0,93,44
23069606.0,90,54
23069623.0,99,46
23069649.0,90,47
23069660.0,89,54
23069663.0,95,46
23069668.0,100,46
23069740.0,89,56
23069743.0,94,44
23069773.0,98,51
23069785.0,99,45
23069869.0,92,47
23069897.0,101,53
23070023.0,93,52
23070089.0,101,52
23070154.0,92,54
23070158.0,96,62
23070229.0,92,48
23070270.0,90,53
23070278.0,91,55
23070292.0,92,58
23070337.0,93,51
23070372.0,91,54
23070379.0,91,57
23070406.0,91,51
23070463.0,91,46
23070477.0,90,51
23070570.0,95,61
23070573.0,90,48
23070612.0,103,59
23070630.0,93,58
23070633.0,91,52
23070668.0,90,50
23070672.0,102,56
23070708.0,92,47
23070760.0,100,47
23070776.0,94,59
23070791.0,94,47
23070796.0,103,72
23070801.0,104,66
23070802.0,93,46
23070812.0,92,52
23070813.0,94,51
23070815.0,90,49
23070990.0,98,50
23070994.0,93,51
23071036.0,100,46
23071039.0,92,49
23071054.0,90,50
23071061.0,97,47
23071067.0,93,46
23071074.0,101,51
23071086.0,100,51
23071096.0,90,56
23071120.0,95,45
23071130.0,93,48
23071133.0,97,46
23071148.0,95,46
23071151.0,101,50
23071175.0,93,47
23071238.0,92,54
23071255.0,103,57
23071262.0,99,49
23071318.0,98,46
23071383.0,97,62
23071420.0,70,59
23071429.0,93,51
23071493.0,92,46
23071506.0,93,45
23071509.0,93,48
23071574.0,99,50
23071650.0,101,49
23071755.0,94,50
23071768.0,102,54
23071780.0,93,46
23071781.0,101,50
23071823.0,93,50
23071865.0,97,45
23071888.0,98,45
23071937.0,99,48
23071997.0,95,60
23072034.0,93,59
23072079.0,93,45
23072085.0,103,58
23072109.0,99,46
23072115.0,101,48
23072162.0,98,49
23072177.0,94,44
23072177.0,90,50
23072206.0,101,54
23072210.0,100,45
23072344.0,89,52
23072364.0,99,51
23072480.0,99,47
23072484.0,89,53
23072537.0,91,56
23072583.0,91,57
23072617.0,102,55
23072656.0,98,47
23072671.0,90,50
23072766.0,101,47
23072776.0,92,46
23072781.0,91,51
23072808.0,96,63
23072815.0,96,47
23072823.0,95,47
23072850.0,95,44
23072926.0,91,53
23073003.0,93,45
23073035.0,105,66
23073044.0,101,71
23073047.0,93,49
23073106.0,90,54
23073180.0,92,53
23073182.0,96,61
23073228.0,103,56
23073235.0,102,53
23073272.0,99,45
23073302.0,96,46
23073307.0,101,52
23073341.0,101,46
23073352.0,95,59
23073388.0,92,59
23073527.0,101,51
23073539.0,92,54
23073570.0,97,61
23073573.0,98,47
23073594.0,90,54
23073622.0,93,47
23073654.0,101,47
23073664.0,97,44
23073743.0,98,48
23073765.0,94,49
23073782.0,91,46
23073795.0,91,47
23073816.0,96,47
23073881.0,98,50
23073891.0,90,52
23073936.0,91,49
23073946.0,92,57
23073987.0,93,46
23073993.0,94,48
23074094.0,94,46
23074230.0,91,48
23074365.0,101,46
23074389.0,105,65
23074401.0,92,52
23074439.0,98,45
23074471.0,90,54
23074516.0,94,51
23074596.0,91,50
23074618.0,91,52
23074656.0,97,62
23074685.0,97,44
23074694.0,103,57
23074723.0,90,55
23074732.0,108,73
23074786.0,98,46
23074918.0,91,52
23074981.0,102,54
23074989.0,94,47
23074998.0,96,45
23075052.0,95,74
23075080.0,94,59
23075091.0,94,45
23075130.0,103,55
23075174.0,101,45
23075184.0,89,52
23075200.0,98,45
23075213.0,108,72
23075254.0,95,51
23075255.0,91,56
23075257.0,99,50
23075319.0,100,48
23075338.0,102,50
23075348.0,92,52
23075386.0,103,56
23075390.0,96,45
23075435.0,95,56
23075455.0,100,51
23075535.0,94,52
23075548.0,102,51
23075566.0,98,51
23075590.0,96,46
23075614.0,93,54
23075625.0,89,53
23075712.0,90,53
23075725.0,97,48
23075807.0,94,50
23075815.0,97,63
23075829.0,93,58
23075852.0,100,49
23075932.0,103,60
23075941.0,92,51
23075963.0,94,44
23076020.0,102,53
23076044.0,99,51
23076087.0,96,44
23076108.0,100,50
23076141.0,94,54
23076153.0,90,53
23076201.0,100,47
23076253.0,102,50
23076269.0,95,50
23076304.0,104,65
23076305.0,93,50
23076325.0,94,50
23076369.0,97,47
23076401.0,92,53
23076443.0,102,49
23076469.0,94,49
23076550.0,91,52
23076565.0,99,49
23076599.0,91,55
23076605.0,100,45
23076617.0,98,44
23076619.0,93,45
23076648.0,93,53
23076717.0,94,58
23076725.0,100,46
23076750.0,102,47
23076893.0,92,56
23076906.0,92,46
23076927.0,97,46
23077088.0,99,47
23077189.0,97,48
23077249.0,102,46
23077289.0,93,48
23077299.0,97,46
23077326.0,103,54
23077358.0,102,51
23077364.0,102,52
23077427.0,92,57
23077456.0,97,44
23077509.0,94,48
23077679.0,96,62
23077746.0,91,87
23077770.0,102,48
23077814.0,95,47
23077819.0,97,49
23077904.0,92,49
23077914.0,94,47
23077931.0,93,57
23077952.0,94,57
23078012.0,92,52
23078204.0,90,53
23078237.0,93,51
23078265.0,95,51
23078296.0,93,52
23078300.0,96,43
23078301.0,92,47
23078398.0,95,58
23078432.0,94,46
23078490.0,97,61
23078494.0,98,62
23078501.0,95,49
23078519.0,99,46
23078574.0,99,45
23078593.0,98,50
23078627.0,95,44
23078662.0,93,54
23078667.0,103,53
23078706.0,103,55
23078731.0,96,60
23078738.0,102,45
23078784.0,92,50
23078785.0,90,52
23078842.0,95,55
23078859.0,102,50
23079142.0,95,50
23079213.0,104,58
23079247.0,94,45
23079288.0,104,59
23079305.0,101,47
23079315.0,92,52
23079379.0,104,56
23079397.0,95,54
23079405.0,95,46
23079423.0,95,48
23079506.0,92,46
23079564.0,91,51
23079591.0,91,53
23079598.0,101,45
23079647.0,104,61
23079687.0,103,52
23079696.0,90,50
23079707.0,94,58
23079735.0,103,53
23079756.0,92,51
23079772.0,101,46
23079821.0,101,50
23079856.0,103,49
23079960.0,101,48
23080063.0,104,60
23080141.0,101,51
23080193.0,95,49
23080287.0,97,47
23080348.0,99,61
23080379.0,99,44
23080399.0,95,59
23080422.0,93,44
23080433.0,109,70
23080485.0,98,47
23080495.0,100,49
23080523.0,102,49
23080540.0,103,50
23080548.0,103,52
23080559.0,94,49
23080564.0,91,52
23080575.0,91,54
23080633.0,103,57
23080640.0,94,53
23080661.0,98,46
23080686.0,103,51
23080689.0,93,44
23080701.0,96,50
23080754.0,92,55
23080776.0,95,45
23080915.0,109,71
23080958.0,93,53
23080981.0,103,46
23081016.0,104,56
23081055.0,103,47
23081058.0,93,51
23081113.0,103,48
23081146.0,95,48
23081153.0,100,51
23081185.0,95,55
23081199.0,101,49
23081209.0,92,51
23081312.0,98,46
23081331.0,100,46
23081344.0,95,50
23081361.0,101,50
23081415.0,98,45
23081455.0,96,59
23081547.0,97,44
23081582.0,104,57
23081609.0,103,48
23081723.0,95,46
23081726.0,93,56
23081731.0,104,55
23081745.0,96,47
23081770.0,96,48
23081800.0,94,52
23081810.0,100,47
23081838.0,93,52
23081955.0,103,45
23082008.0,99,62
23082010.0,98,47
23082028.0,98,48
23082083.0,96,48
23082086.0,98,44
23082114.0,96,47
23082133.0,100,45
23082161.0,93,48
23082350.0,100,44
23082359.0,103,54
23082503.0,100,49
23082541.0,95,45
23082560.0,96,49
23082609.0,96,44
23082712.0,103,49
23082776.0,93,50
23082803.0,93,46
23082877.0,98,44
23082996.0,103,50
23083009.0,92,51
23083073.0,104,54
23083079.0,96,46
23083114.0,96,45
23083119.0,56,59
23083175.0,93,55
23083206.0,98,43
23083215.0,102,45
23083231.0,93,50
23083251.0,96,58
23083310.0,96,75
23083332.0,91,52
23083375.0,95,58
23083394.0,93,46
23083427.0,102,46
23083539.0,96,50
23083596.0,102,48
23083642.0,99,50
23083649.0,92,54
23083708.0,95,53
23083736.0,102,49
23083764.0,91,51
23083801.0,102,47
23083916.0,93,51
23083946.0,93,49
23083962.0,104,48
23084004.0,96,43
23084023.0,94,51
23084026.0,96,49
23084079.0,91,51
23084103.0,103,51
23084107.0,101,50
23084148.0,104,49
23084267.0,100,71
23084269.0,104,53
23084348.0,104,50
23084354.0,92,52
23084372.0,92,53
23084391.0,104,52
23084415.0,94,53
23084419.0,98,45
23084420.0,104,51
23084440.0,102,50
23084461.0,97,50
23084461.0,96,50
23084481.0,94,45
23084516.0,95,49
23084562.0,101,49
23084584.0,98,49
23084586.0,97,59
23084639.0,104,46
23084856.0,94,56
23084870.0,109,72
23084893.0,101,47
23084925.0,104,54
23084972.0,101,46
23084994.0,99,50
23085018.0,92,50
23085089.0,94,57
23085091.0,99,56
23085132.0,97,60
23085142.0,94,50
23085159.0,94,56
23085171.0,93,51
23085207.0,104,51
23085208.0,97,49
23085285.0,104,45
23085337.0,96,49
23085450.0,96,46
23085485.0,95,52
23085489.0,99,44
23085511.0,101,44
23085519.0,102,46
23085591.0,101,48
23085620.0,99,46
23085635.0,104,55
23085644.0,104,48
23085646.0,101,45
23085653.0,100,48
23085689.0,104,61
23085701.0,106,63
23085707.0,105,57
23085716.0,104,58
23085768.0,94,46
23085775.0,104,47
23085822.0,97,47
23085834.0,102,46
23085838.0,104,50
23085861.0,96,47
23085910.0,97,46
23085946.0,104,46
23085971.0,97,48
23086070.0,97,44
23086201.0,106,65
23086230.0,97,45
23086244.0,105,65
23086247.0,98,46
23086317.0,97,43
23086392.0,105,56
23086396.0,93,54
23086410.0,104,45
23086493.0,99,48
23086557.0,103,45
23086562.0,98,61
23086607.0,101,44
23086632.0,97,45
23086709.0,94,56
23086735.0,92,50
23086756.0,105,58
23086861.0,95,47
23086874.0,99,49
23086874.0,106,64
23086901.0,94,49
23086949.0,94,48
23087066.0,92,51
23087139.0,93,50
23087160.0,104,52
23087161.0,96,44
23087167.0,103,47
23087241.0,103,48
23087246.0,100,49
23087260.0,104,53
23087414.0,105,55
23087425.0,104,57
23087433.0,105,59
23087471.0,93,55
23087586.0,94,55
23087610.0,104,49
23087659.0,98,62
23087699.0,94,51
23087754.0,105,63
23087779.0,96,53
23087839.0,93,55
23087854.0,94,55
23087933.0,103,46
23087938.0,94,52
23087940.0,105,49
23087957.0,105,55
23088031.0,105,46
23088032.0,105,48
23088104.0,95,57
23088116.0,100,44
23088123.0,109,73
23088169.0,93,50
23088279.0,105,56
23088313.0,103,49
23088423.0,96,57
23088435.0,105,47
23088505.0,95,45
23088517.0,97,49
23088523.0,97,51
23088525.0,93,53
23088572.0,99,43
23088602.0,105,49
23088655.0,105,57
23088658.0,105,54
23088706.0,105,45
23088761.0,95,50
23088790.0,103,50
23088814.0,100,45
23088821.0,101,70
23088832.0,102,45
23088847.0,95,51
23088853.0,105,51
23088863.0,99,44
23088878.0,105,48
23088899.0,105,60
23088914.0,101,43
23088991.0,92,50
23088995.0,102,47
23089070.0,103,49
23089134.0,98,49
23089157.0,102,44
23089168.0,102,49
23089204.0,104,52
23089261.0,102,46
23089263.0,96,58
23089275.0,105,50
23089385.0,93,52
23089430.0,104,51
23089477.0,105,46
23089507.0,105,59
23089516.0,95,54
23089576.0,103,49
23089638.0,93,51
23089662.0,102,50
23089744.0,98,50
23089774.0,105,53
23089788.0,103,51
23089796.0,94,54
23089804.0,98,43
23089826.0,95,50
23089850.0,93,51
23089923.0,105,45
23089931.0,100,45
23089931.0,102,48
23089946.0,97,44
23089986.0,101,49
23089994.0,94,50
23090049.0,105,51
23090086.0,97,48
23090165.0,98,46
23090196.0,105,52
23090204.0,95,47
23090224.0,95,56
23090236.0,95,52
23090252.0,98,48
23090270.0,95,51
23090374.0,98,47
23090416.0,105,54
23090575.0,98,45
23090595.0,100,49
23090612.0,105,58
23090646.0,100,43
23090681.0,98,47
23090731.0,102,44
23090835.0,94,55
23090848.0,96,53
23090894.0,95,53
23090900.0,95,49
23090902.0,41,78
23090955.0,98,50
23090964.0,104,45
23091062.0,100,48
23091144.0,99,45
23091175.0,93,49
23091175.0,95,51
23091275.0,96,52
23091308.0,104,47
23091339.0,97,44
23091344.0,105,52
23091381.0,104,48
23091412.0,93,51
23091471.0,96,44
23091645.0,97,50
23091744.0,104,46
23091754.0,101,49
23091803.0,105,55
23091849.0,106,46
23091867.0,94,50
23091873.0,95,50
23091937.0,105,61
23091949.0,104,49
23091956.0,101,50
23091991.0,95,55
23092002.0,93,50
23092017.0,106,48
23092031.0,106,49
23092142.0,100,44
23092202.0,98,49
23092211.0,101,47
23092231.0,97,59
23092353.0,101,44
23092375.0,106,47
23092394.0,103,45
23092417.0,100,42
23092446.0,101,48
23092492.0,96,56
23092498.0,98,48
23092545.0,96,50
23092555.0,94,49
23092583.0,106,49
23092585.0,94,53
23092594.0,98,45
23092668.0,95,50
23092683.0,98,50
23092692.0,103,44
23092716.0,106,46
23092785.0,101,44
23092787.0,102,43
23092792.0,94,52
23092819.0,105,50
23092917.0,96,50
23092932.0,106,50
23093006.0,103,49
23093034.0,99,45
23093039.0,99,50
23093064.0,99,44
23093090.0,103,44
23093127.0,99,49
23093245.0,96,57
23093250.0,98,44
23093291.0,106,48
23093294.0,103,46
23093397.0,96,51
23093427.0,98,58
23093446.0,94,49
23093474.0,104,49
23093492.0,103,47
23093496.0,95,48
23093553.0,106,45
23093618.0,101,50
23093625.0,103,50
23093638.0,101,49
23093639.0,98,60
23093652.0,99,43
23093662.0,104,50
23093662.0,95,50
23093685.0,101,47
23093692.0,101,48
23093820.0,99,61
23093978.0,105,45
23093986.0,96,49
23094102.0,106,51
23094125.0,99,48
23094146.0,95,54
23094156.0,106,50
23094234.0,96,50
23094263.0,103,48
23094281.0,97,52
23094284.0,103,43
23094295.0,105,46
23094496.0,98,59
23094523.0,99,46
23094529.0,102,43
23094539.0,96,47
23094547.0,103,44
23094560.0,101,42
23094562.0,106,58
23094569.0,94,51
23094777.0,106,54
23094795.0,101,43
23094814.0,94,50
23094818.0,96,51
23094823.0,99,50
23094838.0,105,53
23094845.0,91,87
23094958.0,92,85
23094975.0,97,46
23094980.0,98,46
23095009.0,97,44
23095014.0,106,51
23095022.0,105,47
23095023.0,106,52
23095072.0,96,52
23095094.0,107,46
23095118.0,97,51
23095120.0,97,58
23095133.0,106,58
23095230.0,102,44
23095280.0,106,56
23095287.0,97,57
23095308.0,106,53
23095343.0,105,51
23095441.0,97,58
23095491.0,99,47
23095590.0,106,55
23095607.0,101,45
23095689.0,96,55
23095698.0,107,47
23095843.0,104,45
23095889.0,102,46
23096014.0,96,56
23096015.0,102,45
23096060.0,95,53
23096067.0,98,52
23096088.0,105,48
23096098.0,107,48
23096125.0,107,46
23096143.0,102,46
23096144.0,104,44
23096159.0,98,57
23096169.0,95,49
23096211.0,96,50
23096222.0,95,46
23096224.0,102,49
23096267.0,106,59
23096268.0,97,45
23096311.0,104,47
23096343.0,91,86
23096344.0,91,88
23096356.0,105,49
23096403.0,104,46
23096437.0,107,49
23096534.0,99,48
23096540.0,102,50
23096587.0,102,43
23096644.0,98,48
23096691.0,107,47
23096721.0,100,42
23096725.0,99,46
23096801.0,99,49
23096822.0,104,49
23096892.0,97,50
23096950.0,99,45
23096952.0,105,59
23097014.0,102,42
23097035.0,102,45
23097101.0,98,53
23097147.0,100,44
23097211.0,107,50
23097216.0,100,43
23097219.0,106,52
23097266.0,96,54
23097268.0,107,48
23097275.0,107,49
23097290.0,99,47
23097307.0,104,50
23097403.0,104,43
23097414.0,100,55
23097427.0,102,44
23097433.0,95,52
23097455.0,100,48
23097530.0,104,47
23097692.0,97,49
23097707.0,107,66
23097718.0,104,49
23097832.0,102,49
23097853.0,95,50
23097869.0,94,49
23097870.0,102,50
23098019.0,99,43
23098038.0,105,50
23098042.0,106,57
23098099.0,95,48
23098121.0,97,47
23098177.0,102,48
23098242.0,107,65
23098289.0,106,46
23098295.0,100,49
23098298.0,107,51
23098335.0,100,46
23098345.0,107,50
23098352.0,103,44
23098367.0,110,72
23098404.0,105,49
23098405.0,100,47
23098473.0,97,52
23098481.0,105,52
23098534.0,98,52
23098538.0,106,53
23098543.0,101,42
23098567.0,106,52
23098574.0,107,62
23098769.0,100,45
23098771.0,108,47
23098822.0,110,70
23098893.0,95,51
23098968.0,106,51
23098974.0,107,51
23098977.0,103,45
23098998.0,95,48
23099013.0,106,45
23099040.0,96,49
23099134.0,107,56
23099150.0,97,46
23099153.0,105,56
23099172.0,105,63
23099186.0,103,63
23099190.0,100,60
23099191.0,106,54
23099194.0,105,44
23099272.0,100,44
23099279.0,105,45
23099292.0,90,87
23099340.0,98,44
23099376.0,108,46
23099406.0,102,42
23099446.0,99,48
23099469.0,105,51
23099499.0,106,47
23099504.0,100,45
23099519.0,106,60
23099603.0,101,43
23099619.0,103,46
23099630.0,107,48
23099742.0,106,46
23099800.0,99,60
23099805.0,100,62
23099823.0,107,52
23099832.0,105,63
23099852.0,105,46
23099866.0,106,58
23099907.0,107,53
23099930.0,106,48
23099974.0,108,47
23100020.0,106,66
23100119.0,101,45
23100129.0,107,64
23100163.0,107,55
23100242.0,97,50
23100255.0,100,50
23100256.0,108,48
23100264.0,108,49
23100267.0,97,57
23100332.0,100,46
23100360.0,100,43
23100420.0,108,46
23100448.0,90,86
23100481.0,107,54
23100533.0,103,46
23100543.0,97,48
23100595.0,108,49
23100597.0,105,47
23100644.0,107,52
23100658.0,98,51
23100680.0,95,49
23100717.0,98,61
23100733.0,97,55
23100740.0,100,49
23100748.0,107,51
23100762.0,106,62
23100781.0,105,51
23100826.0,108,47
23100864.0,105,43
23100891.0,105,49
23100896.0,99,43
23100974.0,100,48
23101020.0,101,44
23101103.0,107,56
23101161.0,97,49
23101187.0,103,45
23101199.0,109,75
23101387.0,98,50
23101404.0,107,57
23101410.0,104,48
23101424.0,99,59
23101442.0,106,49
23101447.0,108,49
23101480.0,95,48
23101493.0,96,48
23101503.0,107,58
23101516.0,108,48
23101521.0,105,45
23101522.0,107,46
23101526.0,98,52
23101551.0,107,53
23101592.0,107,50
23101623.0,102,50
23101628.0,100,47
23101680.0,107,54
23101746.0,105,47
23101773.0,107,55
23101860.0,105,48
23101866.0,105,49
23101913.0,103,49
23101954.0,101,49
23101970.0,103,48
23101974.0,99,46
23102031.0,108,50
23102065.0,98,58
23102112.0,101,47
23102170.0,100,59
23102246.0,101,48
23102365.0,103,44
23102530.0,99,44
23102571.0,98,49
23102575.0,108,50
23102598.0,95,50
23102613.0,107,58
23102616.0,104,43
23102638.0,96,52
23102645.0,105,50
23102653.0,103,43
23102783.0,107,47
23102821.0,98,51
23102861.0,106,50
23102885.0,106,46
23103037.0,97,49
23103062.0,106,44
23103083.0,109,47
23103100.0,98,48
23103116.0,102,42
23103124.0,104,42
23103131.0,109,46
23103138.0,101,43
23103214.0,101,44
23103266.0,110,71
23103297.0,107,48
23103308.0,104,46
23103332.0,96,51
23103383.0,108,51
23103559.0,102,43
23103569.0,104,43
23103622.0,97,48
23103643.0,100,58
23103656.0,101,50
23103665.0,106,47
23103762.0,102,44
23103827.0,109,47
23103842.0,97,51
23103864.0,106,46
23103913.0,101,43
23103913.0,96,50
23103937.0,109,48
23104006.0,104,47
23104068.0,109,46
23104131.0,106,51
23104183.0,108,51
23104322.0,105,49
23104370.0,97,53
23104372.0,106,48
23104384.0,104,48
23104403.0,109,48
23104451.0,106,43
23104609.0,109,49
23104652.0,104,46
23104677.0,106,45
23104685.0,107,49
23104736.0,108,46
23104765.0,106,49
23104777.0,97,54
23104801.0,108,52
23104825.0,98,56
23104848.0,104,49
23104918.0,99,45
23105035.0,98,49
23105046.0,110,72
23105097.0,102,45
23105109.0,96,49
23105115.0,101,47
23105367.0,97,55
23105409.0,99,45
23105417.0,108,53
23105421.0,104,45
23105458.0,103,42
23105474.0,104,47
23105486.0,107,53
23105504.0,97,48
23105601.0,104,48
23105603.0,107,55
23105626.0,96,48
23105649.0,109,49
23105726.0,109,50
23105732.0,101,48
23105738.0,101,49
23105786.0,102,46
23105828.0,98,50
23105838.0,105,45
23105855.0,107,44
23105861.0,102,43
23106036.0,99,55
23106047.0,106,49
23106058.0,108,46
23106062.0,107,45
23106068.0,97,52
23106071.0,99,48
23106077.0,108,54
23106079.0,108,47
23106119.0,107,57
23106149.0,104,42
23106155.0,99,50
23106182.0,107,59
23106295.0,106,50
23106357.0,102,47
23106379.0,108,46
23106404.0,105,44
23106433.0,102,48
23106464.0,108,55
23106478.0,102,44
23106502.0,106,55
23106582.0,107,50
23106609.0,99,49
23106629.0,97,47
23106693.0,107,44
23106712.0,108,53
23106739.0,98,55
23106751.0,98,45
23106760.0,103,43
23106776.0,102,45
23106785.0,104,49
23106830.0,98,49
23106853.0,108,48
23106951.0,10,63
23106956.0,108,52
23106966.0,98,54
23106992.0,105,44
23107015.0,100,44
23107036.0,97,49
23107042.0,108,46
23107086.0,102,46
23107091.0,105,42
23107178.0,103,42
23107192.0,107,46
23107212.0,98,48
23107223.0,107,47
23107243.0,110,46
23107254.0,97,51
23107341.0,105,47
23107360.0,108,56
23107369.0,107,45
23107379.0,90,88
23107402.0,109,51
23107404.0,103,44
23107409.0,88,88
23107447.0,105,46
23107761.0,9,62
23107848.0,110,47
23107880.0,105,45
23107935.0,106,47
23107947.0,103,45
23107996.0,109,50
23108013.0,99,47
23108021.0,102,71
23108073.0,97,50
23108074.0,106,50
23108112.0,99,61
23108206.0,106,51
23108248.0,110,48
23108298.0,102,48
23108455.0,108,55
23108470.0,107,48
23108472.0,105,43
23108490.0,110,49
23108528.0,109,51
23108531.0,109,46
23108600.0,106,59
23108604.0,97,48
23108664.0,99,49
23108671.0,106,48
23108713.0,108,57
23108802.0,107,47
23108816.0,101,43
23108896.0,108,44
23108909.0,107,50
23108915.0,100,45
23108929.0,106,44
23108930.0,105,44
23108944.0,108,48
23108955.0,103,43
23108985.0,100,50
23109021.0,110,46
23109078.0,108,49
23109085.0,110,73
23109094.0,102,47
23109128.0,105,46
23109137.0,105,49
23109159.0,107,51
23109177.0,105,51
23109199.0,106,60
23109251.0,99,50
23109252.0,108,54
23109264.0,103,44
23109280.0,110,49
23109356.0,104,42
23109380.0,109,52
23109529.0,108,45
23109530.0,106,42
23109571.0,106,45
23109581.0,100,51
23109586.0,108,46
23109621.0,109,47
23109648.0,101,45
23109648.0,98,47
23109652.0,109,46
23109666.0,99,57
23109684.0,102,46
23109735.0,103,46
23110033.0,108,44
23110053.0,110,50
23110057.0,99,56
23110145.0,109,52
23110200.0,106,42
23110236.0,109,46
23110280.0,107,49
23110328.0,104,43
23110390.0,111,47
23110518.0,108,46
23110526.0,108,45
23110548.0,103,47
23110556.0,101,47
23110583.0,100,49
23110590.0,106,46
23110606.0,107,47
23110622.0,107,50
23110719.0,100,48
23110750.0,110,46
23110859.0,103,48
23110908.0,109,53
23110915.0,108,53
23110936.0,109,48
23110974.0,108,50
23111075.0,106,47
23111089.0,109,46
23111134.0,105,48
23111140.0,108,47
23111186.0,106,46
23111218.0,111,47
23111221.0,110,51
23111281.0,109,48
23111284.0,109,46
23111299.0,106,45
23111304.0,103,49
23111308.0,106,44
23111321.0,102,45
23111358.0,98,53
23111363.0,104,44
23111379.0,100,47
23111392.0,98,52
23111446.0,99,49
23111453.0,109,53
23111545.0,105,49
23111584.0,101,45
23111610.0,104,45
23111630.0,107,51
23111639.0,108,56
23111671.0,111,48
23111708.0,105,45
23111710.0,108,66
23111754.0,109,48
23111849.0,106,48
23111871.0,98,51
23111931.0,108,48
23111965.0,103,45
23111969.0,106,47
23111974.0,108,65
23111989.0,108,58
23111992.0,99,48
23112010.0,100,51
23112024.0,101,44
23112028.0,110,51
23112072.0,108,68
23112093.0,108,64
23112153.0,69,53
23112201.0,110,50
23112230.0,107,44
23112246.0,99,47
23112274.0,98,49
23112343.0,100,53
23112350.0,109,49
23112354.0,104,43
23112460.0,109,53
23112467.0,109,47
23112498.0,106,47
23112539.0,110,47
23112540.0,106,45
23112559.0,103,46
23112724.0,102,43
23112727.0,105,42
23112765.0,98,50
23112786.0,107,45
23112811.0,103,48
23112838.0,101,50
23112844.0,100,50
23112855.0,109,54
23112859.0,105,47
23112891.0,69,53
23112900.0,109,45
23112919.0,106,46
23112936.0,106,43
23112944.0,101,51
23112974.0,97,53
23112985.0,109,55
23113015.0,111,49
23113040.0,108,48
23113055.0,100,49
23113066.0,102,43
23113082.0,108,49
23113108.0,100,46
23113121.0,111,48
23113136.0,105,43
23113137.0,103,47
23113271.0,107,60
23113345.0,101,51
23113361.0,104,47
23113402.0,107,62
23113457.0,107,43
23113498.0,110,46
23113549.0,99,47
23113608.0,103,49
23113614.0,108,51
23113620.0,98,47
23113632.0,106,49
23113652.0,104,46
23113662.0,109,49
23113668.0,98,48
23113683.0,101,48
23113686.0,111,50
23113707.0,107,51
23113716.0,111,49
23113734.0,107,58
23113784.0,109,44
23113790.0,101,51
23113808.0,110,51
23113812.0,109,54
23113814.0,109,46
23113831.0,100,48
23113847.0,107,46
23113871.0,100,58
23113886.0,108,49
23113904.0,108,63
23113908.0,103,50
23113912.0,107,62
23113920.0,107,66
23113940.0,106,48
23113950.0,110,47
23113959.0,108,51
23114018.0,101,51
23114022.0,110,46
23114055.0,101,49
23114087.0,106,50
23114098.0,104,44
23114132.0,107,44
23114161.0,101,47
23114189.0,109,55
23114193.0,109,56
23114236.0,102,47
23114247.0,99,54
23114276.0,102,44
23114277.0,107,47
23114292.0,101,46
23114296.0,110,52
23114341.0,104,43
23114381.0,103,48
23114420.0,109,50
23114519.0,110,46
23114520.0,108,50
23114587.0,109,45
23114594.0,109,47
23114703.0,110,46
23114714.0,110,48
23114763.0,104,48
23114770.0,106,48
23114776.0,111,50
23114862.0,110,53
23114871.0,108,62
23114927.0,100,56
23114966.0,107,42
23115024.0,105,44
23115058.0,107,45
23115093.0,109,52
23115181.0,102,45
23115417.0,100,47
23115464.0,108,44
23115487.0,106,49
23115494.0,100,57
23115499.0,100,49
23115515.0,97,49
23115645.0,105,45
23115666.0,105,43
23115698.0,94,102
23115705.0,104,49
23115742.0,108,50
23115755.0,107,46
23115766.0,111,51
23115801.0,109,48
23115908.0,103,43
23115918.0,104,45
23115966.0,109,55
23115990.0,109,50
23115992.0,110,52
23115994.0,109,47
23116001.0,108,56
23116092.0,109,57
23116117.0,107,45
23116130.0,106,42
23116135.0,105,50
23116141.0,100,50
23116149.0,108,43
23116192.0,99,49
23116244.0,103,43
23116257.0,110,49
23116288.0,108,47
23116331.0,110,45
23116422.0,111,47
23116423.0,108,42
23116475.0,109,56
23116521.0,104,48
23116601.0,109,46
23116611.0,103,47
23116689.0,110,53
23116704.0,107,46
23116762.0,101,51
23116764.0,106,43
23116773.0,105,46
23116773.0,108,51
23116779.0,99,53
23116797.0,106,47
23116801.0,99,48
23116866.0,100,70
23116868.0,106,50
23116895.0,102,46
23116952.0,111,51
23117032.0,108,46
23117052.0,110,44
23117113.0,99,54
23117219.0,100,48
23117240.0,105,44
23117402.0,98,47
23117435.0,102,47
23117445.0,97,83
23117474.0,99,51
23117487.0,109,49
23117508.0,107,49
23117534.0,110,49
23117556.0,110,48
23117602.0,108,44
23117620.0,102,51
23117652.0,111,48
23117653.0,99,47
23117684.0,110,54
23117696.0,110,47
23117734.0,104,47
23117747.0,99,50
23117748.0,90,87
23117760.0,101,52
23117764.0,110,53
23117773.0,107,47
23117795.0,104,49
23117810.0,109,50
23117820.0,108,42
23117902.0,106,44
23118004.0,104,48
23118009.0,109,44
23118014.0,110,48
23118070.0,108,45
23118212.0,109,51
23118224.0,107,42
23118229.0,108,47
23118239.0,104,43
23118281.0,100,47
23118307.0,108,55
23118319.0,102,48
23118321.0,103,44
23118394.0,110,46
23118520.0,102,50
23118525.0,99,55
23118561.0,101,50
23118646.0,109,57
23118665.0,105,47
23118748.0,110,50
23118750.0,38,89
23118792.0,105,48
23118800.0,101,48
23118806.0,107,57
23118924.0,105,45
23118961.0,108,45
23118972.0,111,45
23119007.0,109,50
23119065.0,103,45
23119065.0,102,49
23119105.0,111,48
23119122.0,109,53
23119125.0,106,43
23119148.0,109,48
23119166.0,100,46
23119193.0,110,54
23119242.0,108,46
23119255.0,107,48
23119284.0,106,45
23119327.0,107,49
23119375.0,109,45
23119378.0,101,49
23119385.0,103,45
23119499.0,109,43
23119560.0,110,47
23119588.0,108,43
23119644.0,110,48
23119725.0,101,47
23119751.0,107,50
23119852.0,109,45
23119890.0,110,55
23119927.0,108,48
23119955.0,111,45
23119959.0,111,49
23120102.0,109,58
23120170.0,111,49
23120181.0,110,49
23120212.0,109,45
23120408.0,110,45
23120486.0,111,46
23120536.0,107,43
23120651.0,109,46
23120659.0,106,44
23120675.0,105,46
23120764.0,109,51
23120945.0,105,49
23120948.0,106,46
23120978.0,109,43
23121038.0,100,50
23121051.0,109,46
23121075.0,111,49
23121207.0,109,45
23121253.0,105,48
23121266.0,109,42
23121280.0,110,49
23121314.0,108,49
23121325.0,109,49
23121349.0,111,49
23121351.0,100,48
23121360.0,105,47
23121381.0,103,46
23121407.0,100,47
23121453.0,109,44
23121474.0,107,50
23121486.0,108,47
23121487.0,101,70
23121504.0,108,42
23121568.0,101,46
23121588.0,111,46
23121605.0,106,47
23121614.0,100,54
23121629.0,110,44
23121635.0,112,48
23121689.0,100,48
23121801.0,111,53
23121847.0,108,48
23121861.0,109,54
23121868.0,108,59
23121870.0,107,49
23121901.0,111,47
23121909.0,104,47
23121913.0,110,51
23121917.0,110,54
23121923.0,112,48
23121938.0,107,44
23121946.0,103,47
23122044.0,109,45
23122150.0,101,69
23122161.0,100,49
23122210.0,109,47
23122259.0,106,45
23122270.0,103,51
23122314.0,104,44
23122326.0,109,51
23122357.0,108,69
23122368.0,105,49
23122401.0,113,49
23122401.0,110,51
23122413.0,68,53
23122494.0,107,68
23122506.0,111,45
23122552.0,103,48
23122559.0,111,48
23122563.0,102,51
23122583.0,107,45
23122586.0,110,56
23122589.0,107,60
23122608.0,106,46
23122619.0,107,43
23122620.0,103,51
23122649.0,111,50
23122658.0,100,53
23122697.0,106,48
23122709.0,35,76
23122771.0,108,43
23122791.0,108,48
23122839.0,109,56
23122870.0,100,46
23122886.0,110,45
23122889.0,105,43
23122934.0,110,50
23123057.0,112,49
23123078.0,110,49
23123133.0,103,51
23123242.0,104,45
23123295.0,114,48
23123300.0,103,50
23123346.0,109,48
23123395.0,102,49
23123424.0,108,50
23123508.0,109,46
23123524.0,100,52
23123570.0,108,49
23123711.0,103,49
23123744.0,101,46
23123812.0,100,48
23123821.0,101,55
23123852.0,102,48
23123985.0,107,44
23123987.0,103,48
23124021.0,109,45
23124059.0,114,49
23124185.0,111,48
23124207.0,107,46
23124279.0,110,46
23124372.0,110,56
23124418.0,108,43
23124502.0,110,42
23124554.0,110,57
23124602.0,109,47
23124609.0,110,44
23124664.0,108,44
23124668.0,111,49
23124680.0,109,57
23124691.0,109,44
23124774.0,107,51
23124901.0,102,47
23124963.0,100,50
23124975.0,99,56
23125027.0,111,53
23125117.0,110,55
23125130.0,110,50
23125136.0,106,43
23125140.0,110,51
23125142.0,109,49
23125145.0,104,47
23125163.0,112,50
23125165.0,110,74
23125175.0,105,47
23125191.0,101,56
23125192.0,102,46
23125266.0,109,47
23125314.0,113,48
23125567.0,106,48
23125645.0,112,52
23125652.0,108,50
23125658.0,109,48
23125687.0,109,64
23125692.0,111,51
23125756.0,101,57
23125759.0,110,47
23125817.0,111,45
23125820.0,108,43
23125826.0,113,52
23125828.0,106,47
23125858.0,108,57
23125861.0,110,45
23125937.0,104,48
23125956.0,106,63
23125973.0,107,47
23126038.0,109,59
23126053.0,101,50
23126077.0,103,48
23126086.0,110,47
23126124.0,114,50
23126220.0,109,42
23126342.0,111,50
23126379.0,108,60
23126391.0,108,45
23126401.0,104,46
23126474.0,111,43
23126487.0,105,44
23126505.0,112,47
23126522.0,101,46
23126532.0,107,46
23126556.0,111,55
23126607.0,109,43
23126648.0,110,47
23126676.0,111,47
23126729.0,108,49
23126809.0,110,46
23126829.0,111,49
23126901.0,103,49
23126965.0,101,47
23127012.0,105,45
23127035.0,110,47
23127147.0,106,49
23127148.0,102,58
23127157.0,107,48
23127204.0,108,44
23127244.0,115,49
23127258.0,112,49
23127285.0,111,49
23127292.0,113,49
23127319.0,111,44
23127373.0,111,46
23127393.0,103,70
23127459.0,101,49
23127474.0,86,86
23127501.0,112,51
23127524.0,101,48
23127526.0,101,58
23127546.0,114,48
23127552.0,103,48
23127565.0,110,48
23127605.0,111,49
23127736.0,90,87
23127740.0,109,50
23127751.0,104,50
23127781.0,101,50
23127814.0,101,58
23127829.0,110,58
23127836.0,108,50
23127962.0,103,50
23127972.0,112,50
23127976.0,109,48
23127983.0,109,44
23128004.0,109,49
23128012.0,111,49
23128029.0,106,43
23128034.0,114,51
23128110.0,109,59
23128134.0,102,46
23128148.0,111,54
23128152.0,103,47
23128183.0,104,49
23128227.0,108,51
23128261.0,111,49
23128319.0,111,55
23128400.0,101,58
23128403.0,111,51
23128447.0,110,47
23128496.0,108,46
23128553.0,107,43
23128565.0,108,43
23128566.0,101,53
23128570.0,107,45
23128663.0,107,49
23128706.0,111,47
23128796.0,110,56
23128858.0,101,58
23128861.0,107,47
23128862.0,110,49
23128863.0,101,51
23128936.0,105,46
23128957.0,110,51
23128962.0,108,58
23128998.0,107,62
23129053.0,110,52
23129059.0,109,43
23129121.0,109,58
23129124.0,103,46
23129133.0,111,45
23129148.0,107,59
23129209.0,101,46
23129222.0,110,58
23129271.0,113,47
23129343.0,115,50
23129443.0,110,46
23129452.0,110,43
23129453.0,110,57
23129471.0,109,45
23129480.0,111,50
23129500.0,104,48
23129504.0,104,51
23129527.0,111,52
23129529.0,106,50
23129600.0,113,45
23129666.0,101,46
23129703.0,107,43
23129711.0,106,45
23129761.0,113,50
23129775.0,110,43
23129800.0,106,44
23129823.0,105,47
23129832.0,100,45
23129836.0,110,48
23129863.0,104,48
23129957.0,109,43
23129969.0,114,49
23130092.0,108,46
23130104.0,109,44
23130176.0,111,51
23130177.0,107,48
23130231.0,108,47
23130282.0,101,52
23130289.0,111,46
23130342.0,109,66
23130395.0,113,52
23130538.0,113,48
23130603.0,113,52
23130788.0,102,46
23130821.0,111,56
23130882.0,111,52
23130938.0,112,44
23131010.0,103,49
23131066.0,114,49
23131112.0,103,47
23131148.0,93,80
23131185.0,111,48
23131243.0,112,46
23131243.0,102,47
23131281.0,107,49
23131283.0,114,46
23131289.0,110,48
23131426.0,112,51
23131433.0,105,48
23131492.0,110,44
23131501.0,108,48
23131524.0,114,46
23131538.0,110,50
23131540.0,109,46
23131546.0,108,43
23131560.0,108,45
23131601.0,111,45
23131669.0,111,46
23131719.0,111,47
23131765.0,110,49
23131781.0,110,42
23131875.0,109,46
23132032.0,114,52
23132156.0,114,47
23132164.0,112,43
23132191.0,102,48
23132246.0,107,44
23132312.0,109,46
23132411.0,103,48
23132418.0,108,47
23132420.0,113,49
23132464.0,111,49
23132465.0,113,45
23132503.0,103,46
23132562.0,104,47
23132566.0,111,43
23132672.0,77,72
23132689.0,104,49
23132726.0,109,49
23132802.0,115,51
23132806.0,92,80
23132833.0,109,46
23132919.0,101,46
23132923.0,108,43
23133070.0,114,50
23133087.0,107,45
23133120.0,107,50
23133167.0,108,49
23133244.0,112,45
23133248.0,102,46
23133303.0,111,57
23133326.0,112,47
23133366.0,116,50
23133408.0,104,46
23133437.0,108,48
23133494.0,111,56
23133497.0,109,47
23133502.0,110,44
23133509.0,105,49
23133572.0,90,84
23133592.0,101,52
23133596.0,104,48
23133601.0,106,47
23133631.0,104,50
23133695.0,110,45
23133733.0,111,48
23133928.0,110,43
23133939.0,113,44
23133956.0,114,48
23133992.0,102,49
23134005.0,113,50
23134058.0,101,54
23134153.0,109,43
23134182.0,108,44
23134188.0,114,53
23134197.0,101,56
23134326.0,110,44
23134509.0,112,48
23134565.0,105,50
23134594.0,109,45
23134699.0,105,51
23134798.0,113,46
23134903.0,102,50
23134946.0,107,46
23135020.0,110,51
23135079.0,110,46
23135102.0,106,48
23135139.0,113,43
23135159.0,103,57
23135219.0,86,51
23135227.0,70,65
23135243.0,103,46
23135243.0,115,47
23135295.0,108,49
23135348.0,101,55
23135365.0,111,57
23135425.0,114,49
23135459.0,111,49
23135467.0,109,47
23135602.0,113,47
23135610.0,110,45
23135628.0,115,52
23135792.0,113,45
23135851.0,116,51
23135939.0,109,48
23136002.0,111,50
23136061.0,113,45
23136155.0,110,51
23136175.0,111,45
23136247.0,108,45
23136487.0,103,47
23136492.0,114,51
23136507.0,102,59
23136516.0,111,48
23136554.0,113,51
23136691.0,105,50
23136773.0,108,49
23136933.0,112,43
23136938.0,112,49
23136957.0,104,46
23136958.0,111,44
23136964.0,115,50
23137062.0,105,46
23137086.0,112,48
23137095.0,105,47
23137156.0,109,48
23137271.0,110,43
23137275.0,109,49
23137290.0,102,52
23137341.0,115,48
23137410.0,104,49
23137436.0,106,49
23137477.0,102,51
23137590.0,111,49
23137604.0,106,48
23137610.0,107,47
23137618.0,105,48
23137640.0,111,50
23137670.0,105,46
23137694.0,110,46
23137832.0,117,50
23137882.0,113,48
23137907.0,105,50
23137965.0,110,47
23138017.0,109,43
23138113.0,103,46
23138252.0,114,50
23138274.0,109,44
23138278.0,116,52
23138325.0,110,59
23138485.0,114,45
23138487.0,107,48
23138519.0,108,46
23138523.0,109,43
23138534.0,111,45
23138580.0,105,49
23138623.0,111,51
23138660.0,103,49
23138794.0,117,51
23138989.0,115,51
23139002.0,114,47
23139007.0,111,46
23139038.0,103,48
23139298.0,110,52
23139310.0,115,46
23139340.0,112,49
23139400.0,114,46
23139409.0,106,50
23139413.0,111,58
23139487.0,109,45
23139597.0,109,64
23139648.0,116,47
23139651.0,109,43
23139702.0,113,51
23139722.0,114,51
23139832.0,116,50
23139848.0,105,50
23140084.0,115,49
23140091.0,109,49
23140113.0,100,54
23140173.0,109,43
23140240.0,110,44
23140369.0,85,96
23140622.0,105,46
23140678.0,110,48
23140804.0,116,48
23140878.0,105,45
23140933.0,79,54
23140979.0,114,48
23141055.0,114,46
23141090.0,108,47
23141169.0,113,49
23141181.0,102,55
23141262.0,107,49
23141301.0,113,47
23141346.0,106,47
23141434.0,79,54
23141442.0,109,50
23141645.0,115,50
23141697.0,108,61
23141724.0,110,57
23141733.0,104,46
23141739.0,106,46
23141762.0,113,44
23141815.0,105,49
23141823.0,61,61
23141906.0,106,48
23141992.0,111,51
23142081.0,116,53
23142166.0,110,47
23142186.0,115,45
23142206.0,115,47
23142441.0,113,48
23142502.0,102,53
23142523.0,37,95
23142582.0,115,52
23142588.0,115,44
23142623.0,104,47
23142684.0,113,50
23142706.0,110,48
23142789.0,105,47
23142842.0,106,50
23142850.0,109,46
23142888.0,116,51
23142914.0,108,48
23143118.0,112,46
23143197.0,108,68
23143237.0,116,49
23143288.0,102,54
23143436.0,114,53
23143648.0,106,51
23143691.0,110,51
23143699.0,108,66
23143728.0,111,48
23143912.0,102,52
23143940.0,114,49
23144034.0,106,48
23144082.0,117,50
23144165.0,117,48
23144217.0,106,46
23144246.0,107,49
23144296.0,114,47
23144326.0,115,51
23144338.0,113,49
23144423.0,110,50
23144424.0,109,47
23144459.0,114,44
23144553.0,110,45
23144636.0,115,48
23144740.0,117,47
23144756.0,105,51
23144759.0,108,65
23144791.0,115,46
23144873.0,113,56
23144933.0,112,48
23144955.0,86,89
23144966.0,113,44
23145026.0,108,48
23145044.0,107,50
23145055.0,108,59
23145060.0,106,47
23145093.0,54,56
23145108.0,105,45
23145189.0,116,50
23145191.0,116,52
23145205.0,103,52
23145215.0,118,52
23145222.0,116,47
23145241.0,116,45
23145284.0,110,46
23145305.0,114,48
23145390.0,106,49
23145454.0,106,50
23145527.0,110,59
23145896.0,85,89
23145951.0,104,48
23145974.0,106,46
23146006.0,108,49
23146061.0,111,49
23146086.0,111,59
23146148.0,111,45
23146205.0,113,50
23146209.0,105,46
23146216.0,104,49
23146273.0,117,49
23146313.0,110,50
23146325.0,103,51
23146417.0,106,45
23146452.0,114,50
23146544.0,111,49
23146649.0,112,47
23146753.0,116,54
23146795.0,115,44
23146833.0,111,48
23146882.0,115,52
23146968.0,109,50
23147009.0,89,82
23147091.0,115,47
23147127.0,116,46
23147143.0,111,52
23147150.0,109,48
23147192.0,115,49
23147256.0,83,95
23147347.0,90,83
23147492.0,107,47
23147512.0,114,49
23147765.0,116,51
23147822.0,117,51
23147901.0,105,46
23147974.0,109,51
23147977.0,116,48
23148114.0,107,50
23148119.0,110,47
23148188.0,107,46
23148245.0,107,48
23148248.0,115,53
23148392.0,105,47
23148563.0,110,47
23148603.0,107,47
23148737.0,109,48
23148833.0,113,50
23148935.0,112,53
23149032.0,107,51
23149105.0,117,47
23149419.0,118,51
23149463.0,114,51
23149479.0,117,50
23149656.0,115,50
23149713.0,111,46
23149717.0,116,55
23149763.0,103,52
23149764.0,103,55
23149861.0,104,50
23149919.0,111,49
23149976.0,109,49
23149979.0,112,45
23150022.0,114,54
23150025.0,118,49
23150081.0,103,50
23150107.0,106,51
23150122.0,118,53
23150192.0,114,50
23150206.0,88,91
23150429.0,106,49
23150697.0,112,46
23150709.0,115,53
23150761.0,116,47
23150777.0,114,53
23150802.0,110,47
23150864.0,117,46
23150880.0,110,48
23150907.0,117,52
23150941.0,108,50
23150945.0,116,49
23151102.0,110,47
23151120.0,115,49
23151172.0,103,54
23151273.0,116,52
23151321.0,114,55
23151450.0,117,51
23151472.0,119,52
23151541.0,117,45
23151571.0,107,46
23151644.0,113,45
23151868.0,111,47
23152071.0,118,50
23152249.0,112,58
23152260.0,115,56
23152268.0,108,51
23152407.0,93,77
23152521.0,116,45
23152578.0,106,46
23152687.0,117,48
23152704.0,110,63
23152706.0,107,49
23152907.0,108,49
23152946.0,114,47
23153032.0,107,50
23153046.0,114,50
23153187.0,117,47
23153314.0,109,50
23153343.0,112,50
23153444.0,116,48
23153467.0,115,51
23153479.0,114,51
23153524.0,106,46
23153593.0,105,47
23153708.0,105,48
23153731.0,117,49
23153748.0,112,46
23153867.0,107,51
23153871.0,118,48
23154009.0,119,49
23154059.0,106,46
23154072.0,117,45
23154134.0,110,49
23154234.0,116,50
23154283.0,115,45
23154299.0,108,46
23154511.0,108,48
23154540.0,113,46
23154788.0,107,50
23154880.0,109,49
23154885.0,117,49
23154915.0,115,50
23154927.0,117,52
23155039.0,118,52
23155086.0,108,50
23155142.0,111,48
23155164.0,109,50
23155165.0,115,50
23155266.0,105,49
23155297.0,112,47
23155326.0,106,47
23155455.0,116,53
23155463.0,114,45
23155478.0,116,49
23155569.0,115,45
23155997.0,118,54
23156049.0,118,51
23156316.0,108,48
23156549.0,118,46
23156744.0,107,47
23156967.0,119,50
23157026.0,119,52
23157061.0,111,59
23157106.0,113,47
23157293.0,114,46
23157342.0,118,49
23157380.0,115,52
23157381.0,117,50
23157597.0,115,53
23157646.0,104,51
23157651.0,108,46
23157670.0,116,51
23157714.0,115,51
23157728.0,113,47
23157760.0,108,47
23157913.0,114,51
23157929.0,119,52
23157932.0,108,51
23157996.0,117,48
23158039.0,109,50
23158126.0,108,49
23158302.0,111,58
23158406.0,113,50
23158445.0,117,55
23158488.0,109,51
23158553.0,118,49
23158700.0,115,48
23158724.0,116,50
23158777.0,118,52
23158836.0,117,53
23158961.0,117,46
23158977.0,118,53
23159145.0,118,55
23159151.0,107,46
23159185.0,104,52
23159239.0,112,51
23159432.0,119,51
23159490.0,114,47
23159587.0,113,48
23159787.0,117,49
23159857.0,108,49
23160011.0,115,46
23160146.0,114,47
23160260.0,116,53
23160270.0,118,48
23160432.0,119,47
23160467.0,117,56
23160855.0,113,48
23160950.0,107,48
23161019.0,106,48
23161085.0,105,49
23161289.0,118,46
23161368.0,111,51
23161378.0,116,52
23161457.0,116,51
23161559.0,109,47
23161780.0,105,50
23161814.0,120,50
23161955.0,109,48
23162155.0,107,47
23162217.0,117,51
23162332.0,109,46
23162356.0,119,48
23162478.0,117,50
23162544.0,113,51
23162665.0,108,51
23162721.0,116,52
23162796.0,112,49
23162845.0,118,50
23162924.0,115,47
23162968.0,107,50
23163114.0,103,58
23163211.0,118,49
23163267.0,115,52
23163482.0,114,48
23163893.0,118,53
23163944.0,115,48
23163984.0,118,47
23163993.0,116,47
23164004.0,111,50
23164021.0,117,54
23164442.0,108,50
23164739.0,119,52
23164785.0,119,53
23164802.0,106,49
23164817.0,109,61
23164859.0,107,49
23165333.0,1,16
23165336.0,119,55
23165354.0,115,48
23165367.0,113,49
23165370.0,114,48
23165416.0,118,51
23165514.0,118,54
23165595.0,119,55
23165762.0,104,52
23165893.0,119,50
23165970.0,116,47
23166218.0,117,51
23166234.0,108,46
23166278.0,109,51
23166401.0,109,49
23166521.0,119,47
23166548.0,108,49
23166732.0,119,49
23166857.0,118,50
23166994.0,108,51
23167089.0,115,48
23167287.0,105,51
23167482.0,109,47
23167729.0,117,52
23167830.0,109,46
23167851.0,109,48
23168146.0,104,51
23168386.0,108,48
23168410.0,119,53
23168661.0,120,53
23168677.0,105,52
23168829.0,107,51
23168870.0,107,48
23169038.0,118,54
23169182.0,102,57
23169615.0,110,47
23169691.0,120,49
23169885.0,116,47
23169940.0,102,57
23169953.0,119,55
23170010.0,119,51
23170019.0,60,64
23170072.0,121,51
23170473.0,119,50
23170521.0,39,118
23170628.0,108,51
23170685.0,109,51
23171021.0,116,48
23171244.0,108,50
23171441.0,109,50
23172022.0,120,52
23172138.0,109,46
23172281.0,107,49
23172530.0,118,52
23172595.0,118,51
23173110.0,109,49
23173125.0,117,53
23173615.0,115,48
23173707.0,109,48
23173786.0,102,68
23174256.0,106,50
23174442.0,117,47
23174512.0,120,48
23174968.0,120,50
23175075.0,92,88
23175111.0,118,47
23175126.0,121,52
23175548.0,120,51
23175743.0,92,87
23176159.0,105,50
23176315.0,119,51
23176749.0,118,52
23177138.0,115,49
23177369.0,107,49
23177579.0,73,66
23177725.0,108,47
23177775.0,111,51
23178056.0,109,50
23178484.0,110,49
23178505.0,116,49
23178616.0,85,92
23178989.0,110,48
23178994.0,100,87
23179237.0,100,87
23180205.0,118,48
23180873.0,89,86
23181160.0,88,85
23181318.0,120,49
23181629.0,117,49
23181737.0,117,53
23182063.0,90,81
23182696.0,76,97
23183094.0,86,89
23183205.0,110,47
23183222.0,108,48
23183229.0,103,58
23183481.0,117,52
23183492.0,119,52
23184471.0,111,47
23184814.0,83,106
23185249.0,96,85
23186050.0,104,54
23189172.0,112,67
23189992.0,89,56
23190979.0,83,109
23192746.0,44,119
23197032.0,109,60
23197099.0,83,100
23197260.0,109,61
23197896.0,108,61
23198352.0,83,102
23198598.0,83,102
23199594.0,94,74
23201646.0,83,107
23202465.0,121,51
23206371.0,122,50
23207764.0,88,84
23208186.0,84,91
23208345.0,107,49
23208844.0,119,49
23208881.0,117,50
23209708.0,111,47
23211761.0,118,56
23212131.0,109,50
23212200.0,120,49
23212286.0,110,47
23212566.0,110,48
23212634.0,105,51
23213111.0,119,48
23213466.0,119,55
23213511.0,109,51
23213955.0,110,51
23214357.0,119,49
23214389.0,108,47
23214432.0,118,49
23215014.0,87,86
23215045.0,104,55
23215427.0,86,85
23215659.0,120,51
23215660.0,107,49
23215984.0,121,50
23216049.0,108,48
23216278.0,110,48
23216441.0,121,49
23216918.0,104,54
23216970.0,116,48
23217002.0,109,51
23217206.0,88,54
23217227.0,119,52
23217536.0,103,55
23217640.0,120,50
23218010.0,108,51
23218246.0,120,53
23218454.0,7,62
23218465.0,119,54
23218627.0,104,52
23218976.0,119,52
23219036.0,24,104
23219667.0,107,48
23219783.0,120,51
23219802.0,120,50
23219896.0,103,56
23220834.0,104,53
23221122.0,113,58
23221174.0,103,55
23221295.0,118,48
23221555.0,106,49
23221679.0,105,50
23221963.0,112,59
23222196.0,117,56
23222200.0,109,48
23222359.0,119,54
23222522.0,108,50
23223125.0,104,51
23223241.0,119,52
23223301.0,109,47
23223374.0,105,52
23223592.0,119,48
23223735.0,115,48
23223778.0,118,48
23224090.0,118,55
23224111.0,117,55
23224158.0,108,51
23224169.0,114,48
23224351.0,105,50
23224588.0,107,51
23224658.0,118,52
23224739.0,116,54
23224745.0,119,51
23224822.0,109,48
23224911.0,113,49
23224950.0,103,53
23225103.0,116,49
23225620.0,111,50
23225674.0,118,52
23225765.0,115,52
23225980.0,119,50
23226028.0,104,51
23226041.0,119,53
23226070.0,113,52
23226182.0,106,48
23226448.0,104,52
23226538.0,118,54
23226551.0,119,49
23226573.0,105,50
23226832.0,117,53
23227289.0,116,54
23227905.0,108,48
23227923.0,108,49
23227945.0,108,62
23228037.0,102,58
23228055.0,119,54
23228079.0,109,63
23228082.0,105,49
23228089.0,108,49
23228280.0,102,59
23228370.0,110,63
23228494.0,106,48
23228570.0,108,46
23228619.0,108,51
23228687.0,109,51
23228868.0,108,61
23229035.0,108,50
23229077.0,110,60
23229205.0,107,74
23229356.0,108,49
23229647.0,107,50
23229851.0,103,70
23229888.0,119,48
23229926.0,118,51
23230021.0,109,63
23230316.0,105,49
23230359.0,104,55
23230900.0,117,47
23230939.0,109,50
23230984.0,110,50
23231302.0,104,71
23231378.0,103,57
23231474.0,108,66
23231566.0,114,47
23231570.0,115,51
23231625.0,114,52
23231701.0,117,55
23231715.0,104,50
23231736.0,106,47
23231928.0,102,57
23232099.0,108,47
23232107.0,108,46
23232117.0,117,52
23232129.0,113,52
23232190.0,111,49
23232219.0,116,56
23232257.0,113,52
23232265.0,114,48
23232462.0,108,48
23232540.0,68,55
23232587.0,113,53
23232760.0,107,51
23232834.0,102,55
23233038.0,97,74
23233354.0,116,53
23233360.0,119,49
23233392.0,118,53
23233702.0,102,56
23233836.0,102,58
23233909.0,107,49
23234026.0,103,51
23234103.0,104,54
23234117.0,52,58
23234148.0,118,50
23234162.0,112,58
23234443.0,112,58
23234758.0,118,54
23234787.0,110,49
23234814.0,104,53
23235149.0,108,50
23235232.0,117,51
23235322.0,104,52
23235414.0,114,51
23235547.0,110,49
23235595.0,118,50
23235889.0,118,53
23236080.0,117,54
23236218.0,117,51
23236262.0,114,52
23236272.0,118,49
23236297.0,104,49
23236353.0,114,46
23236466.0,116,55
23236469.0,115,56
23236520.0,103,53
23236557.0,102,53
23236678.0,116,53
23236797.0,110,71
23237597.0,116,52
23237671.0,107,49
23237848.0,101,57
23238010.0,106,50
23238063.0,107,46
23238158.0,117,48
23238257.0,117,54
23238813.0,117,46
23238852.0,112,58
23238961.0,107,51
23238973.0,102,57
23238989.0,116,55
23239023.0,107,48
23239037.0,110,49
23239329.0,112,52
23239516.0,106,51
23239765.0,102,56
23239766.0,107,47
23239992.0,109,70
23240051.0,110,71
23240135.0,104,48
23240202.0,116,46
23240307.0,117,51
23240385.0,104,49
23240601.0,103,52
23240692.0,117,50
23240948.0,102,53
23241053.0,112,51
23241087.0,115,46
23241106.0,100,64
23241235.0,117,47
23241275.0,107,64
23241314.0,101,61
23241435.0,105,48
23241586.0,116,54
23241624.0,108,50
23241836.0,114,47
23241897.0,107,62
23242164.0,115,54
23242254.0,118,52
23242416.0,116,51
23242459.0,115,49
23242619.0,106,49
23242697.0,109,60
23242754.0,107,50
23242922.0,106,50
23242953.0,117,50
23243004.0,106,51
23243059.0,117,49
23243112.0,116,52
23243178.0,117,46
23243434.0,116,52
23243514.0,116,54
23243796.0,110,59
23243872.0,117,53
23243932.0,110,48
23243948.0,113,54
23243983.0,112,46
23243994.0,109,49
23244021.0,103,49
23244174.0,106,46
23244211.0,115,56
23244365.0,115,52
23244408.0,112,57
23244715.0,101,58
23244856.0,104,47
23244933.0,113,57
23244936.0,114,47
23244965.0,108,49
23245043.0,116,47
23245074.0,102,54
23245308.0,116,50
23245347.0,102,52
23245352.0,115,48
23245369.0,108,64
23245486.0,107,50
23245559.0,110,51
23245645.0,117,48
23245811.0,117,52
23245888.0,101,56
23245952.0,117,49
23245987.0,112,52
23246081.0,109,48
23246086.0,115,55
23246142.0,101,54
23246197.0,105,50
23246510.0,112,51
23246533.0,106,47
23246567.0,114,49
23246587.0,102,59
23246643.0,102,51
23247081.0,108,49
23247182.0,116,53
23247231.0,112,51
23247259.0,110,47
23247302.0,105,51
23247305.0,113,53
23247362.0,115,48
23247407.0,87,87
23247431.0,109,69
23247525.0,116,50
23247554.0,101,53
23247582.0,113,53
23247592.0,109,48
23247636.0,115,51
23247644.0,101,55
23247743.0,109,46
23248082.0,115,52
23248116.0,107,67
23248539.0,115,47
23248558.0,106,50
23248670.0,116,49
23248711.0,111,46
23248801.0,114,54
23248850.0,109,70
23249124.0,105,50
23249133.0,114,48
23249168.0,112,47
23249206.0,110,47
23249384.0,105,51
23249591.0,114,49
23249598.0,112,45
23249618.0,114,52
23249756.0,115,54
23249877.0,115,50
23249890.0,107,69
23249900.0,105,49
23249911.0,115,47
23250015.0,105,46
23250106.0,116,53
23250179.0,113,49
23250210.0,105,48
23250471.0,111,54
23250472.0,107,49
23250526.0,104,47
23250543.0,116,49
23250562.0,108,62
23250642.0,110,58
23250811.0,101,53
23250876.0,108,48
23250912.0,109,59
23250938.0,109,60
23250942.0,103,47
23250987.0,101,52
23251204.0,110,52
23251214.0,106,50
23251215.0,116,52
23251218.0,101,54
23251283.0,114,55
23251314.0,115,50
23251321.0,115,46
23251484.0,113,45
23251503.0,109,47
23251522.0,111,45
23251707.0,111,48
23251709.0,111,57
23251728.0,102,48
23251934.0,114,47
23251960.0,115,54
23252101.0,114,48
23252176.0,102,54
23252179.0,111,51
23252200.0,112,53
23252281.0,108,49
23252350.0,110,59
23252360.0,105,47
23252481.0,105,48
23252502.0,106,74
23252517.0,103,48
23252517.0,110,46
23252758.0,101,51
23252796.0,115,46
23252822.0,108,60
23252913.0,95,81
23252972.0,103,47
23253042.0,114,51
23253103.0,116,54
23253221.0,102,49
23253234.0,113,48
23253252.0,112,56
23253276.0,114,55
23253708.0,102,49
23253786.0,115,49
23253917.0,104,50
23253955.0,116,55
23253992.0,107,65
23254123.0,100,56
23254164.0,103,46
23254302.0,97,74
23254446.0,111,45
23254465.0,113,52
23254483.0,102,48
23254485.0,105,72
23254551.0,116,51
23254927.0,105,50
23254969.0,103,46
23254990.0,110,45
23255054.0,113,49
23255112.0,102,47
23255275.0,108,48
23255306.0,101,59
23255341.0,104,46
23255376.0,104,49
23255378.0,114,46
23255407.0,100,54
23255516.0,109,46
23255555.0,107,48
23255621.0,108,69
23255789.0,104,51
23255790.0,106,49
23255902.0,101,60
23255916.0,113,47
23255919.0,115,53
23255955.0,108,47
23256005.0,114,52
23256050.0,114,50
23256135.0,101,51
23256244.0,110,51
23256277.0,111,50
23256411.0,113,55
23256413.0,104,47
23256555.0,115,52
23256609.0,101,58
23256641.0,113,47
23256764.0,102,47
23256843.0,107,60
23256889.0,110,60
23256897.0,113,45
23256953.0,110,45
23257066.0,100,53
23257068.0,104,48
23257119.0,111,53
23257163.0,111,56
23257276.0,111,59
23257362.0,112,49
23257386.0,108,59
23257412.0,101,50
23257468.0,110,58
23257486.0,114,45
23257504.0,99,87
23257565.0,110,60
23257570.0,111,59
23257688.0,100,52
23257764.0,103,51
23257865.0,107,64
23257947.0,114,51
23257953.0,102,51
23258102.0,105,50
23258116.0,93,88
23258256.0,101,49
23258368.0,68,59
23258383.0,100,58
23258542.0,113,51
23258559.0,102,46
23258894.0,110,52
23258923.0,111,44
23258940.0,110,57
23259055.0,115,52
23259068.0,109,51
23259185.0,107,48
23259196.0,111,49
23259227.0,113,46
23259435.0,111,50
23259437.0,109,58
23259551.0,110,53
23259647.0,93,89
23259674.0,110,51
23259811.0,114,53
23259901.0,8,13
23259903.0,94,89
23259955.0,103,46
23260012.0,106,61
23260045.0,107,47
23260258.0,7,13
23260414.0,107,62
23260524.0,113,52
23260539.0,110,50
23260562.0,110,44
23260594.0,106,48
23260635.0,115,51
23260711.0,109,45
23260738.0,104,50
23260754.0,100,54
23260922.0,114,49
23260981.0,108,64
23261166.0,68,51
23261169.0,95,89
23261180.0,113,50
23261270.0,114,48
23261348.0,105,49
23261361.0,7,13
23261372.0,108,48
23261553.0,113,47
23261630.0,112,53
23261666.0,104,51
23261749.0,103,49
23261779.0,111,49
23261882.0,106,63
23261893.0,100,56
23261895.0,99,55
23261902.0,110,49
23261921.0,113,54
23261962.0,114,52
23262011.0,114,46
23262134.0,101,70
23262236.0,103,51
23262282.0,111,52
23262320.0,101,47
23262368.0,88,87
23262370.0,88,90
23262411.0,113,51
23262465.0,114,51
23262481.0,109,51
23262541.0,103,72
23262584.0,101,50
23262595.0,101,71
23262614.0,114,47
23262678.0,88,87
23262747.0,110,56
23262753.0,113,49
23262762.0,103,48
23262779.0,113,45
23262815.0,103,46
23262843.0,102,72
23263034.0,112,46
23263222.0,100,50
23263229.0,109,58
23263267.0,103,46
23263458.0,114,52
23263504.0,99,54
23263546.0,112,51
23263725.0,109,47
23263747.0,107,60
23263806.0,101,46
23263849.0,103,46
23263931.0,95,82
23263970.0,102,51
23263974.0,111,53
23264012.0,114,48
23264012.0,110,53
23264108.0,101,56
23264288.0,111,55
23264321.0,106,67
23264332.0,107,60
23264379.0,104,50
23264392.0,111,47
23264439.0,107,47
23264454.0,113,53
23264463.0,107,46
23264468.0,100,53
23264697.0,106,66
23264762.0,105,48
23264932.0,108,58
23264944.0,109,57
23264968.0,108,60
23264977.0,110,50
23265160.0,99,53
23265244.0,113,48
23265270.0,110,49
23265327.0,111,49
23265422.0,101,46
23265482.0,108,45
23265488.0,106,47
23265508.0,100,52
23265539.0,102,74
23265545.0,111,48
23265572.0,111,47
23265622.0,102,50
23265704.0,102,46
23265850.0,107,66
23265943.0,109,46
23265972.0,109,50
23265987.0,109,53
23266068.0,110,56
23266193.0,108,51
23266326.0,100,49
23266350.0,107,48
23266365.0,99,51
23266462.0,100,51
23266471.0,110,53
23266487.0,100,54
23266527.0,99,52
23266547.0,104,49
23266624.0,102,49
23266800.0,112,45
23266827.0,99,55
23266833.0,70,59
23266843.0,110,52
23266862.0,105,48
23266883.0,102,58
23266939.0,100,61
23266989.0,111,47
23267030.0,109,57
23267118.0,111,55
23267136.0,108,44
23267232.0,113,52
23267250.0,103,50
23267264.0,113,47
23267315.0,109,72
23267336.0,100,47
23267551.0,110,48
23267634.0,111,46
23267684.0,99,51
23267706.0,112,55
23267746.0,99,60
23267791.0,100,48
23267865.0,106,63
23267882.0,110,48
23267910.0,103,51
23267966.0,111,47
23267984.0,105,62
23268004.0,110,49
23268081.0,100,47
23268299.0,110,47
23268375.0,106,64
23268379.0,111,51
23268385.0,102,51
23268441.0,99,59
23268449.0,112,50
23268502.0,98,55
23268602.0,107,45
23268607.0,99,50
23268723.0,100,50
23268769.0,112,50
23268775.0,109,49
23268887.0,99,54
23268947.0,106,46
23269069.0,99,49
23269129.0,105,47
23269209.0,107,45
23269220.0,98,56
23269505.0,109,50
23269674.0,110,51
23269679.0,100,46
23269722.0,111,52
23269733.0,113,51
23269804.0,109,51
23269888.0,107,63
23270010.0,108,44
23270028.0,107,45
23270041.0,68,61
23270102.0,107,44
23270125.0,104,48
23270231.0,108,51
23270256.0,99,58
23270360.0,68,61
23270366.0,107,59
23270383.0,101,46
23270420.0,101,50
23270426.0,113,52
23270597.0,109,44
23270612.0,101,51
23270671.0,108,50
23270678.0,110,44
23270680.0,101,50
23270703.0,99,51
23270708.0,111,50
23270713.0,99,50
23270771.0,109,44
23270781.0,109,56
23270799.0,100,57
23270826.0,98,54
23271020.0,114,50
23271131.0,101,50
23271132.0,107,51
23271164.0,108,57
23271321.0,111,44
23271324.0,110,55
23271335.0,98,53
23271342.0,100,70
23271388.0,99,49
23271420.0,111,51
23271512.0,109,49
23271577.0,110,46
23271583.0,111,45
23271637.0,109,52
23271657.0,106,60
23271678.0,106,45
23271708.0,107,64
23271777.0,98,57
23271934.0,111,46
23271937.0,98,52
23271940.0,106,46
23271940.0,105,73
23271970.0,105,62
23272024.0,99,52
23272041.0,108,49
23272117.0,70,56
23272202.0,114,53
23272247.0,111,49
23272282.0,104,49
23272405.0,99,53
23272522.0,107,44
23272533.0,98,55
23272637.0,104,48
23272733.0,106,65
23272771.0,113,51
23272775.0,102,50
23272786.0,109,47
23272808.0,110,47
23272920.0,99,48
23272947.0,103,49
23272962.0,105,63
23272966.0,105,46
23273493.0,99,47
23273571.0,108,50
23273705.0,101,49
23273751.0,110,45
23273766.0,98,56
23273807.0,106,50
23273828.0,112,47
23273859.0,98,51
23273978.0,112,50
23274097.0,99,56
23274234.0,101,51
23274248.0,101,48
23274278.0,102,51
23274327.0,107,67
23274360.0,109,48
23274417.0,108,47
23274446.0,111,50
23274461.0,107,58
23274463.0,67,63
23274541.0,99,49
23274562.0,110,46
23274646.0,112,49
23274649.0,109,46
23274682.0,103,48
23274733.0,112,51
23274871.0,100,46
23274897.0,88,82
23274997.0,62,57
23275166.0,99,46
23275183.0,99,61
23275189.0,102,50
23275281.0,98,50
23275360.0,110,54
23275403.0,107,51
23275404.0,110,50
23275416.0,104,47
23275430.0,100,52
23275470.0,99,54
23275483.0,109,51
23275600.0,108,45
23275655.0,84,72
23275667.0,110,46
23275705.0,111,46
23275711.0,107,50
23275717.0,104,46
23275875.0,109,55
23275882.0,105,45
23275954.0,76,115
23276143.0,104,50
23276310.0,107,59
23276382.0,108,48
23276438.0,111,53
23276479.0,98,60
23276543.0,106,59
23276571.0,98,49
23276625.0,100,51
23276640.0,107,60
23276663.0,97,53
23276692.0,107,59
23276781.0,111,47
23276925.0,106,51
23276942.0,105,67
23276954.0,100,47
23277006.0,45,118
23277025.0,106,69
23277028.0,109,47
23277085.0,111,48
23277108.0,100,48
23277112.0,98,58
23277199.0,111,49
23277244.0,107,59
23277260.0,107,60
23277284.0,110,49
23277300.0,108,47
23277362.0,103,47
23277388.0,100,50
23277446.0,107,49
23277453.0,107,60
23277555.0,98,48
23277576.0,107,59
23277847.0,97,52
23277847.0,104,46
23277862.0,101,52
23277872.0,72,121
23278101.0,98,50
23278146.0,107,50
23278149.0,98,54
23278166.0,108,49
23278199.0,45,118
23278221.0,108,48
23278414.0,110,44
23278542.0,102,48
23278677.0,110,44
23278722.0,98,55
23278790.0,109,55
23278799.0,97,53
23278821.0,105,64
23278831.0,101,50
23278910.0,107,58
23278992.0,108,52
23279006.0,109,46
23279028.0,108,46
23279048.0,100,49
23279076.0,109,51
23279101.0,109,55
23279149.0,107,58
23279193.0,110,54
23279254.0,106,65
23279327.0,97,56
23279408.0,109,51
23279411.0,105,66
23279445.0,106,59
23279483.0,108,55
23279500.0,109,44
23279581.0,110,50
23279656.0,105,60
23279660.0,109,54
23279672.0,111,49
23279728.0,98,47
23279734.0,104,45
23279768.0,100,51
23279768.0,55,59
23279773.0,98,46
23279797.0,98,51
23279817.0,102,48
23279839.0,106,50
23279892.0,108,48
23279971.0,97,51
23280009.0,107,57
23280016.0,108,51
23280017.0,97,57
23280032.0,110,48
23280164.0,110,45
23280169.0,104,62
23280182.0,101,51
23280340.0,98,48
23280361.0,107,48
23280435.0,110,53
23280449.0,109,52
23280479.0,100,52
23280489.0,97,52
23280765.0,105,46
23280923.0,110,47
23280955.0,110,49
23280989.0,106,51
23280999.0,103,46
23281028.0,107,47
23281032.0,99,52
23281041.0,96,74
23281057.0,53,60
23281072.0,109,50
23281107.0,98,52
23281147.0,97,55
23281215.0,109,43
23281283.0,97,50
23281370.0,87,87
23281427.0,108,47
23281428.0,108,52
23281438.0,97,54
23281442.0,53,60
23281516.0,108,77
23281522.0,105,61
23281650.0,105,63
23281660.0,104,48
23281684.0,97,49
23281720.0,108,75
23281734.0,105,51
23281762.0,99,50
23281785.0,99,47
23281789.0,103,50
23281821.0,99,51
23281856.0,110,46
23281982.0,102,47
23282057.0,109,46
23282069.0,109,51
23282079.0,109,49
23282096.0,108,46
23282132.0,104,63
23282159.0,106,64
23282167.0,101,50
23282208.0,107,53
23282228.0,106,49
23282276.0,111,49
23282308.0,104,44
23282389.0,100,58
23282417.0,98,60
23282430.0,107,47
23282525.0,97,48
23282575.0,88,87
23282654.0,98,46
23282659.0,107,52
23282757.0,107,56
23282857.0,109,54
23283002.0,108,43
23283059.0,96,54
23283062.0,108,51
23283088.0,107,48
23283156.0,107,46
23283172.0,110,44
23283229.0,109,50
23283243.0,106,50
23283269.0,99,49
23283284.0,109,54
23283284.0,95,88
23283287.0,104,50
23283425.0,110,52
23283469.0,108,44
23283473.0,100,50
23283484.0,101,48
23283516.0,110,49
23283544.0,107,43
23283551.0,99,48
23283709.0,108,51
23283750.0,108,53
23283759.0,103,45
23283797.0,96,56
23283934.0,106,58
23283995.0,61,58
23284037.0,96,55
23284045.0,111,50
23284060.0,97,58
23284212.0,104,61
23284305.0,97,47
23284337.0,108,50
23284389.0,109,48
23284395.0,108,46
23284400.0,105,51
23284408.0,102,46
23284448.0,75,58
23284504.0,105,47
23284515.0,98,58
23284522.0,96,53
23284801.0,96,51
23285006.0,75,58
23285092.0,97,59
23285123.0,107,47
23285139.0,98,47
23285165.0,104,46
23285246.0,107,51
23285454.0,109,46
23285477.0,109,49
23285486.0,109,53
23285489.0,108,49
23285520.0,105,50
23285523.0,108,51
23285525.0,74,57
23285531.0,96,52
23285531.0,106,43
23285593.0,96,51
23285709.0,100,49
23285780.0,96,50
23285781.0,94,77
23285847.0,97,60
23285912.0,95,76
23285970.0,107,45
23286005.0,106,62
23286031.0,75,58
23286063.0,108,71
23286093.0,105,43
23286116.0,109,47
23286186.0,104,43
23286286.0,106,48
23286290.0,107,43
23286308.0,96,49
23286314.0,108,54
23286361.0,97,48
23286377.0,107,55
23286417.0,106,52
23286481.0,96,47
23286545.0,106,49
23286550.0,107,52
23286571.0,98,48
23286579.0,109,49
23286608.0,107,56
23286630.0,96,48
23286648.0,67,62
23286656.0,106,48
23286660.0,100,50
23286683.0,96,58
23286741.0,98,52
23286858.0,106,57
23286867.0,98,50
23287015.0,98,59
23287090.0,106,47
23287095.0,101,72
23287198.0,105,49
23287251.0,98,51
23287269.0,107,46
23287275.0,100,51
23287310.0,107,51
23287322.0,103,44
23287506.0,96,47
23287567.0,102,50
23287611.0,105,60
23287657.0,106,46
23287747.0,99,73
23287755.0,101,60
23287792.0,96,50
23287793.0,106,53
23287799.0,105,65
23287839.0,95,84
23287880.0,106,58
23288059.0,108,48
23288122.0,105,48
23288277.0,100,49
23288303.0,96,57
23288348.0,105,50
23288349.0,68,56
23288403.0,89,85
23288413.0,108,50
23288419.0,105,57
23288422.0,110,49
23288428.0,104,51
23288447.0,86,88
23288507.0,109,52
23288556.0,96,49
23288678.0,110,50
23288767.0,103,43
23288774.0,107,50
23288799.0,96,48
23288836.0,106,43
23289010.0,108,53
23289015.0,105,59
23289025.0,97,55
23289030.0,110,50
23289121.0,96,55
23289247.0,107,50
23289259.0,97,47
23289298.0,107,44
23289318.0,108,47
23289322.0,100,48
23289385.0,104,50
23289473.0,107,47
23289473.0,107,54
23289504.0,107,51
23289597.0,106,58
23289607.0,99,50
23289616.0,98,49
23289622.0,104,50
23289626.0,104,67
23289634.0,110,50
23289643.0,105,43
23289651.0,104,64
23289694.0,106,56
23289697.0,95,53
23289716.0,96,56
23289731.0,107,45
23289733.0,109,46
23289776.0,102,46
23289810.0,98,56
23289825.0,104,43
23289846.0,106,47
23289848.0,104,60
23289864.0,107,50
23289915.0,98,52
23290081.0,97,48
23290118.0,109,48
23290140.0,107,50
23290156.0,101,46
23290194.0,97,57
23290228.0,109,46
23290237.0,107,46
23290259.0,105,58
23290274.0,104,68
23290280.0,103,62
23290294.0,95,50
23290414.0,95,52
23290420.0,108,46
23290487.0,106,43
23290488.0,105,43
23290518.0,95,54
23290527.0,104,51
23290540.0,106,51
23290651.0,109,51
23290656.0,105,66
23290683.0,102,43
23290726.0,104,50
23290749.0,107,51
23290791.0,103,75
23290883.0,105,47
23290963.0,105,52
23291086.0,95,51
23291207.0,95,50
23291228.0,101,45
23291258.0,106,46
23291295.0,98,67
23291304.0,100,47
23291340.0,105,46
23291378.0,99,62
23291412.0,104,63
23291428.0,108,49
23291483.0,106,55
23291501.0,96,54
23291513.0,95,54
23291612.0,105,74
23291615.0,38,89
23291663.0,107,49
23291732.0,102,44
23291741.0,106,50
23291776.0,97,49
23291840.0,106,44
23291932.0,104,49
23291943.0,106,43
23291962.0,107,49
23291968.0,95,49
23291997.0,100,50
23291997.0,106,46
23292066.0,104,50
23292203.0,108,48
23292204.0,106,57
23292266.0,104,43
23292269.0,97,50
23292309.0,95,53
23292326.0,97,48
23292340.0,96,53
23292348.0,106,52
23292394.0,99,50
23292494.0,105,48
23292661.0,95,47
23292719.0,107,48
23292726.0,99,48
23292764.0,97,52
23292790.0,99,51
23292803.0,105,64
23292808.0,97,48
23292812.0,95,52
23292872.0,104,74
23292986.0,105,58
23293003.0,104,48
23293012.0,106,48
23293048.0,95,57
23293068.0,97,51
23293120.0,95,48
23293132.0,107,54
23293155.0,105,64
23293227.0,108,73
23293230.0,108,48
23293258.0,103,51
23293265.0,106,64
23293277.0,103,73
23293319.0,95,55
23293333.0,95,49
23293337.0,107,45
23293342.0,100,55
23293354.0,109,48
23293367.0,97,60
23293431.0,102,43
23293434.0,105,57
23293436.0,106,55
23293464.0,96,47
23293497.0,98,51
23293503.0,96,83
23293518.0,103,43
23293550.0,110,44
23293556.0,109,49
23293579.0,101,49
23293596.0,97,48
23293641.0,104,59
23293667.0,106,45
23293676.0,109,50
23293897.0,107,50
23293994.0,104,69
23294066.0,102,50
23294353.0,111,43
23294395.0,97,48
23294445.0,104,43
23294452.0,105,49
23294463.0,97,50
23294718.0,108,74
23294731.0,106,49
23294744.0,107,49
23294752.0,99,49
23294834.0,107,47
23294839.0,106,48
23294870.0,98,50
23294889.0,95,58
23294915.0,105,56
23294921.0,107,53
23294923.0,106,51
23294925.0,94,48
23294974.0,107,46
23295011.0,106,50
23295051.0,105,51
23295126.0,96,48
23295246.0,99,47
23295248.0,105,43
23295259.0,105,47
23295360.0,103,50
23295393.0,101,44
23295445.0,103,61
23295562.0,108,52
23295565.0,108,49
23295571.0,96,48
23295597.0,105,50
23295609.0,106,54
23295636.0,101,49
23295636.0,103,50
23295677.0,104,49
23295690.0,98,85
23295728.0,105,44
23295739.0,38,90
23295759.0,104,47
23295793.0,104,46
23295797.0,95,51
23295888.0,103,51
23295934.0,104,52
23296017.0,99,46
23296022.0,94,49
23296055.0,111,44
23296086.0,94,48
23296102.0,98,49
23296112.0,94,51
23296132.0,104,52
23296216.0,94,52
23296315.0,96,49
23296331.0,104,47
23296338.0,105,57
23296349.0,101,47
23296405.0,107,53
23296438.0,109,52
23296558.0,101,43
23296663.0,104,48
23296667.0,105,52
23296709.0,94,53
23296730.0,95,83
23296750.0,105,45
23296768.0,108,51
23296856.0,98,49
23296864.0,107,48
23296874.0,105,56
23296888.0,105,46
23296918.0,94,49
23297012.0,107,53
23297028.0,100,50
23297191.0,97,51
23297227.0,109,52
23297250.0,106,50
23297290.0,96,57
23297299.0,103,49
23297303.0,105,56
23297363.0,101,73
23297443.0,104,45
23297506.0,96,50
23297542.0,100,72
23297687.0,103,48
23297694.0,107,52
23297698.0,102,46
23297727.0,95,48
23297803.0,95,55
23297874.0,102,43
23297893.0,106,48
23297948.0,95,47
23298018.0,105,55
23298064.0,108,53
23298135.0,96,51
23298188.0,94,50
23298190.0,59,55
23298200.0,103,50
23298221.0,102,43
23298255.0,101,43
23298277.0,106,47
23298304.0,96,52
23298326.0,106,45
23298337.0,103,43
23298360.0,108,48
23298370.0,107,70
23298406.0,104,59
23298413.0,108,49
23298439.0,104,58
23298460.0,100,44
23298525.0,101,46
23298560.0,94,56
23298587.0,98,48
23298608.0,94,54
23298707.0,96,58
23298714.0,102,51
23298730.0,108,50
23298746.0,59,55
23298774.0,106,46
23298797.0,100,73
23298869.0,101,46
23298871.0,98,51
23298874.0,103,63
23298974.0,105,56
23299027.0,94,51
23299076.0,96,53
23299139.0,104,56
23299146.0,95,56
23299207.0,106,46
23299318.0,109,56
23299332.0,106,53
23299338.0,95,59
23299339.0,107,48
23299367.0,102,50
23299370.0,104,43
23299442.0,106,54
23299489.0,95,57
23299494.0,19,2
23299501.0,94,57
23299509.0,94,52
23299520.0,103,49
23299555.0,96,59
23299565.0,94,55
23299569.0,99,47
23299577.0,93,49
23299595.0,101,57
23299597.0,101,49
23299700.0,107,49
23299813.0,101,47
23299939.0,100,67
23300010.0,93,48
23300031.0,106,48
23300070.0,107,51
23300082.0,97,50
23300185.0,105,49
23300197.0,96,60
23300213.0,100,48
23300270.0,105,50
23300274.0,36,99
23300296.0,103,64
23300303.0,107,52
23300421.0,104,57
23300423.0,100,43
23300467.0,93,49
23300486.0,105,48
23300498.0,98,52
23300516.0,104,51
23300577.0,103,67
23300674.0,100,48
23300764.0,104,52
23300801.0,104,47
23300884.0,97,62
23300943.0,93,51
23300968.0,102,49
23301048.0,104,65
23301101.0,93,50
23301132.0,95,49
23301136.0,100,50
23301151.0,93,53
23301177.0,107,51
23301202.0,103,46
23301205.0,103,52
23301228.0,104,44
23301336.0,98,46
23301337.0,99,61
23301351.0,99,44
23301425.0,100,46
23301512.0,104,50
23301554.0,104,45
23301585.0,102,50
23301718.0,95,50
23301752.0,93,52
23301760.0,103,48
23301827.0,97,49
23301853.0,93,49
23301856.0,106,70
23301899.0,93,54
23301939.0,105,55
23301942.0,105,54
23301990.0,106,48
23302002.0,105,50
23302006.0,97,48
23302025.0,101,43
23302121.0,101,51
23302183.0,102,43
23302247.0,96,51
23302349.0,104,46
23302371.0,101,73
23302448.0,99,49
23302449.0,91,80
23302601.0,100,60
23302654.0,103,43
23302665.0,94,48
23302672.0,103,64
23302703.0,106,49
23302739.0,105,45
23302795.0,93,78
23302966.0,102,48
23303070.0,106,52
23303135.0,104,56
23303139.0,95,51
23303184.0,93,55
23303234.0,107,50
23303242.0,104,55
23303278.0,107,48
23303299.0,95,52
23303342.0,105,46
23303349.0,107,49
23303371.0,103,68
23303422.0,106,53
23303465.0,52,119
23303484.0,92,48
23303544.0,99,48
23303545.0,106,48
23303575.0,101,43
23303641.0,53,57
23303694.0,92,49
23303776.0,51,119
23303862.0,105,54
23303914.0,103,59
23304002.0,97,51
23304015.0,105,47
23304017.0,103,46
23304128.0,94,56
23304131.0,94,49
23304152.0,89,88
23304159.0,105,49
23304302.0,97,71
23304322.0,105,53
23304382.0,92,48
23304384.0,99,49
23304423.0,51,119
23304434.0,98,72
23304436.0,103,44
23304463.0,93,53
23304475.0,102,49
23304604.0,102,60
23304647.0,51,119
23304717.0,100,43
23304720.0,92,49
23304742.0,103,60
23304814.0,101,50
23304869.0,102,47
23304895.0,93,50
23304930.0,102,60
23304966.0,98,44
23304982.0,93,57
23304987.0,96,50
23305024.0,94,55
23305089.0,96,51
23305091.0,104,48
23305095.0,101,49
23305099.0,102,51
23305112.0,102,61
23305119.0,94,49
23305139.0,104,51
23305194.0,105,51
23305195.0,102,46
23305203.0,104,49
23305233.0,93,51
23305270.0,95,53
23305291.0,102,43
23305333.0,103,57
23305442.0,101,50
23305471.0,98,45
23305475.0,93,56
23305559.0,92,51
23305634.0,102,45
23305640.0,97,46
23305711.0,96,61
23305830.0,96,52
23305835.0,102,48
23305923.0,101,48
23306065.0,93,54
23306082.0,91,86
23306129.0,92,50
23306164.0,102,44
23306178.0,101,43
23306181.0,106,51
23306220.0,93,48
23306284.0,103,50
23306341.0,98,50
23306374.0,94,50
23306424.0,55,53
23306444.0,104,54
23306478.0,91,84
23306509.0,103,45
23306521.0,101,50
23306532.0,103,52
23306565.0,94,58
23306589.0,95,53
23306607.0,102,52
23306614.0,94,51
23306626.0,97,61
23306641.0,104,45
23306721.0,102,43
23306728.0,105,53
23306817.0,103,58
23306867.0,92,53
23306875.0,104,47
23306892.0,92,55
23306937.0,96,49
23306944.0,105,52
23306999.0,55,53
23307121.0,105,53
23307220.0,104,46
23307285.0,98,57
23307302.0,105,48
23307357.0,100,43
23307360.0,94,57
23307438.0,95,51
23307450.0,102,47
23307548.0,97,60
23307562.0,92,52
23307677.0,94,52
23307704.0,101,47
23307725.0,94,59
23307877.0,106,50
23307879.0,103,57
23307931.0,100,51
23307944.0,92,54
23308017.0,99,43
23308028.0,93,49
23308075.0,91,49
23308079.0,96,48
23308190.0,94,50
23308203.0,102,45
23308305.0,106,49
23308325.0,92,48
23308538.0,94,51
23308539.0,101,46
23308557.0,107,49
23308634.0,102,46
23308702.0,95,52
23308727.0,103,56
23308740.0,106,48
23308791.0,104,53
23308808.0,69,56
23308812.0,93,59
23308816.0,91,49
23308825.0,104,49
23308960.0,91,50
23308999.0,99,44
23309026.0,93,58
23309080.0,92,53
23309099.0,107,49
23309137.0,100,45
23309165.0,100,43
23309225.0,98,44
23309237.0,69,53
23309240.0,99,49
23309331.0,94,53
23309494.0,102,63
23309589.0,96,47
23309629.0,95,50
23309631.0,93,49
23309659.0,95,59
23309680.0,91,50
23309706.0,103,49
23309837.0,96,62
23309859.0,105,51
23309872.0,92,51
23309877.0,91,51
23309895.0,108,66
23309902.0,101,45
23309923.0,100,50
23309928.0,95,51
23309937.0,107,49
23309948.0,95,60
23310048.0,92,57
23310103.0,92,56
23310229.0,104,48
23310231.0,95,49
23310268.0,95,48
23310271.0,103,55
23310276.0,107,49
23310327.0,102,45
23310374.0,93,50
23310404.0,99,45
23310455.0,102,65
23310486.0,99,44
23310584.0,91,52
23310645.0,96,46
23310660.0,103,55
23310692.0,103,45
23310825.0,101,43
23310883.0,92,54
23311056.0,101,52
23311120.0,103,51
23311255.0,99,51
23311390.0,100,48
23311452.0,96,45
23311458.0,100,49
23311483.0,93,56
23311517.0,100,50
23311524.0,103,50
23311543.0,92,49
23311548.0,91,51
23311694.0,107,74
23311696.0,101,46
23311950.0,102,52
23312038.0,96,87
23312063.0,102,50
23312080.0,103,46
23312084.0,89,84
23312149.0,98,45
23312239.0,101,44
23312260.0,91,53
23312348.0,101,45
23312391.0,97,48
23312407.0,98,46
23312412.0,104,48
23312416.0,98,44
23312450.0,103,54
23312458.0,99,43
23312488.0,91,54
23312639.0,93,51
23312645.0,90,50
23312650.0,103,66
23312669.0,93,57
23312673.0,92,58
23312725.0,96,44
23312740.0,102,58
23312792.0,98,44
23312849.0,94,51
23312933.0,100,43
23312947.0,93,51
23312962.0,100,47
23313095.0,95,47
23313112.0,104,52
23313176.0,94,53
23313336.0,93,60
23313354.0,102,49
23313374.0,104,54
23313398.0,99,51
23313402.0,94,51
23313426.0,103,49
23313437.0,97,59
23313472.0,100,46
23313488.0,95,51
23313502.0,90,50
23313509.0,98,50
23313516.0,96,51
23313529.0,91,52
23313562.0,103,50
23313606.0,97,46
23313647.0,100,45
23313667.0,102,45
23313699.0,90,49
23313709.0,91,54
23313771.0,101,45
23313869.0,101,47
23313896.0,110,49
23313930.0,94,50
23313968.0,99,49
23313988.0,104,49
23314026.0,103,53
23314086.0,102,68
23314109.0,103,68
23314147.0,99,50
23314156.0,94,52
23314179.0,91,55
23314201.0,93,53
23314212.0,105,48
23314242.0,100,48
23314257.0,105,49
23314264.0,102,57
23314318.0,104,68
23314397.0,101,61
23314429.0,92,57
23314443.0,92,56
23314445.0,101,64
23314494.0,100,44
23314522.0,99,44
23314612.0,102,51
23314658.0,91,49
23314719.0,94,61
23314737.0,102,48
23314780.0,90,51
23314822.0,80,96
23314823.0,98,47
23314826.0,93,51
23314881.0,98,45
23315003.0,93,51
23315010.0,92,55
23315012.0,102,56
23315054.0,102,55
23315098.0,104,51
23315128.0,92,50
23315131.0,91,53
23315175.0,101,62
23315207.0,91,49
23315244.0,90,52
23315327.0,100,47
23315444.0,99,51
23315497.0,91,56
23315590.0,92,51
23315702.0,94,49
23315718.0,91,55
23315752.0,94,80
23315782.0,91,49
23315821.0,97,46
23315883.0,102,58
23315914.0,95,80
23315941.0,96,80
23315954.0,100,45
23315961.0,99,50
23315972.0,95,49
23316058.0,99,69
23316131.0,91,49
23316143.0,93,54
23316151.0,101,51
23316156.0,101,50
23316158.0,101,63
23316220.0,96,80
23316231.0,90,49
23316240.0,90,53
23316242.0,90,51
23316275.0,98,72
23316289.0,94,48
23316365.0,99,47
23316373.0,104,50
23316395.0,89,50
23316446.0,99,46
23316478.0,96,50
23316518.0,103,56
23316536.0,95,62
23316540.0,102,50
23316593.0,98,51
23316598.0,95,44
23316605.0,103,48
23316773.0,93,53
23316776.0,91,54
23316885.0,91,49
23316919.0,94,49
23316993.0,102,59
23317029.0,103,52
23317072.0,102,54
23317128.0,99,44
23317135.0,96,49
23317156.0,91,57
23317162.0,94,58
23317173.0,98,43
23317196.0,94,79
23317236.0,92,52
23317243.0,93,60
23317250.0,103,52
23317254.0,91,49
23317275.0,92,58
23317309.0,94,47
23317486.0,101,52
23317500.0,100,52
23317520.0,92,52
23317539.0,90,49
23317544.0,89,50
23317570.0,102,47
23317602.0,99,45
23317769.0,90,52
23317770.0,90,54
23317793.0,91,50
23317805.0,96,51
23317808.0,97,47
23317818.0,100,49
23317846.0,90,49
23317852.0,96,47
23317887.0,104,48
23317924.0,92,59
23318062.0,100,46
23318131.0,93,54
23318135.0,94,46
23318142.0,95,47
23318169.0,92,51
23318172.0,93,57
23318181.0,96,47
23318181.0,99,51
23318245.0,102,55
23318249.0,104,49
23318275.0,96,50
23318450.0,89,51
23318475.0,91,58
23318476.0,93,49
23318523.0,101,45
23318560.0,102,49
23318627.0,93,51
23318629.0,101,59
23318634.0,92,52
23318643.0,67,51
23318682.0,102,62
23318721.0,102,53
23318773.0,90,53
23318796.0,98,49
23318810.0,99,43
23318933.0,98,50
23318983.0,101,51
23319075.0,93,52
23319155.0,95,79
23319173.0,93,50
23319202.0,92,57
23319221.0,96,49
23319260.0,101,48
23319298.0,90,55
23319335.0,102,62
23319349.0,90,56
23319379.0,90,54
23319380.0,97,50
23319384.0,91,59
23319453.0,99,47
23319547.0,93,59
23319563.0,101,57
23319565.0,101,47
23319568.0,103,51
23319579.0,102,54
23319585.0,107,75
23319617.0,96,44
23319622.0,101,58
23319638.0,88,50
23319649.0,101,66
23319667.0,102,48
23319695.0,89,51
23319734.0,92,60
23319746.0,92,53
23319935.0,101,49
23319943.0,95,51
23319951.0,101,47
23320085.0,99,73
23320124.0,91,51
23320177.0,93,49
23320191.0,90,50
23320260.0,103,50
23320273.0,101,49
23320295.0,98,46
23320317.0,100,45
23320330.0,103,48
23320436.0,94,44
23320471.0,98,47
23320496.0,101,56
23320502.0,102,53
23320540.0,95,50
23320545.0,90,55
23320598.0,92,54
23320648.0,95,48
23320726.0,100,51
23320779.0,89,52
23320784.0,98,50
23320804.0,101,50
23320822.0,101,55
23320825.0,102,64
23320849.0,91,55
23320914.0,95,47
23320941.0,100,61
23321015.0,88,50
23321083.0,92,56
23321093.0,93,46
23321103.0,95,49
23321108.0,94,62
23321139.0,100,52
23321161.0,89,53
23321171.0,95,48
23321281.0,101,64
23321287.0,93,58
23321319.0,99,48
23321441.0,95,44
23321453.0,98,44
23321501.0,102,47
23321522.0,90,50
23321531.0,96,61
23321584.0,69,47
23321601.0,96,44
23321612.0,98,45
23321648.0,98,51
23321661.0,68,48
23321664.0,91,56
23321719.0,90,57
23321727.0,92,52
23321766.0,100,45
23321811.0,95,48
23321836.0,100,50
23321849.0,92,53
23321887.0,98,61
23321916.0,91,52
23321949.0,69,47
23322044.0,92,50
23322217.0,95,50
23322219.0,100,64
23322286.0,102,52
23322305.0,99,52
23322360.0,93,48
23322420.0,93,45
23322444.0,89,52
23322446.0,100,63
23322470.0,94,65
23322475.0,88,51
23322544.0,88,50
23322555.0,92,55
23322699.0,101,50
23322710.0,89,53
23322731.0,100,49
23322740.0,99,45
23322740.0,95,60
23322743.0,98,49
23322763.0,92,52
23322794.0,102,49
23322800.0,95,45
23322805.0,92,51
23322833.0,95,49
23322842.0,92,54
23322852.0,90,51
23322876.0,89,50
23322891.0,107,72
23322929.0,90,54
23322930.0,100,45
23322988.0,97,50
23323033.0,99,65
23323070.0,103,48
23323105.0,91,53
23323106.0,92,53
23323154.0,91,58
23323161.0,95,47
23323162.0,97,51
23323190.0,90,56
23323208.0,97,44
23323216.0,92,50
23323249.0,98,47
23323274.0,95,48
23323279.0,97,49
23323279.0,92,49
23323316.0,100,48
23323336.0,93,53
23323348.0,95,45
23323400.0,107,72
23323416.0,88,52
23323427.0,88,51
23323457.0,91,53
23323512.0,103,47
23323561.0,97,49
23323646.0,55,53
23323736.0,95,58
23323809.0,101,57
23323868.0,99,46
23323903.0,100,51
23323914.0,101,53
23323915.0,100,46
23323940.0,90,58
23323943.0,101,48
23323948.0,97,49
23323997.0,90,51
23324037.0,101,55
23324048.0,89,55
23324066.0,98,45
23324106.0,91,53
23324126.0,99,51
23324140.0,97,49
23324161.0,97,47
23324201.0,101,59
23324217.0,93,51
23324230.0,101,67
23324368.0,91,53
23324400.0,97,51
23324452.0,97,48
23324454.0,101,46
23324473.0,99,46
23324536.0,88,52
23324556.0,100,60
23324592.0,94,44
23324597.0,89,54
23324632.0,97,44
23324664.0,101,60
23324703.0,88,50
23324710.0,101,67
23324749.0,96,44
23324781.0,98,50
23324784.0,91,59
23324833.0,97,46
23324839.0,93,46
23324843.0,94,51
23324849.0,99,44
23324879.0,97,45
23324890.0,91,54
23324901.0,98,48
23324916.0,93,50
23324927.0,92,48
23324936.0,92,60
23324941.0,101,46
23324984.0,94,49
23324999.0,100,52
23325022.0,96,50
23325037.0,93,45
23325043.0,88,53
23325090.0,93,49
23325110.0,102,69
23325119.0,92,50
23325134.0,88,50
23325183.0,92,46
23325212.0,98,46
23325221.0,94,48
23325272.0,101,67
23325275.0,94,49
23325305.0,87,51
23325319.0,100,57
23325329.0,94,47
23325358.0,95,44
23325363.0,90,57
23325397.0,89,55
23325431.0,98,52
23325438.0,92,51
23325522.0,92,55
23325522.0,93,49
23325543.0,100,50
23325543.0,95,72
23325556.0,89,51
23325565.0,93,61
23325619.0,90,52
23325679.0,92,58
23325754.0,99,45
23325769.0,101,49
23325771.0,67,119
23325809.0,89,56
23325810.0,94,64
23325813.0,94,61
23325951.0,96,47
23325959.0,93,49
23325984.0,88,50
23325994.0,88,53
23326005.0,99,50
23326051.0,101,53
23326120.0,95,50
23326135.0,87,51
23326151.0,89,54
23326162.0,97,50
23326164.0,92,52
23326173.0,97,48
23326179.0,101,48
23326242.0,93,49
23326245.0,94,50
23326277.0,98,45
23326293.0,88,50
23326452.0,91,57
23326502.0,102,50
23326507.0,94,45
23326520.0,103,49
23326554.0,101,47
23326585.0,99,52
23326600.0,102,49
23326796.0,87,52
23326807.0,94,50
23326811.0,89,57
23326831.0,99,48
23326896.0,91,55
23326899.0,94,47
23326970.0,100,56
23326985.0,100,50
23326998.0,54,57
23327027.0,101,52
23327077.0,100,59
23327078.0,53,54
23327092.0,89,51
23327122.0,90,53
23327127.0,92,45
23327130.0,94,48
23327282.0,101,54
23327293.0,92,59
23327397.0,87,52
23327418.0,91,51
23327432.0,88,54
23327454.0,96,50
23327516.0,82,99
23327692.0,99,46
23327753.0,98,69
23327756.0,93,65
23327794.0,97,46
23327847.0,91,52
23327856.0,92,82
23327865.0,100,48
23327867.0,94,51
23327938.0,100,49
23327943.0,91,51
23328014.0,102,48
23328036.0,93,80
23328046.0,100,58
23328068.0,97,45
23328106.0,90,53
23328142.0,88,51
23328151.0,96,49
23328190.0,91,50
23328192.0,100,54
23328199.0,102,47
23328209.0,94,47
23328236.0,88,55
23328252.0,95,44
23328287.0,91,54
23328293.0,87,52
23328390.0,90,54
23328407.0,96,46
23328413.0,101,67
23328418.0,91,53
23328501.0,89,56
23328507.0,94,44
23328548.0,55,61
23328557.0,97,49
23328772.0,89,57
23328831.0,91,50
23328864.0,93,50
23328868.0,100,55
23328906.0,93,49
23328917.0,91,60
23328943.0,93,51
23328957.0,98,45
23328999.0,82,98
23329006.0,91,51
23329016.0,93,45
23329017.0,97,45
23329042.0,87,53
23329089.0,93,64
23329236.0,96,47
23329239.0,95,46
23329295.0,90,59
23329322.0,92,46
23329331.0,89,55
23329341.0,54,55
23329360.0,89,52
23329374.0,99,47
23329376.0,91,46
23329406.0,94,65
23329435.0,100,56
23329476.0,53,54
23329484.0,88,54
23329566.0,99,51
23329746.0,93,46
23329753.0,98,50
23329773.0,99,47
23329781.0,55,55
23329822.0,100,57
23329857.0,88,86
23329908.0,94,44
23330040.0,87,53
23330044.0,93,46
23330056.0,69,55
23330118.0,100,48
23330143.0,86,52
23330159.0,91,52
23330296.0,89,58
23330297.0,98,51
23330415.0,97,46
23330547.0,87,51
23330580.0,91,55
23330602.0,99,50
23330668.0,101,51
23330783.0,90,58
23330809.0,100,59
23330819.0,88,51
23330845.0,93,46
23330898.0,91,61
23330907.0,101,47
23330954.0,86,52
23330959.0,88,55
23330987.0,101,49
23330999.0,98,46
23331047.0,96,46
23331091.0,98,49
23331092.0,90,54
23331128.0,96,50
23331188.0,90,57
23331203.0,91,47
23331221.0,91,45
23331239.0,100,47
23331349.0,101,49
23331354.0,95,72
23331372.0,95,64
23331381.0,85,91
23331383.0,91,58
23331383.0,94,45
23331386.0,94,66
23331455.0,90,50
23331510.0,90,51
23331523.0,95,50
23331529.0,89,53
23331545.0,98,48
23331551.0,92,45
23331563.0,97,48
23331571.0,87,54
23331590.0,95,44
23331635.0,86,52
23331714.0,93,46
23331782.0,100,52
23331821.0,96,47
23331854.0,101,49
23331917.0,97,52
23331922.0,100,67
23331928.0,88,52
23331930.0,95,46
23331969.0,98,45
23332049.0,101,48
23332080.0,106,77
23332096.0,96,72
23332106.0,99,54
23332117.0,90,53
23332119.0,97,47
23332123.0,94,63
23332178.0,97,52
23332208.0,54,68
23332248.0,93,45
23332371.0,100,49
23332501.0,89,57
23332537.0,90,51
23332541.0,96,45
23332577.0,95,47
23332681.0,90,54
23332699.0,86,53
23332743.0,92,78
23332834.0,99,55
23332860.0,93,46
23332867.0,92,49
23332871.0,88,57
23332873.0,91,59
23332882.0,90,46
23332941.0,93,50
23332962.0,90,48
23332982.0,99,62
23333038.0,92,78
23333039.0,88,56
23333043.0,92,50
23333046.0,87,89
23333066.0,99,48
23333085.0,95,48
23333092.0,91,46
23333108.0,97,45
23333176.0,95,49
23333198.0,87,54
23333242.0,92,46
23333274.0,96,48
23333277.0,89,54
23333317.0,100,54
23333470.0,92,47
23333501.0,90,60
23333588.0,98,51
23333638.0,93,52
23333730.0,99,52
23333751.0,86,53
23333767.0,90,52
23333778.0,96,46
23333785.0,92,51
23333921.0,87,52
23333924.0,90,58
23333972.0,93,44
23333984.0,92,61
23333998.0,97,50
23333999.0,99,50
23334000.0,90,49
23334006.0,90,53
23334037.0,93,62
23334041.0,81,94
23334048.0,90,47
23334100.0,80,94
23334119.0,89,58
23334132.0,97,52
23334256.0,94,60
23334267.0,91,45
23334302.0,97,50
23334460.0,96,51
23334492.0,99,58
23334548.0,95,46
23334611.0,100,47
23334625.0,99,57
23334669.0,98,65
23334705.0,92,52
23334761.0,97,46
23334839.0,94,44
23334870.0,86,54
23334907.0,85,52
23334916.0,97,53
23334923.0,99,56
23334928.0,98,62
23334937.0,99,64
23334950.0,99,49
23334971.0,99,47
23334974.0,95,48
23335025.0,97,49
23335044.0,98,52
23335069.0,100,51
23335089.0,97,51
23335094.0,106,72
23335187.0,97,50
23335236.0,90,54
23335271.0,92,87
23335301.0,95,49
23335312.0,100,50
23335365.0,88,58
23335379.0,95,47
23335400.0,97,49
23335405.0,85,53
23335462.0,105,76
23335571.0,87,52
23335574.0,97,47
23335610.0,90,46
23335616.0,87,55
23335642.0,101,52
23335645.0,100,65
23335718.0,94,47
23335745.0,57,65
23335788.0,92,46
23335796.0,100,49
23335808.0,93,47
23335809.0,88,53
23335831.0,86,52
23335885.0,97,48
23335905.0,94,45
23335919.0,99,55
23335919.0,91,60
23335957.0,97,49
23335958.0,93,48
23335972.0,92,62
23335984.0,96,45
23335988.0,98,50
23336003.0,99,48
23336007.0,97,52
23336007.0,87,56
23336089.0,100,48
23336127.0,99,61
23336166.0,101,52
23336188.0,99,53
23336210.0,88,53
23336242.0,89,55
23336263.0,96,83
23336268.0,97,49
23336293.0,88,57
23336356.0,98,49
23336380.0,91,46
23336406.0,89,47
23336581.0,89,46
23336590.0,92,45
23336623.0,98,51
23336656.0,99,57
23336661.0,97,49
23336884.0,97,52
23336886.0,92,49
23336915.0,90,59
23336963.0,97,49
23337036.0,91,49
23337071.0,91,50
23337077.0,89,52
23337190.0,89,48
23337250.0,97,82
23337264.0,86,54
23337269.0,91,62
23337460.0,95,46
23337541.0,91,48
23337588.0,88,54
23337609.0,87,51
23337639.0,89,51
23337644.0,98,48
23337657.0,85,53
23337658.0,99,60
23337671.0,85,54
23337714.0,86,54
23337725.0,91,47
23337847.0,86,52
23337879.0,85,52
23337894.0,86,55
23337906.0,92,48
23337940.0,92,51
23338000.0,89,46
23338013.0,87,53
23338019.0,89,53
23338120.0,96,52
23338197.0,86,52
23338286.0,87,56
23338307.0,98,77
23338367.0,99,52
23338381.0,98,49
23338413.0,93,49
23338415.0,99,58
23338448.0,96,46
23338459.0,97,51
23338548.0,89,54
23338597.0,91,52
23338704.0,92,46
23338820.0,91,51
23338915.0,98,47
23339016.0,96,51
23339046.0,86,52
23339086.0,99,47
23339098.0,96,53
23339124.0,91,48
23339168.0,91,53
23339261.0,94,47
23339262.0,90,46
23339367.0,91,46
23339369.0,96,47
23339382.0,89,89
23339391.0,91,45
23339427.0,88,58
23339435.0,89,47
23339445.0,88,51
23339473.0,88,47
23339478.0,93,46
23339540.0,93,47
23339551.0,89,55
23339554.0,96,48
23339609.0,77,101
23339636.0,86,55
23339638.0,93,64
23339701.0,94,46
23339713.0,98,87
23339841.0,84,53
23339880.0,91,47
23339904.0,95,47
23339931.0,93,65
23339973.0,93,45
23340013.0,91,49
23340064.0,88,48
23340068.0,64,49
23340081.0,90,61
23340097.0,93,48
23340112.0,88,49
23340137.0,88,55
23340179.0,85,54
23340219.0,99,50
23340225.0,99,51
23340232.0,98,54
23340255.0,86,56
23340260.0,86,53
23340322.0,99,48
23340363.0,91,51
23340371.0,98,56
23340406.0,65,48
23340410.0,93,49
23340422.0,95,65
23340426.0,94,50
23340472.0,99,65
23340476.0,99,51
23340490.0,87,57
23340521.0,90,49
23340566.0,97,50
23340660.0,84,91
23340664.0,65,48
23340743.0,84,54
23340773.0,57,49
23340778.0,91,49
23340793.0,90,49
23340801.0,91,48
23340847.0,88,47
23340849.0,71,57
23340864.0,87,54
23340897.0,98,66
23340949.0,90,48
23341122.0,87,58
23341159.0,90,62
23341165.0,91,62
23341168.0,85,55
23341211.0,91,61
23341229.0,98,57
23341237.0,89,46
23341253.0,90,50
23341282.0,85,53
23341284.0,89,56
23341285.0,99,49
23341317.0,89,59
23341333.0,71,57
23341352.0,90,49
23341412.0,84,54
23341443.0,89,57
23341461.0,97,48
23341496.0,98,53
23341504.0,92,66
23341508.0,88,52
23341509.0,94,65
23341515.0,93,50
23341555.0,95,73
23341559.0,95,49
23341589.0,85,53
23341603.0,99,49
23341612.0,96,50
23341682.0,88,60
23341728.0,89,55
23341827.0,98,52
23341881.0,88,86
23341920.0,88,50
23342021.0,94,51
23342089.0,98,55
23342116.0,91,51
23342206.0,96,50
23342220.0,88,59
23342324.0,93,51
23342537.0,92,45
23342552.0,97,47
23342622.0,90,45
23342649.0,93,52
23342663.0,85,53
23342695.0,84,54
23342698.0,91,52
23342704.0,86,57
23342714.0,95,46
23342746.0,84,55
23342756.0,94,49
23342757.0,95,47
23342765.0,90,51
23342820.0,86,52
23342835.0,70,58
23342900.0,89,60
23342943.0,89,54
23342949.0,85,55
23342952.0,91,53
23342983.0,97,48
23342984.0,90,46
23343028.0,85,53
23343059.0,93,47
23343103.0,89,61
23343116.0,97,54
23343130.0,90,49
23343134.0,88,54
23343148.0,89,47
23343177.0,94,73
23343180.0,86,54
23343196.0,95,53
23343217.0,88,47
23343225.0,92,46
23343231.0,91,47
23343242.0,85,56
23343332.0,97,49
23343339.0,88,53
23343357.0,87,59
23343405.0,93,49
23343416.0,98,47
23343423.0,95,49
23343440.0,90,52
23343503.0,88,55
23343553.0,89,56
23343735.0,83,54
23343740.0,84,55
23343818.0,98,58
23343832.0,90,48
23343846.0,90,46
23343875.0,96,52
23343876.0,93,51
23343912.0,87,58
23343913.0,92,52
23343954.0,87,51
23343964.0,96,51
23344015.0,88,56
23344019.0,85,53
23344117.0,82,105
23344149.0,92,48
23344207.0,93,52
23344238.0,84,53
23344289.0,87,50
23344303.0,87,47
23344365.0,89,49
23344377.0,95,52
23344436.0,87,55
23344446.0,84,55
23344456.0,89,52
23344462.0,98,48
23344553.0,88,61
23344561.0,88,48
23344573.0,89,49
23344578.0,4,48
23344578.0,85,56
23344587.0,91,45
23344590.0,89,48
23344620.0,88,52
23344637.0,85,53
23344655.0,90,50
23344684.0,86,56
23344722.0,95,51
23344767.0,98,49
23344858.0,95,48
23344886.0,94,53
23344940.0,90,49
23344971.0,92,49
23344991.0,98,57
23345010.0,86,54
23345045.0,90,53
23345053.0,87,52
23345066.0,85,53
23345115.0,86,58
23345228.0,85,57
23345252.0,96,50
23345263.0,3,47
23345289.0,98,50
23345290.0,86,57
23345294.0,93,50
23345310.0,85,54
23345314.0,83,55
23345362.0,88,55
23345444.0,90,51
23345499.0,87,49
23345546.0,98,52
23345619.0,83,54
23345628.0,98,62
23345639.0,88,47
23345735.0,87,57
23345739.0,85,53
23345771.0,88,57
23345875.0,96,48
23345903.0,98,60
23345923.0,90,50
23345955.0,93,48
23345956.0,90,45
23345974.0,89,51
23345997.0,87,47
23346016.0,94,46
23346037.0,87,59
23346056.0,92,65
23346073.0,96,68
23346079.0,83,55
23346112.0,85,56
23346126.0,87,48
23346132.0,84,56
23346194.0,92,46
23346248.0,98,56
23346302.0,86,55
23346305.0,98,59
23346356.0,90,52
23346519.0,97,55
23346524.0,94,46
23346548.0,85,54
23346697.0,92,51
23346792.0,88,60
23346792.0,84,54
23346797.0,86,49
23346829.0,95,50
23346911.0,85,54
23346927.0,87,56
23346944.0,97,53
23346955.0,91,50
23346962.0,89,57
23346971.0,84,56
23346995.0,89,46
23347016.0,87,60
23347036.0,89,47
23347040.0,87,88
23347089.0,95,50
23347089.0,86,48
23347109.0,87,47
23347159.0,94,47
23347173.0,89,52
23347186.0,94,46
23347228.0,88,48
23347231.0,85,57
23347240.0,96,47
23347257.0,97,47
23347261.0,88,57
23347292.0,97,54
23347295.0,83,55
23347342.0,93,47
23347344.0,92,52
23347358.0,89,89
23347415.0,90,48
23347431.0,90,63
23347452.0,86,50
23347490.0,91,46
23347646.0,91,48
23347661.0,86,59
23347749.0,94,49
23347806.0,94,46
23347810.0,88,61
23347901.0,89,48
23347932.0,86,48
23347957.0,97,56
23347996.0,88,89
23348019.0,93,46
23348028.0,91,46
23348074.0,86,58
23348209.0,91,47
23348224.0,92,49
23348255.0,92,47
23348263.0,89,52
23348265.0,86,51
23348265.0,89,61
23348311.0,89,49
23348353.0,83,54
23348385.0,93,52
23348389.0,89,46
23348411.0,95,53
23348439.0,84,56
23348465.0,94,51
23348491.0,90,51
23348574.0,88,49
23348636.0,92,51
23348670.0,83,56
23348691.0,96,49
23348711.0,90,52
23348745.0,97,49
23348769.0,97,52
23348791.0,91,49
23348794.0,92,52
23348841.0,85,55
23348898.0,92,48
23348915.0,94,52
23348932.0,88,49
23348978.0,84,57
23348995.0,89,52
23349018.0,85,58
23349040.0,87,74
23349041.0,97,48
23349049.0,95,51
23349074.0,87,47
23349148.0,97,50
23349231.0,89,60
23349232.0,87,54
23349357.0,86,56
23349369.0,88,56
23349408.0,89,53
23349414.0,92,46
23349437.0,95,48
23349508.0,86,59
23349526.0,87,51
23349546.0,97,57
23349554.0,88,57
23349586.0,83,56
23349618.0,85,57
23349631.0,88,59
23349640.0,87,57
23349677.0,91,47
23349779.0,94,53
23349830.0,88,50
23349874.0,94,50
23349899.0,93,46
23349905.0,93,47
23350072.0,89,47
23350099.0,93,67
23350110.0,86,55
23350135.0,88,55
23350140.0,95,48
23350145.0,86,52
23350151.0,87,48
23350244.0,97,51
23350318.0,86,53
23350346.0,88,54
23350384.0,92,67
23350391.0,90,46
23350408.0,98,63
23350438.0,91,50
23350563.0,99,65
23350567.0,85,49
23350613.0,86,56
23350620.0,90,60
23350677.0,93,66
23350696.0,88,51
23350696.0,88,52
23350699.0,94,48
23350706.0,51,120
23350717.0,96,66
23350743.0,91,48
23350754.0,84,57
23350758.0,88,46
23350855.0,87,56
23350867.0,89,52
23350964.0,84,55
23350989.0,85,55
23350993.0,91,51
23351000.0,87,60
23351022.0,84,54
23351059.0,86,56
23351146.0,91,46
23351237.0,84,54
23351257.0,95,49
23351268.0,89,50
23351282.0,86,60
23351290.0,83,56
23351305.0,88,47
23351306.0,82,56
23351307.0,86,54
23351318.0,85,58
23351343.0,88,60
23351349.0,69,56
23351367.0,91,49
23351386.0,85,50
23351397.0,93,48
23351398.0,88,48
23351402.0,92,50
23351413.0,90,47
23351428.0,97,58
23351460.0,85,49
23351602.0,83,57
23351641.0,88,49
23351801.0,87,55
23351864.0,96,47
23351869.0,95,47
23351954.0,91,47
23351957.0,87,49
23351968.0,88,52
23352028.0,87,59
23352281.0,83,55
23352313.0,95,50
23352355.0,88,50
23352373.0,92,49
23352435.0,91,50
23352459.0,92,46
23352516.0,82,56
23352606.0,89,51
23352630.0,91,53
23352642.0,97,59
23352668.0,85,48
23352668.0,83,57
23352675.0,89,63
23352735.0,86,50
23352742.0,92,84
23352780.0,97,57
23352807.0,85,59
23352852.0,86,48
23352919.0,97,59
23352939.0,91,48
23352987.0,86,55
23353037.0,93,49
23353042.0,85,56
23353137.0,86,57
23353144.0,96,54
23353181.0,90,49
23353212.0,84,58
23353214.0,87,50
23353241.0,92,52
23353257.0,85,51
23353260.0,87,54
23353298.0,85,58
23353300.0,96,49
23353312.0,89,46
23353320.0,93,51
23353323.0,96,48
23353327.0,90,47
23353396.0,83,55
23353449.0,91,63
23353512.0,93,51
23353527.0,94,51
23353532.0,83,57
23353554.0,92,47
23353555.0,93,54
23353565.0,93,49
23353583.0,93,53
23353599.0,85,52
23353606.0,96,55
23353626.0,87,56
23353635.0,98,87
23353704.0,94,52
23353733.0,87,91
23353740.0,93,52
23353740.0,93,50
23353760.0,87,51
23353803.0,94,50
23353818.0,88,53
23353914.0,89,53
23353985.0,88,51
23354001.0,87,47
23354017.0,86,60
23354050.0,96,51
23354070.0,87,58
23354078.0,90,50
23354093.0,91,51
23354121.0,87,51
23354173.0,96,50
23354204.0,84,57
23354232.0,83,57
23354282.0,96,52
23354288.0,97,58
23354333.0,94,49
23354386.0,94,48
23354387.0,86,59
23354392.0,85,49
23354437.0,85,48
23354499.0,89,47
23354565.0,96,82
23354584.0,90,53
23354613.0,82,57
23354615.0,88,48
23354651.0,84,50
23354697.0,86,55
23354715.0,87,51
23354727.0,85,48
23354745.0,84,49
23354781.0,92,64
23354911.0,95,47
23354911.0,88,47
23354974.0,86,61
23354987.0,90,51
23355020.0,97,59
23355074.0,87,60
23355078.0,87,52
23355113.0,93,63
23355126.0,89,52
23355128.0,84,56
23355150.0,90,63
23355200.0,91,46
23355257.0,87,47
23355289.0,88,52
23355301.0,86,49
23355368.0,87,48
23355395.0,87,51
23355410.0,85,59
23355418.0,87,49
23355482.0,88,50
23355494.0,83,56
23355533.0,84,49
23355549.0,89,48
23355599.0,86,54
23355654.0,93,51
23355654.0,86,49
23355674.0,90,49
23355694.0,87,50
23355700.0,83,58
23355708.0,86,50
23355730.0,85,53
23355793.0,91,53
23355796.0,84,50
23355814.0,85,50
23355816.0,85,48
23355869.0,85,60
23355880.0,86,56
23355907.0,82,57
23355970.0,84,58
23356039.0,91,66
23356055.0,90,50
23356112.0,84,51
23356117.0,87,62
23356155.0,85,57
23356180.0,89,62
23356351.0,92,49
23356360.0,91,49
23356416.0,88,61
23356416.0,84,52
23356453.0,85,48
23356458.0,85,54
23356481.0,84,59
23356530.0,85,52
23356558.0,88,53
23356561.0,97,60
23356626.0,89,63
23356671.0,84,55
23356737.0,90,52
23356832.0,90,47
23356911.0,88,47
23356930.0,89,47
23357009.0,90,53
23357021.0,54,53
23357030.0,91,64
23357040.0,85,48
23357063.0,89,49
23357084.0,94,50
23357098.0,85,49
23357125.0,92,50
23357190.0,83,56
23357193.0,87,57
23357219.0,87,61
23357223.0,83,58
23357238.0,87,53
23357242.0,85,48
23357299.0,86,60
23357390.0,86,61
23357397.0,96,57
23357444.0,84,53
23357502.0,54,53
23357537.0,91,52
23357547.0,86,57
23357563.0,84,52
23357597.0,81,57
23357652.0,86,58
23357688.0,91,47
23357697.0,87,51
23357705.0,82,58
23357716.0,90,48
23357760.0,94,48
23357798.0,86,51
23357799.0,89,48
23357815.0,55,52
23357828.0,85,51
23357848.0,90,51
23357855.0,84,50
23357902.0,82,56
23357925.0,93,48
23357961.0,87,59
23358022.0,94,49
23358132.0,85,55
23358195.0,89,47
23358195.0,88,58
23358214.0,85,49
23358220.0,83,59
23358257.0,89,50
23358263.0,95,49
23358264.0,55,57
23358292.0,95,50
23358298.0,88,63
23358329.0,90,49
23358357.0,88,51
23358358.0,90,52
23358404.0,92,52
23358446.0,96,58
23358469.0,84,57
23358511.0,82,58
23358516.0,83,50
23358518.0,86,47
23358567.0,95,50
23358589.0,91,48
23358614.0,87,50
23358616.0,88,54
23358624.0,90,62
23358674.0,103,75
23358732.0,85,49
23358831.0,87,54
23358888.0,88,48
23358895.0,93,48
23358924.0,89,48
23358926.0,91,49
23358990.0,88,47
23358995.0,85,50
23359028.0,93,49
23359042.0,89,49
23359065.0,84,59
23359087.0,83,51
23359129.0,93,53
23359132.0,95,54
23359154.0,55,53
23359157.0,93,51
23359185.0,88,62
23359203.0,92,53
23359205.0,84,49
23359212.0,85,61
23359222.0,88,46
23359226.0,86,61
23359248.0,95,50
23359342.0,84,53
23359359.0,86,52
23359383.0,85,49
23359389.0,88,47
23359453.0,88,53
23359483.0,92,51
23359527.0,83,50
23359534.0,86,48
23359537.0,93,52
23359646.0,95,51
23359664.0,94,51
23359796.0,89,51
23359833.0,85,58
23359863.0,85,49
23359885.0,85,60
23359897.0,86,49
23359973.0,86,62
23360022.0,88,49
23360046.0,96,57
23360103.0,90,47
23360127.0,83,57
23360154.0,90,52
23360220.0,86,50
23360224.0,83,52
23360247.0,91,51
23360312.0,91,65
23360317.0,91,62
23360336.0,85,50
23360394.0,89,62
23360487.0,91,53
23360511.0,85,56
23360515.0,95,52
23360516.0,87,53
23360522.0,84,60
23360540.0,86,47
23360608.0,83,51
23360629.0,89,50
23360654.0,85,51
23360751.0,86,51
23360754.0,83,59
23360806.0,86,53
23360861.0,94,48
23360873.0,85,50
23361061.0,87,47
23361094.0,92,61
23361183.0,86,48
23361226.0,87,62
23361274.0,84,55
23361282.0,83,57
23361325.0,83,59
23361330.0,90,53
23361355.0,86,59
23361368.0,82,57
23361385.0,89,52
23361392.0,88,47
23361435.0,85,50
23361497.0,86,56
23361518.0,89,51
23361566.0,85,53
23361596.0,84,60
23361623.0,81,57
23361678.0,88,48
23361716.0,84,50
23361747.0,84,54
23361784.0,88,50
23361898.0,87,51
23361916.0,90,50
23361926.0,85,48
23361993.0,85,50
23362001.0,82,59
23362004.0,85,52
23362064.0,91,51
23362083.0,89,49
23362159.0,84,55
23362264.0,81,58
23362301.0,85,61
23362324.0,87,63
23362373.0,84,51
23362397.0,91,51
23362457.0,83,53
23362471.0,86,51
23362476.0,87,52
23362479.0,82,59
23362544.0,90,48
23362564.0,91,50
23362571.0,88,58
23362609.0,94,49
23362642.0,85,48
23362652.0,88,48
23362655.0,86,47
23362688.0,89,47
23362747.0,86,54
23362748.0,82,57
23362770.0,93,50
23362816.0,88,49
23362830.0,85,49
23362851.0,89,53
23362898.0,83,51
23362911.0,86,52
23362924.0,87,48
23363001.0,91,52
23363030.0,89,52
23363062.0,87,56
23363085.0,92,65
23363153.0,82,51
23363156.0,87,59
23363158.0,92,49
23363166.0,84,58
23363171.0,95,56
23363211.0,87,53
23363332.0,90,49
23363340.0,91,54
23363382.0,82,57
23363417.0,85,55
23363442.0,92,51
23363511.0,86,57
23363550.0,87,49
23363598.0,92,66
23363654.0,85,53
23363662.0,84,50
23363709.0,86,62
23363722.0,88,51
23363767.0,94,50
23363782.0,83,54
23363782.0,81,59
23363849.0,85,62
23363881.0,85,57
23363886.0,89,54
23363889.0,84,51
23363914.0,82,51
23363924.0,89,47
23363949.0,92,48
23363965.0,83,50
23363975.0,43,94
23364068.0,83,60
23364079.0,94,51
23364134.0,85,56
23364150.0,85,50
23364154.0,85,60
23364170.0,92,50
23364204.0,88,50
23364215.0,91,51
23364230.0,86,47
23364245.0,89,53
23364418.0,90,50
23364478.0,91,53
23364492.0,92,51
23364500.0,96,59
23364537.0,82,52
23364550.0,91,51
23364559.0,85,59
23364579.0,87,54
23364640.0,86,58
23364654.0,87,48
23364669.0,86,63
23364689.0,92,64
23364721.0,83,58
23364785.0,85,48
23364857.0,88,63
23364878.0,92,54
23364880.0,86,59
23364919.0,89,48
23364963.0,92,53
23364984.0,82,59
23364993.0,83,52
23365084.0,84,61
23365118.0,92,52
23365162.0,89,88
23365203.0,93,48
23365231.0,86,53
23365276.0,94,52
23365291.0,85,50
23365335.0,88,54
23365345.0,84,52
23365371.0,87,50
23365492.0,86,48
23365540.0,85,49
23365587.0,82,51
23365627.0,90,50
23365710.0,83,55
23365753.0,88,49
23365754.0,89,51
23365759.0,87,48
23365762.0,85,51
23365817.0,86,51
23365847.0,89,50
23365853.0,90,50
23365856.0,85,61
23365867.0,82,60
23365887.0,88,50
23365895.0,86,50
23365972.0,86,55
23366039.0,85,58
23366049.0,82,58
23366060.0,94,54
23366131.0,81,58
23366210.0,89,53
23366342.0,84,49
23366381.0,85,62
23366385.0,83,50
23366387.0,87,62
23366397.0,82,53
23366399.0,88,47
23366438.0,94,55
23366467.0,91,64
23366476.0,84,48
23366490.0,88,51
23366529.0,84,54
23366536.0,94,66
23366570.0,88,64
23366587.0,89,52
23366593.0,89,49
23366681.0,89,55
23366694.0,83,61
23366716.0,83,51
23366720.0,80,59
23366734.0,86,60
23366746.0,90,65
23366759.0,83,60
23366838.0,84,59
23366870.0,87,49
23366916.0,93,49
23366933.0,90,51
23367250.0,82,60
23367275.0,88,53
23367297.0,82,52
23367301.0,82,54
23367337.0,90,52
23367356.0,83,58
23367469.0,81,52
23367482.0,92,49
23367491.0,82,58
23367500.0,81,58
23367576.0,85,52
23367582.0,86,49
23367594.0,96,61
23367617.0,87,51
23367679.0,86,54
23367706.0,90,47
23367790.0,84,49
23367825.0,86,49
23367941.0,83,51
23367944.0,85,48
23367953.0,86,50
23368001.0,84,53
23368031.0,84,57
23368034.0,89,64
23368083.0,89,50
23368085.0,85,58
23368102.0,91,50
23368112.0,84,50
23368112.0,84,62
23368160.0,93,49
23368333.0,93,50
23368397.0,87,50
23368591.0,88,48
23368600.0,92,50
23368634.0,89,54
23368637.0,86,48
23368641.0,55,50
23368663.0,84,61
23368711.0,83,56
23368736.0,81,60
23368770.0,82,51
23368781.0,85,48
23368801.0,96,74
23368829.0,92,48
23368857.0,85,51
23368861.0,81,52
23369056.0,85,48
23369163.0,85,60
23369181.0,93,51
23369213.0,82,61
23369229.0,53,57
23369246.0,80,60
23369265.0,86,53
23369301.0,87,61
23369313.0,88,53
23369329.0,85,59
23369346.0,81,53
23369350.0,90,63
23369355.0,96,60
23369366.0,83,52
23369386.0,86,52
23369444.0,91,49
23369473.0,83,55
23369483.0,86,49
23369545.0,91,51
23369546.0,85,55
23369547.0,82,55
23369624.0,90,53
23369646.0,82,53
23369724.0,87,52
23369732.0,88,54
23369751.0,92,48
23369784.0,87,63
23369797.0,91,66
23369801.0,84,54
23369884.0,91,52
23369895.0,85,53
23369946.0,83,49
23369979.0,85,63
23369980.0,86,48
23369996.0,89,47
23370062.0,98,66
23370063.0,82,60
23370068.0,92,48
23370201.0,82,51
23370203.0,86,63
23370266.0,83,61
23370269.0,86,55
23370323.0,87,50
23370355.0,84,50
23370370.0,91,54
23370558.0,91,53
23370573.0,88,49
23370598.0,91,65
23370603.0,85,49
23370627.0,80,60
23370642.0,83,49
23370694.0,82,51
23370698.0,82,59
23370757.0,82,55
23370760.0,90,64
23370764.0,87,51
23370828.0,93,52
23370839.0,84,51
23370841.0,93,53
23370894.0,90,53
23370906.0,93,54
23371008.0,81,59
23371013.0,87,48
23371078.0,83,53
23371086.0,90,48
23371091.0,81,53
23371097.0,90,53
23371133.0,92,49
23371195.0,87,54
23371200.0,81,54
23371215.0,84,48
23371220.0,86,54
23371230.0,86,51
23371239.0,87,52
23371282.0,88,51
23371282.0,85,62
23371286.0,89,65
23371315.0,90,54
23371318.0,89,63
23371354.0,82,61
23371380.0,90,65
23371442.0,92,66
23371608.0,88,54
23371637.0,91,50
23371673.0,84,56
23371702.0,81,61
23371806.0,80,59
23371833.0,85,59
23371849.0,84,52
23371859.0,83,50
23371866.0,82,52
23371869.0,82,59
23371905.0,84,62
23371911.0,81,59
23371929.0,90,66
23371978.0,84,60
23372007.0,89,52
23372134.0,90,49
23372165.0,83,57
23372192.0,90,66
23372352.0,88,50
23372360.0,84,58
23372380.0,83,49
23372464.0,93,65
23372518.0,87,53
23372554.0,92,50
23372606.0,85,49
23372617.0,81,61
23372672.0,90,48
23372785.0,80,53
23372788.0,86,49
23372789.0,86,48
23372907.0,86,63
23372918.0,85,50
23373012.0,82,54
23373013.0,89,50
23373139.0,83,51
23373150.0,88,63
23373197.0,85,63
23373198.0,84,53
23373200.0,90,49
23373381.0,85,60
23373387.0,84,55
23373405.0,86,64
23373430.0,93,57
23373434.0,80,61
23373446.0,86,51
23373460.0,86,52
23373462.0,85,49
23373529.0,85,56
23373568.0,84,49
23373581.0,89,50
23373690.0,87,49
23373746.0,88,54
23373759.0,90,50
23373771.0,90,51
23373796.0,91,48
23373948.0,83,54
23373970.0,93,55
23373990.0,81,55
23373992.0,82,56
23374008.0,91,48
23374054.0,86,50
23374090.0,88,51
23374105.0,84,63
23374114.0,91,52
23374226.0,85,54
23374244.0,89,53
23374246.0,81,52
23374304.0,81,53
23374369.0,80,61
23374400.0,85,53
23374405.0,83,50
23374440.0,91,50
23374441.0,84,53
23374444.0,83,96
23374453.0,85,50
23374464.0,90,50
23374471.0,86,52
23374474.0,85,51
23374489.0,87,54
23374492.0,83,52
23374497.0,84,59
23374497.0,82,62
23374510.0,92,51
23374511.0,84,51
23374512.0,90,52
23374525.0,82,53
23374681.0,96,59
23374686.0,81,52
23374722.0,87,53
23374753.0,84,52
23374763.0,90,51
23374764.0,81,54
23374793.0,82,50
23374806.0,80,54
23374896.0,96,84
23375002.0,81,61
23375012.0,82,99
23375026.0,85,61
23375037.0,91,49
23375042.0,83,58
23375050.0,96,85
23375280.0,87,50
23375287.0,82,60
23375315.0,82,50
23375327.0,82,57
23375463.0,85,55
23375483.0,86,52
23375523.0,81,56
23375529.0,81,52
23375566.0,84,57
23375569.0,83,62
23375574.0,86,55
23375615.0,89,49
23375634.0,86,51
23375662.0,94,57
23375670.0,83,49
23375672.0,83,97
23375750.0,90,53
23375770.0,86,53
23375980.0,90,52
23375996.0,82,50
23375997.0,82,62
23376027.0,89,48
23376043.0,84,50
23376076.0,87,54
23376106.0,80,55
23376111.0,92,53
23376236.0,86,49
23376249.0,88,64
23376276.0,80,60
23376333.0,92,52
23376348.0,84,58
23376400.0,94,89
23376419.0,90,49
23376430.0,82,60
23376467.0,83,60
23376545.0,91,66
23376596.0,83,52
23376612.0,84,56
23376725.0,84,54
23376743.0,83,63
23376763.0,84,49
23376790.0,81,60
23376808.0,81,62
23376809.0,85,55
23376887.0,82,58
23376920.0,89,54
23376946.0,83,53
23377001.0,91,50
23377003.0,81,53
23377027.0,83,51
23377045.0,84,56
23377106.0,83,55
23377127.0,83,49
23377300.0,87,55
23377360.0,88,56
23377392.0,89,50
23377448.0,84,50
23377464.0,90,54
23377470.0,87,55
23377485.0,80,62
23377490.0,82,51
23377507.0,90,48
23377547.0,90,66
23377569.0,85,56
23377731.0,93,87
23377819.0,85,51
23377820.0,84,56
23377910.0,92,56
23377962.0,84,51
23378038.0,81,56
23378083.0,93,56
23378083.0,84,56
23378100.0,80,54
23378104.0,82,60
23378142.0,84,61
23378491.0,85,50
23378500.0,81,62
23378501.0,105,73
23378543.0,80,62
23378547.0,86,64
23378556.0,84,55
23378605.0,90,49
23378612.0,84,63
23378696.0,84,64
23378708.0,83,50
23378709.0,81,57
23378784.0,84,54
23378807.0,88,52
23378808.0,82,58
23378821.0,89,51
23378864.0,84,49
23378871.0,90,49
23378885.0,87,54
23379047.0,89,49
23379048.0,79,54
23379068.0,85,49
23379184.0,85,53
23379333.0,86,50
23379336.0,80,53
23379337.0,93,82
23379479.0,83,57
23379533.0,88,49
23379638.0,83,63
23379641.0,86,54
23379666.0,89,50
23379744.0,103,69
23379793.0,82,62
23379905.0,81,55
23379922.0,83,58
23379955.0,81,50
23379977.0,82,55
23380018.0,86,63
23380022.0,89,48
23380036.0,94,57
23380075.0,83,54
23380110.0,87,65
23380115.0,84,52
23380123.0,79,54
23380176.0,90,49
23380178.0,91,52
23380226.0,84,51
23380234.0,88,53
23380238.0,89,51
23380272.0,82,52
23380310.0,83,56
23380318.0,85,49
23380361.0,89,64
23380394.0,89,52
23380400.0,80,62
23380410.0,88,49
23380493.0,93,56
23380509.0,84,60
23380526.0,91,51
23380543.0,84,50
23380567.0,87,52
23380578.0,81,51
23380609.0,86,65
23380693.0,85,64
23380744.0,83,53
23380753.0,90,50
23380794.0,82,63
23380799.0,91,51
23380802.0,83,61
23380813.0,92,55
23380834.0,84,64
23380856.0,88,50
23380887.0,85,58
23381013.0,82,51
23381047.0,80,55
23381094.0,79,55
23381116.0,81,54
23381217.0,92,88
23381254.0,80,56
23381319.0,86,51
23381363.0,82,53
23381377.0,83,59
23381389.0,83,50
23381425.0,91,88
23381463.0,94,58
23381512.0,81,54
23381514.0,80,61
23381572.0,84,57
23381590.0,84,49
23381609.0,89,54
23381709.0,85,51
23381754.0,82,50
23381774.0,81,61
23381797.0,81,52
23381808.0,82,61
23381808.0,85,61
23381826.0,85,52
23381870.0,85,50
23381876.0,82,59
23381886.0,88,50
23381896.0,79,62
23381928.0,93,62
23382004.0,84,56
23382133.0,91,65
23382142.0,89,53
23382234.0,87,55
23382259.0,81,62
23382291.0,86,55
23382353.0,45,115
23382564.0,80,57
23382566.0,83,55
23382595.0,81,58
23382644.0,83,60
23382666.0,84,51
23382725.0,83,64
23382760.0,90,50
23382777.0,81,63
23382778.0,83,50
23382829.0,83,63
23382849.0,82,57
23382865.0,86,51
23382939.0,86,49
23382970.0,82,59
23383065.0,81,58
23383172.0,88,54
23383184.0,81,61
23383201.0,89,49
23383203.0,85,53
23383208.0,79,55
23383278.0,79,56
23383298.0,86,65
23383310.0,89,52
23383329.0,84,58
23383386.0,80,54
23383411.0,87,49
23383423.0,90,51
23383480.0,80,63
23383495.0,81,51
23383509.0,89,51
23383579.0,87,53
23383641.0,91,52
23383674.0,82,54
23383717.0,81,55
23383763.0,91,54
23383848.0,90,53
23383864.0,81,58
23383946.0,82,56
23384004.0,82,63
23384049.0,81,57
23384058.0,86,55
23384066.0,84,61
23384070.0,88,51
23384073.0,83,55
23384110.0,85,65
23384176.0,91,52
23384211.0,94,58
23384276.0,84,56
23384296.0,87,49
23384304.0,89,54
23384320.0,85,56
23384429.0,55,53
23384445.0,88,52
23384452.0,81,52
23384454.0,85,51
23384460.0,85,59
23384469.0,54,59
23384534.0,81,63
23384540.0,84,64
23384571.0,84,60
23384645.0,82,53
23384692.0,82,51
23384744.0,80,56
23384813.0,80,63
23384825.0,83,60
23384844.0,85,51
23384954.0,55,53
23384962.0,79,54
23384969.0,79,56
23385059.0,82,58
23385088.0,57,53
23385101.0,82,51
23385121.0,86,52
23385248.0,83,57
23385272.0,80,52
23385438.0,83,54
23385461.0,85,61
23385485.0,81,59
23385533.0,86,54
23385546.0,98,86
23385560.0,89,65
23385618.0,83,64
23385620.0,88,55
23385642.0,84,50
23385728.0,85,51
23385748.0,84,52
23385784.0,90,51
23385794.0,84,62
23385889.0,89,50
23385905.0,90,52
23385921.0,79,57
23385945.0,88,51
23385959.0,55,57
23386076.0,85,57
23386076.0,87,54
23386110.0,83,51
23386124.0,84,57
23386162.0,88,52
23386180.0,81,63
23386216.0,82,64
23386219.0,90,52
23386223.0,89,64
23386225.0,90,84
23386286.0,84,55
23386288.0,80,52
23386323.0,85,57
23386330.0,86,56
23386410.0,87,50
23386461.0,82,51
23386471.0,83,62
23386517.0,80,58
23386528.0,81,58
23386567.0,82,62
23386635.0,82,60
23386642.0,83,59
23386652.0,81,53
23386664.0,82,61
23386766.0,80,63
23386832.0,90,53
23386882.0,83,50
23386897.0,82,55
23386906.0,88,66
23386928.0,88,49
23386941.0,89,53
23386998.0,81,52
23387004.0,82,54
23387026.0,89,84
23387030.0,55,54
23387045.0,95,59
23387055.0,88,53
23387075.0,80,51
23387111.0,81,59
23387129.0,85,50
23387285.0,80,62
23387299.0,83,56
23387299.0,81,51
23387352.0,70,51
23387383.0,90,52
23387523.0,81,62
23387565.0,55,54
23387595.0,93,57
23387656.0,82,57
23387694.0,84,51
23387707.0,88,55
23387809.0,84,54
23387851.0,95,61
23387872.0,81,54
23387874.0,83,53
23388010.0,87,51
23388143.0,85,52
23388162.0,83,100
23388163.0,84,61
23388177.0,84,54
23388203.0,86,53
23388205.0,82,103
23388249.0,84,59
23388273.0,81,56
23388276.0,84,62
23388384.0,86,49
23388395.0,84,65
23388401.0,89,51
23388410.0,79,63
23388428.0,91,55
23388430.0,85,48
23388433.0,82,63
23388443.0,83,50
23388545.0,82,64
23388573.0,81,64
23388651.0,86,64
23388678.0,81,56
23388690.0,89,66
23388768.0,88,54
23388804.0,80,52
23388805.0,82,62
23388853.0,84,56
23388922.0,79,56
23388969.0,84,58
23389292.0,82,51
23389381.0,81,62
23389396.0,80,51
23389569.0,80,62
23389603.0,81,64
23389606.0,83,61
23389692.0,80,64
23389707.0,87,50
23389724.0,85,62
23389894.0,87,51
23389902.0,97,85
23389929.0,80,53
23389950.0,83,52
23390019.0,89,54
23390020.0,83,65
23390031.0,83,51
23390123.0,86,49
23390126.0,83,57
23390164.0,99,65
23390245.0,86,50
23390270.0,88,54
23390383.0,87,49
23390391.0,80,59
23390395.0,82,56
23390409.0,78,56
23390455.0,81,64
23390469.0,82,60
23390480.0,80,64
23390483.0,78,57
23390486.0,88,65
23390508.0,80,57
23390533.0,87,54
23390551.0,79,55
23390563.0,82,55
23390563.0,90,53
23390610.0,99,65
23390615.0,83,58
23390656.0,87,52
23390770.0,82,65
23390915.0,88,55
23390933.0,81,52
23390991.0,88,50
23391044.0,83,54
23391064.0,81,55
23391083.0,83,53
23391129.0,83,51
23391141.0,87,55
23391171.0,86,54
23391176.0,82,53
23391255.0,80,56
23391320.0,83,61
23391355.0,79,57
23391387.0,89,52
23391397.0,84,52
23391405.0,90,54
23391419.0,84,54
23391432.0,84,51
23391535.0,87,66
23391560.0,87,67
23391561.0,88,52
23391567.0,80,54
23391596.0,87,52
23391602.0,86,66
23391828.0,81,57
23391884.0,84,52
23391959.0,83,56
23391986.0,86,50
23392000.0,85,53
23392029.0,84,53
23392043.0,78,58
23392048.0,86,51
23392055.0,88,64
23392118.0,87,51
23392145.0,81,60
23392172.0,82,59
23392394.0,80,53
23392425.0,87,53
23392442.0,83,55
23392486.0,84,55
23392505.0,81,53
23392602.0,78,57
23392612.0,83,51
23392730.0,81,54
23392851.0,79,53
23392864.0,86,65
23392913.0,84,52
23393143.0,81,52
23393158.0,79,63
23393161.0,82,58
23393170.0,88,51
23393243.0,82,64
23393299.0,82,52
23393334.0,82,53
23393359.0,86,49
23393451.0,83,57
23393468.0,89,52
23393484.0,84,63
23393492.0,79,63
23393501.0,82,51
23393518.0,89,53
23393523.0,83,54
23393573.0,82,63
23393603.0,88,53
23393745.0,80,63
23393796.0,79,58
23393876.0,83,60
23393894.0,85,66
23393992.0,85,50
23394007.0,81,60
23394067.0,55,58
23394082.0,87,65
23394248.0,81,57
23394254.0,84,57
23394260.0,79,64
23394271.0,85,64
23394281.0,83,53
23394335.0,87,53
23394366.0,84,65
23394431.0,86,51
23394501.0,79,63
23394575.0,84,55
23394645.0,81,55
23394677.0,85,55
23394679.0,81,53
23394768.0,87,50
23394788.0,91,55
23394871.0,83,63
23394886.0,85,50
23394895.0,90,55
23395033.0,80,52
23395082.0,83,52
23395104.0,79,57
23395106.0,87,54
23395151.0,82,54
23395153.0,82,56
23395206.0,81,63
23395390.0,89,53
23395397.0,86,52
23395457.0,80,59
23395502.0,80,54
23395541.0,80,52
23395587.0,82,51
23395610.0,80,57
23395831.0,79,53
23395839.0,85,51
23395926.0,82,61
23395936.0,81,56
23396056.0,91,56
23396078.0,80,63
23396135.0,84,53
23396172.0,80,55
23396181.0,78,56
23396270.0,79,54
23396345.0,83,65
23396361.0,84,49
23396393.0,83,55
23396400.0,86,49
23396590.0,78,57
23396807.0,79,59
23396816.0,84,49
23396817.0,88,52
23396870.0,86,52
23396899.0,93,58
23397060.0,81,51
23397161.0,82,65
23397217.0,87,52
23397394.0,87,51
23397401.0,85,51
23397510.0,81,53
23397555.0,85,54
23397598.0,84,56
23397627.0,83,58
23397643.0,54,54
23397645.0,82,57
23397660.0,82,60
23397693.0,55,54
23397731.0,86,55
23397746.0,80,65
23397955.0,78,58
23397980.0,81,63
23398121.0,84,66
23398217.0,87,54
23398319.0,86,53
23398400.0,81,54
23398410.0,83,57
23398559.0,82,52
23398562.0,83,59
23398621.0,90,55
23398624.0,87,51
23398721.0,80,52
23398762.0,86,55
23398884.0,99,74
23398890.0,92,57
23398902.0,80,55
23398905.0,81,51
23398987.0,83,55
23399072.0,81,65
23399122.0,80,53
23399248.0,81,58
23399301.0,80,65
23399415.0,82,54
23399426.0,79,54
23399497.0,91,67
23399515.0,83,62
23399556.0,81,61
23399558.0,86,50
23399562.0,81,57
23399709.0,81,53
23399848.0,83,66
23399905.0,87,55
23399929.0,80,60
23400064.0,83,53
23400087.0,79,53
23400104.0,87,53
23400125.0,84,58
23400149.0,84,56
23400304.0,86,52
23400329.0,83,61
23400377.0,91,56
23400464.0,87,49
23400489.0,82,52
23400527.0,82,55
23400606.0,80,53
23400679.0,86,53
23400830.0,85,53
23400950.0,88,53
23401055.0,90,66
23401099.0,85,52
23401124.0,81,65
23401168.0,83,52
23401315.0,87,65
23401327.0,82,58
23401413.0,82,59
23401420.0,80,65
23401479.0,78,54
23401492.0,79,64
23401502.0,80,61
23401617.0,81,56
23401630.0,79,59
23401654.0,82,65
23401760.0,99,84
23401811.0,85,51
23401891.0,84,50
23401974.0,85,50
23402035.0,84,51
23402086.0,79,57
23402101.0,80,59
23402130.0,82,57
23402143.0,79,53
23402201.0,83,103
23402231.0,78,58
23402324.0,89,54
23402352.0,68,47
23402398.0,90,67
23402633.0,84,54
23402676.0,83,53
23402756.0,79,55
23402836.0,78,55
23402930.0,79,60
23403023.0,80,58
23403193.0,88,53
23403238.0,86,51
23403256.0,78,59
23403279.0,80,64
23403527.0,86,51
23403716.0,80,53
23403733.0,85,55
23403841.0,85,52
23403859.0,80,54
23403959.0,88,52
23404063.0,79,58
23404204.0,84,51
23404227.0,79,55
23404241.0,83,56
23404415.0,77,58
23404421.0,84,96
23404437.0,78,57
23404613.0,84,57
23404637.0,86,54
23404649.0,85,53
23404690.0,68,121
23404691.0,85,50
23405005.0,87,66
23405117.0,81,54
23405139.0,67,121
23405253.0,82,59
23405309.0,84,52
23405426.0,80,61
23405477.0,80,52
23405734.0,82,62
23405877.0,84,59
23405963.0,81,55
23405978.0,86,51
23406177.0,65,64
23406237.0,86,55
23406276.0,81,55
23406285.0,83,59
23406364.0,82,54
23406402.0,82,64
23406435.0,85,53
23406474.0,81,64
23406499.0,84,50
23406530.0,86,54
23406678.0,82,53
23406731.0,105,73
23406947.0,81,55
23407056.0,84,52
23407083.0,79,56
23407160.0,57,48
23407488.0,104,73
23407517.0,78,55
23407537.0,81,57
23407569.0,78,57
23407829.0,100,73
23407861.0,57,48
23407911.0,80,56
23407958.0,83,51
23408282.0,80,54
23408489.0,81,58
23408761.0,83,51
23408761.0,89,55
23408940.0,83,62
23409032.0,99,82
23409058.0,86,55
23409333.0,79,54
23409346.0,81,54
23409396.0,87,53
23409555.0,81,62
23409613.0,86,52
23410376.0,78,54
23410868.0,85,54
23410874.0,100,83
23411309.0,85,51
23411353.0,82,58
23411603.0,83,56
23411638.0,82,59
23412051.0,84,57
23412245.0,84,53
23412313.0,85,53
23412468.0,83,66
23412582.0,83,107
23412713.0,83,60
23412790.0,81,55
23412879.0,80,55
23412974.0,85,54
23413443.0,91,67
23413523.0,83,52
23413778.0,79,60
23414008.0,86,52
23414598.0,83,106
23414636.0,78,59
23415956.0,80,54
23416856.0,80,59
23416914.0,91,57
23417455.0,82,64
23417820.0,82,64
23417898.0,80,99
23417937.0,84,67
23419162.0,98,73
23420859.0,90,90
23424614.0,88,90
23425887.0,91,88
23426261.0,79,55
23428713.0,89,88
23429075.0,90,87
23429285.0,91,87
23429808.0,80,53
23429871.0,80,57
23430037.0,78,59
23430297.0,80,56
23430537.0,105,70
23430675.0,98,85
23430746.0,71,124
23430856.0,80,55
23431510.0,79,60
23431515.0,84,109
23432060.0,83,54
23432159.0,81,58
23432627.0,81,58
23432994.0,106,75
23433594.0,83,63
23433649.0,80,54
23433650.0,98,86
23433714.0,85,67
23434491.0,81,59
23434698.0,82,59
23434808.0,81,55
23434900.0,82,58
23435056.0,80,58
23435513.0,90,56
23435533.0,78,59
23435553.0,85,54
23435708.0,83,53
23435752.0,87,56
23435832.0,94,59
23435930.0,88,54
23436026.0,82,53
23436072.0,80,61
23436156.0,83,53
23436181.0,81,66
23436224.0,82,62
23436394.0,79,55
23436443.0,95,60
23436567.0,82,64
23436583.0,85,55
23436913.0,79,55
23436964.0,81,64
23437032.0,79,57
23437153.0,83,53
23437252.0,85,52
23437274.0,84,53
23437342.0,82,59
23437410.0,81,54
23437413.0,86,56
23437440.0,80,53
23437500.0,83,52
23437549.0,86,52
23438231.0,84,51
23438471.0,80,65
23438506.0,87,53
23438578.0,85,55
23438770.0,80,64
23438865.0,84,54
23438887.0,88,54
23438928.0,80,56
23438976.0,78,58
23439173.0,76,116
23439403.0,87,56
23439454.0,85,54
23439459.0,92,67
23439478.0,91,56
23439685.0,95,61
23439728.0,83,52
23439737.0,72,122
23439830.0,81,65
23439847.0,82,53
23439959.0,83,60
23439989.0,79,55
23440028.0,89,55
23440151.0,79,57
23440211.0,73,122
23440368.0,83,53
23440417.0,72,122
23440506.0,83,58
23440591.0,84,54
23440607.0,81,58
23440744.0,88,54
23440761.0,82,58
23440796.0,81,57
23440802.0,79,59
23440893.0,92,57
23441314.0,84,51
23441541.0,91,56
23441694.0,87,53
23441837.0,85,53
23441868.0,81,56
23441928.0,78,56
23441939.0,80,60
23442044.0,85,51
23442188.0,81,56
23442347.0,95,63
23442352.0,80,57
23442360.0,80,65
23442373.0,80,55
23442420.0,90,55
23442529.0,82,64
23442571.0,79,56
23442641.0,84,64
23442694.0,81,58
23442774.0,81,56
23442793.0,94,59
23442793.0,80,65
23442835.0,82,54
23442869.0,93,58
23442869.0,81,61
23442878.0,82,65
23442948.0,79,56
23442949.0,83,51
23443187.0,82,52
23443233.0,85,51
23443327.0,84,66
23443348.0,84,52
23443693.0,85,54
23443831.0,84,59
23443905.0,81,53
23443965.0,86,55
23443971.0,88,56
23444138.0,82,52
23444205.0,79,56
23444278.0,87,55
23444347.0,82,57
23444356.0,81,65
23444393.0,94,79
23444620.0,86,54
23444849.0,96,79
23445314.0,85,66
23445353.0,89,54
23445434.0,88,52
23445537.0,106,77
23445556.0,85,53
23445656.0,90,55
23445679.0,82,61
23445695.0,87,52
23445760.0,80,53
23445875.0,83,58
23445906.0,85,53
23445949.0,88,53
23446027.0,83,62
23446040.0,85,54
23446044.0,80,55
23446099.0,81,54
23446246.0,87,55
23446381.0,85,53
23446606.0,86,52
23446669.0,83,59
23446674.0,82,58
23447108.0,89,54
23447162.0,81,57
23447336.0,86,51
23447355.0,81,63
23447406.0,94,58
23447547.0,80,57
23447573.0,92,56
23447618.0,82,54
23447686.0,87,52
23447756.0,83,54
23447768.0,83,57
23447780.0,84,53
23447827.0,82,57
23447906.0,82,65
23447953.0,82,52
23448043.0,81,55
23448080.0,94,58
23448082.0,82,63
23448221.0,86,51
23448363.0,81,53
23448375.0,80,56
23448411.0,86,53
23448558.0,85,64
23448667.0,99,66
23448693.0,80,64
23448798.0,84,51
23448804.0,95,60
23448863.0,83,63
23448908.0,81,63
23448924.0,91,55
23448939.0,99,67
23448994.0,83,52
23449182.0,85,53
23449308.0,92,56
23449353.0,79,57
23449357.0,87,55
23449390.0,84,58
23449428.0,91,56
23449523.0,85,52
23449616.0,81,63
23449720.0,83,57
23449793.0,86,54
23449961.0,90,55
23449992.0,85,66
23449994.0,80,54
23450102.0,82,61
23450114.0,85,53
23450123.0,80,56
23450174.0,82,53
23450299.0,86,53
23450427.0,80,59
23450471.0,82,63
23450735.0,82,56
23450758.0,87,55
23450857.0,88,55
23451065.0,79,56
23451084.0,81,64
23451155.0,82,58
23451358.0,87,54
23451382.0,84,52
23451419.0,87,51
23451482.0,89,53
23451502.0,81,54
23451508.0,82,64
23451612.0,83,51
23451640.0,91,55
23451685.0,85,53
23451729.0,83,53
23451777.0,90,54
23451949.0,91,67
23451989.0,85,52
23452097.0,82,57
23452234.0,87,51
23452357.0,86,54
23452432.0,90,54
23452483.0,83,58
23452613.0,84,59
23452670.0,86,52
23452692.0,81,56
23452729.0,83,51
23452851.0,81,59
23452899.0,84,62
23452911.0,88,66
23453038.0,82,52
23453061.0,82,57
23453098.0,82,53
23453267.0,89,65
23453283.0,82,60
23453286.0,84,61
23453372.0,84,51
23453382.0,89,66
23453407.0,87,53
23453418.0,80,58
23453574.0,83,61
23453605.0,85,51
23453655.0,46,100
23453732.0,82,56
23453777.0,83,63
23453789.0,84,63
23453850.0,86,53
23453889.0,80,57
23453934.0,79,57
23453979.0,86,50
23453989.0,88,65
23454099.0,81,55
23454108.0,87,54
23454182.0,88,54
23454316.0,82,64
23454369.0,81,64
23454380.0,81,52
23454417.0,85,62
23454512.0,83,56
23454515.0,81,55
23454554.0,86,52
23454577.0,83,64
23454610.0,84,52
23454674.0,97,64
23454719.0,82,55
23454806.0,81,54
23454843.0,96,60
23454846.0,85,62
23455007.0,95,58
23455046.0,85,63
23455148.0,82,62
23455409.0,83,51
23455532.0,85,52
23455576.0,83,66
23455604.0,90,53
23455614.0,93,56
23455660.0,92,67
23455677.0,79,58
23455699.0,86,53
23455805.0,84,51
23455858.0,93,66
23455879.0,82,52
23455929.0,84,58
23455948.0,95,58
23455951.0,80,55
23455990.0,106,69
23456007.0,92,55
23456017.0,97,62
23456043.0,85,50
23456076.0,95,62
23456152.0,94,66
23456387.0,89,52
23456405.0,86,63
23456457.0,83,62
23456652.0,85,62
23456686.0,84,57
23456691.0,97,63
23456723.0,88,55
23456764.0,90,53
23456915.0,93,56
23457030.0,81,55
23457033.0,84,63
23457052.0,87,54
23457083.0,87,52
23457105.0,81,62
23457131.0,88,51
23457138.0,81,53
23457147.0,88,54
23457180.0,94,57
23457205.0,82,55
23457235.0,86,51
23457260.0,84,51
23457285.0,97,79
23457322.0,95,79
23457327.0,80,57
23457328.0,82,60
23457333.0,96,59
23457335.0,83,53
23457389.0,82,56
23457440.0,91,54
23457452.0,88,54
23457461.0,86,55
23457515.0,92,66
23457547.0,87,53
23457553.0,86,66
23457566.0,83,56
23457639.0,80,56
23457710.0,84,53
23457738.0,82,55
23457747.0,82,59
23457772.0,87,56
23457802.0,86,65
23457809.0,105,69
23457834.0,84,56
23457841.0,84,61
23457902.0,91,66
23457932.0,81,58
23458052.0,90,66
23458091.0,83,56
23458313.0,82,55
23458423.0,87,50
23458542.0,92,55
23458544.0,81,63
23458568.0,83,62
23458581.0,85,52
23458656.0,83,52
23458839.0,85,61
23458850.0,87,53
23458921.0,96,60
23458936.0,82,52
23458992.0,86,52
23459021.0,82,62
23459026.0,86,51
23459030.0,82,54
23459061.0,81,53
23459171.0,83,56
23459195.0,92,67
23459227.0,106,70
23459230.0,79,56
23459312.0,96,59
23459340.0,81,59
23459402.0,88,53
23459424.0,84,60
23459433.0,86,51
23459481.0,82,55
23459491.0,83,56
23459579.0,82,63
23459593.0,82,56
23459657.0,83,51
23459690.0,83,57
23459699.0,83,55
23459701.0,84,53
23459775.0,90,52
23459909.0,86,52
23459969.0,91,54
23460000.0,85,58
23460031.0,87,51
23460039.0,85,51
23460086.0,83,55
23460118.0,84,62
23460131.0,88,50
23460189.0,81,62
23460197.0,87,52
23460220.0,87,53
23460339.0,86,51
23460350.0,87,49
23460430.0,97,61
23460459.0,82,50
23460486.0,88,54
23460578.0,100,64
23460617.0,84,52
23460642.0,90,52
23460669.0,83,55
23460705.0,84,57
23460710.0,86,50
23460713.0,89,51
23460729.0,81,52
23460754.0,80,56
23460801.0,83,51
23460821.0,82,55
23461002.0,88,50
23461023.0,83,55
23461033.0,84,50
23461097.0,83,64
23461143.0,85,53
23461279.0,89,54
23461282.0,91,53
23461416.0,11,120
23461444.0,90,53
23461450.0,84,64
23461499.0,85,65
23461511.0,81,63
23461530.0,84,56
23461624.0,83,63
23461655.0,86,65
23461692.0,82,51
23461735.0,84,57
23461740.0,86,50
23461782.0,83,56
23461806.0,86,63
23461813.0,84,56
23461819.0,87,56
23461870.0,84,58
23461881.0,85,65
23461921.0,86,65
23462007.0,86,50
23462015.0,83,52
23462060.0,87,49
23462091.0,83,62
23462092.0,93,66
23462122.0,84,62
23462143.0,90,52
23462280.0,82,59
23462310.0,82,53
23462319.0,81,57
23462326.0,86,62
23462368.0,83,60
23462484.0,92,54
23462543.0,87,51
23462573.0,86,51
23462577.0,82,58
23462673.0,86,50
23462724.0,96,58
23462774.0,93,67
23462780.0,83,51
23462912.0,88,52
23462942.0,81,62
23462970.0,83,60
23462992.0,87,52
23463098.0,91,53
23463182.0,85,62
23463245.0,83,59
23463272.0,88,49
23463311.0,94,56
23463316.0,89,50
23463324.0,92,66
23463328.0,83,65
23463338.0,84,60
23463359.0,82,55
23463361.0,85,61
23463384.0,85,50
23463427.0,81,54
23463477.0,82,52
23463600.0,90,51
23463616.0,91,65
23463637.0,83,60
23463646.0,83,54
23463706.0,93,55
23463822.0,88,49
23463838.0,82,61
23463918.0,89,53
23464108.0,82,63
23464151.0,86,51
23464165.0,89,50
23464173.0,85,50
23464235.0,83,51
23464257.0,90,51
23464261.0,88,65
23464339.0,81,56
23464464.0,89,54
23464484.0,88,51
23464525.0,92,67
23464554.0,87,50
23464571.0,82,54
23464579.0,90,65
23464585.0,94,67
23464653.0,88,53
23464805.0,85,52
23464944.0,83,61
23465112.0,87,52
23465158.0,82,61
23465207.0,84,64
23465221.0,97,66
23465234.0,85,60
23465243.0,83,53
23465286.0,88,49
23465289.0,81,62
23465352.0,84,55
23465378.0,85,57
23465475.0,92,54
23465480.0,84,65
23465528.0,89,54
23465660.0,84,61
23465664.0,84,63
23465695.0,91,52
23465760.0,86,57
23465782.0,86,65
23465792.0,90,54
23465806.0,82,52
23465819.0,83,61
23465888.0,83,63
23465901.0,82,56
23465911.0,86,61
23465911.0,94,66
23465988.0,86,62
23465991.0,84,59
23466015.0,87,66
23466069.0,84,51
23466077.0,89,49
23466108.0,89,65
23466176.0,87,54
23466177.0,97,60
23466282.0,82,62
23466298.0,82,57
23466348.0,86,50
23466414.0,96,58
23466416.0,84,54
23466446.0,89,65
23466498.0,87,66
23466573.0,84,61
23466585.0,88,51
23466601.0,87,65
23466646.0,95,57
23466735.0,93,54
23466834.0,87,49
23466865.0,87,51
23466866.0,82,57
23466873.0,85,57
23466882.0,84,56
23466939.0,89,49
23466990.0,86,50
23466991.0,94,67
23467018.0,85,64
23467137.0,92,53
23467174.0,85,62
23467194.0,83,55
23467214.0,94,55
23467236.0,87,66
23467242.0,89,52
23467298.0,95,66
23467343.0,85,55
23467379.0,88,52
23467381.0,82,51
23467461.0,83,53
23467553.0,90,50
23467570.0,85,59
23467697.0,95,67
23467715.0,91,51
23467745.0,86,56
23467825.0,87,64
23467841.0,87,62
23467911.0,98,61
23467934.0,83,58
23467950.0,87,61
23467994.0,93,54
23468004.0,88,50
23468027.0,82,54
23468122.0,86,52
23468156.0,82,57
23468182.0,90,64
23468215.0,101,67
23468295.0,83,52
23468332.0,83,50
23468345.0,84,54
23468381.0,90,53
23468387.0,91,51
23468392.0,87,51
23468444.0,92,53
23468453.0,83,54
23468484.0,81,56
23468499.0,86,49
23468573.0,83,56
23468577.0,86,57
23468578.0,81,55
23468712.0,85,60
23468754.0,89,51
23468809.0,89,53
23468816.0,84,59
23468876.0,86,64
23468889.0,84,61
23468964.0,85,61
23468967.0,94,55
23469045.0,87,50
23469198.0,83,61
23469200.0,86,60
23469208.0,86,55
23469216.0,86,61
23469218.0,81,54
23469245.0,95,56
23469357.0,89,49
23469374.0,84,55
23469430.0,90,65
23469437.0,80,56
23469477.0,83,59
23469484.0,84,53
23469505.0,85,56
23469535.0,101,66
23469541.0,86,50
23469580.0,80,56
23469609.0,92,52
23469664.0,84,50
23469735.0,90,66
23469823.0,97,58
23469828.0,83,62
23469986.0,88,49
23469993.0,90,49
23470016.0,93,66
23470081.0,85,54
23470095.0,88,50
23470135.0,90,54
23470174.0,82,56
23470190.0,82,62
23470306.0,87,50
23470310.0,84,62
23470352.0,83,51
23470358.0,84,63
23470359.0,85,55
23470376.0,85,56
23470402.0,92,52
23470405.0,84,58
23470439.0,85,52
23470473.0,91,54
23470486.0,82,53
23470505.0,88,51
23470611.0,53,57
23470622.0,89,65
23470632.0,86,61
23470658.0,85,59
23470667.0,86,49
23470730.0,90,49
23470742.0,90,52
23470778.0,91,65
23470804.0,86,57
23470845.0,96,57
23470951.0,82,55
23470986.0,93,65
23471004.0,100,65
23471038.0,85,50
23471049.0,85,59
23471237.0,91,50
23471266.0,90,50
23471272.0,87,50
23471334.0,83,52
23471339.0,83,51
23471345.0,90,53
23471381.0,86,49
23471441.0,83,53
23471503.0,83,57
23471535.0,84,53
23471552.0,85,63
23471575.0,93,53
23471592.0,82,61
23471635.0,83,60
23471669.0,87,56
23471737.0,90,53
23471745.0,85,59
23471758.0,98,60
23471779.0,88,51
23471801.0,92,51
23471905.0,89,51
23471986.0,98,65
23472014.0,92,66
23472024.0,94,65
23472032.0,86,51
23472040.0,85,61
23472066.0,84,55
23472076.0,91,64
23472096.0,82,60
23472136.0,94,54
23472143.0,89,52
23472182.0,84,60
23472189.0,89,64
23472219.0,92,65
23472232.0,89,50
23472323.0,89,51
23472340.0,85,54
23472472.0,93,54
23472488.0,94,66
23472493.0,86,55
23472503.0,89,53
23472521.0,95,55
23472538.0,85,59
23472556.0,86,59
23472578.0,86,63
23472579.0,84,54
23472650.0,83,61
23472656.0,86,60
23472910.0,86,61
23472911.0,83,56
23472963.0,86,60
23473033.0,95,81
23473037.0,86,52
23473087.0,92,51
23473111.0,95,56
23473322.0,84,58
23473345.0,93,53
23473385.0,85,55
23473414.0,88,49
23473462.0,90,51
23473471.0,84,60
23473499.0,91,53
23473505.0,85,59
23473555.0,90,53
23473592.0,83,53
23473626.0,88,50
23473654.0,83,60
23473691.0,85,60
23473710.0,88,64
23473749.0,87,49
23473772.0,82,54
23473847.0,85,53
23473893.0,86,56
23473905.0,89,49
23473920.0,87,61
23473950.0,84,52
23473986.0,91,50
23473994.0,96,56
23474042.0,90,52
23474091.0,93,52
23474145.0,82,55
23474341.0,91,49
23474354.0,85,59
23474364.0,96,59
23474496.0,82,55
23474505.0,99,62
23474523.0,82,61
23474531.0,83,55
23474603.0,107,69
23474649.0,87,51
23474656.0,86,50
23474668.0,86,54
23474728.0,98,59
23474757.0,85,60
23474759.0,88,50
23474771.0,87,63
23474775.0,86,51
23474789.0,92,50
23474795.0,89,51
23474802.0,85,55
23474822.0,90,50
23474823.0,85,50
23474831.0,87,55
23474885.0,84,51
23474911.0,84,54
23474995.0,87,64
23475015.0,86,54
23475057.0,84,53
23475091.0,86,59
23475099.0,91,54
23475108.0,83,52
23475129.0,62,99
23475137.0,82,61
23475157.0,83,61
23475179.0,84,57
23475215.0,85,49
23475223.0,89,64
23475365.0,97,57
23475482.0,55,51
23475579.0,55,50
23475625.0,85,58
23475678.0,84,61
23475679.0,88,63
23475819.0,85,49
23475821.0,92,50
23475843.0,90,52
23475851.0,90,48
23475853.0,83,52
23475867.0,91,52
23475899.0,96,56
23475911.0,82,61
23475966.0,86,58
23475976.0,82,53
23475992.0,86,54
23476158.0,107,70
23476179.0,87,49
23476224.0,85,52
23476227.0,93,51
23476302.0,91,48
23476309.0,90,48
23476330.0,87,60
23476442.0,89,51
23476470.0,86,54
23476549.0,85,54
23476672.0,93,65
23476681.0,95,55
23476682.0,88,49
23476729.0,82,60
23476735.0,86,55
23476746.0,85,60
23476750.0,96,58
23476805.0,70,58
23476827.0,94,53
23476882.0,88,61
23476907.0,89,48
23477106.0,84,53
23477149.0,84,50
23477164.0,97,57
23477278.0,85,62
23477303.0,83,52
23477323.0,88,60
23477422.0,86,63
23477429.0,89,49
23477470.0,85,57
23477473.0,88,59
23477474.0,93,51
23477513.0,85,49
23477553.0,91,53
23477595.0,86,49
23477636.0,83,59
23477646.0,90,52
23477685.0,86,53
23477690.0,92,49
23477712.0,84,59
23477746.0,98,58
23477756.0,82,54
23477842.0,87,56
23477843.0,86,63
23477885.0,91,48
23477928.0,95,54
23477938.0,84,57
23478005.0,87,54
23478231.0,92,53
23478233.0,91,51
23478258.0,90,49
23478324.0,83,56
23478362.0,89,50
23478444.0,84,57
23478457.0,83,60
23478520.0,87,55
23478524.0,87,48
23478598.0,84,59
23478605.0,86,50
23478617.0,96,55
23478632.0,86,60
23478727.0,87,55
23478795.0,88,49
23478799.0,84,56
23478902.0,89,53
23478969.0,91,64
23479026.0,83,56
23479033.0,87,59
23479053.0,91,50
23479077.0,93,50
23479143.0,89,63
23479156.0,88,63
23479174.0,84,57
23479180.0,84,52
23479223.0,91,64
23479299.0,85,61
23479350.0,92,49
23479422.0,84,50
23479521.0,87,63
23479584.0,96,64
23479600.0,84,57
23479626.0,85,59
23479682.0,86,58
23479704.0,83,55
23479704.0,93,50
23479717.0,85,51
23479832.0,85,57
23479859.0,83,60
23479910.0,83,59
23479922.0,89,64
23479932.0,90,50
23479975.0,86,62
23480012.0,83,54
23480044.0,89,49
23480092.0,88,48
23480130.0,91,53
23480139.0,94,53
23480154.0,90,48
23480158.0,90,51
23480164.0,92,48
23480200.0,83,56
23480225.0,99,60
23480266.0,83,60
23480293.0,88,55
23480304.0,91,52
23480310.0,94,64
23480332.0,84,60
23480344.0,87,60
23480429.0,86,52
23480551.0,87,58
23480555.0,98,59
23480559.0,86,49
23480618.0,83,53
23480623.0,92,64
23480733.0,92,53
23480781.0,92,52
23480884.0,84,55
23480916.0,85,59
23480932.0,85,50
23480950.0,93,49
23480989.0,83,52
23481070.0,94,65
23481074.0,91,63
23481125.0,92,52
23481137.0,98,57
23481168.0,87,62
23481221.0,92,48
23481240.0,86,60
23481359.0,91,52
23481364.0,86,48
23481417.0,91,47
23481425.0,85,53
23481436.0,87,49
23481496.0,95,53
23481561.0,89,49
23481576.0,87,55
23481613.0,86,54
23481613.0,99,60
23481650.0,90,50
23481670.0,86,51
23481681.0,85,49
23481688.0,94,51
23481693.0,93,65
23481790.0,87,53
23481793.0,94,65
23481803.0,99,59
23481805.0,92,53
23481814.0,97,56
23481825.0,88,59
23481836.0,86,59
23481848.0,92,51
23481936.0,92,52
23481942.0,87,59
23481954.0,86,57
23482002.0,85,56
23482067.0,84,59
23482074.0,83,53
23482110.0,91,49
23482135.0,86,48
23482157.0,90,63
23482257.0,83,59
23482358.0,93,49
23482403.0,95,54
23482425.0,90,49
23482433.0,96,54
23482458.0,91,64
23482467.0,88,50
23482489.0,85,52
23482522.0,88,55
23482537.0,83,52
23482580.0,90,53
23482609.0,97,57
23482661.0,88,62
23482713.0,98,60
23482757.0,94,66
23482758.0,90,50
23482782.0,87,48
23482789.0,92,47
23482815.0,90,48
23482821.0,89,60
23482881.0,88,50
23482897.0,89,63
23483045.0,87,58
23483168.0,84,60
23483226.0,88,48
23483232.0,94,50
23483245.0,88,60
23483296.0,84,51
23483370.0,86,53
23483388.0,94,65
23483395.0,97,55
23483431.0,95,65
23483526.0,89,53
23483544.0,92,53
23483545.0,91,50
23483573.0,86,50
23483573.0,84,54
23483597.0,99,59
23483632.0,94,52
23483641.0,95,52
23483673.0,85,51
23483689.0,93,53
23483755.0,89,48
23483802.0,85,49
23483829.0,88,54
23483912.0,86,48
23483924.0,84,60
23483976.0,91,48
23484035.0,92,51
23484039.0,92,50
23484056.0,87,48
23484080.0,97,55
23484161.0,93,48
23484275.0,98,57
23484277.0,88,55
23484323.0,87,52
23484352.0,100,62
23484358.0,91,51
23484418.0,87,62
23484449.0,96,56
23484524.0,94,65
23484528.0,96,69
23484533.0,92,52
23484590.0,85,58
23484614.0,97,72
23484634.0,89,62
23484640.0,98,58
23484729.0,96,54
23484756.0,90,53
23484786.0,85,51
23484795.0,86,59
23484814.0,87,59
23484836.0,90,49
23484994.0,92,49
23485030.0,85,60
23485042.0,84,53
23485050.0,84,59
23485112.0,96,55
23485192.0,83,59
23485200.0,89,60
23485254.0,95,53
23485290.0,93,52
23485295.0,95,52
23485344.0,86,56
23485351.0,84,53
23485368.0,98,56
23485454.0,92,47
23485531.0,97,56
23485574.0,92,52
23485588.0,99,58
23485603.0,88,62
23485637.0,94,49
23485638.0,85,55
23485718.0,95,66
23485770.0,85,58
23485861.0,86,57
23485877.0,96,72
23485895.0,88,58
23485916.0,87,54
23485916.0,90,63
23485992.0,86,52
23486010.0,91,47
23486180.0,88,53
23486196.0,87,48
23486204.0,93,53
23486237.0,91,50
23486259.0,97,55
23486268.0,94,49
23486270.0,88,59
23486301.0,95,51
23486338.0,92,49
23486342.0,101,63
23486496.0,93,51
23486556.0,84,59
23486570.0,88,48
23486687.0,87,59
23486692.0,87,51
23486697.0,98,56
23486700.0,93,51
23486822.0,90,48
23486863.0,96,65
23486949.0,95,51
23486970.0,91,62
23487011.0,93,47
23487330.0,86,48
23487342.0,93,51
23487348.0,86,58
23487358.0,92,51
23487366.0,85,59
23487470.0,88,59
23487517.0,90,48
23487563.0,85,54
23487593.0,89,47
23487625.0,93,51
23487770.0,84,52
23487809.0,91,63
23487810.0,89,49
23487812.0,88,57
23487818.0,97,54
23487833.0,95,50
23487898.0,87,53
23487964.0,87,50
23487989.0,88,54
23488039.0,91,49
23488065.0,92,48
23488115.0,100,72
23488185.0,90,47
23488240.0,85,50
23488319.0,93,51
23488388.0,86,60
23488464.0,89,54
23488600.0,95,50
23488642.0,54,55
23488676.0,93,51
23488689.0,94,48
23488738.0,88,52
23488921.0,93,50
23488941.0,88,54
23489012.0,90,62
23489014.0,86,51
23489042.0,93,47
23489055.0,89,62
23489082.0,87,47
23489176.0,88,52
23489209.0,89,49
23489243.0,90,47
23489262.0,90,62
23489273.0,86,58
23489305.0,84,58
23489382.0,96,52
23489386.0,88,47
23489416.0,93,52
23489443.0,98,55
23489515.0,95,52
23489528.0,88,52
23489577.0,99,73
23489589.0,95,64
23489596.0,95,49
23489596.0,88,61
23489608.0,87,58
23489658.0,93,49
23489665.0,94,52
23489686.0,92,47
23489713.0,86,59
23489734.0,89,53
23489798.0,87,56
23489805.0,85,57
23489815.0,90,50
23489828.0,87,52
23489950.0,92,51
23489955.0,53,53
23490005.0,98,57
23490029.0,85,56
23490052.0,86,50
23490060.0,93,52
23490084.0,94,47
23490144.0,85,59
23490152.0,101,64
23490164.0,86,55
23490278.0,96,53
23490304.0,85,55
23490344.0,91,48
23490371.0,88,59
23490409.0,95,49
23490499.0,107,74
23490528.0,88,57
23490532.0,85,54
23490540.0,97,54
23490574.0,96,51
23490611.0,94,63
23490618.0,89,61
23490624.0,88,47
23490657.0,89,48
23490693.0,100,60
23490725.0,91,48
23490765.0,85,57
23490789.0,86,57
23490831.0,53,54
23490870.0,97,53
23490956.0,91,48
23490968.0,89,48
23490973.0,88,51
23490975.0,85,53
23491003.0,88,53
23491011.0,83,60
23491012.0,93,46
23491030.0,94,65
23491188.0,89,53
23491206.0,92,50
23491218.0,85,53
23491229.0,97,64
23491242.0,85,52
23491251.0,87,60
23491308.0,90,47
23491311.0,100,59
23491396.0,88,52
23491426.0,88,50
23491427.0,94,52
23491465.0,92,53
23491550.0,93,63
23491642.0,97,65
23491659.0,89,52
23491660.0,98,55
23491689.0,98,56
23491695.0,87,51
23491719.0,87,49
23491771.0,90,62
23491783.0,92,49
23491815.0,87,48
23491877.0,89,47
23491902.0,95,48
23491979.0,93,48
23491980.0,87,48
23492021.0,91,52
23492092.0,93,51
23492100.0,85,58
23492213.0,85,51
23492224.0,89,54
23492228.0,91,51
23492339.0,89,47
23492457.0,94,51
23492460.0,91,47
23492473.0,86,54
23492529.0,90,50
23492573.0,91,51
23492694.0,95,65
23492755.0,99,58
23492761.0,98,54
23492824.0,93,53
23492902.0,94,65
23492916.0,87,47
23492978.0,96,50
23493035.0,99,56
23493090.0,88,49
23493123.0,85,50
23493149.0,94,50
23493165.0,93,47
23493230.0,97,53
23493248.0,86,57
23493253.0,87,47
23493273.0,92,49
23493298.0,87,50
23493368.0,92,53
23493391.0,88,50
23493492.0,87,48
23493610.0,95,47
23493625.0,89,61
23493667.0,97,52
23493672.0,94,52
23493679.0,95,64
23493710.0,90,54
23493740.0,89,57
23493758.0,94,47
23493766.0,90,62
23493782.0,100,58
23493820.0,108,71
23493825.0,88,60
23493842.0,87,57
23493955.0,89,61
23494034.0,87,47
23494056.0,107,70
23494082.0,88,61
23494085.0,90,62
23494119.0,89,53
23494173.0,87,55
23494192.0,91,61
23494211.0,86,58
23494238.0,86,53
23494239.0,86,49
23494340.0,89,51
23494363.0,95,47
23494363.0,88,52
23494371.0,90,61
23494409.0,94,49
23494436.0,92,62
23494497.0,96,49
23494545.0,86,59
23494551.0,97,52
23494597.0,91,62
23494601.0,95,65
23494626.0,90,57
23494713.0,95,52
23494727.0,95,48
23494728.0,62,56
23494758.0,89,61
23494773.0,96,52
23494795.0,98,54
23494852.0,94,46
23494886.0,93,46
23495055.0,90,53
23495115.0,90,54
23495126.0,91,46
23495296.0,92,48
23495300.0,89,61
23495342.0,87,49
23495485.0,95,65
23495547.0,86,56
23495549.0,88,48
23495571.0,95,46
23495697.0,88,51
23495746.0,90,58
23495770.0,100,57
23495772.0,99,59
23495787.0,97,51
23495804.0,93,50
23495837.0,90,47
23495844.0,99,55
23495857.0,87,47
23495883.0,86,52
23495942.0,94,51
23495974.0,88,55
23495975.0,85,57
23496010.0,97,52
23496053.0,93,47
23496056.0,94,64
23496096.0,89,56
23496098.0,89,46
23496145.0,96,48
23496253.0,95,50
23496255.0,88,57
23496256.0,88,47
23496289.0,90,47
23496310.0,92,47
23496359.0,94,52
23496365.0,92,51
23496416.0,89,50
23496435.0,95,46
23496452.0,88,47
23496468.0,95,51
23496480.0,94,48
23496511.0,86,56
23496593.0,86,51
23496594.0,87,54
23496612.0,98,86
23496657.0,40,52
23496661.0,92,51
23496710.0,88,51
23496809.0,88,50
23496838.0,102,65
23496889.0,91,46
23496906.0,94,47
23496907.0,97,50
23496953.0,87,57
23497005.0,87,59
23497027.0,99,57
23497037.0,88,57
23497084.0,98,53
23497088.0,92,47
23497236.0,93,49
23497241.0,94,63
23497272.0,88,59
23497287.0,108,71
23497303.0,97,51
23497308.0,89,60
23497354.0,88,47
23497442.0,88,51
23497527.0,86,50
23497559.0,91,48
23497563.0,99,56
23497601.0,87,49
23497603.0,89,57
23497629.0,94,46
23497629.0,86,49
23497735.0,89,56
23497747.0,92,46
23497791.0,89,53
23497792.0,86,57
23497816.0,85,50
23497865.0,93,48
23497908.0,97,49
23497940.0,96,47
23497960.0,89,56
23497979.0,95,50
23497996.0,90,46
23498024.0,95,64
23498049.0,88,50
23498120.0,90,58
23498133.0,85,50
23498169.0,99,55
23498279.0,83,108
23498289.0,108,70
23498477.0,94,50
23498504.0,87,53
23498513.0,90,53
23498560.0,87,56
23498560.0,89,49
23498568.0,90,51
23498580.0,108,72
23498624.0,88,49
23498635.0,90,60
23498640.0,95,49
23498665.0,100,56
23498796.0,99,54
23498810.0,91,48
23498869.0,90,54
23498877.0,91,47
23498897.0,97,49
23498916.0,89,49
23498961.0,95,62
23498970.0,91,58
23498991.0,100,60
23499005.0,100,72
23499007.0,95,49
23499017.0,92,61
23499026.0,95,48
23499068.0,88,54
23499077.0,101,59
23499091.0,98,54
23499161.0,91,53
23499179.0,95,65
23499180.0,91,54
23499198.0,92,46
23499292.0,95,63
23499422.0,90,46
23499461.0,98,53
23499500.0,94,49
23499505.0,107,77
23499523.0,100,59
23499553.0,93,47
23499601.0,87,58
23499625.0,90,50
23499675.0,89,48
23499691.0,89,49
23499706.0,88,59
23499778.0,89,47
23499804.0,96,46
23499845.0,93,51
23499856.0,87,52
23499880.0,97,48
23499888.0,91,52
23499889.0,87,58
23499896.0,89,58
23499897.0,87,48
23499902.0,91,48
23499905.0,89,57
23499956.0,106,60
23499959.0,100,58
23499978.0,93,62
23500009.0,90,61
23500049.0,93,52
23500064.0,91,46
23500094.0,89,51
23500135.0,89,60
23500167.0,108,73
23500172.0,101,60
23500227.0,99,54
23500247.0,87,57
23500249.0,97,50
23500303.0,95,64
23500338.0,96,64
23500373.0,95,47
23500501.0,101,59
23500518.0,91,61
23500666.0,70,51
23500697.0,90,56
23500718.0,89,55
23500737.0,88,51
23500830.0,88,48
23500858.0,98,51
23500944.0,104,84
23500965.0,101,58
23500999.0,93,46
23501005.0,89,59
23501073.0,90,52
23501173.0,95,51
23501258.0,94,51
23501269.0,87,49
23501284.0,89,46
23501471.0,94,48
23501477.0,87,51
23501579.0,86,57
23501634.0,97,47
23501651.0,88,56
23501682.0,100,55
23501699.0,94,49
23501753.0,94,46
23501776.0,88,48
23501788.0,96,65
23501830.0,93,46
23501834.0,97,48
23501843.0,95,64
23501848.0,89,57
23501851.0,91,58
23501871.0,88,58
23501885.0,98,50
23501905.0,96,51
23501955.0,87,55
23501975.0,94,46
23501987.0,90,60
23501994.0,93,47
23502005.0,93,50
23502063.0,101,57
23502104.0,95,47
23502140.0,86,56
23502274.0,89,47
23502290.0,96,50
23502357.0,89,49
23502358.0,95,50
23502406.0,91,56
23502540.0,98,52
23502541.0,88,53
23502545.0,90,49
23502604.0,87,49
23502642.0,91,60
23502676.0,91,53
23502783.0,95,46
23502804.0,90,53
23502895.0,87,50
23503039.0,90,48
23503049.0,90,51
23503107.0,91,45
23503152.0,97,46
23503192.0,91,50
23503229.0,91,51
23503233.0,87,55
23503245.0,98,49
23503248.0,92,61
23503307.0,93,50
23503363.0,87,58
23503370.0,89,50
23503499.0,100,56
23503517.0,90,55
23503558.0,98,50
23503609.0,101,57
23503730.0,89,48
23503732.0,88,57
23503773.0,89,59
23503914.0,89,56
23503922.0,104,67
23503955.0,93,45
23503988.0,88,52
23504155.0,90,56
23504202.0,101,56
23504206.0,99,52
23504305.0,87,56
23504323.0,92,46
23504347.0,100,67
23504379.0,91,57
23504393.0,90,46
23504447.0,90,59
23504456.0,88,52
23504457.0,87,57
23504486.0,83,109
23504537.0,96,63
23504544.0,91,45
23504584.0,101,68
23504616.0,91,53
23504666.0,99,66
23504702.0,89,54
23504712.0,89,58
23504736.0,87,57
23504754.0,103,62
23504778.0,96,49
23504780.0,108,73
23504813.0,98,48
23504846.0,100,54
23504856.0,99,53
23504907.0,99,52
23504954.0,99,54
23505004.0,92,52
23505029.0,108,74
23505087.0,88,55
23505099.0,90,47
23505130.0,88,51
23505204.0,98,64
23505293.0,96,47
23505320.0,93,47
23505343.0,95,48
23505358.0,92,52
23505366.0,98,47
23505381.0,94,46
23505557.0,98,51
23505720.0,88,50
23505737.0,91,52
23505856.0,93,45
23505931.0,92,60
23505938.0,99,51
23506044.0,90,54
23506088.0,55,59
23506109.0,90,50
23506119.0,92,45
23506121.0,90,56
23506127.0,69,47
23506137.0,94,45
23506193.0,96,64
23506199.0,95,62
23506205.0,90,55
23506245.0,99,55
23506248.0,89,47
23506289.0,79,59
23506374.0,96,62
23506409.0,89,53
23506426.0,91,48
23506449.0,55,59
23506462.0,103,65
23506504.0,92,46
23506509.0,104,64
23506515.0,108,72
23506526.0,95,62
23506542.0,90,59
23506552.0,97,71
23506592.0,102,61
23506593.0,89,55
23506648.0,102,62
23506665.0,95,61
23506686.0,96,46
23506694.0,92,52
23506744.0,97,50
23506745.0,99,50
23506844.0,94,61
23506877.0,97,51
23506881.0,95,47
23506886.0,91,57
23506890.0,88,49
23506909.0,97,45
23506924.0,92,51
23506927.0,98,63
23506948.0,89,47
23506955.0,92,62
23506980.0,92,45
23507004.0,95,62
23507022.0,98,46
23507088.0,92,53
23507094.0,79,59
23507124.0,90,49
23507144.0,90,46
23507166.0,88,56
23507214.0,91,51
23507222.0,88,48
23507242.0,92,51
23507406.0,94,45
23507422.0,97,49
23507467.0,96,51
23507468.0,97,48
23507549.0,91,48
23507591.0,96,50
23507595.0,102,59
23507647.0,101,55
23507660.0,93,46
23507739.0,98,46
23507743.0,91,55
23507821.0,92,50
23507841.0,90,48
23507890.0,92,51
23507894.0,90,54
23507904.0,88,54
23507950.0,99,49
23507964.0,91,54
23508056.0,93,45
23508144.0,102,58
23508172.0,99,51
23508253.0,98,47
23508290.0,91,46
23508320.0,87,55
23508328.0,90,47
23508332.0,90,56
23508392.0,89,58
23508424.0,91,60
23508429.0,93,45
23508438.0,91,59
23508441.0,99,48
23508455.0,96,49
23508458.0,93,60
23508470.0,96,72
23508491.0,95,46
23508632.0,87,55
23508656.0,90,55
23508667.0,89,57
23508668.0,92,52
23508681.0,91,60
23508685.0,101,55
23508699.0,93,60
23508731.0,94,50
23508761.0,91,45
23508782.0,100,55
23508787.0,96,63
23508842.0,98,45
23508882.0,91,47
23508911.0,97,62
23508951.0,90,53
23508967.0,88,63
23508986.0,99,50
23509079.0,90,47
23509129.0,89,55
23509155.0,97,63
23509179.0,101,54
23509197.0,88,57
23509201.0,90,58
23509256.0,100,54
23509315.0,91,55
23509364.0,99,48
23509365.0,97,47
23509513.0,92,49
23509638.0,99,52
23509732.0,97,49
23509750.0,97,48
23509754.0,97,46
23509761.0,83,107
23509779.0,99,49
23509797.0,99,69
23509854.0,88,54
23509901.0,88,58
23509921.0,109,70
23509964.0,99,47
23510083.0,97,49
23510096.0,89,54
23510126.0,91,49
23510170.0,91,50
23510175.0,100,52
23510226.0,100,70
23510257.0,95,45
23510266.0,98,45
23510290.0,96,48
23510291.0,100,53
23510298.0,92,60
23510377.0,91,48
23510512.0,90,55
23510597.0,92,51
23510610.0,100,51
23510629.0,95,62
23510722.0,92,47
23510747.0,97,49
23510783.0,89,54
23510810.0,91,54
23510816.0,97,45
23510823.0,89,50
23510867.0,102,57
23510881.0,89,47
23510893.0,90,53
23510913.0,96,47
23511074.0,93,60
23511074.0,93,52
23511105.0,88,55
23511192.0,99,46
23511193.0,102,58
23511268.0,92,59
23511318.0,92,48
23511327.0,101,61
23511364.0,102,59
23511387.0,94,61
23511444.0,98,51
23511473.0,89,48
23511502.0,96,63
23511505.0,92,51
23511542.0,93,46
23511556.0,93,59
23511645.0,100,51
23511685.0,96,64
23511693.0,97,50
23511742.0,91,47
23511791.0,101,54
23511826.0,96,62
23511848.0,100,50
23511868.0,89,47
23511917.0,109,71
23511937.0,89,49
23512193.0,97,49
23512245.0,96,46
23512406.0,89,55
23512425.0,89,47
23512426.0,87,55
23512431.0,91,59
23512471.0,84,58
23512486.0,100,49
23512493.0,93,51
23512504.0,94,59
23512521.0,91,47
23512522.0,92,46
23512552.0,91,58
23512610.0,94,45
23512637.0,98,50
23512650.0,90,52
23512760.0,100,48
23512765.0,99,45
23512767.0,93,51
23512817.0,96,63
23512823.0,87,55
23512833.0,90,57
23512856.0,66,57
23512874.0,91,59
23512885.0,101,53
23512886.0,98,47
23512914.0,93,44
23512914.0,98,48
23512926.0,95,61
23512953.0,95,78
23512963.0,93,50
23512976.0,89,56
23513003.0,93,52
23513132.0,100,52
23513142.0,90,54
23513169.0,100,50
23513278.0,92,45
23513295.0,94,60
23513303.0,98,49
23513316.0,89,56
23513385.0,102,55
23513394.0,101,55
23513531.0,88,54
23513543.0,90,46
23513559.0,95,47
23513616.0,96,45
23513715.0,93,51
23513804.0,92,50
23513828.0,97,48
23513885.0,91,53
23514028.0,89,47
23514073.0,95,44
23514087.0,92,49
23514131.0,101,53
23514145.0,98,46
23514163.0,99,46
23514253.0,96,61
23514280.0,89,56
23514303.0,94,47
23514320.0,93,49
23514384.0,91,46
23514488.0,100,47
23514503.0,98,45
23514529.0,89,56
23514571.0,94,44
23514618.0,94,45
23514674.0,89,47
23514675.0,91,57
23514678.0,93,49
23514703.0,97,47
23514716.0,55,52
23514738.0,109,72
23514784.0,90,56
23514882.0,96,47
23514893.0,89,47
23514926.0,109,70
23514966.0,99,45
23514976.0,93,48
23514992.0,102,56
23515047.0,92,54
23515066.0,97,49
23515129.0,101,52
23515148.0,100,46
23515160.0,102,54
23515293.0,98,46
23515298.0,95,47
23515462.0,93,51
23515487.0,100,48
23515504.0,93,49
23515520.0,95,60
23515621.0,95,46
23515626.0,92,48
23515660.0,101,51
23515677.0,100,51
23515896.0,90,47
23515915.0,94,51
23515977.0,91,54
23515985.0,102,55
23515996.0,96,44
23516013.0,92,55
23516058.0,93,51
23516186.0,102,54
23516225.0,89,53
23516225.0,95,44
23516241.0,90,53
23516252.0,92,58
23516279.0,99,85
23516291.0,98,61
23516296.0,90,49
23516305.0,101,49
23516357.0,98,50
23516391.0,97,61
23516405.0,92,53
23516466.0,93,46
23516491.0,91,55
23516524.0,93,50
23516566.0,92,46
23516578.0,93,44
23516583.0,99,50
23516604.0,100,45
23516613.0,105,65
23516666.0,94,50
23516695.0,98,62
23516751.0,103,57
23516787.0,91,52
23516794.0,101,50
23516882.0,97,45
23516902.0,94,52
23516923.0,99,48
23516982.0,96,48
23516993.0,101,52
23516995.0,99,49
23517056.0,65,48
23517199.0,55,56
23517216.0,103,60
23517244.0,103,56
23517291.0,94,44
23517311.0,93,44
23517323.0,90,53
23517427.0,97,46
23517434.0,101,51
23517447.0,93,45
23517450.0,98,49
23517469.0,103,58
23517475.0,101,48
23517549.0,99,51
23517558.0,99,46
23517720.0,90,48
23518048.0,90,55
23518084.0,101,54
23518106.0,99,47
23518107.0,101,50
23518131.0,97,44
23518145.0,93,54
23518189.0,101,49
23518208.0,93,49
23518293.0,101,47
23518325.0,102,53
23518335.0,98,45
23518364.0,93,50
23518384.0,55,55
23518401.0,99,50
23518404.0,101,48
23518411.0,97,45
23518560.0,105,64
23518737.0,103,56
23518777.0,98,48
23518852.0,91,53
23518863.0,102,55
23518900.0,55,55
23518939.0,92,46
23518945.0,95,44
23518969.0,92,57
23519027.0,66,48
23519047.0,93,48
23519098.0,99,51
23519123.0,102,52
23519128.0,99,45
23519173.0,103,55
23519228.0,101,46
23519291.0,91,56
23519356.0,94,47
23519366.0,65,48
23519478.0,91,47
23519549.0,99,45
23519653.0,90,51
23519667.0,91,46
23519709.0,98,47
23519722.0,90,54
23519733.0,98,46
23519738.0,100,45
23519787.0,94,51
23519803.0,97,44
23519858.0,96,49
23519946.0,92,52
23519956.0,89,55
23519968.0,92,59
23520020.0,95,59
23520071.0,91,50
23520077.0,92,54
23520187.0,90,52
23520230.0,95,60
23520243.0,93,46
23520274.0,89,53
23520287.0,94,50
23520327.0,103,57
23520364.0,94,44
23520376.0,101,45
23520548.0,93,58
23520602.0,94,46
23520637.0,94,59
23520641.0,90,46
23520673.0,94,45
23520724.0,98,45
23520748.0,102,54
23520749.0,95,51
23520824.0,98,63
23520880.0,94,48
23521033.0,99,50
23521145.0,102,51
23521176.0,103,55
23521188.0,96,44
23521209.0,97,63
23521239.0,94,50
23521306.0,102,50
23521339.0,52,55
23521393.0,102,52
23521436.0,91,49
23521459.0,91,55
23521472.0,91,53
23521544.0,95,43
23521548.0,90,52
23521572.0,102,53
23521578.0,92,51
23521584.0,93,53
23521622.0,95,50
23521723.0,91,52
23521789.0,99,64
23521821.0,96,61
23521824.0,103,54
23521939.0,93,57
23521945.0,93,45
23522015.0,92,57
23522167.0,100,50
23522193.0,99,49
23522308.0,96,60
23522478.0,102,49
23522532.0,100,47
23522574.0,94,54
23522597.0,98,44
23522609.0,103,54
23522702.0,102,48
23522706.0,100,49
23522792.0,95,51
23522807.0,92,56
23522935.0,90,53
23522966.0,102,56
23522981.0,102,47
23523013.0,100,46
23523034.0,92,53
23523116.0,92,46
23523263.0,101,45
23523281.0,56,61
23523284.0,102,50
23523320.0,103,56
23523429.0,104,57
23523528.0,103,53
23523636.0,94,44
23523682.0,94,58
23523729.0,102,51
23523806.0,91,52
23523838.0,91,54
23523850.0,94,48
23523886.0,93,52
23523963.0,102,46
23523964.0,89,52
23523996.0,97,44
23524147.0,97,45
23524155.0,102,45
23524200.0,99,46
23524200.0,95,45
23524213.0,103,53
23524315.0,59,66
23524454.0,92,49
23524483.0,58,67
23524488.0,104,57
23524513.0,95,46
23524777.0,95,46
23524899.0,99,47
23524951.0,91,48
23524967.0,97,60
23525020.0,92,52
23525049.0,103,52
23525115.0,104,58
23525127.0,91,53
23525143.0,95,50
23525181.0,94,45
23525210.0,92,48
23525300.0,102,45
23525348.0,95,46
23525371.0,99,45
23525394.0,93,51
23525400.0,95,43
23525407.0,58,67
23525413.0,95,44
23525417.0,104,59
23525479.0,104,56
23525532.0,96,51
23525542.0,97,51
23525627.0,95,46
23525683.0,103,55
23525723.0,104,60
23525746.0,90,52
23525912.0,99,46
23525987.0,95,47
23526109.0,91,51
23526139.0,93,51
23526139.0,103,51
23526142.0,98,47
23526145.0,100,49
23526160.0,99,44
23526172.0,96,49
23526362.0,101,48
23526414.0,101,45
23526451.0,101,47
23526470.0,104,61
23526480.0,92,47
23526591.0,95,64
23526603.0,103,50
23526607.0,95,49
23526626.0,101,50
23526652.0,99,49
23526777.0,96,50
23526878.0,101,46
23526884.0,103,52
23526999.0,101,49
23527000.0,103,48
23527000.0,98,46
23527014.0,103,47
23527076.0,98,62
23527083.0,96,60
23527108.0,93,56
23527224.0,92,54
23527264.0,103,46
23527264.0,94,57
23527284.0,95,48
23527321.0,96,58
23527394.0,94,52
23527485.0,98,46
23527509.0,92,52
23527585.0,91,51
23527600.0,100,47
23527616.0,93,46
23527636.0,93,50
23527639.0,98,61
23527692.0,99,63
23527745.0,100,46
23527766.0,99,43
23527837.0,103,47
23527844.0,95,47
23527867.0,93,45
23527933.0,95,54
23527955.0,91,52
23527987.0,104,55
23528000.0,100,71
23528155.0,103,45
23528222.0,95,58
23528244.0,105,62
23528250.0,101,71
23528253.0,104,62
23528254.0,93,45
23528305.0,93,53
23528314.0,96,48
23528350.0,98,60
23528399.0,103,51
23528416.0,102,50
23528589.0,99,50
23528599.0,94,58
23528655.0,97,59
23528673.0,95,46
23528720.0,103,53
23528736.0,95,45
23528743.0,99,72
23528758.0,93,53
23528776.0,100,45
23528802.0,103,50
23528841.0,100,48
23528874.0,105,56
23528886.0,96,47
23528974.0,103,49
23529001.0,104,54
23529016.0,96,43
23529018.0,93,45
23529026.0,92,53
23529060.0,94,58
23529189.0,100,44
23529356.0,98,64
23529522.0,92,51
23529552.0,93,52
23529588.0,104,53
23529696.0,95,44
23529732.0,96,46
23529787.0,104,56
23529990.0,94,52
23530021.0,99,49
23530224.0,93,49
23530230.0,94,47
23530299.0,94,51
23530308.0,92,52
23530327.0,95,53
23530337.0,104,53
23530403.0,91,51
23530430.0,95,57
23530434.0,104,52
23530449.0,93,51
23530615.0,95,44
23530724.0,96,49
23530725.0,103,54
23530756.0,99,47
23530785.0,99,61
23530800.0,94,49
23530833.0,96,44
23530931.0,104,48
23531009.0,102,46
23531096.0,93,51
23531108.0,99,47
23531130.0,104,47
23531151.0,104,49
23531154.0,102,45
23531168.0,97,49
23531169.0,103,52
23531184.0,97,50
23531202.0,102,50
23531231.0,99,46
23531241.0,102,46
23531301.0,94,50
23531353.0,99,64
23531483.0,101,47
23531488.0,104,55
23531493.0,88,87
23531551.0,93,46
23531555.0,98,62
23531556.0,103,46
23531562.0,104,46
23531584.0,99,45
23531601.0,94,52
23531610.0,55,54
23531629.0,104,51
23531631.0,102,48
23531634.0,105,57
23531700.0,104,45
23531714.0,101,49
23531779.0,101,46
23531843.0,100,49
23531858.0,101,48
23531862.0,96,45
23531879.0,104,58
23531905.0,104,52
23531926.0,99,48
23532015.0,93,47
23532144.0,96,53
23532154.0,104,50
23532212.0,97,47
23532243.0,94,56
23532248.0,97,48
23532260.0,96,59
23532281.0,96,46
23532284.0,105,56
23532356.0,100,44
23532438.0,95,52
23532497.0,99,45
23532506.0,94,45
23532510.0,94,53
23532525.0,96,48
23532642.0,96,44
23532654.0,100,43
23532734.0,92,50
23532743.0,99,46
23532825.0,102,49
23532881.0,104,49
23532894.0,99,49
23532939.0,102,51
23532954.0,104,45
23532969.0,93,53
23533034.0,94,55
23533112.0,97,43
23533226.0,105,59
23533317.0,105,58
23533329.0,109,75
23533340.0,104,51
23533391.0,106,65
23533393.0,102,50
23533445.0,104,47
23533447.0,94,51
23533476.0,94,78
23533515.0,92,51
23533568.0,92,50
23533647.0,101,43
23533735.0,95,54
23533799.0,105,60
23533814.0,108,77
23533832.0,104,48
23533850.0,97,46
23534006.0,101,45
23534040.0,93,52
23534055.0,96,58
23534095.0,97,59
23534132.0,97,49
23534185.0,98,62
23534198.0,104,60
23534233.0,98,42
23534244.0,101,44
23534250.0,93,50
23534326.0,100,49
23534613.0,97,50
23534804.0,95,51
23534804.0,92,52
23534809.0,105,59
23534810.0,93,50
23534903.0,103,45
23534980.0,94,49
23534999.0,91,51
23535099.0,100,45
23535118.0,95,50
23535143.0,100,44
23535192.0,103,47
23535206.0,99,43
23535242.0,105,57
23535287.0,100,43
23535314.0,95,53
23535321.0,105,55
23535335.0,102,49
23535384.0,105,47
23535415.0,103,46
23535538.0,105,48
23535579.0,97,48
23535598.0,102,50
23535621.0,96,56
23535689.0,102,48
23535718.0,103,45
23535738.0,96,53
23535758.0,92,50
23535858.0,105,49
23535867.0,97,58
23535908.0,94,51
23535911.0,99,45
23535931.0,103,48
23535943.0,98,60
23535958.0,103,45
23535966.0,95,55
23535967.0,105,53
23535996.0,98,49
23536063.0,95,45
23536086.0,105,52
23536098.0,105,50
23536106.0,105,46
23536130.0,105,60
23536149.0,104,50
23536203.0,105,54
23536205.0,95,46
23536316.0,104,54
23536330.0,103,49
23536374.0,96,52
23536463.0,101,43
23536590.0,102,44
23536680.0,94,54
23536718.0,102,47
23536740.0,93,51
23536763.0,102,43
23536786.0,105,51
23536797.0,105,61
23536825.0,95,47
23536850.0,106,67
23536919.0,105,50
23536945.0,98,47
23536966.0,98,59
23536977.0,98,44
23537009.0,105,52
23537034.0,97,44
23537040.0,100,45
23537043.0,100,44
23537113.0,102,49
23537118.0,92,88
23537123.0,95,51
23537140.0,103,50
23537142.0,102,46
23537147.0,105,58
23537185.0,94,50
23537210.0,99,71
23537265.0,106,67
23537436.0,103,50
23537446.0,98,43
23537469.0,94,48
23537524.0,98,48
23537530.0,98,45
23537531.0,99,42
23537556.0,102,50
23537557.0,97,48
23537651.0,102,48
23537785.0,102,43
23537849.0,96,57
23537897.0,94,48
23537949.0,98,48
23537978.0,105,51
23538006.0,102,45
23538023.0,97,57
23538032.0,95,48
23538064.0,104,53
23538277.0,98,46
23538573.0,103,50
23538585.0,97,47
23538593.0,97,43
23538691.0,101,43
23538698.0,104,45
23538727.0,93,49
23538742.0,104,47
23538828.0,105,53
23538875.0,98,58
23538950.0,98,46
23539051.0,106,57
23539105.0,104,46
23539144.0,100,42
23539404.0,105,55
23539406.0,98,49
23539522.0,101,49
23539523.0,96,44
23539528.0,105,44
23539662.0,101,45
23539703.0,98,48
23539719.0,106,45
23539758.0,106,48
23539758.0,106,46
23539830.0,106,55
23539833.0,96,51
23539851.0,106,47
23539861.0,95,51
23539872.0,93,50
23539940.0,103,46
23539951.0,109,73
23539956.0,105,47
23539963.0,103,47
23540009.0,94,49
23540035.0,104,47
23540039.0,99,43
23540080.0,98,44
23540093.0,98,45
23540101.0,110,73
23540194.0,98,43
23540211.0,103,44
23540263.0,97,52
23540271.0,105,49
23540280.0,106,49
23540371.0,99,60
23540384.0,104,48
23540410.0,106,57
23540422.0,103,48
23540450.0,95,54
23540456.0,100,43
23540493.0,99,63
23540521.0,99,49
23540534.0,106,54
23540574.0,97,57
23540578.0,106,45
23540594.0,96,56
23540597.0,94,51
23540606.0,88,86
23540618.0,99,42
23540699.0,103,45
23540754.0,99,50
23540759.0,105,57
23540784.0,95,55
23540799.0,103,49
23540822.0,106,47
23540865.0,105,55
23540873.0,106,56
23540899.0,94,49
23540969.0,101,42
23540978.0,104,49
23540993.0,106,48
23540999.0,96,49
23541055.0,96,50
23541110.0,106,49
23541135.0,99,48
23541169.0,105,51
23541172.0,103,43
23541218.0,98,47
23541246.0,106,55
23541304.0,97,46
23541307.0,106,50
23541378.0,99,45
23541389.0,106,53
23541399.0,98,46
23541419.0,97,56
23541448.0,94,52
23541480.0,106,58
23541495.0,105,61
23541531.0,97,58
23541547.0,106,52
23541551.0,103,48
23541640.0,106,54
23541707.0,103,50
23542040.0,107,67
23542084.0,98,57
23542110.0,98,43
23542121.0,104,50
23542127.0,96,51
23542137.0,101,50
23542176.0,106,51
23542253.0,105,45
23542267.0,106,50
23542311.0,64,60
23542313.0,99,46
23542355.0,104,50
23542441.0,97,51
23542579.0,99,47
23542621.0,95,50
23542643.0,95,53
23542676.0,98,59
23542742.0,96,50
23542799.0,96,48
23542812.0,96,47
23542863.0,100,62
23542963.0,106,66
23542993.0,99,62
23543015.0,95,49
23543030.0,104,50
23543060.0,105,46
23543088.0,106,46
23543090.0,97,43
23543090.0,99,44
23543108.0,102,43
23543139.0,105,47
23543169.0,106,52
23543183.0,103,44
23543240.0,99,59
23543302.0,102,48
23543363.0,107,65
23543386.0,93,83
23543392.0,107,46
23543427.0,98,52
23543429.0,99,44
23543439.0,106,53
23543624.0,102,45
23543635.0,102,47
23543687.0,106,67
23543756.0,101,47
23543770.0,104,47
23543812.0,107,45
23543901.0,99,43
23543967.0,104,44
23543991.0,102,42
23544000.0,99,58
23544022.0,107,47
23544055.0,102,47
23544064.0,107,48
23544102.0,104,43
23544144.0,105,54
23544174.0,103,48
23544174.0,94,50
23544249.0,107,46
23544306.0,102,45
23544354.0,104,46
23544403.0,102,49
23544403.0,95,49
23544470.0,99,46
23544497.0,99,48
23544506.0,102,43
23544524.0,97,44
23544558.0,97,50
23544573.0,99,43
23544578.0,104,45
23544654.0,106,55
23544657.0,107,45
23544925.0,105,48
23545115.0,107,49
23545244.0,97,46
23545246.0,95,50
23545258.0,104,48
23545266.0,102,48
23545325.0,103,46
23545356.0,93,49
23545362.0,97,70
23545375.0,96,46
23545401.0,107,48
23545434.0,95,51
23545442.0,104,49
23545444.0,99,45
23545453.0,105,49
23545489.0,100,43
23545531.0,98,58
23545538.0,105,52
23545554.0,106,56
23545554.0,99,47
23545571.0,107,47
23545600.0,95,50
23545608.0,96,50
23545611.0,94,49
23545729.0,106,50
23545801.0,100,45
23545803.0,96,55
23545817.0,104,50
23545818.0,107,64
23545901.0,107,50
23545959.0,100,59
23545968.0,106,64
23545979.0,102,49
23546029.0,106,52
23546182.0,96,46
23546218.0,97,49
23546239.0,97,57
23546353.0,97,56
23546370.0,100,46
23546438.0,106,57
23546441.0,106,46
23546461.0,97,48
23546477.0,107,57
23546511.0,95,52
23546516.0,102,47
23546564.0,95,48
23546689.0,95,50
23546699.0,107,50
23546716.0,100,48
23546781.0,107,53
23546794.0,97,50
23546834.0,106,45
23546958.0,105,50
23546983.0,100,44
23546990.0,97,48
23547040.0,107,55
23547058.0,96,49
23547138.0,107,45
23547175.0,101,59
23547183.0,96,53
23547188.0,100,48
23547244.0,103,43
23547253.0,107,56
23547265.0,100,47
23547374.0,95,48
23547382.0,93,57
23547437.0,106,54
23547445.0,107,52
23547457.0,100,43
23547548.0,98,56
23547566.0,97,47
23547613.0,107,49
23547695.0,103,43
23547702.0,106,61
23547717.0,101,42
23547800.0,103,42
23547822.0,108,46
23547873.0,107,50
23547894.0,103,44
23547937.0,107,53
23547965.0,103,45
23547990.0,97,55
23548010.0,103,46
23548015.0,107,55
23548016.0,108,45
23548047.0,106,47
23548215.0,98,52
23548242.0,107,54
23548247.0,106,46
23548311.0,100,48
23548342.0,110,74
23548380.0,98,57
23548384.0,103,46
23548389.0,108,48
23548424.0,93,82
23548478.0,105,46
23548503.0,103,48
23548509.0,105,49
23548688.0,95,49
23548787.0,107,51
23548823.0,105,45
23548835.0,96,48
23548839.0,107,57
23548868.0,108,46
23548873.0,100,48
23548882.0,103,45
23548928.0,107,54
23548977.0,103,42
23549057.0,97,49
23549083.0,105,49
23549115.0,105,44
23549122.0,108,49
23549176.0,106,48
23549191.0,103,44
23549297.0,103,49
23549315.0,108,48
23549316.0,108,47
23549351.0,105,48
23549561.0,97,45
23549700.0,91,47
23549720.0,107,58
23549736.0,98,50
23549788.0,100,45
23549800.0,108,45
23549815.0,100,49
23549829.0,107,45
23549831.0,107,53
23549940.0,101,47
23549949.0,105,49
23550005.0,96,48
23550045.0,105,47
23550155.0,108,49
23550213.0,103,48
23550219.0,99,57
23550223.0,101,44
23550268.0,99,58
23550281.0,106,58
23550335.0,101,46
23550408.0,95,48
23550413.0,105,48
23550453.0,98,46
23550472.0,100,47
23550473.0,99,56
23550495.0,100,42
23550588.0,101,48
23550641.0,103,47
23550648.0,107,55
23550749.0,98,45
23550760.0,98,49
23550793.0,99,43
23550817.0,101,48
23550817.0,96,50
23550900.0,106,49
23550935.0,103,49
23550964.0,101,49
23551034.0,104,43
23551041.0,106,43
23551071.0,107,56
23551261.0,98,48
23551293.0,108,50
23551307.0,98,50
23551316.0,94,49
23551382.0,102,42
23551399.0,101,60
23551414.0,105,50
23551426.0,103,48
23551446.0,97,53
23551574.0,107,46
23551661.0,55,61
23551670.0,107,52
23551810.0,101,43
23551816.0,100,55
23551925.0,107,45
23551949.0,106,59
23551949.0,107,46
23551962.0,100,62
23552026.0,107,58
23552034.0,109,45
23552044.0,107,47
23552070.0,100,58
23552074.0,97,55
23552106.0,106,55
23552108.0,99,86
23552190.0,98,47
23552240.0,106,44
23552265.0,99,47
23552307.0,106,45
23552320.0,106,46
23552350.0,107,47
23552355.0,106,50
23552378.0,104,42
23552381.0,109,47
23552386.0,98,49
23552439.0,102,71
23552444.0,106,48
23552471.0,99,43
23552500.0,99,51
23552505.0,108,50
23552506.0,102,42
23552510.0,104,46
23552543.0,104,43
23552565.0,100,62
23552588.0,95,48
23552616.0,102,43
23552695.0,96,49
23552715.0,104,48
23552726.0,106,48
23552744.0,98,47
23552781.0,104,45
23552799.0,109,46
23552861.0,109,48
23552872.0,99,46
23552878.0,97,48
23552907.0,108,51
23552975.0,107,46
23553038.0,95,48
23553067.0,107,47
23553092.0,109,45
23553094.0,96,47
23553162.0,99,88
23553186.0,106,46
23553259.0,100,46
23553269.0,107,47
23553279.0,106,47
23553291.0,98,56
23553300.0,103,41
23553357.0,109,47
23553367.0,101,42
23553371.0,107,48
23553383.0,97,52
23553398.0,99,44
23553432.0,97,48
23553451.0,101,48
23553484.0,98,55
23553486.0,96,54
23553489.0,107,50
23553522.0,108,53
23553572.0,109,48
23553632.0,106,68
23553669.0,107,46
23553677.0,108,52
23553742.0,99,52
23553877.0,104,49
23553921.0,98,54
23553978.0,95,48
23554003.0,96,48
23554054.0,109,49
23554075.0,104,46
23554138.0,106,43
23554213.0,106,49
23554282.0,102,46
23554346.0,102,44
23554448.0,100,52
23554508.0,96,52
23554559.0,106,48
23554601.0,99,47
23554601.0,97,53
23554621.0,99,51
23554716.0,99,50
23554720.0,108,45
23554725.0,107,53
23554757.0,108,54
23554803.0,108,51
23554824.0,99,49
23554836.0,104,47
23554839.0,105,43
23554856.0,107,43
23554870.0,99,47
23554895.0,102,45
23554921.0,102,47
23554934.0,100,42
23554935.0,108,55
23554948.0,107,49
23554985.0,108,46
23555024.0,99,45
23555065.0,108,53
23555141.0,110,71
23555156.0,98,48
23555193.0,106,49
23555202.0,108,65
23555228.0,102,48
23555238.0,108,56
23555240.0,105,44
23555244.0,103,42
23555246.0,102,43
23555358.0,99,48
23555361.0,97,47
23555380.0,107,44
23555483.0,102,42
23555583.0,101,45
23555648.0,107,43
23555671.0,106,50
23555682.0,99,47
23555713.0,108,57
23555743.0,99,46
23555761.0,109,50
23555897.0,107,57
23556000.0,105,42
23556091.0,105,45
23556091.0,107,58
23556107.0,107,45
23556132.0,100,43
23556150.0,101,44
23556156.0,100,51
23556182.0,109,72
23556215.0,108,66
23556317.0,108,47
23556320.0,104,41
23556363.0,106,49
23556383.0,105,45
23556415.0,109,50
23556443.0,102,45
23556481.0,105,43
23556545.0,102,44
23556551.0,99,49
23556553.0,101,46
23556591.0,105,46
23556593.0,104,44
23556593.0,103,42
23556648.0,93,58
23556665.0,107,50
23556714.0,108,54
23556726.0,99,50
23556757.0,107,67
23556785.0,110,45
23556815.0,98,48
23556852.0,105,42
23556987.0,110,47
23557060.0,108,52
23557074.0,111,72
23557080.0,100,57
23557086.0,105,47
23557106.0,105,44
23557107.0,109,51
23557180.0,107,59
23557192.0,97,48
23557245.0,105,41
23557352.0,110,48
23557420.0,97,49
23557430.0,104,48
23557449.0,102,42
23557470.0,109,45
23557518.0,107,44
23557605.0,107,60
23557647.0,97,51
23557649.0,96,48
23557697.0,106,48
23557769.0,103,44
23557786.0,102,47
23557815.0,107,45
23557828.0,107,47
23557851.0,110,45
23557852.0,109,48
23557865.0,106,43
23557940.0,109,51
23558001.0,107,46
23558016.0,108,48
23558055.0,106,60
23558121.0,38,92
23558158.0,105,48
23558179.0,105,46
23558242.0,110,48
23558270.0,98,54
23558312.0,98,47
23558338.0,101,42
23558363.0,99,56
23558421.0,104,41
23558592.0,103,42
23558612.0,102,45
23558643.0,106,50
23558855.0,103,45
23558899.0,110,49
23558956.0,109,46
23558995.0,100,51
23559049.0,99,51
23559057.0,111,46
23559100.0,98,52
23559125.0,102,46
23559146.0,102,49
23559164.0,105,47
23559192.0,106,42
23559197.0,108,56
23559237.0,107,48
23559319.0,103,44
23559375.0,99,48
23559384.0,109,52
23559447.0,105,48
23559458.0,100,49
23559489.0,108,49
23559510.0,108,43
23559593.0,110,47
23559617.0,103,47
23559623.0,100,48
23559625.0,105,47
23559656.0,101,43
23559662.0,103,46
23559707.0,107,49
23559732.0,99,49
23559732.0,110,75
23559766.0,105,49
23559797.0,97,48
23559835.0,100,46
23559847.0,108,44
23559955.0,111,46
23559972.0,110,50
23559981.0,99,54
23559990.0,109,47
23560000.0,104,42
23560002.0,92,52
23560006.0,103,42
23560007.0,109,52
23560017.0,107,52
23560175.0,108,45
23560243.0,100,58
23560382.0,101,52
23560434.0,106,45
23560434.0,109,76
23560448.0,100,47
23560450.0,110,45
23560457.0,108,43
23560489.0,109,53
23560534.0,98,51
23560553.0,104,43
23560554.0,107,50
23560619.0,107,67
23560684.0,101,59
23560725.0,111,47
23560826.0,103,45
23560850.0,103,48
23560894.0,108,46
23560898.0,105,49
23561092.0,106,44
23561169.0,97,47
23561248.0,98,53
23561258.0,108,45
23561289.0,110,50
23561311.0,99,55
23561362.0,110,49
23561403.0,107,48
23561424.0,106,46
23561449.0,107,50
23561460.0,109,48
23561482.0,99,47
23561528.0,111,48
23561540.0,108,49
23561545.0,108,47
23561553.0,97,47
23561563.0,107,63
23561582.0,98,50
23561598.0,98,48
23561599.0,104,44
23561623.0,100,49
23561648.0,109,54
23561783.0,109,50
23561794.0,107,49
23561833.0,103,47
23561866.0,109,53
23561866.0,107,63
23561904.0,106,63
23561924.0,106,45
23561936.0,102,42
23562133.0,108,49
23562161.0,105,41
23562180.0,104,42
23562205.0,101,50
23562219.0,106,48
23562236.0,98,49
23562278.0,111,49
23562292.0,107,43
23562403.0,103,41
23562419.0,109,48
23562438.0,106,42
23562459.0,100,48
23562535.0,109,47
23562546.0,108,47
23562559.0,111,47
23562587.0,108,49
23562648.0,109,55
23562689.0,109,48
23562770.0,103,48
23562774.0,103,49
23562776.0,108,48
23562800.0,106,46
23562810.0,107,42
23562813.0,108,50
23562836.0,109,46
23562859.0,107,44
23562970.0,101,45
23563052.0,107,45
23563082.0,101,48
23563088.0,100,56
23563121.0,108,49
23563202.0,99,47
23563260.0,110,46
23563263.0,103,47
23563265.0,111,48
23563269.0,104,45
23563365.0,111,46
23563368.0,109,44
23563415.0,108,50
23563423.0,104,43
23563443.0,111,49
23563482.0,105,42
23563514.0,107,42
23563516.0,109,56
23563578.0,106,43
23563693.0,109,52
23563706.0,110,45
23563721.0,108,52
23563724.0,109,46
23563765.0,98,47
23563781.0,101,46
23563806.0,99,52
23563873.0,110,47
23563874.0,109,43
23563911.0,106,49
23563915.0,109,45
23563956.0,99,46
23563994.0,101,70
23563999.0,110,51
23564049.0,110,52
23564141.0,108,49
23564186.0,106,47
23564191.0,103,44
23564271.0,106,44
23564283.0,108,57
23564285.0,109,49
23564332.0,107,43
23564380.0,109,55
23564381.0,99,54
23564382.0,102,48
23564398.0,104,42
23564414.0,104,47
23564434.0,103,48
23564534.0,104,46
23564535.0,104,44
23564546.0,107,46
23564635.0,101,47
23564768.0,107,41
23564785.0,108,48
23564822.0,104,45
23564832.0,100,57
23564886.0,105,43
23564892.0,109,54
23564898.0,100,47
23565004.0,108,43
23565033.0,101,49
23565135.0,110,52
23565172.0,101,52
23565239.0,109,46
23565248.0,101,47
23565252.0,107,45
23565253.0,103,46
23565265.0,108,58
23565276.0,99,46
23565305.0,104,48
23565320.0,106,48
23565597.0,107,44
23565601.0,99,51
23565678.0,102,44
23565722.0,111,50
23565778.0,109,57
23565793.0,108,50
23565799.0,100,55
23565837.0,106,49
23565840.0,107,60
23565862.0,110,48
23565954.0,103,42
23565981.0,108,49
23566051.0,105,42
23566070.0,104,46
23566102.0,110,53
23566159.0,109,47
23566207.0,100,52
23566254.0,106,45
23566287.0,105,44
23566351.0,109,50
23566356.0,104,47
23566426.0,106,42
23566574.0,108,44
23566628.0,99,50
23566641.0,102,45
23566670.0,109,56
23566680.0,105,43
23566684.0,107,65
23566924.0,108,59
23566971.0,107,46
23567077.0,100,54
23567211.0,109,53
23567220.0,102,43
23567282.0,107,48
23567316.0,107,45
23567343.0,108,45
23567357.0,111,51
23567361.0,99,47
23567368.0,109,50
23567385.0,108,56
23567390.0,108,50
23567449.0,108,54
23567470.0,110,47
23567485.0,106,41
23567498.0,110,45
23567562.0,99,49
23567716.0,111,47
23567766.0,110,53
23567796.0,109,48
23567840.0,102,43
23567843.0,110,47
23567900.0,108,41
23567957.0,100,47
23568011.0,106,43
23568128.0,100,46
23568168.0,109,43
23568194.0,105,45
23568209.0,108,48
23568321.0,110,43
23568346.0,110,49
23568377.0,108,43
23568441.0,105,46
23568552.0,107,49
23568563.0,110,53
23568564.0,110,49
23568624.0,109,49
23568629.0,105,45
23568649.0,105,47
23568666.0,99,46
23568708.0,107,47
23568760.0,101,49
23568783.0,110,44
23568809.0,99,53
23568817.0,102,48
23568823.0,110,46
23568838.0,101,47
23568870.0,102,46
23568870.0,105,46
23568892.0,105,44
23568967.0,107,49
23568982.0,104,49
23569015.0,102,47
23569045.0,111,47
23569115.0,102,50
23569126.0,107,41
23569225.0,101,48
23569231.0,110,49
23569254.0,108,46
23569291.0,108,44
23569348.0,106,44
23569360.0,101,50
23569388.0,110,76
23569391.0,109,43
23569479.0,111,47
23569479.0,107,48
23569531.0,110,52
23569590.0,111,48
23569621.0,110,45
23569666.0,107,41
23569718.0,109,54
23569901.0,103,44
23569955.0,111,52
23569970.0,108,45
23570144.0,107,44
23570163.0,103,44
23570295.0,110,47
23570315.0,109,42
23570332.0,104,47
23570342.0,111,44
23570437.0,104,48
23570452.0,109,49
23570485.0,107,42
23570514.0,109,50
23570527.0,110,55
23570592.0,108,47
23570626.0,104,46
23570651.0,104,44
23570757.0,106,45
23570767.0,109,64
23570774.0,110,46
23570785.0,101,46
23570865.0,103,44
23571069.0,109,44
23571137.0,110,51
23571205.0,111,45
23571254.0,102,50
23571285.0,100,55
23571294.0,111,50
23571313.0,106,42
23571321.0,103,44
23571346.0,108,44
23571350.0,109,55
23571357.0,109,44
23571388.0,109,43
23571428.0,108,43
23571442.0,105,48
23571459.0,106,43
23571524.0,104,43
23571571.0,100,47
23571642.0,108,48
23571650.0,108,46
23571660.0,105,45
23571711.0,109,45
23571805.0,110,43
23571952.0,111,45
23571954.0,111,43
23572018.0,101,46
23572041.0,110,54
23572043.0,103,45
23572048.0,105,47
23572100.0,111,52
23572114.0,108,47
23572126.0,100,56
23572175.0,107,43
23572211.0,110,56
23572225.0,100,53
23572255.0,110,48
23572272.0,106,46
23572290.0,108,64
23572307.0,109,45
23572435.0,107,49
23572455.0,108,41
23572455.0,110,49
23572578.0,90,88
23572632.0,100,48
23572675.0,111,49
23572725.0,102,49
23572746.0,105,49
23572749.0,100,51
23572773.0,109,57
23572793.0,109,46
23572816.0,102,47
23572830.0,112,48
23572856.0,101,47
23572884.0,100,49
23572929.0,110,50
23572942.0,105,48
23573007.0,111,44
23573047.0,104,42
23573055.0,102,48
23573057.0,107,44
23573062.0,105,46
23573107.0,111,46
23573124.0,104,44
23573128.0,103,49
23573136.0,108,47
23573157.0,105,44
23573167.0,103,47
23573206.0,107,42
23573295.0,110,49
23573397.0,109,42
23573458.0,105,42
23573505.0,109,44
23573555.0,103,43
23573561.0,108,49
23573675.0,106,47
23573704.0,103,50
23573747.0,110,42
23573783.0,109,48
23573791.0,112,51
23573886.0,101,54
23573900.0,108,48
23573903.0,110,56
23573992.0,103,48
23574009.0,111,54
23574045.0,100,46
23574076.0,113,50
23574077.0,100,54
23574194.0,102,58
23574222.0,103,57
23574235.0,107,42
23574256.0,96,80
23574270.0,103,46
23574311.0,110,57
23574345.0,111,53
23574365.0,103,57
23574382.0,114,48
23574445.0,107,59
23574500.0,106,48
23574526.0,109,45
23574537.0,108,59
23574560.0,110,51
23574595.0,102,46
23574656.0,100,52
23574688.0,111,47
23574753.0,110,50
23574765.0,110,44
23574769.0,109,47
23574816.0,107,43
23574837.0,101,57
23574863.0,113,49
23574886.0,107,45
23574891.0,106,44
23575053.0,109,43
23575093.0,108,43
23575108.0,111,50
23575441.0,110,49
23575569.0,113,47
23575576.0,110,50
23575605.0,102,47
23575616.0,110,47
23575642.0,110,45
23575871.0,101,47
23575936.0,108,42
23575951.0,110,43
23575974.0,101,45
23575976.0,109,48
23576079.0,106,47
23576140.0,109,46
23576150.0,107,63
23576153.0,111,54
23576204.0,109,48
23576215.0,113,48
23576218.0,110,42
23576218.0,104,45
23576234.0,109,63
23576257.0,112,46
23576260.0,114,49
23576333.0,101,47
23576357.0,111,48
23576361.0,110,55
23576372.0,109,41
23576458.0,106,48
23576492.0,110,44
23576496.0,112,48
23576515.0,112,45
23576610.0,105,46
23576698.0,108,42
23576749.0,108,49
23576758.0,111,44
23576816.0,107,46
23576840.0,109,48
23576914.0,109,47
23576944.0,109,42
23576959.0,110,46
23576965.0,101,47
23577158.0,104,47
23577171.0,101,48
23577253.0,103,48
23577335.0,106,46
23577374.0,111,42
23577392.0,104,46
23577420.0,109,48
23577447.0,101,46
23577574.0,105,44
23577665.0,111,49
23577677.0,101,48
23577752.0,106,49
23577773.0,112,50
23577778.0,113,48
23577819.0,111,44
23577858.0,110,45
23577875.0,102,45
23577941.0,103,47
23577963.0,108,42
23577994.0,107,44
23577997.0,111,50
23578008.0,110,51
23578046.0,112,50
23578082.0,104,48
23578108.0,107,41
23578113.0,106,48
23578198.0,103,46
23578233.0,109,50
23578297.0,101,48
23578307.0,101,49
23578330.0,114,50
23578332.0,111,44
23578456.0,107,47
23578460.0,109,49
23578469.0,101,48
23578502.0,111,49
23578544.0,111,50
23578578.0,104,50
23578579.0,110,50
23578652.0,110,47
23578697.0,107,47
23578841.0,109,48
23578962.0,111,45
23579028.0,114,47
23579032.0,101,45
23579054.0,102,46
23579079.0,106,47
23579089.0,105,43
23579094.0,104,49
23579131.0,111,43
23579162.0,106,45
23579209.0,108,43
23579215.0,105,45
23579259.0,113,45
23579336.0,101,51
23579682.0,107,45
23579718.0,111,55
23579747.0,104,47
23579771.0,112,47
23579831.0,109,43
23579878.0,109,42
23580007.0,111,50
23580053.0,104,47
23580088.0,115,48
23580149.0,110,46
23580185.0,107,48
23580214.0,106,43
23580252.0,85,86
23580290.0,109,43
23580327.0,101,52
23580337.0,103,46
23580388.0,107,46
23580417.0,110,57
23580423.0,103,49
23580426.0,107,42
23580510.0,110,44
23580523.0,103,47
23580536.0,112,48
23580615.0,109,42
23580623.0,111,56
23580744.0,107,42
23580837.0,115,49
23580848.0,111,51
23580908.0,111,46
23580957.0,104,47
23580987.0,108,45
23581091.0,107,47
23581116.0,102,46
23581218.0,113,46
23581223.0,111,44
23581278.0,106,44
23581306.0,103,45
23581316.0,110,47
23581355.0,109,44
23581485.0,104,47
23581569.0,101,70
23581634.0,109,59
23581676.0,112,50
23581765.0,105,46
23581767.0,110,42
23581859.0,104,50
23581930.0,109,42
23582022.0,101,54
23582069.0,103,45
23582133.0,108,46
23582211.0,114,48
23582234.0,110,51
23582381.0,109,49
23582385.0,110,48
23582667.0,102,47
23582705.0,112,49
23582706.0,111,51
23582716.0,108,49
23582781.0,105,47
23582800.0,111,45
23582929.0,102,45
23582947.0,112,43
23582965.0,111,47
23583001.0,108,46
23583020.0,104,46
23583037.0,111,46
23583067.0,113,47
23583076.0,110,49
23583084.0,108,45
23583126.0,104,49
23583186.0,115,50
23583227.0,108,47
23583250.0,101,51
23583289.0,109,44
23583329.0,107,48
23583335.0,111,47
23583363.0,102,45
23583383.0,112,45
23583440.0,109,47
23583481.0,106,45
23583516.0,110,58
23583643.0,109,58
23583663.0,110,43
23583697.0,107,42
23583727.0,113,50
23583940.0,108,44
23584019.0,112,51
23584021.0,108,46
23584046.0,102,48
23584072.0,110,48
23584088.0,111,42
23584089.0,114,49
23584113.0,114,46
23584195.0,107,50
23584223.0,105,48
23584270.0,102,46
23584345.0,111,57
23584414.0,112,50
23584450.0,102,61
23584502.0,108,58
23584562.0,113,44
23584565.0,109,45
23584628.0,111,46
23584649.0,102,49
23584673.0,104,45
23584684.0,113,48
23584689.0,102,55
23584723.0,108,42
23584791.0,105,49
23584795.0,75,57
23584884.0,111,48
23584932.0,111,51
23585013.0,110,46
23585084.0,109,69
23585116.0,110,44
23585200.0,110,42
23585241.0,108,48
23585303.0,107,44
23585372.0,109,45
23585436.0,111,48
23585488.0,106,45
23585493.0,115,48
23585502.0,105,50
23585507.0,116,49
23585522.0,114,52
23585549.0,112,44
23585561.0,112,46
23585647.0,110,43
23585649.0,102,50
23585695.0,110,49
23585762.0,106,46
23585779.0,113,45
23585816.0,109,43
23585831.0,102,70
23585875.0,104,46
23585928.0,108,47
23585940.0,106,45
23585979.0,111,47
23586031.0,109,46
23586183.0,113,49
23586234.0,104,47
23586263.0,104,45
23586264.0,109,46
23586315.0,115,51
23586347.0,107,46
23586355.0,114,47
23586388.0,113,43
23586451.0,108,43
23586504.0,102,57
23586600.0,111,43
23586601.0,111,42
23586609.0,113,43
23586636.0,108,48
23586814.0,110,50
23586831.0,103,45
23586991.0,106,47
23587163.0,116,50
23587215.0,83,105
23587229.0,109,47
23587240.0,103,46
23587492.0,113,51
23587586.0,104,48
23587614.0,107,62
23587633.0,107,45
23587654.0,110,45
23587745.0,112,51
23587805.0,111,49
23587825.0,105,46
23587880.0,115,46
23587881.0,102,51
23587907.0,105,48
23588027.0,113,44
23588058.0,113,46
23588070.0,114,48
23588106.0,114,50
23588133.0,102,53
23588231.0,115,49
23588397.0,110,65
23588425.0,103,47
23588431.0,116,48
23588449.0,106,47
23588497.0,109,65
23588505.0,113,50
23588560.0,109,46
23588567.0,110,50
23588642.0,105,47
23588665.0,111,48
23588749.0,108,48
23588826.0,108,44
23588979.0,111,44
23589086.0,105,51
23589107.0,106,48
23589168.0,103,56
23589365.0,112,48
23589383.0,114,45
23589401.0,111,56
23589427.0,110,46
23589473.0,113,54
23589488.0,117,49
23589512.0,107,49
23589555.0,109,47
23589576.0,103,56
23589803.0,111,49
23589805.0,103,48
23589833.0,111,42
23589912.0,115,47
23589931.0,110,45
23590023.0,114,43
23590050.0,109,43
23590230.0,109,48
23590232.0,107,46
23590336.0,105,49
23590414.0,108,66
23590515.0,115,52
23590608.0,106,49
23590781.0,111,44
23590795.0,111,50
23590929.0,111,43
23590934.0,117,50
23591006.0,103,49
23591108.0,113,45
23591302.0,113,47
23591359.0,110,49
23591378.0,115,50
23591495.0,116,46
23591502.0,105,46
23591785.0,114,51
23591792.0,114,46
23591809.0,108,45
23591874.0,104,45
23591886.0,102,54
23591998.0,106,50
23592076.0,115,48
23592107.0,113,50
23592172.0,106,47
23592182.0,107,47
23592182.0,116,49
23592221.0,110,43
23592310.0,104,46
23592386.0,110,42
23592390.0,112,49
23592478.0,102,52
23592617.0,74,55
23592675.0,109,47
23592701.0,114,44
23592707.0,109,48
23592708.0,110,44
23592816.0,114,50
23592833.0,110,47
23592906.0,106,46
23592924.0,103,50
23593007.0,111,52
23593124.0,83,106
23593158.0,105,50
23593335.0,113,48
23593510.0,116,47
23593631.0,110,59
23593678.0,114,47
23593881.0,116,47
23594122.0,111,46
23594171.0,104,47
23594254.0,114,45
23594308.0,107,47
23594312.0,105,48
23594316.0,115,45
23594350.0,110,46
23594373.0,112,52
23594445.0,106,46
23594446.0,80,57
23594546.0,107,48
23594561.0,110,57
23594563.0,115,53
23594577.0,108,46
23594620.0,109,44
23594727.0,110,43
23594810.0,111,42
23594875.0,111,57
23594880.0,114,54
23594884.0,115,46
23594886.0,115,44
23594912.0,109,44
23595011.0,110,64
23595178.0,113,52
23595398.0,105,47
23595422.0,115,43
23595452.0,113,46
23595487.0,106,45
23595575.0,111,58
23595646.0,112,50
23595658.0,109,44
23595666.0,112,51
23595733.0,113,44
23595786.0,113,49
23595805.0,113,47
23595828.0,110,44
23595852.0,90,86
23595950.0,109,44
23595973.0,116,50
23596214.0,109,45
23596278.0,116,48
23596414.0,106,48
23596450.0,111,43
23596514.0,118,50
23596572.0,114,48
23596588.0,113,48
23596611.0,109,48
23596629.0,108,47
23596657.0,114,47
23596680.0,83,107
23596688.0,110,49
23596719.0,114,46
23596890.0,110,47
23596932.0,112,45
23596964.0,115,45
23596995.0,105,45
23597022.0,73,54
23597055.0,114,52
23597091.0,111,46
23597130.0,107,49
23597209.0,90,85
23597306.0,117,47
23597369.0,115,47
23597647.0,104,45
23597850.0,107,47
23598178.0,105,46
23598202.0,106,47
23598204.0,113,44
23598394.0,114,47
23598436.0,114,48
23598498.0,118,51
23598502.0,107,46
23598582.0,116,49
23598593.0,104,49
23598595.0,108,48
23598779.0,113,45
23598823.0,110,45
23598867.0,116,46
23598875.0,115,47
23599181.0,107,47
23599207.0,116,51
23599492.0,114,49
23599568.0,111,44
23599621.0,105,45
23599690.0,109,46
23599792.0,117,48
23599796.0,116,53
23599821.0,115,43
23599828.0,114,52
23599846.0,115,52
23599850.0,107,49
23599885.0,113,50
23599950.0,107,45
23599973.0,117,50
23600097.0,114,49
23600136.0,113,49
23600149.0,110,49
23600316.0,108,47
23600375.0,115,48
23600406.0,105,52
23600414.0,115,52
23600543.0,115,51
23600732.0,116,45
23600772.0,83,108
23600795.0,109,47
23600868.0,108,48
23600963.0,106,50
23601060.0,101,63
23601065.0,114,48
23601094.0,118,47
23601189.0,112,47
23601207.0,104,50
23601482.0,115,46
23601490.0,107,48
23601699.0,116,47
23601779.0,110,46
23601824.0,111,48
23602113.0,107,49
23602183.0,110,66
23602483.0,116,50
23602625.0,108,62
23602660.0,109,47
23602688.0,117,46
23602759.0,112,48
23602851.0,105,46
23602852.0,83,106
23603020.0,111,45
23603061.0,106,45
23603108.0,112,44
23603146.0,113,50
23603223.0,109,48
23603277.0,119,51
23603317.0,118,50
23603538.0,118,48
23603651.0,117,51
23603687.0,108,49
23603801.0,114,49
23603810.0,115,49
23603863.0,107,49
23603909.0,116,48
23603962.0,83,107
23603990.0,116,46
23603991.0,104,45
23604031.0,112,43
23604109.0,88,87
23604178.0,115,47
23604432.0,115,49
23604627.0,117,45
23604700.0,115,45
23604728.0,106,44
23604775.0,108,47
23604791.0,114,53
23604800.0,116,51
23604823.0,109,48
23604845.0,110,47
23604893.0,113,45
23604899.0,112,45
23604927.0,117,45
23604933.0,113,44
23604937.0,108,46
23604953.0,110,59
23605013.0,107,46
23605108.0,107,50
23605337.0,111,46
23605349.0,116,46
23605355.0,117,50
23605431.0,117,47
23605456.0,116,54
23605660.0,103,56
23605684.0,108,49
23605702.0,105,44
23605733.0,106,46
23605775.0,108,47
23605856.0,113,47
23605880.0,118,49
23605931.0,116,44
23605935.0,115,48
23606089.0,113,44
23606438.0,105,44
23606475.0,108,49
23606539.0,98,79
23606569.0,114,46
23606651.0,115,55
23606685.0,103,55
23606829.0,85,92
23607001.0,119,52
23607046.0,108,48
23607150.0,110,47
23607218.0,107,49
23607281.0,116,49
23607332.0,116,47
23607463.0,115,51
23607532.0,113,50
23607570.0,101,64
23607629.0,104,49
23607644.0,119,48
23607652.0,108,46
23607700.0,117,48
23607732.0,107,47
23607810.0,108,45
23607819.0,90,83
23608107.0,104,49
23608154.0,112,49
23608193.0,113,45
23608301.0,107,50
23608430.0,107,48
23608492.0,115,49
23608549.0,114,44
23608565.0,108,45
23608577.0,117,46
23608683.0,114,52
23608760.0,116,49
23608771.0,118,51
23608775.0,116,52
23608824.0,112,46
23608888.0,95,81
23608898.0,117,52
23609179.0,113,45
23609357.0,118,47
23609365.0,106,46
23609603.0,114,50
23609604.0,114,46
23609676.0,111,47
23609898.0,105,49
23610007.0,110,48
23610172.0,106,47
23610229.0,108,48
23610475.0,107,45
23610554.0,117,51
23610593.0,116,55
23610599.0,118,50
23610645.0,106,45
23610742.0,105,47
23610955.0,113,51
23611050.0,86,88
23611110.0,106,45
23611215.0,117,47
23611307.0,109,49
23611339.0,117,49
23611514.0,114,45
23611813.0,118,46
23611842.0,108,50
23611847.0,104,53
23611892.0,115,44
23611973.0,118,48
23612002.0,113,46
23612023.0,118,46
23612173.0,111,58
23612245.0,116,46
23612601.0,104,52
23612762.0,108,49
23612837.0,107,46
23612886.0,118,54
23612901.0,118,51
23612982.0,116,44
23613077.0,112,49
23613190.0,115,51
23613547.0,120,52
23613560.0,112,47
23613576.0,116,50
23613596.0,109,45
23613722.0,119,50
23613779.0,109,47
23613793.0,109,102
23613897.0,118,52
23613904.0,116,49
23614032.0,110,49
23614117.0,117,49
23614251.0,117,55
23614382.0,119,52
23614438.0,120,49
23614672.0,119,51
23614722.0,115,45
23614745.0,88,82
23614979.0,111,48
23615106.0,118,47
23615240.0,106,48
23615255.0,117,48
23615642.0,114,46
23615814.0,113,46
23615989.0,109,46
23615997.0,108,46
23616071.0,118,49
23616124.0,107,46
23616132.0,112,46
23616400.0,108,47
23616813.0,109,75
23617079.0,114,45
23617159.0,119,48
23617267.0,91,81
23617323.0,116,51
23617497.0,117,50
23617545.0,111,49
23617862.0,108,45
23617872.0,116,50
23617978.0,119,51
23618117.0,118,52
23618418.0,119,47
23618439.0,109,48
23618735.0,115,51
23618947.0,120,50
23618954.0,118,48
23618975.0,104,51
23619020.0,95,79
23619327.0,109,45
23619392.0,119,54
23619408.0,108,62
23619472.0,104,51
23619817.0,117,49
23619972.0,118,50
23619989.0,119,52
23620080.0,119,49
23620230.0,104,52
23620264.0,108,48
23620514.0,117,45
23620554.0,115,46
23620583.0,108,45
23621002.0,108,45
23621180.0,106,47
23621256.0,92,81
23621450.0,104,56
23621568.0,109,47
23621655.0,103,57
23621703.0,116,46
23621770.0,103,56
23621855.0,118,50
23622119.0,111,49
23622194.0,106,48
23622203.0,103,56
23622224.0,117,51
23622301.0,110,47
23622575.0,120,46
23622802.0,108,46
23622861.0,108,50
23622872.0,119,48
23622954.0,106,46
23622975.0,121,50
23623219.0,106,49
23623248.0,117,50
23623375.0,115,45
23624006.0,110,46
23624084.0,107,47
23624110.0,118,49
23624195.0,117,46
23624202.0,83,109
23624561.0,116,51
23624734.0,120,49
23624979.0,110,47
23625238.0,119,50
23625319.0,109,46
23625575.0,114,47
23625694.0,119,46
23625725.0,117,46
23626163.0,110,74
23626452.0,108,46
23626843.0,113,48
23626844.0,120,46
23626861.0,116,47
23627091.0,88,87
23627288.0,109,49
23627354.0,109,45
23627368.0,110,46
23628516.0,116,52
23628567.0,118,50
23628887.0,112,50
23628918.0,119,50
23629756.0,107,48
23630105.0,94,81
23630461.0,119,53
23630543.0,119,55
23630738.0,119,49
23630778.0,120,50
23631029.0,117,47
23631953.0,109,60
23631976.0,117,52
23632351.0,89,83
23632975.0,115,47
23633298.0,116,52
23633818.0,109,49
23634256.0,108,45
23634356.0,120,49
23634641.0,110,50
23634797.0,88,87
23634845.0,116,51
23635560.0,119,50
23636027.0,119,51
23637648.0,116,48
23637719.0,108,47
23639035.0,119,54
23639323.0,119,47
23639792.0,96,83
23642498.0,122,48
23643523.0,109,62
23643996.0,117,48
23644068.0,56,120
23644212.0,98,78
23646133.0,110,50
23646754.0,84,100
23647620.0,86,89
23649147.0,96,81
23649485.0,119,51
23650284.0,89,82
23653501.0,76,58
23655071.0,121,52
23655488.0,84,94
23658406.0,110,60
23660387.0,110,71
23661325.0,108,69
23662746.0,109,64
23663172.0,108,47
23663209.0,104,71
23663379.0,109,46
23663522.0,117,48
23665605.0,106,77
23665982.0,120,54
23666467.0,69,57
23666553.0,113,58
23666582.0,120,52
23667216.0,108,67
23667993.0,106,49
23669986.0,105,50
23670405.0,109,49
23670460.0,72,61
23670707.0,71,61
23671985.0,118,50
23672045.0,109,65
23672123.0,34,110
23672400.0,109,50
23672429.0,117,47
23673133.0,108,50
23674443.0,120,51
23675053.0,103,54
23675088.0,105,52
23675443.0,88,86
23675471.0,119,54
23675545.0,121,48
23675710.0,107,47
23676460.0,103,56
23676468.0,120,53
23677159.0,119,55
23677222.0,121,49
23677595.0,106,48
23678328.0,107,47
23678819.0,109,62
23679668.0,120,50
23679687.0,119,47
23680063.0,103,54
23680140.0,109,48
23680185.0,103,53
23680255.0,118,49
23680293.0,120,49
23680396.0,119,51
23680499.0,106,48
23680882.0,109,50
23681003.0,103,53
23681205.0,120,54
23681372.0,120,48
23681604.0,107,46
23681667.0,118,55
23682303.0,117,50
23682466.0,108,65
23682645.0,108,49
23682790.0,103,57
23682862.0,98,72
23683139.0,117,55
23683351.0,105,50
23683710.0,109,46
23683812.0,104,50
23684253.0,113,52
23684254.0,107,46
23684476.0,106,47
23684752.0,118,54
23684905.0,114,47
23684946.0,102,50
23685112.0,119,52
23685187.0,107,50
23685410.0,117,53
23686005.0,106,48
23686106.0,103,52
23686379.0,118,51
23686439.0,120,51
23686451.0,119,51
23686790.0,106,47
23686871.0,110,73
23686970.0,119,53
23687213.0,119,49
23687468.0,117,49
23687755.0,118,48
23687987.0,52,55
23688216.0,109,46
23688562.0,109,47
23688607.0,119,50
23688680.0,119,52
23688726.0,118,51
23689072.0,110,49
23689077.0,114,52
23689147.0,104,51
23689258.0,102,59
23689490.0,111,58
23689542.0,111,48
23689645.0,109,59
23689670.0,103,55
23689829.0,103,56
23689940.0,104,54
23690034.0,104,49
23690224.0,119,52
23690433.0,119,49
23690487.0,102,57
23690541.0,103,50
23690580.0,119,47
23690620.0,108,63
23690662.0,117,55
23690841.0,116,55
23691004.0,103,51
23691062.0,54,54
23691209.0,108,64
23691303.0,104,50
23691418.0,118,53
23691548.0,118,50
23691564.0,104,71
23691656.0,103,71
23691660.0,93,87
23691697.0,103,53
23691697.0,95,88
23692021.0,107,67
23692049.0,116,49
23692151.0,103,72
23692358.0,108,46
23692360.0,109,64
23692468.0,102,53
23692623.0,107,68
23692785.0,104,49
23692952.0,105,49
23693055.0,105,73
23693162.0,109,48
23693238.0,104,72
23693267.0,109,63
23693296.0,117,51
23693331.0,117,54
23693354.0,115,50
23693364.0,114,46
23693373.0,107,49
23693383.0,118,47
23693424.0,109,65
23693606.0,110,65
23694008.0,102,52
23694025.0,102,56
23694090.0,113,51
23694428.0,112,47
23694452.0,110,48
23694505.0,106,50
23694522.0,108,50
23694753.0,119,48
23695002.0,113,53
23695157.0,114,47
23695262.0,116,52
23695404.0,118,47
23695420.0,106,46
23695793.0,112,51
23695939.0,107,66
23695956.0,109,49
23695978.0,118,49
23695985.0,105,48
23696026.0,106,48
23696111.0,108,49
23696255.0,114,53
23696260.0,107,48
23696280.0,118,46
23696960.0,108,68
23696997.0,106,45
23697050.0,55,59
23697067.0,103,59
23697075.0,113,46
23697088.0,117,47
23697201.0,117,53
23697237.0,115,49
23697357.0,55,59
23697389.0,104,49
23697415.0,102,58
23697477.0,104,48
23697611.0,116,54
23697615.0,101,59
23697768.0,107,65
23697976.0,53,60
23698177.0,101,58
23698218.0,118,49
23698320.0,53,59
23698330.0,105,47
23698332.0,116,51
23698406.0,107,45
23698653.0,107,61
23698755.0,103,60
23698900.0,108,47
23698977.0,104,48
23699098.0,108,48
23699193.0,118,48
23699226.0,53,59
23699450.0,102,53
23699466.0,66,71
23699488.0,105,46
23699504.0,117,53
23699619.0,110,58
23699675.0,107,46
23699700.0,108,49
23699750.0,110,49
23699785.0,101,55
23699853.0,102,54
23699863.0,115,52
23700240.0,109,48
23700318.0,116,54
23700325.0,110,48
23700405.0,116,47
23700477.0,114,52
23700486.0,115,52
23700528.0,118,52
23700570.0,106,50
23700575.0,101,54
23700634.0,66,48
23701291.0,102,52
23701365.0,103,51
23701468.0,104,47
23701478.0,117,46
23701571.0,105,46
23701642.0,116,53
23701643.0,105,50
23701762.0,113,56
23701792.0,116,47
23701810.0,55,55
23701983.0,107,49
23701992.0,102,51
23702149.0,115,48
23702228.0,103,52
23702250.0,105,45
23702251.0,117,49
23702314.0,101,62
23702371.0,55,56
23702400.0,117,52
23702436.0,101,52
23702627.0,101,56
23702679.0,110,58
23702689.0,115,53
23702812.0,55,56
23703071.0,107,50
23703125.0,105,48
23703167.0,102,50
23703558.0,109,59
23703647.0,113,45
23703872.0,110,57
23703880.0,115,54
23703922.0,106,48
23703970.0,103,49
23704004.0,107,48
23704172.0,110,47
23704234.0,103,48
23704273.0,108,48
23704289.0,111,47
23704425.0,115,52
23704594.0,106,46
23704608.0,111,46
23704640.0,108,60
23704657.0,116,53
23704845.0,111,58
23704855.0,115,51
23704863.0,117,52
23704883.0,109,75
23704959.0,106,46
23705136.0,116,46
23705151.0,111,58
23705502.0,106,47
23705529.0,116,50
23705533.0,103,48
23705599.0,106,62
23705785.0,115,48
23705859.0,107,49
23705889.0,107,64
23705977.0,114,51
23705984.0,114,52
23706017.0,113,50
23706185.0,111,51
23706219.0,108,48
23706268.0,114,51
23706376.0,114,48
23706667.0,106,45
23706819.0,109,47
23706881.0,116,47
23707041.0,116,45
23707126.0,106,46
23707317.0,101,53
23707351.0,116,49
23707358.0,106,46
23707399.0,107,62
23707593.0,108,65
23707742.0,117,48
23707744.0,110,46
23707804.0,111,46
23707805.0,108,48
23707992.0,105,50
23708088.0,101,51
23708177.0,115,51
23708211.0,109,74
23708234.0,113,49
23708406.0,101,58
23708559.0,104,45
23708589.0,102,49
23708651.0,116,52
23708664.0,106,46
23708814.0,115,46
23708829.0,112,50
23708861.0,106,49
23708911.0,110,46
23709012.0,104,50
23709030.0,114,47
23709032.0,103,48
23709052.0,100,54
23709132.0,115,50
23709180.0,108,63
23709227.0,115,53
23709245.0,111,53
23709265.0,111,51
23709301.0,112,55
23709397.0,104,50
23709463.0,116,46
23709533.0,106,50
23709631.0,113,55
23709662.0,103,47
23709750.0,111,45
23709837.0,116,45
23709892.0,114,54
23709906.0,103,54
23709907.0,105,48
23709927.0,114,48
23710082.0,114,47
23710152.0,109,58
23710211.0,106,47
23710308.0,112,50
23710339.0,108,64
23710342.0,108,47
23710457.0,107,48
23710510.0,105,45
23710549.0,114,51
23710767.0,106,61
23710805.0,113,48
23710819.0,111,50
23710949.0,116,52
23710959.0,105,47
23711005.0,107,60
23711180.0,103,46
23711219.0,100,60
23711226.0,102,48
23711270.0,102,49
23711280.0,101,50
23711294.0,115,49
23711357.0,110,51
23711395.0,115,46
23711502.0,103,45
23711522.0,113,49
23711596.0,116,47
23711944.0,105,46
23712066.0,100,56
23712195.0,109,46
23712208.0,108,47
23712285.0,116,51
23712293.0,102,51
23712302.0,114,46
23712763.0,109,58
23712944.0,100,58
23712950.0,111,56
23712990.0,103,47
23713030.0,111,52
23713038.0,115,52
23713062.0,114,46
23713111.0,72,72
23713117.0,109,58
23713146.0,115,45
23713149.0,114,47
23713219.0,102,52
23713237.0,109,57
23713239.0,100,59
23713241.0,109,46
23713274.0,53,59
23713304.0,106,67
23713401.0,112,45
23713507.0,107,48
23713637.0,110,45
23713803.0,57,48
23713826.0,105,62
23713866.0,104,74
23713943.0,104,63
23713970.0,105,61
23714027.0,114,50
23714053.0,100,53
23714094.0,104,62
23714172.0,105,61
23714221.0,57,48
23714336.0,103,60
23714400.0,113,47
23714496.0,108,74
23714530.0,105,49
23714552.0,100,54
23714581.0,115,48
23714649.0,113,48
23714652.0,115,51
23714659.0,111,44
23714684.0,102,48
23714687.0,101,49
23714688.0,106,60
23714723.0,108,58
23714745.0,101,53
23714751.0,110,51
23714751.0,115,52
23714778.0,105,61
23714794.0,104,50
23714839.0,111,49
23714875.0,112,51
23714925.0,111,53
23715243.0,106,66
23715304.0,107,67
23715363.0,106,63
23715400.0,92,88
23715422.0,108,59
23715467.0,112,48
23715473.0,113,51
23715563.0,114,53
23715582.0,104,48
23715583.0,115,54
23715636.0,83,114
23715676.0,113,54
23715685.0,110,45
23715719.0,97,71
23715829.0,106,48
23715893.0,104,48
23715895.0,102,47
23715896.0,100,57
23715959.0,104,45
23716119.0,106,65
23716168.0,100,65
23716326.0,107,47
23716392.0,90,89
23716477.0,104,46
23716497.0,101,49
23716513.0,114,49
23716595.0,112,55
23716621.0,114,50
23716635.0,110,56
23716659.0,111,52
23716750.0,103,46
23716804.0,69,51
23716833.0,114,45
23716879.0,108,46
23717095.0,102,46
23717112.0,109,45
23717145.0,103,50
23717200.0,113,46
23717211.0,101,50
23717217.0,111,49
23717295.0,109,72
23717334.0,115,51
23717473.0,105,49
23717738.0,110,50
23717768.0,104,46
23717822.0,112,48
23717884.0,105,50
23717941.0,110,44
23717952.0,104,47
23717956.0,68,50
23717959.0,112,44
23717977.0,100,50
23717987.0,104,48
23717988.0,101,54
23718067.0,107,47
23718076.0,112,47
23718123.0,113,47
23718154.0,103,72
23718156.0,102,45
23718165.0,108,46
23718277.0,100,52
23718336.0,101,48
23718377.0,109,57
23718378.0,109,46
23718453.0,104,48
23718485.0,80,114
23718572.0,99,55
23718581.0,108,58
23718628.0,101,51
23718798.0,109,58
23718803.0,102,53
23718859.0,108,58
23718861.0,103,49
23718977.0,113,51
23719011.0,114,52
23719057.0,111,48
23719223.0,113,53
23719294.0,114,48
23719295.0,103,57
23719362.0,99,53
23719409.0,112,51
23719429.0,111,49
23719572.0,106,48
23719681.0,102,72
23719888.0,110,49
23719943.0,97,74
23719979.0,110,50
23720115.0,102,73
23720125.0,106,47
23720196.0,104,49
23720343.0,56,52
23720530.0,105,63
23720729.0,105,62
23720761.0,107,65
23720769.0,101,72
23720810.0,103,48
23720830.0,56,52
23720900.0,107,46
23720949.0,103,50
23720997.0,115,47
23721003.0,106,47
23721022.0,99,52
23721117.0,106,62
23721124.0,105,62
23721147.0,103,45
23721202.0,100,53
23721252.0,109,44
23721257.0,55,52
23721333.0,100,56
23721429.0,109,45
23721573.0,110,48
23721587.0,110,55
23721609.0,107,64
23721665.0,109,50
23721750.0,107,59
23721768.0,105,48
23721806.0,113,49
23721821.0,104,49
23722033.0,108,58
23722036.0,107,46
23722044.0,102,72
23722067.0,115,51
23722069.0,105,62
23722072.0,112,46
23722087.0,110,49
23722142.0,101,46
23722225.0,112,44
23722238.0,103,46
23722279.0,114,51
23722304.0,114,47
23722326.0,99,55
23722383.0,108,45
23722412.0,112,50
23722430.0,109,56
23722450.0,113,44
23722508.0,109,44
23722512.0,111,47
23722520.0,101,47
23722673.0,110,49
23722769.0,108,58
23722811.0,102,50
23722822.0,103,47
23722917.0,100,55
23722923.0,100,50
23722993.0,112,47
23723028.0,99,51
23723045.0,111,47
23723178.0,99,53
23723188.0,110,56
23723231.0,99,56
23723372.0,99,52
23723494.0,99,54
23723589.0,111,48
23723798.0,113,48
23723915.0,100,58
23723918.0,110,46
23723973.0,103,48
23724002.0,101,45
23724012.0,110,55
23724024.0,98,55
23724035.0,111,47
23724055.0,109,57
23724205.0,108,57
23724242.0,100,48
23724270.0,113,50
23724292.0,114,50
23724491.0,102,49
23724499.0,101,46
23724764.0,56,51
23724807.0,99,51
23724850.0,109,56
23724874.0,102,49
23725014.0,101,45
23725028.0,110,49
23725087.0,111,46
23725091.0,99,50
23725162.0,108,50
23725172.0,104,49
23725186.0,106,46
23725237.0,112,49
23725439.0,107,45
23725471.0,110,48
23725496.0,109,49
23725520.0,102,49
23725543.0,103,49
23725557.0,111,47
23725746.0,100,47
23725789.0,100,52
23725811.0,107,58
23725936.0,102,45
23726070.0,105,47
23726076.0,109,43
23726151.0,96,89
23726196.0,113,48
23726201.0,111,43
23726205.0,102,50
23726226.0,104,48
23726263.0,105,48
23726363.0,110,51
23726425.0,102,48
23726441.0,103,73
23726450.0,110,48
23726455.0,113,51
23726501.0,111,51
23726673.0,114,49
23726785.0,102,61
23726795.0,103,50
23726911.0,98,54
23726936.0,113,47
23726997.0,111,50
23727087.0,111,54
23727096.0,100,46
23727143.0,109,55
23727452.0,110,47
23727489.0,54,60
23727739.0,108,57
23727762.0,108,44
23727765.0,102,46
23727782.0,113,47
23727870.0,101,71
23727915.0,100,47
23727952.0,111,47
23727986.0,106,46
23728013.0,108,56
23728054.0,109,72
23728127.0,110,46
23728143.0,100,45
23728289.0,111,45
23728335.0,109,48
23728450.0,112,52
23728562.0,112,48
23728600.0,105,67
23728623.0,99,50
23728648.0,111,45
23728683.0,98,52
23728684.0,109,43
23728716.0,102,47
23728726.0,98,51
23728753.0,106,45
23728815.0,113,51
23728967.0,100,46
23729095.0,111,53
23729165.0,111,45
23729221.0,104,63
23729305.0,99,49
23729322.0,101,45
23729332.0,107,58
23729345.0,107,44
23729350.0,100,45
23729367.0,113,50
23729419.0,111,45
23729430.0,110,48
23729494.0,109,55
23729519.0,99,48
23729580.0,110,54
23729669.0,109,48
23729809.0,108,43
23729824.0,108,49
23729828.0,102,49
23729836.0,109,49
23729844.0,109,55
23729866.0,101,49
23729866.0,103,49
23729926.0,109,48
23729938.0,109,71
23730000.0,104,47
23730130.0,109,52
23730250.0,106,69
23730262.0,108,52
23730327.0,111,46
23730372.0,104,62
23730432.0,103,48
23730594.0,110,46
23730595.0,105,63
23730601.0,110,47
23730634.0,105,46
23730672.0,111,44
23730673.0,101,57
23730706.0,106,45
23730718.0,112,52
23730746.0,108,43
23730788.0,108,45
23730811.0,110,43
23730856.0,109,43
23730876.0,112,47
23730928.0,102,56
23730984.0,108,56
23730995.0,98,50
23731157.0,103,48
23731195.0,99,47
23731201.0,105,66
23731209.0,111,49
23731302.0,109,55
23731359.0,99,53
23731369.0,107,57
23731533.0,112,51
23731539.0,111,43
23731579.0,112,47
23731606.0,110,51
23731708.0,109,55
23731750.0,107,57
23731832.0,99,46
23731836.0,105,62
23731838.0,102,50
23731879.0,105,74
23731990.0,101,50
23732020.0,98,54
23732040.0,111,53
23732062.0,107,48
23732102.0,54,57
23732147.0,53,58
23732205.0,104,63
23732254.0,108,55
23732262.0,109,48
23732275.0,98,58
23732320.0,109,47
23732356.0,106,49
23732394.0,98,49
23732395.0,101,46
23732402.0,98,50
23732425.0,107,43
23732462.0,110,46
23732505.0,106,47
23732534.0,109,43
23732565.0,110,50
23732611.0,101,48
23732624.0,104,62
23732652.0,70,59
23732670.0,102,49
23732738.0,110,45
23732761.0,100,60
23732916.0,111,45
23732975.0,106,47
23732993.0,99,47
23733010.0,99,45
23733082.0,98,59
23733096.0,111,48
23733111.0,99,61
23733125.0,109,46
23733131.0,110,45
23733137.0,111,46
23733165.0,99,46
23733169.0,109,54
23733339.0,110,53
23733340.0,101,47
23733345.0,111,49
23733381.0,104,61
23733412.0,70,59
23733451.0,105,64
23733462.0,97,56
23733496.0,99,55
23733557.0,107,50
23733610.0,99,45
23733612.0,98,49
23733665.0,104,49
23733723.0,106,44
23733759.0,98,51
23733776.0,110,45
23733780.0,112,44
23733815.0,109,50
23733880.0,108,48
23733894.0,106,50
23733925.0,101,50
23733935.0,58,53
23733988.0,100,45
23733990.0,98,60
23734011.0,108,49
23734040.0,98,55
23734090.0,111,52
23734139.0,106,58
23734208.0,98,48
23734231.0,109,51
23734286.0,109,46
23734301.0,110,46
23734412.0,98,56
23734414.0,107,49
23734499.0,112,50
23734538.0,109,47
23734539.0,109,46
23734646.0,111,50
23734697.0,108,50
23734726.0,97,54
23734784.0,107,43
23734794.0,111,49
23734858.0,110,45
23734874.0,89,86
23734896.0,108,55
23734988.0,104,46
23734996.0,88,86
23735002.0,99,52
23735102.0,100,50
23735164.0,109,54
23735200.0,99,57
23735227.0,99,54
23735259.0,110,49
23735271.0,99,49
23735324.0,94,83
23735327.0,108,48
23735331.0,97,52
23735334.0,108,47
23735403.0,107,48
23735500.0,111,48
23735537.0,101,72
23735554.0,109,54
23735618.0,110,45
23735631.0,105,45
23735653.0,111,47
23735793.0,105,59
23735795.0,106,43
23735820.0,112,49
23735882.0,100,46
23735887.0,111,47
23735916.0,100,47
23735926.0,109,51
23735948.0,108,48
23735961.0,100,49
23735966.0,108,51
23735970.0,102,48
23736017.0,108,52
23736021.0,110,53
23736029.0,69,56
23736058.0,97,57
23736061.0,98,65
23736168.0,88,87
23736168.0,97,51
23736406.0,110,48
23736445.0,109,45
23736470.0,98,47
23736515.0,109,54
23736575.0,109,43
23736585.0,98,48
23736597.0,111,46
23736609.0,110,44
23736678.0,108,54
23736704.0,107,56
23736817.0,104,60
23736880.0,111,45
23736964.0,106,58
23737020.0,110,50
23737145.0,109,46
23737156.0,111,47
23737260.0,111,48
23737361.0,100,46
23737396.0,97,50
23737440.0,110,49
23737545.0,100,48
23737586.0,111,46
23737614.0,108,46
23737678.0,103,47
23737797.0,103,63
23737810.0,53,58
23737817.0,109,53
23737897.0,97,63
23737952.0,98,45
23738012.0,111,46
23738317.0,105,44
23738337.0,53,58
23738369.0,98,47
23738433.0,101,49
23738467.0,110,52
23738520.0,99,45
23738529.0,96,80
23738536.0,109,45
23738547.0,102,47
23738604.0,98,49
23738607.0,103,46
23738644.0,100,47
23738716.0,97,56
23738886.0,97,49
23738983.0,108,47
23738993.0,98,89
23738999.0,106,57
23739086.0,106,65
23739119.0,97,52
23739259.0,97,48
23739265.0,106,49
23739268.0,111,50
23739280.0,109,50
23739287.0,98,46
23739308.0,105,50
23739338.0,108,54
23739376.0,109,49
23739391.0,106,43
23739409.0,99,49
23739413.0,108,50
23739425.0,109,44
23739468.0,109,43
23739478.0,98,57
23739489.0,108,55
23739499.0,108,45
23739533.0,95,83
23739588.0,106,48
23739601.0,102,47
23739638.0,98,52
23739674.0,108,51
23739716.0,96,89
23739744.0,109,49
23739796.0,110,48
23739799.0,109,53
23739845.0,107,70
23739852.0,107,55
23739928.0,110,47
23740022.0,107,47
23740084.0,102,48
23740101.0,66,63
23740138.0,99,50
23740362.0,109,45
23740431.0,107,48
23740440.0,103,49
23740463.0,108,71
23740494.0,109,47
23740526.0,109,70
23740585.0,97,54
23740597.0,111,48
23740621.0,97,47
23740648.0,96,52
23740715.0,97,57
23740725.0,96,55
23740832.0,99,46
23740930.0,107,51
23740952.0,97,51
23741050.0,108,46
23741101.0,111,49
23741197.0,101,49
23741339.0,99,47
23741340.0,97,48
23741370.0,101,48
23741372.0,110,46
23741377.0,110,48
23741384.0,110,45
23741398.0,109,45
23741455.0,109,48
23741561.0,99,47
23741572.0,96,51
23741645.0,100,58
23741941.0,107,47
23741950.0,106,49
23741973.0,110,49
23742022.0,97,47
23742025.0,97,49
23742047.0,104,68
23742054.0,107,52
23742087.0,97,46
23742099.0,62,93
23742108.0,96,53
23742160.0,100,49
23742270.0,96,56
23742278.0,107,46
23742425.0,106,56
23742454.0,106,52
23742487.0,109,52
23742528.0,106,48
23742529.0,108,44
23742612.0,96,50
23742615.0,99,48
23742644.0,99,47
23742669.0,103,63
23742778.0,105,58
23742874.0,103,63
23742907.0,97,50
23742947.0,107,47
23742982.0,104,59
23742982.0,105,64
23743061.0,98,45
23743067.0,108,53
23743074.0,100,50
23743250.0,99,49
23743257.0,97,53
23743260.0,101,47
23743266.0,102,73
23743288.0,107,55
23743345.0,109,48
23743360.0,108,45
23743407.0,109,47
23743427.0,109,49
23743479.0,103,67
23743490.0,55,54
23743643.0,104,43
23743653.0,98,45
23743659.0,98,46
23743688.0,104,64
23743888.0,96,57
23743911.0,107,45
23743946.0,105,50
23743962.0,108,49
23744107.0,96,51
23744132.0,102,46
23744262.0,96,49
23744352.0,86,86
23744477.0,110,50
23744524.0,106,47
23744531.0,96,50
23744587.0,107,46
23744630.0,103,63
23744650.0,56,53
23744678.0,107,54
23744735.0,96,48
23744743.0,56,54
23744759.0,109,48
23744784.0,106,56
23744825.0,104,63
23744870.0,98,47
23744916.0,99,50
23744932.0,100,48
23745022.0,97,59
23745023.0,55,54
23745043.0,96,47
23745062.0,98,49
23745114.0,106,56
23745134.0,98,46
23745161.0,106,55
23745180.0,98,70
23745193.0,109,45
23745210.0,96,52
23745217.0,109,46
23745219.0,108,45
23745323.0,110,49
23745328.0,105,48
23745334.0,103,60
23745335.0,103,47
23745344.0,109,51
23745368.0,99,51
23745376.0,102,45
23745397.0,100,49
23745420.0,95,55
23745501.0,96,48
23745513.0,106,48
23745643.0,110,48
23745781.0,106,46
23745787.0,105,57
23745865.0,107,54
23745965.0,96,54
23745995.0,108,49
23746019.0,98,49
23746054.0,98,50
23746085.0,108,53
23746114.0,106,51
23746257.0,54,53
23746276.0,95,56
23746342.0,95,53
23746414.0,109,52
23746444.0,98,50
23746464.0,106,56
23746466.0,108,48
23746532.0,101,47
23746546.0,96,47
23746560.0,108,53
23746577.0,103,44
23746579.0,109,45
23746588.0,107,45
23746595.0,107,53
23746699.0,99,49
23746710.0,108,52
23746747.0,104,42
23746790.0,96,46
23746803.0,106,47
23746822.0,105,48
23746829.0,108,48
23746889.0,98,48
23746893.0,103,45
23747087.0,105,58
23747151.0,38,92
23747175.0,109,51
23747184.0,95,52
23747209.0,98,47
23747214.0,109,45
23747271.0,106,69
23747377.0,107,44
23747432.0,95,54
23747444.0,106,45
23747460.0,100,59
23747476.0,103,43
23747534.0,100,47
23747551.0,102,44
23747582.0,109,50
23747587.0,39,87
23747668.0,105,44
23747680.0,100,48
23747851.0,108,47
23747887.0,107,45
23747958.0,97,55
23748063.0,99,50
23748068.0,106,54
23748116.0,108,50
23748159.0,95,51
23748164.0,104,49
23748194.0,106,55
23748299.0,105,47
23748423.0,95,55
23748525.0,107,43
23748546.0,107,49
23748548.0,102,45
23748553.0,92,90
23748582.0,97,46
23748600.0,96,53
23748657.0,53,54
23748790.0,99,49
23748819.0,95,50
23748850.0,105,56
23748909.0,100,47
23748973.0,107,53
23749001.0,97,49
23749014.0,101,49
23749021.0,105,51
23749133.0,106,46
23749136.0,108,48
23749199.0,109,49
23749277.0,107,53
23749320.0,97,47
23749322.0,108,46
23749332.0,100,72
23749439.0,95,49
23749481.0,103,45
23749486.0,102,44
23749506.0,100,46
23749522.0,106,50
23749527.0,95,46
23749767.0,105,48
23749800.0,107,44
23749805.0,95,48
23749849.0,108,52
23749909.0,96,56
23749927.0,100,64
23749968.0,107,52
23749978.0,108,45
23750090.0,69,66
23750113.0,91,82
23750119.0,98,50
23750124.0,106,42
23750187.0,55,67
23750239.0,105,57
23750266.0,106,44
23750295.0,95,47
23750299.0,107,49
23750365.0,101,45
23750392.0,106,45
23750477.0,103,50
23750530.0,101,73
23750539.0,104,59
23750564.0,99,48
23750600.0,102,73
23750631.0,104,49
23750659.0,103,60
23750687.0,104,48
23750698.0,108,51
23750726.0,109,48
23750732.0,107,46
23750763.0,95,46
23750787.0,105,42
23750861.0,96,65
23750928.0,105,56
23750974.0,99,71
23751029.0,106,43
23751035.0,107,53
23751038.0,102,43
23751102.0,95,56
23751110.0,103,45
23751117.0,97,48
23751118.0,97,50
23751127.0,71,58
23751175.0,109,50
23751176.0,95,50
23751354.0,98,49
23751432.0,108,47
23751496.0,105,45
23751500.0,109,50
23751504.0,97,56
23751564.0,102,62
23751688.0,105,46
23751723.0,106,54
23751784.0,105,55
23751804.0,101,44
23751970.0,105,47
23751975.0,102,63
23751986.0,108,50
23752036.0,104,57
23752048.0,96,46
23752165.0,94,53
23752195.0,97,49
23752242.0,97,48
23752267.0,104,44
23752383.0,107,52
23752401.0,106,44
23752428.0,99,47
23752456.0,104,58
23752464.0,100,46
23752475.0,103,64
23752576.0,96,62
23752580.0,102,45
23752717.0,107,47
23752734.0,95,52
23752833.0,95,51
23752888.0,105,55
23752896.0,94,51
23752936.0,104,59
23752937.0,98,50
23752949.0,103,59
23752966.0,100,45
23752995.0,104,47
23753110.0,94,54
23753131.0,107,46
23753164.0,106,53
23753189.0,98,49
23753227.0,100,68
23753272.0,95,54
23753304.0,94,47
23753353.0,105,44
23753396.0,95,53
23753414.0,104,48
23753439.0,94,50
23753462.0,101,47
23753519.0,97,51
23753557.0,94,55
23753903.0,106,45
23753932.0,107,45
23754044.0,96,47
23754068.0,105,50
23754095.0,107,47
23754125.0,94,56
23754138.0,106,43
23754181.0,94,49
23754192.0,94,47
23754201.0,105,46
23754278.0,95,46
23754295.0,105,54
23754356.0,97,50
23754358.0,101,43
23754372.0,103,46
23754398.0,95,57
23754410.0,106,48
23754434.0,107,48
23754455.0,94,48
23754476.0,105,42
23754483.0,94,51
23754505.0,104,74
23754535.0,104,43
23754595.0,94,46
23754655.0,99,59
23754690.0,104,46
23754691.0,106,44
23754705.0,94,53
23754726.0,104,51
23754794.0,103,48
23754899.0,102,50
23754937.0,111,85
23754972.0,94,57
23754983.0,107,47
23754999.0,103,74
23755003.0,104,66
23755069.0,108,48
23755078.0,108,47
23755111.0,94,50
23755201.0,108,50
23755230.0,94,52
23755249.0,105,45
23755276.0,107,51
23755291.0,106,49
23755335.0,104,47
23755353.0,107,45
23755375.0,102,62
23755380.0,96,48
23755546.0,96,50
23755566.0,108,47
23755725.0,108,50
23755792.0,96,51
23755796.0,98,47
23755801.0,104,57
23755843.0,96,49
23755851.0,96,52
23755872.0,95,58
23755890.0,104,64
23755913.0,105,50
23755920.0,94,49
23755933.0,105,43
23756044.0,98,58
23756219.0,104,45
23756268.0,104,67
23756308.0,107,44
23756506.0,103,68
23756553.0,105,44
23756593.0,97,49
23756604.0,98,56
23756764.0,106,47
23756883.0,98,49
23756897.0,94,56
23756903.0,100,44
23756930.0,97,50
23756968.0,107,50
23757020.0,106,48
23757114.0,103,58
23757120.0,104,56
23757153.0,101,43
23757161.0,106,50
23757221.0,101,46
23757243.0,101,42
23757245.0,106,44
23757383.0,96,58
23757479.0,105,49
23757496.0,104,44
23757499.0,94,46
23757513.0,95,46
23757518.0,105,57
23757543.0,97,59
23757610.0,96,59
23757623.0,95,59
23757686.0,106,46
23757706.0,104,55
23757751.0,105,54
23757755.0,104,51
23757758.0,99,46
23757820.0,104,45
23757830.0,95,47
23757861.0,104,46
23757892.0,93,48
23757903.0,103,52
23758055.0,93,52
23758065.0,94,52
23758147.0,106,47
23758148.0,99,72
23758193.0,93,47
23758197.0,95,48
23758252.0,106,45
23758280.0,93,49
23758319.0,103,51
23758391.0,97,48
23758417.0,93,51
23758453.0,103,46
23758511.0,102,50
23758521.0,100,46
23758587.0,96,55
23758604.0,96,51
23758610.0,95,56
23758652.0,97,49
23758671.0,93,48
23758686.0,42,97
23758690.0,96,52
23758767.0,98,46
23758816.0,94,58
23758819.0,107,47
23758827.0,103,46
23758869.0,104,43
23758980.0,103,57
23758998.0,105,48
23759050.0,103,42
23759085.0,93,50
23759098.0,105,49
23759101.0,101,50
23759127.0,99,49
23759147.0,96,50
23759217.0,97,48
23759220.0,106,51
23759246.0,103,45
23759264.0,105,53
23759376.0,104,50
23759484.0,93,53
23759500.0,107,48
23759506.0,105,69
23759530.0,93,54
23759561.0,93,55
23759569.0,65,55
23759668.0,93,49
23759750.0,95,50
23759832.0,104,50
23759833.0,102,59
23759857.0,104,54
23759906.0,104,55
23760016.0,101,73
23760037.0,105,52
23760071.0,104,44
23760198.0,93,48
23760234.0,100,43
23760314.0,103,52
23760336.0,105,47
23760376.0,100,49
23760416.0,97,47
23760491.0,102,47
23760523.0,108,72
23760529.0,93,51
23760546.0,103,56
23760556.0,94,47
23760580.0,95,49
23760663.0,95,50
23760677.0,93,56
23760730.0,106,50
23760736.0,99,44
23760754.0,104,42
23760775.0,103,58
23760792.0,101,42
23760846.0,107,70
23760879.0,95,55
23760885.0,101,74
23760953.0,99,43
23761031.0,92,47
23761035.0,95,51
23761044.0,95,50
23761045.0,105,44
23761117.0,98,45
23761127.0,93,52
23761331.0,104,49
23761428.0,99,49
23761447.0,93,49
23761540.0,105,48
23761626.0,101,43
23761666.0,107,72
23761731.0,95,50
23761766.0,92,47
23761789.0,103,57
23761829.0,96,50
23761860.0,102,64
23761867.0,103,50
23761923.0,107,72
23761998.0,92,48
23762057.0,93,50
23762085.0,103,42
23762193.0,103,50
23762212.0,105,47
23762288.0,102,49
23762311.0,105,46
23762326.0,92,50
23762376.0,92,49
23762477.0,93,57
23762567.0,105,45
23762582.0,106,74
23762593.0,107,74
23762625.0,96,49
23762641.0,100,44
23762661.0,104,49
23762691.0,98,44
23762694.0,94,55
23762740.0,92,51
23762813.0,92,48
23762823.0,104,53
23762849.0,94,48
23762853.0,95,52
23762916.0,104,54
23762940.0,92,53
23762941.0,98,49
23762954.0,102,65
23762979.0,100,44
23762995.0,92,49
23763006.0,88,83
23763063.0,104,48
23763149.0,106,49
23763155.0,102,46
23763237.0,92,54
23763256.0,103,43
23763281.0,102,63
23763306.0,94,48
23763330.0,101,43
23763348.0,96,48
23763371.0,105,51
23763409.0,101,49
23763474.0,102,48
23763478.0,101,50
23763504.0,102,51
23763512.0,94,57
23763551.0,103,56
23763556.0,93,47
23763625.0,102,46
23763682.0,106,47
23763833.0,102,45
23763903.0,94,56
23763923.0,106,48
23763925.0,95,51
23763953.0,101,49
23763963.0,37,98
23764059.0,103,69
23764089.0,101,48
23764130.0,94,49
23764158.0,94,50
23764180.0,102,58
23764221.0,104,49
23764238.0,95,50
23764239.0,92,55
23764268.0,99,43
23764309.0,104,47
23764315.0,92,51
23764325.0,100,50
23764339.0,96,67
23764449.0,102,47
23764450.0,94,50
23764534.0,104,47
23764541.0,103,55
23764594.0,98,47
23764644.0,101,42
23764673.0,103,44
23764681.0,97,46
23764724.0,97,45
23764779.0,99,45
23764792.0,96,47
23764812.0,103,54
23764846.0,104,46
23764886.0,104,48
23764906.0,98,47
23764929.0,92,50
23765006.0,92,52
23765109.0,101,62
23765253.0,102,44
23765324.0,94,52
23765338.0,101,63
23765340.0,95,78
23765378.0,93,48
23765400.0,102,64
23765447.0,92,54
23765454.0,93,54
23765517.0,103,63
23765535.0,93,53
23765615.0,94,51
23765626.0,91,48
23765627.0,92,56
23765643.0,93,78
23765662.0,95,66
23765752.0,101,63
23765844.0,96,60
23765854.0,98,43
23765878.0,98,59
23765892.0,102,43
23765920.0,94,59
23765928.0,92,55
23765928.0,103,66
23765939.0,94,50
23765972.0,91,47
23766001.0,92,52
23766011.0,91,49
23766013.0,105,50
23766017.0,95,76
23766246.0,99,71
23766310.0,104,44
23766370.0,92,51
23766371.0,95,49
23766372.0,95,46
23766412.0,55,50
23766420.0,92,53
23766453.0,93,56
23766474.0,92,47
23766505.0,92,57
23766520.0,102,67
23766573.0,107,76
23766576.0,101,75
23766578.0,96,48
23766579.0,102,45
23766608.0,101,46
23766634.0,95,50
23766658.0,97,44
23766665.0,93,48
23766680.0,96,46
23766689.0,103,65
23766705.0,93,47
23766715.0,91,47
23766727.0,66,48
23766739.0,99,69
23766751.0,102,49
23766822.0,93,58
23766926.0,91,49
23766954.0,86,89
23767015.0,104,45
23767058.0,93,49
23767092.0,91,50
23767114.0,66,48
23767128.0,105,51
23767139.0,102,42
23767301.0,102,57
23767313.0,101,45
23767373.0,102,51
23767378.0,93,59
23767418.0,104,45
23767433.0,97,43
23767475.0,99,68
23767515.0,101,59
23767639.0,69,49
23767654.0,97,49
23767668.0,102,68
23767696.0,100,71
23767730.0,101,51
23767826.0,105,49
23767842.0,107,73
23767846.0,93,49
23767897.0,95,48
23767916.0,61,49
23767926.0,103,53
23767939.0,91,48
23767969.0,100,50
23768072.0,95,49
23768073.0,102,44
23768118.0,100,48
23768166.0,103,44
23768179.0,104,51
23768228.0,93,55
23768272.0,95,51
23768319.0,91,51
23768353.0,98,45
23768478.0,102,56
23768502.0,101,61
23768505.0,101,52
23768521.0,105,47
23768533.0,95,47
23768550.0,91,47
23768567.0,105,48
23768591.0,94,52
23768597.0,97,43
23768600.0,100,47
23768690.0,91,52
23768734.0,93,50
23768741.0,62,125
23768848.0,102,57
23768959.0,94,50
23769044.0,95,47
23769101.0,91,50
23769124.0,90,48
23769227.0,91,53
23769265.0,101,45
23769313.0,56,58
23769339.0,83,99
23769568.0,101,43
23769569.0,94,51
23769615.0,103,45
23769635.0,92,48
23769681.0,90,49
23769695.0,104,53
23769770.0,91,55
23770147.0,93,51
23770486.0,93,51
23770487.0,90,49
23770490.0,103,52
23770502.0,90,48
23770503.0,91,52
23770566.0,91,51
23770569.0,102,55
23770569.0,92,55
23770602.0,93,52
23770667.0,72,54
23770752.0,94,61
23770844.0,95,61
23770868.0,102,50
23770899.0,93,52
23770986.0,91,56
23771017.0,98,50
23771040.0,90,50
23771125.0,91,48
23771136.0,96,59
23771225.0,101,46
23771278.0,104,49
23771289.0,101,44
23771320.0,103,47
23771384.0,100,47
23771437.0,94,51
23771463.0,98,51
23771467.0,96,82
23771476.0,100,64
23771618.0,93,53
23771662.0,101,47
23771668.0,91,53
23771679.0,104,47
23771716.0,92,49
23771774.0,104,62
23772009.0,83,107
23772015.0,92,57
23772052.0,95,45
23772139.0,54,54
23772193.0,101,59
23772233.0,102,44
23772290.0,95,52
23772291.0,102,56
23772305.0,92,56
23772324.0,101,63
23772365.0,94,48
23772390.0,90,51
23772404.0,56,52
23772405.0,100,63
23772492.0,91,54
23772505.0,90,50
23772517.0,104,48
23772553.0,102,48
23772578.0,95,63
23772638.0,102,47
23772783.0,101,65
23772790.0,92,51
23772800.0,91,48
23772857.0,103,51
23772892.0,89,49
23772917.0,90,52
23772963.0,93,51
23773021.0,99,48
23773037.0,102,49
23773080.0,89,48
23773147.0,92,50
23773204.0,104,70
23773207.0,97,73
23773230.0,97,55
23773279.0,100,43
23773333.0,91,57
23773340.0,95,44
23773365.0,96,48
23773500.0,89,48
23773537.0,94,47
23773571.0,99,47
23773656.0,102,54
23773690.0,95,47
23773872.0,101,49
23773999.0,99,48
23774064.0,101,66
23774202.0,101,64
23774221.0,95,43
23774222.0,101,52
23774242.0,101,57
23774249.0,95,46
23774332.0,90,53
23774338.0,89,49
23774343.0,101,51
23774402.0,91,49
23774432.0,96,50
23774441.0,97,49
23774468.0,102,47
23774514.0,90,51
23774550.0,103,50
23774567.0,90,55
23774581.0,94,46
23774608.0,99,50
23774659.0,90,52
23774671.0,92,51
23774681.0,98,80
23774769.0,92,58
23774794.0,89,50
23774831.0,92,52
23774838.0,96,49
23774842.0,96,47
23774860.0,103,50
23774888.0,89,49
23774917.0,101,58
23774926.0,93,53
23775106.0,99,47
23775169.0,90,48
23775332.0,101,55
23775369.0,103,55
23775372.0,93,50
23775397.0,91,49
23775397.0,100,60
23775402.0,95,77
23775461.0,101,56
23775471.0,91,56
23775642.0,101,47
23775681.0,96,47
23775987.0,90,54
23776010.0,92,59
23776153.0,89,50
23776169.0,100,44
23776196.0,91,58
23776269.0,103,49
23776295.0,91,87
23776349.0,87,88
23776371.0,93,48
23776383.0,88,49
23776441.0,98,48
23776449.0,90,56
23776468.0,87,48
23776486.0,101,57
23776534.0,93,60
23776617.0,89,48
23776641.0,91,87
23776700.0,100,62
23776753.0,91,50
23776833.0,101,44
23776868.0,103,47
23776890.0,87,48
23776920.0,96,48
23776924.0,94,44
23776943.0,102,51
23776951.0,100,50
23776984.0,100,51
23777042.0,90,53
23777101.0,96,43
23777144.0,101,65
23777194.0,90,55
23777198.0,93,59
23777267.0,88,86
23777294.0,103,48
23777335.0,102,74
23777337.0,89,51
23777408.0,91,51
23777426.0,88,49
23777435.0,95,49
23777512.0,100,64
23777609.0,88,50
23777683.0,92,51
23777721.0,101,51
23777731.0,101,56
23777747.0,99,51
23777768.0,62,50
23777800.0,63,50
23777824.0,94,64
23777861.0,90,49
23777901.0,87,48
23777910.0,92,52
23777956.0,101,47
23777958.0,101,67
23778068.0,100,50
23778101.0,101,53
23778179.0,83,102
23778256.0,90,49
23778367.0,93,46
23778395.0,101,54
23778424.0,88,50
23778444.0,101,46
23778513.0,89,49
23778532.0,101,55
23778573.0,99,52
23778605.0,91,51
23778749.0,91,52
23778755.0,100,49
23778765.0,99,52
23778799.0,72,61
23778811.0,98,46
23778824.0,101,66
23778834.0,93,51
23778840.0,89,55
23778869.0,94,43
23778877.0,92,60
23778948.0,101,55
23778948.0,89,53
23778993.0,93,58
23779011.0,89,54
23779048.0,93,64
23779056.0,97,43
23779060.0,94,59
23779068.0,96,43
23779069.0,99,44
23779086.0,100,74
23779099.0,90,49
23779128.0,100,49
23779261.0,101,68
23779346.0,95,43
23779355.0,100,44
23779373.0,98,45
23779425.0,102,50
23779457.0,96,44
23779472.0,93,47
23779504.0,92,50
23779525.0,100,47
23779532.0,93,52
23779541.0,92,49
23779563.0,98,43
23779584.0,89,52
23779603.0,101,45
23779647.0,99,50
23779805.0,93,45
23779828.0,90,56
23779832.0,83,103
23779874.0,98,43
23779890.0,102,49
23779925.0,94,60
23779971.0,89,84
23780001.0,93,44
23780004.0,90,50
23780036.0,88,51
23780054.0,97,49
23780088.0,47,99
23780113.0,91,52
23780159.0,90,57
23780183.0,92,48
23780255.0,94,44
23780257.0,89,49
23780264.0,88,50
23780268.0,89,53
23780403.0,96,49
23780471.0,93,49
23780491.0,97,48
23780535.0,90,50
23780579.0,92,51
23780627.0,98,45
23780668.0,95,44
23780707.0,89,55
23780720.0,91,52
23780725.0,89,56
23780763.0,87,49
23780781.0,95,49
23780874.0,89,54
23780950.0,100,57
23781012.0,94,50
23781019.0,99,73
23781054.0,83,97
23781136.0,91,56
23781179.0,102,48
23781188.0,90,58
23781199.0,92,46
23781241.0,92,52
23781250.0,100,56
23781258.0,88,83
23781284.0,91,48
23781322.0,98,46
23781475.0,91,57
23781493.0,87,50
23781528.0,90,55
23781600.0,93,44
23781614.0,101,47
23781644.0,97,49
23781674.0,90,51
23781748.0,88,49
23781753.0,94,48
23781767.0,56,62
23781795.0,88,52
23781797.0,91,53
23781805.0,98,73
23781967.0,91,48
23781994.0,94,49
23781999.0,100,55
23782015.0,96,43
23782022.0,94,48
23782056.0,97,43
23782112.0,100,47
23782206.0,99,59
23782250.0,92,58
23782277.0,98,51
23782302.0,89,57
23782319.0,91,51
23782397.0,87,50
23782430.0,92,49
23782491.0,94,43
23782501.0,88,53
23782521.0,98,44
23782524.0,94,47
23782595.0,99,44
23782660.0,97,46
23782684.0,89,50
23782686.0,88,51
23782719.0,92,45
23782728.0,100,45
23782760.0,98,52
23782776.0,91,59
23782826.0,95,44
23782875.0,94,44
23782918.0,99,44
23782970.0,91,52
23782998.0,87,51
23783089.0,88,49
23783106.0,56,53
23783108.0,97,44
23783130.0,91,53
23783238.0,90,52
23783241.0,93,44
23783264.0,91,49
23783324.0,91,54
23783397.0,92,44
23783429.0,98,88
23783444.0,94,49
23783461.0,89,55
23783463.0,93,65
23783467.0,100,54
23783490.0,107,71
23783503.0,100,53
23783555.0,91,51
23783567.0,99,47
23783579.0,100,52
23783661.0,90,52
23783696.0,94,64
23783711.0,95,50
23783726.0,88,54
23783730.0,106,71
23783738.0,88,49
23783761.0,100,47
23783764.0,91,50
23783796.0,92,51
23783805.0,96,49
23783808.0,100,64
23783817.0,91,58
23783838.0,94,63
23783851.0,99,44
23783902.0,94,50
23783922.0,95,64
23783969.0,87,51
23784013.0,88,52
23784322.0,101,50
23784323.0,99,44
23784333.0,101,47
23784336.0,97,48
23784407.0,91,49
23784448.0,90,57
23784470.0,95,43
23784472.0,97,44
23784488.0,86,50
23784517.0,101,49
23784528.0,88,55
23784543.0,98,49
23784547.0,99,46
23784573.0,88,50
23784579.0,87,52
23784620.0,92,59
23784660.0,90,56
23784663.0,89,55
23784765.0,87,49
23784766.0,89,56
23784794.0,92,44
23784924.0,101,46
23784953.0,100,55
23784964.0,98,49
23785004.0,90,53
23785028.0,93,49
23785070.0,100,73
23785129.0,93,48
23785311.0,96,43
23785405.0,97,44
23785407.0,93,50
23785448.0,99,61
23785465.0,96,46
23785479.0,92,47
23785502.0,86,50
23785507.0,88,54
23785562.0,91,54
23785570.0,94,47
23785595.0,87,52
23785613.0,99,47
23785660.0,89,58
23785707.0,99,45
23785738.0,89,51
23785789.0,94,61
23785798.0,88,50
23785806.0,99,44
23785821.0,94,44
23785872.0,96,44
23785919.0,99,55
23785979.0,91,60
23786001.0,86,51
23786008.0,89,51
23786027.0,91,45
23786039.0,88,53
23786040.0,98,44
23786049.0,58,51
23786111.0,96,45
23786224.0,100,51
23786277.0,93,44
23786318.0,90,59
23786450.0,99,44
23786451.0,99,63
23786489.0,93,46
23786557.0,93,47
23786589.0,87,50
23786617.0,99,54
23786628.0,93,44
23786695.0,99,44
23786729.0,91,46
23786815.0,93,46
23786824.0,93,45
23786848.0,86,51
23786855.0,100,52
23786870.0,96,77
23786877.0,90,60
23786915.0,93,47
23786919.0,88,55
23787054.0,98,46
23787082.0,95,65
23787143.0,97,46
23787196.0,99,47
23787293.0,88,56
23787316.0,100,65
23787326.0,96,46
23787343.0,67,47
23787391.0,91,44
23787443.0,83,99
23787467.0,92,61
23787544.0,87,50
23787563.0,89,52
23787568.0,88,51
23787580.0,96,45
23787606.0,97,52
23787643.0,93,44
23787655.0,92,48
23787749.0,99,58
23787757.0,97,51
23787757.0,97,47
23787759.0,86,52
23787782.0,91,48
23787812.0,94,43
23787819.0,99,56
23787820.0,93,44
23787854.0,87,53
23787874.0,90,52
23787879.0,99,53
23787922.0,92,48
23787987.0,90,47
23787992.0,98,45
23788020.0,90,49
23788034.0,99,54
23788100.0,88,56
23788191.0,90,50
23788429.0,88,54
23788452.0,95,51
23788469.0,100,47
23788499.0,90,48
23788507.0,96,48
23788520.0,90,51
23788529.0,88,57
23788534.0,86,50
23788572.0,99,50
23788680.0,87,53
23788686.0,93,49
23788694.0,94,49
23788726.0,95,50
23788738.0,91,50
23788789.0,93,51
23788806.0,95,46
23788815.0,93,45
23788822.0,95,48
23788843.0,99,46
23788851.0,90,45
23788857.0,89,56
23788895.0,91,61
23788900.0,96,44
23788941.0,95,49
23788946.0,85,51
23788978.0,92,44
23789030.0,99,48
23789036.0,97,44
23789067.0,86,52
23789083.0,100,46
23789104.0,90,47
23789115.0,90,46
23789156.0,100,48
23789179.0,99,49
23789180.0,90,48
23789187.0,93,46
23789199.0,93,60
23789212.0,93,44
23789227.0,92,47
23789299.0,96,47
23789302.0,91,44
23789313.0,96,46
23789313.0,97,52
23789322.0,92,49
23789323.0,93,62
23789333.0,89,53
23789344.0,88,52
23789349.0,98,62
23789387.0,95,45
23789425.0,90,53
23789437.0,101,45
23789517.0,95,49
23789533.0,88,51
23789545.0,86,53
23789555.0,93,63
23789599.0,90,45
23789613.0,95,45
23789643.0,99,55
23789688.0,102,44
23789695.0,85,51
23789712.0,95,43
23789746.0,99,57
23789782.0,89,57
23789812.0,93,77
23789815.0,92,64
23789863.0,90,59
23789996.0,87,55
23790017.0,96,45
23790029.0,99,53
23790077.0,92,60
23790103.0,92,51
23790241.0,95,44
23790255.0,101,45
23790284.0,97,51
23790306.0,92,50
23790328.0,97,72
23790554.0,92,52
23790588.0,89,58
23790594.0,85,52
23790599.0,88,58
23790643.0,97,69
23790667.0,92,45
23790676.0,88,52
23790697.0,93,43
23790710.0,95,48
23790721.0,98,49
23790757.0,88,57
23790761.0,90,55
23790769.0,97,63
23790773.0,99,58
23790795.0,87,51
23790804.0,107,74
23790829.0,99,46
23790875.0,86,53
23790894.0,101,45
23790946.0,95,46
23790955.0,97,49
23790982.0,87,54
23791051.0,90,58
23791053.0,88,52
23791062.0,90,44
23791066.0,99,51
23791070.0,98,46
23791156.0,97,47
23791166.0,94,62
23791175.0,106,73
23791201.0,91,52
23791220.0,89,54
23791330.0,98,47
23791352.0,92,65
23791360.0,91,44
23791412.0,87,55
23791436.0,89,60
23791451.0,85,52
23791487.0,96,64
23791522.0,101,45
23791534.0,93,44
23791581.0,86,54
23791662.0,89,53
23791667.0,97,46
23791699.0,94,43
23791727.0,88,52
23791741.0,90,45
23791805.0,87,56
23791882.0,90,52
23791973.0,92,45
23791999.0,89,46
23792015.0,88,56
23792025.0,89,49
23792063.0,94,51
23792080.0,94,49
23792089.0,89,47
23792117.0,86,51
23792128.0,99,49
23792188.0,96,51
23792207.0,89,48
23792209.0,97,49
23792212.0,95,51
23792267.0,95,44
23792393.0,88,53
23792399.0,97,45
23792430.0,107,72
23792450.0,95,45
23792478.0,92,44
23792489.0,96,44
23792521.0,99,50
23792595.0,99,47
23792628.0,96,52
23792637.0,94,47
23792684.0,85,53
23792720.0,89,45
23792779.0,94,44
23792820.0,86,50
23792884.0,99,48
23792895.0,92,49
23792941.0,89,54
23792953.0,91,47
23792974.0,95,61
23793027.0,91,49
23793062.0,84,51
23793075.0,89,51
23793152.0,89,52
23793171.0,91,50
23793194.0,87,52
23793284.0,86,53
23793321.0,91,45
23793361.0,85,53
23793372.0,91,48
23793417.0,89,55
23793624.0,97,47
23793653.0,89,55
23793717.0,87,55
23793736.0,91,46
23793741.0,93,48
23793909.0,86,51
23793939.0,96,45
23793951.0,86,54
23794059.0,84,52
23794062.0,87,56
23794101.0,96,47
23794125.0,86,55
23794205.0,89,55
23794245.0,87,52
23794288.0,98,55
23794326.0,90,60
23794347.0,85,51
23794415.0,94,60
23794427.0,98,53
23794457.0,98,48
23794465.0,87,57
23794500.0,98,56
23794521.0,58,73
23794547.0,99,56
23794576.0,91,51
23794596.0,89,58
23794653.0,90,44
23794775.0,94,47
23794854.0,90,49
23794855.0,91,47
23794937.0,88,54
23794953.0,96,46
23795017.0,98,59
23795040.0,93,44
23795059.0,88,73
23795100.0,90,49
23795109.0,96,48
23795135.0,89,45
23795151.0,95,78
23795155.0,88,46
23795202.0,95,47
23795233.0,96,47
23795253.0,88,58
23795267.0,91,46
23795322.0,88,73
23795331.0,93,44
23795335.0,97,46
23795376.0,98,61
23795431.0,88,57
23795440.0,85,53
23795483.0,97,47
23795488.0,87,53
23795488.0,90,45
23795517.0,84,53
23795578.0,95,44
23795617.0,87,58
23795636.0,88,49
23795638.0,98,57
23795684.0,91,45
23795787.0,91,44
23795818.0,96,47
23795823.0,88,48
23795865.0,88,45
23795896.0,89,60
23795914.0,91,48
23795925.0,88,47
23795939.0,86,52
23796060.0,93,45
23796072.0,88,50
23796084.0,90,47
23796105.0,88,59
23796113.0,88,51
23796144.0,98,47
23796158.0,93,59
23796163.0,89,55
23796175.0,98,49
23796193.0,91,49
23796207.0,89,51
23796257.0,93,46
23796259.0,89,59
23796362.0,84,53
23796382.0,97,48
23796383.0,95,52
23796418.0,89,56
23796553.0,94,45
23796558.0,90,46
23796566.0,93,48
23796620.0,89,53
23796703.0,90,47
23796804.0,93,47
23796903.0,97,53
23797033.0,98,58
23797058.0,99,65
23797086.0,93,62
23797095.0,86,55
23797110.0,85,55
23797112.0,96,47
23797142.0,88,45
23797149.0,93,45
23797180.0,91,44
23797236.0,95,50
23797242.0,98,48
23797261.0,90,49
23797264.0,88,52
23797310.0,88,53
23797328.0,95,45
23797368.0,85,54
23797392.0,91,50
23797421.0,101,68
23797510.0,96,48
23797563.0,86,53
23797582.0,95,51
23797588.0,87,57
23797640.0,58,67
23797645.0,87,54
23797648.0,89,45
23797652.0,88,54
23797658.0,89,50
23797691.0,90,50
23797713.0,92,46
23797791.0,92,48
23797813.0,91,61
23797824.0,92,61
23797832.0,93,46
23797838.0,94,47
23797880.0,88,46
23797888.0,94,64
23797940.0,94,49
23797963.0,83,53
23798044.0,95,47
23798078.0,96,66
23798167.0,86,57
23798208.0,85,52
23798344.0,93,45
23798399.0,90,51
23798437.0,92,44
23798444.0,90,62
23798477.0,94,48
23798501.0,83,86
23798505.0,87,46
23798524.0,96,51
23798531.0,90,46
23798565.0,87,56
23798594.0,93,48
23798605.0,84,53
23798617.0,93,47
23798645.0,98,59
23798663.0,87,48
23798765.0,93,49
23798771.0,84,54
23798774.0,91,62
23798786.0,91,47
23798796.0,94,46
23798837.0,83,53
23798870.0,84,52
23798912.0,97,46
23798946.0,87,47
23799039.0,90,44
23799052.0,85,56
23799064.0,86,53
23799081.0,94,44
23799083.0,97,68
23799123.0,98,44
23799127.0,95,46
23799224.0,88,86
23799243.0,85,55
23799276.0,87,46
23799313.0,96,47
23799323.0,88,53
23799335.0,96,49
23799347.0,100,68
23799350.0,84,54
23799364.0,86,56
23799375.0,98,44
23799377.0,88,56
23799385.0,92,46
23799413.0,89,47
23799452.0,97,46
23799460.0,97,55
23799475.0,88,45
23799483.0,90,45
23799486.0,85,91
23799501.0,96,46
23799509.0,90,50
23799587.0,89,54
23799588.0,94,44
23799603.0,88,54
23799645.0,90,53
23799687.0,89,48
23799718.0,90,47
23799799.0,92,47
23799832.0,89,86
23799895.0,90,44
23799897.0,97,53
23799970.0,84,55
23799972.0,86,57
23800039.0,92,45
23800099.0,97,51
23800118.0,89,46
23800120.0,92,48
23800161.0,91,49
23800163.0,89,47
23800191.0,87,58
23800224.0,89,45
23800232.0,85,56
23800249.0,97,52
23800345.0,99,64
23800356.0,87,55
23800363.0,87,52
23800385.0,92,45
23800417.0,90,50
23800440.0,96,50
23800453.0,93,46
23800583.0,89,49
23800615.0,87,59
23800630.0,94,45
23800643.0,83,54
23800645.0,89,45
23800709.0,91,49
23800809.0,92,49
23800843.0,89,50
23800855.0,90,51
23800875.0,89,61
23800977.0,84,55
23800979.0,88,51
23800982.0,97,48
23801053.0,97,54
23801065.0,94,46
23801173.0,97,47
23801236.0,92,50
23801241.0,94,47
23801256.0,94,46
23801258.0,90,61
23801269.0,91,52
23801300.0,98,46
23801341.0,86,54
23801349.0,88,58
23801357.0,90,45
23801358.0,91,51
23801371.0,92,46
23801390.0,92,66
23801442.0,90,46
23801445.0,90,49
23801450.0,95,47
23801469.0,87,51
23801530.0,88,49
23801534.0,85,53
23801619.0,88,46
23801637.0,98,46
23801677.0,95,50
23801771.0,86,46
23801824.0,92,45
23801841.0,97,49
23801960.0,86,58
23801979.0,87,51
23802016.0,92,47
23802029.0,92,48
23802034.0,97,50
23802061.0,83,54
23802063.0,87,55
23802115.0,95,49
23802151.0,97,55
23802187.0,95,51
23802188.0,94,52
23802205.0,91,44
23802207.0,89,45
23802227.0,86,46
23802249.0,84,55
23802271.0,94,48
23802274.0,87,55
23802282.0,86,48
23802291.0,86,49
23802333.0,88,45
23802340.0,94,46
23802380.0,88,59
23802405.0,90,52
23802433.0,84,53
23802497.0,97,57
23802529.0,92,49
23802581.0,92,52
23802595.0,88,57
23802630.0,88,47
23802636.0,89,51
23802666.0,85,57
23802725.0,91,45
23802758.0,89,48
23802795.0,96,53
23802808.0,88,56
23802837.0,93,44
23802935.0,83,55
23802938.0,89,45
23802983.0,89,46
23803031.0,87,56
23803036.0,82,54
23803099.0,88,47
23803129.0,94,51
23803130.0,91,46
23803136.0,94,49
23803146.0,91,65
23803161.0,89,44
23803162.0,86,51
23803179.0,89,52
23803236.0,69,47
23803239.0,92,50
23803250.0,92,53
23803276.0,84,56
23803279.0,86,59
23803294.0,88,48
23803334.0,93,48
23803367.0,86,55
23803377.0,94,50
23803379.0,89,49
23803382.0,89,47
23803409.0,88,60
23803414.0,91,45
23803420.0,89,60
23803426.0,99,66
23803448.0,83,53
23803464.0,85,56
23803470.0,92,45
23803505.0,90,48
23803528.0,87,58
23803569.0,87,54
23803574.0,91,47
23803580.0,87,53
23803584.0,86,46
23803609.0,88,47
23803645.0,82,54
23803725.0,84,53
23803756.0,83,55
23803784.0,95,47
23803786.0,85,57
23803802.0,88,47
23803882.0,90,44
23803887.0,69,47
23803938.0,92,46
23803965.0,87,46
23803990.0,96,47
23804037.0,86,47
23804100.0,97,58
23804123.0,85,58
23804154.0,93,45
23804181.0,91,45
23804252.0,93,46
23804327.0,91,48
23804348.0,94,52
23804356.0,86,52
23804386.0,85,54
23804387.0,84,53
23804401.0,88,49
23804406.0,96,52
23804411.0,85,48
23804468.0,98,64
23804474.0,87,60
23804519.0,87,50
23804526.0,86,50
23804718.0,69,49
23804734.0,87,59
23804833.0,90,62
23804836.0,90,60
23804854.0,92,47
23804895.0,97,75
23804908.0,94,78
23804962.0,88,45
23804966.0,87,52
23804971.0,85,47
23804973.0,94,51
23804990.0,83,55
23805068.0,83,53
23805108.0,89,51
23805122.0,84,56
23805124.0,88,50
23805145.0,91,49
23805158.0,86,58
23805191.0,96,51
23805195.0,89,59
23805213.0,96,53
23805278.0,94,49
23805315.0,88,52
23805320.0,91,46
23805357.0,94,47
23805377.0,96,54
23805398.0,90,45
23805409.0,91,50
23805437.0,94,50
23805449.0,88,61
23805513.0,91,48
23805526.0,85,48
23805532.0,91,47
23805564.0,85,47
23805571.0,93,60
23805574.0,94,48
23805607.0,95,48
23805638.0,87,47
23805659.0,88,48
23805663.0,91,49
23805677.0,96,50
23805704.0,86,46
23805769.0,93,48
23805800.0,86,59
23805811.0,84,57
23805820.0,85,58
23805833.0,96,49
23805841.0,96,48
23805846.0,89,48
23805884.0,90,46
23805910.0,91,45
23805911.0,85,57
23805912.0,93,47
23805968.0,83,56
23805993.0,87,47
23806040.0,82,55
23806058.0,91,66
23806085.0,88,51
23806130.0,94,51
23806145.0,88,47
23806161.0,86,53
23806188.0,92,45
23806188.0,84,54
23806246.0,85,49
23806270.0,94,49
23806330.0,92,48
23806355.0,86,51
23806359.0,87,55
23806366.0,91,48
23806374.0,97,65
23806376.0,93,47
23806401.0,90,51
23806489.0,87,54
23806579.0,88,49
23806580.0,87,48
23806583.0,89,52
23806610.0,86,52
23806646.0,88,62
23806654.0,85,50
23806762.0,83,56
23806805.0,90,47
23806876.0,84,57
23806882.0,87,49
23806919.0,87,47
23806931.0,89,49
23806945.0,89,47
23807014.0,86,57
23807069.0,88,48
23807092.0,83,54
23807099.0,94,47
23807140.0,87,57
23807160.0,85,47
23807197.0,87,59
23807218.0,86,56
23807227.0,54,56
23807230.0,87,47
23807303.0,88,52
23807309.0,91,49
23807317.0,85,58
23807335.0,88,46
23807337.0,85,55
23807479.0,84,54
23807504.0,92,49
23807515.0,88,57
23807569.0,87,56
23807578.0,90,46
23807600.0,94,50
23807627.0,85,51
23807639.0,91,50
23807658.0,93,50
23807660.0,93,51
23807672.0,92,51
23807735.0,85,59
23807782.0,84,54
23807833.0,97,60
23807855.0,89,50
23807941.0,90,45
23807957.0,96,56
23807995.0,93,49
23808016.0,95,47
23808017.0,93,65
23808040.0,83,54
23808045.0,88,45
23808087.0,86,54
23808105.0,88,54
23808118.0,94,65
23808146.0,88,49
23808184.0,82,56
23808206.0,86,47
23808214.0,82,54
23808332.0,91,47
23808391.0,90,47
23808408.0,93,63
23808410.0,89,45
23808421.0,81,55
23808438.0,93,49
23808451.0,86,60
23808452.0,93,52
23808570.0,92,47
23808616.0,97,61
23808702.0,92,46
23808768.0,85,52
23808838.0,84,48
23808858.0,87,46
23808907.0,85,48
23808909.0,83,57
23808925.0,83,56
23808930.0,89,44
23808982.0,87,45
23808989.0,43,98
23808994.0,88,59
23809023.0,93,49
23809030.0,92,45
23809043.0,91,45
23809048.0,90,49
23809142.0,97,57
23809159.0,43,97
23809170.0,84,47
23809183.0,93,47
23809215.0,81,55
23809219.0,98,57
23809249.0,92,46
23809314.0,93,49
23809318.0,86,61
23809335.0,87,50
23809336.0,84,49
23809378.0,92,64
23809398.0,87,51
23809400.0,95,48
23809415.0,90,45
23809436.0,86,59
23809445.0,87,48
23809452.0,90,49
23809455.0,84,58
23809458.0,88,51
23809469.0,90,47
23809480.0,82,56
23809502.0,90,50
23809530.0,86,53
23809585.0,89,47
23809627.0,88,60
23809641.0,84,50
23809651.0,87,47
23809696.0,92,48
23809707.0,95,47
23809720.0,89,51
23809737.0,84,55
23809746.0,90,51
23809796.0,85,56
23809801.0,91,62
23809855.0,85,47
23809972.0,86,57
23809973.0,87,57
23810015.0,89,46
23810018.0,81,56
23810103.0,95,47
23810108.0,84,58
23810182.0,87,45
23810185.0,83,57
23810210.0,88,45
23810226.0,84,48
23810229.0,85,59
23810236.0,93,50
23810273.0,85,49
23810277.0,85,53
23810298.0,86,48
23810329.0,96,68
23810372.0,70,56
23810382.0,86,56
23810540.0,86,55
23810570.0,86,49
23810583.0,90,46
23810673.0,86,48
23810720.0,87,52
23810726.0,93,51
23810729.0,96,56
23810749.0,88,50
23810751.0,87,49
23810755.0,93,52
23810778.0,89,48
23810794.0,92,51
23810796.0,88,52
23810823.0,95,47
23810838.0,95,51
23810926.0,85,47
23810986.0,83,55
23811028.0,90,50
23811056.0,95,53
23811063.0,83,57
23811145.0,91,46
23811152.0,89,46
23811226.0,83,97
23811258.0,86,50
23811279.0,81,56
23811321.0,93,48
23811383.0,85,54
23811397.0,82,57
23811423.0,85,58
23811432.0,83,96
23811432.0,87,46
23811454.0,87,54
23811524.0,85,47
23811539.0,85,48
23811563.0,87,61
23811614.0,93,47
23811622.0,96,57
23811626.0,92,49
23811627.0,94,48
23811704.0,83,57
23811741.0,87,47
23811786.0,89,49
23811835.0,91,47
23811837.0,95,49
23811854.0,92,50
23811862.0,83,48
23811912.0,96,57
23811930.0,86,60
23811966.0,87,62
23811998.0,89,47
23812027.0,86,46
23812041.0,83,49
23812072.0,89,49
23812073.0,85,51
23812079.0,88,51
23812177.0,90,45
23812190.0,90,51
23812225.0,88,46
23812233.0,91,45
23812240.0,93,49
23812252.0,83,58
23812268.0,81,55
23812269.0,95,54
23812276.0,89,61
23812278.0,87,60
23812295.0,94,67
23812304.0,85,47
23812322.0,82,55
23812331.0,84,59
23812353.0,41,79
23812428.0,82,57
23812455.0,95,52
23812456.0,95,55
23812466.0,90,49
23812570.0,94,47
23812581.0,83,55
23812593.0,89,45
23812597.0,86,51
23812639.0,96,57
23812646.0,85,53
23812647.0,84,47
23812655.0,83,50
23812677.0,83,48
23812701.0,85,48
23812703.0,90,61
23812735.0,85,47
23812766.0,91,45
23812790.0,92,52
23812802.0,88,45
23812861.0,85,48
23812988.0,81,57
23813055.0,87,48
23813061.0,84,56
23813065.0,91,48
23813089.0,85,59
23813127.0,81,56
23813154.0,86,47
23813188.0,89,46
23813222.0,87,53
23813252.0,87,45
23813258.0,88,61
23813302.0,86,61
23813316.0,88,53
23813323.0,85,57
23813339.0,86,56
23813349.0,80,56
23813413.0,87,50
23813421.0,82,57
23813466.0,91,48
23813529.0,93,51
23813540.0,85,49
23813545.0,87,51
23813572.0,85,54
23813592.0,93,50
23813602.0,84,53
23813623.0,89,48
23813639.0,88,53
23813744.0,84,58
23813758.0,85,49
23813770.0,70,54
23813772.0,84,49
23813809.0,59,49
23813865.0,92,63
23813883.0,94,48
23813933.0,85,55
23813955.0,86,48
23813964.0,88,47
23813998.0,91,48
23814011.0,90,46
23814046.0,90,48
23814051.0,83,51
23814114.0,94,48
23814115.0,89,50
23814119.0,86,49
23814151.0,57,49
23814164.0,86,46
23814165.0,84,48
23814194.0,85,50
23814229.0,92,47
23814308.0,86,45
23814349.0,83,56
23814356.0,65,49
23814381.0,81,57
23814384.0,82,58
23814404.0,84,50
23814406.0,86,52
23814459.0,83,49
23814533.0,85,57
23814555.0,87,45
23814626.0,91,49
23814630.0,89,45
23814640.0,92,48
23814653.0,86,57
23814672.0,81,55
23814722.0,88,47
23814738.0,88,46
23814744.0,88,48
23814755.0,85,49
23814755.0,66,48
23814760.0,87,49
23814819.0,82,49
23814827.0,92,49
23814836.0,86,49
23814853.0,57,49
23814869.0,85,60
23814875.0,55,57
23814946.0,65,49
23814975.0,94,49
23814977.0,84,59
23815085.0,87,46
23815087.0,83,59
23815113.0,91,49
23815208.0,85,46
23815210.0,88,62
23815226.0,85,49
23815258.0,87,45
23815267.0,84,54
23815294.0,83,56
23815294.0,92,52
23815325.0,66,49
23815345.0,83,58
23815384.0,90,47
23815466.0,84,52
23815476.0,86,50
23815483.0,88,52
23815494.0,93,64
23815506.0,94,50
23815512.0,92,50
23815557.0,88,47
23815593.0,82,49
23815611.0,86,55
23815634.0,88,49
23815640.0,92,47
23815643.0,83,48
23815664.0,82,58
23815697.0,83,52
23815716.0,85,47
23815729.0,83,50
23815758.0,89,51
23815777.0,92,53
23815792.0,89,47
23815795.0,80,57
23815833.0,91,49
23815846.0,85,49
23815852.0,84,49
23815857.0,89,49
23815875.0,85,56
23815896.0,56,58
23815913.0,89,50
23815949.0,85,61
23815991.0,81,58
23816061.0,85,51
23816078.0,87,52
23816079.0,85,57
23816084.0,84,60
23816088.0,87,53
23816128.0,86,60
23816153.0,89,51
23816162.0,82,56
23816168.0,87,61
23816175.0,85,49
23816177.0,92,51
23816195.0,88,48
23816232.0,91,49
23816238.0,94,51
23816251.0,67,48
23816307.0,56,58
23816335.0,91,50
23816369.0,92,52
23816373.0,92,50
23816406.0,90,48
23816484.0,83,53
23816505.0,87,47
23816519.0,85,48
23816528.0,85,51
23816540.0,86,53
23816546.0,67,48
23816554.0,85,46
23816567.0,86,48
23816611.0,82,50
23816632.0,93,47
23816764.0,90,52
23816781.0,84,48
23816810.0,90,50
23816883.0,85,58
23816892.0,86,54
23816903.0,92,65
23816907.0,95,65
23817010.0,91,51
23817030.0,83,48
23817074.0,85,47
23817111.0,84,57
23817154.0,81,56
23817174.0,82,49
23817225.0,96,59
23817260.0,85,51
23817275.0,88,49
23817285.0,84,50
23817303.0,83,59
23817311.0,88,48
23817339.0,85,57
23817366.0,84,57
23817369.0,91,51
23817397.0,82,56
23817465.0,86,51
23817505.0,92,49
23817528.0,91,48
23817564.0,85,60
23817615.0,92,66
23817667.0,56,50
23817681.0,94,52
23817709.0,85,51
23817759.0,85,53
23817822.0,86,61
23817847.0,87,48
23817932.0,91,52
23817968.0,84,60
23817977.0,87,46
23818035.0,80,56
23818069.0,90,49
23818143.0,87,47
23818150.0,91,47
23818184.0,85,52
23818200.0,82,52
23818226.0,87,62
23818254.0,90,53
23818254.0,85,49
23818288.0,84,57
23818319.0,82,51
23818328.0,85,55
23818364.0,85,57
23818394.0,89,47
23818405.0,94,54
23818408.0,97,63
23818416.0,85,51
23818458.0,92,48
23818487.0,80,58
23818512.0,86,46
23818515.0,83,57
23818548.0,83,60
23818626.0,84,55
23818630.0,93,48
23818640.0,88,48
23818643.0,82,59
23818655.0,88,63
23818665.0,85,56
23818676.0,84,47
23818710.0,91,64
23818772.0,85,51
23818831.0,83,54
23818843.0,83,49
23818980.0,87,49
23819031.0,89,53
23819062.0,91,65
23819063.0,88,47
23819074.0,84,51
23819080.0,98,65
23819199.0,91,47
23819225.0,87,47
23819233.0,81,50
23819246.0,83,53
23819269.0,85,50
23819449.0,91,48
23819502.0,80,58
23819510.0,87,63
23819514.0,87,48
23819533.0,85,53
23819541.0,92,53
23819614.0,86,52
23819632.0,86,54
23819662.0,85,54
23819668.0,90,50
23819685.0,93,49
23819688.0,85,48
23819729.0,84,58
23819735.0,82,59
23819772.0,91,53
23819793.0,83,57
23819960.0,84,48
23819990.0,84,54
23820007.0,93,49
23820053.0,82,57
23820076.0,81,58
23820160.0,91,50
23820178.0,86,47
23820191.0,82,49
23820215.0,90,64
23820236.0,91,66
23820304.0,87,54
23820319.0,88,46
23820326.0,83,52
23820365.0,84,46
23820406.0,88,52
23820444.0,89,48
23820452.0,81,51
23820477.0,81,59
23820481.0,83,60
23820535.0,81,50
23820602.0,55,52
23820625.0,85,46
23820633.0,86,47
23820712.0,83,50
23820733.0,87,52
23820736.0,88,46
23820768.0,85,50
23820795.0,89,64
23820806.0,91,49
23820835.0,82,53
23820848.0,55,53
23820869.0,88,51
23820929.0,81,57
23820936.0,86,48
23820941.0,90,50
23820968.0,91,50
23820990.0,88,50
23821032.0,54,54
23821046.0,55,52
23821059.0,90,63
23821063.0,84,56
23821182.0,82,57
23821191.0,85,53
23821198.0,90,51
23821215.0,91,52
23821232.0,93,50
23821243.0,84,61
23821246.0,84,58
23821279.0,85,57
23821297.0,81,59
23821313.0,84,52
23821346.0,87,50
23821379.0,92,47
23821388.0,84,47
23821420.0,85,51
23821434.0,83,55
23821481.0,90,50
23821490.0,88,49
23821502.0,82,51
23821574.0,85,60
23821575.0,89,49
23821614.0,91,48
23821626.0,86,53
23821653.0,86,46
23821657.0,85,49
23821723.0,84,60
23821742.0,91,51
23821750.0,86,62
23821789.0,85,62
23821799.0,84,52
23821813.0,80,57
23821818.0,93,51
23821837.0,86,51
23821997.0,86,61
23822009.0,87,50
23822015.0,55,52
23822026.0,86,50
23822053.0,84,49
23822054.0,93,51
23822076.0,88,52
23822084.0,79,58
23822085.0,83,59
23822096.0,90,52
23822109.0,88,47
23822135.0,87,46
23822140.0,83,51
23822145.0,80,58
23822243.0,91,53
23822246.0,93,52
23822283.0,85,59
23822293.0,86,47
23822332.0,55,52
23822334.0,87,48
23822433.0,87,46
23822437.0,84,48
23822453.0,83,58
23822467.0,91,83
23822490.0,88,47
23822490.0,82,60
23822498.0,80,59
23822520.0,83,48
23822578.0,81,57
23822579.0,85,52
23822589.0,100,84
23822598.0,84,57
23822613.0,85,54
23822643.0,87,51
23822669.0,89,52
23822682.0,90,60
23822692.0,85,55
23822732.0,81,52
23822743.0,83,47
23822795.0,85,59
23822806.0,84,61
23822849.0,88,53
23822874.0,85,47
23822874.0,100,83
23822882.0,89,53
23822918.0,81,51
23822923.0,82,52
23822929.0,86,49
23822967.0,92,47
23822967.0,87,51
23822972.0,98,82
23823000.0,84,50
23823003.0,86,48
23823019.0,88,47
23823046.0,90,47
23823053.0,84,55
23823122.0,87,49
23823135.0,93,53
23823139.0,88,48
23823237.0,88,53
23823241.0,87,46
23823289.0,84,56
23823293.0,88,47
23823296.0,94,54
23823309.0,82,50
23823337.0,92,48
23823343.0,83,51
23823366.0,83,52
23823403.0,57,52
23823416.0,80,51
23823422.0,80,59
23823439.0,81,59
23823479.0,93,51
23823505.0,87,62
23823572.0,82,59
23823585.0,92,47
23823613.0,83,56
23823646.0,93,52
23823652.0,71,59
23823698.0,83,55
23823699.0,82,50
23823729.0,84,50
23823737.0,87,50
23823746.0,87,46
23823756.0,89,86
23823802.0,85,54
23823806.0,84,53
23823833.0,85,53
23823844.0,84,57
23823900.0,79,59
23823970.0,85,61
23823975.0,71,59
23823987.0,82,54
23823989.0,83,47
23824030.0,83,48
23824061.0,84,51
23824073.0,85,48
23824109.0,83,54
23824119.0,86,50
23824128.0,82,53
23824133.0,85,54
23824144.0,85,46
23824154.0,86,63
23824167.0,85,47
23824186.0,84,53
23824266.0,81,53
23824344.0,86,49
23824362.0,90,87
23824366.0,87,63
23824392.0,89,62
23824396.0,83,61
23824631.0,84,59
23824646.0,82,51
23824656.0,83,56
23824671.0,87,52
23824683.0,82,60
23824688.0,85,52
23824699.0,81,60
23824710.0,82,58
23824712.0,80,51
23824715.0,39,88
23824730.0,86,54
23824734.0,87,47
23824758.0,87,46
23824803.0,90,53
23824804.0,91,49
23824812.0,80,59
23824824.0,80,58
23824850.0,81,50
23824855.0,81,58
23824856.0,82,58
23824920.0,84,49
23824950.0,84,53
23824963.0,88,49
23824992.0,79,59
23825090.0,88,51
23825157.0,91,50
23825183.0,83,49
23825185.0,89,50
23825215.0,85,53
23825222.0,82,61
23825231.0,83,60
23825232.0,92,49
23825279.0,84,62
23825368.0,87,61
23825390.0,84,47
23825396.0,84,58
23825397.0,90,48
23825420.0,85,48
23825434.0,89,51
23825439.0,90,49
23825488.0,92,49
23825517.0,82,58
23825522.0,83,51
23825599.0,81,54
23825636.0,88,53
23825652.0,79,58
23825656.0,82,58
23825709.0,88,62
23825719.0,80,52
23825723.0,87,51
23825727.0,89,51
23825795.0,82,55
23825799.0,83,50
23825839.0,85,47
23825878.0,84,54
23825884.0,87,64
23825902.0,87,54
23825929.0,103,75
23825957.0,91,47
23826056.0,86,52
23826060.0,85,49
23826066.0,87,47
23826090.0,80,58
23826097.0,84,58
23826112.0,84,51
23826126.0,90,50
23826131.0,86,48
23826168.0,86,50
23826194.0,87,51
23826243.0,89,51
23826278.0,80,60
23826322.0,84,46
23826333.0,81,52
23826360.0,83,48
23826390.0,84,52
23826396.0,83,61
23826438.0,86,51
23826446.0,82,48
23826450.0,81,58
23826463.0,83,53
23826518.0,87,51
23826534.0,80,53
23826581.0,85,63
23826586.0,87,48
23826680.0,92,49
23826683.0,93,54
23826692.0,82,52
23826749.0,86,46
23826779.0,81,60
23826798.0,88,52
23826935.0,90,48
23826966.0,84,54
23826978.0,92,50
23826983.0,84,57
23827003.0,90,51
23827005.0,89,52
23827050.0,84,61
23827083.0,79,60
23827112.0,80,60
23827159.0,87,52
23827213.0,83,47
23827234.0,86,47
23827304.0,95,57
23827306.0,82,56
23827314.0,85,54
23827384.0,85,62
23827449.0,88,50
23827454.0,81,51
23827455.0,84,48
23827534.0,83,51
23827535.0,83,59
23827596.0,83,50
23827597.0,82,60
23827724.0,83,52
23827730.0,81,55
23827758.0,86,50
23827783.0,85,48
23828002.0,85,49
23828017.0,82,48
23828051.0,89,52
23828066.0,84,53
23828070.0,86,52
23828087.0,90,52
23828104.0,81,53
23828107.0,85,55
23828109.0,86,53
23828124.0,85,60
23828129.0,85,50
23828132.0,82,59
23828139.0,89,63
23828155.0,82,61
23828160.0,83,57
23828177.0,91,53
23828199.0,89,47
23828204.0,79,60
23828242.0,84,56
23828242.0,92,51
23828334.0,87,49
23828347.0,95,58
23828412.0,86,49
23828455.0,82,49
23828501.0,84,62
23828506.0,89,53
23828507.0,85,53
23828508.0,88,64
23828516.0,101,62
23828596.0,84,47
23828625.0,83,62
23828654.0,90,49
23828673.0,91,48
23828818.0,101,62
23828847.0,84,48
23828890.0,91,48
23828952.0,86,47
23828972.0,90,53
23828984.0,89,48
23829047.0,86,51
23829076.0,80,51
23829107.0,88,51
23829109.0,83,54
23829122.0,84,49
23829154.0,92,52
23829176.0,81,55
23829246.0,86,48
23829279.0,83,104
23829320.0,85,59
23829363.0,79,53
23829478.0,85,54
23829513.0,91,48
23829522.0,79,59
23829574.0,81,52
23829625.0,85,47
23829628.0,83,52
23829632.0,79,60
23829658.0,85,63
23829670.0,83,62
23829683.0,90,51
23829697.0,80,60
23829697.0,82,56
23829718.0,89,47
23829806.0,91,48
23829863.0,83,51
23829883.0,90,50
23829907.0,82,50
23829923.0,83,56
23829930.0,85,56
23829948.0,80,59
23829984.0,82,53
23830010.0,80,54
23830010.0,80,51
23830032.0,84,58
23830043.0,83,47
23830051.0,84,47
23830090.0,80,53
23830141.0,80,52
23830152.0,84,55
23830163.0,91,47
23830207.0,83,48
23830209.0,91,49
23830239.0,81,61
23830275.0,92,53
23830302.0,80,61
23830304.0,86,64
23830391.0,81,59
23830415.0,83,57
23830473.0,84,60
23830551.0,83,61
23830577.0,82,49
23830595.0,82,57
23830599.0,84,49
23830615.0,84,54
23830627.0,87,49
23830632.0,81,49
23830640.0,85,49
23830643.0,79,59
23830683.0,86,63
23830763.0,90,47
23830830.0,90,52
23830831.0,84,48
23830862.0,85,50
23830916.0,89,64
23830918.0,88,52
23830919.0,87,50
23830927.0,79,52
23830969.0,89,53
23831029.0,89,49
23831067.0,83,100
23831094.0,85,47
23831096.0,79,59
23831125.0,84,50
23831150.0,79,53
23831238.0,86,49
23831258.0,83,52
23831309.0,80,61
23831356.0,80,55
23831372.0,86,53
23831393.0,81,54
23831457.0,80,59
23831459.0,82,61
23831465.0,84,53
23831556.0,84,52
23831560.0,84,59
23831702.0,83,58
23831707.0,89,50
23831788.0,81,49
23831790.0,79,59
23831805.0,83,48
23831815.0,94,56
23831825.0,84,47
23831861.0,85,62
23831874.0,81,61
23831914.0,93,55
23831918.0,89,47
23831946.0,86,62
23831948.0,82,51
23831953.0,79,61
23831972.0,91,64
23831994.0,85,55
23832016.0,83,60
23832023.0,91,50
23832084.0,88,52
23832092.0,87,53
23832110.0,81,48
23832133.0,91,48
23832166.0,89,51
23832202.0,83,53
23832332.0,89,48
23832343.0,85,48
23832351.0,84,54
23832390.0,91,48
23832401.0,81,53
23832404.0,93,55
23832432.0,79,59
23832445.0,81,55
23832495.0,82,54
23832547.0,86,49
23832561.0,82,48
23832562.0,83,57
23832586.0,82,62
23832650.0,82,50
23832743.0,81,50
23832757.0,83,55
23832808.0,59,49
23832863.0,81,56
23833012.0,83,55
23833024.0,80,55
23833062.0,84,49
23833091.0,82,57
23833126.0,80,61
23833190.0,89,52
23833219.0,93,87
23833221.0,84,50
23833221.0,83,62
23833239.0,87,51
23833249.0,95,56
23833283.0,82,52
23833285.0,87,64
23833292.0,84,60
23833312.0,94,57
23833314.0,87,63
23833348.0,82,60
23833357.0,89,49
23833380.0,83,48
23833400.0,86,53
23833411.0,89,51
23833450.0,87,52
23833479.0,83,55
23833522.0,58,48
23833686.0,90,48
23833717.0,79,61
23833750.0,86,52
23833837.0,83,63
23833879.0,92,54
23833982.0,81,49
23834067.0,80,52
23834073.0,89,52
23834090.0,84,51
23834105.0,81,62
23834154.0,89,50
23834267.0,88,47
23834295.0,83,53
23834350.0,91,49
23834362.0,88,48
23834374.0,81,57
23834392.0,79,60
23834419.0,79,52
23834449.0,86,50
23834558.0,91,51
23834560.0,89,47
23834569.0,80,56
23834604.0,79,55
23834605.0,85,50
23834631.0,80,49
23834656.0,80,52
23834659.0,89,53
23834678.0,80,60
23834715.0,85,49
23834724.0,86,48
23834727.0,83,50
23834772.0,91,49
23834808.0,84,48
23834823.0,79,52
23834833.0,88,53
23834904.0,84,62
23834913.0,82,49
23834995.0,80,62
23835039.0,90,47
23835077.0,79,54
23835094.0,80,54
23835124.0,78,53
23835171.0,84,54
23835176.0,91,52
23835178.0,90,49
23835203.0,81,57
23835205.0,79,53
23835207.0,85,51
23835209.0,83,52
23835211.0,81,48
23835212.0,81,51
23835252.0,82,49
23835254.0,88,48
23835275.0,78,54
23835278.0,80,52
23835280.0,86,53
23835342.0,79,52
23835405.0,85,53
23835456.0,79,60
23835511.0,81,54
23835521.0,84,55
23835523.0,82,52
23835547.0,80,53
23835577.0,79,52
23835586.0,80,49
23835614.0,85,53
23835792.0,81,50
23835795.0,90,66
23835800.0,80,50
23835819.0,83,49
23835827.0,84,63
23835860.0,57,50
23835891.0,82,62
23835935.0,84,98
23835943.0,81,62
23835964.0,80,62
23835970.0,82,55
23835976.0,83,57
23835988.0,84,57
23836008.0,82,57
23836010.0,83,63
23836060.0,83,59
23836075.0,83,50
23836084.0,84,51
23836111.0,90,63
23836135.0,81,60
23836186.0,88,49
23836202.0,82,51
23836213.0,89,53
23836251.0,85,49
23836279.0,82,53
23836280.0,22,112
23836419.0,89,47
23836447.0,85,53
23836453.0,85,63
23836521.0,83,54
23836529.0,84,98
23836532.0,82,58
23836534.0,91,53
23836565.0,87,52
23836623.0,87,47
23836657.0,84,48
23836728.0,81,51
23836834.0,82,56
23836867.0,90,65
23836910.0,84,52
23836933.0,82,50
23836947.0,88,50
23836983.0,83,56
23837012.0,84,61
23837016.0,81,59
23837083.0,83,51
23837090.0,84,52
23837138.0,79,55
23837194.0,80,50
23837210.0,91,52
23837266.0,80,51
23837272.0,85,52
23837293.0,89,51
23837306.0,84,50
23837345.0,85,55
23837408.0,81,52
23837415.0,79,62
23837417.0,90,50
23837434.0,80,62
23837463.0,90,48
23837485.0,82,63
23837657.0,85,53
23837704.0,81,49
23837768.0,88,51
23837771.0,82,49
23837775.0,83,48
23837838.0,84,59
23837846.0,93,81
23837883.0,80,60
23837920.0,83,55
23838028.0,81,63
23838048.0,84,49
23838061.0,85,50
23838066.0,86,64
23838093.0,79,62
23838146.0,79,56
23838147.0,83,50
23838163.0,90,49
23838182.0,82,50
23838242.0,81,62
23838283.0,89,48
23838291.0,78,54
23838306.0,82,53
23838328.0,79,53
23838406.0,88,50
23838506.0,83,56
23838559.0,85,64
23838579.0,86,51
23838591.0,91,65
23838603.0,45,106
23838617.0,78,55
23838625.0,80,54
23838670.0,82,50
23838715.0,81,58
23838818.0,90,49
23838909.0,91,53
23838931.0,78,62
23838977.0,93,55
23839005.0,86,51
23839021.0,92,55
23839074.0,80,56
23839140.0,80,57
23839174.0,92,57
23839207.0,94,57
23839239.0,86,63
23839251.0,79,53
23839258.0,84,64
23839274.0,81,55
23839311.0,85,50
23839423.0,80,49
23839429.0,93,55
23839441.0,81,57
23839468.0,88,47
23839495.0,88,51
23839535.0,87,47
23839553.0,81,56
23839577.0,79,53
23839596.0,81,53
23839626.0,57,62
23839633.0,82,54
23839637.0,81,52
23839644.0,80,50
23839701.0,80,51
23839719.0,86,52
23839743.0,84,51
23839757.0,82,63
23839796.0,82,51
23839922.0,92,65
23839937.0,80,52
23839939.0,94,57
23839947.0,83,52
23839994.0,83,63
23840004.0,87,49
23840030.0,78,53
23840052.0,88,52
23840059.0,82,58
23840069.0,83,57
23840070.0,82,56
23840075.0,84,52
23840111.0,86,56
23840161.0,88,49
23840162.0,83,55
23840210.0,84,63
23840273.0,82,61
23840438.0,78,54
23840602.0,89,49
23840645.0,84,50
23840775.0,81,50
23840816.0,81,49
23840888.0,83,51
23840895.0,79,51
23840907.0,91,54
23840957.0,83,59
23840958.0,90,52
23840974.0,82,56
23840982.0,82,50
23840992.0,79,50
23840999.0,83,64
23841014.0,100,83
23841285.0,81,58
23841298.0,87,48
23841321.0,96,81
23841330.0,80,62
23841332.0,85,50
23841347.0,79,62
23841364.0,80,61
23841396.0,83,54
23841434.0,78,55
23841439.0,85,51
23841447.0,83,49
23841450.0,81,63
23841491.0,83,60
23841542.0,87,63
23841544.0,86,54
23841660.0,89,49
23841694.0,84,50
23841740.0,80,52
23841763.0,77,54
23841808.0,83,49
23841817.0,87,49
23841818.0,86,52
23841824.0,88,50
23841856.0,80,61
23841898.0,81,49
23841907.0,84,55
23841951.0,83,56
23841981.0,81,61
23842026.0,82,59
23842048.0,79,56
23842066.0,85,53
23842087.0,78,56
23842103.0,89,49
23842111.0,86,64
23842168.0,84,56
23842240.0,81,50
23842272.0,77,55
23842308.0,86,48
23842430.0,80,58
23842500.0,88,53
23842524.0,88,48
23842566.0,80,63
23842583.0,86,65
23842603.0,79,63
23842620.0,79,54
23842767.0,81,59
23842895.0,84,64
23842909.0,82,55
23842919.0,103,74
23842927.0,81,54
23842942.0,82,54
23842947.0,79,57
23842964.0,83,64
23843010.0,79,51
23843017.0,93,83
23843020.0,80,55
23843022.0,80,51
23843049.0,80,50
23843066.0,81,53
23843087.0,91,90
23843096.0,82,51
23843137.0,89,50
23843146.0,87,50
23843178.0,89,47
23843234.0,79,53
23843278.0,83,52
23843341.0,80,61
23843433.0,86,48
23843521.0,87,64
23843604.0,89,64
23843609.0,95,56
23843621.0,83,49
23843634.0,77,55
23843635.0,84,54
23843683.0,87,53
23843694.0,80,53
23843713.0,88,49
23843757.0,82,48
23843760.0,82,64
23843783.0,81,56
23843810.0,86,53
23843848.0,95,56
23843882.0,90,91
23843892.0,89,52
23843896.0,82,49
23843902.0,83,49
23843905.0,85,54
23843938.0,82,53
23843952.0,81,51
23843962.0,83,51
23843973.0,79,52
23844051.0,79,63
23844169.0,87,47
23844204.0,81,56
23844235.0,80,97
23844241.0,87,65
23844247.0,81,51
23844272.0,81,63
23844320.0,87,51
23844366.0,83,50
23844380.0,81,50
23844436.0,80,63
23844562.0,84,51
23844582.0,89,50
23844598.0,90,53
23844691.0,83,56
23844733.0,78,54
23844792.0,87,54
23844942.0,86,49
23844990.0,82,52
23844999.0,80,52
23845017.0,81,49
23845018.0,89,48
23845076.0,83,53
23845177.0,84,99
23845206.0,89,51
23845209.0,81,61
23845239.0,85,52
23845245.0,86,48
23845277.0,88,65
23845313.0,83,57
23845394.0,82,59
23845401.0,86,53
23845412.0,81,64
23845660.0,83,53
23845667.0,89,48
23845747.0,87,50
23845891.0,99,89
23845917.0,81,59
23846045.0,83,55
23846107.0,87,51
23846110.0,87,48
23846121.0,84,51
23846132.0,89,51
23846148.0,78,51
23846186.0,80,58
23846198.0,77,55
23846227.0,99,89
23846272.0,88,78
23846364.0,88,49
23846375.0,84,64
23846392.0,85,65
23846425.0,80,51
23846428.0,82,57
23846655.0,83,64
23846748.0,86,65
23846768.0,79,52
23846773.0,84,51
23846775.0,79,62
23846796.0,82,51
23846839.0,89,48
23846874.0,88,49
23846888.0,88,51
23846901.0,89,52
23846913.0,82,52
23846943.0,80,53
23846953.0,92,56
23846955.0,89,51
23847050.0,92,55
23847063.0,84,60
23847075.0,79,58
23847091.0,87,52
23847104.0,82,53
23847190.0,86,49
23847190.0,81,51
23847203.0,78,52
23847220.0,87,48
23847236.0,81,55
23847246.0,82,62
23847300.0,77,56
23847329.0,91,55
23847396.0,80,50
23847416.0,86,50
23847426.0,85,48
23847438.0,87,48
23847478.0,83,56
23847484.0,80,59
23847496.0,83,53
23847529.0,82,64
23847656.0,84,54
23847672.0,80,54
23847687.0,79,53
23847705.0,80,56
23847710.0,96,83
23847748.0,81,59
23847881.0,88,50
23847899.0,95,63
23847918.0,84,61
23847936.0,85,49
23847972.0,81,52
23848000.0,78,56
23848060.0,80,62
23848112.0,82,50
23848169.0,81,62
23848396.0,82,56
23848443.0,83,51
23848495.0,79,62
23848506.0,87,53
23848607.0,84,54
23848620.0,91,54
23848745.0,79,53
23848793.0,94,63
23848797.0,93,57
23848967.0,83,54
23849043.0,81,58
23849048.0,82,57
23849082.0,85,48
23849110.0,80,51
23849121.0,91,54
23849136.0,85,53
23849142.0,85,49
23849154.0,87,49
23849172.0,82,49
23849180.0,84,57
23849280.0,84,52
23849318.0,83,57
23849373.0,81,64
23849389.0,80,57
23849399.0,78,57
23849441.0,81,52
23849442.0,79,51
23849523.0,78,52
23849572.0,82,55
23849594.0,84,53
23849634.0,87,52
23849678.0,83,51
23849884.0,80,64
23849974.0,87,51
23850013.0,86,48
23850015.0,2,101
23850066.0,80,56
23850082.0,86,54
23850098.0,94,64
23850157.0,88,51
23850246.0,81,50
23850255.0,82,53
23850276.0,84,56
23850408.0,80,62
23850414.0,79,64
23850424.0,90,54
23850684.0,55,54
23850830.0,89,53
23850891.0,81,55
23850896.0,88,50
23850907.0,85,50
23850919.0,82,60
23850927.0,83,108
23850936.0,91,55
23850961.0,80,55
23850974.0,81,62
23850976.0,70,50
23851006.0,78,53
23851008.0,86,50
23851064.0,81,52
23851070.0,86,52
23851088.0,98,81
23851107.0,78,51
23851160.0,79,64
23851207.0,83,54
23851257.0,85,53
23851389.0,87,54
23851414.0,86,51
23851447.0,80,51
23851553.0,81,53
23851573.0,55,54
23851685.0,88,51
23851704.0,85,55
23851792.0,79,54
23851812.0,82,52
23851895.0,86,52
23851940.0,81,50
23851991.0,83,107
23852047.0,85,50
23852073.0,80,64
23852114.0,77,56
23852265.0,97,72
23852611.0,87,50
23852616.0,81,56
23852625.0,80,52
23852740.0,79,64
23853007.0,84,49
23853026.0,82,51
23853073.0,77,57
23853079.0,85,49
23853125.0,81,59
23853126.0,80,54
23853160.0,77,55
23853171.0,85,48
23853210.0,82,54
23853301.0,84,48
23853363.0,82,57
23853742.0,80,50
23853765.0,83,52
23853783.0,86,49
23853793.0,82,65
23853972.0,84,53
23854147.0,81,64
23854227.0,88,52
23854347.0,103,73
23854358.0,79,51
23854373.0,80,52
23854375.0,82,53
23854423.0,84,65
23854470.0,84,49
23854529.0,80,64
23854592.0,86,65
23854685.0,87,53
23854790.0,83,55
23854906.0,77,73
23855036.0,79,59
23855047.0,86,53
23855123.0,77,73
23855125.0,81,53
23855141.0,87,50
23855175.0,80,57
23855216.0,79,63
23855233.0,80,56
23855245.0,85,51
23855252.0,82,58
23855254.0,83,57
23855393.0,84,50
23855490.0,80,62
23855571.0,89,54
23855586.0,84,49
23855596.0,82,57
23855781.0,77,54
23855794.0,84,56
23855842.0,85,54
23855867.0,87,51
23855897.0,79,64
23855997.0,79,52
23856065.0,80,62
23856146.0,80,53
23856150.0,85,51
23856163.0,85,50
23856329.0,90,57
23856355.0,84,50
23856359.0,83,107
23856374.0,85,57
23856434.0,82,54
23856718.0,77,53
23856813.0,81,53
23856967.0,80,52
23856985.0,85,54
23857031.0,85,49
23857101.0,79,55
23857152.0,86,50
23857271.0,80,55
23857304.0,83,63
23857436.0,78,52
23857511.0,82,52
23857553.0,79,63
23857556.0,81,56
23857654.0,81,52
23857869.0,85,52
23857920.0,82,65
23857934.0,87,49
23857962.0,80,56
23857966.0,78,54
23857991.0,82,56
23857991.0,79,52
23858046.0,85,49
23858070.0,83,65
23858277.0,83,49
23858286.0,85,49
23858380.0,80,64
23858389.0,83,54
23858448.0,80,57
23858522.0,79,54
23858740.0,78,57
23858750.0,80,53
23858907.0,81,54
23858929.0,82,54
23859010.0,82,52
23859023.0,89,54
23859081.0,86,53
23859203.0,88,53
23859219.0,86,54
23859226.0,81,54
23859306.0,86,50
23859427.0,80,51
23859604.0,84,51
23859750.0,83,50
23859804.0,88,53
23859890.0,84,53
23860057.0,81,58
23860071.0,82,63
23860147.0,90,55
23860159.0,83,55
23860356.0,85,49
23860545.0,87,52
23860548.0,83,50
23860562.0,91,56
23860588.0,85,50
23860717.0,84,49
23860944.0,86,55
23861006.0,83,53
23861039.0,85,53
23861061.0,99,73
23861184.0,83,53
23861302.0,90,90
23861687.0,80,53
23861780.0,77,56
23861888.0,84,56
23861924.0,97,79
23861952.0,81,61
23862022.0,40,82
23862047.0,86,54
23862062.0,78,56
23862114.0,80,54
23862115.0,85,53
23862124.0,86,51
23862178.0,84,103
23862196.0,85,51
23862556.0,84,51
23862593.0,85,50
23862630.0,83,50
23862657.0,79,52
23862710.0,80,51
23862721.0,83,51
23862915.0,79,51
23863143.0,87,52
23863158.0,85,52
23863306.0,84,49
23863365.0,80,51
23863432.0,81,52
23863636.0,84,104
23863935.0,83,49
23864036.0,60,49
23864177.0,84,52
23864601.0,83,109
23864631.0,79,59
23864942.0,77,53
23864983.0,85,53
23864984.0,82,58
23865094.0,96,63
23865279.0,54,55
23865500.0,84,54
23865544.0,96,62
23865584.0,81,57
23865694.0,81,58
23865931.0,80,54
23866027.0,90,55
23866443.0,103,68
23866596.0,79,53
23866606.0,83,51
23866673.0,82,61
23867029.0,84,52
23867117.0,85,51
23867133.0,84,51
23867210.0,86,51
23867243.0,80,105
23867459.0,86,51
23868164.0,84,53
23868253.0,84,50
23868548.0,83,51
23868602.0,106,76
23868614.0,81,61
23869421.0,86,52
23869430.0,82,51
23869544.0,85,51
23869758.0,107,77
23870681.0,85,54
23870741.0,83,50
23871219.0,83,52
23871755.0,82,51
23871780.0,83,110
23872140.0,81,52
23872212.0,82,53
23872672.0,83,50
23872676.0,100,67
23872677.0,78,53
23873009.0,77,53
23873165.0,78,54
23873471.0,84,51
23873621.0,77,53
23874304.0,77,54
23874319.0,77,53
23874434.0,99,66
23874478.0,87,53
23874622.0,78,57
23874703.0,99,67
23874915.0,83,52
23875588.0,102,86
23876131.0,97,84
23876345.0,80,63
23878953.0,96,79
23879402.0,94,59
23880401.0,80,63
23881795.0,102,66
23882199.0,80,64
23882321.0,79,53
23882474.0,82,58
23882679.0,97,63
23882802.0,84,105
23883216.0,84,54
23883464.0,82,51
23883476.0,81,57
23883522.0,88,54
23883549.0,78,54
23883600.0,69,58
23883898.0,79,64
23884042.0,82,57
23884348.0,79,55
23884649.0,78,55
23884801.0,81,52
23885018.0,80,63
23885205.0,81,58
23885240.0,81,63
23885836.0,80,57
23885849.0,81,64
23886677.0,78,58
23886749.0,94,58
23886875.0,80,64
23887137.0,79,56
23887449.0,85,54
23887751.0,82,65
23887797.0,83,65
23887828.0,81,65
23887833.0,79,55
23887903.0,78,54
23888014.0,80,60
23888031.0,85,65
23888157.0,82,63
23888793.0,78,57
23888888.0,86,52
23888975.0,80,57
23889014.0,83,63
23889390.0,79,56
23889405.0,84,53
23889519.0,82,52
23889692.0,91,56
23889754.0,79,59
23889786.0,80,55
23889835.0,81,54
23889870.0,83,62
23889967.0,80,56
23889993.0,85,54
23890005.0,79,59
23890219.0,80,53
23890555.0,105,71
23890629.0,82,58
23890792.0,81,56
23891115.0,84,63
23891281.0,92,57
23891285.0,81,51
23891365.0,91,55
23891380.0,82,61
23891400.0,79,54
23891428.0,82,57
23891432.0,104,72
23891444.0,81,62
23891538.0,80,56
23891732.0,83,52
23891899.0,86,55
23891942.0,80,62
23892035.0,82,51
23892109.0,78,53
23892195.0,91,66
23892247.0,102,72
23892272.0,92,56
23892372.0,82,56
23892506.0,87,55
23892527.0,102,72
23892539.0,97,63
23892752.0,84,53
23892834.0,85,51
23892942.0,81,51
23893149.0,79,58
23893278.0,80,62
23893354.0,81,64
23893356.0,89,65
23893380.0,85,55
23893436.0,79,58
23893562.0,80,59
23893563.0,93,57
23893699.0,85,56
23893738.0,79,54
23893758.0,81,62
23893789.0,80,55
23893796.0,88,53
23893801.0,82,62
23893831.0,79,55
23893874.0,80,59
23893937.0,81,59
23893981.0,85,54
23893987.0,91,55
23893993.0,79,54
23894074.0,84,62
23894076.0,80,63
23894183.0,78,59
23894200.0,83,65
23894272.0,82,58
23894336.0,85,53
23894336.0,80,55
23894387.0,81,63
23894439.0,88,53
23894529.0,79,58
23894583.0,94,58
23894716.0,83,52
23894825.0,81,60
23894907.0,80,55
23894932.0,87,52
23895003.0,96,60
23895099.0,83,61
23895175.0,80,59
23895416.0,80,56
23895756.0,83,58
23895783.0,81,57
23895817.0,79,55
23895832.0,79,53
23895865.0,80,56
23895970.0,86,54
23895981.0,82,53
23896055.0,83,57
23896055.0,81,56
23896061.0,94,57
23896096.0,86,65
23896113.0,87,65
23896219.0,84,52
23896360.0,80,56
23896397.0,82,62
23896421.0,81,56
23896463.0,84,50
23896472.0,83,62
23896583.0,80,55
23896663.0,81,55
23896665.0,82,51
23896727.0,96,77
23896736.0,90,55
23896808.0,83,60
23897090.0,86,51
23897166.0,80,60
23897352.0,93,56
23897383.0,92,65
23897417.0,87,55
23897522.0,80,55
23897544.0,83,56
23897563.0,83,64
23897570.0,80,54
23897765.0,91,66
23897990.0,86,51
23898112.0,79,57
23898130.0,82,60
23898403.0,86,54
23898445.0,92,55
23898511.0,89,53
23898545.0,91,65
23898562.0,82,56
23898594.0,83,53
23898600.0,88,53
23898640.0,84,61
23898674.0,79,56
23898719.0,82,57
23898852.0,83,62
23899023.0,80,53
23899092.0,92,56
23899283.0,81,63
23899330.0,87,54
23899341.0,81,56
23899407.0,80,58
23899458.0,84,53
23899466.0,83,57
23899468.0,83,58
23899509.0,89,53
23899518.0,85,52
23899601.0,84,62
23899651.0,82,53
23899652.0,88,52
23899676.0,82,63
23899699.0,85,50
23899847.0,92,55
23899849.0,86,53
23899934.0,94,57
23899958.0,80,55
23899963.0,91,55
23900384.0,84,57
23900449.0,90,54
23900475.0,88,64
23900492.0,87,51
23900496.0,87,54
23900686.0,85,50
23900804.0,91,54
23900931.0,88,65
23900995.0,81,59
23901380.0,94,67
23901406.0,84,51
23901544.0,81,55
23901613.0,87,51
23901662.0,83,57
23901683.0,81,54
23901714.0,93,56
23901780.0,84,58
23901820.0,82,55
23901862.0,80,62
23901968.0,81,51
23902340.0,83,50
23902356.0,91,54
23902407.0,82,60
23902504.0,82,61
23902577.0,80,50
23902597.0,86,50
23902647.0,84,61
23902757.0,80,61
23902910.0,79,56
23902945.0,80,56
23902951.0,83,57
23902977.0,82,59
23903169.0,95,59
23903179.0,85,57
23903188.0,81,55
23903200.0,82,50
23903253.0,92,55
23903259.0,83,56
23903441.0,94,56
23903466.0,92,65
23903520.0,82,56
23903648.0,81,51
23903716.0,84,57
23903743.0,86,50
23903810.0,85,64
23903850.0,83,57
23903921.0,95,58
23903937.0,86,53
23904031.0,95,57
23904061.0,87,53
23904079.0,90,53
23904098.0,81,55
23904301.0,88,52
23904339.0,84,62
23904367.0,86,52
23904376.0,85,52
23904407.0,79,55
23904409.0,81,62
23904505.0,85,51
23904569.0,96,60
23904607.0,80,62
23904622.0,96,59
23904649.0,53,58
23904666.0,80,54
23904691.0,81,61
23904693.0,83,63
23904694.0,85,54
23904740.0,82,63
23904745.0,79,53
23904761.0,85,53
23904763.0,84,64
23904800.0,86,52
23904812.0,83,50
23904835.0,91,54
23904878.0,84,63
23904895.0,81,62
23904946.0,82,54
23904958.0,93,66
23905001.0,86,50
23905020.0,89,52
23905039.0,81,53
23905075.0,93,65
23905086.0,53,58
23905110.0,82,63
23905113.0,85,49
23905123.0,82,61
23905140.0,79,53
23905143.0,80,52
23905171.0,85,54
23905218.0,85,61
23905246.0,95,61
23905257.0,86,52
23905294.0,84,56
23905314.0,84,60
23905331.0,88,54
23905527.0,94,56
23905539.0,84,53
23905543.0,82,56
23905571.0,82,55
23905658.0,88,51
23905670.0,90,53
23905723.0,83,55
23905732.0,89,52
23905811.0,84,51
23905880.0,81,58
23905903.0,83,61
23906031.0,84,50
23906042.0,86,52
23906069.0,83,55
23906196.0,84,57
23906348.0,95,57
23906420.0,93,66
23906435.0,94,64
23906454.0,93,55
23906544.0,81,62
23906550.0,53,58
23906597.0,99,62
23906633.0,88,51
23906805.0,82,64
23906818.0,87,50
23906821.0,98,62
23906960.0,81,54
23906964.0,94,65
23907044.0,83,56
23907053.0,83,55
23907279.0,84,56
23907280.0,92,54
23907345.0,85,64
23907359.0,94,56
23907370.0,93,56
23907449.0,83,52
23907503.0,89,52
23907509.0,82,55
23907528.0,86,64
23907576.0,87,50
23907583.0,84,50
23907670.0,82,62
23907719.0,84,60
23907731.0,85,49
23907779.0,82,54
23907865.0,92,66
23907998.0,81,53
23908226.0,85,51
23908353.0,86,51
23908367.0,85,50
23908409.0,84,57
23908439.0,88,53
23908469.0,91,53
23908558.0,100,63
23908618.0,83,59
23908661.0,83,63
23908774.0,55,60
23908798.0,87,52
23908830.0,82,59
23908855.0,83,59
23908865.0,84,61
23908879.0,82,53
23908911.0,89,51
23908936.0,83,60
23908956.0,86,49
23909003.0,90,52
23909009.0,45,111
23909011.0,93,55
23909027.0,87,64
23909045.0,81,52
23909077.0,96,61
23909103.0,82,55
23909183.0,88,50
23909183.0,81,60
23909242.0,89,78
23909251.0,83,56
23909298.0,80,56
23909430.0,83,59
23909512.0,82,58
23909621.0,83,51
23909641.0,87,53
23909649.0,82,60
23909682.0,64,62
23909749.0,83,59
23909823.0,85,50
23909824.0,84,59
23909853.0,83,54
23909972.0,80,53
23909975.0,85,62
23910057.0,81,53
23910103.0,82,62
23910342.0,87,49
23910364.0,80,61
23910426.0,83,59
23910438.0,88,50
23910442.0,84,63
23910454.0,85,60
23910481.0,81,60
23910677.0,86,49
23910689.0,83,59
23910720.0,84,55
23910810.0,89,51
23910818.0,91,53
23910845.0,82,60
23910881.0,82,50
23910889.0,81,53
23910922.0,92,54
23910948.0,85,50
23910973.0,84,49
23911069.0,82,54
23911174.0,95,57
23911210.0,90,52
23911236.0,88,64
23911255.0,86,51
23911332.0,84,56
23911339.0,87,63
23911488.0,81,61
23911500.0,88,64
23911527.0,84,61
23911551.0,83,59
23911553.0,89,51
23911555.0,85,63
23911572.0,87,49
23911645.0,83,60
23911651.0,87,51
23911664.0,82,60
23911717.0,82,53
23911723.0,96,58
23911729.0,87,52
23911759.0,87,63
23911780.0,81,52
23911811.0,81,51
23911842.0,85,56
23911857.0,81,61
23911880.0,83,58
23911900.0,80,54
23911944.0,95,56
23911970.0,94,55
23911979.0,85,55
23911995.0,79,55
23912012.0,84,56
23912044.0,81,55
23912118.0,85,49
23912140.0,84,51
23912170.0,87,49
23912184.0,83,55
23912208.0,79,53
23912282.0,86,48
23912315.0,80,55
23912413.0,84,49
23912455.0,88,52
23912481.0,88,64
23912528.0,83,54
23912592.0,79,53
23912750.0,86,50
23912756.0,97,59
23912763.0,82,61
23912772.0,96,59
23912791.0,93,54
23912853.0,89,53
23912861.0,89,50
23912878.0,83,62
23912892.0,86,61
23912912.0,87,60
23912929.0,82,50
23912938.0,88,53
23912968.0,84,53
23913053.0,96,57
23913166.0,86,63
23913197.0,85,61
23913200.0,82,63
23913217.0,84,63
23913298.0,97,61
23913305.0,85,63
23913445.0,82,52
23913456.0,84,59
23913507.0,79,53
23913525.0,89,63
23913549.0,92,53
23913573.0,81,61
23913641.0,83,53
23913648.0,81,51
23913659.0,83,60
23913662.0,91,52
23913693.0,89,53
23913694.0,82,53
23913842.0,90,51
23913872.0,88,49
23913926.0,87,48
23913956.0,82,54
23914014.0,85,49
23914022.0,81,51
23914034.0,94,55
23914113.0,83,58
23914188.0,81,56
23914362.0,89,50
23914381.0,86,49
23914402.0,81,53
23914425.0,82,57
23914426.0,85,59
23914503.0,88,58
23914529.0,93,66
23914544.0,107,72
23914546.0,84,54
23914621.0,86,50
23914638.0,86,48
23914667.0,88,49
23914720.0,97,60
23914790.0,87,48
23914812.0,80,54
23914820.0,91,52
23914881.0,82,53
23914949.0,89,64
23914975.0,85,49
23915044.0,87,51
23915084.0,95,56
23915111.0,84,60
23915208.0,79,53
23915267.0,85,55
23915281.0,92,53
23915292.0,88,51
23915372.0,92,65
23915393.0,82,51
23915413.0,81,52
23915469.0,83,54
23915478.0,83,61
23915608.0,82,49
23915678.0,80,53
23915761.0,82,56
23915767.0,82,61
23915781.0,86,49
23915844.0,85,60
23915893.0,87,50
23916073.0,82,50
23916209.0,82,61
23916243.0,96,57
23916249.0,85,59
23916329.0,84,55
23916399.0,88,52
23916400.0,95,55
23916449.0,82,50
23916515.0,83,49
23916538.0,93,54
23916599.0,89,52
23916619.0,83,52
23916636.0,85,56
23916838.0,81,60
23916841.0,82,51
23916872.0,107,69
23916873.0,84,58
23916911.0,85,48
23916919.0,84,62
23916948.0,89,53
23916977.0,83,57
23916998.0,89,49
23917053.0,83,54
23917088.0,86,48
23917091.0,88,51
23917180.0,87,49
23917195.0,81,52
23917229.0,85,62
23917257.0,83,49
23917408.0,86,49
23917420.0,84,53
23917430.0,83,59
23917459.0,90,53
23917473.0,97,58
23917498.0,88,51
23917499.0,82,50
23917560.0,81,55
23917641.0,85,48
23917664.0,93,53
23917707.0,87,50
23917757.0,94,54
23917800.0,86,60
23917816.0,91,51
23917823.0,85,55
23917883.0,84,60
23917992.0,107,71
23917996.0,88,48
23918008.0,83,62
23918016.0,82,52
23918023.0,86,63
23918037.0,83,55
23918049.0,87,48
23918099.0,84,48
23918104.0,82,59
23918155.0,95,55
23918169.0,81,54
23918194.0,96,56
23918378.0,89,56
23918453.0,83,59
23918464.0,97,59
23918468.0,85,60
23918503.0,92,52
23918579.0,88,50
23918591.0,95,65
23918732.0,82,60
23918748.0,81,53
23918760.0,86,49
23918792.0,90,50
23918843.0,84,49
23918864.0,82,50
23918889.0,86,55
23918908.0,89,51
23919007.0,87,49
23919023.0,89,49
23919110.0,85,55
23919119.0,87,50
23919127.0,93,64
23919144.0,91,64
23919212.0,86,55
23919227.0,88,63
23919259.0,85,54
23919289.0,84,58
23919334.0,80,58
23919343.0,87,64
23919399.0,92,52
23919401.0,91,64
23919417.0,93,53
23919500.0,82,52
23919502.0,85,53
23919548.0,85,58
23919567.0,87,63
23919739.0,86,60
23919748.0,86,55
23919761.0,85,55
23919766.0,82,59
23919771.0,83,53
23919798.0,85,48
23919812.0,89,48
23919830.0,94,64
23919832.0,96,56
23919927.0,83,59
23919970.0,83,51
23919972.0,84,59
23920034.0,90,49
23920080.0,89,52
23920128.0,88,51
23920139.0,82,60
23920239.0,82,56
23920350.0,84,54
23920376.0,94,54
23920387.0,97,57
23920500.0,87,48
23920511.0,89,48
23920518.0,90,63
23920555.0,82,56
23920592.0,91,50
23920602.0,86,59
23920610.0,83,61
23920623.0,82,55
23920681.0,86,48
23920714.0,84,62
23920825.0,84,52
23920838.0,88,49
23920869.0,87,49
23920881.0,90,49
23920991.0,95,64
23921003.0,84,49
23921132.0,84,59
23921136.0,88,49
23921182.0,85,59
23921280.0,79,59
23921295.0,85,60
23921353.0,82,60
23921360.0,83,50
23921372.0,85,62
23921379.0,90,52
23921391.0,99,61
23921441.0,84,54
23921448.0,101,66
23921462.0,107,69
23921468.0,99,71
23921472.0,91,50
23921477.0,82,49
23921561.0,98,59
23921571.0,85,59
23921635.0,82,51
23921677.0,92,51
23921700.0,81,51
23921722.0,88,50
23921733.0,97,58
23921754.0,83,59
23921813.0,81,52
23921835.0,87,61
23921939.0,97,57
23921965.0,91,51
23922000.0,89,63
23922074.0,83,52
23922131.0,81,53
23922168.0,95,55
23922282.0,83,48
23922297.0,88,49
23922308.0,82,51
23922364.0,89,50
23922378.0,86,48
23922415.0,83,60
23922430.0,90,53
23922452.0,84,48
23922485.0,93,53
23922490.0,86,62
23922527.0,85,58
23922614.0,84,61
23922620.0,83,56
23922636.0,88,63
23922650.0,89,51
23922776.0,92,63
23922799.0,89,47
23922837.0,85,53
23922885.0,84,51
23922950.0,82,54
23922962.0,85,61
23922992.0,99,63
23922992.0,86,55
23923025.0,93,52
23923045.0,84,53
23923180.0,95,54
23923184.0,91,49
23923238.0,83,49
23923243.0,92,51
23923257.0,83,56
23923296.0,85,54
23923392.0,82,59
23923418.0,85,52
23923426.0,83,55
23923457.0,90,48
23923468.0,84,59
23923473.0,89,47
23923480.0,87,49
23923527.0,87,48
23923575.0,82,58
23923631.0,93,65
23923720.0,86,47
23923732.0,83,58
23923762.0,97,65
23923815.0,99,62
23923828.0,90,51
23923837.0,89,49
23923875.0,88,48
23923879.0,83,56
23923933.0,85,59
23923970.0,84,58
23924011.0,90,48
23924079.0,94,53
23924113.0,91,49
23924134.0,90,52
23924210.0,83,56
23924238.0,86,58
23924262.0,85,57
23924300.0,84,50
23924392.0,88,50
23924442.0,84,60
23924458.0,98,65
23924467.0,88,49
23924496.0,96,55
23924502.0,91,63
23924502.0,85,54
23924547.0,83,51
23924617.0,86,49
23924650.0,97,56
23924703.0,90,48
23924705.0,82,59
23924771.0,92,50
23924798.0,83,49
23924833.0,83,58
23924848.0,86,47
23924886.0,100,64
23924902.0,93,52
23924929.0,85,59
23925006.0,86,49
23925034.0,84,52
23925113.0,84,58
23925215.0,88,47
23925226.0,90,50
23925377.0,84,56
23925429.0,97,56
23925439.0,86,53
23925452.0,83,49
23925454.0,105,67
23925457.0,84,53
23925493.0,93,51
23925505.0,89,50
23925585.0,84,61
23925601.0,88,49
23925604.0,95,56
23925663.0,97,57
23925704.0,83,51
23925736.0,102,66
23925786.0,84,61
23925835.0,94,80
23925862.0,91,52
23925873.0,90,47
23925933.0,87,48
23925972.0,98,58
23926088.0,90,63
23926117.0,87,50
23926153.0,87,47
23926155.0,89,49
23926191.0,83,55
23926217.0,86,57
23926220.0,88,62
23926227.0,91,48
23926227.0,97,57
23926289.0,82,52
23926323.0,93,51
23926361.0,92,49
23926500.0,87,72
23926515.0,85,52
23926541.0,83,59
23926577.0,94,64
23926640.0,85,61
23926719.0,84,50
23926779.0,85,51
23926788.0,87,54
23926796.0,93,64
23926800.0,86,50
23926817.0,92,50
23926833.0,83,54
23926879.0,90,51
23926916.0,83,55
23926943.0,90,50
23926944.0,89,48
23926998.0,84,58
23927064.0,86,61
23927109.0,93,51
23927146.0,85,53
23927197.0,87,47
23927205.0,91,48
23927217.0,94,52
23927219.0,84,49
23927235.0,92,49
23927254.0,88,48
23927306.0,90,49
23927345.0,96,55
23927381.0,86,58
23927395.0,86,54
23927492.0,86,59
23927510.0,85,57
23927538.0,90,50
23927551.0,89,49
23927562.0,96,56
23927574.0,91,62
23927575.0,93,65
23927581.0,83,59
23927585.0,85,47
23927619.0,84,59
23927619.0,91,51
23927632.0,84,49
23927733.0,87,50
23927745.0,87,58
23927797.0,84,51
23927867.0,86,52
23927870.0,87,59
23928039.0,87,58
23928154.0,86,54
23928208.0,85,56
23928271.0,91,47
23928334.0,85,58
23928335.0,83,50
23928355.0,87,49
23928361.0,93,63
23928384.0,89,49
23928385.0,84,58
23928472.0,95,53
23928538.0,93,50
23928545.0,85,47
23928558.0,90,49
23928563.0,86,57
23928568.0,87,49
23928590.0,99,60
23928616.0,91,52
23928638.0,97,55
23928704.0,83,60
23928768.0,90,49
23928773.0,92,49
23928785.0,82,51
23928859.0,85,50
23928870.0,83,50
23928935.0,85,52
23928949.0,82,52
23929044.0,87,61
23929050.0,82,56
23929136.0,84,49
23929174.0,93,50
23929214.0,82,55
23929226.0,87,53
23929235.0,94,52
23929237.0,89,47
23929243.0,90,50
23929264.0,84,60
23929281.0,88,47
23929309.0,85,50
23929345.0,88,62
23929363.0,84,48
23929394.0,82,52
23929406.0,97,77
23929420.0,84,55
23929486.0,82,58
23929500.0,91,50
23929571.0,86,47
23929681.0,84,50
23929701.0,92,48
23929758.0,92,52
23929766.0,85,50
23929788.0,83,57
23930084.0,90,48
23930148.0,96,54
23930168.0,86,61
23930249.0,93,49
23930266.0,83,53
23930275.0,81,54
23930300.0,92,48
23930309.0,88,49
23930351.0,86,51
23930368.0,87,58
23930440.0,97,55
23930531.0,87,54
23930543.0,83,58
23930580.0,99,59
23930603.0,87,48
23930617.0,85,60
23930621.0,85,48
23930646.0,94,51
23930720.0,90,46
23930734.0,84,59
23930755.0,86,53
23930768.0,85,49
23930772.0,83,57
23930801.0,84,54
23930825.0,87,49
23930839.0,93,49
23930844.0,83,54
23930901.0,86,47
23931048.0,91,46
23931049.0,89,48
23931086.0,82,59
23931135.0,92,63
23931144.0,88,58
23931188.0,91,49
23931228.0,86,58
23931229.0,84,57
23931249.0,88,57
23931250.0,87,59
23931258.0,85,52
23931324.0,90,51
23931345.0,87,58
23931496.0,88,47
23931501.0,85,56
23931539.0,91,53
23931546.0,88,58
23931619.0,83,58
23931705.0,84,50
23931744.0,95,64
23931747.0,87,53
23931773.0,87,57
23931788.0,91,51
23931800.0,92,47
23931813.0,92,51
23931813.0,85,51
23931862.0,95,52
23931913.0,87,46
23931921.0,90,49
23931924.0,97,55
23931987.0,85,56
23932035.0,87,52
23932111.0,84,57
23932120.0,98,56
23932120.0,91,49
23932147.0,87,54
23932164.0,86,56
23932203.0,85,57
23932204.0,96,55
23932208.0,84,61
23932239.0,86,50
23932244.0,83,52
23932258.0,84,54
23932266.0,88,46
23932291.0,90,47
23932370.0,84,58
23932385.0,89,47
23932479.0,94,50
23932504.0,92,52
23932515.0,76,116
23932548.0,92,50
23932567.0,101,85
23932638.0,83,51
23932715.0,87,61
23932732.0,91,48
23932732.0,93,48
23932748.0,96,53
23932790.0,91,46
23932806.0,92,47
23932829.0,81,60
23932859.0,91,49
23932932.0,89,62
23932980.0,91,48
23932991.0,86,60
23933008.0,108,69
23933061.0,84,49
23933063.0,90,46
23933068.0,85,57
23933077.0,101,84
23933117.0,88,53
23933202.0,84,53
23933233.0,87,48
23933240.0,88,46
23933242.0,87,56
23933263.0,86,58
23933268.0,86,46
23933292.0,83,50
23933312.0,90,46
23933327.0,94,65
23933374.0,94,51
23933383.0,93,48
23933429.0,85,48
23933503.0,91,50
23933516.0,87,53
23933597.0,88,49
23933598.0,87,58
23933626.0,84,53
23933655.0,85,55
23933672.0,91,48
23933694.0,85,49
23933731.0,95,52
23933763.0,59,120
23933821.0,87,51
23933868.0,84,56
23933884.0,86,46
23933887.0,87,57
23933890.0,85,50
23933903.0,84,49
23933904.0,87,47
23933932.0,94,64
23933934.0,89,47
23934002.0,85,49
23934122.0,93,64
23934145.0,94,50
23934149.0,85,47
23934161.0,97,56
23934250.0,86,49
23934263.0,94,49
23934332.0,85,59
23934465.0,95,65
23934481.0,97,54
23934489.0,87,53
23934531.0,84,56
23934549.0,94,65
23934549.0,90,48
23934691.0,92,46
23934711.0,92,49
23934727.0,90,46
23934744.0,95,51
23934811.0,85,57
23934813.0,93,63
23934816.0,83,50
23934829.0,93,47
23934832.0,83,57
23934865.0,85,50
23934868.0,93,62
23934870.0,102,67
23934873.0,86,46
23934946.0,91,47
23934946.0,94,49
23934954.0,86,55
23935075.0,92,50
23935084.0,86,55
23935096.0,59,120
23935105.0,86,50
23935105.0,92,51
23935141.0,56,53
23935145.0,89,46
23935148.0,99,59
23935155.0,100,85
23935188.0,90,90
23935209.0,90,61
23935217.0,86,52
23935226.0,91,49
23935268.0,85,54
23935296.0,86,57
23935335.0,84,58
23935370.0,108,71
23935536.0,100,60
23935557.0,96,54
23935563.0,87,58
23935593.0,98,55
23935611.0,91,62
23935634.0,95,51
23935684.0,90,51
23935704.0,88,52
23935715.0,86,48
23935737.0,86,55
23935738.0,88,59
23935741.0,96,64
23935790.0,96,53
23935792.0,93,47
23935816.0,101,64
23935819.0,84,56
23935838.0,85,49
23935849.0,88,61
23935854.0,87,50
23935858.0,94,63
23935863.0,88,60
23935865.0,87,51
23935871.0,99,58
23935881.0,99,57
23935883.0,98,56
23935887.0,86,51
23935900.0,87,56
23935957.0,84,49
23935981.0,94,64
23936007.0,91,47
23936026.0,87,47
23936062.0,92,48
23936218.0,86,45
23936283.0,83,57
23936403.0,88,47
23936407.0,87,46
23936411.0,96,52
23936462.0,84,50
23936610.0,91,49
23936671.0,91,46
23936705.0,87,49
23936738.0,95,50
23936765.0,84,57
23936816.0,83,52
23936829.0,84,56
23936855.0,93,51
23936861.0,89,46
23936865.0,84,50
23936877.0,97,54
23936878.0,94,62
23936893.0,93,46
23936919.0,85,54
23936940.0,96,52
23937045.0,91,52
23937077.0,87,52
23937092.0,91,61
23937110.0,92,50
23937167.0,94,48
23937242.0,95,65
23937274.0,95,52
23937304.0,89,60
23937352.0,84,52
23937381.0,91,61
23937392.0,86,50
23937413.0,93,46
23937433.0,85,56
23937445.0,86,57
23937489.0,91,48
23937502.0,86,60
23937546.0,95,63
23937611.0,90,47
23937628.0,88,51
23937722.0,97,53
23937754.0,84,50
23937765.0,89,53
23937765.0,88,53
23937827.0,86,47
23937839.0,84,51
23937886.0,89,61
23937949.0,84,52
23937954.0,86,59
23938020.0,92,50
23938027.0,86,50
23938033.0,98,55
23938050.0,92,47
23938062.0,94,64
23938198.0,90,46
23938201.0,93,50
23938255.0,84,57
23938316.0,88,52
23938331.0,87,60
23938352.0,86,46
23938368.0,85,53
23938394.0,88,47
23938461.0,85,48
23938504.0,94,47
23938527.0,92,62
23938533.0,108,70
23938546.0,85,47
23938554.0,84,52
23938562.0,91,56
23938581.0,95,53
23938633.0,94,56
23938645.0,84,49
23938649.0,86,54
23938656.0,99,56
23938693.0,86,48
23938707.0,92,48
23938722.0,85,58
23938730.0,96,66
23938735.0,89,45
23938737.0,85,56
23938757.0,88,52
23938804.0,90,61
23938819.0,90,51
23938854.0,87,48
23938874.0,88,46
23938902.0,89,47
23938936.0,85,52
23938992.0,85,47
23938992.0,95,49
23939000.0,86,48
23939016.0,85,59
23939024.0,93,49
23939029.0,87,55
23939062.0,86,51
23939082.0,96,51
23939114.0,87,59
23939141.0,95,64
23939216.0,93,51
23939243.0,87,50
23939247.0,93,45
23939250.0,87,49
23939359.0,92,47
23939372.0,87,57
23939390.0,88,56
23939402.0,93,49
23939445.0,87,55
23939453.0,86,46
23939483.0,91,47
23939609.0,88,50
23939614.0,86,56
23939615.0,86,49
23939618.0,87,51
23939645.0,88,60
23939718.0,85,57
23939806.0,87,50
23939807.0,85,48
23939860.0,87,45
23939867.0,90,46
23939871.0,100,59
23939887.0,91,48
23939952.0,89,45
23940010.0,93,49
23940087.0,90,45
23940119.0,94,46
23940154.0,95,65
23940173.0,88,58
23940190.0,89,52
23940222.0,95,48
23940266.0,84,49
23940314.0,108,72
23940359.0,93,48
23940376.0,92,46
23940402.0,93,62
23940441.0,108,73
23940444.0,87,48
23940578.0,88,45
23940635.0,88,46
23940661.0,108,71
23940688.0,91,61
23940755.0,95,62
23940792.0,84,50
23940794.0,86,48
23940797.0,90,50
23940811.0,87,55
23940859.0,93,45
23940899.0,88,52
23940958.0,91,47
23940979.0,97,53
23941020.0,94,51
23941082.0,97,55
23941098.0,83,51
23941103.0,97,52
23941122.0,90,60
23941130.0,86,54
23941152.0,93,51
23941156.0,90,45
23941191.0,87,47
23941255.0,94,52
23941261.0,87,50
23941301.0,99,55
23941380.0,87,54
23941403.0,88,55
23941413.0,93,47
23941464.0,96,51
23941475.0,84,56
23941482.0,87,47
23941487.0,83,51
23941564.0,94,46
23941595.0,88,49
23941595.0,88,57
23941629.0,91,46
23941665.0,89,53
23941693.0,92,48
23941706.0,93,50
23941726.0,85,50
23941770.0,89,46
23941796.0,89,57
23941804.0,86,53
23941874.0,96,50
23941896.0,85,57
23941923.0,88,45
23942001.0,92,61
23942032.0,94,50
23942052.0,86,58
23942114.0,95,47
23942115.0,89,51
23942123.0,89,56
23942160.0,85,55
23942237.0,89,47
23942253.0,83,51
23942256.0,89,45
23942313.0,87,59
23942327.0,86,48
23942353.0,94,45
23942496.0,99,56
23942604.0,91,46
23942606.0,88,45
23942621.0,96,49
23942663.0,85,51
23942675.0,87,47
23942696.0,90,45
23942706.0,56,51
23942726.0,87,46
23942730.0,87,56
23942857.0,92,48
23942923.0,87,49
23942988.0,95,47
23943003.0,85,56
23943102.0,94,49
23943112.0,56,50
23943130.0,90,47
23943222.0,94,45
23943234.0,91,45
23943259.0,86,55
23943283.0,87,57
23943286.0,93,49
23943294.0,88,59
23943325.0,103,73
23943353.0,93,46
23943436.0,99,55
23943453.0,85,50
23943501.0,100,57
23943592.0,92,47
23943623.0,85,55
23943702.0,87,54
23943710.0,96,48
23943745.0,87,45
23943775.0,91,45
23943807.0,95,48
23943815.0,95,63
23943835.0,96,49
23943864.0,95,46
23943977.0,94,48
23944000.0,89,45
23944005.0,85,48
23944030.0,87,54
23944058.0,88,51
23944104.0,85,49
23944265.0,89,59
23944311.0,89,52
23944366.0,86,52
23944457.0,88,47
23944466.0,92,47
23944484.0,84,56
23944488.0,87,48
23944501.0,86,51
23944503.0,90,46
23944557.0,93,47
23944577.0,96,64
23944608.0,97,52
23944612.0,86,57
23944666.0,100,59
23944672.0,86,53
23944719.0,90,47
23944752.0,89,50
23944777.0,93,45
23944820.0,88,48
23944885.0,86,47
23944894.0,84,56
23944941.0,85,56
23944943.0,88,55
23944947.0,99,60
23944965.0,88,54
23944994.0,95,45
23945004.0,91,48
23945041.0,87,58
23945047.0,88,50
23945147.0,96,48
23945166.0,93,48
23945185.0,91,48
23945225.0,90,52
23945239.0,88,59
23945274.0,89,60
23945297.0,89,55
23945307.0,92,46
23945365.0,96,62
23945449.0,90,60
23945454.0,95,45
23945476.0,99,54
23945596.0,100,56
23945645.0,97,50
23945663.0,85,48
23945692.0,87,55
23945708.0,96,47
23945714.0,86,57
23945760.0,87,53
23945792.0,101,61
23945817.0,88,50
23945824.0,91,60
23945860.0,90,59
23945884.0,98,54
23945908.0,95,50
23945969.0,88,46
23945971.0,95,64
23946013.0,90,45
23946020.0,97,51
23946031.0,94,47
23946041.0,87,47
23946065.0,90,51
23946186.0,95,46
23946206.0,94,50
23946235.0,89,49
23946253.0,89,52
23946358.0,86,51
23946377.0,94,46
23946385.0,88,58
23946388.0,90,46
23946388.0,86,55
23946393.0,98,52
23946407.0,93,47
23946524.0,91,45
23946589.0,96,47
23946616.0,87,55
23946619.0,91,47
23946634.0,87,47
23946642.0,92,60
23946674.0,88,45
23946693.0,89,44
23946821.0,89,56
23946890.0,88,54
23946911.0,98,53
23946933.0,98,70
23946984.0,90,50
23947029.0,86,56
23947039.0,86,50
23947044.0,88,56
23947087.0,96,63
23947106.0,96,46
23947137.0,92,45
23947151.0,85,55
23947234.0,89,57
23947236.0,100,55
23947240.0,85,54
23947316.0,97,49
23947366.0,91,44
23947370.0,88,48
23947390.0,92,61
23947453.0,95,48
23947502.0,88,49
23947556.0,89,44
23947668.0,89,55
23947681.0,95,87
23947729.0,86,54
23947730.0,94,88
23947741.0,88,46
23947743.0,95,45
23947797.0,97,50
23947798.0,95,49
23947825.0,89,51
23947878.0,91,60
23947899.0,89,48
23947948.0,91,47
23948043.0,97,48
23948048.0,99,55
23948054.0,94,45
23948057.0,101,60
23948058.0,88,55
23948058.0,95,62
23948094.0,94,49
23948114.0,89,56
23948129.0,87,57
23948154.0,94,63
23948204.0,93,47
23948325.0,90,55
23948374.0,85,55
23948427.0,94,61
23948445.0,99,54
23948561.0,95,62
23948590.0,90,52
23948608.0,96,45
23948629.0,92,44
23948662.0,95,64
23948676.0,96,46
23948695.0,95,50
23948721.0,98,51
23948746.0,88,45
23948752.0,92,45
23948767.0,89,47
23948842.0,91,46
23948957.0,98,52
23948973.0,90,50
23949025.0,95,50
23949114.0,88,55
23949161.0,95,47
23949185.0,100,55
23949209.0,86,48
23949212.0,100,58
23949235.0,97,47
23949250.0,88,48
23949288.0,99,53
23949339.0,86,55
23949343.0,92,48
23949355.0,86,47
23949390.0,92,49
23949428.0,90,44
23949429.0,95,46
23949455.0,88,58
23949495.0,100,56
23949535.0,93,46
23949562.0,86,54
23949645.0,91,45
23949648.0,89,54
23949791.0,87,51
23949797.0,99,66
23949949.0,93,45
23949985.0,88,47
23950003.0,95,48
23950016.0,91,51
23950073.0,101,58
23950103.0,101,59
23950133.0,87,54
23950134.0,97,48
23950144.0,89,58
23950150.0,92,47
23950193.0,87,51
23950210.0,89,50
23950229.0,90,49
23950267.0,91,51
23950390.0,94,48
23950406.0,90,51
23950435.0,98,51
23950435.0,98,46
23950438.0,94,47
23950450.0,93,60
23950457.0,97,49
23950575.0,95,45
23950708.0,91,46
23950763.0,92,52
23950764.0,101,57
23950775.0,89,46
23950826.0,93,45
23950829.0,90,52
23950892.0,89,45
23950997.0,91,51
23951018.0,88,57
23951020.0,98,50
23951043.0,88,52
23951047.0,109,70
23951154.0,86,55
23951172.0,87,51
23951212.0,92,44
23951217.0,97,46
23951223.0,100,55
23951241.0,91,51
23951244.0,85,54
23951285.0,96,44
23951291.0,88,55
23951309.0,92,48
23951323.0,97,51
23951374.0,88,52
23951418.0,100,54
23951533.0,93,44
23951538.0,96,50
23951549.0,89,49
23951552.0,88,53
23951574.0,95,45
23951606.0,90,59
23951652.0,98,49
23951677.0,91,50
23951694.0,88,46
23951721.0,99,52
23951745.0,90,58
23951754.0,97,52
23951837.0,87,54
23951864.0,87,50
23951881.0,87,56
23951926.0,97,45
23951952.0,90,48
23951964.0,97,84
23952008.0,98,48
23952051.0,95,49
23952077.0,93,51
23952089.0,97,47
23952096.0,101,56
23952115.0,89,53
23952163.0,107,73
23952244.0,99,53
23952266.0,91,59
23952277.0,88,52
23952306.0,93,61
23952312.0,87,51
23952364.0,91,45
23952423.0,96,61
23952440.0,88,46
23952453.0,90,50
23952462.0,90,51
23952515.0,91,49
23952546.0,93,44
23952552.0,96,48
23952568.0,89,44
23952592.0,90,47
23952592.0,96,49
23952633.0,98,49
23952637.0,89,48
23952708.0,90,55
23952761.0,87,49
23952791.0,89,58
23952814.0,94,46
23952840.0,98,48
23952858.0,101,57
23952875.0,96,47
23952916.0,88,54
23952933.0,100,54
23952975.0,97,46
23952979.0,87,48
23952979.0,95,48
23952982.0,91,50
23952996.0,89,47
23953082.0,92,45
23953200.0,89,57
23953204.0,89,55
23953226.0,66,57
23953242.0,87,47
23953471.0,87,48
23953477.0,98,51
23953514.0,95,46
23953555.0,86,54
23953571.0,91,44
23953612.0,86,53
23953621.0,90,50
23953639.0,109,70
23953641.0,99,51
23953678.0,96,46
23953692.0,99,52
23953704.0,87,57
23953722.0,90,54
23953755.0,88,54
23953778.0,98,47
23953786.0,90,46
23953808.0,89,52
23953824.0,96,48
23953835.0,95,61
23953839.0,95,46
23953872.0,87,53
23953929.0,88,51
23954287.0,89,46
23954351.0,92,44
23954371.0,89,53
23954442.0,101,58
23954483.0,95,47
23954533.0,93,44
23954562.0,95,49
23954562.0,91,51
23954595.0,87,47
23954657.0,87,55
23954706.0,98,50
23954717.0,94,45
23954757.0,100,53
23954759.0,92,45
23954811.0,87,48
23954815.0,90,55
23954826.0,87,55
23954831.0,92,46
23954851.0,94,61
23954883.0,97,45
23954918.0,97,44
23954982.0,86,54
23954983.0,103,62
23955012.0,96,64
23955013.0,96,63
23955027.0,56,60
23955042.0,95,48
23955069.0,87,48
23955090.0,90,49
23955093.0,93,47
23955117.0,94,44
23955118.0,87,47
23955140.0,88,50
23955231.0,90,53
23955289.0,101,55
23955332.0,87,54
23955342.0,98,45
23955365.0,88,56
23955388.0,89,57
23955406.0,88,57
23955428.0,99,51
23955429.0,94,75
23955431.0,98,46
23955440.0,91,43
23955502.0,91,48
23955522.0,90,48
23955526.0,96,45
23955535.0,100,87
23955536.0,91,59
23955584.0,109,71
23955587.0,89,46
23955596.0,95,77
23955647.0,90,87
23955676.0,100,87
23955686.0,89,55
23955704.0,99,50
23955743.0,96,65
23955749.0,91,59
23955768.0,90,44
23955787.0,89,57
23955794.0,92,51
23955796.0,108,71
23955812.0,88,55
23955838.0,91,58
23955842.0,96,49
23955852.0,96,50
23955860.0,93,60
23955891.0,88,53
23955906.0,89,52
23955953.0,93,74
23956001.0,90,45
23956013.0,91,50
23956034.0,97,49
23956047.0,92,44
23956154.0,87,53
23956213.0,99,49
23956231.0,91,59
23956267.0,95,66
23956277.0,97,50
23956291.0,101,57
23956371.0,104,64
23956374.0,86,53
23956396.0,93,59
23956442.0,91,59
23956447.0,95,46
23956482.0,99,48
23956523.0,92,59
23956535.0,88,49
23956564.0,88,53
23956568.0,90,48
23956643.0,90,53
23956662.0,97,63
23956718.0,89,54
23956719.0,91,47
23956747.0,98,47
23956749.0,92,43
23956784.0,91,60
23956787.0,96,86
23956792.0,91,56
23956795.0,98,45
23956810.0,87,54
23956816.0,90,58
23956824.0,91,50
23956847.0,98,44
23956900.0,93,45
23956925.0,97,48
23956943.0,88,47
23956960.0,100,52
23957040.0,90,54
23957057.0,92,58
23957069.0,99,47
23957079.0,90,55
23957088.0,88,48
23957097.0,97,47
23957102.0,93,44
23957141.0,103,63
23957167.0,56,55
23957171.0,87,48
23957187.0,102,60
23957232.0,97,46
23957307.0,96,44
23957321.0,89,51
23957343.0,94,75
23957349.0,93,44
23957367.0,97,48
23957372.0,96,48
23957374.0,102,61
23957377.0,88,48
23957382.0,87,48
23957387.0,91,46
23957392.0,97,49
23957407.0,92,50
23957457.0,95,45
23957473.0,89,45
23957483.0,96,62
23957498.0,96,49
23957505.0,88,46
23957631.0,90,46
23957682.0,99,49
23957743.0,90,57
23957743.0,100,53
23957786.0,99,54
23957821.0,89,57
23957846.0,91,54
23957852.0,98,44
23957862.0,99,48
23957871.0,100,56
23957903.0,92,49
23957927.0,91,45
23957951.0,97,45
23957974.0,94,43
23957996.0,94,60
23958043.0,87,52
23958105.0,101,54
23958122.0,109,73
23958138.0,97,48
23958143.0,90,52
23958162.0,89,53
23958170.0,92,51
23958178.0,99,46
23958182.0,103,64
23958287.0,93,44
23958298.0,88,54
23958344.0,89,57
23958382.0,98,44
23958404.0,109,72
23958469.0,93,45
23958478.0,95,44
23958479.0,97,48
23958501.0,87,46
23958561.0,92,43
23958646.0,99,45
23958647.0,90,54
23958675.0,91,49
23958707.0,89,56
23958829.0,97,44
23958860.0,97,50
23958869.0,99,50
23958900.0,108,75
23958914.0,87,53
23958969.0,92,48
23959053.0,90,45
23959053.0,87,52
23959097.0,88,55
23959118.0,102,63
23959158.0,91,43
23959287.0,91,53
23959288.0,97,48
23959307.0,91,58
23959340.0,96,47
23959369.0,100,52
23959382.0,99,47
23959461.0,97,61
23959468.0,96,48
23959510.0,88,47
23959553.0,93,43
23959577.0,97,48
23959610.0,91,44
23959680.0,99,46
23959762.0,101,55
23959832.0,102,58
23959832.0,94,46
23959835.0,95,43
23959862.0,90,56
23959869.0,96,46
23959933.0,84,105
23959987.0,87,53
23960035.0,100,51
23960043.0,90,57
23960066.0,95,49
23960103.0,101,53
23960111.0,100,50
23960122.0,96,61
23960128.0,91,48
23960128.0,99,45
23960130.0,89,53
23960131.0,92,47
23960136.0,89,55
23960156.0,88,47
23960174.0,102,56
23960222.0,89,49
23960223.0,95,60
23960235.0,100,49
23960242.0,90,51
23960258.0,91,57
23960272.0,99,51
23960279.0,97,48
23960319.0,92,57
23960319.0,102,57
23960358.0,94,48
23960421.0,102,62
23960429.0,91,43
23960436.0,97,49
23960474.0,102,59
23960514.0,100,48
23960528.0,93,49
23960589.0,97,45
23960598.0,99,45
23960600.0,93,44
23960609.0,91,47
23960705.0,103,63
23960712.0,104,63
23960713.0,88,52
23960729.0,97,48
23960731.0,99,44
23960733.0,92,58
23960751.0,98,47
23960774.0,100,49
23960811.0,98,49
23960862.0,96,45
23960903.0,93,58
23960923.0,92,50
23960938.0,92,46
23960976.0,98,46
23960979.0,100,50
23961015.0,93,46
23961031.0,93,50
23961153.0,90,45
23961189.0,93,59
23961275.0,91,54
23961279.0,90,52
23961307.0,101,52
23961318.0,90,53
23961355.0,89,45
23961375.0,92,45
23961376.0,97,48
23961401.0,91,47
23961423.0,98,48
23961447.0,90,54
23961536.0,92,51
23961540.0,89,48
23961551.0,100,48
23961560.0,89,52
23961569.0,95,48
23961587.0,94,44
23961667.0,92,47
23961694.0,92,54
23961696.0,89,46
23961704.0,100,47
23961735.0,89,47
23961769.0,96,45
23961846.0,91,46
23961950.0,96,44
23961990.0,97,48
23962012.0,89,48
23962056.0,90,51
23962064.0,94,59
23962096.0,91,45
23962218.0,100,46
23962241.0,87,52
23962252.0,90,50
23962298.0,93,43
23962307.0,100,49
23962322.0,92,49
23962337.0,92,44
23962345.0,98,64
23962397.0,95,63
23962400.0,93,42
23962403.0,103,62
23962426.0,93,51
23962484.0,93,55
23962553.0,98,44
23962562.0,99,44
23962639.0,95,49
23962648.0,94,43
23962681.0,89,55
23962746.0,97,62
23962747.0,98,45
23962845.0,97,44
23962887.0,90,56
23962898.0,101,56
23962982.0,92,43
23963016.0,98,62
23963035.0,91,52
23963037.0,98,49
23963111.0,94,58
23963187.0,95,47
23963268.0,100,46
23963333.0,88,53
23963393.0,102,54
23963413.0,89,52
23963422.0,95,46
23963607.0,90,53
23963699.0,94,44
23963704.0,91,56
23963707.0,88,53
23963712.0,96,43
23963789.0,101,54
23963994.0,90,52
23964003.0,90,50
23964074.0,101,51
23964098.0,91,56
23964116.0,92,48
23964122.0,93,49
23964125.0,89,53
23964165.0,105,84
23964169.0,100,51
23964208.0,88,53
23964232.0,91,44
23964234.0,100,45
23964253.0,93,42
23964290.0,89,54
23964317.0,102,56
23964340.0,87,52
23964351.0,97,46
23964372.0,93,46
23964402.0,97,45
23964473.0,97,47
23964490.0,95,47
23964507.0,96,43
23964520.0,101,52
23964526.0,95,45
23964628.0,100,44
23964676.0,88,51
23964676.0,100,47
23964710.0,101,53
23964720.0,90,52
23964730.0,93,48
23964738.0,93,50
23964755.0,101,47
23964761.0,94,43
23964770.0,99,46
23964781.0,92,47
23964787.0,87,52
23964800.0,96,60
23964821.0,95,48
23964836.0,95,60
23964852.0,91,57
23964887.0,89,48
23964894.0,88,52
23964895.0,101,50
23964905.0,95,59
23964953.0,95,45
23964991.0,101,48
23965022.0,89,49
23965077.0,93,47
23965132.0,91,51
23965138.0,94,42
23965140.0,96,59
23965192.0,92,57
23965288.0,90,50
23965300.0,99,45
23965307.0,90,49
23965309.0,93,50
23965388.0,102,54
23965407.0,93,49
23965414.0,90,55
23965419.0,57,50
23965468.0,90,45
23965470.0,103,65
23965500.0,99,49
23965563.0,97,44
23965578.0,90,48
23965586.0,99,44
23965593.0,99,48
23965605.0,101,48
23965621.0,91,53
23965636.0,102,53
23965665.0,90,49
23965677.0,89,51
23965714.0,92,45
23965721.0,94,45
23965756.0,92,44
23965812.0,93,44
23965828.0,99,47
23965850.0,93,45
23965868.0,95,43
23965933.0,101,49
23965952.0,93,49
23965970.0,91,56
23965973.0,99,44
23966014.0,91,50
23966033.0,101,46
23966052.0,96,48
23966066.0,95,46
23966068.0,94,50
23966109.0,89,53
23966114.0,101,43
23966147.0,98,49
23966154.0,90,47
23966166.0,99,47
23966172.0,92,44
23966185.0,100,48
23966235.0,93,46
23966285.0,90,46
23966308.0,96,50
23966315.0,101,51
23966347.0,93,43
23966355.0,96,49
23966409.0,101,50
23966467.0,101,47
23966588.0,93,42
23966621.0,92,52
23966683.0,98,48
23966715.0,97,43
23966726.0,102,66
23966734.0,100,45
23966848.0,99,47
23966891.0,93,58
23966901.0,101,46
23966960.0,99,44
23966988.0,94,49
23967050.0,96,48
23967087.0,93,48
23967130.0,88,53
23967191.0,94,57
23967204.0,94,42
23967275.0,93,57
23967281.0,101,45
23967286.0,94,48
23967355.0,102,52
23967412.0,91,52
23967416.0,92,56
23967421.0,103,59
23967428.0,91,50
23967432.0,103,57
23967438.0,94,59
23967448.0,90,51
23967526.0,99,45
23967585.0,95,42
23967618.0,99,49
23967650.0,92,44
23967720.0,89,52
23967777.0,105,64
23967781.0,102,58
23967782.0,88,51
23967789.0,99,49
23967807.0,90,54
23967856.0,102,54
23967865.0,94,50
23967868.0,96,45
23967965.0,89,51
23967981.0,96,46
23968009.0,99,46
23968046.0,102,53
23968172.0,92,57
23968211.0,92,49
23968249.0,93,47
23968317.0,100,45
23968362.0,98,45
23968424.0,103,56
23968469.0,98,46
23968612.0,92,51
23968742.0,93,46
23968898.0,91,55
23968900.0,91,49
23968934.0,103,61
23968944.0,102,52
23969027.0,90,53
23969031.0,101,44
23969070.0,94,46
23969122.0,94,45
23969176.0,98,47
23969215.0,92,52
23969235.0,98,48
23969244.0,106,68
23969246.0,96,45
23969280.0,103,55
23969291.0,94,48
23969310.0,91,44
23969331.0,103,59
23969342.0,94,47
23969403.0,92,43
23969408.0,91,48
23969446.0,90,51
23969511.0,91,46
23969538.0,91,54
23969574.0,100,47
23969580.0,94,47
23969587.0,101,48
23969588.0,97,49
23969597.0,94,48
23969623.0,106,69
23969638.0,93,45
23969661.0,100,48
23969710.0,95,51
23969737.0,97,60
23969785.0,93,56
23969790.0,93,55
23969811.0,97,49
23969829.0,93,48
23969873.0,93,44
23969893.0,102,48
23969948.0,102,51
23969962.0,96,43
23969992.0,94,44
23969996.0,96,63
23969997.0,91,45
23970000.0,94,49
23970007.0,101,45
23970032.0,91,51
23970078.0,97,48
23970131.0,100,45
23970131.0,102,45
23970164.0,103,54
23970187.0,56,62
23970198.0,103,62
23970204.0,99,49
23970230.0,98,44
23970234.0,100,46
23970238.0,89,51
23970251.0,102,50
23970289.0,98,59
23970307.0,97,50
23970346.0,97,49
23970355.0,102,57
23970388.0,98,43
23970430.0,95,42
23970456.0,102,46
23970466.0,94,50
23970482.0,103,57
23970485.0,102,49
23970496.0,96,43
23970558.0,100,49
23970604.0,102,47
23970640.0,94,43
23970643.0,96,59
23970648.0,103,60
23970661.0,100,44
23970672.0,91,54
23970702.0,92,50
23970706.0,91,52
23970707.0,89,50
23970747.0,97,49
23970754.0,92,52
23970803.0,93,52
23970832.0,95,50
23970837.0,91,51
23970912.0,92,56
23971062.0,99,46
23971196.0,97,46
23971198.0,99,48
23971204.0,90,49
23971230.0,95,48
23971235.0,95,49
23971247.0,96,42
23971254.0,101,49
23971307.0,98,60
23971328.0,96,46
23971352.0,93,51
23971386.0,92,49
23971523.0,90,52
23971538.0,90,49
23971550.0,96,60
23971552.0,102,44
23971578.0,94,48
23971599.0,102,45
23971663.0,92,53
23971671.0,105,63
23971695.0,95,58
23971730.0,99,47
23971874.0,89,51
23971911.0,97,48
23971917.0,98,42
23971958.0,66,68
23971975.0,90,50
23971993.0,101,58
23972072.0,92,55
23972136.0,99,45
23972143.0,92,52
23972184.0,54,54
23972188.0,93,57
23972327.0,103,55
23972499.0,53,55
23972499.0,54,54
23972578.0,93,44
23972688.0,95,59
23972701.0,99,47
23972745.0,92,44
23972806.0,97,47
23972831.0,99,44
23972870.0,102,52
23972910.0,91,50
23972937.0,97,46
23972992.0,96,47
23973055.0,53,56
23973114.0,93,43
23973116.0,94,56
23973146.0,90,51
23973148.0,103,53
23973182.0,102,48
23973191.0,93,52
23973201.0,102,49
23973259.0,102,45
23973317.0,94,46
23973319.0,102,50
23973326.0,93,51
23973355.0,97,42
23973385.0,101,51
23973405.0,99,46
23973412.0,102,46
23973424.0,91,52
23973434.0,95,46
23973475.0,93,50
23973487.0,94,44
23973526.0,92,49
23973577.0,89,50
23973633.0,103,56
23973670.0,102,44
23973673.0,101,45
23973696.0,93,52
23973699.0,92,47
23973752.0,103,46
23973771.0,93,55
23973809.0,103,48
23973900.0,95,47
23973915.0,102,51
23973924.0,91,53
23973951.0,95,45
23974006.0,101,44
23974024.0,100,47
23974141.0,95,57
23974145.0,92,44
23974169.0,98,48
23974188.0,93,56
23974259.0,93,50
23974285.0,99,43
23974373.0,95,47
23974393.0,92,48
23974429.0,103,52
23974433.0,95,44
23974540.0,91,50
23974554.0,103,44
23974561.0,101,48
23974571.0,92,45
23974615.0,94,52
23974633.0,93,52
23974670.0,97,42
23974786.0,104,56
23974878.0,103,51
23974941.0,93,49
23974955.0,101,46
23975000.0,101,49
23975040.0,96,41
23975051.0,101,47
23975068.0,99,42
23975086.0,103,49
23975108.0,100,47
23975199.0,93,49
23975243.0,89,52
23975253.0,95,58
23975271.0,94,43
23975275.0,103,48
23975294.0,98,61
23975346.0,103,50
23975460.0,103,44
23975494.0,95,52
23975562.0,98,49
23975613.0,95,48
23975631.0,98,63
23975704.0,100,48
23975794.0,95,42
23975956.0,92,53
23975968.0,93,43
23975991.0,103,49
23976010.0,92,51
23976014.0,99,44
23976037.0,101,49
23976040.0,103,47
23976081.0,94,57
23976084.0,100,46
23976098.0,92,50
23976126.0,103,45
23976253.0,97,60
23976312.0,103,51
23976326.0,95,48
23976368.0,104,55
23976372.0,90,50
23976378.0,92,54
23976382.0,96,49
23976390.0,96,47
23976422.0,95,46
23976445.0,93,49
23976463.0,103,48
23976540.0,95,53
23976664.0,91,51
23976700.0,93,49
23976701.0,98,42
23976712.0,100,45
23976723.0,91,49
23976726.0,93,44
23976855.0,91,52
23976877.0,97,41
23976925.0,100,49
23977016.0,103,44
23977042.0,95,56
23977135.0,96,58
23977167.0,91,49
23977185.0,102,46
23977198.0,96,48
23977226.0,94,51
23977270.0,104,54
23977277.0,100,44
23977327.0,101,48
23977372.0,98,48
23977450.0,103,48
23977455.0,102,45
23977489.0,93,49
23977537.0,102,44
23977601.0,97,49
23977601.0,93,55
23977655.0,93,51
23977661.0,100,47
23977696.0,69,70
23977717.0,90,51
23977759.0,93,49
23977809.0,96,59
23977814.0,95,45
23977822.0,104,55
23977827.0,93,55
23977839.0,93,45
23977840.0,104,45
23977844.0,100,43
23977853.0,94,42
23977872.0,95,43
23977945.0,96,49
23977974.0,103,53
23977996.0,97,59
23978015.0,93,54
23978025.0,91,51
23978026.0,95,47
23978037.0,104,59
23978074.0,103,54
23978098.0,96,41
23978109.0,96,42
23978120.0,96,46
23978126.0,102,47
23978165.0,93,47
23978233.0,96,47
23978238.0,96,45
23978240.0,104,47
23978309.0,104,57
23978309.0,93,46
23978321.0,96,43
23978376.0,94,55
23978516.0,93,47
23978517.0,107,67
23978575.0,95,44
23978611.0,98,87
23978638.0,93,55
23978659.0,99,44
23978723.0,93,48
23978738.0,104,45
23978749.0,92,49
23978771.0,98,62
23978806.0,91,49
23978847.0,106,65
23978881.0,99,44
23978886.0,99,47
23978897.0,104,44
23978935.0,93,49
23978936.0,104,48
23978968.0,104,53
23978977.0,104,54
23978983.0,94,50
23978993.0,89,88
23979024.0,93,50
23979041.0,96,48
23979072.0,104,46
23979155.0,101,48
23979167.0,105,66
23979194.0,91,50
23979229.0,93,47
23979373.0,102,46
23979455.0,96,44
23979463.0,99,48
23979467.0,97,65
23979507.0,104,48
23979531.0,104,52
23979554.0,100,42
23979562.0,103,48
23979568.0,92,53
23979584.0,104,53
23979605.0,92,49
23979617.0,101,49
23979689.0,104,44
23979747.0,102,47
23979806.0,104,49
23979814.0,96,44
23979856.0,95,57
23979905.0,96,47
23979928.0,101,47
23979953.0,102,48
23979984.0,104,47
23980085.0,92,51
23980096.0,94,56
23980163.0,94,43
23980164.0,92,52
23980182.0,92,46
23980218.0,98,42
23980225.0,93,44
23980237.0,101,48
23980337.0,102,45
23980341.0,94,49
23980345.0,99,43
23980376.0,94,50
23980498.0,101,46
23980570.0,92,87
23980677.0,95,42
23980698.0,104,49
23980717.0,96,88
23980773.0,91,49
23980775.0,96,48
23980777.0,83,110
23980803.0,93,53
23980835.0,102,49
23980836.0,95,89
23980847.0,101,45
23980879.0,101,44
23980880.0,92,49
23980951.0,104,51
23981026.0,97,48
23981033.0,101,47
23981045.0,96,49
23981075.0,96,43
23981086.0,104,52
23981093.0,99,47
23981094.0,103,44
23981158.0,99,42
23981175.0,96,45
23981209.0,94,44
23981246.0,97,41
23981272.0,97,47
23981355.0,96,46
23981361.0,99,48
23981405.0,99,41
23981412.0,101,43
23981423.0,104,45
23981513.0,101,42
23981637.0,104,50
23981647.0,104,62
23981651.0,91,49
23981757.0,99,49
23981798.0,99,44
23981826.0,93,49
23981837.0,97,43
23981940.0,97,42
23982027.0,103,45
23982048.0,95,55
23982090.0,95,51
23982145.0,97,45
23982163.0,96,42
23982269.0,91,49
23982323.0,93,54
23982374.0,94,50
23982456.0,94,48
23982480.0,103,46
23982490.0,105,46
23982514.0,92,50
23982551.0,96,45
23982588.0,97,44
23982782.0,103,52
23982789.0,92,48
23982845.0,95,50
23982852.0,91,49
23982879.0,104,59
23982902.0,97,49
23982950.0,67,73
23982966.0,104,53
23983062.0,105,45
23983212.0,99,43
23983282.0,105,46
23983317.0,105,47
23983318.0,97,48
23983340.0,94,45
23983396.0,97,46
23983457.0,103,47
23983480.0,91,49
23983507.0,104,51
23983541.0,105,55
23983633.0,94,55
23983683.0,105,48
23983718.0,96,47
23983799.0,100,42
23983802.0,102,46
23983823.0,99,42
23983831.0,94,54
23983881.0,95,42
23983926.0,105,44
23983933.0,102,47
23984064.0,95,43
23984089.0,98,58
23984157.0,93,49
23984166.0,97,47
23984173.0,100,43
23984179.0,102,45
23984182.0,104,48
23984227.0,92,49
23984250.0,99,41
23984261.0,105,49
23984293.0,103,48
23984376.0,95,48
23984409.0,94,50
23984449.0,97,43
23984474.0,95,50
23984522.0,100,47
23984545.0,102,43
23984559.0,95,56
23984574.0,97,48
23984629.0,96,56
23984633.0,102,49
23984680.0,100,48
23984692.0,93,48
23984739.0,93,53
23984742.0,98,41
23984747.0,98,59
23984752.0,98,48
23984780.0,102,47
23984786.0,94,53
23984792.0,95,53
23984803.0,102,42
23984813.0,95,49
23984868.0,102,44
23984903.0,97,45
23984916.0,59,55
23984931.0,102,48
23984952.0,97,44
23984967.0,105,56
23985012.0,97,46
23985042.0,97,42
23985049.0,105,52
23985067.0,94,49
23985154.0,105,55
23985189.0,105,54
23985201.0,104,44
23985331.0,102,45
23985409.0,104,50
23985422.0,105,53
23985515.0,98,43
23985540.0,93,51
23985551.0,105,49
23985569.0,105,57
23985636.0,93,48
23985653.0,100,42
23985682.0,104,45
23985758.0,105,51
23985764.0,92,49
23985804.0,104,62
23985832.0,100,43
23985832.0,102,46
23985872.0,104,63
23985927.0,96,51
23985973.0,97,57
23985997.0,105,47
23986031.0,104,57
23986099.0,105,48
23986137.0,105,46
23986139.0,105,50
23986158.0,98,45
23986209.0,98,42
23986257.0,102,47
23986269.0,102,42
23986293.0,98,47
23986306.0,103,49
23986349.0,95,55
23986376.0,96,57
23986415.0,98,46
23986442.0,102,44
23986449.0,101,42
23986460.0,100,47
23986547.0,94,54
23986566.0,105,53
23986586.0,98,44
23986639.0,106,46
23986641.0,104,52
23986643.0,95,48
23986652.0,95,50
23986666.0,106,45
23986731.0,100,41
23986753.0,105,52
23986793.0,95,46
23986813.0,97,52
23986827.0,105,51
23986829.0,104,49
23986898.0,93,49
23986905.0,83,108
23986946.0,95,51
23987002.0,92,51
23987020.0,105,49
23987025.0,95,45
23987072.0,96,50
23987117.0,104,46
23987126.0,95,47
23987245.0,92,48
23987294.0,105,54
23987305.0,97,42
23987317.0,105,50
23987336.0,106,45
23987423.0,100,48
23987433.0,96,51
23987478.0,94,52
23987481.0,106,44
23987571.0,106,47
23987612.0,83,109
23987621.0,105,63
23987681.0,106,46
23987694.0,100,40
23987744.0,70,56
23987751.0,104,47
23987763.0,96,42
23987820.0,105,58
23987872.0,95,54
23987880.0,105,63
23987883.0,101,49
23987945.0,94,48
23987957.0,93,50
23987987.0,103,43
23987993.0,98,42
23988011.0,102,43
23988029.0,81,51
23988118.0,101,42
23988259.0,106,48
23988291.0,98,47
23988335.0,93,47
23988423.0,99,41
23988475.0,98,43
23988482.0,96,49
23988502.0,103,42
23988511.0,105,55
23988539.0,101,48
23988554.0,98,48
23988577.0,104,55
23988579.0,93,49
23988598.0,101,41
23988627.0,96,43
23988686.0,99,43
23988687.0,103,45
23988726.0,101,47
23988887.0,104,54
23988902.0,103,55
23988920.0,101,42
23988930.0,103,43
23988944.0,98,44
23988975.0,95,49
23988977.0,104,48
23988991.0,96,43
23989022.0,103,44
23989059.0,97,51
23989066.0,99,42
23989089.0,105,56
23989119.0,103,46
23989129.0,100,46
23989143.0,98,47
23989156.0,105,51
23989195.0,105,57
23989213.0,98,45
23989229.0,96,48
23989275.0,106,47
23989320.0,105,59
23989546.0,103,49
23989565.0,106,48
23989712.0,106,49
23989728.0,103,47
23989787.0,103,48
23989796.0,105,44
23989831.0,98,42
23989843.0,99,48
23989844.0,95,48
23989895.0,99,45
23990099.0,99,47
23990100.0,101,47
23990191.0,106,46
23990258.0,97,47
23990285.0,103,47
23990292.0,99,47
23990330.0,95,53
23990354.0,101,48
23990418.0,96,55
23990428.0,99,44
23990455.0,104,49
23990502.0,94,53
23990534.0,98,46
23990567.0,96,56
23990587.0,101,45
23990624.0,106,49
23990670.0,106,44
23990678.0,97,42
23990687.0,105,46
23990710.0,107,46
23990775.0,95,48
23990830.0,97,52
23990963.0,96,46
23990969.0,96,47
23990977.0,94,47
23991028.0,107,45
23991044.0,105,52
23991101.0,99,46
23991158.0,94,52
23991159.0,106,50
23991174.0,99,47
23991206.0,97,57
23991255.0,107,47
23991346.0,107,44
23991346.0,102,49
23991380.0,106,54
23991437.0,99,42
23991459.0,103,42
23991468.0,104,49
23991480.0,107,46
23991497.0,99,46
23991506.0,104,42
23991508.0,96,47
23991539.0,94,50
23991578.0,105,50
23991607.0,101,41
23991644.0,102,43
23991846.0,98,58
23991859.0,106,50
23991918.0,102,44
23991926.0,102,41
23991965.0,106,53
23991983.0,107,47
23992054.0,98,57
23992178.0,104,42
23992195.0,105,45
23992256.0,97,51
23992270.0,106,44
23992318.0,105,47
23992324.0,94,49
23992327.0,101,40
23992358.0,99,47
23992359.0,102,40
23992368.0,106,52
23992399.0,104,43
23992412.0,104,45
23992445.0,103,45
23992488.0,107,44
23992491.0,101,43
23992493.0,105,45
23992497.0,105,59
23992581.0,94,49
23992628.0,105,47
23992652.0,95,52
23992750.0,105,53
23992790.0,100,42
23992807.0,83,107
23992874.0,97,43
23992915.0,106,54
23992921.0,107,48
23993040.0,106,55
23993069.0,106,51
23993099.0,97,49
23993127.0,106,52
23993134.0,102,47
23993146.0,102,45
23993147.0,104,46
23993178.0,102,43
23993200.0,99,48
23993255.0,104,44
23993287.0,94,49
23993294.0,103,49
23993299.0,106,56
23993370.0,104,45
23993387.0,102,42
23993461.0,99,47
23993480.0,95,47
23993513.0,95,51
23993532.0,99,45
23993551.0,100,41
23993587.0,104,47
23993592.0,102,44
23993612.0,102,48
23993623.0,107,49
23993630.0,100,40
23993642.0,99,46
23993653.0,102,41
23993689.0,105,48
23993833.0,97,44
23993900.0,99,41
23993939.0,104,49
23993951.0,107,47
23993976.0,94,48
23993976.0,104,42
23994005.0,99,42
23994034.0,97,48
23994050.0,100,47
23994062.0,110,71
23994064.0,107,48
23994067.0,105,57
23994073.0,105,60
23994075.0,106,45
23994126.0,97,47
23994169.0,95,47
23994199.0,106,44
23994206.0,108,45
23994226.0,104,48
23994227.0,100,44
23994270.0,100,46
23994299.0,100,45
23994479.0,98,42
23994571.0,55,55
23994574.0,95,53
23994588.0,107,49
23994712.0,106,56
23994758.0,102,40
23994760.0,98,56
23994768.0,100,43
23994772.0,102,47
23994790.0,96,55
23994845.0,109,70
23994904.0,97,45
23994907.0,103,42
23994922.0,105,42
23994983.0,106,49
23995011.0,106,46
23995042.0,99,61
23995111.0,106,51
23995199.0,55,55
23995199.0,104,49
23995229.0,103,41
23995330.0,100,42
23995350.0,106,57
23995446.0,106,50
23995451.0,87,89
23995466.0,99,61
23995482.0,108,47
23995531.0,100,48
23995549.0,108,44
23995593.0,99,44
23995602.0,97,56
23995620.0,108,46
23995671.0,102,48
23995703.0,107,49
23995732.0,105,43
23995797.0,107,44
23995878.0,101,41
23995882.0,104,48
23995890.0,100,41
23995937.0,105,61
23995985.0,99,61
23996009.0,104,47
23996023.0,103,44
23996114.0,94,47
23996146.0,107,66
23996191.0,97,46
23996216.0,105,42
23996230.0,100,44
23996240.0,105,44
23996243.0,103,42
23996305.0,106,47
23996403.0,105,43
23996410.0,95,46
23996417.0,108,45
23996463.0,108,47
23996484.0,96,47
23996527.0,101,43
23996547.0,101,40
23996599.0,105,49
23996614.0,97,47
23996649.0,106,47
23996701.0,100,58
23996722.0,98,46
23996751.0,105,45
23996828.0,96,48
23996874.0,107,50
23996889.0,101,42
23997010.0,95,48
23997036.0,100,59
23997187.0,98,49
23997195.0,100,41
23997206.0,105,46
23997233.0,108,48
23997312.0,107,44
23997315.0,106,54
23997326.0,103,44
23997328.0,83,108
23997330.0,98,43
23997363.0,88,85
23997388.0,103,46
23997405.0,95,48
23997490.0,57,64
23997537.0,106,45
23997540.0,106,47
23997560.0,106,52
23997590.0,101,42
23997591.0,103,47
23997595.0,102,45
23997610.0,100,45
23997614.0,97,48
23997636.0,107,52
23997666.0,95,46
23997738.0,106,55
23997764.0,108,45
23997865.0,107,45
23997894.0,99,42
23997908.0,103,46
23997929.0,106,45
23998015.0,106,47
23998061.0,99,46
23998088.0,100,43
23998108.0,96,53
23998163.0,104,42
23998192.0,97,54
23998197.0,108,47
23998238.0,68,56
23998252.0,108,46
23998264.0,100,47
23998374.0,95,49
23998379.0,108,48
23998397.0,106,48
23998424.0,105,47
23998489.0,109,45
23998583.0,98,46
23998653.0,96,47
23998672.0,95,47
23998746.0,98,45
23998752.0,101,42
23998768.0,103,41
23998807.0,103,48
23998832.0,96,52
23998839.0,108,49
23998861.0,105,48
23998900.0,98,49
23998913.0,99,41
23998932.0,101,46
23998977.0,107,46
23998978.0,103,46
23998998.0,98,47
23999019.0,102,41
23999108.0,98,50
23999118.0,107,54
23999120.0,101,45
23999195.0,107,51
23999203.0,107,50
23999208.0,91,83
23999215.0,103,45
23999238.0,96,51
23999251.0,109,45
23999261.0,102,40
23999295.0,98,49
23999320.0,104,41
23999322.0,103,47
23999346.0,109,46
23999356.0,105,54
23999398.0,97,50
23999434.0,97,49
23999574.0,107,53
23999628.0,107,52
23999674.0,97,47
23999820.0,101,47
23999821.0,105,49
23999864.0,99,51
23999880.0,98,48
23999882.0,108,49
23999910.0,105,63
23999922.0,99,50
23999979.0,96,46
24000017.0,101,46
24000024.0,109,46
24000031.0,104,40
24000055.0,109,44
24000152.0,104,44
24000158.0,99,50
24000221.0,98,47
24000278.0,106,45
24000336.0,97,47
24000403.0,101,41
24000409.0,107,55
24000411.0,98,46
24000479.0,107,47
24000515.0,101,46
24000633.0,109,47
24000664.0,103,48
24000671.0,108,44
24000788.0,105,61
24000824.0,107,51
24000943.0,97,48
24000944.0,102,42
24000949.0,101,45
24000963.0,99,55
24001025.0,100,41
24001036.0,96,50
24001039.0,95,46
24001099.0,104,45
24001121.0,108,74
24001125.0,108,45
24001181.0,98,55
24001187.0,95,47
24001294.0,106,49
24001344.0,96,48
24001431.0,96,47
24001431.0,106,46
24001438.0,96,46
24001450.0,106,43
24001460.0,104,47
24001516.0,102,43
24001517.0,104,43
24001533.0,95,47
24001565.0,109,48
24001590.0,107,56
24001689.0,107,47
24001730.0,105,47
24001733.0,106,57
24001751.0,103,40
24001760.0,106,58
24001835.0,101,46
24001875.0,104,46
24001883.0,104,44
24001952.0,97,53
24001992.0,107,54
24002003.0,102,43
24002005.0,101,47
24002013.0,98,48
24002016.0,104,40
24002074.0,109,48
24002176.0,107,42
24002191.0,104,42
24002223.0,100,41
24002247.0,107,47
24002291.0,105,42
24002302.0,104,41
24002325.0,107,55
24002383.0,107,66
24002409.0,102,44
24002428.0,105,41
24002468.0,97,46
24002615.0,107,48
24002646.0,105,48
24002679.0,103,41
24002691.0,108,46
24002693.0,102,45
24002729.0,104,48
24002763.0,98,57
24002768.0,107,43
24002786.0,108,45
24002855.0,106,47
24002860.0,105,42
24002943.0,95,48
24003032.0,104,46
24003034.0,102,42
24003101.0,104,45
24003116.0,99,49
24003195.0,107,42
24003195.0,100,56
24003214.0,106,48
24003224.0,98,47
24003225.0,106,56
24003246.0,102,41
24003250.0,98,49
24003302.0,99,47
24003316.0,97,54
24003338.0,105,43
24003377.0,110,46
24003470.0,97,52
24003547.0,99,46
24003564.0,109,49
24003607.0,100,42
24003622.0,96,47
24003732.0,108,51
24003808.0,107,42
24003875.0,107,44
24003923.0,102,46
24003935.0,99,48
24003943.0,100,41
24003947.0,96,46
24003947.0,110,46
24003993.0,99,45
24004002.0,106,48
24004037.0,99,44
24004066.0,107,56
24004078.0,103,42
24004083.0,98,56
24004119.0,108,52
24004127.0,102,44
24004142.0,102,47
24004177.0,107,43
24004197.0,107,63
24004211.0,105,44
24004215.0,105,40
24004233.0,99,44
24004383.0,98,56
24004408.0,110,47
24004467.0,109,49
24004558.0,108,47
24004649.0,101,41
24004653.0,108,51
24004703.0,105,41
24004720.0,97,87
24004746.0,103,43
24004773.0,100,43
24004776.0,106,44
24004780.0,107,57
24004862.0,104,47
24004880.0,106,49
24004899.0,108,49
24004956.0,107,45
24004976.0,105,43
24004999.0,110,45
24005023.0,107,53
24005049.0,104,48
24005065.0,103,43
24005124.0,108,52
24005125.0,108,53
24005275.0,110,47
24005283.0,104,40
24005290.0,97,48
24005319.0,109,45
24005362.0,107,52
24005368.0,110,48
24005387.0,105,45
24005410.0,99,49
24005431.0,97,51
24005444.0,107,46
24005480.0,97,45
24005493.0,106,42
24005497.0,100,62
24005502.0,96,49
24005551.0,97,49
24005587.0,98,46
24005621.0,97,50
24005640.0,109,50
24005666.0,106,41
24005668.0,102,46
24005679.0,110,46
24005744.0,99,56
24005822.0,107,49
24005880.0,109,74
24005906.0,104,41
24005967.0,97,50
24005987.0,103,42
24006041.0,103,43
24006099.0,106,47
24006111.0,107,47
24006159.0,105,45
24006176.0,99,54
24006190.0,98,47
24006312.0,97,52
24006338.0,103,41
24006339.0,108,54
24006390.0,107,54
24006391.0,105,49
24006488.0,105,44
24006537.0,100,44
24006714.0,108,46
24006747.0,105,47
24006851.0,108,42
24006902.0,42,95
24006905.0,97,47
24006956.0,100,63
24007006.0,110,48
24007056.0,111,46
24007079.0,108,46
24007084.0,108,53
24007099.0,95,48
24007103.0,102,47
24007106.0,103,44
24007118.0,108,44
24007152.0,105,42
24007170.0,106,42
24007174.0,106,41
24007243.0,100,51
24007278.0,106,46
24007327.0,103,45
24007354.0,99,47
24007385.0,106,44
24007424.0,106,43
24007540.0,103,43
24007553.0,104,42
24007598.0,108,48
24007640.0,98,55
24007658.0,108,42
24007667.0,109,46
24007697.0,111,45
24007710.0,105,48
24007741.0,111,46
24007791.0,107,48
24007806.0,108,48
24007834.0,109,51
24007864.0,100,46
24007914.0,105,46
24007932.0,108,47
24007934.0,98,52
24007939.0,103,41
24007964.0,91,88
24008069.0,108,44
24008081.0,108,45
24008143.0,100,45
24008148.0,100,50
24008160.0,106,40
24008295.0,103,44
24008361.0,108,54
24008477.0,100,47
24008503.0,106,43
24008512.0,108,43
24008558.0,103,46
24008587.0,97,46
24008699.0,98,46
24008750.0,105,47
24008770.0,101,47
24008823.0,109,47
24008827.0,104,43
24008896.0,102,41
24008956.0,110,45
24009007.0,108,55
24009010.0,110,49
24009040.0,107,49
24009049.0,107,47
24009056.0,107,55
24009065.0,98,45
24009065.0,101,50
24009138.0,99,48
24009148.0,88,87
24009165.0,108,52
24009179.0,107,41
24009196.0,111,47
24009203.0,106,44
24009260.0,100,48
24009260.0,87,87
24009293.0,102,47
24009305.0,102,41
24009342.0,107,48
24009355.0,108,46
24009444.0,109,51
24009512.0,97,55
24009517.0,111,45
24009536.0,108,45
24009568.0,108,49
24009574.0,107,49
24009581.0,89,87
24009581.0,100,50
24009598.0,105,41
24009660.0,100,57
24009677.0,108,48
24009677.0,104,41
24009683.0,99,46
24009748.0,111,46
24009749.0,103,47
24009808.0,109,52
24009822.0,105,40
24009850.0,107,42
24009860.0,103,46
24009911.0,102,45
24009911.0,102,43
24009928.0,109,43
24010181.0,97,45
24010265.0,108,53
24010267.0,111,48
24010269.0,108,47
24010275.0,106,46
24010287.0,99,46
24010309.0,106,42
24010413.0,98,49
24010467.0,108,49
24010469.0,103,45
24010474.0,105,45
24010540.0,110,50
24010547.0,105,42
24010552.0,110,46
24010610.0,104,42
24010691.0,108,55
24010709.0,107,43
24010744.0,101,44
24010784.0,101,43
24010809.0,103,47
24010860.0,110,49
24010950.0,107,41
24010960.0,110,45
24011031.0,106,47
24011045.0,106,43
24011062.0,102,42
24011068.0,65,59
24011071.0,104,45
24011072.0,107,43
24011088.0,104,44
24011090.0,101,56
24011142.0,109,48
24011143.0,111,48
24011153.0,109,44
24011207.0,108,56
24011238.0,107,42
24011339.0,103,46
24011363.0,108,47
24011377.0,107,44
24011396.0,109,51
24011425.0,108,48
24011439.0,107,40
24011451.0,108,46
24011474.0,106,46
24011506.0,104,41
24011572.0,98,47
24011573.0,109,43
24011677.0,104,43
24011694.0,110,50
24011833.0,99,45
24011838.0,109,42
24011849.0,103,41
24011942.0,98,48
24012027.0,100,48
24012033.0,98,46
24012132.0,98,50
24012157.0,110,46
24012168.0,101,48
24012196.0,109,52
24012240.0,109,48
24012252.0,111,45
24012326.0,111,49
24012479.0,98,54
24012491.0,106,46
24012541.0,109,43
24012622.0,101,46
24012654.0,105,43
24012662.0,101,49
24012671.0,108,48
24012676.0,104,46
24012712.0,111,47
24012763.0,110,47
24012806.0,102,43
24012843.0,107,44
24012874.0,108,41
24013002.0,109,46
24013030.0,109,45
24013117.0,109,50
24013256.0,98,49
24013275.0,104,44
24013315.0,101,50
24013321.0,105,41
24013327.0,107,45
24013338.0,100,47
24013345.0,106,47
24013355.0,106,48
24013414.0,110,51
24013526.0,110,43
24013526.0,108,49
24013586.0,106,41
24013613.0,98,44
24013634.0,107,44
24013641.0,98,45
24013703.0,108,43
24013809.0,104,47
24013845.0,107,45
24013874.0,103,47
24013892.0,109,46
24013924.0,104,45
24013929.0,108,42
24013930.0,107,46
24013996.0,105,41
24014044.0,111,46
24014168.0,110,43
24014181.0,109,49
24014182.0,108,50
24014188.0,101,45
24014324.0,107,43
24014410.0,108,54
24014464.0,105,44
24014483.0,106,40
24014486.0,101,47
24014504.0,110,51
24014510.0,106,42
24014525.0,111,50
24014586.0,100,46
24014633.0,100,51
24014639.0,110,44
24014695.0,108,44
24014715.0,107,46
24014726.0,104,46
24014744.0,106,48
24014751.0,97,53
24014770.0,108,49
24014859.0,99,44
24014913.0,109,47
24014938.0,107,49
24015007.0,99,55
24015012.0,109,54
24015151.0,108,55
24015158.0,99,44
24015176.0,102,44
24015224.0,107,46
24015236.0,109,42
24015279.0,104,41
24015300.0,100,45
24015460.0,111,50
24015479.0,105,42
24015501.0,105,45
24015505.0,109,43
24015551.0,110,48
24015555.0,111,49
24015562.0,109,52
24015571.0,108,50
24015592.0,110,45
24015611.0,103,42
24015637.0,105,43
24015641.0,106,48
24015645.0,109,54
24015656.0,108,45
24015671.0,109,48
24015684.0,109,47
24015688.0,103,48
24015730.0,107,45
24015731.0,107,46
24015796.0,106,42
24015862.0,108,43
24015878.0,107,47
24015923.0,111,47
24015989.0,99,57
24016021.0,103,42
24016081.0,110,44
24016118.0,101,47
24016201.0,99,81
24016250.0,107,47
24016272.0,101,50
24016417.0,106,43
24016428.0,106,42
24016477.0,108,41
24016505.0,108,48
24016525.0,110,45
24016536.0,100,46
24016547.0,108,43
24016566.0,109,41
24016583.0,105,44
24016586.0,99,54
24016638.0,105,63
24016673.0,99,46
24016710.0,111,46
24016734.0,102,45
24016762.0,101,49
24016835.0,105,46
24016887.0,108,45
24016923.0,112,49
24016948.0,110,46
24016958.0,111,46
24016967.0,107,41
24017029.0,99,52
24017045.0,108,51
24017061.0,103,42
24017191.0,108,50
24017287.0,110,52
24017311.0,107,48
24017320.0,106,41
24017323.0,111,47
24017377.0,107,47
24017438.0,98,51
24017469.0,104,47
24017532.0,102,46
24017538.0,109,48
24017544.0,108,44
24017567.0,95,81
24017610.0,103,43
24017644.0,111,44
24017692.0,102,47
24017702.0,108,46
24017708.0,111,43
24017715.0,101,46
24017757.0,99,47
24017819.0,109,43
24017866.0,100,55
24017872.0,107,56
24017878.0,99,48
24017883.0,102,49
24017895.0,109,50
24017916.0,109,42
24017923.0,111,46
24018042.0,109,41
24018054.0,104,42
24018099.0,99,51
24018104.0,99,80
24018118.0,103,43
24018203.0,100,45
24018205.0,111,51
24018212.0,110,49
24018214.0,108,42
24018216.0,105,45
24018269.0,103,44
24018322.0,104,42
24018322.0,99,45
24018342.0,110,46
24018357.0,111,44
24018417.0,100,44
24018508.0,106,44
24018685.0,109,44
24018709.0,99,50
24018744.0,102,48
24018822.0,105,47
24018825.0,110,48
24018842.0,110,51
24018893.0,106,49
24018970.0,111,43
24018975.0,111,48
24018991.0,111,51
24019024.0,108,45
24019029.0,107,42
24019139.0,88,84
24019208.0,110,52
24019242.0,109,53
24019364.0,110,48
24019370.0,107,48
24019391.0,102,50
24019555.0,109,43
24019629.0,110,47
24019629.0,101,45
24019635.0,107,43
24019688.0,106,43
24019797.0,99,50
24019819.0,100,70
24019888.0,105,41
24019896.0,109,45
24020014.0,105,46
24020046.0,108,41
24020123.0,106,44
24020147.0,108,47
24020247.0,109,49
24020258.0,107,42
24020296.0,112,47
24020312.0,108,52
24020339.0,113,48
24020350.0,107,47
24020412.0,108,46
24020434.0,108,47
24020480.0,105,47
24020506.0,109,43
24020526.0,110,53
24020584.0,110,43
24020677.0,106,45
24020721.0,109,44
24020756.0,100,44
24020839.0,104,42
24020992.0,110,42
24021029.0,104,42
24021036.0,111,46
24021188.0,100,53
24021303.0,101,46
24021446.0,107,43
24021475.0,107,41
24021484.0,108,56
24021500.0,106,46
24021583.0,105,47
24021587.0,110,49
24021588.0,107,42
24021592.0,112,47
24021630.0,108,48
24021632.0,108,57
24021715.0,109,44
24021728.0,108,42
24021734.0,114,47
24021800.0,107,44
24021888.0,113,49
24021933.0,99,52
24021948.0,103,45
24021954.0,109,45
24021959.0,100,46
24021979.0,109,42
24021980.0,101,44
24022010.0,110,44
24022023.0,101,45
24022025.0,108,47
24022026.0,111,52
24022131.0,109,48
24022135.0,106,45
24022161.0,110,44
24022200.0,104,45
24022203.0,107,48
24022242.0,111,46
24022254.0,110,53
24022257.0,99,51
24022330.0,105,42
24022345.0,104,44
24022353.0,111,48
24022373.0,106,44
24022528.0,111,49
24022557.0,106,41
24022592.0,110,48
24022630.0,110,43
24022652.0,109,46
24022654.0,112,48
24022655.0,111,48
24022732.0,110,41
24022744.0,111,47
24022745.0,111,50
24022763.0,110,50
24022767.0,110,49
24022807.0,102,46
24022813.0,109,54
24022943.0,103,47
24023013.0,107,44
24023062.0,101,44
24023063.0,107,43
24023069.0,106,47
24023137.0,106,58
24023201.0,107,40
24023217.0,109,41
24023278.0,100,44
24023346.0,90,87
24023367.0,103,49
24023393.0,106,59
24023475.0,100,45
24023481.0,102,48
24023493.0,107,45
24023545.0,109,56
24023557.0,110,45
24023593.0,102,45
24023632.0,111,43
24023862.0,110,54
24023930.0,109,46
24023933.0,111,52
24023971.0,103,48
24023983.0,108,43
24024064.0,109,50
24024211.0,110,42
24024291.0,106,46
24024327.0,106,48
24024338.0,105,43
24024357.0,110,43
24024435.0,102,49
24024477.0,109,47
24024595.0,108,42
24024606.0,111,51
24024620.0,110,49
24024768.0,100,49
24024799.0,109,41
24024842.0,106,41
24024944.0,109,47
24025032.0,108,47
24025100.0,111,41
24025172.0,111,42
24025294.0,111,48
24025393.0,107,44
24025464.0,100,47
24025479.0,107,41
24025506.0,113,47
24025635.0,108,49
24025645.0,112,46
24025684.0,109,48
24025726.0,110,44
24025752.0,104,54
24025760.0,109,42
24025821.0,109,46
24025898.0,110,46
24025906.0,114,49
24025933.0,112,46
24026034.0,110,50
24026053.0,107,46
24026082.0,106,42
24026092.0,111,44
24026120.0,108,43
24026135.0,111,50
24026208.0,113,50
24026296.0,108,44
24026311.0,111,44
24026336.0,109,47
24026390.0,100,51
24026430.0,104,46
24026467.0,110,41
24026486.0,112,48
24026491.0,105,44
24026499.0,111,43
24026538.0,107,46
24026550.0,109,48
24026601.0,113,44
24026708.0,112,49
24026721.0,108,49
24026766.0,111,53
24026809.0,110,45
24026843.0,110,54
24027012.0,109,48
24027021.0,113,45
24027023.0,111,44
24027063.0,106,47
24027083.0,101,45
24027109.0,100,50
24027288.0,110,51
24027309.0,111,45
24027312.0,102,44
24027395.0,107,47
24027407.0,111,44
24027560.0,102,45
24027672.0,111,45
24027837.0,101,44
24027875.0,112,44
24027973.0,101,46
24027975.0,109,43
24028023.0,36,114
24028074.0,106,43
24028103.0,110,46
24028105.0,104,47
24028111.0,111,47
24028142.0,109,47
24028172.0,110,47
24028177.0,113,48
24028294.0,106,48
24028320.0,111,49
24028329.0,103,45
24028347.0,108,44
24028443.0,109,42
24028486.0,104,50
24028520.0,103,46
24028630.0,111,45
24028653.0,110,42
24028772.0,103,47
24028868.0,108,45
24028870.0,105,44
24028987.0,109,56
24029090.0,115,48
24029115.0,114,50
24029136.0,111,46
24029160.0,113,46
24029184.0,111,44
24029197.0,109,48
24029199.0,111,45
24029243.0,104,49
24029283.0,106,44
24029285.0,108,49
24029360.0,107,46
24029469.0,103,48
24029761.0,109,44
24029772.0,109,43
24029907.0,110,55
24029930.0,109,49
24030053.0,107,42
24030092.0,105,45
24030114.0,112,44
24030134.0,108,46
24030179.0,111,45
24030255.0,110,47
24030259.0,107,48
24030316.0,111,41
24030447.0,112,43
24030507.0,100,55
24030518.0,110,48
24030538.0,108,48
24030541.0,101,47
24030588.0,110,43
24030596.0,110,50
24030599.0,110,51
24030605.0,108,44
24030752.0,115,49
24030755.0,108,45
24030873.0,108,50
24030875.0,113,49
24030876.0,87,86
24030987.0,105,46
24031179.0,103,49
24031425.0,103,72
24031449.0,104,48
24031490.0,101,48
24031531.0,110,47
24031612.0,111,47
24031677.0,111,46
24031736.0,107,43
24031825.0,113,52
24031828.0,103,72
24031847.0,111,42
24031854.0,108,46
24031883.0,111,54
24031959.0,113,44
24032008.0,106,44
24032060.0,110,42
24032121.0,108,45
24032123.0,111,53
24032152.0,108,42
24032153.0,108,58
24032312.0,109,49
24032336.0,109,45
24032385.0,111,51
24032415.0,103,45
24032455.0,110,48
24032494.0,114,48
24032619.0,114,46
24032836.0,108,47
24032859.0,101,49
24032898.0,114,46
24032949.0,112,46
24033005.0,111,54
24033030.0,103,46
24033064.0,111,50
24033087.0,102,44
24033161.0,102,45
24033279.0,100,46
24033295.0,109,44
24033332.0,110,44
24033338.0,107,47
24033424.0,110,42
24033505.0,99,46
24033595.0,102,44
24033680.0,112,49
24033697.0,113,43
24033704.0,112,42
24033751.0,107,44
24033856.0,110,43
24033939.0,111,46
24034080.0,107,48
24034237.0,110,49
24034240.0,104,45
24034258.0,103,47
24034317.0,96,78
24034322.0,94,89
24034361.0,111,43
24034362.0,105,46
24034444.0,111,51
24034603.0,103,48
24034618.0,109,45
24034646.0,93,89
24034706.0,88,90
24034764.0,111,47
24034837.0,110,48
24034858.0,113,50
24034989.0,106,45
24035116.0,114,47
24035130.0,109,46
24035257.0,108,48
24035415.0,110,52
24035421.0,116,49
24035434.0,106,46
24035510.0,113,42
24035634.0,113,49
24035636.0,104,46
24035692.0,111,48
24035724.0,109,42
24035824.0,104,44
24035831.0,108,47
24035840.0,113,48
24035864.0,36,117
24036007.0,100,53
24036034.0,104,48
24036111.0,110,45
24036262.0,111,45
24036308.0,114,49
24036315.0,109,47
24036404.0,111,48
24036458.0,110,45
24036461.0,109,49
24036463.0,113,44
24036546.0,115,46
24036668.0,110,44
24036821.0,111,44
24036825.0,108,43
24036994.0,115,51
24036998.0,115,48
24037182.0,114,48
24037236.0,104,47
24037353.0,115,45
24037381.0,113,46
24037409.0,107,45
24037444.0,114,45
24037479.0,111,43
24037675.0,101,49
24037689.0,102,47
24037785.0,108,44
24037854.0,105,49
24037934.0,112,42
24038046.0,105,48
24038060.0,112,51
24038132.0,114,43
24038171.0,116,50
24038178.0,107,42
24038185.0,111,47
24038196.0,110,49
24038200.0,110,42
24038262.0,115,47
24038264.0,113,50
24038284.0,113,53
24038294.0,112,51
24038331.0,108,44
24038375.0,109,46
24038376.0,111,42
24038411.0,110,51
24038469.0,111,55
24038560.0,114,50
24038606.0,113,45
24038621.0,111,54
24038672.0,109,55
24038888.0,106,47
24038929.0,109,43
24038956.0,108,44
24039011.0,111,49
24039074.0,115,49
24039119.0,108,48
24039133.0,104,44
24039213.0,114,44
24039223.0,102,44
24039233.0,113,42
24039374.0,111,43
24039390.0,111,49
24039417.0,103,45
24039418.0,114,45
24039423.0,110,46
24039438.0,107,46
24039455.0,108,44
24039600.0,105,46
24039708.0,108,46
24039711.0,111,45
24039783.0,111,48
24039923.0,105,45
24039976.0,114,49
24040061.0,102,44
24040075.0,104,45
24040103.0,111,44
24040157.0,100,54
24040378.0,112,50
24040420.0,108,44
24040797.0,115,45
24040805.0,107,46
24040834.0,115,48
24040941.0,110,46
24041035.0,113,43
24041063.0,116,46
24041131.0,105,47
24041203.0,105,44
24041233.0,108,45
24041392.0,109,44
24041548.0,110,45
24041936.0,114,45
24042084.0,114,53
24042321.0,116,47
24042401.0,114,46
24042407.0,110,47
24042411.0,94,83
24042417.0,116,51
24042420.0,112,49
24042444.0,114,47
24042465.0,115,44
24042487.0,109,47
24042540.0,106,46
24042607.0,110,43
24042625.0,104,48
24042723.0,105,46
24042780.0,112,44
24042830.0,106,48
24042963.0,107,47
24042981.0,111,46
24043122.0,108,48
24043287.0,113,51
24043344.0,111,50
24043466.0,111,49
24043498.0,110,56
24043510.0,112,52
24043585.0,113,47
24043838.0,102,49
24043868.0,114,47
24043949.0,112,49
24044026.0,106,49
24044050.0,103,43
24044091.0,113,53
24044139.0,108,46
24044147.0,115,50
24044193.0,113,50
24044229.0,114,43
24044299.0,113,44
24044421.0,109,45
24044437.0,114,46
24044690.0,115,46
24044789.0,110,44
24044953.0,111,43
24045048.0,111,47
24045310.0,113,54
24045363.0,110,47
24045476.0,105,48
24045553.0,115,49
24045638.0,111,45
24045787.0,85,100
24045894.0,110,48
24045922.0,113,51
24045963.0,107,47
24045971.0,115,45
24045978.0,106,45
24046107.0,116,48
24046156.0,105,47
24046284.0,104,44
24046323.0,107,47
24046733.0,114,48
24046804.0,108,47
24046827.0,105,44
24046853.0,104,49
24046862.0,114,51
24046905.0,105,45
24046964.0,83,110
24047170.0,55,61
24047196.0,114,44
24047278.0,113,45
24047338.0,113,44
24047521.0,114,47
24047548.0,116,44
24047560.0,104,45
24047631.0,110,45
24047662.0,113,49
24047697.0,107,76
24047852.0,106,44
24047855.0,117,51
24047959.0,117,47
24048047.0,115,50
24048078.0,109,46
24048129.0,106,46
24048136.0,115,48
24048263.0,112,50
24048326.0,115,47
24048445.0,112,47
24048640.0,112,46
24048794.0,116,46
24048866.0,112,49
24048986.0,116,45
24049003.0,116,49
24049125.0,106,45
24049770.0,117,48
24049868.0,110,57
24050236.0,108,47
24050255.0,113,49
24050416.0,115,53
24050479.0,113,45
24050523.0,111,48
24050532.0,115,48
24050549.0,110,49
24050559.0,106,44
24050566.0,114,48
24050615.0,108,66
24051318.0,115,48
24051404.0,109,48
24051621.0,106,47
24051626.0,103,48
24051721.0,114,45
24051727.0,115,47
24051731.0,112,44
24051732.0,92,80
24051846.0,114,49
24051881.0,91,81
24052033.0,116,47
24052133.0,117,48
24052177.0,109,47
24052196.0,110,46
24052229.0,116,46
24052249.0,107,48
24052318.0,96,73
24052346.0,113,46
24052497.0,112,46
24052541.0,108,48
24052618.0,114,52
24053130.0,111,45
24053229.0,83,110
24053275.0,105,44
24053377.0,104,46
24053512.0,106,49
24053525.0,109,47
24053528.0,105,44
24053654.0,114,45
24053687.0,108,46
24053849.0,117,52
24053861.0,117,49
24054152.0,117,45
24054190.0,111,56
24054240.0,107,45
24054315.0,115,45
24054555.0,115,54
24054710.0,105,49
24054985.0,117,50
24055126.0,113,44
24055283.0,107,46
24055318.0,108,48
24055350.0,111,48
24055410.0,114,49
24055463.0,104,47
24055537.0,111,49
24055601.0,107,49
24055640.0,110,57
24055747.0,114,49
24055752.0,114,50
24055819.0,116,52
24055821.0,112,50
24055823.0,111,49
24055833.0,115,49
24056003.0,107,45
24056212.0,112,45
24056454.0,111,46
24056549.0,116,48
24056566.0,106,48
24056632.0,117,46
24057036.0,110,47
24057171.0,116,47
24057214.0,118,48
24057278.0,109,48
24057490.0,86,90
24057853.0,97,81
24058019.0,116,45
24058593.0,115,46
24058598.0,113,45
24059006.0,113,44
24059308.0,106,45
24059562.0,115,45
24059640.0,114,52
24059971.0,113,45
24059982.0,106,48
24060177.0,108,75
24060638.0,107,47
24060665.0,104,47
24060969.0,107,44
24061101.0,109,48
24061113.0,104,47
24061294.0,118,49
24061343.0,116,48
24061370.0,106,46
24061374.0,118,51
24061413.0,110,47
24061420.0,112,46
24061441.0,113,53
24061501.0,108,46
24061665.0,117,47
24062072.0,116,49
24062392.0,106,44
24062594.0,111,47
24062963.0,118,46
24063313.0,113,46
24063404.0,117,48
24063429.0,114,45
24064348.0,116,54
24065178.0,108,76
24065270.0,108,49
24065381.0,96,77
24066439.0,86,88
24066647.0,83,110
24066734.0,104,47
24066918.0,108,45
24066997.0,118,50
24067182.0,107,44
24067562.0,117,48
24067665.0,115,45
24067818.0,98,45
24067930.0,117,46
24068130.0,114,46
24068138.0,106,45
24068700.0,104,48
24069808.0,104,65
24069814.0,113,46
24069910.0,113,45
24070014.0,88,87
24070076.0,111,48
24070161.0,108,46
24070368.0,107,74
24070593.0,106,74
24070837.0,105,75
24070982.0,107,46
24071587.0,114,46
24072305.0,106,45
24072329.0,113,47
24072615.0,89,82
24073834.0,90,82
24074930.0,112,47
24075700.0,105,66
24076275.0,115,46
24076282.0,114,46
24077161.0,116,47
24078114.0,95,88
24078972.0,117,47
24079826.0,89,86
24079915.0,88,86
24080682.0,105,76
24088263.0,107,78
24088450.0,108,78
24090034.0,94,80
24090634.0,97,79
24090659.0,113,55
24090696.0,105,73
24091071.0,116,47
24091299.0,118,50
24092943.0,118,49
24094693.0,118,48
24096234.0,114,46
24096237.0,117,48
24096323.0,105,46
24097163.0,117,49
24098210.0,116,54
24098737.0,111,97
24099014.0,110,97
24099369.0,105,75
24099519.0,107,47
24099651.0,116,46
24099775.0,106,75
24100137.0,115,45
24100187.0,115,54
24100195.0,113,54
24100898.0,117,51
24101077.0,106,65
24101188.0,107,48
24101472.0,113,53
24101774.0,107,45
24102113.0,107,47
24102234.0,117,48
24102735.0,106,77
24102758.0,103,48
24102890.0,116,47
24103007.0,107,48
24103087.0,104,48
24103313.0,113,46
24103359.0,112,47
24103561.0,101,79
24103794.0,105,49
24103940.0,106,48
24104113.0,115,46
24104235.0,104,46
24104554.0,116,46
24104637.0,107,49
24104788.0,115,47
24104908.0,108,49
24105009.0,109,48
24105322.0,53,60
24105371.0,109,74
24105489.0,54,60
24105753.0,53,60
24105794.0,101,53
24105987.0,117,47
24106018.0,105,45
24106130.0,106,61
24106210.0,54,60
24106535.0,101,51
24106572.0,53,60
24106642.0,54,60
24106692.0,109,48
24106828.0,114,54
24106876.0,107,49
24107356.0,116,52
24107528.0,103,48
24107534.0,112,46
24108213.0,101,52
24108298.0,106,49
24108449.0,113,55
24108527.0,106,47
24108610.0,110,47
24108649.0,105,48
24108728.0,112,48
24109395.0,103,47
24109473.0,101,56
24109606.0,105,47
24109618.0,115,46
24109680.0,116,48
24109824.0,114,46
24109892.0,113,47
24109956.0,115,46
24109970.0,111,46
24110033.0,104,46
24110257.0,100,57
24110307.0,114,55
24110366.0,110,57
24110437.0,110,56
24110445.0,109,57
24110569.0,104,45
24110782.0,115,52
24111124.0,116,47
24111273.0,105,49
24111317.0,102,48
24111327.0,106,46
24111472.0,106,45
24111587.0,105,48
24111825.0,98,86
24112110.0,111,55
24112150.0,116,48
24112183.0,117,48
24112183.0,112,45
24112189.0,116,50
24112198.0,102,48
24112236.0,114,50
24112885.0,101,50
24113071.0,115,47
24113364.0,114,53
24113367.0,115,45
24113566.0,114,50
24113667.0,100,52
24113725.0,100,54
24113787.0,113,44
24113948.0,108,48
24114450.0,116,46
24114483.0,100,53
24114512.0,114,46
24114533.0,110,46
24114931.0,115,49
24114972.0,109,49
24115055.0,109,47
24115066.0,106,49
24115165.0,108,48
24115284.0,113,46
24115287.0,104,49
24115301.0,103,47
24115419.0,110,46
24115848.0,111,45
24116220.0,107,48
24116225.0,109,45
24116438.0,103,45
24116454.0,115,48
24116512.0,104,48
24116520.0,116,47
24116609.0,103,73
24116800.0,102,50
24116871.0,105,47
24116970.0,114,45
24117048.0,102,47
24117265.0,89,80
24117344.0,105,46
24117565.0,114,51
24117635.0,105,49
24117840.0,105,45
24117862.0,113,45
24117904.0,100,52
24117935.0,102,48
24118205.0,108,47
24118354.0,100,55
24118463.0,100,54
24118812.0,111,44
24118907.0,103,46
24118938.0,104,44
24118938.0,113,46
24118984.0,112,46
24119050.0,104,47
24119180.0,102,47
24119298.0,107,58
24119322.0,115,48
24119332.0,108,58
24119368.0,115,46
24119389.0,105,46
24119419.0,115,50
24119448.0,101,49
24119644.0,57,78
24119677.0,104,48
24119692.0,109,46
24119753.0,106,59
24119828.0,105,62
24120006.0,106,63
24120131.0,110,45
24120180.0,114,53
24120629.0,113,54
24120767.0,102,46
24120839.0,112,54
24121094.0,111,46
24121525.0,106,62
24121531.0,110,56
24121557.0,113,45
24121831.0,99,53
24122018.0,114,46
24122356.0,112,45
24122586.0,107,47
24123056.0,111,44
24123059.0,99,52
24123352.0,107,47
24123371.0,115,47
24123419.0,109,56
24123511.0,103,49
24123516.0,104,44
24123590.0,108,46
24123593.0,100,49
24123640.0,114,48
24123655.0,100,50
24123718.0,104,46
24123913.0,65,56
24123971.0,107,48
24123984.0,101,48
24124070.0,109,58
24124096.0,109,47
24124139.0,104,45
24124163.0,114,47
24124219.0,110,44
24124280.0,109,45
24124378.0,64,57
24124440.0,102,45
24124880.0,108,46
24124888.0,114,46
24124942.0,94,108
24125050.0,111,46
24125223.0,109,49
24125308.0,103,48
24125524.0,100,58
24125653.0,99,58
24125906.0,94,108
24125947.0,110,55
24126026.0,114,45
24126042.0,99,55
24126155.0,111,45
24126195.0,109,55
24126337.0,99,81
24126528.0,99,54
24126528.0,104,46
24126530.0,114,47
24126601.0,112,45
24126649.0,109,46
24126689.0,107,58
24126921.0,105,48
24127053.0,103,46
24127082.0,108,48
24127695.0,99,52
24127754.0,106,47
24127768.0,95,79
24127773.0,107,46
24127813.0,108,45
24127831.0,109,44
24127868.0,110,47
24128018.0,101,46
24128038.0,111,45
24128449.0,110,44
24128625.0,112,46
24128628.0,110,43
24128772.0,102,45
24128840.0,111,44
24128857.0,99,51
24128889.0,111,43
24128899.0,113,46
24129095.0,114,49
24129123.0,102,44
24129375.0,103,49
24129480.0,105,62
24129624.0,113,48
24129638.0,105,60
24129697.0,110,52
24129756.0,110,50
24129962.0,110,51
24129984.0,113,45
24130003.0,100,51
24130362.0,101,45
24130397.0,103,45
24130480.0,106,64
24130538.0,104,48
24130619.0,109,43
24130633.0,99,50
24130685.0,102,49
24130686.0,100,47
24130724.0,108,48
24130830.0,108,44
24131021.0,115,49
24131031.0,113,47
24131143.0,53,55
24131166.0,113,44
24131239.0,110,43
24131255.0,104,49
24131296.0,105,59
24131324.0,109,55
24131443.0,103,46
24131470.0,100,52
24131598.0,53,55
24131709.0,111,45
24131771.0,110,45
24131826.0,108,47
24131832.0,102,45
24131909.0,109,52
24131944.0,107,45
24131961.0,110,54
24132022.0,102,48
24132114.0,101,46
24132134.0,105,47
24132143.0,108,47
24132170.0,99,49
24132271.0,106,46
24132281.0,110,44
24132339.0,111,53
24132433.0,100,48
24132463.0,103,44
24132467.0,107,48
24132750.0,98,65
24132834.0,113,50
24133011.0,101,45
24133091.0,104,48
24133218.0,109,45
24133240.0,100,53
24133245.0,111,99
24133266.0,99,49
24133349.0,102,44
24133418.0,110,99
24133615.0,110,43
24133734.0,112,46
24133763.0,108,44
24133797.0,112,45
24133873.0,109,43
24133887.0,110,43
24133948.0,98,52
24134177.0,111,43
24134286.0,90,83
24134288.0,101,44
24134326.0,108,43
24134623.0,90,85
24134710.0,98,54
24134735.0,113,51
24134848.0,100,46
24134902.0,110,44
24134948.0,99,52
24135006.0,98,51
24135204.0,99,50
24135207.0,108,56
24135280.0,100,47
24135346.0,111,44
24135405.0,109,45
24135626.0,100,45
24135656.0,106,47
24135696.0,102,45
24135698.0,113,47
24135739.0,105,46
24135792.0,99,48
24135992.0,102,46
24136024.0,114,46
24136082.0,113,49
24136198.0,98,55
24136279.0,114,49
24136287.0,102,48
24136350.0,106,45
24136445.0,53,55
24136493.0,103,48
24136515.0,102,49
24136545.0,112,47
24136652.0,99,55
24136777.0,106,48
24136786.0,102,48
24136833.0,99,47
24136890.0,107,44
24136915.0,98,50
24137111.0,100,54
24137134.0,111,43
24137215.0,99,51
24137420.0,103,48
24137458.0,110,53
24137474.0,105,46
24137507.0,100,56
24137514.0,109,43
24137539.0,102,72
24137546.0,99,56
24137564.0,110,44
24137636.0,82,113
24137672.0,104,47
24137778.0,107,43
24137867.0,101,49
24137948.0,102,45
24138043.0,112,45
24138065.0,108,55
24138211.0,100,84
24138274.0,99,48
24138470.0,99,49
24138566.0,106,61
24138577.0,111,52
24138602.0,101,71
24138622.0,110,43
24138655.0,104,62
24138722.0,95,78
24138790.0,107,57
24138978.0,101,48
24139062.0,109,44
24139184.0,102,44
24139263.0,112,46
24139279.0,106,58
24139312.0,110,54
24139397.0,101,44
24139442.0,106,44
24139463.0,102,44
24139522.0,99,46
24139556.0,100,44
24139666.0,111,51
24139690.0,101,46
24139813.0,95,80
24139830.0,98,49
24139897.0,99,60
24139935.0,114,52
24140026.0,111,44
24140061.0,98,52
24140082.0,110,53
24140097.0,95,80
24140120.0,105,45
24140290.0,99,54
24140353.0,104,46
24140376.0,101,45
24140415.0,100,59
24140475.0,108,44
24140517.0,111,52
24140520.0,106,68
24140559.0,111,43
24140742.0,111,45
24141081.0,110,43
24141113.0,99,62
24141155.0,107,43
24141176.0,99,47
24141211.0,99,57
24141298.0,101,47
24141361.0,106,48
24141436.0,110,42
24141496.0,112,48
24141585.0,106,43
24141625.0,108,51
24141631.0,98,50
24141664.0,111,47
24141737.0,109,43
24141778.0,107,46
24141842.0,98,59
24141869.0,98,48
24141928.0,99,45
24142077.0,111,43
24142084.0,109,52
24142127.0,108,44
24142260.0,101,46
24142324.0,102,48
24142411.0,101,49
24142457.0,104,63
24142498.0,105,63
24142560.0,108,55
24142568.0,98,48
24142617.0,103,48
24142635.0,105,44
24142666.0,103,47
24142687.0,104,62
24142718.0,97,52
24142883.0,98,58
24142884.0,110,44
24142901.0,98,57
24142904.0,106,46
24143084.0,107,42
24143105.0,109,42
24143125.0,98,54
24143298.0,111,45
24143347.0,102,49
24143538.0,98,60
24143547.0,104,46
24143548.0,98,53
24143601.0,99,46
24143712.0,100,44
24143732.0,104,61
24143837.0,97,54
24143864.0,110,53
24143886.0,100,49
24143969.0,108,49
24144013.0,97,51
24144039.0,106,47
24144083.0,106,42
24144135.0,111,46
24144330.0,108,48
24144453.0,100,50
24144471.0,104,45
24144502.0,97,52
24144513.0,112,49
24144595.0,98,47
24144628.0,110,52
24144725.0,109,45
24144828.0,98,46
24144846.0,100,48
24144874.0,100,45
24144949.0,104,60
24145070.0,109,53
24145095.0,103,46
24145263.0,110,43
24145293.0,107,55
24145299.0,102,48
24145390.0,111,51
24145590.0,111,45
24145625.0,110,42
24145844.0,98,48
24145857.0,107,42
24145955.0,97,50
24146001.0,87,88
24146135.0,98,45
24146166.0,98,46
24146277.0,56,66
24146504.0,107,43
24146536.0,98,66
24146733.0,56,66
24146968.0,101,50
24146973.0,107,48
24146977.0,102,47
24146995.0,100,46
24147001.0,106,46
24147119.0,108,42
24147148.0,98,51
24147179.0,105,46
24147186.0,109,46
24147196.0,97,46
24147214.0,110,52
24147250.0,111,94
24147403.0,108,46
24147452.0,112,47
24147455.0,104,46
24147511.0,109,53
24147552.0,97,46
24147580.0,107,51
24147582.0,109,45
24147616.0,101,48
24147621.0,105,45
24147651.0,108,50
24147693.0,98,55
24147768.0,105,43
24147800.0,101,49
24147910.0,97,49
24148014.0,111,46
24148014.0,103,46
24148096.0,96,55
24148167.0,111,49
24148262.0,107,43
24148447.0,111,50
24148462.0,111,49
24148497.0,109,42
24148566.0,104,44
24148612.0,97,51
24148765.0,111,46
24148815.0,98,45
24148860.0,99,48
24148948.0,106,56
24148997.0,107,47
24148998.0,109,43
24149166.0,108,45
24149225.0,108,46
24149312.0,104,63
24149318.0,110,45
24149382.0,104,43
24149454.0,105,64
24149466.0,99,49
24149469.0,106,42
24149471.0,110,46
24149479.0,97,48
24149496.0,101,48
24149526.0,107,42
24149536.0,105,46
24149544.0,105,42
24149587.0,108,49
24149667.0,105,58
24149676.0,111,48
24149736.0,97,47
24149753.0,106,57
24149827.0,103,45
24149872.0,70,53
24150009.0,110,47
24150049.0,68,68
24150052.0,106,48
24150075.0,97,56
24150090.0,104,47
24150136.0,69,68
24150151.0,100,49
24150204.0,107,42
24150292.0,99,45
24150331.0,99,46
24150395.0,107,54
24150425.0,105,45
24150444.0,104,59
24150459.0,107,55
24150462.0,97,46
24150579.0,103,44
24150625.0,105,45
24150632.0,106,65
24150706.0,96,53
24150710.0,107,48
24150785.0,106,44
24150804.0,102,46
24150811.0,111,49
24150886.0,97,45
24150907.0,90,83
24150929.0,107,46
24151026.0,106,65
24151068.0,105,49
24151278.0,108,45
24151338.0,106,64
24151358.0,104,47
24151394.0,107,47
24151403.0,110,51
24151414.0,98,56
24151418.0,101,45
24151469.0,96,56
24151561.0,89,83
24151575.0,97,52
24151636.0,99,47
24151680.0,108,53
24151731.0,101,45
24151761.0,101,47
24151784.0,99,49
24151900.0,89,84
24152011.0,97,45
24152017.0,102,45
24152019.0,100,71
24152023.0,99,48
24152040.0,106,48
24152221.0,107,50
24152276.0,105,44
24152417.0,107,45
24152434.0,97,67
24152441.0,97,46
24152466.0,97,50
24152489.0,106,47
24152502.0,108,44
24152574.0,97,47
24152578.0,99,46
24152709.0,101,45
24152865.0,108,74
24152901.0,96,51
24152946.0,96,49
24152962.0,108,43
24153017.0,99,50
24153032.0,96,52
24153106.0,108,42
24153133.0,87,85
24153157.0,105,42
24153172.0,106,49
24153179.0,109,44
24153232.0,98,45
24153261.0,100,48
24153558.0,100,45
24153681.0,103,46
24153761.0,101,46
24153804.0,106,55
24153887.0,100,57
24153889.0,110,45
24153943.0,106,46
24153952.0,106,51
24153962.0,105,43
24154013.0,109,46
24154087.0,107,54
24154122.0,106,48
24154168.0,105,44
24154180.0,106,42
24154245.0,108,51
24154246.0,107,46
24154246.0,103,43
24154329.0,108,52
24154340.0,104,64
24154354.0,96,48
24154500.0,110,47
24154509.0,109,47
24154599.0,105,42
24154635.0,107,44
24154771.0,108,44
24154779.0,99,49
24154792.0,109,45
24154812.0,100,49
24154902.0,110,49
24154943.0,98,48
24155045.0,110,48
24155077.0,102,44
24155139.0,108,53
24155306.0,90,81
24155429.0,110,49
24155436.0,103,62
24155507.0,96,49
24155643.0,96,47
24155678.0,100,48
24155690.0,104,62
24155708.0,96,55
24155716.0,104,66
24155765.0,98,50
24155777.0,59,62
24155792.0,103,42
24155853.0,96,46
24155902.0,106,55
24155940.0,57,63
24155950.0,105,66
24155956.0,105,48
24155985.0,105,43
24156021.0,110,47
24156041.0,96,50
24156061.0,105,63
24156095.0,98,57
24156114.0,104,66
24156130.0,109,51
24156185.0,98,49
24156191.0,98,46
24156357.0,101,45
24156392.0,107,43
24156571.0,109,48
24156618.0,109,51
24156631.0,107,42
24156636.0,108,50
24156666.0,96,56
24156676.0,96,47
24156690.0,100,47
24156693.0,96,45
24156710.0,102,43
24156769.0,102,45
24156772.0,107,44
24156806.0,95,51
24156810.0,107,56
24156824.0,94,81
24156862.0,99,49
24156888.0,104,63
24156908.0,107,53
24156923.0,107,43
24157078.0,107,45
24157119.0,105,42
24157121.0,106,45
24157152.0,104,65
24157192.0,108,52
24157196.0,106,51
24157204.0,96,54
24157230.0,99,50
24157297.0,106,44
24157310.0,98,47
24157325.0,97,54
24157435.0,108,47
24157436.0,95,50
24157438.0,103,42
24157586.0,105,47
24157601.0,105,49
24157655.0,109,50
24157656.0,106,54
24157873.0,103,63
24157909.0,109,51
24158079.0,103,45
24158089.0,104,42
24158096.0,104,49
24158114.0,88,83
24158147.0,99,48
24158175.0,103,63
24158208.0,107,49
24158250.0,102,42
24158307.0,101,47
24158312.0,95,53
24158407.0,108,44
24158413.0,107,44
24158507.0,107,49
24158698.0,100,46
24158740.0,102,46
24158834.0,95,49
24158949.0,95,52
24159024.0,105,48
24159032.0,102,46
24159039.0,97,45
24159069.0,105,57
24159087.0,106,45
24159154.0,95,48
24159180.0,108,46
24159440.0,61,60
24159448.0,109,45
24159464.0,109,49
24159495.0,103,45
24159535.0,95,51
24159660.0,97,46
24159815.0,95,47
24159842.0,104,63
24159905.0,108,52
24159947.0,105,42
24159949.0,96,52
24159961.0,95,49
24160035.0,104,42
24160052.0,106,42
24160073.0,108,45
24160096.0,105,46
24160197.0,95,54
24160253.0,104,49
24160265.0,100,47
24160316.0,106,49
24160354.0,95,83
24160435.0,104,48
24160459.0,105,45
24160514.0,109,48
24160543.0,108,51
24160586.0,106,43
24160604.0,107,53
24160647.0,109,47
24160737.0,98,49
24160846.0,95,46
24160868.0,95,50
24160880.0,105,47
24160915.0,97,47
24160927.0,99,48
24160942.0,99,47
24160944.0,101,46
24161027.0,103,42
24161039.0,106,44
24161062.0,97,49
24161094.0,95,45
24161123.0,102,45
24161186.0,103,63
24161226.0,103,44
24161285.0,102,42
24161288.0,105,44
24161295.0,103,42
24161361.0,97,50
24161364.0,105,70
24161383.0,100,45
24161397.0,96,45
24161455.0,95,55
24161595.0,97,48
24161630.0,105,50
24161662.0,104,47
24161691.0,95,47
24161742.0,104,42
24161796.0,101,42
24161815.0,103,42
24161843.0,105,46
24161960.0,54,59
24162041.0,101,48
24162121.0,95,56
24162242.0,96,57
24162282.0,101,48
24162330.0,107,44
24162367.0,107,52
24162436.0,97,57
24162482.0,102,44
24162559.0,101,73
24162629.0,99,46
24162684.0,105,51
24162685.0,96,55
24162745.0,106,53
24162773.0,104,41
24162776.0,106,44
24162833.0,107,43
24162996.0,103,47
24163108.0,105,43
24163150.0,101,47
24163172.0,106,49
24163173.0,101,42
24163173.0,96,46
24163189.0,106,54
24163260.0,105,42
24163346.0,105,56
24163372.0,103,42
24163490.0,102,45
24163499.0,95,58
24163507.0,97,47
24163523.0,97,58
24163581.0,107,45
24163582.0,104,48
24163612.0,106,49
24163718.0,98,48
24163772.0,107,44
24163873.0,104,58
24164012.0,104,47
24164059.0,107,46
24164067.0,106,46
24164086.0,94,51
24164104.0,104,46
24164212.0,105,42
24164341.0,108,51
24164374.0,94,49
24164407.0,104,47
24164417.0,108,49
24164435.0,94,48
24164582.0,101,43
24164584.0,107,51
24164607.0,105,54
24164637.0,98,49
24164650.0,108,51
24164750.0,103,48
24164753.0,102,44
24164774.0,94,50
24164843.0,104,45
24164914.0,99,45
24164999.0,97,50
24165026.0,95,53
24165040.0,94,47
24165090.0,100,43
24165119.0,98,47
24165133.0,101,48
24165176.0,108,48
24165256.0,102,42
24165263.0,104,44
24165317.0,109,48
24165320.0,101,47
24165355.0,96,47
24165369.0,97,88
24165370.0,94,46
24165446.0,98,57
24165562.0,108,51
24165583.0,105,49
24165593.0,107,49
24165614.0,99,64
24165619.0,95,81
24165627.0,96,46
24165646.0,104,57
24165662.0,103,49
24165686.0,95,52
24165759.0,94,53
24165814.0,95,57
24165824.0,99,49
24165840.0,96,50
24165947.0,108,47
24165958.0,106,52
24166014.0,103,42
24166019.0,98,58
24166065.0,98,48
24166131.0,103,47
24166188.0,94,49
24166196.0,98,50
24166206.0,94,52
24166225.0,96,49
24166299.0,94,51
24166341.0,94,54
24166352.0,100,42
24166421.0,105,44
24166424.0,107,46
24166472.0,104,56
24166476.0,104,67
24166497.0,107,70
24166530.0,104,46
24166542.0,97,59
24166663.0,107,51
24166678.0,94,55
24166682.0,97,49
24166801.0,99,44
24166899.0,100,48
24166940.0,106,49
24166982.0,94,48
24167113.0,98,46
24167131.0,102,49
24167147.0,104,50
24167270.0,107,47
24167346.0,105,53
24167394.0,105,55
24167458.0,102,42
24167464.0,96,50
24167468.0,106,44
24167472.0,96,48
24167504.0,95,45
24167659.0,106,69
24167696.0,64,58
24167748.0,100,47
24167756.0,106,46
24167779.0,105,45
24167960.0,104,43
24167977.0,95,46
24168042.0,104,42
24168154.0,101,44
24168184.0,100,46
24168271.0,94,56
24168344.0,103,48
24168356.0,99,47
24168538.0,103,44
24168543.0,94,47
24168576.0,93,49
24168576.0,104,42
24168689.0,104,55
24168705.0,103,64
24168727.0,104,45
24168734.0,93,46
24168775.0,104,44
24168884.0,97,49
24169077.0,104,41
24169082.0,101,42
24169163.0,103,63
24169165.0,93,47
24169211.0,100,47
24169212.0,100,48
24169236.0,106,52
24169369.0,93,48
24169396.0,102,42
24169418.0,97,48
24169449.0,106,53
24169477.0,104,56
24169594.0,103,46
24169630.0,93,50
24169665.0,95,55
24169701.0,105,53
24169725.0,103,45
24169732.0,106,77
24169758.0,95,54
24169763.0,95,47
24169793.0,93,52
24169813.0,103,65
24169858.0,93,47
24169887.0,96,56
24169954.0,106,51
24169974.0,97,57
24170110.0,97,47
24170121.0,106,47
24170142.0,93,46
24170215.0,102,61
24170262.0,107,49
24170328.0,107,47
24170379.0,94,50
24170415.0,95,48
24170445.0,95,58
24170452.0,93,49
24170456.0,102,48
24170486.0,102,63
24170498.0,106,46
24170507.0,100,46
24170543.0,100,45
24170560.0,93,51
24170702.0,105,52
24170827.0,107,46
24171022.0,97,57
24171050.0,96,57
24171089.0,102,47
24171155.0,106,66
24171175.0,100,45
24171183.0,97,47
24171193.0,100,44
24171200.0,101,42
24171214.0,105,76
24171220.0,90,82
24171227.0,104,44
24171242.0,102,49
24171246.0,95,57
24171287.0,107,48
24171331.0,103,42
24171343.0,95,49
24171353.0,96,50
24171383.0,98,45
24171407.0,94,57
24171437.0,104,65
24171487.0,95,48
24171549.0,95,50
24171558.0,105,49
24171567.0,105,48
24171595.0,94,55
24171596.0,97,50
24171648.0,104,54
24171649.0,102,48
24171658.0,103,43
24171671.0,107,48
24171687.0,94,46
24171691.0,93,50
24171693.0,93,48
24171700.0,99,43
24171700.0,100,42
24171722.0,95,50
24171742.0,104,55
24171775.0,97,46
24171782.0,93,54
24171852.0,104,50
24171929.0,99,47
24171933.0,104,49
24171973.0,107,47
24171980.0,93,51
24172018.0,105,64
24172048.0,94,54
24172107.0,101,49
24172111.0,102,46
24172128.0,98,46
24172234.0,105,44
24172245.0,103,64
24172398.0,103,67
24172447.0,102,67
24172523.0,102,44
24172599.0,105,75
24172619.0,93,52
24172697.0,96,49
24172767.0,95,50
24172798.0,94,53
24172838.0,96,51
24172891.0,96,61
24172955.0,100,47
24173009.0,103,63
24173074.0,94,47
24173079.0,102,48
24173087.0,105,45
24173113.0,95,60
24173142.0,103,46
24173143.0,70,60
24173168.0,106,48
24173176.0,100,44
24173222.0,106,50
24173288.0,92,47
24173301.0,104,48
24173315.0,96,48
24173351.0,96,60
24173398.0,103,63
24173401.0,102,45
24173411.0,105,45
24173497.0,93,55
24173570.0,97,45
24173570.0,95,58
24173621.0,108,49
24173625.0,101,48
24173680.0,102,62
24173735.0,103,44
24173754.0,92,48
24173810.0,92,49
24173873.0,99,46
24173893.0,96,64
24173919.0,106,49
24173972.0,95,51
24173990.0,93,53
24173991.0,106,51
24174000.0,102,47
24174024.0,102,62
24174090.0,105,52
24174197.0,100,63
24174210.0,104,49
24174261.0,92,47
24174344.0,103,66
24174407.0,102,59
24174422.0,96,49
24174430.0,101,42
24174462.0,92,48
24174470.0,95,52
24174530.0,97,44
24174603.0,95,83
24174642.0,93,46
24174654.0,93,56
24174672.0,103,50
24174706.0,96,83
24174711.0,96,82
24174722.0,106,46
24174728.0,105,46
24174828.0,102,46
24174830.0,103,44
24174878.0,102,43
24174992.0,106,45
24175002.0,103,63
24175182.0,96,48
24175211.0,99,48
24175220.0,101,47
24175225.0,92,50
24175295.0,103,56
24175305.0,102,63
24175344.0,104,53
24175355.0,103,58
24175434.0,106,48
24175506.0,96,47
24175519.0,93,55
24175551.0,92,53
24175570.0,103,63
24175608.0,103,49
24175628.0,104,54
24175694.0,95,50
24175703.0,102,42
24175706.0,92,49
24175715.0,103,67
24175746.0,99,47
24175753.0,102,63
24175755.0,96,50
24175791.0,94,49
24175808.0,95,81
24175957.0,103,49
24175990.0,96,46
24176032.0,106,47
24176078.0,92,52
24176107.0,103,50
24176162.0,103,45
24176426.0,98,43
24176515.0,104,48
24176516.0,94,56
24176540.0,104,44
24176620.0,99,42
24176690.0,99,43
24176708.0,94,50
24176830.0,95,51
24176863.0,105,47
24176868.0,97,43
24176869.0,106,49
24176914.0,95,49
24176916.0,104,52
24176951.0,100,42
24176964.0,103,55
24176974.0,102,45
24177033.0,98,48
24177110.0,100,49
24177118.0,104,46
24177214.0,99,44
24177233.0,92,48
24177275.0,93,47
24177313.0,98,56
24177330.0,97,57
24177345.0,106,49
24177350.0,101,41
24177379.0,102,50
24177415.0,100,41
24177440.0,92,54
24177479.0,92,53
24177510.0,91,47
24177548.0,97,58
24177576.0,101,48
24177625.0,92,49
24177754.0,92,51
24177786.0,103,56
24177872.0,93,54
24177983.0,91,48
24178040.0,103,48
24178058.0,97,42
24178138.0,92,50
24178186.0,94,51
24178188.0,106,48
24178291.0,101,42
24178298.0,101,44
24178324.0,105,50
24178328.0,93,57
24178394.0,98,45
24178445.0,95,50
24178489.0,99,42
24178544.0,102,44
24178545.0,95,48
24178571.0,91,47
24178578.0,98,42
24178603.0,96,44
24178643.0,103,57
24178759.0,93,56
24178777.0,103,54
24178777.0,101,42
24178805.0,102,58
24178816.0,100,48
24178901.0,95,52
24178922.0,91,48
24179051.0,102,43
24179115.0,99,43
24179311.0,91,49
24179312.0,93,48
24179315.0,103,55
24179382.0,100,47
24179459.0,95,49
24179493.0,96,45
24179543.0,91,50
24179587.0,101,42
24179598.0,101,47
24179646.0,97,89
24179649.0,94,57
24179664.0,92,52
24179665.0,95,47
24179678.0,94,55
24179685.0,103,46
24179794.0,91,51
24179849.0,105,49
24179944.0,105,46
24179967.0,60,81
24180076.0,91,49
24180099.0,100,49
24180113.0,100,41
24180151.0,102,48
24180171.0,101,43
24180345.0,101,42
24180401.0,98,43
24180403.0,104,51
24180478.0,104,45
24180594.0,102,49
24180694.0,102,57
24180732.0,103,52
24180760.0,92,47
24180826.0,99,42
24180855.0,94,51
24180859.0,55,57
24180904.0,93,48
24180929.0,103,53
24180935.0,103,52
24180936.0,105,47
24180938.0,103,45
24180978.0,103,44
24180997.0,102,44
24181107.0,100,48
24181148.0,95,48
24181198.0,93,50
24181227.0,101,44
24181235.0,104,69
24181238.0,103,44
24181258.0,105,48
24181297.0,102,50
24181326.0,100,46
24181348.0,98,79
24181353.0,103,54
24181358.0,97,43
24181566.0,102,65
24181567.0,91,52
24181577.0,101,50
24181588.0,56,58
24181619.0,98,46
24181623.0,98,42
24181753.0,100,42
24181803.0,97,47
24181809.0,91,50
24181844.0,105,48
24181880.0,97,46
24181900.0,100,48
24181932.0,93,49
24182006.0,90,48
24182012.0,95,45
24182099.0,104,50
24182144.0,90,47
24182145.0,96,43
24182169.0,100,44
24182181.0,97,47
24182238.0,103,48
24182271.0,102,63
24182312.0,101,74
24182327.0,103,46
24182333.0,99,49
24182340.0,94,49
24182380.0,98,43
24182403.0,91,53
24182456.0,56,66
24182539.0,101,87
24182554.0,104,51
24182571.0,94,50
24182586.0,91,51
24182619.0,103,44
24182633.0,98,82
24182679.0,57,66
24182689.0,92,48
24182696.0,103,52
24182748.0,90,48
24182763.0,95,63
24182818.0,91,47
24182865.0,92,53
24182918.0,93,51
24182931.0,90,50
24183220.0,101,62
24183225.0,91,49
24183313.0,58,65
24183366.0,91,54
24183400.0,95,44
24183414.0,97,43
24183428.0,95,43
24183451.0,57,66
24183478.0,102,44
24183498.0,99,47
24183517.0,96,59
24183526.0,93,54
24183527.0,102,56
24183564.0,102,57
24183590.0,99,48
24183608.0,100,43
24183667.0,101,61
24183694.0,102,47
24183748.0,90,49
24183805.0,94,59
24183952.0,91,52
24184048.0,92,49
24184065.0,102,49
24184127.0,92,48
24184156.0,92,55
24184169.0,95,59
24184188.0,103,46
24184209.0,101,49
24184254.0,90,51
24184273.0,94,49
24184278.0,104,46
24184303.0,90,50
24184325.0,94,59
24184328.0,100,44
24184367.0,93,56
24184402.0,94,48
24184406.0,90,49
24184483.0,102,46
24184526.0,102,43
24184536.0,92,48
24184578.0,92,57
24184642.0,94,47
24184689.0,41,78
24184736.0,91,55
24184840.0,99,49
24184848.0,102,45
24185030.0,101,63
24185062.0,98,42
24185083.0,101,60
24185224.0,94,45
24185245.0,102,55
24185369.0,96,45
24185439.0,101,48
24185480.0,101,60
24185487.0,91,53
24185636.0,91,48
24185665.0,92,50
24185710.0,97,43
24185752.0,102,54
24185798.0,89,48
24185893.0,102,65
24185938.0,90,47
24186012.0,92,49
24186018.0,99,42
24186072.0,102,47
24186118.0,54,50
24186144.0,96,46
24186222.0,55,49
24186233.0,99,45
24186257.0,100,50
24186293.0,99,48
24186316.0,102,66
24186343.0,99,44
24186447.0,93,57
24186512.0,93,49
24186534.0,102,65
24186619.0,102,53
24186639.0,89,49
24186654.0,93,48
24186701.0,100,44
24186753.0,90,53
24186764.0,89,48
24186793.0,90,50
24186824.0,98,49
24186914.0,91,49
24186933.0,93,50
24186936.0,93,47
24186954.0,55,49
24186991.0,100,86
24187018.0,102,52
24187123.0,101,47
24187198.0,102,67
24187251.0,91,49
24187334.0,96,43
24187361.0,64,60
24187379.0,96,47
24187433.0,89,49
24187449.0,102,46
24187456.0,92,51
24187479.0,94,51
24187487.0,97,48
24187499.0,101,47
24187579.0,101,64
24187607.0,101,50
24187609.0,90,52
24187759.0,96,63
24187779.0,102,48
24187794.0,104,48
24187796.0,99,43
24187910.0,57,71
24187927.0,93,47
24187953.0,103,47
24187966.0,91,55
24187993.0,94,58
24188059.0,101,47
24188078.0,98,48
24188079.0,96,46
24188150.0,94,46
24188157.0,94,44
24188164.0,101,46
24188223.0,93,51
24188226.0,93,49
24188279.0,96,45
24188306.0,104,48
24188433.0,98,47
24188472.0,97,42
24188520.0,91,57
24188520.0,104,50
24188525.0,104,46
24188528.0,94,47
24188545.0,100,48
24188597.0,95,50
24188622.0,94,57
24188662.0,92,55
24188759.0,90,53
24188773.0,101,63
24188809.0,90,48
24188814.0,93,46
24188845.0,89,50
24188852.0,99,44
24188934.0,99,47
24188961.0,91,54
24188970.0,98,43
24188973.0,95,47
24189017.0,94,43
24189040.0,100,50
24189122.0,54,58
24189132.0,93,48
24189145.0,96,62
24189150.0,94,48
24189217.0,89,90
24189220.0,98,45
24189242.0,92,52
24189289.0,93,55
24189328.0,91,49
24189372.0,95,49
24189380.0,92,58
24189418.0,93,59
24189535.0,98,46
24189545.0,98,45
24189561.0,95,48
24189562.0,98,43
24189569.0,89,49
24189575.0,96,49
24189579.0,94,48
24189603.0,89,51
24189603.0,92,52
24189606.0,102,46
24189633.0,98,42
24189636.0,89,50
24189644.0,101,57
24189679.0,100,49
24189721.0,99,46
24189733.0,98,49
24189758.0,90,52
24189865.0,90,55
24189869.0,93,45
24189908.0,90,54
24189947.0,93,44
24189974.0,99,44
24189998.0,88,49
24190024.0,89,48
24190108.0,101,48
24190113.0,93,50
24190120.0,98,48
24190144.0,94,50
24190214.0,95,61
24190242.0,54,59
24190337.0,95,43
24190419.0,96,61
24190495.0,102,51
24190533.0,94,59
24190541.0,54,59
24190593.0,94,56
24190605.0,90,55
24190649.0,94,48
24190697.0,91,50
24190783.0,90,54
24190785.0,103,47
24190958.0,101,47
24191037.0,88,49
24191038.0,96,42
24191047.0,92,53
24191061.0,95,60
24191086.0,102,47
24191148.0,95,48
24191192.0,89,48
24191234.0,103,46
24191259.0,90,49
24191344.0,101,46
24191350.0,89,51
24191383.0,93,43
24191385.0,89,52
24191387.0,92,51
24191449.0,105,68
24191470.0,101,54
24191481.0,92,49
24191483.0,100,44
24191485.0,101,55
24191490.0,101,56
24191502.0,100,50
24191528.0,91,51
24191625.0,103,46
24191654.0,102,50
24191759.0,92,48
24191935.0,97,49
24191956.0,97,48
24192004.0,106,69
24192010.0,97,47
24192015.0,90,56
24192104.0,91,56
24192125.0,93,47
24192130.0,98,46
24192135.0,99,50
24192136.0,88,50
24192150.0,107,70
24192170.0,103,48
24192190.0,92,56
24192232.0,101,52
24192262.0,89,53
24192281.0,96,43
24192455.0,103,46
24192635.0,92,50
24192686.0,97,44
24192810.0,97,42
24192859.0,95,42
24192875.0,101,53
24192913.0,95,49
24192917.0,93,80
24192955.0,94,48
24192959.0,89,53
24193046.0,92,48
24193062.0,94,43
24193101.0,88,50
24193104.0,92,59
24193108.0,91,58
24193413.0,92,57
24193467.0,95,43
24193536.0,102,49
24193585.0,97,49
24193609.0,93,44
24193623.0,98,44
24193786.0,101,64
24193814.0,89,49
24193849.0,102,46
24193954.0,95,64
24193961.0,92,46
24193965.0,90,49
24193983.0,97,45
24193987.0,96,55
24194035.0,94,49
24194056.0,100,49
24194071.0,101,79
24194109.0,96,82
24194119.0,87,49
24194247.0,97,82
24194253.0,95,47
24194361.0,98,81
24194384.0,106,76
24194454.0,102,48
24194458.0,101,57
24194467.0,97,48
24194508.0,95,63
24194538.0,92,44
24194548.0,90,49
24194627.0,101,52
24194636.0,102,47
24194687.0,99,49
24194715.0,101,54
24194767.0,92,49
24194789.0,99,48
24194823.0,88,51
24194959.0,94,46
24194984.0,95,42
24195011.0,93,60
24195114.0,90,50
24195120.0,99,44
24195226.0,92,53
24195295.0,101,51
24195354.0,101,46
24195400.0,94,46
24195411.0,97,83
24195424.0,93,47
24195432.0,94,44
24195455.0,87,50
24195458.0,91,49
24195483.0,92,44
24195506.0,92,47
24195516.0,90,50
24195595.0,88,50
24195600.0,96,83
24195602.0,98,47
24195647.0,101,47
24195659.0,91,56
24195732.0,97,44
24195783.0,91,51
24195803.0,89,54
24195890.0,95,62
24195893.0,88,49
24195920.0,92,52
24195922.0,99,46
24195959.0,106,75
24195974.0,100,48
24196005.0,96,42
24196014.0,97,47
24196031.0,99,47
24196034.0,100,87
24196122.0,92,45
24196125.0,90,50
24196165.0,87,49
24196172.0,94,50
24196184.0,99,50
24196192.0,91,48
24196240.0,96,49
24196280.0,87,50
24196284.0,95,48
24196306.0,90,57
24196343.0,101,50
24196357.0,91,57
24196412.0,96,43
24196424.0,90,50
24196426.0,90,51
24196438.0,91,53
24196551.0,97,43
24196590.0,94,45
24196634.0,72,59
24196684.0,96,45
24196685.0,97,49
24196690.0,90,56
24196697.0,89,50
24196754.0,96,47
24196773.0,91,50
24196797.0,99,45
24196817.0,100,58
24196824.0,87,51
24196835.0,91,49
24196847.0,88,52
24196862.0,98,50
24196896.0,57,52
24196925.0,96,50
24197039.0,99,86
24197062.0,91,46
24197176.0,57,52
24197201.0,71,58
24197227.0,91,58
24197308.0,96,46
24197353.0,105,75
24197368.0,96,48
24197380.0,100,60
24197458.0,90,55
24197481.0,94,44
24197497.0,91,51
24197550.0,98,63
24197608.0,87,51
24197617.0,99,49
24197642.0,92,54
24197666.0,97,45
24197668.0,88,53
24197704.0,90,52
24197898.0,95,50
24197914.0,109,50
24197927.0,91,54
24198010.0,89,55
24198087.0,93,51
24198090.0,87,49
24198101.0,101,55
24198119.0,100,54
24198124.0,93,44
24198129.0,93,46
24198131.0,98,49
24198143.0,89,54
24198148.0,89,50
24198151.0,100,46
24198258.0,100,53
24198293.0,91,52
24198356.0,100,55
24198361.0,109,50
24198368.0,95,42
24198370.0,92,52
24198383.0,86,50
24198422.0,88,54
24198434.0,58,59
24198517.0,100,82
24198526.0,93,50
24198530.0,93,46
24198542.0,94,48
24198573.0,93,49
24198577.0,102,55
24198593.0,99,48
24198643.0,93,48
24198727.0,97,50
24198732.0,91,45
24198739.0,58,59
24198841.0,100,63
24198906.0,93,60
24198914.0,88,50
24198967.0,109,50
24199019.0,100,57
24199072.0,91,52
24199106.0,86,50
24199127.0,92,51
24199171.0,104,75
24199205.0,92,58
24199240.0,56,60
24199245.0,100,51
24199300.0,97,44
24199304.0,101,47
24199314.0,87,51
24199380.0,96,45
24199412.0,87,88
24199455.0,99,47
24199548.0,95,45
24199560.0,96,49
24199590.0,101,46
24199638.0,101,48
24199641.0,91,44
24199693.0,89,51
24199711.0,88,52
24199741.0,96,48
24199806.0,89,56
24199811.0,94,43
24199830.0,95,43
24199853.0,102,46
24199858.0,98,44
24199878.0,90,50
24199942.0,98,86
24199952.0,91,53
24199965.0,88,50
24200030.0,93,53
24200060.0,95,48
24200061.0,90,53
24200124.0,93,43
24200127.0,73,54
24200177.0,96,50
24200239.0,98,48
24200242.0,96,47
24200254.0,98,46
24200275.0,90,49
24200278.0,86,51
24200305.0,87,52
24200335.0,57,51
24200397.0,99,46
24200407.0,91,59
24200422.0,97,46
24200478.0,98,47
24200485.0,100,47
24200500.0,93,49
24200529.0,87,89
24200551.0,96,46
24200555.0,90,51
24200557.0,91,47
24200568.0,101,64
24200581.0,91,51
24200628.0,99,45
24200667.0,104,47
24200696.0,95,47
24200699.0,92,60
24200703.0,91,50
24200812.0,57,51
24200871.0,94,49
24200874.0,92,44
24200900.0,95,44
24200914.0,88,55
24200915.0,92,48
24200982.0,100,53
24201051.0,87,52
24201101.0,90,47
24201116.0,90,46
24201122.0,91,54
24201142.0,95,49
24201158.0,90,52
24201166.0,95,50
24201169.0,96,44
24201180.0,100,50
24201183.0,96,58
24201252.0,90,50
24201264.0,86,51
24201313.0,95,44
24201417.0,90,56
24201492.0,87,50
24201509.0,68,69
24201571.0,89,57
24201573.0,60,67
24201685.0,97,65
24201704.0,96,57
24201706.0,90,45
24201714.0,89,52
24201752.0,90,52
24201770.0,87,53
24201829.0,57,51
24201849.0,99,45
24201875.0,95,59
24201881.0,98,87
24201999.0,91,48
24202039.0,100,51
24202105.0,92,46
24202108.0,90,49
24202177.0,86,51
24202312.0,98,64
24202337.0,97,49
24202534.0,92,47
24202584.0,92,49
24202610.0,90,48
24202614.0,97,50
24202618.0,91,49
24202646.0,100,57
24202681.0,89,55
24202691.0,95,49
24202737.0,86,52
24202756.0,90,54
24202762.0,88,51
24202776.0,87,50
24202899.0,100,52
24202916.0,88,54
24202925.0,92,43
24202949.0,86,50
24203064.0,100,57
24203254.0,100,45
24203320.0,87,54
24203342.0,98,48
24203398.0,92,50
24203443.0,86,52
24203447.0,99,47
24203478.0,97,51
24203503.0,89,53
24203503.0,87,53
24203547.0,85,51
24203645.0,90,51
24203645.0,92,46
24203660.0,89,56
24203678.0,97,49
24203680.0,100,45
24203736.0,99,87
24203759.0,94,43
24203804.0,91,44
24203808.0,89,48
24203875.0,98,49
24203913.0,92,44
24203975.0,90,57
24203986.0,92,47
24204010.0,98,47
24204022.0,96,82
24204032.0,100,55
24204071.0,100,46
24204126.0,93,46
24204137.0,89,49
24204138.0,99,53
24204157.0,98,82
24204164.0,100,47
24204182.0,99,52
24204187.0,91,60
24204221.0,98,46
24204222.0,83,107
24204234.0,85,51
24204253.0,99,54
24204306.0,100,48
24204321.0,95,50
24204335.0,92,49
24204363.0,97,48
24204425.0,89,50
24204435.0,89,46
24204551.0,87,51
24204621.0,90,52
24204657.0,94,46
24204662.0,99,55
24204897.0,92,61
24204928.0,94,48
24204981.0,89,45
24204989.0,89,49
24205034.0,93,45
24205141.0,91,59
24205226.0,95,44
24205272.0,88,52
24205277.0,90,53
24205288.0,92,43
24205310.0,89,47
24205311.0,86,53
24205341.0,90,59
24205379.0,99,51
24205395.0,90,54
24205405.0,92,50
24205405.0,89,57
24205413.0,101,45
24205473.0,85,52
24205476.0,83,110
24205516.0,90,45
24205518.0,91,46
24205569.0,94,50
24205659.0,99,81
24205660.0,87,54
24205663.0,94,47
24205664.0,97,45
24205670.0,95,45
24205687.0,94,49
24205772.0,97,50
24205802.0,88,49
24205816.0,91,47
24205873.0,89,50
24205878.0,66,73
24205907.0,101,66
24205923.0,101,45
24205980.0,88,57
24206008.0,89,51
24206025.0,96,44
24206038.0,89,52
24206054.0,89,45
24206062.0,87,55
24206110.0,86,50
24206123.0,91,49
24206185.0,99,50
24206223.0,90,46
24206296.0,93,50
24206375.0,93,43
24206425.0,91,47
24206598.0,89,58
24206656.0,86,54
24206686.0,85,52
24206746.0,91,50
24206770.0,94,46
24206816.0,97,49
24206868.0,88,55
24206899.0,97,48
24206930.0,89,49
24206954.0,98,45
24206954.0,87,55
24206987.0,105,70
24206999.0,89,52
24207001.0,99,45
24207028.0,86,53
24207029.0,92,44
24207136.0,97,50
24207173.0,91,44
24207183.0,86,51
24207243.0,88,56
24207247.0,94,49
24207290.0,96,50
24207293.0,72,56
24207324.0,89,51
24207326.0,90,58
24207328.0,98,85
24207329.0,93,45
24207344.0,91,46
24207385.0,91,58
24207403.0,93,46
24207414.0,98,46
24207425.0,101,82
24207429.0,94,50
24207437.0,99,45
24207513.0,99,49
24207520.0,94,47
24207552.0,98,48
24207568.0,98,47
24207575.0,95,47
24207596.0,96,49
24207650.0,96,46
24207673.0,99,47
24207675.0,99,56
24207691.0,93,45
24207700.0,88,53
24207708.0,85,53
24207740.0,90,45
24207763.0,88,49
24207892.0,99,47
24207956.0,96,48
24207961.0,72,56
24207968.0,97,48
24207987.0,85,51
24207998.0,89,59
24208080.0,89,46
24208082.0,88,48
24208092.0,94,48
24208129.0,107,75
24208132.0,99,84
24208212.0,92,49
24208219.0,89,53
24208256.0,91,43
24208268.0,94,45
24208276.0,92,45
24208281.0,99,46
24208289.0,96,51
24208311.0,90,50
24208324.0,87,52
24208361.0,96,47
24208457.0,87,56
24208485.0,93,46
24208496.0,89,57
24208530.0,93,47
24208584.0,85,53
24208602.0,84,52
24208610.0,99,47
24208648.0,97,49
24208677.0,87,52
24208682.0,88,46
24208691.0,91,49
24208713.0,93,46
24208723.0,99,60
24208729.0,94,44
24208757.0,88,50
24208789.0,90,47
24208883.0,99,47
24208999.0,91,61
24209001.0,73,57
24209075.0,89,48
24209190.0,86,54
24209220.0,91,51
24209228.0,90,45
24209272.0,99,58
24209291.0,97,46
24209299.0,99,48
24209369.0,88,45
24209487.0,88,54
24209526.0,88,47
24209530.0,91,44
24209538.0,88,50
24209611.0,88,51
24209642.0,85,53
24209660.0,90,49
24209673.0,99,57
24209698.0,87,55
24209709.0,88,49
24209716.0,89,55
24209721.0,95,44
24209723.0,90,60
24209833.0,93,48
24209932.0,93,49
24209976.0,97,45
24209986.0,86,52
24210025.0,98,51
24210061.0,84,52
24210089.0,94,50
24210279.0,93,50
24210326.0,98,45
24210348.0,87,53
24210424.0,95,44
24210464.0,88,58
24210467.0,89,45
24210471.0,88,57
24210494.0,91,50
24210513.0,94,49
24210541.0,98,53
24210559.0,95,45
24210582.0,90,44
24210587.0,93,50
24210588.0,90,45
24210589.0,87,56
24210611.0,100,86
24210804.0,85,54
24210818.0,97,45
24210907.0,88,52
24210960.0,90,50
24210987.0,96,50
24211002.0,98,50
24211043.0,92,48
24211127.0,90,47
24211132.0,92,43
24211246.0,88,54
24211253.0,85,54
24211285.0,97,46
24211309.0,92,45
24211334.0,88,51
24211387.0,86,52
24211441.0,87,47
24211455.0,86,55
24211472.0,92,50
24211497.0,93,46
24211500.0,85,51
24211570.0,85,52
24211581.0,93,65
24211586.0,84,53
24211637.0,88,46
24211675.0,97,47
24211732.0,93,47
24211751.0,93,49
24211755.0,89,59
24211805.0,92,44
24211833.0,98,46
24211845.0,87,57
24211856.0,86,52
24211937.0,95,50
24211975.0,89,58
24212007.0,95,49
24212020.0,98,49
24212066.0,95,46
24212163.0,87,50
24212180.0,94,46
24212196.0,91,49
24212218.0,98,47
24212251.0,86,54
24212298.0,98,48
24212321.0,90,51
24212328.0,88,53
24212360.0,84,52
24212367.0,96,48
24212397.0,92,46
24212419.0,89,46
24212514.0,100,87
24212525.0,91,43
24212545.0,89,52
24212573.0,86,53
24212632.0,94,44
24212638.0,86,56
24212648.0,95,51
24212671.0,96,49
24212679.0,87,47
24212742.0,96,47
24212748.0,89,60
24212789.0,98,54
24212860.0,94,44
24212885.0,89,55
24212887.0,87,46
24212935.0,87,49
24212985.0,93,48
24213015.0,89,56
24213077.0,95,48
24213122.0,88,54
24213133.0,84,54
24213134.0,85,55
24213147.0,96,46
24213167.0,89,47
24213215.0,87,47
24213244.0,87,54
24213336.0,89,48
24213462.0,92,48
24213494.0,91,61
24213501.0,87,57
24213505.0,93,50
24213533.0,87,47
24213560.0,89,47
24213592.0,101,86
24213676.0,86,53
24213688.0,91,60
24213691.0,94,78
24213707.0,93,45
24213716.0,90,60
24213773.0,96,78
24213791.0,92,49
24213815.0,102,50
24213818.0,88,55
24213831.0,91,44
24213838.0,84,54
24213840.0,98,56
24213844.0,94,44
24213851.0,92,44
24213882.0,88,59
24213908.0,98,55
24213917.0,83,53
24214126.0,92,47
24214142.0,90,50
24214247.0,106,74
24214309.0,97,45
24214403.0,96,45
24214438.0,89,55
24214468.0,107,74
24214486.0,87,58
24214522.0,94,46
24214554.0,91,48
24214604.0,93,49
24214628.0,87,56
24214678.0,84,54
24214704.0,88,53
24214707.0,92,45
24214743.0,88,54
24214796.0,87,46
24214804.0,92,46
24214815.0,92,50
24214841.0,91,46
24214869.0,88,58
24214887.0,90,51
24214929.0,88,50
24214955.0,93,57
24215046.0,96,46
24215066.0,93,47
24215079.0,92,44
24215095.0,90,47
24215098.0,89,46
24215125.0,97,85
24215132.0,105,75
24215177.0,93,44
24215239.0,85,54
24215301.0,94,45
24215326.0,83,54
24215326.0,56,52
24215346.0,55,52
24215351.0,87,52
24215383.0,57,52
24215392.0,93,44
24215403.0,54,52
24215411.0,96,47
24215417.0,92,47
24215430.0,89,50
24215467.0,86,56
24215479.0,89,49
24215488.0,90,59
24215491.0,94,49
24215495.0,88,46
24215503.0,92,51
24215594.0,97,73
24215600.0,97,51
24215628.0,97,46
24215678.0,91,45
24215681.0,56,51
24215710.0,92,48
24215722.0,88,52
24215734.0,56,52
24215750.0,57,52
24215770.0,90,48
24215806.0,95,50
24215817.0,89,45
24215821.0,85,56
24215855.0,94,51
24215878.0,95,48
24215886.0,87,55
24215964.0,93,51
24215970.0,89,48
24215975.0,89,44
24215978.0,86,47
24215985.0,55,52
24215989.0,96,48
24216014.0,89,60
24216022.0,56,51
24216033.0,94,48
24216039.0,97,52
24216052.0,97,47
24216076.0,85,55
24216102.0,91,47
24216119.0,95,51
24216143.0,86,54
24216160.0,86,57
24216192.0,89,51
24216208.0,89,47
24216224.0,86,89
24216247.0,97,49
24216250.0,55,52
24216278.0,90,90
24216287.0,100,45
24216296.0,85,53
24216344.0,95,49
24216360.0,98,57
24216372.0,92,49
24216375.0,84,53
24216383.0,86,50
24216498.0,92,50
24216513.0,83,54
24216554.0,87,48
24216705.0,93,44
24216721.0,95,47
24216746.0,91,48
24216754.0,86,49
24216816.0,95,46
24216869.0,97,48
24216887.0,92,45
24216901.0,98,56
24216913.0,86,48
24216962.0,95,48
24217053.0,94,50
24217062.0,90,50
24217085.0,91,49
24217149.0,97,53
24217160.0,91,45
24217161.0,88,47
24217170.0,86,47
24217199.0,95,45
24217205.0,90,86
24217231.0,89,49
24217250.0,100,62
24217311.0,97,50
24217389.0,93,45
24217461.0,92,62
24217519.0,84,55
24217532.0,86,51
24217537.0,88,47
24217567.0,89,50
24217624.0,95,63
24217706.0,89,86
24217752.0,94,49
24217754.0,87,54
24217776.0,94,47
24217777.0,88,54
24217798.0,88,59
24217829.0,87,46
24217870.0,96,45
24217958.0,93,60
24217961.0,97,54
24218017.0,94,51
24218029.0,91,62
24218062.0,92,51
24218063.0,88,49
24218080.0,87,49
24218089.0,94,49
24218172.0,92,46
24218198.0,85,54
24218218.0,83,53
24218254.0,88,48
24218276.0,95,47
24218282.0,90,44
24218285.0,88,45
24218317.0,95,45
24218326.0,91,45
24218349.0,87,58
24218351.0,87,46
24218352.0,85,56
24218354.0,91,49
24218365.0,94,52
24218371.0,88,46
24218418.0,98,58
24218419.0,89,50
24218443.0,85,52
24218445.0,95,50
24218449.0,90,61
24218454.0,86,58
24218460.0,92,59
24218475.0,89,59
24218478.0,85,57
24218492.0,88,49
24218502.0,90,49
24218582.0,92,50
24218647.0,93,50
24218686.0,99,61
24218695.0,86,57
24218762.0,83,55
24218764.0,99,63
24218794.0,91,46
24218843.0,87,46
24218876.0,92,44
24218877.0,87,52
24218922.0,88,48
24218966.0,97,55
24218967.0,93,46
24219040.0,90,46
24219069.0,42,79
24219108.0,85,48
24219111.0,85,57
24219128.0,86,52
24219138.0,91,48
24219161.0,93,47
24219169.0,91,47
24219181.0,87,57
24219246.0,87,46
24219296.0,84,56
24219309.0,87,56
24219326.0,86,54
24219334.0,87,54
24219359.0,90,47
24219361.0,93,46
24219414.0,96,46
24219447.0,83,55
24219460.0,86,55
24219493.0,89,51
24219495.0,88,50
24219502.0,42,79
24219524.0,87,53
24219552.0,87,59
24219573.0,87,56
24219591.0,90,45
24219604.0,85,54
24219689.0,94,51
24219708.0,91,50
24219753.0,98,57
24219902.0,93,46
24219954.0,96,56
24219979.0,87,47
24220015.0,85,54
24220029.0,93,49
24220067.0,85,49
24220206.0,86,48
24220214.0,93,46
24220219.0,92,48
24220220.0,94,46
24220228.0,88,46
24220238.0,86,50
24220250.0,88,45
24220262.0,96,47
24220294.0,89,44
24220337.0,87,47
24220342.0,84,54
24220344.0,91,51
24220346.0,94,50
24220360.0,91,50
24220383.0,92,45
24220400.0,86,53
24220407.0,96,48
24220415.0,91,48
24220439.0,86,58
24220462.0,88,51
24220463.0,97,54
24220484.0,90,58
24220490.0,85,47
24220550.0,93,50
24220553.0,93,48
24220594.0,87,56
24220638.0,91,51
24220641.0,90,45
24220695.0,88,48
24220748.0,89,48
24220762.0,89,51
24220795.0,85,54
24220803.0,92,45
24220810.0,96,51
24220816.0,94,51
24220819.0,94,45
24220872.0,95,49
24220903.0,87,48
24220912.0,95,45
24220932.0,91,49
24220999.0,94,47
24221000.0,87,59
24221007.0,87,49
24221021.0,85,50
24221045.0,85,48
24221088.0,87,48
24221114.0,83,54
24221124.0,89,45
24221139.0,96,49
24221144.0,87,47
24221206.0,96,50
24221269.0,87,45
24221286.0,82,55
24221291.0,88,52
24221314.0,88,60
24221364.0,84,56
24221378.0,87,55
24221393.0,94,50
24221432.0,90,46
24221435.0,73,55
24221452.0,94,48
24221496.0,86,52
24221564.0,92,46
24221572.0,91,50
24221576.0,85,51
24221735.0,90,48
24221746.0,94,49
24221763.0,93,51
24221860.0,87,47
24221866.0,85,52
24221904.0,87,45
24221937.0,82,55
24221972.0,83,56
24221977.0,83,55
24221983.0,93,87
24221989.0,82,56
24222001.0,88,55
24222104.0,89,61
24222131.0,97,55
24222179.0,86,54
24222179.0,93,50
24222226.0,90,45
24222367.0,94,46
24222381.0,85,55
24222394.0,90,49
24222418.0,86,47
24222443.0,89,60
24222527.0,89,45
24222628.0,86,58
24222652.0,87,46
24222694.0,88,49
24222705.0,83,56
24222716.0,91,47
24222720.0,87,54
24222720.0,84,57
24222749.0,87,47
24222758.0,85,54
24222779.0,90,49
24222786.0,90,50
24222816.0,86,53
24222818.0,83,54
24222877.0,90,47
24223007.0,85,57
24223029.0,86,54
24223064.0,94,47
24223097.0,88,47
24223121.0,96,52
24223124.0,89,45
24223124.0,89,59
24223145.0,87,59
24223164.0,88,51
24223291.0,86,56
24223309.0,85,58
24223387.0,92,47
24223397.0,85,48
24223413.0,72,56
24223422.0,87,56
24223445.0,83,56
24223474.0,91,51
24223519.0,84,48
24223523.0,86,59
24223529.0,56,51
24223545.0,94,51
24223574.0,89,46
24223617.0,94,88
24223627.0,90,48
24223635.0,89,47
24223683.0,89,52
24223688.0,54,57
24223696.0,85,52
24223727.0,88,50
24223759.0,92,47
24223766.0,72,56
24223775.0,86,48
24223817.0,90,50
24223819.0,87,48
24223820.0,91,45
24223853.0,87,46
24223895.0,95,47
24223921.0,97,63
24223935.0,97,56
24223959.0,85,47
24224068.0,90,60
24224097.0,88,45
24224100.0,84,49
24224108.0,87,51
24224166.0,89,51
24224210.0,73,55
24224230.0,88,51
24224258.0,89,45
24224305.0,82,56
24224312.0,93,46
24224317.0,92,48
24224320.0,89,46
24224323.0,87,60
24224341.0,87,55
24224345.0,84,50
24224351.0,92,47
24224370.0,85,49
24224408.0,84,55
24224448.0,89,48
24224512.0,87,49
24224537.0,85,47
24224556.0,87,57
24224561.0,95,46
24224673.0,86,49
24224674.0,90,46
24224691.0,90,50
24224752.0,84,48
24224760.0,85,53
24224799.0,93,47
24224804.0,86,46
24224818.0,85,51
24224845.0,84,57
24224875.0,91,46
24224913.0,95,50
24224962.0,83,55
24224976.0,92,49
24225051.0,84,58
24225052.0,99,84
24225118.0,95,47
24225182.0,95,48
24225208.0,82,55
24225210.0,93,50
24225249.0,86,55
24225257.0,86,46
24225281.0,99,84
24225294.0,91,46
24225300.0,93,49
24225350.0,93,48
24225352.0,86,59
24225367.0,100,67
24225373.0,85,47
24225407.0,95,49
24225431.0,92,50
24225475.0,90,87
24225490.0,88,46
24225511.0,93,51
24225564.0,89,47
24225585.0,88,61
24225599.0,95,47
24225654.0,93,47
24225662.0,90,48
24225784.0,84,51
24225817.0,94,61
24225818.0,96,55
24225821.0,90,50
24225897.0,89,45
24225900.0,85,56
24225944.0,90,45
24225972.0,93,50
24225994.0,72,56
24226036.0,83,55
24226052.0,90,84
24226098.0,86,55
24226103.0,86,47
24226133.0,91,46
24226170.0,82,56
24226200.0,90,62
24226219.0,84,49
24226270.0,82,55
24226282.0,93,62
24226337.0,93,46
24226354.0,88,52
24226379.0,95,64
24226433.0,85,48
24226492.0,86,50
24226540.0,87,45
24226563.0,83,57
24226636.0,91,47
24226636.0,95,51
24226737.0,93,51
24226765.0,89,46
24226776.0,95,50
24226798.0,89,49
24226804.0,94,46
24226853.0,88,47
24226875.0,96,57
24226890.0,85,58
24226911.0,92,51
24226916.0,85,54
24226974.0,89,48
24226983.0,93,48
24227043.0,86,46
24227066.0,86,57
24227073.0,86,56
24227099.0,93,49
24227102.0,96,57
24227165.0,86,60
24227165.0,85,59
24227168.0,90,45
24227202.0,92,51
24227231.0,86,48
24227234.0,84,52
24227256.0,83,57
24227261.0,86,51
24227268.0,85,56
24227272.0,97,83
24227293.0,90,48
24227425.0,73,56
24227487.0,89,50
24227527.0,41,82
24227629.0,88,46
24227660.0,90,46
24227683.0,92,63
24227730.0,91,84
24227837.0,40,82
24227861.0,90,49
24227871.0,94,45
24227917.0,87,51
24227961.0,89,49
24228040.0,92,47
24228057.0,91,61
24228074.0,91,48
24228139.0,84,48
24228150.0,85,49
24228191.0,83,49
24228204.0,89,45
24228233.0,86,49
24228251.0,84,56
24228272.0,82,57
24228286.0,88,48
24228303.0,41,82
24228373.0,94,47
24228377.0,89,48
24228439.0,92,46
24228453.0,89,51
24228507.0,83,50
24228519.0,88,46
24228564.0,85,46
24228643.0,88,47
24228654.0,85,47
24228797.0,91,49
24228805.0,86,50
24228879.0,84,58
24228900.0,84,53
24228922.0,83,49
24228962.0,87,61
24228982.0,97,57
24228986.0,87,57
24228994.0,92,47
24229010.0,83,56
24229010.0,90,86
24229032.0,86,52
24229042.0,83,58
24229057.0,87,46
24229069.0,86,47
24229117.0,85,46
24229138.0,90,51
24229186.0,92,52
24229259.0,88,60
24229317.0,87,53
24229335.0,89,45
24229339.0,83,51
24229379.0,82,57
24229390.0,92,46
24229394.0,86,54
24229444.0,85,59
24229455.0,85,50
24229519.0,85,47
24229526.0,81,57
24229554.0,85,55
24229592.0,90,47
24229601.0,91,50
24229619.0,84,50
24229695.0,82,56
24229726.0,88,49
24229733.0,87,52
24229737.0,87,60
24229834.0,102,81
24229933.0,89,50
24229976.0,87,47
24229993.0,88,47
24230070.0,84,54
24230072.0,83,56
24230099.0,94,48
24230108.0,88,46
24230112.0,86,48
24230114.0,92,49
24230127.0,86,49
24230140.0,90,61
24230153.0,84,58
24230175.0,87,50
24230187.0,94,49
24230191.0,85,46
24230205.0,85,60
24230219.0,88,61
24230236.0,86,56
24230259.0,83,58
24230305.0,87,56
24230310.0,83,52
24230321.0,94,50
24230331.0,83,56
24230341.0,91,51
24230408.0,93,46
24230459.0,94,49
24230497.0,86,50
24230628.0,92,48
24230639.0,90,85
24230642.0,87,46
24230683.0,88,48
24230724.0,83,50
24230745.0,94,51
24230763.0,86,60
24230790.0,84,59
24230796.0,85,47
24230838.0,88,59
24230843.0,92,47
24230862.0,85,51
24230882.0,86,52
24230884.0,90,48
24230944.0,85,57
24230978.0,89,52
24230998.0,85,54
24231008.0,92,50
24231026.0,92,49
24231045.0,89,46
24231049.0,92,51
24231118.0,81,57
24231123.0,94,49
24231173.0,86,55
24231181.0,84,49
24231230.0,89,61
24231236.0,92,61
24231333.0,85,51
24231344.0,87,90
24231382.0,85,60
24231394.0,84,54
24231420.0,85,48
24231439.0,94,49
24231515.0,82,58
24231534.0,82,56
24231605.0,86,46
24231667.0,83,53
24231718.0,91,51
24231755.0,85,51
24231830.0,88,50
24231864.0,84,57
24231892.0,89,51
24231917.0,85,56
24231963.0,94,51
24231971.0,87,53
24231985.0,94,52
24232014.0,85,51
24232043.0,91,46
24232067.0,87,48
24232115.0,88,58
24232147.0,96,55
24232197.0,88,49
24232239.0,87,47
24232250.0,83,49
24232254.0,93,47
24232264.0,86,51
24232270.0,94,51
24232297.0,98,61
24232312.0,87,51
24232382.0,91,47
24232409.0,87,61
24232572.0,85,60
24232580.0,97,59
24232589.0,82,50
24232618.0,82,51
24232627.0,87,46
24232696.0,90,49
24232721.0,86,52
24232796.0,83,51
24232800.0,82,58
24232809.0,105,73
24232818.0,91,52
24232834.0,89,47
24232853.0,85,56
24232870.0,85,49
24232910.0,87,52
24232920.0,89,52
24232921.0,86,61
24232924.0,91,46
24233012.0,84,50
24233034.0,105,74
24233035.0,84,47
24233056.0,88,62
24233090.0,88,50
24233105.0,85,46
24233110.0,92,64
24233127.0,85,50
24233140.0,83,58
24233154.0,86,47
24233287.0,91,48
24233340.0,85,59
24233351.0,93,48
24233380.0,83,59
24233387.0,81,58
24233405.0,84,55
24233417.0,92,64
24233436.0,86,53
24233446.0,87,48
24233455.0,88,48
24233466.0,88,46
24233494.0,88,51
24233509.0,91,47
24233534.0,87,47
24233555.0,95,54
24233603.0,86,57
24233604.0,90,50
24233663.0,85,55
24233669.0,85,52
24233695.0,83,49
24233728.0,81,57
24233729.0,87,49
24233764.0,83,57
24233838.0,82,57
24234017.0,88,51
24234032.0,89,62
24234067.0,83,54
24234078.0,89,48
24234083.0,92,46
24234133.0,93,46
24234145.0,92,48
24234200.0,84,48
24234219.0,82,52
24234231.0,82,51
24234242.0,86,52
24234246.0,91,49
24234275.0,84,54
24234310.0,84,47
24234378.0,85,46
24234412.0,101,74
24234419.0,91,48
24234449.0,89,52
24234477.0,82,50
24234536.0,85,58
24234551.0,83,59
24234556.0,86,46
24234569.0,86,61
24234602.0,85,50
24234603.0,89,62
24234666.0,84,60
24234728.0,106,73
24234767.0,93,46
24234783.0,88,50
24234799.0,84,59
24234820.0,85,57
24234846.0,83,57
24234859.0,81,57
24234912.0,89,50
24234940.0,91,85
24235007.0,84,57
24235041.0,93,49
24235046.0,84,51
24235049.0,94,53
24235051.0,87,49
24235124.0,85,51
24235203.0,86,48
24235233.0,91,50
24235244.0,85,53
24235254.0,93,46
24235261.0,82,57
24235265.0,91,49
24235290.0,90,51
24235293.0,86,53
24235304.0,87,48
24235337.0,92,46
24235450.0,83,53
24235460.0,83,59
24235470.0,87,46
24235524.0,84,51
24235573.0,87,62
24235591.0,87,50
24235642.0,93,63
24235664.0,83,55
24235679.0,83,50
24235703.0,93,46
24235730.0,86,47
24235735.0,96,56
24235763.0,85,56
24235790.0,94,50
24235874.0,84,49
24235885.0,84,55
24235922.0,93,50
24235941.0,94,52
24235972.0,88,47
24236095.0,84,56
24236096.0,87,50
24236110.0,86,54
24236134.0,96,57
24236135.0,91,51
24236145.0,97,67
24236239.0,92,47
24236264.0,95,55
24236275.0,88,47
24236286.0,90,47
24236311.0,86,48
24236415.0,89,49
24236417.0,88,62
24236507.0,90,51
24236523.0,85,47
24236529.0,82,53
24236551.0,86,49
24236583.0,82,59
24236607.0,91,53
24236637.0,81,58
24236645.0,86,47
24236651.0,83,60
24236679.0,87,46
24236684.0,85,60
24236691.0,94,47
24236725.0,90,62
24236737.0,88,49
24236757.0,93,51
24236780.0,88,48
24236789.0,86,49
24236807.0,82,51
24236824.0,90,47
24236849.0,87,46
24236851.0,85,49
24236874.0,82,50
24236907.0,84,52
24236928.0,87,51
24237020.0,85,52
24237043.0,93,51
24237073.0,84,50
24237078.0,91,51
24237170.0,92,48
24237198.0,83,48
24237202.0,95,46
24237214.0,89,50
24237217.0,90,49
24237233.0,81,59
24237235.0,88,51
24237246.0,92,50
24237252.0,86,62
24237306.0,86,49
24237318.0,84,48
24237331.0,91,50
24237379.0,93,52
24237384.0,89,62
24237429.0,85,51
24237470.0,83,52
24237497.0,90,49
24237506.0,91,62
24237513.0,85,61
24237548.0,82,52
24237574.0,86,48
24237649.0,86,53
24237663.0,86,49
24237698.0,83,49
24237704.0,93,51
24237755.0,91,52
24237785.0,92,51
24237790.0,88,51
24237793.0,85,47
24237827.0,83,47
24237914.0,91,48
24237917.0,87,47
24237927.0,83,48
24237934.0,83,58
24237936.0,82,54
24237952.0,84,58
24237988.0,82,59
24237993.0,81,59
24238023.0,81,51
24238029.0,89,54
24238065.0,84,49
24238123.0,90,52
24238212.0,83,55
24238284.0,87,49
24238341.0,85,54
24238356.0,87,61
24238366.0,86,61
24238428.0,86,54
24238474.0,81,58
24238492.0,81,52
24238493.0,94,53
24238528.0,91,46
24238571.0,90,48
24238576.0,84,58
24238673.0,85,47
24238686.0,87,50
24238690.0,84,61
24238732.0,92,48
24238783.0,88,49
24238858.0,84,56
24238866.0,84,58
24238904.0,94,54
24238948.0,86,46
24239072.0,90,48
24239135.0,84,53
24239151.0,83,58
24239157.0,85,59
24239197.0,83,51
24239222.0,92,49
24239242.0,93,52
24239276.0,89,51
24239297.0,82,58
24239314.0,86,52
24239395.0,91,52
24239412.0,84,51
24239420.0,86,54
24239494.0,82,54
24239514.0,81,58
24239551.0,83,49
24239566.0,90,49
24239572.0,87,52
24239579.0,85,52
24239595.0,83,60
24239611.0,85,49
24239670.0,85,57
24239719.0,91,49
24239762.0,88,49
24239762.0,84,47
24239838.0,83,48
24239844.0,83,52
24239896.0,83,56
24239966.0,87,62
24240079.0,84,57
24240139.0,85,53
24240157.0,82,50
24240209.0,81,53
24240232.0,84,60
24240260.0,90,50
24240346.0,87,51
24240359.0,82,51
24240380.0,86,47
24240390.0,86,56
24240390.0,89,47
24240417.0,82,60
24240450.0,82,55
24240473.0,91,47
24240509.0,85,58
24240513.0,87,48
24240548.0,93,50
24240551.0,86,62
24240553.0,86,49
24240586.0,81,52
24240597.0,90,49
24240628.0,89,51
24240712.0,83,50
24240761.0,85,48
24240817.0,92,50
24240898.0,83,49
24240984.0,89,46
24241006.0,100,120
24241008.0,85,61
24241074.0,92,49
24241128.0,90,51
24241130.0,83,54
24241153.0,83,47
24241190.0,88,53
24241218.0,101,120
24241297.0,88,52
24241313.0,100,120
24241342.0,89,47
24241369.0,91,87
24241417.0,81,60
24241444.0,84,48
24241449.0,88,61
24241462.0,84,59
24241528.0,90,63
24241554.0,84,54
24241581.0,93,53
24241644.0,83,56
24241665.0,91,48
24241667.0,100,86
24241667.0,86,47
24241700.0,90,46
24241702.0,82,51
24241840.0,82,48
24241898.0,84,52
24241901.0,92,51
24241968.0,83,53
24241993.0,85,58
24242001.0,90,51
24242079.0,97,83
24242084.0,82,49
24242158.0,84,51
24242247.0,88,50
24242250.0,86,55
24242292.0,87,49
24242306.0,82,60
24242327.0,95,56
24242352.0,82,56
24242417.0,81,60
24242491.0,89,48
24242496.0,85,49
24242541.0,81,51
24242547.0,91,86
24242555.0,90,50
24242575.0,88,63
24242586.0,111,95
24242613.0,85,55
24242643.0,89,52
24242751.0,92,50
24242756.0,88,51
24242846.0,84,48
24242855.0,94,86
24242876.0,85,50
24242882.0,90,52
24242893.0,84,57
24242909.0,82,55
24242917.0,86,50
24242952.0,91,48
24242990.0,85,56
24243041.0,87,52
24243046.0,83,60
24243085.0,85,48
24243134.0,83,50
24243200.0,91,49
24243215.0,83,51
24243221.0,84,53
24243265.0,86,48
24243272.0,93,50
24243339.0,86,52
24243530.0,80,52
24243556.0,83,57
24243568.0,83,53
24243613.0,92,51
24243632.0,85,54
24243698.0,85,47
24243706.0,90,51
24243774.0,89,49
24243785.0,92,52
24243802.0,88,53
24243829.0,97,84
24243850.0,82,49
24243884.0,88,51
24243966.0,85,47
24244048.0,81,53
24244101.0,82,56
24244125.0,88,47
24244134.0,84,61
24244191.0,83,59
24244218.0,93,53
24244320.0,82,59
24244344.0,82,50
24244366.0,85,50
24244389.0,90,47
24244453.0,94,85
24244475.0,90,52
24244480.0,98,85
24244512.0,86,62
24244516.0,99,85
24244550.0,81,59
24244565.0,94,64
24244607.0,85,47
24244647.0,84,62
24244670.0,91,49
24244687.0,90,49
24244787.0,81,55
24244819.0,83,61
24244855.0,81,60
24244873.0,87,50
24244938.0,83,48
24244941.0,80,53
24244961.0,85,47
24244995.0,82,52
24245129.0,84,52
24245230.0,92,52
24245246.0,83,54
24245289.0,84,58
24245304.0,101,80
24245365.0,86,49
24245520.0,83,52
24245535.0,85,48
24245541.0,87,63
24245588.0,82,59
24245595.0,83,57
24245686.0,83,51
24245714.0,82,57
24245745.0,85,53
24245748.0,85,57
24245776.0,84,56
24245785.0,82,48
24245820.0,89,48
24245833.0,81,52
24245895.0,82,51
24245897.0,86,54
24245906.0,89,50
24245988.0,84,55
24245996.0,84,59
24246002.0,85,54
24246058.0,88,48
24246067.0,90,48
24246187.0,89,51
24246268.0,95,56
24246370.0,84,59
24246417.0,90,54
24246495.0,80,54
24246601.0,84,53
24246629.0,83,48
24246642.0,87,62
24246682.0,88,48
24246685.0,89,49
24246748.0,87,53
24246750.0,84,98
24246774.0,81,49
24246816.0,85,60
24246852.0,82,61
24246921.0,82,51
24246956.0,87,54
24246984.0,104,67
24246990.0,82,53
24247023.0,88,52
24247024.0,81,54
24247037.0,86,59
24247042.0,80,53
24247044.0,84,54
24247075.0,84,62
24247154.0,83,62
24247183.0,83,58
24247184.0,85,48
24247186.0,84,60
24247200.0,87,54
24247204.0,82,57
24247215.0,83,57
24247220.0,84,59
24247236.0,86,63
24247249.0,81,52
24247260.0,87,63
24247273.0,82,50
24247281.0,85,51
24247349.0,85,50
24247414.0,89,51
24247450.0,87,51
24247481.0,83,53
24247513.0,81,61
24247524.0,89,53
24247538.0,85,59
24247614.0,88,47
24247657.0,81,52
24247695.0,89,47
24247749.0,85,55
24247781.0,86,50
24247826.0,88,49
24247992.0,84,48
24248122.0,90,49
24248186.0,81,50
24248223.0,91,51
24248359.0,83,52
24248382.0,86,52
24248401.0,89,51
24248411.0,81,52
24248434.0,85,49
24248492.0,88,63
24248529.0,81,56
24248564.0,92,53
24248571.0,83,49
24248587.0,83,62
24248588.0,81,61
24248605.0,83,61
24248647.0,89,46
24248738.0,94,55
24248806.0,83,55
24248838.0,84,50
24248897.0,86,50
24248914.0,84,58
24248963.0,89,50
24248971.0,82,54
24249024.0,82,52
24249036.0,81,52
24249281.0,90,48
24249297.0,89,48
24249315.0,87,47
24249436.0,84,48
24249493.0,92,64
24249557.0,87,48
24249596.0,85,56
24249787.0,89,47
24249804.0,89,52
24249903.0,81,60
24249929.0,84,60
24250020.0,90,52
24250089.0,82,49
24250119.0,82,61
24250165.0,83,48
24250178.0,81,57
24250295.0,81,53
24250298.0,88,50
24250328.0,83,58
24250331.0,91,52
24250352.0,93,61
24250382.0,84,57
24250385.0,83,60
24250430.0,89,48
24250519.0,81,51
24250616.0,88,53
24250701.0,84,56
24250722.0,87,48
24250735.0,86,51
24250782.0,90,49
24250807.0,83,53
24250831.0,84,59
24250861.0,80,53
24250936.0,82,60
24250964.0,87,52
24250985.0,86,63
24250990.0,88,53
24250992.0,80,55
24251027.0,85,50
24251038.0,82,49
24251104.0,82,52
24251144.0,97,58
24251188.0,81,50
24251199.0,84,63
24251212.0,89,53
24251221.0,89,52
24251252.0,90,49
24251345.0,88,64
24251377.0,81,60
24251437.0,84,49
24251536.0,82,53
24251618.0,80,54
24251674.0,81,49
24251703.0,83,54
24251741.0,84,54
24251788.0,88,51
24251861.0,87,52
24251901.0,82,58
24251901.0,41,80
24251906.0,90,49
24251919.0,90,50
24251926.0,88,49
24251995.0,88,53
24252210.0,82,57
24252215.0,85,50
24252244.0,90,49
24252287.0,82,58
24252309.0,85,58
24252326.0,90,63
24252326.0,82,60
24252337.0,80,56
24252340.0,89,91
24252389.0,85,53
24252453.0,87,49
24252633.0,84,55
24252906.0,96,59
24252949.0,84,59
24253058.0,81,51
24253124.0,82,55
24253133.0,80,55
24253168.0,91,52
24253193.0,89,49
24253240.0,83,60
24253370.0,82,58
24253448.0,81,52
24253464.0,91,52
24253568.0,80,53
24253587.0,85,53
24253606.0,90,64
24253607.0,87,47
24253625.0,89,64
24253633.0,83,56
24253711.0,86,48
24253781.0,87,49
24253899.0,90,51
24254133.0,92,54
24254175.0,90,91
24254182.0,88,48
24254260.0,81,62
24254358.0,83,55
24254397.0,88,51
24254437.0,86,48
24254535.0,80,51
24254545.0,83,50
24254664.0,81,54
24254737.0,87,64
24254783.0,84,50
24254787.0,81,57
24254791.0,83,56
24254798.0,81,56
24254809.0,94,56
24254916.0,55,60
24254931.0,87,63
24254940.0,85,63
24254966.0,83,62
24254974.0,81,54
24255003.0,89,53
24255061.0,84,56
24255118.0,83,49
24255159.0,84,60
24255176.0,87,47
24255180.0,81,55
24255391.0,87,50
24255417.0,82,49
24255602.0,82,54
24255627.0,89,50
24255652.0,81,54
24255672.0,83,49
24255718.0,87,53
24255778.0,85,55
24255803.0,86,52
24255821.0,81,50
24255826.0,88,50
24255923.0,84,57
24255938.0,83,54
24256040.0,90,52
24256072.0,83,49
24256083.0,91,53
24256119.0,84,63
24256179.0,86,63
24256208.0,85,51
24256224.0,80,57
24256270.0,86,52
24256373.0,86,49
24256411.0,88,53
24256422.0,91,64
24256424.0,83,107
24256444.0,81,54
24256541.0,83,49
24256543.0,80,51
24256605.0,88,64
24256688.0,88,52
24256698.0,83,59
24256718.0,80,54
24256731.0,45,92
24256751.0,81,58
24256857.0,82,58
24257118.0,88,49
24257121.0,93,60
24257176.0,87,51
24257187.0,93,54
24257259.0,86,52
24257326.0,84,60
24257371.0,80,56
24257384.0,85,60
24257401.0,86,51
24257411.0,90,52
24257486.0,87,50
24257496.0,84,61
24257531.0,81,53
24257632.0,82,62
24257640.0,84,56
24257646.0,89,50
24257786.0,82,54
24257871.0,81,50
24257876.0,85,64
24257880.0,85,48
24257925.0,92,54
24257988.0,83,50
24258026.0,86,49
24258055.0,87,48
24258084.0,83,61
24258173.0,83,55
24258192.0,79,55
24258193.0,88,53
24258250.0,90,83
24258276.0,80,54
24258277.0,81,55
24258329.0,81,61
24258434.0,82,59
24258456.0,80,52
24258520.0,87,48
24258649.0,83,51
24258785.0,85,48
24258968.0,84,50
24259005.0,82,51
24259187.0,84,51
24259204.0,87,51
24259300.0,83,56
24259469.0,87,48
24259590.0,89,51
24259599.0,86,50
24259655.0,87,52
24259769.0,81,53
24259869.0,78,70
24260015.0,86,53
24260087.0,88,50
24260143.0,85,49
24260232.0,81,54
24260285.0,81,62
24260336.0,83,58
24260343.0,85,52
24260354.0,83,60
24260436.0,82,56
24260446.0,82,61
24260590.0,86,64
24260997.0,82,59
24261133.0,83,57
24261313.0,87,49
24261345.0,86,48
24261395.0,83,50
24261458.0,88,49
24261465.0,88,50
24261613.0,86,50
24261631.0,85,50
24261688.0,80,53
24261767.0,106,73
24261781.0,106,72
24261833.0,80,52
24261905.0,105,72
24262112.0,79,52
24262152.0,83,56
24262225.0,80,51
24262376.0,91,54
24262498.0,86,51
24262633.0,82,55
24262796.0,85,49
24263030.0,87,52
24263053.0,81,53
24263231.0,86,51
24263415.0,89,52
24263567.0,84,64
24263773.0,82,57
24263880.0,89,64
24263917.0,83,61
24263943.0,82,50
24264217.0,81,56
24264285.0,82,59
24264498.0,82,56
24264521.0,81,51
24264534.0,90,53
24264653.0,85,64
24264723.0,85,48
24264724.0,84,60
24264732.0,97,87
24264763.0,85,50
24264977.0,90,53
24264987.0,81,50
24265024.0,82,60
24265080.0,83,109
24265150.0,79,56
24265245.0,87,54
24265264.0,84,49
24265344.0,80,57
24265346.0,85,49
24265350.0,86,64
24265378.0,88,51
24265384.0,86,51
24265424.0,87,50
24265457.0,84,52
24265492.0,81,54
24265503.0,82,63
24265506.0,87,54
24265540.0,87,53
24265615.0,86,53
24265666.0,81,59
24265734.0,84,59
24265890.0,83,104
24265937.0,86,49
24265988.0,83,50
24266109.0,83,59
24266262.0,98,87
24266301.0,85,53
24266354.0,83,64
24266437.0,87,54
24266572.0,86,52
24266654.0,85,50
24266717.0,79,55
24266859.0,84,50
24266946.0,81,58
24267022.0,80,55
24267188.0,83,63
24267217.0,81,63
24267453.0,91,54
24267462.0,81,62
24267863.0,84,49
24267939.0,81,55
24267972.0,81,62
24268200.0,83,58
24268310.0,87,59
24268465.0,89,64
24268494.0,84,61
24268500.0,88,51
24268771.0,80,54
24268953.0,85,51
24269025.0,102,87
24269563.0,80,52
24269616.0,83,57
24269800.0,84,58
24269948.0,87,65
24269982.0,84,50
24270005.0,89,52
24270217.0,85,49
24270231.0,88,52
24270238.0,105,68
24270352.0,87,54
24270464.0,82,52
24270466.0,82,57
24270630.0,94,86
24270648.0,89,53
24270915.0,82,56
24270961.0,84,56
24271018.0,82,58
24271179.0,86,54
24271206.0,82,62
24271287.0,84,49
24271295.0,90,54
24271401.0,87,51
24271634.0,83,61
24271855.0,86,53
24272200.0,86,50
24272287.0,90,65
24272389.0,85,65
24272831.0,82,60
24273016.0,82,51
24273149.0,83,52
24273430.0,87,54
24273579.0,85,51
24273688.0,84,50
24273906.0,83,50
24273973.0,85,52
24273995.0,84,51
24274007.0,86,53
24274359.0,83,55
24274715.0,84,49
24274904.0,88,52
24274915.0,84,51
24275180.0,85,50
24275561.0,89,53
24275704.0,107,69
24275828.0,83,111
24276217.0,83,50
24277016.0,83,110
24277282.0,83,109
24278597.0,86,52
24278747.0,81,52
24279057.0,86,51
24279308.0,84,52
24279769.0,79,53
24280333.0,87,53
24280814.0,88,65
24280829.0,83,51
24281044.0,79,52
24281284.0,86,53
24281575.0,107,69
24281962.0,84,52
24282089.0,97,69
24282360.0,84,50
24282598.0,81,92
24282860.0,80,52
24285932.0,85,56
24289193.0,80,56
24289411.0,82,56
24289682.0,79,56
24291076.0,81,55
24291449.0,101,66
24291893.0,80,54
24292035.0,99,64
24292600.0,99,63
24292606.0,84,105
24292774.0,84,58
24292809.0,83,58
24292863.0,82,62
24292923.0,83,52
24293054.0,81,51
24293059.0,83,62
24293257.0,82,51
24293565.0,82,59
24293665.0,81,51
24293777.0,98,63
24293870.0,86,55
24293922.0,86,54
24294105.0,106,67
24294521.0,82,63
24294742.0,82,57
24294871.0,76,116
24294899.0,85,53
24295364.0,86,54
24295516.0,101,86
24295567.0,86,56
24295735.0,100,83
24296477.0,89,53
24296560.0,87,54
24296574.0,90,54
24296998.0,85,53
24297009.0,82,53
24297217.0,111,99
24297578.0,81,54
24297768.0,83,61
24297794.0,86,54
24297820.0,80,57
24297871.0,83,50
24297880.0,81,54
24297973.0,88,52
24297981.0,86,53
24298009.0,91,54
24298033.0,83,57
24298351.0,84,62
24298378.0,83,61
24298414.0,83,56
24298429.0,93,56
24298514.0,81,55
24298615.0,85,52
24298950.0,90,53
24299123.0,89,53
24299320.0,84,57
24299373.0,81,55
24299517.0,87,51
24299564.0,96,60
24299949.0,84,52
24300187.0,83,63
24300237.0,80,56
24300321.0,81,58
24300325.0,81,54
24300356.0,83,60
24300550.0,84,51
24300559.0,83,51
24300567.0,84,58
24300607.0,88,52
24300630.0,91,54
24300710.0,84,56
24300905.0,84,51
24300981.0,89,51
24300996.0,83,62
24301039.0,94,56
24301212.0,83,57
24301313.0,89,65
24301323.0,87,51
24301345.0,89,51
24301386.0,94,66
24301524.0,84,57
24301537.0,88,65
24301649.0,85,58
24301657.0,82,60
24301699.0,84,51
24301861.0,96,81
24301870.0,85,50
24301882.0,84,57
24302145.0,82,63
24302164.0,93,55
24302201.0,87,53
24302213.0,82,60
24302265.0,90,53
24302292.0,85,52
24302323.0,84,62
24302401.0,88,54
24302428.0,98,62
24302552.0,86,50
24302555.0,85,50
24302862.0,87,55
24302885.0,82,61
24303064.0,83,50
24303111.0,86,52
24303129.0,99,63
24303173.0,89,52
24303178.0,82,54
24303212.0,83,55
24303236.0,85,51
24303251.0,86,51
24303316.0,86,57
24303487.0,83,55
24303488.0,86,53
24303492.0,84,51
24303497.0,92,55
24303502.0,84,59
24303768.0,82,51
24303786.0,88,51
24303915.0,83,60
24303972.0,86,50
24304298.0,82,59
24304314.0,92,54
24304342.0,83,55
24304345.0,80,54
24304363.0,85,61
24304366.0,83,50
24304386.0,96,59
24304402.0,95,57
24304427.0,81,61
24304584.0,85,61
24304643.0,97,59
24304688.0,81,58
24304797.0,82,61
24304837.0,89,52
24304893.0,81,62
24304896.0,93,55
24305099.0,90,53
24305126.0,86,64
24305156.0,83,53
24305462.0,88,51
24305728.0,82,62
24305860.0,90,53
24306011.0,84,57
24306024.0,81,57
24306028.0,81,53
24306137.0,84,50
24306329.0,87,50
24306346.0,85,57
24306440.0,83,61
24306460.0,85,62
24306536.0,83,50
24306618.0,85,51
24306660.0,84,56
24306798.0,88,51
24306805.0,85,51
24306805.0,81,54
24306823.0,83,63
24306825.0,82,53
24306833.0,92,54
24306860.0,82,56
24306952.0,83,55
24307028.0,81,52
24307107.0,88,53
24307178.0,82,55
24307188.0,85,61
24307291.0,82,51
24307306.0,85,49
24307471.0,85,58
24307571.0,83,56
24307572.0,89,54
24307648.0,87,50
24307649.0,86,51
24307742.0,85,50
24307947.0,84,52
24308005.0,84,61
24308049.0,81,56
24308091.0,81,54
24308102.0,87,52
24308192.0,86,52
24308242.0,85,98
24308243.0,91,53
24308300.0,82,58
24308383.0,84,64
24308394.0,81,56
24308626.0,84,57
24308628.0,83,54
24308861.0,87,53
24308996.0,94,65
24309034.0,84,60
24309062.0,88,54
24309079.0,94,56
24309202.0,84,50
24309340.0,84,61
24309579.0,82,53
24309615.0,83,62
24309655.0,85,60
24309820.0,80,56
24309867.0,87,64
24309897.0,85,56
24309931.0,90,52
24309932.0,85,57
24309970.0,86,51
24310004.0,83,55
24310034.0,82,54
24310059.0,84,55
24310064.0,81,56
24310204.0,86,64
24310300.0,80,56
24310384.0,89,51
24310465.0,85,50
24310466.0,94,55
24310580.0,88,53
24310646.0,86,49
24310697.0,108,75
24310807.0,95,66
24310961.0,95,56
24311167.0,89,52
24311175.0,89,51
24311262.0,82,62
24311265.0,87,51
24311274.0,80,55
24311281.0,84,59
24311410.0,88,50
24311477.0,84,56
24311505.0,83,53
24311658.0,96,57
24311684.0,81,55
24311813.0,89,64
24311916.0,94,77
24311946.0,82,52
24311957.0,88,52
24312095.0,87,49
24312137.0,85,56
24312178.0,94,66
24312217.0,93,54
24312242.0,89,53
24312256.0,91,64
24312300.0,98,60
24312414.0,86,50
24312464.0,81,61
24312599.0,88,53
24312707.0,85,63
24312738.0,81,55
24312751.0,83,54
24312805.0,85,61
24312809.0,93,65
24312829.0,84,49
24312850.0,87,49
24312878.0,85,49
24312888.0,83,59
24312894.0,100,63
24312936.0,83,55
24312945.0,86,55
24312994.0,86,51
24313042.0,82,60
24313100.0,83,60
24313116.0,85,55
24313130.0,90,52
24313134.0,85,57
24313146.0,85,59
24313177.0,85,50
24313530.0,96,58
24313538.0,96,57
24313585.0,83,58
24313716.0,90,51
24313732.0,92,54
24313786.0,87,61
24313804.0,82,53
24313811.0,85,60
24313849.0,84,49
24313913.0,81,51
24313920.0,82,61
24313921.0,91,52
24314027.0,92,53
24314110.0,89,53
24314114.0,93,66
24314149.0,88,52
24314259.0,89,50
24314297.0,91,53
24314393.0,83,53
24314415.0,84,54
24314425.0,87,51
24314444.0,93,54
24314468.0,57,66
24314491.0,82,60
24314564.0,87,52
24314570.0,99,62
24314620.0,83,54
24314650.0,87,51
24314694.0,57,65
24314730.0,7,75
24314762.0,82,51
24314777.0,84,54
24314788.0,88,49
24314794.0,83,60
24314819.0,84,60
24314915.0,57,60
24315096.0,86,60
24315137.0,85,61
24315140.0,84,62
24315182.0,82,52
24315279.0,90,51
24315389.0,101,63
24315404.0,81,54
24315476.0,85,49
24315485.0,83,50
24315516.0,89,50
24315526.0,89,54
24315635.0,87,50
24315672.0,91,52
24315710.0,99,61
24315769.0,82,53
24315786.0,94,55
24315796.0,57,65
24315881.0,86,61
24315884.0,89,52
24315902.0,96,65
24315939.0,84,54
24316044.0,84,59
24316245.0,86,50
24316407.0,95,55
24316417.0,84,60
24316465.0,89,53
24316533.0,90,53
24316580.0,83,62
24316605.0,88,52
24316634.0,87,63
24316657.0,85,63
24316681.0,88,51
24316700.0,85,54
24316711.0,85,56
24316724.0,83,52
24316731.0,82,51
24316830.0,97,57
24316874.0,83,63
24316883.0,83,61
24316888.0,86,49
24316894.0,81,54
24316933.0,95,56
24316954.0,93,65
24317013.0,94,54
24317019.0,88,64
24317079.0,98,60
24317105.0,97,77
24317143.0,83,57
24317157.0,98,77
24317219.0,87,50
24317432.0,83,53
24317435.0,83,58
24317623.0,85,55
24317659.0,98,59
24317659.0,85,56
24317679.0,91,51
24317700.0,96,77
24317705.0,85,49
24317713.0,87,51
24317775.0,84,58
24317819.0,82,55
24317843.0,89,52
24317926.0,85,59
24317975.0,89,49
24318004.0,84,53
24318010.0,87,48
24318108.0,93,53
24318151.0,96,56
24318218.0,92,53
24318308.0,88,48
24318320.0,90,53
24318359.0,80,65
24318419.0,79,65
24318485.0,87,49
24318533.0,99,61
24318584.0,91,64
24318602.0,86,49
24318607.0,87,50
24318634.0,79,65
24318743.0,94,64
24318864.0,95,55
24319004.0,85,60
24319016.0,84,60
24319016.0,84,49
24319214.0,85,54
24319265.0,90,50
24319278.0,92,52
24319302.0,57,64
24319360.0,97,57
24319426.0,91,51
24319439.0,86,49
24319470.0,84,54
24319487.0,88,48
24319495.0,94,54
24319566.0,86,59
24319573.0,93,53
24319669.0,57,65
24319714.0,89,51
24319775.0,88,50
24319869.0,92,52
24319996.0,87,50
24320042.0,98,61
24320074.0,83,53
24320085.0,94,65
24320110.0,83,59
24320157.0,84,55
24320203.0,88,50
24320250.0,87,49
24320330.0,88,51
24320443.0,87,63
24320479.0,93,64
24320494.0,88,63
24320560.0,86,55
24320580.0,89,49
24320596.0,89,52
24320621.0,57,65
24320671.0,94,66
24320698.0,82,54
24320727.0,84,52
24320795.0,89,48
24320800.0,85,55
24320802.0,84,54
24320812.0,97,58
24320906.0,85,58
24321019.0,85,48
24321048.0,86,55
24321150.0,83,59
24321183.0,90,49
24321213.0,87,59
24321232.0,89,51
24321272.0,84,51
24321325.0,91,50
24321371.0,87,48
24321485.0,90,52
24321498.0,89,48
24321510.0,82,55
24321552.0,86,48
24321580.0,86,56
24321610.0,85,53
24321730.0,97,57
24321823.0,86,55
24321954.0,83,50
24321959.0,98,58
24322038.0,90,49
24322047.0,87,49
24322132.0,84,59
24322139.0,85,62
24322161.0,84,57
24322170.0,84,61
24322204.0,83,52
24322212.0,102,86
24322214.0,83,56
24322301.0,83,60
24322352.0,89,52
24322413.0,89,63
24322476.0,89,50
24322486.0,83,61
24322496.0,84,49
24322512.0,90,53
24322666.0,94,53
24322680.0,92,51
24322709.0,82,61
24322750.0,83,56
24322761.0,82,53
24322783.0,84,58
24322825.0,107,70
24322887.0,101,62
24322989.0,91,50
24323001.0,86,54
24323034.0,88,51
24323034.0,93,52
24323111.0,86,62
24323118.0,90,63
24323124.0,86,59
24323128.0,88,50
24323164.0,82,54
24323199.0,84,63
24323200.0,85,53
24323251.0,89,63
24323258.0,88,47
24323283.0,88,49
24323304.0,84,59
24323347.0,84,95
24323374.0,92,51
24323470.0,97,59
24323497.0,83,50
24323589.0,87,49
24323599.0,86,58
24323602.0,86,55
24323641.0,84,63
24323671.0,85,55
24323791.0,83,52
24323811.0,91,53
24323840.0,86,50
24323878.0,100,63
24324128.0,98,59
24324191.0,90,51
24324203.0,84,57
24324227.0,89,50
24324245.0,86,48
24324257.0,89,51
24324287.0,95,54
24324307.0,86,60
24324562.0,89,47
24324647.0,86,55
24324688.0,94,53
24324732.0,97,56
24324790.0,96,56
24324792.0,93,52
24324810.0,108,70
24324857.0,85,54
24324879.0,95,54
24324955.0,84,53
24324970.0,84,52
24324984.0,87,62
24324998.0,84,51
24325001.0,90,48
24325007.0,85,58
24325032.0,85,52
24325071.0,83,60
24325086.0,83,55
24325144.0,84,60
24325252.0,92,50
24325288.0,88,50
24325327.0,90,52
24325348.0,88,62
24325389.0,91,49
24325397.0,87,55
24325414.0,88,48
24325437.0,85,98
24325569.0,88,90
24325649.0,90,48
24325874.0,88,91
24325878.0,89,47
24325884.0,84,50
24325930.0,85,59
24325995.0,88,63
24326112.0,87,48
24326156.0,88,55
24326178.0,89,62
24326178.0,86,53
24326212.0,91,52
24326215.0,89,49
24326234.0,86,58
24326236.0,92,50
24326278.0,97,57
24326362.0,86,54
24326392.0,85,57
24326472.0,93,53
24326495.0,89,51
24326594.0,90,50
24326609.0,91,53
24326655.0,98,58
24326764.0,89,50
24326801.0,93,51
24326853.0,90,48
24326867.0,87,48
24326870.0,95,65
24326880.0,83,51
24326979.0,88,49
24327086.0,85,59
24327090.0,88,47
24327094.0,98,57
24327117.0,84,56
24327140.0,84,61
24327264.0,83,53
24327277.0,99,59
24327293.0,83,56
24327294.0,86,59
24327329.0,85,51
24327336.0,86,55
24327379.0,93,51
24327409.0,91,48
24327413.0,91,52
24327483.0,100,62
24327525.0,89,50
24327549.0,87,58
24327598.0,83,59
24327603.0,87,54
24327632.0,86,52
24327641.0,88,59
24327668.0,90,47
24327674.0,84,52
24327685.0,84,51
24327706.0,83,54
24327837.0,84,49
24327844.0,90,63
24327860.0,85,53
24327901.0,84,48
24327912.0,85,48
24327983.0,91,52
24328030.0,89,48
24328032.0,96,54
24328244.0,91,63
24328381.0,92,49
24328429.0,84,58
24328474.0,87,59
24328498.0,91,51
24328563.0,97,55
24328572.0,89,64
24328612.0,90,49
24328637.0,84,51
24328644.0,86,54
24328655.0,87,51
24328666.0,87,62
24328716.0,86,59
24328731.0,88,58
24328762.0,83,59
24328896.0,91,48
24328945.0,85,51
24328951.0,87,47
24328963.0,85,61
24329009.0,95,53
24329209.0,90,51
24329272.0,100,61
24329283.0,88,62
24329314.0,94,52
24329322.0,85,51
24329451.0,87,55
24329517.0,83,52
24329600.0,85,50
24329622.0,101,62
24329676.0,84,59
24329699.0,88,48
24329700.0,93,51
24329748.0,90,47
24329791.0,85,58
24329851.0,91,52
24329858.0,92,63
24329889.0,87,49
24329915.0,84,106
24329935.0,95,66
24329956.0,86,57
24329963.0,85,49
24329977.0,93,50
24329990.0,85,56
24330008.0,86,48
24330062.0,96,54
24330101.0,94,53
24330103.0,89,49
24330128.0,88,60
24330156.0,87,47
24330190.0,87,53
24330214.0,91,47
24330248.0,90,49
24330255.0,97,55
24330338.0,84,49
24330343.0,89,47
24330422.0,92,49
24330492.0,87,59
24330515.0,95,64
24330533.0,91,50
24330599.0,92,52
24330887.0,92,48
24330924.0,95,63
24331050.0,94,63
24331069.0,84,58
24331082.0,94,51
24331124.0,102,63
24331221.0,87,58
24331356.0,85,60
24331435.0,89,59
24331448.0,85,58
24331498.0,98,56
24331517.0,88,47
24331540.0,86,51
24331562.0,90,48
24331602.0,87,48
24331633.0,92,48
24331645.0,85,52
24331669.0,97,56
24331702.0,93,50
24331766.0,90,50
24331775.0,101,72
24331782.0,91,47
24331788.0,107,72
24331841.0,85,56
24331918.0,83,53
24331980.0,89,62
24332157.0,88,54
24332192.0,84,54
24332220.0,87,59
24332237.0,86,61
24332259.0,85,51
24332279.0,90,46
24332313.0,86,47
24332329.0,85,59
24332333.0,94,51
24332404.0,87,61
24332449.0,88,47
24332452.0,93,49
24332454.0,83,58
24332466.0,86,52
24332539.0,86,61
24332575.0,87,54
24332714.0,87,63
24332720.0,91,51
24332766.0,84,59
24332821.0,84,57
24332834.0,87,52
24332848.0,87,57
24332895.0,92,51
24332933.0,93,63
24332978.0,89,63
24333010.0,91,49
24333038.0,83,51
24333063.0,90,47
24333067.0,88,61
24333075.0,90,48
24333117.0,91,50
24333143.0,72,116
24333161.0,90,49
24333174.0,86,56
24333187.0,87,63
24333211.0,86,57
24333213.0,93,49
24333250.0,85,48
24333365.0,86,47
24333368.0,84,50
24333441.0,95,53
24333450.0,89,48
24333458.0,91,49
24333459.0,86,53
24333514.0,91,50
24333536.0,106,72
24333548.0,85,62
24333607.0,88,59
24333612.0,85,48
24333628.0,102,65
24333709.0,95,52
24333784.0,85,49
24333842.0,84,57
24333849.0,86,58
24333954.0,90,49
24334005.0,85,48
24334146.0,87,54
24334192.0,100,67
24334233.0,97,54
24334247.0,90,47
24334316.0,94,50
24334373.0,85,48
24334446.0,85,55
24334476.0,85,49
24334549.0,97,65
24334578.0,88,55
24334581.0,91,46
24334592.0,86,52
24334671.0,93,48
24334672.0,84,63
24334697.0,92,52
24334718.0,97,66
24334722.0,90,47
24334762.0,85,50
24334801.0,91,48
24334842.0,85,49
24334906.0,85,57
24334945.0,91,51
24334953.0,86,50
24335013.0,99,85
24335031.0,96,64
24335274.0,100,60
24335354.0,84,52
24335415.0,84,63
24335489.0,89,47
24335515.0,92,50
24335520.0,86,49
24335553.0,85,49
24335570.0,90,88
24335582.0,98,55
24335589.0,99,57
24335608.0,97,64
24335691.0,90,46
24335752.0,92,49
24335808.0,85,57
24335883.0,96,63
24335900.0,92,46
24335955.0,99,60
24335962.0,96,65
24335989.0,87,56
24335994.0,90,48
24336026.0,95,51
24336054.0,96,54
24336062.0,88,53
24336069.0,85,49
24336071.0,84,58
24336199.0,97,63
24336203.0,93,48
24336219.0,87,58
24336246.0,97,54
24336334.0,96,53
24336350.0,85,60
24336363.0,85,48
24336394.0,94,49
24336429.0,88,46
24336431.0,92,62
24336500.0,91,49
24336558.0,86,56
24336578.0,86,55
24336581.0,87,51
24336660.0,93,62
24336679.0,85,49
24336687.0,85,59
24336736.0,92,51
24336769.0,91,50
24336794.0,96,52
24336826.0,85,48
24336884.0,91,49
24336892.0,85,49
24336921.0,89,61
24336922.0,93,51
24337020.0,91,47
24337052.0,84,51
24337118.0,94,50
24337132.0,88,54
24337144.0,92,49
24337265.0,86,52
24337356.0,85,58
24337401.0,88,61
24337456.0,90,48
24337498.0,92,46
24337500.0,100,59
24337607.0,84,48
24337632.0,97,72
24337635.0,85,48
24337635.0,95,51
24337668.0,93,47
24337702.0,86,48
24337730.0,87,61
24337789.0,94,48
24337875.0,85,48
24337902.0,87,50
24337928.0,89,46
24337980.0,90,62
24338018.0,88,52
24338084.0,95,50
24338127.0,94,49
24338164.0,86,50
24338177.0,85,50
24338179.0,91,49
24338208.0,89,62
24338343.0,94,51
24338367.0,98,55
24338393.0,96,67
24338446.0,87,53
24338473.0,87,60
24338555.0,86,57
24338562.0,96,52
24338595.0,92,51
24338608.0,97,53
24338631.0,92,48
24338795.0,84,50
24338824.0,87,58
24338844.0,84,57
24338881.0,91,46
24338929.0,86,47
24339046.0,85,53
24339062.0,99,57
24339110.0,85,56
24339311.0,85,49
24339346.0,90,61
24339357.0,90,47
24339358.0,100,58
24339382.0,95,50
24339391.0,91,60
24339449.0,88,60
24339474.0,93,51
24339563.0,95,63
24339603.0,94,48
24339677.0,89,48
24339714.0,93,50
24339716.0,89,59
24339762.0,88,53
24339800.0,87,49
24339843.0,89,53
24339893.0,95,64
24339953.0,98,54
24339963.0,108,72
24340085.0,89,60
24340090.0,95,64
24340130.0,93,49
24340143.0,87,49
24340212.0,93,47
24340229.0,83,57
24340235.0,109,72
24340245.0,92,50
24340258.0,89,46
24340260.0,85,56
24340278.0,86,61
24340285.0,95,65
24340315.0,86,49
24340320.0,87,56
24340332.0,88,56
24340541.0,86,56
24340542.0,105,73
24340552.0,90,46
24340591.0,94,47
24340632.0,86,55
24340669.0,57,65
24340707.0,87,51
24340728.0,95,49
24340772.0,87,46
24340780.0,87,49
24340782.0,95,62
24340800.0,93,51
24340826.0,87,57
24340919.0,91,51
24341042.0,88,53
24341052.0,87,56
24341065.0,88,46
24341085.0,88,58
24341091.0,91,61
24341148.0,87,52
24341189.0,94,52
24341213.0,91,48
24341300.0,85,57
24341311.0,89,61
24341420.0,93,51
24341431.0,92,47
24341607.0,86,54
24341612.0,86,56
24341638.0,88,50
24341669.0,93,49
24341767.0,87,55
24341799.0,101,83
24341823.0,107,73
24341830.0,87,48
24341871.0,92,49
24341926.0,90,46
24341952.0,99,55
24341974.0,94,51
24342015.0,101,62
24342078.0,93,62
24342231.0,93,48
24342234.0,90,60
24342253.0,99,56
24342299.0,85,51
24342342.0,92,46
24342345.0,96,62
24342382.0,88,60
24342394.0,88,56
24342415.0,86,58
24342432.0,85,57
24342452.0,94,47
24342468.0,85,51
24342498.0,91,47
24342544.0,90,46
24342544.0,89,52
24342583.0,88,46
24342604.0,97,52
24342641.0,85,50
24342748.0,86,59
24342848.0,94,46
24342976.0,90,61
24343185.0,93,45
24343187.0,87,59
24343195.0,97,53
24343216.0,95,48
24343219.0,89,53
24343294.0,92,61
24343300.0,87,47
24343451.0,88,52
24343492.0,86,52
24343492.0,87,49
24343505.0,93,47
24343523.0,90,45
24343562.0,87,46
24343568.0,96,50
24343613.0,100,57
24343728.0,85,49
24343774.0,101,87
24343785.0,94,50
24343843.0,85,50
24343851.0,87,50
24343919.0,93,61
24343958.0,87,56
24343982.0,89,60
24343985.0,89,56
24344047.0,86,53
24344056.0,92,48
24344080.0,88,50
24344112.0,100,58
24344135.0,89,57
24344138.0,93,50
24344156.0,88,59
24344169.0,89,46
24344347.0,85,50
24344385.0,90,57
24344444.0,86,48
24344452.0,90,45
24344513.0,93,48
24344631.0,88,57
24344655.0,91,46
24344746.0,88,49
24344764.0,96,64
24344819.0,98,53
24344838.0,86,57
24344916.0,89,51
24344956.0,94,49
24344963.0,88,51
24344967.0,87,49
24345113.0,88,55
24345310.0,93,47
24345375.0,85,56
24345391.0,86,47
24345528.0,88,48
24345593.0,87,54
24345599.0,88,47
24345613.0,86,55
24345712.0,94,62
24345745.0,93,47
24345782.0,89,52
24345836.0,89,45
24345878.0,93,50
24345931.0,89,50
24345976.0,91,45
24346016.0,87,48
24346080.0,93,46
24346083.0,88,50
24346093.0,89,59
24346149.0,90,46
24346164.0,87,51
24346241.0,87,58
24346280.0,95,62
24346293.0,88,59
24346309.0,95,46
24346315.0,96,48
24346324.0,93,46
24346379.0,93,49
24346418.0,97,52
24346487.0,90,52
24346492.0,89,45
24346513.0,99,54
24346548.0,89,57
24346578.0,89,52
24346591.0,94,45
24346618.0,96,63
24346628.0,88,45
24346647.0,87,56
24346673.0,96,52
24346677.0,90,60
24346750.0,91,45
24346768.0,92,47
24347059.0,93,45
24347077.0,58,47
24347082.0,88,56
24347087.0,96,50
24347106.0,94,48
24347138.0,95,46
24347141.0,98,53
24347143.0,103,66
24347164.0,91,48
24347168.0,89,90
24347171.0,93,48
24347318.0,87,53
24347351.0,91,90
24347406.0,88,47
24347453.0,87,55
24347460.0,99,55
24347461.0,91,48
24347473.0,89,58
24347476.0,100,57
24347510.0,96,48
24347513.0,94,51
24347527.0,88,50
24347528.0,89,53
24347532.0,89,49
24347541.0,58,47
24347592.0,86,55
24347607.0,89,90
24347684.0,92,60
24347754.0,91,60
24347927.0,88,49
24347965.0,102,64
24347991.0,89,55
24348013.0,100,55
24348046.0,89,56
24348049.0,94,47
24348096.0,95,45
24348157.0,99,54
24348186.0,97,50
24348202.0,98,52
24348207.0,88,46
24348249.0,90,45
24348256.0,107,76
24348327.0,86,56
24348340.0,96,47
24348375.0,88,58
24348393.0,92,46
24348472.0,86,50
24348519.0,97,64
24348542.0,93,48
24348543.0,87,55
24348583.0,88,54
24348617.0,90,51
24348626.0,98,54
24348655.0,89,51
24348693.0,86,51
24348697.0,95,50
24348705.0,86,49
24348732.0,94,50
24348854.0,101,59
24348859.0,95,50
24348864.0,97,51
24348903.0,93,49
24348983.0,101,58
24349053.0,88,56
24349070.0,72,56
24349077.0,96,65
24349081.0,87,46
24349086.0,88,45
24349104.0,85,55
24349192.0,89,48
24349199.0,89,45
24349332.0,92,45
24349418.0,96,64
24349498.0,94,46
24349510.0,87,46
24349518.0,97,50
24349522.0,88,46
24349609.0,100,55
24349645.0,87,47
24349648.0,97,49
24349694.0,97,64
24349719.0,89,47
24349728.0,87,52
24349743.0,87,51
24349768.0,103,64
24349781.0,90,46
24349827.0,88,48
24349949.0,90,52
24349971.0,104,64
24349976.0,100,56
24349977.0,90,51
24349992.0,99,53
24349994.0,89,51
24350007.0,87,56
24350053.0,86,52
24350069.0,88,46
24350128.0,96,46
24350142.0,86,48
24350233.0,95,61
24350270.0,73,56
24350295.0,92,45
24350309.0,88,53
24350356.0,85,56
24350427.0,90,45
24350472.0,97,48
24350473.0,102,63
24350519.0,86,55
24350570.0,93,47
24350627.0,90,51
24350630.0,95,49
24350674.0,86,54
24350708.0,89,56
24350723.0,87,57
24350829.0,85,56
24350856.0,88,55
24350889.0,101,57
24350927.0,93,61
24350942.0,85,51
24351051.0,89,58
24351073.0,94,49
24351141.0,91,52
24351165.0,98,51
24351219.0,98,52
24351283.0,95,48
24351319.0,92,60
24351357.0,97,48
24351370.0,98,85
24351394.0,88,47
24351434.0,94,45
24351486.0,89,54
24351504.0,89,55
24351515.0,99,53
24351548.0,90,50
24351560.0,96,62
24351614.0,96,61
24351629.0,96,45
24351704.0,95,48
24351718.0,90,44
24351719.0,88,58
24351726.0,90,59
24351866.0,96,46
24351897.0,90,55
24351942.0,87,49
24351964.0,72,120
24351994.0,87,54
24352010.0,89,46
24352025.0,88,47
24352030.0,89,50
24352033.0,89,45
24352131.0,97,47
24352153.0,89,60
24352238.0,95,47
24352262.0,94,48
24352403.0,91,59
24352566.0,90,51
24352587.0,90,49
24352614.0,93,46
24352639.0,109,71
24352752.0,87,50
24352839.0,91,51
24352841.0,101,58
24352930.0,100,54
24352981.0,98,50
24353007.0,98,51
24353034.0,86,55
24353048.0,88,55
24353052.0,89,55
24353116.0,101,57
24353144.0,101,56
24353147.0,56,61
24353168.0,87,55
24353208.0,93,45
24353354.0,99,52
24353383.0,91,52
24353412.0,97,49
24353421.0,95,46
24353447.0,97,63
24353502.0,87,48
24353538.0,92,44
24353562.0,89,54
24353587.0,87,54
24353589.0,87,47
24353620.0,88,53
24353664.0,92,59
24353684.0,98,63
24353703.0,87,46
24353737.0,90,58
24353737.0,95,46
24353785.0,90,52
24353795.0,89,58
24353795.0,100,58
24353858.0,95,48
24353874.0,89,54
24353932.0,94,47
24353944.0,89,49
24353948.0,98,62
24353958.0,100,55
24353963.0,88,54
24353975.0,98,49
24353990.0,89,45
24353993.0,89,48
24354018.0,91,50
24354112.0,91,44
24354120.0,90,48
24354122.0,97,46
24354159.0,86,49
24354169.0,95,49
24354361.0,95,46
24354378.0,89,53
24354437.0,87,49
24354439.0,90,44
24354445.0,89,47
24354478.0,89,55
24354480.0,89,54
24354486.0,101,55
24354491.0,90,47
24354517.0,96,49
24354631.0,95,50
24354633.0,92,46
24354668.0,103,65
24354697.0,90,55
24354711.0,90,54
24354768.0,100,53
24354777.0,98,50
24354809.0,99,54
24354882.0,87,55
24354947.0,93,44
24354964.0,98,48
24355005.0,89,54
24355007.0,93,60
24355043.0,96,64
24355067.0,99,52
24355098.0,86,54
24355099.0,91,60
24355136.0,95,45
24355314.0,98,49
24355344.0,91,44
24355402.0,94,61
24355405.0,97,45
24355480.0,89,53
24355481.0,99,53
24355521.0,94,46
24355535.0,91,49
24355536.0,89,54
24355580.0,100,54
24355602.0,89,56
24355684.0,95,49
24355693.0,88,54
24355772.0,100,53
24355791.0,96,48
24355814.0,89,57
24355882.0,89,54
24355887.0,87,53
24355973.0,91,51
24355979.0,99,51
24355990.0,90,49
24355992.0,96,51
24356012.0,96,47
24356054.0,98,47
24356075.0,90,46
24356098.0,95,48
24356105.0,93,62
24356106.0,87,56
24356163.0,92,47
24356174.0,90,60
24356196.0,92,46
24356236.0,90,45
24356272.0,96,45
24356289.0,90,54
24356338.0,89,55
24356340.0,73,54
24356343.0,91,59
24356354.0,101,56
24356393.0,90,50
24356395.0,89,46
24356396.0,70,59
24356454.0,102,60
24356508.0,93,59
24356513.0,92,44
24356541.0,90,60
24356571.0,101,55
24356642.0,96,46
24356671.0,91,59
24356686.0,90,58
24356713.0,90,44
24356751.0,100,84
24356786.0,102,72
24356788.0,88,55
24356801.0,92,51
24356866.0,94,45
24356870.0,98,48
24356870.0,91,58
24356877.0,97,45
24356973.0,91,51
24357093.0,99,84
24357134.0,88,53
24357153.0,98,47
24357228.0,90,55
24357265.0,89,52
24357276.0,87,54
24357277.0,93,46
24357307.0,101,85
24357327.0,88,56
24357335.0,88,50
24357375.0,106,83
24357420.0,89,54
24357422.0,95,47
24357449.0,88,47
24357627.0,71,55
24357700.0,102,59
24357834.0,89,46
24357904.0,97,46
24357905.0,88,53
24357923.0,98,46
24357943.0,96,50
24358066.0,91,48
24358070.0,101,54
24358117.0,100,53
24358192.0,94,44
24358214.0,90,57
24358241.0,90,48
24358362.0,91,54
24358401.0,91,50
24358442.0,88,49
24358470.0,91,47
24358495.0,95,46
24358575.0,97,49
24358640.0,97,50
24358735.0,95,82
24358746.0,99,49
24358792.0,97,44
24358809.0,96,45
24358821.0,96,46
24358914.0,92,50
24358916.0,96,49
24359000.0,89,57
24359013.0,90,46
24359084.0,100,52
24359112.0,89,56
24359154.0,96,87
24359226.0,88,48
24359263.0,95,60
24359275.0,90,53
24359343.0,101,54
24359356.0,89,57
24359375.0,97,48
24359397.0,92,54
24359401.0,102,58
24359507.0,90,48
24359518.0,91,46
24359525.0,98,45
24359651.0,102,57
24359651.0,91,58
24359718.0,90,55
24359733.0,91,45
24359799.0,101,82
24359883.0,99,51
24359899.0,89,53
24359915.0,89,57
24359917.0,94,60
24359940.0,88,54
24359965.0,98,51
24359971.0,92,43
24359997.0,90,47
24360196.0,99,49
24360205.0,90,54
24360221.0,90,46
24360230.0,92,60
24360247.0,92,51
24360279.0,99,48
24360296.0,91,49
24360306.0,101,55
24360321.0,90,57
24360368.0,95,46
24360382.0,89,57
24360408.0,92,55
24360445.0,102,56
24360494.0,102,58
24360583.0,87,53
24360604.0,97,49
24360630.0,89,52
24360740.0,92,49
24360792.0,97,47
24360891.0,90,52
24360926.0,96,61
24360938.0,96,48
24360958.0,97,62
24360967.0,91,50
24360968.0,97,48
24360987.0,99,47
24360991.0,97,46
24360999.0,96,60
24361032.0,89,56
24361051.0,91,44
24361055.0,89,49
24361073.0,92,58
24361082.0,98,44
24361110.0,93,52
24361122.0,92,49
24361158.0,91,52
24361252.0,91,53
24361264.0,91,48
24361341.0,95,45
24361476.0,99,46
24361498.0,100,51
24361532.0,89,50
24361534.0,97,48
24361541.0,90,49
24361684.0,97,83
24361688.0,90,56
24361698.0,102,56
24361704.0,91,54
24361749.0,92,47
24361757.0,92,48
24361780.0,105,64
24361817.0,88,54
24361850.0,95,44
24361856.0,90,56
24361878.0,97,50
24361921.0,97,45
24361925.0,92,50
24361931.0,89,46
24361968.0,99,46
24361984.0,91,55
24361991.0,92,51
24361997.0,89,53
24362017.0,95,45
24362032.0,91,54
24362041.0,102,55
24362192.0,93,43
24362229.0,98,46
24362373.0,102,57
24362475.0,92,43
24362566.0,96,46
24362572.0,96,47
24362577.0,99,47
24362594.0,89,47
24362605.0,90,44
24362636.0,88,52
24362662.0,97,44
24362758.0,97,49
24362795.0,90,45
24362795.0,99,46
24362903.0,90,53
24362952.0,98,44
24363029.0,93,59
24363044.0,93,50
24363125.0,91,53
24363148.0,89,46
24363151.0,91,47
24363163.0,91,46
24363163.0,89,55
24363173.0,89,48
24363187.0,99,50
24363216.0,97,45
24363226.0,96,48
24363276.0,100,50
24363309.0,93,58
24363328.0,89,52
24363373.0,99,45
24363490.0,99,49
24363502.0,92,46
24363537.0,99,46
24363616.0,89,46
24363629.0,89,48
24363694.0,102,55
24363708.0,100,49
24363765.0,101,52
24363780.0,98,49
24363823.0,95,43
24363834.0,57,63
24363875.0,102,54
24363920.0,100,48
24363994.0,99,48
24364013.0,92,58
24364031.0,91,48
24364074.0,91,57
24364172.0,98,48
24364213.0,98,50
24364222.0,91,45
24364303.0,92,60
24364319.0,93,49
24364337.0,97,48
24364390.0,96,45
24364409.0,89,52
24364423.0,96,63
24364473.0,92,49
24364483.0,89,48
24364514.0,98,46
24364563.0,103,63
24364591.0,54,58
24364610.0,97,46
24364651.0,94,43
24364716.0,89,54
24364725.0,93,49
24364728.0,88,55
24364731.0,103,61
24364786.0,92,44
24364793.0,90,51
24364831.0,92,47
24364856.0,92,60
24364861.0,88,53
24364898.0,98,47
24364962.0,100,48
24364994.0,54,59
24365060.0,95,48
24365085.0,100,47
24365089.0,100,49
24365126.0,56,59
24365223.0,98,47
24365226.0,97,63
24365235.0,92,48
24365442.0,93,48
24365497.0,95,59
24365503.0,93,43
24365517.0,91,52
24365540.0,93,49
24365566.0,100,50
24365568.0,99,86
24365615.0,98,50
24365615.0,92,57
24365626.0,56,57
24365646.0,56,59
24365665.0,88,52
24365678.0,96,43
24365706.0,95,46
24365728.0,97,47
24365757.0,92,47
24365770.0,90,56
24365786.0,97,60
24365790.0,97,49
24365793.0,98,45
24365794.0,96,59
24365798.0,57,60
24365807.0,101,51
24365810.0,95,45
24365816.0,96,60
24365835.0,89,53
24365883.0,90,50
24365899.0,94,58
24365926.0,91,53
24365929.0,98,46
24365941.0,93,49
24365979.0,92,50
24366010.0,96,59
24366075.0,90,55
24366092.0,95,45
24366157.0,97,46
24366167.0,90,56
24366186.0,91,56
24366188.0,103,60
24366189.0,100,46
24366198.0,106,83
24366229.0,93,50
24366261.0,105,83
24366269.0,90,52
24366317.0,92,48
24366331.0,87,51
24366339.0,94,43
24366509.0,98,44
24366606.0,90,56
24366616.0,91,45
24366628.0,91,51
24366646.0,100,45
24366659.0,90,46
24366662.0,99,51
24366674.0,93,47
24366679.0,103,59
24366696.0,97,48
24366718.0,95,45
24366755.0,87,51
24366761.0,92,47
24366764.0,96,44
24366796.0,89,51
24366799.0,91,54
24366802.0,91,51
24366900.0,90,56
24366940.0,90,47
24366959.0,97,46
24366999.0,95,45
24367029.0,92,53
24367110.0,93,58
24367169.0,90,49
24367201.0,97,50
24367206.0,95,46
24367219.0,98,48
24367222.0,98,63
24367257.0,102,55
24367289.0,101,53
24367353.0,97,45
24367397.0,90,48
24367485.0,103,61
24367502.0,93,46
24367506.0,101,50
24367513.0,93,50
24367559.0,102,53
24367563.0,92,55
24367588.0,87,51
24367609.0,103,58
24367634.0,101,51
24367677.0,91,55
24367691.0,100,47
24367692.0,92,46
24367732.0,100,45
24367742.0,93,57
24367758.0,94,59
24367796.0,89,51
24367936.0,100,52
24367945.0,100,51
24368060.0,93,49
24368138.0,98,49
24368167.0,100,48
24368199.0,94,50
24368250.0,96,48
24368262.0,92,52
24368293.0,91,51
24368311.0,92,45
24368370.0,89,52
24368388.0,94,88
24368416.0,95,43
24368426.0,99,49
24368456.0,99,47
24368458.0,91,50
24368459.0,91,51
24368477.0,99,48
24368483.0,100,49
24368559.0,101,48
24368591.0,89,53
24368611.0,92,56
24368632.0,101,49
24368638.0,103,57
24368641.0,93,44
24368650.0,99,46
24368689.0,101,50
24368696.0,102,58
24368736.0,100,44
24368792.0,103,62
24368794.0,94,49
24368795.0,103,56
24368828.0,98,48
24369054.0,91,53
24369071.0,91,52
24369081.0,90,55
24369189.0,91,48
24369227.0,94,42
24369320.0,93,43
24369328.0,90,54
24369338.0,95,58
24369362.0,101,47
24369409.0,90,51
24369421.0,97,61
24369438.0,99,49
24369473.0,102,52
24369535.0,94,58
24369554.0,95,58
24369697.0,101,49
24369716.0,92,49
24369755.0,99,49
24369782.0,98,59
24369784.0,97,43
24369789.0,93,53
24369832.0,92,57
24369919.0,91,45
24370017.0,98,46
24370028.0,98,48
24370049.0,96,59
24370147.0,93,89
24370177.0,97,45
24370190.0,100,46
24370317.0,103,59
24370356.0,90,51
24370363.0,92,44
24370390.0,101,46
24370421.0,92,47
24370435.0,93,52
24370497.0,101,47
24370522.0,101,52
24370536.0,102,52
24370542.0,101,48
24370547.0,102,53
24370552.0,93,57
24370611.0,103,55
24370688.0,99,47
24370695.0,94,48
24370772.0,93,48
24370779.0,99,45
24370877.0,94,47
24370918.0,99,48
24370953.0,96,60
24370965.0,101,50
24370973.0,91,45
24371007.0,94,53
24371009.0,89,88
24371065.0,89,55
24371112.0,99,44
24371130.0,93,46
24371170.0,95,59
24371173.0,99,46
24371297.0,92,56
24371305.0,90,46
24371368.0,103,54
24371373.0,94,46
24371376.0,91,55
24371379.0,89,86
24371423.0,99,46
24371426.0,97,49
24371459.0,92,51
24371484.0,98,49
24371487.0,102,54
24371490.0,92,53
24371546.0,101,45
24371556.0,91,47
24371577.0,91,49
24371602.0,102,51
24371615.0,101,46
24371634.0,89,52
24371651.0,89,51
24371662.0,94,46
24371739.0,96,43
24371745.0,94,49
24371828.0,101,44
24371877.0,93,44
24371902.0,96,44
24371933.0,98,45
24371945.0,95,42
24371960.0,91,54
24372056.0,97,87
24372100.0,95,51
24372134.0,91,46
24372142.0,96,44
24372186.0,98,44
24372198.0,97,60
24372231.0,97,42
24372251.0,94,45
24372256.0,94,42
24372306.0,90,52
24372324.0,99,49
24372341.0,91,48
24372369.0,109,75
24372393.0,91,49
24372394.0,93,45
24372489.0,94,44
24372515.0,94,46
24372529.0,94,57
24372545.0,91,51
24372572.0,101,45
24372576.0,92,50
24372642.0,94,49
24372671.0,93,44
24372768.0,90,50
24372930.0,98,62
24372989.0,96,42
24373027.0,93,52
24373057.0,93,57
24373095.0,92,52
24373101.0,94,43
24373113.0,99,48
24373163.0,100,46
24373226.0,98,43
24373286.0,93,56
24373327.0,95,49
24373360.0,100,49
24373363.0,100,47
24373367.0,93,49
24373386.0,102,50
24373392.0,99,62
24373395.0,103,54
24373418.0,94,48
24373473.0,95,48
24373563.0,93,57
24373732.0,101,44
24373736.0,102,47
24373749.0,102,49
24373763.0,99,47
24373803.0,101,49
24373988.0,100,48
24374010.0,92,49
24374067.0,97,59
24374070.0,98,46
24374102.0,100,45
24374107.0,102,46
24374149.0,90,50
24374182.0,93,51
24374226.0,98,43
24374241.0,92,50
24374251.0,96,43
24374312.0,59,66
24374333.0,102,52
24374337.0,99,48
24374339.0,97,45
24374375.0,95,58
24374537.0,99,47
24374643.0,90,51
24374655.0,96,42
24374714.0,103,53
24374761.0,102,59
24374822.0,98,47
24374853.0,103,57
24374859.0,99,46
24374877.0,94,47
24374882.0,102,49
24374976.0,100,44
24374980.0,102,47
24374987.0,92,49
24374995.0,102,45
24375204.0,99,45
24375212.0,98,42
24375243.0,102,46
24375244.0,94,45
24375263.0,92,45
24375292.0,92,46
24375329.0,97,43
24375404.0,103,52
24375431.0,97,44
24375434.0,103,56
24375484.0,91,53
24375570.0,102,48
24375580.0,94,48
24375598.0,92,51
24375664.0,99,43
24375666.0,102,56
24375679.0,98,42
24375729.0,102,44
24375748.0,91,52
24375758.0,95,45
24375765.0,94,44
24375795.0,97,44
24375802.0,99,44
24375814.0,91,50
24375828.0,102,45
24375857.0,96,59
24375988.0,97,58
24376102.0,94,52
24376295.0,93,50
24376329.0,97,45
24376369.0,91,50
24376454.0,97,49
24376486.0,96,58
24376514.0,95,44
24376582.0,95,49
24376647.0,94,43
24376675.0,104,58
24376720.0,99,43
24376809.0,98,49
24376823.0,93,55
24376827.0,92,54
24376851.0,95,47
24376856.0,93,49
24376865.0,91,45
24376865.0,92,50
24376888.0,94,56
24376916.0,104,56
24376919.0,104,55
24376980.0,90,50
24377015.0,104,59
24377031.0,95,42
24377046.0,97,43
24377061.0,103,51
24377187.0,93,53
24377273.0,99,45
24377284.0,102,50
24377296.0,95,46
24377311.0,101,46
24377348.0,92,48
24377463.0,95,50
24377485.0,103,52
24377547.0,95,48
24377569.0,92,50
24377615.0,101,45
24377674.0,98,60
24377700.0,101,47
24377717.0,90,53
24377727.0,103,53
24377746.0,99,47
24377881.0,98,45
24377885.0,98,49
24377892.0,102,44
24377903.0,93,50
24377913.0,101,49
24377932.0,95,46
24377938.0,91,51
24377961.0,95,50
24377963.0,104,57
24377972.0,103,47
24378071.0,96,50
24378074.0,95,53
24378095.0,103,50
24378098.0,94,43
24378111.0,98,46
24378115.0,92,47
24378116.0,100,49
24378127.0,95,57
24378158.0,101,44
24378175.0,95,50
24378176.0,99,42
24378201.0,91,52
24378263.0,100,81
24378278.0,103,59
24378319.0,91,49
24378336.0,103,54
24378343.0,104,54
24378435.0,103,49
24378527.0,93,54
24378567.0,96,49
24378595.0,103,48
24378600.0,103,55
24378614.0,104,55
24378667.0,96,48
24378780.0,94,51
24378891.0,97,66
24378908.0,97,42
24378954.0,93,86
24378959.0,103,46
24379014.0,94,46
24379098.0,93,49
24379126.0,91,49
24379131.0,101,48
24379192.0,103,45
24379198.0,95,52
24379292.0,100,45
24379299.0,93,44
24379307.0,93,49
24379310.0,91,50
24379312.0,98,61
24379329.0,93,55
24379337.0,100,48
24379347.0,100,47
24379371.0,92,50
24379398.0,92,53
24379436.0,95,45
24379448.0,103,48
24379448.0,104,62
24379455.0,104,56
24379486.0,93,45
24379540.0,96,47
24379570.0,104,59
24379576.0,94,56
24379580.0,94,55
24379620.0,103,44
24379725.0,103,50
24379795.0,101,49
24379821.0,100,44
24379892.0,100,46
24379899.0,103,51
24379965.0,96,46
24379979.0,98,43
24379997.0,95,56
24380001.0,95,43
24380023.0,104,58
24380032.0,93,49
24380065.0,98,42
24380072.0,93,50
24380108.0,90,51
24380144.0,96,42
24380170.0,96,43
24380198.0,93,47
24380238.0,103,47
24380266.0,70,50
24380271.0,103,49
24380288.0,92,49
24380291.0,100,43
24380298.0,101,47
24380409.0,93,51
24380414.0,96,44
24380441.0,96,49
24380451.0,95,47
24380511.0,106,65
24380513.0,91,50
24380644.0,97,47
24380741.0,96,45
24380750.0,96,57
24380812.0,98,43
24380813.0,92,52
24380838.0,103,44
24380844.0,70,50
24380860.0,94,50
24380960.0,101,47
24380987.0,101,45
24380992.0,93,46
24381033.0,97,44
24381068.0,93,48
24381086.0,104,60
24381088.0,96,48
24381170.0,104,54
24381222.0,104,61
24381255.0,95,50
24381334.0,97,41
24381349.0,96,58
24381461.0,99,47
24381477.0,100,42
24381563.0,97,49
24381568.0,104,52
24381602.0,102,45
24381607.0,91,49
24381696.0,98,44
24381718.0,96,49
24381724.0,95,44
24381796.0,103,48
24381803.0,92,49
24381833.0,101,48
24381876.0,102,46
24381892.0,91,49
24381912.0,94,49
24382099.0,92,51
24382242.0,93,50
24382253.0,101,49
24382289.0,100,42
24382329.0,105,65
24382371.0,102,47
24382388.0,98,41
24382413.0,91,49
24382424.0,93,53
24382444.0,99,42
24382445.0,103,46
24382471.0,104,51
24382478.0,94,43
24382481.0,97,48
24382482.0,102,44
24382502.0,99,46
24382519.0,99,45
24382537.0,104,47
24382647.0,93,49
24382720.0,101,48
24382723.0,98,42
24382752.0,92,50
24382772.0,101,45
24382836.0,91,49
24382843.0,104,52
24382899.0,104,46
24382912.0,104,48
24382914.0,104,63
24382940.0,95,51
24382963.0,96,48
24382975.0,103,52
24383005.0,96,47
24383029.0,99,47
24383085.0,96,41
24383226.0,104,45
24383295.0,93,49
24383302.0,104,49
24383351.0,97,44
24383457.0,101,45
24383513.0,102,48
24383538.0,101,68
24383573.0,101,47
24383586.0,97,47
24383596.0,91,49
24383615.0,104,50
24383621.0,102,47
24383626.0,99,46
24383632.0,96,46
24383669.0,96,45
24383686.0,96,44
24383699.0,94,48
24383706.0,104,44
24383709.0,98,45
24383718.0,96,43
24383770.0,99,45
24383815.0,94,49
24383856.0,94,54
24383911.0,101,46
24383918.0,101,43
24383936.0,91,49
24383998.0,95,56
24384035.0,103,50
24384038.0,104,51
24384076.0,102,49
24384107.0,97,41
24384111.0,97,85
24384177.0,104,62
24384186.0,97,46
24384219.0,94,44
24384268.0,99,41
24384307.0,101,49
24384311.0,96,57
24384360.0,97,42
24384361.0,101,42
24384437.0,97,43
24384448.0,91,49
24384475.0,104,53
24384508.0,98,43
24384540.0,104,49
24384547.0,97,58
24384593.0,97,41
24384604.0,94,50
24384620.0,95,50
24384673.0,95,55
24384711.0,92,48
24384733.0,101,44
24384735.0,100,71
24384838.0,104,47
24384887.0,99,60
24384898.0,104,46
24384939.0,98,59
24384950.0,69,63
24384958.0,101,48
24385028.0,104,52
24385036.0,94,55
24385085.0,97,41
24385299.0,110,74
24385314.0,101,42
24385555.0,92,49
24385600.0,103,44
24385603.0,94,49
24385608.0,97,45
24385672.0,97,44
24385675.0,104,48
24385684.0,92,50
24385704.0,100,48
24385720.0,93,51
24385743.0,103,45
24385760.0,104,44
24385793.0,97,41
24385853.0,96,42
24385981.0,104,50
24386041.0,97,57
24386085.0,105,56
24386384.0,105,54
24386399.0,92,43
24386493.0,95,43
24386508.0,101,43
24386513.0,97,41
24386642.0,100,42
24386645.0,105,55
24386672.0,97,43
24386680.0,93,48
24386692.0,99,63
24386734.0,95,43
24386752.0,103,46
24386765.0,105,46
24386791.0,94,49
24386863.0,105,45
24386959.0,98,43
24386960.0,102,47
24386998.0,97,41
24387010.0,99,41
24387023.0,103,47
24387043.0,105,57
24387070.0,103,45
24387099.0,105,53
24387121.0,98,45
24387121.0,97,45
24387169.0,97,48
24387170.0,97,44
24387176.0,102,48
24387216.0,102,43
24387217.0,102,49
24387245.0,99,44
24387261.0,94,53
24387272.0,98,58
24387318.0,96,51
24387350.0,95,43
24387411.0,98,41
24387434.0,105,47
24387475.0,102,44
24387486.0,97,42
24387493.0,105,46
24387543.0,100,45
24387557.0,102,45
24387566.0,103,48
24387568.0,99,42
24387618.0,95,49
24387636.0,97,48
24387643.0,105,44
24387676.0,94,53
24387683.0,105,53
24387695.0,105,45
24387717.0,105,48
24387742.0,97,56
24387746.0,105,52
24387789.0,95,52
24387815.0,102,47
24387823.0,97,46
24387851.0,95,48
24387882.0,95,44
24387940.0,102,46
24387941.0,98,42
24387984.0,97,48
24388114.0,102,42
24388122.0,105,49
24388144.0,93,50
24388188.0,96,47
24388191.0,98,48
24388205.0,105,54
24388421.0,93,51
24388426.0,93,50
24388432.0,95,50
24388671.0,103,49
24388722.0,93,49
24388753.0,105,49
24388912.0,98,44
24388916.0,100,42
24388929.0,98,47
24388931.0,96,50
24389026.0,98,45
24389031.0,105,51
24389056.0,105,50
24389101.0,92,48
24389109.0,94,48
24389114.0,102,42
24389294.0,100,61
24389299.0,103,48
24389407.0,96,56
24389421.0,96,55
24389441.0,92,48
24389442.0,105,49
24389616.0,109,73
24389631.0,95,49
24389686.0,95,54
24389729.0,94,52
24389810.0,104,54
24389826.0,93,53
24389849.0,95,47
24389939.0,55,54
24389964.0,101,42
24389974.0,98,46
24389990.0,97,52
24390050.0,105,51
24390059.0,93,52
24390076.0,105,56
24390166.0,102,49
24390178.0,96,51
24390243.0,101,43
24390282.0,95,55
24390283.0,104,45
24390351.0,105,47
24390362.0,101,48
24390382.0,97,42
24390386.0,104,55
24390418.0,100,49
24390486.0,55,54
24390503.0,100,41
24390511.0,97,51
24390556.0,98,42
24390665.0,98,47
24390737.0,98,48
24390786.0,96,49
24390843.0,103,43
24390862.0,106,47
24390965.0,103,45
24390975.0,106,46
24391024.0,99,41
24391041.0,105,44
24391080.0,103,42
24391121.0,106,45
24391166.0,100,43
24391175.0,105,58
24391195.0,99,62
24391199.0,103,48
24391202.0,98,43
24391237.0,101,41
24391275.0,55,54
24391279.0,96,48
24391296.0,105,59
24391320.0,104,47
24391339.0,94,48
24391340.0,105,50
24391358.0,96,43
24391359.0,103,47
24391386.0,105,48
24391388.0,103,44
24391423.0,102,48
24391458.0,106,48
24391485.0,96,54
24391485.0,93,49
24391524.0,98,45
24391599.0,99,44
24391603.0,99,43
24391609.0,100,42
24391673.0,105,52
24391720.0,93,48
24391744.0,103,46
24391765.0,98,46
24391780.0,95,48
24391814.0,99,42
24391836.0,106,44
24391870.0,101,42
24391905.0,106,47
24391923.0,102,47
24391940.0,95,54
24391967.0,103,47
24391991.0,101,43
24392013.0,94,53
24392065.0,94,45
24392108.0,103,48
24392162.0,93,49
24392168.0,106,45
24392223.0,106,48
24392250.0,94,47
24392315.0,98,49
24392331.0,98,42
24392335.0,103,43
24392464.0,99,47
24392469.0,98,58
24392489.0,104,48
24392566.0,103,49
24392581.0,106,46
24392604.0,99,45
24392629.0,103,42
24392631.0,94,49
24392648.0,103,48
24392652.0,99,59
24392654.0,104,46
24392723.0,99,48
24392774.0,96,48
24392781.0,95,48
24392826.0,105,44
24392918.0,106,49
24392980.0,97,42
24393077.0,105,60
24393086.0,96,55
24393120.0,103,45
24393129.0,94,47
24393167.0,94,50
24393181.0,96,45
24393319.0,106,54
24393465.0,95,53
24393643.0,98,44
24393646.0,94,48
24393656.0,101,48
24393678.0,97,48
24393720.0,99,46
24393750.0,96,44
24393762.0,106,53
24393791.0,104,49
24393826.0,98,47
24393914.0,96,46
24393951.0,95,52
24394023.0,102,42
24394095.0,99,42
24394128.0,107,66
24394130.0,106,55
24394134.0,107,65
24394201.0,101,43
24394203.0,97,50
24394279.0,98,51
24394293.0,102,44
24394348.0,96,47
24394393.0,105,45
24394397.0,106,56
24394410.0,104,43
24394420.0,106,50
24394518.0,106,52
24394537.0,106,44
24394594.0,101,41
24394673.0,84,106
24394698.0,98,52
24394724.0,95,47
24394763.0,106,49
24394810.0,102,47
24394832.0,107,45
24394845.0,104,42
24394860.0,105,46
24394894.0,97,49
24395043.0,100,41
24395045.0,107,46
24395067.0,96,49
24395111.0,109,74
24395183.0,99,48
24395212.0,84,105
24395229.0,105,47
24395296.0,102,48
24395318.0,100,42
24395322.0,106,50
24395375.0,102,42
24395400.0,99,46
24395409.0,106,51
24395411.0,106,48
24395428.0,96,48
24395478.0,92,87
24395496.0,102,44
24395498.0,99,47
24395577.0,105,51
24395601.0,104,42
24395672.0,97,43
24395683.0,104,46
24395705.0,104,45
24395718.0,104,44
24395735.0,99,45
24395765.0,106,54
24395813.0,107,47
24395879.0,107,46
24395898.0,106,57
24395933.0,106,66
24395950.0,98,56
24395960.0,99,46
24396153.0,98,52
24396157.0,107,48
24396169.0,94,47
24396208.0,100,43
24396258.0,97,42
24396274.0,107,44
24396352.0,102,41
24396357.0,95,47
24396403.0,106,51
24396415.0,105,47
24396434.0,104,47
24396529.0,103,42
24396553.0,97,51
24396559.0,104,48
24396614.0,106,44
24396618.0,97,56
24396638.0,106,52
24396703.0,107,45
24396746.0,105,48
24396768.0,97,42
24396792.0,97,48
24396819.0,103,48
24396842.0,96,54
24396909.0,105,64
24396963.0,97,44
24396979.0,62,45
24397020.0,107,48
24397023.0,100,45
24397031.0,95,50
24397050.0,97,45
24397149.0,100,44
24397160.0,92,85
24397192.0,107,47
24397241.0,102,47
24397264.0,61,45
24397274.0,94,48
24397409.0,97,47
24397525.0,100,47
24397528.0,103,42
24397580.0,101,41
24397635.0,98,42
24397639.0,96,48
24397661.0,100,42
24397667.0,105,58
24397677.0,103,43
24397739.0,99,44
24397740.0,102,42
24397762.0,106,56
24397792.0,102,43
24397840.0,104,49
24397847.0,99,43
24397935.0,101,46
24397978.0,103,42
24397993.0,103,44
24398004.0,103,43
24398017.0,106,53
24398089.0,102,46
24398110.0,105,43
24398118.0,95,48
24398190.0,100,46
24398211.0,97,52
24398273.0,105,44
24398283.0,104,43
24398302.0,107,49
24398313.0,106,46
24398321.0,105,57
24398388.0,105,54
24398396.0,106,45
24398461.0,63,46
24398469.0,105,49
24398543.0,106,57
24398569.0,97,49
24398630.0,95,49
24398643.0,96,52
24398676.0,108,45
24398699.0,98,50
24398702.0,108,46
24398736.0,106,55
24398737.0,98,46
24398749.0,99,57
24398750.0,105,63
24398752.0,103,45
24398753.0,105,45
24398791.0,100,43
24398830.0,63,46
24398879.0,107,50
24398901.0,96,47
24398968.0,105,42
24399017.0,105,43
24399147.0,103,45
24399177.0,97,48
24399191.0,105,44
24399220.0,101,42
24399224.0,95,48
24399288.0,100,44
24399306.0,97,46
24399345.0,108,46
24399352.0,105,59
24399394.0,96,53
24399411.0,105,53
24399505.0,98,49
24399555.0,100,47
24399566.0,100,45
24399597.0,106,47
24399601.0,100,42
24399616.0,105,45
24399637.0,95,47
24399645.0,103,44
24399673.0,105,46
24399715.0,105,49
24399781.0,97,50
24399891.0,108,45
24399923.0,95,51
24399940.0,107,44
24399972.0,108,47
24399986.0,100,41
24399997.0,105,47
24400018.0,107,50
24400041.0,104,47
24400079.0,101,43
24400106.0,103,43
24400210.0,108,48
24400273.0,103,41
24400307.0,107,51
24400404.0,104,42
24400445.0,101,41
24400545.0,96,51
24400641.0,105,62
24400649.0,106,52
24400664.0,97,54
24400688.0,107,52
24400712.0,103,48
24400785.0,106,54
24400803.0,108,48
24400806.0,107,54
24400827.0,96,87
24400829.0,97,55
24400840.0,100,46
24400872.0,98,44
24400914.0,103,42
24400945.0,106,48
24400954.0,107,55
24401023.0,105,61
24401071.0,99,51
24401078.0,98,47
24401136.0,106,48
24401137.0,107,45
24401189.0,96,46
24401202.0,97,47
24401215.0,98,50
24401249.0,97,55
24401277.0,101,45
24401298.0,108,46
24401322.0,97,53
24401323.0,107,53
24401361.0,100,59
24401388.0,105,48
24401410.0,98,48
24401457.0,107,49
24401475.0,101,46
24401483.0,104,49
24401519.0,107,66
24401530.0,99,50
24401547.0,105,55
24401569.0,103,45
24401648.0,105,47
24401650.0,106,48
24401664.0,100,47
24401678.0,100,48
24401750.0,98,46
24401769.0,101,42
24401775.0,101,44
24401791.0,100,44
24401851.0,104,43
24401899.0,97,55
24401927.0,107,51
24402051.0,104,41
24402063.0,97,55
24402132.0,101,41
24402137.0,105,49
24402160.0,96,52
24402210.0,108,48
24402222.0,97,48
24402230.0,107,55
24402257.0,98,45
24402269.0,101,47
24402290.0,101,43
24402401.0,107,45
24402431.0,107,46
24402506.0,102,41
24402578.0,108,47
24402596.0,96,81
24402604.0,109,45
24402635.0,108,49
24402653.0,104,44
24402708.0,106,45
24402714.0,95,47
24402748.0,101,48
24402816.0,106,56
24402851.0,96,49
24402858.0,101,41
24402875.0,96,48
24402900.0,104,42
24402916.0,106,44
24402920.0,106,43
24402920.0,109,46
24402979.0,84,104
24402992.0,97,47
24403016.0,102,42
24403041.0,101,42
24403046.0,99,43
24403094.0,102,43
24403117.0,85,104
24403281.0,95,47
24403289.0,107,55
24403320.0,97,46
24403359.0,100,41
24403385.0,107,47
24403483.0,104,45
24403539.0,104,43
24403543.0,109,45
24403553.0,106,49
24403559.0,105,48
24403559.0,106,43
24403578.0,103,46
24403606.0,106,45
24403738.0,104,47
24403768.0,107,53
24403789.0,109,46
24403821.0,106,46
24403838.0,107,46
24403844.0,107,54
24403854.0,101,44
24403868.0,104,44
24403937.0,96,50
24403991.0,103,49
24403994.0,104,46
24403994.0,101,46
24403999.0,98,49
24404019.0,84,105
24404058.0,96,47
24404061.0,99,49
24404081.0,103,48
24404119.0,101,45
24404174.0,109,48
24404243.0,105,49
24404256.0,107,52
24404275.0,99,49
24404299.0,107,56
24404361.0,97,46
24404398.0,105,42
24404476.0,109,47
24404604.0,99,44
24404617.0,107,47
24404672.0,100,42
24404717.0,104,41
24404737.0,106,46
24404887.0,104,45
24404945.0,105,43
24404994.0,98,48
24405016.0,101,47
24405112.0,104,46
24405128.0,99,49
24405142.0,105,41
24405253.0,101,46
24405261.0,109,48
24405267.0,102,44
24405310.0,108,51
24405328.0,106,55
24405329.0,108,45
24405377.0,102,46
24405390.0,102,42
24405400.0,99,49
24405419.0,107,43
24405430.0,108,70
24405464.0,105,43
24405541.0,97,52
24405593.0,106,48
24405610.0,107,48
24405624.0,108,46
24405628.0,99,45
24405647.0,108,49
24405664.0,103,40
24405711.0,82,114
24405743.0,104,48
24405768.0,97,46
24405824.0,98,56
24405862.0,99,48
24405960.0,109,48
24405982.0,102,45
24405989.0,99,86
24406054.0,103,41
24406060.0,105,44
24406111.0,99,56
24406116.0,99,46
24406148.0,106,47
24406154.0,97,51
24406162.0,100,46
24406196.0,105,43
24406265.0,108,51
24406376.0,102,41
24406398.0,106,48
24406404.0,99,47
24406433.0,97,48
24406439.0,97,50
24406449.0,96,46
24406485.0,107,51
24406501.0,102,45
24406520.0,107,44
24406520.0,107,42
24406541.0,97,54
24406574.0,107,43
24406599.0,105,42
24406615.0,109,49
24406657.0,108,46
24406680.0,107,45
24406777.0,102,44
24406823.0,104,44
24406919.0,100,57
24406994.0,105,45
24406996.0,105,43
24407011.0,103,42
24407011.0,100,50
24407020.0,104,43
24407052.0,99,55
24407059.0,108,52
24407123.0,98,46
24407210.0,110,45
24407214.0,102,47
24407223.0,106,42
24407234.0,104,47
24407241.0,100,57
24407250.0,101,48
24407254.0,107,46
24407265.0,101,41
24407273.0,97,51
24407283.0,98,47
24407288.0,104,48
24407300.0,110,47
24407302.0,104,46
24407316.0,107,50
24407327.0,106,57
24407337.0,106,49
24407399.0,105,45
24407435.0,99,50
24407469.0,108,53
24407540.0,107,49
24407595.0,108,47
24407596.0,107,45
24407698.0,103,43
24407704.0,102,43
24407731.0,105,43
24407738.0,98,48
24407741.0,100,51
24407940.0,98,54
24407945.0,99,57
24407949.0,105,45
24407950.0,110,46
24407958.0,39,91
24408060.0,110,47
24408072.0,105,44
24408157.0,107,56
24408200.0,107,47
24408201.0,109,45
24408223.0,108,53
24408226.0,105,41
24408236.0,107,46
24408511.0,106,42
24408585.0,97,47
24408624.0,108,51
24408652.0,109,50
24408666.0,109,49
24408668.0,98,46
24408671.0,102,47
24408678.0,106,43
24408767.0,100,44
24408846.0,110,47
24408850.0,103,41
24408893.0,106,41
24409007.0,107,47
24409008.0,105,45
24409009.0,109,48
24409116.0,105,44
24409132.0,110,48
24409196.0,97,49
24409267.0,103,42
24409274.0,108,52
24409283.0,99,47
24409317.0,100,49
24409321.0,101,42
24409336.0,103,44
24409401.0,100,58
24409418.0,102,46
24409467.0,108,48
24409474.0,97,46
24409488.0,107,49
24409516.0,97,49
24409523.0,105,42
24409550.0,107,55
24409572.0,103,43
24409576.0,108,44
24409616.0,104,41
24409620.0,106,44
24409655.0,97,48
24409661.0,108,50
24409679.0,103,45
24409710.0,106,42
24409712.0,93,84
24409784.0,108,54
24409799.0,99,48
24409813.0,107,54
24409879.0,105,47
24409905.0,104,40
24409930.0,98,85
24409968.0,107,49
24410053.0,100,46
24410055.0,108,42
24410059.0,98,45
24410082.0,97,48
24410102.0,104,41
24410125.0,108,43
24410213.0,54,59
24410246.0,108,47
24410252.0,107,41
24410256.0,108,41
24410261.0,106,41
24410265.0,100,48
24410271.0,109,46
24410297.0,103,46
24410300.0,107,48
24410323.0,104,48
24410377.0,107,53
24410391.0,108,48
24410394.0,107,50
24410405.0,102,44
24410413.0,105,46
24410505.0,107,49
24410514.0,106,45
24410541.0,109,46
24410549.0,110,48
24410551.0,108,44
24410576.0,108,53
24410590.0,103,41
24410625.0,104,42
24410686.0,100,45
24410689.0,100,47
24410696.0,110,49
24410716.0,97,48
24410729.0,106,60
24410732.0,107,49
24410735.0,105,40
24410818.0,107,42
24410820.0,102,47
24410842.0,111,46
24410923.0,109,50
24410961.0,100,46
24410967.0,108,45
24410996.0,108,46
24411075.0,98,78
24411091.0,108,55
24411129.0,105,47
24411130.0,108,54
24411182.0,106,42
24411239.0,104,43
24411248.0,102,72
24411341.0,106,43
24411347.0,100,46
24411353.0,99,46
24411359.0,105,46
24411382.0,91,87
24411405.0,111,47
24411417.0,109,45
24411428.0,109,51
24411456.0,103,44
24411527.0,106,46
24411593.0,109,46
24411608.0,103,47
24411651.0,102,41
24411762.0,110,49
24411798.0,110,45
24411830.0,68,45
24411862.0,111,46
24411895.0,108,49
24411918.0,107,66
24411924.0,107,43
24411996.0,108,52
24412007.0,106,44
24412015.0,109,46
24412043.0,109,47
24412079.0,99,46
24412090.0,104,42
24412240.0,101,43
24412325.0,105,41
24412342.0,104,41
24412453.0,107,48
24412473.0,108,46
24412492.0,109,47
24412566.0,109,46
24412585.0,68,45
24412610.0,101,44
24412615.0,107,49
24412626.0,111,47
24412653.0,98,47
24412672.0,98,45
24412783.0,106,49
24412816.0,106,46
24412843.0,110,50
24412904.0,109,46
24412944.0,108,47
24412976.0,104,44
24412984.0,108,45
24413030.0,107,44
24413031.0,109,44
24413081.0,98,49
24413103.0,97,46
24413116.0,68,45
24413226.0,91,86
24413238.0,106,46
24413290.0,109,48
24413355.0,109,52
24413424.0,103,42
24413437.0,98,48
24413440.0,106,45
24413457.0,107,42
24413509.0,109,51
24413518.0,102,42
24413560.0,104,42
24413590.0,107,44
24413595.0,104,41
24413602.0,105,42
24413656.0,98,50
24413660.0,105,41
24413763.0,109,44
24413837.0,111,48
24413919.0,106,47
24413943.0,108,48
24413944.0,99,45
24413964.0,110,50
24414038.0,100,48
24414115.0,105,41
24414153.0,109,48
24414187.0,99,53
24414191.0,107,50
24414259.0,105,48
24414292.0,108,56
24414294.0,110,46
24414329.0,109,45
24414359.0,107,41
24414446.0,107,45
24414485.0,103,47
24414508.0,99,84
24414519.0,106,46
24414562.0,109,43
24414581.0,108,49
24414591.0,108,53
24414717.0,102,43
24414723.0,109,52
24414746.0,88,85
24414753.0,107,43
24414765.0,101,48
24414796.0,101,49
24414803.0,108,49
24414813.0,98,46
24414818.0,108,42
24414829.0,108,47
24414868.0,109,47
24414878.0,97,49
24414965.0,104,43
24414987.0,104,45
24415009.0,111,49
24415093.0,107,49
24415095.0,104,46
24415132.0,97,49
24415151.0,109,46
24415166.0,106,48
24415169.0,110,47
24415197.0,98,46
24415244.0,105,43
24415305.0,106,47
24415323.0,87,90
24415333.0,88,86
24415356.0,101,45
24415384.0,98,51
24415411.0,107,58
24415479.0,98,45
24415502.0,56,58
24415513.0,103,41
24415635.0,101,47
24415637.0,108,50
24415660.0,108,43
24415664.0,111,49
24415733.0,107,44
24415885.0,101,46
24415907.0,110,51
24415915.0,102,44
24415924.0,101,47
24415933.0,102,45
24415944.0,100,47
24415965.0,109,49
24415973.0,108,48
24415993.0,98,53
24416033.0,99,46
24416060.0,105,84
24416074.0,108,49
24416087.0,107,46
24416094.0,109,46
24416148.0,104,47
24416151.0,106,41
24416151.0,101,46
24416217.0,107,42
24416222.0,104,48
24416267.0,104,44
24416354.0,99,45
24416363.0,108,41
24416410.0,109,47
24416464.0,108,44
24416470.0,105,42
24416566.0,103,45
24416613.0,101,47
24416735.0,101,46
24416795.0,103,42
24416836.0,100,46
24416883.0,110,47
24416947.0,111,46
24416986.0,101,47
24417036.0,109,47
24417074.0,108,42
24417217.0,104,46
24417254.0,107,45
24417298.0,110,50
24417307.0,100,50
24417508.0,110,48
24417682.0,104,45
24417710.0,107,47
24417731.0,109,52
24417752.0,108,45
24417805.0,111,50
24417844.0,91,84
24417874.0,103,48
24417902.0,109,54
24417920.0,100,45
24417959.0,98,46
24417995.0,104,83
24418074.0,109,49
24418110.0,104,41
24418268.0,110,43
24418304.0,110,45
24418352.0,99,49
24418386.0,105,41
24418391.0,105,44
24418417.0,107,46
24418444.0,106,46
24418522.0,108,43
24418541.0,105,45
24418580.0,109,43
24418598.0,109,48
24418657.0,105,43
24418716.0,111,46
24418769.0,105,46
24418773.0,108,45
24418860.0,99,46
24418914.0,111,47
24419043.0,110,48
24419073.0,106,41
24419083.0,107,48
24419097.0,94,61
24419103.0,108,49
24419135.0,107,41
24419160.0,102,46
24419177.0,110,46
24419179.0,100,49
24419197.0,107,43
24419280.0,108,50
24419288.0,101,49
24419320.0,109,53
24419323.0,106,43
24419331.0,107,47
24419336.0,97,48
24419344.0,106,47
24419351.0,99,51
24419352.0,99,54
24419373.0,100,46
24419403.0,108,44
24419411.0,101,46
24419590.0,105,44
24419642.0,99,50
24419720.0,99,56
24419725.0,109,43
24419864.0,109,50
24419923.0,108,46
24419968.0,110,52
24419970.0,102,47
24420017.0,109,54
24420141.0,110,47
24420156.0,109,49
24420209.0,101,47
24420225.0,103,51
24420261.0,111,44
24420325.0,104,42
24420325.0,109,48
24420341.0,104,47
24420357.0,111,51
24420381.0,99,47
24420384.0,98,42
24420389.0,99,45
24420426.0,97,41
24420444.0,109,44
24420460.0,111,50
24420475.0,110,44
24420555.0,106,41
24420573.0,108,57
24420575.0,109,42
24420594.0,105,41
24420621.0,102,49
24420655.0,99,48
24420655.0,104,48
24420657.0,111,43
24420697.0,108,45
24420719.0,110,46
24420723.0,104,42
24420769.0,105,45
24420861.0,97,41
24420882.0,98,42
24420899.0,110,49
24420912.0,110,47
24420967.0,109,43
24420985.0,107,42
24421007.0,100,57
24421011.0,101,46
24421118.0,100,45
24421206.0,107,57
24421217.0,109,50
24421226.0,104,42
24421231.0,104,50
24421242.0,107,47
24421265.0,111,48
24421285.0,109,41
24421303.0,102,50
24421339.0,105,47
24421356.0,111,51
24421358.0,109,49
24421370.0,100,56
24421395.0,110,45
24421401.0,111,45
24421445.0,108,47
24421502.0,104,42
24421528.0,101,45
24421557.0,108,55
24421570.0,108,45
24421591.0,109,56
24421609.0,106,43
24421627.0,110,43
24421692.0,102,50
24421693.0,103,44
24421708.0,106,50
24421757.0,111,47
24421784.0,106,44
24421882.0,107,48
24421958.0,108,44
24421960.0,109,43
24421974.0,99,49
24422009.0,113,48
24422013.0,111,44
24422100.0,109,45
24422111.0,110,48
24422188.0,108,50
24422201.0,108,43
24422321.0,111,47
24422323.0,102,48
24422351.0,107,46
24422405.0,102,50
24422436.0,111,45
24422436.0,108,46
24422456.0,105,48
24422471.0,105,46
24422511.0,91,85
24422525.0,99,50
24422668.0,107,43
24422789.0,106,44
24422803.0,106,45
24423066.0,107,58
24423078.0,103,45
24423081.0,110,52
24423277.0,83,110
24423277.0,109,50
24423284.0,99,51
24423313.0,107,42
24423348.0,108,41
24423536.0,105,47
24423556.0,110,42
24423592.0,110,51
24423632.0,99,51
24423634.0,104,43
24423637.0,110,44
24423715.0,111,46
24423717.0,109,54
24423794.0,108,48
24423871.0,109,46
24423884.0,106,46
24423918.0,109,44
24423942.0,107,41
24423950.0,101,50
24424040.0,112,50
24424268.0,101,48
24424277.0,110,50
24424286.0,105,42
24424288.0,107,49
24424289.0,104,44
24424334.0,103,46
24424349.0,113,49
24424371.0,108,47
24424389.0,110,41
24424408.0,110,49
24424426.0,105,41
24424538.0,109,42
24424550.0,106,45
24424551.0,110,48
24424584.0,109,55
24424596.0,106,41
24424645.0,110,47
24424669.0,107,42
24424703.0,101,46
24424711.0,108,46
24424799.0,106,44
24424826.0,111,49
24424850.0,109,45
24424890.0,111,52
24424942.0,100,45
24424944.0,109,43
24424979.0,107,74
24424989.0,107,75
24425058.0,112,48
24425082.0,110,53
24425122.0,111,49
24425144.0,111,47
24425164.0,108,47
24425335.0,106,47
24425340.0,100,46
24425365.0,110,41
24425447.0,102,48
24425472.0,111,43
24425517.0,110,45
24425552.0,114,48
24425622.0,109,41
24425645.0,112,45
24425674.0,107,43
24425695.0,103,47
24425700.0,105,43
24425764.0,109,56
24425855.0,111,49
24425990.0,109,47
24426042.0,103,49
24426046.0,108,42
24426050.0,101,44
24426065.0,106,46
24426157.0,102,48
24426192.0,111,49
24426242.0,106,62
24426310.0,108,48
24426328.0,102,46
24426337.0,111,48
24426455.0,110,49
24426456.0,105,47
24426480.0,114,47
24426544.0,110,43
24426602.0,108,49
24426685.0,112,51
24426704.0,103,48
24426759.0,110,54
24426774.0,111,49
24426788.0,109,45
24426793.0,109,44
24427150.0,100,47
24427291.0,107,45
24427298.0,106,42
24427317.0,109,46
24427368.0,100,45
24427369.0,111,42
24427376.0,100,53
24427382.0,111,49
24427412.0,105,41
24427498.0,113,50
24427518.0,109,41
24427597.0,107,41
24427645.0,111,44
24427648.0,102,49
24427650.0,113,47
24427697.0,111,50
24427762.0,109,49
24427851.0,110,46
24427880.0,109,48
24427908.0,108,42
24427955.0,102,45
24428068.0,110,44
24428083.0,111,42
24428201.0,108,48
24428239.0,110,41
24428248.0,112,48
24428254.0,114,49
24428340.0,111,48
24428365.0,105,48
24428375.0,105,44
24428402.0,109,42
24428580.0,110,50
24428677.0,111,50
24428702.0,107,46
24428722.0,108,41
24428724.0,100,48
24428840.0,114,47
24428845.0,110,45
24428854.0,106,41
24428859.0,109,46
24429074.0,111,45
24429158.0,107,45
24429202.0,109,47
24429274.0,104,47
24429303.0,104,46
24429351.0,110,41
24429370.0,92,48
24429408.0,113,48
24429477.0,111,43
24429499.0,110,47
24429631.0,108,44
24429651.0,110,51
24429680.0,108,49
24429790.0,109,50
24429819.0,109,43
24429894.0,110,53
24430075.0,111,49
24430077.0,106,43
24430240.0,111,46
24430285.0,109,42
24430304.0,106,46
24430560.0,106,47
24430610.0,112,46
24430648.0,110,44
24430689.0,107,46
24430742.0,109,56
24430754.0,105,45
24430851.0,97,80
24430865.0,107,47
24430927.0,108,44
24430969.0,108,57
24430982.0,110,54
24430994.0,110,46
24431056.0,109,49
24431090.0,110,45
24431115.0,100,50
24431253.0,100,55
24431291.0,101,45
24431368.0,105,43
24431378.0,102,45
24431473.0,109,55
24431510.0,111,46
24431511.0,107,42
24431526.0,110,49
24431526.0,110,48
24431532.0,103,46
24431548.0,101,55
24431571.0,103,50
24431619.0,111,52
24431640.0,111,44
24431641.0,109,43
24431676.0,109,48
24431685.0,108,49
24431755.0,111,50
24431761.0,103,50
24431816.0,103,47
24431975.0,106,44
24432309.0,101,44
24432322.0,104,47
24432324.0,111,49
24432331.0,113,49
24432349.0,113,46
24432388.0,110,42
24432476.0,102,44
24432485.0,107,47
24432490.0,115,49
24432537.0,102,47
24432565.0,104,47
24432843.0,111,53
24432952.0,110,55
24432961.0,109,44
24433017.0,108,44
24433050.0,107,43
24433056.0,103,45
24433069.0,104,49
24433076.0,111,88
24433187.0,108,46
24433210.0,111,50
24433218.0,113,47
24433238.0,105,46
24433276.0,104,47
24433309.0,104,48
24433320.0,109,47
24433487.0,106,48
24433557.0,107,48
24433663.0,110,47
24433757.0,110,51
24433857.0,111,47
24433923.0,114,51
24433976.0,107,48
24434068.0,111,51
24434128.0,103,48
24434136.0,114,48
24434424.0,108,42
24434484.0,114,46
24434544.0,110,46
24434595.0,109,45
24434676.0,108,42
24434708.0,111,46
24434948.0,107,47
24435005.0,109,44
24435162.0,110,43
24435244.0,101,47
24435275.0,115,50
24435292.0,111,42
24435353.0,113,48
24435456.0,111,48
24435481.0,90,87
24435514.0,110,49
24435619.0,112,46
24435725.0,101,48
24435730.0,109,49
24435806.0,110,48
24435957.0,95,82
24435980.0,104,48
24436080.0,111,50
24436171.0,100,86
24436290.0,110,50
24436519.0,113,45
24436525.0,107,44
24436532.0,100,86
24436604.0,107,46
24436664.0,103,45
24436670.0,110,44
24436774.0,107,48
24436828.0,108,43
24436834.0,111,43
24436835.0,111,48
24436908.0,114,49
24436958.0,114,47
24436993.0,111,46
24437102.0,106,46
24437118.0,108,46
24437268.0,112,48
24437269.0,109,48
24437292.0,109,42
24437449.0,111,51
24437465.0,81,114
24437541.0,104,47
24437609.0,113,49
24437611.0,107,59
24437849.0,102,45
24438070.0,102,44
24438108.0,111,47
24438110.0,115,46
24438186.0,110,56
24438187.0,102,46
24438203.0,109,46
24438240.0,92,84
24438331.0,102,44
24438338.0,110,48
24438373.0,103,47
24438383.0,106,46
24438416.0,113,46
24438467.0,110,44
24438494.0,102,46
24438520.0,107,60
24438546.0,109,46
24438684.0,108,48
24438819.0,114,52
24438843.0,110,43
24438862.0,107,45
24438868.0,102,44
24438914.0,113,44
24438915.0,103,44
24439012.0,111,43
24439062.0,114,48
24439098.0,101,53
24439100.0,102,44
24439131.0,104,45
24439166.0,115,51
24439189.0,109,45
24439227.0,113,44
24439262.0,110,47
24439350.0,111,49
24439576.0,108,44
24439585.0,110,45
24439615.0,100,49
24439766.0,104,46
24439827.0,111,42
24439845.0,109,47
24439906.0,106,47
24439951.0,116,50
24440032.0,113,53
24440074.0,100,72
24440279.0,111,48
24440561.0,103,46
24440637.0,110,50
24440663.0,115,47
24440742.0,104,45
24440860.0,101,45
24440870.0,104,47
24440877.0,111,43
24440969.0,108,48
24441002.0,110,42
24441029.0,104,48
24441073.0,110,49
24441093.0,109,47
24441102.0,110,45
24441264.0,111,49
24441588.0,104,49
24441725.0,102,46
24441887.0,111,55
24441939.0,109,43
24442240.0,106,47
24442388.0,114,50
24442430.0,101,45
24442436.0,115,49
24442441.0,110,56
24442495.0,109,56
24442657.0,102,45
24442732.0,108,45
24442735.0,112,48
24442821.0,114,46
24442821.0,114,44
24443004.0,111,48
24443369.0,115,48
24443405.0,100,51
24443409.0,114,49
24443585.0,111,49
24443647.0,106,64
24443686.0,109,44
24443778.0,112,49
24443788.0,110,43
24444018.0,111,42
24444031.0,101,50
24444141.0,103,44
24444263.0,116,49
24444307.0,101,49
24444351.0,109,47
24444399.0,109,57
24444409.0,110,74
24444447.0,116,51
24444460.0,107,63
24444731.0,101,51
24444745.0,116,47
24444752.0,115,50
24444791.0,112,47
24444846.0,107,47
24444868.0,104,48
24444896.0,113,48
24444900.0,107,46
24444929.0,110,47
24444973.0,114,50
24444997.0,111,50
24445020.0,110,50
24445035.0,116,47
24445096.0,112,46
24445255.0,110,46
24445816.0,116,49
24445842.0,110,49
24445859.0,112,44
24445939.0,104,44
24445942.0,115,49
24445972.0,70,55
24446024.0,117,50
24446088.0,113,44
24446177.0,114,47
24446215.0,111,43
24446360.0,111,49
24446529.0,109,45
24446557.0,115,44
24446558.0,115,46
24446612.0,108,46
24446669.0,105,49
24446697.0,112,48
24446712.0,109,48
24446724.0,110,44
24446932.0,112,56
24446993.0,114,43
24447036.0,110,44
24447141.0,103,45
24447272.0,106,48
24447332.0,111,56
24447347.0,105,45
24447431.0,39,124
24447531.0,113,44
24447777.0,116,48
24447928.0,110,44
24447960.0,39,123
24448495.0,103,44
24448831.0,103,48
24448899.0,107,47
24449061.0,95,80
24449159.0,39,123
24449219.0,107,47
24449308.0,106,84
24449337.0,115,47
24449373.0,103,47
24449547.0,105,65
24449796.0,114,46
24449954.0,114,48
24450049.0,116,52
24450241.0,103,45
24450266.0,107,47
24450487.0,110,45
24450510.0,113,48
24450515.0,108,47
24450554.0,116,46
24450569.0,104,46
24450585.0,105,47
24450594.0,107,47
24450602.0,116,50
24450609.0,110,47
24450727.0,103,46
24450739.0,116,49
24450851.0,111,44
24450884.0,114,51
24450955.0,110,45
24450992.0,105,46
24451344.0,106,49
24451405.0,81,56
24451549.0,108,79
24451747.0,81,56
24451764.0,114,47
24451960.0,107,48
24452254.0,117,48
24452384.0,109,45
24452392.0,117,47
24452660.0,113,45
24452867.0,111,46
24452888.0,109,45
24452907.0,108,47
24453076.0,113,46
24453364.0,83,110
24453376.0,110,57
24453584.0,115,46
24453693.0,104,44
24453790.0,112,44
24453932.0,115,44
24453980.0,115,48
24454046.0,110,45
24454414.0,110,49
24454632.0,113,49
24454689.0,111,45
24454706.0,105,45
24454852.0,108,48
24454990.0,105,44
24455050.0,103,46
24455067.0,112,46
24455108.0,110,46
24455119.0,116,47
24455151.0,109,58
24455214.0,109,75
24455594.0,102,49
24455691.0,101,52
24455706.0,114,48
24455796.0,111,48
24455855.0,113,46
24455881.0,109,47
24456072.0,102,49
24456094.0,116,46
24456192.0,115,51
24456718.0,117,50
24456815.0,117,52
24456963.0,103,47
24457047.0,108,48
24457068.0,109,47
24457140.0,114,52
24457393.0,117,49
24457454.0,115,47
24457497.0,109,47
24457733.0,105,44
24458169.0,106,49
24458590.0,106,46
24458676.0,106,45
24458700.0,104,48
24458812.0,116,48
24459222.0,115,49
24459565.0,104,45
24459861.0,114,50
24460131.0,85,84
24460200.0,115,48
24460531.0,114,49
24460801.0,87,87
24460909.0,117,46
24461347.0,117,47
24461433.0,110,47
24461746.0,111,48
24461820.0,116,47
24462253.0,111,49
24462525.0,111,46
24463070.0,116,45
24463105.0,112,45
24464006.0,106,45
24464042.0,104,46
24464108.0,106,47
24464214.0,101,57
24464522.0,118,48
24464736.0,113,44
24464759.0,105,44
24465384.0,105,44
24465416.0,103,72
24465483.0,97,86
24465529.0,102,71
24466028.0,108,76
24466104.0,117,48
24466150.0,115,49
24466443.0,117,47
24466607.0,116,48
24466694.0,108,75
24467041.0,111,49
24467111.0,107,49
24467242.0,113,49
24467285.0,107,77
24467836.0,113,48
24468185.0,86,90
24468505.0,101,56
24468730.0,118,46
24468863.0,116,46
24468948.0,50,37
24469076.0,101,56
24469115.0,108,77
24469561.0,86,89
24470294.0,96,83
24470782.0,110,48
24472403.0,113,45
24472780.0,111,49
24473086.0,104,46
24474282.0,105,49
24474301.0,107,76
24474369.0,105,75
24475849.0,117,48
24475954.0,106,50
24476030.0,115,50
24476609.0,103,73
24476670.0,103,74
24476912.0,105,74
24477026.0,103,72
24477212.0,118,46
24478655.0,104,75
24478882.0,107,67
24478938.0,116,46
24482963.0,96,77
24484884.0,106,77
24485057.0,107,77
24485307.0,97,78
24486102.0,105,76
24490062.0,61,118
24490544.0,62,118
24490568.0,90,82
24490722.0,61,118
24491362.0,62,118
24491477.0,105,74
24491545.0,115,47
24492519.0,61,118
24492592.0,117,52
24492854.0,61,118
24493307.0,117,50
24494341.0,106,48
24494455.0,107,77
24494470.0,105,48
24495030.0,106,63
24495117.0,84,55
24495350.0,105,49
24495924.0,84,55
24496173.0,112,51
24496473.0,102,72
24498174.0,116,47
24498371.0,105,45
24499884.0,115,46
24499964.0,114,47
24500518.0,116,46
24500986.0,114,45
24501199.0,113,50
24501252.0,114,50
24501294.0,112,46
24501330.0,117,46
24502072.0,117,47
24502545.0,118,47
24502628.0,109,76
24502754.0,106,45
24503178.0,117,48
24503185.0,101,51
24503270.0,105,49
24503421.0,115,53
24503424.0,100,57
24503436.0,116,53
24503607.0,101,50
24503647.0,105,49
24503667.0,105,75
24503755.0,101,81
24503910.0,102,50
24503963.0,104,73
24504046.0,110,47
24504725.0,114,46
24504752.0,106,70
24504802.0,117,47
24504988.0,114,47
24505032.0,115,46
24505281.0,117,46
24505341.0,111,48
24505484.0,116,47
24505887.0,111,46
24506303.0,100,58
24506331.0,26,82
24507268.0,26,82
24507900.0,100,54
24508544.0,101,55
24508555.0,101,49
24508649.0,107,49
24508763.0,115,52
24509276.0,107,59
24509294.0,109,47
24509453.0,100,56
24509543.0,104,49
24509584.0,108,48
24509689.0,101,48
24509798.0,100,53
24509845.0,107,59
24510033.0,116,47
24510066.0,116,50
24510075.0,105,50
24510155.0,112,52
24510201.0,114,46
24510253.0,105,46
24510344.0,105,47
24510480.0,101,52
24510521.0,113,46
24510626.0,115,45
24510830.0,109,46
24510983.0,107,48
24511071.0,110,46
24511160.0,109,46
24511544.0,107,64
24511548.0,102,47
24511761.0,116,46
24511812.0,103,45
24511923.0,106,49
24511973.0,100,51
24511981.0,108,47
24512133.0,105,45
24512202.0,107,48
24512272.0,111,45
24512349.0,102,49
24512516.0,108,58
24512731.0,108,58
24512754.0,114,53
24512756.0,105,46
24513218.0,106,65
24513644.0,105,49
24513850.0,115,51
24513984.0,36,105
24514049.0,104,48
24514098.0,116,48
24514522.0,106,64
24514729.0,115,50
24514969.0,110,48
24515103.0,109,56
24515332.0,109,56
24515376.0,110,56
24515624.0,115,46
24515649.0,109,46
24515661.0,116,46
24515696.0,102,80
24515798.0,115,48
24515833.0,117,46
24515857.0,115,51
24515904.0,107,63
24516318.0,102,46
24516391.0,113,46
24516431.0,110,45
24516701.0,101,54
24516817.0,111,44
24516894.0,100,61
24517091.0,107,48
24517576.0,108,49
24517693.0,114,52
24517773.0,100,51
24518400.0,115,45
24518539.0,100,50
24518627.0,111,55
24518707.0,101,60
24518878.0,105,49
24518958.0,115,47
24518994.0,104,49
24519048.0,111,55
24519072.0,106,48
24519495.0,107,47
24519611.0,110,50
24520000.0,115,48
24520054.0,102,46
24520154.0,100,49
24520265.0,112,48
24520279.0,104,46
24520345.0,114,49
24520367.0,103,48
24520413.0,109,45
24520503.0,110,45
24520517.0,109,74
24520721.0,108,46
24520741.0,102,45
24520741.0,84,105
24520897.0,99,54
24521207.0,105,63
24521436.0,100,50
24521538.0,101,47
24521623.0,110,55
24521637.0,99,55
24521705.0,99,52
24521778.0,111,44
24521794.0,114,46
24521813.0,110,50
24522114.0,100,55
24522139.0,100,53
24522250.0,101,49
24522314.0,105,61
24522378.0,111,54
24522400.0,108,57
24522491.0,107,58
24522546.0,114,48
24522631.0,109,45
24523051.0,100,49
24523106.0,106,63
24523217.0,114,45
24523327.0,104,49
24523373.0,111,51
24523514.0,112,51
24523763.0,100,48
24523918.0,108,49
24524060.0,99,56
24524192.0,107,47
24524457.0,108,45
24524475.0,105,48
24524509.0,114,47
24524575.0,99,50
24524642.0,115,51
24524815.0,108,46
24524869.0,99,51
24524955.0,110,44
24525066.0,108,48
24525213.0,111,46
24525275.0,103,48
24525445.0,108,45
24525594.0,103,46
24525601.0,113,52
24525643.0,114,46
24525793.0,101,45
24525829.0,107,46
24525958.0,114,50
24526155.0,111,45
24526176.0,106,47
24526235.0,99,59
24526384.0,110,43
24526430.0,116,50
24526455.0,114,45
24526467.0,69,60
24526542.0,99,50
24526817.0,109,44
24527256.0,100,86
24527264.0,105,60
24527426.0,102,48
24527732.0,103,47
24528307.0,99,53
24528633.0,114,49
24528677.0,108,47
24528827.0,104,48
24528852.0,107,58
24529121.0,108,73
24529213.0,108,56
24529258.0,109,55
24529372.0,108,44
24529466.0,113,48
24529900.0,106,68
24529907.0,98,53
24529938.0,109,49
24530034.0,99,54
24530074.0,99,55
24530156.0,100,56
24530166.0,104,49
24530173.0,108,50
24530324.0,107,72
24530351.0,113,50
24530434.0,105,47
24530541.0,98,54
24530690.0,103,49
24530692.0,105,60
24530736.0,97,78
24530922.0,107,45
24530923.0,113,46
24531000.0,109,45
24531032.0,100,46
24531046.0,102,46
24531146.0,113,47
24531255.0,113,44
24531272.0,112,45
24531439.0,110,51
24531466.0,110,54
24531801.0,98,55
24531872.0,112,52
24532038.0,110,44
24532107.0,99,50
24532165.0,99,56
24532168.0,109,50
24532216.0,99,48
24532231.0,109,43
24532277.0,109,52
24532303.0,111,43
24532351.0,104,48
24532382.0,93,88
24532492.0,98,53
24532500.0,111,48
24532512.0,110,48
24532758.0,110,43
24532798.0,102,47
24532868.0,100,45
24532983.0,99,53
24532989.0,108,43
24533031.0,105,47
24533261.0,111,53
24533446.0,98,51
24533511.0,112,48
24533520.0,109,45
24533589.0,108,50
24533638.0,106,45
24533646.0,107,57
24533714.0,105,46
24533897.0,98,57
24533962.0,101,48
24534098.0,102,46
24534114.0,107,44
24534160.0,109,48
24534193.0,102,49
24534197.0,109,74
24534206.0,100,49
24534246.0,34,110
24534285.0,109,51
24534354.0,100,48
24534364.0,104,47
24534431.0,101,49
24534503.0,108,49
24534540.0,103,48
24534641.0,99,47
24534688.0,113,49
24534754.0,108,49
24534853.0,110,47
24534982.0,113,51
24535413.0,105,59
24535600.0,105,46
24535604.0,108,43
24535690.0,99,49
24535743.0,112,51
24535745.0,101,73
24535829.0,99,48
24535840.0,110,43
24536000.0,98,50
24536079.0,114,50
24536121.0,103,48
24536203.0,98,49
24536291.0,109,48
24536643.0,110,46
24536758.0,110,47
24536866.0,109,43
24536899.0,111,45
24536983.0,98,56
24537221.0,107,43
24537453.0,104,62
24537598.0,110,44
24537672.0,104,47
24537936.0,111,44
24537986.0,109,48
24538299.0,112,46
24538414.0,111,46
24538423.0,111,48
24538564.0,103,48
24538611.0,104,46
24538617.0,110,46
24538633.0,98,49
24538646.0,101,48
24538649.0,110,43
24538713.0,108,55
24538727.0,111,45
24538761.0,99,45
24538827.0,110,45
24538828.0,106,45
24538894.0,111,43
24538915.0,94,82
24539045.0,107,56
24539085.0,101,46
24539308.0,106,44
24539347.0,112,44
24539354.0,100,48
24539385.0,102,49
24539501.0,109,47
24539551.0,105,66
24539579.0,102,62
24539751.0,106,58
24539952.0,112,49
24540036.0,99,52
24540056.0,101,63
24540064.0,100,50
24540170.0,97,54
24540202.0,108,48
24540216.0,98,48
24540271.0,103,47
24540310.0,99,60
24540516.0,99,55
24540579.0,100,49
24540720.0,111,52
24540730.0,108,45
24540732.0,101,50
24540754.0,100,62
24540831.0,109,47
24540965.0,106,43
24540976.0,98,51
24540989.0,109,45
24541013.0,97,51
24541086.0,109,43
24541126.0,107,45
24541205.0,102,48
24541224.0,99,47
24541246.0,114,47
24541396.0,111,48
24541398.0,98,53
24541471.0,109,54
24541611.0,99,59
24541665.0,110,51
24541684.0,105,44
24541720.0,102,57
24541740.0,101,49
24541870.0,110,44
24541997.0,109,46
24542107.0,98,57
24542242.0,111,47
24542397.0,111,51
24542466.0,98,47
24542499.0,110,45
24542518.0,107,70
24542630.0,110,52
24542663.0,106,43
24542725.0,111,47
24542813.0,105,45
24543010.0,98,52
24543016.0,97,52
24543029.0,111,45
24543074.0,107,42
24543114.0,110,43
24543194.0,108,47
24543253.0,108,48
24543288.0,98,46
24543575.0,111,46
24543703.0,109,53
24543716.0,108,43
24543761.0,109,46
24543916.0,111,47
24543919.0,97,53
24544157.0,106,45
24544169.0,106,57
24544176.0,100,46
24544206.0,103,46
24544286.0,97,56
24544407.0,100,47
24544498.0,100,48
24544522.0,107,48
24544736.0,102,48
24544767.0,107,48
24544795.0,106,42
24544952.0,97,49
24545099.0,104,48
24545442.0,108,46
24545449.0,98,60
24545498.0,102,47
24545618.0,112,48
24545628.0,107,42
24545689.0,105,43
24545740.0,111,50
24545923.0,101,49
24545942.0,108,42
24545947.0,105,58
24545993.0,101,48
24546122.0,104,45
24546236.0,100,50
24546251.0,97,48
24546308.0,108,45
24546342.0,106,49
24546368.0,109,44
24546471.0,108,54
24546558.0,104,44
24546603.0,108,47
24546751.0,109,44
24546926.0,99,45
24546937.0,105,46
24547081.0,111,49
24547100.0,109,45
24547180.0,110,47
24547229.0,97,49
24547354.0,107,47
24547436.0,99,49
24547480.0,99,48
24547513.0,107,48
24547518.0,101,48
24547525.0,97,47
24547532.0,105,48
24547550.0,105,46
24547664.0,110,51
24547684.0,108,53
24547689.0,107,49
24547703.0,111,46
24547781.0,109,46
24547907.0,106,50
24548237.0,109,53
24548365.0,105,46
24548414.0,111,46
24548423.0,111,48
24548431.0,104,47
24548479.0,110,45
24548519.0,96,52
24548581.0,108,46
24548592.0,106,57
24548613.0,61,83
24548732.0,107,48
24548736.0,96,53
24548740.0,103,45
24548755.0,102,47
24548819.0,111,46
24548832.0,108,50
24548872.0,105,45
24548904.0,109,43
24548912.0,110,46
24548999.0,104,43
24549103.0,99,47
24549214.0,111,49
24549252.0,108,51
24549279.0,107,42
24549294.0,107,55
24549316.0,99,45
24549441.0,96,55
24549464.0,106,49
24549473.0,111,49
24549530.0,106,48
24549556.0,110,45
24549558.0,106,43
24549569.0,97,54
24549670.0,109,52
24549730.0,103,44
24549777.0,108,44
24549823.0,105,43
24549912.0,106,42
24549915.0,106,56
24550095.0,105,45
24550122.0,97,46
24550230.0,96,51
24550286.0,107,47
24550286.0,107,54
24550374.0,107,46
24550507.0,110,51
24550547.0,97,57
24550553.0,105,64
24550618.0,104,65
24550805.0,108,53
24550864.0,109,44
24550938.0,96,50
24550951.0,108,50
24550991.0,106,43
24550999.0,99,47
24551022.0,110,50
24551039.0,99,48
24551049.0,89,87
24551067.0,108,42
24551126.0,109,47
24551147.0,109,52
24551187.0,107,42
24551193.0,108,45
24551224.0,106,47
24551268.0,108,43
24551300.0,111,48
24551394.0,107,45
24551457.0,100,49
24551531.0,109,52
24551625.0,98,45
24551908.0,105,57
24552015.0,96,49
24552111.0,105,43
24552384.0,97,45
24552405.0,107,54
24552445.0,106,55
24552615.0,107,50
24552620.0,108,49
24552672.0,99,50
24552718.0,104,42
24552729.0,96,48
24552763.0,109,46
24552830.0,107,46
24552863.0,103,63
24552943.0,104,48
24553002.0,97,46
24553056.0,109,47
24553084.0,100,48
24553106.0,108,44
24553259.0,110,49
24553342.0,101,47
24553462.0,97,56
24553471.0,104,47
24553523.0,98,49
24553541.0,106,42
24553557.0,105,42
24553564.0,96,53
24553578.0,101,46
24553598.0,109,45
24553624.0,96,47
24553634.0,96,46
24553720.0,108,45
24553738.0,98,46
24553855.0,107,49
24553876.0,103,47
24553990.0,109,47
24554039.0,108,49
24554239.0,98,50
24554257.0,105,48
24554359.0,97,52
24554376.0,105,49
24554390.0,106,46
24554571.0,104,67
24554618.0,109,45
24554632.0,108,52
24554652.0,104,63
24554664.0,110,47
24554666.0,107,44
24554706.0,103,48
24554860.0,96,56
24554900.0,108,48
24554912.0,110,48
24554943.0,107,45
24555000.0,98,47
24555021.0,109,45
24555095.0,99,49
24555184.0,100,47
24555197.0,97,45
24555207.0,103,46
24555347.0,98,48
24555391.0,100,48
24555429.0,96,46
24555449.0,109,51
24555469.0,56,55
24555474.0,106,45
24555494.0,109,45
24555504.0,106,48
24555513.0,107,42
24555518.0,109,48
24555522.0,103,62
24555632.0,107,43
24555639.0,96,47
24555650.0,106,47
24555737.0,96,45
24555867.0,103,47
24555884.0,108,47
24555925.0,95,55
24556012.0,105,58
24556018.0,107,53
24556117.0,96,49
24556200.0,96,54
24556207.0,103,63
24556213.0,104,58
24556254.0,95,50
24556350.0,110,49
24556375.0,95,51
24556428.0,102,48
24556450.0,108,48
24556501.0,103,63
24556511.0,98,50
24556567.0,110,49
24556585.0,97,45
24556590.0,95,52
24556631.0,105,47
24556643.0,95,54
24556715.0,104,49
24556763.0,109,50
24556786.0,97,89
24556808.0,103,43
24556841.0,99,48
24556848.0,104,59
24556882.0,103,60
24556892.0,104,68
24557129.0,102,43
24557132.0,108,52
24557174.0,95,53
24557191.0,103,59
24557209.0,105,68
24557249.0,100,49
24557277.0,107,44
24557279.0,103,45
24557363.0,107,53
24557379.0,104,43
24557384.0,104,42
24557411.0,101,45
24557444.0,97,46
24557465.0,100,47
24557481.0,106,46
24557579.0,95,49
24557613.0,105,51
24557618.0,99,49
24557666.0,102,47
24557670.0,108,46
24557681.0,106,44
24557698.0,100,46
24557743.0,95,48
24557747.0,106,50
24557894.0,108,51
24557902.0,105,51
24557971.0,108,47
24558001.0,95,55
24558258.0,105,43
24558477.0,103,42
24558493.0,102,42
24558499.0,104,48
24558531.0,95,51
24558631.0,105,46
24558810.0,98,50
24558840.0,108,44
24558976.0,104,43
24559059.0,97,73
24559090.0,107,48
24559144.0,101,44
24559153.0,108,47
24559184.0,107,46
24559198.0,103,49
24559300.0,95,50
24559306.0,95,47
24559422.0,106,42
24559441.0,97,49
24559474.0,96,51
24559478.0,97,47
24559504.0,108,45
24559512.0,95,46
24559535.0,107,50
24559570.0,96,57
24559578.0,108,51
24559582.0,96,52
24559602.0,109,47
24559610.0,98,63
24559615.0,105,48
24559648.0,105,47
24559693.0,104,49
24559754.0,97,51
24559783.0,106,43
24559796.0,96,58
24559834.0,106,54
24559863.0,106,45
24559880.0,109,48
24559892.0,97,61
24560004.0,99,48
24560010.0,104,47
24560073.0,105,57
24560120.0,105,45
24560177.0,99,64
24560181.0,100,45
24560248.0,104,42
24560266.0,103,46
24560268.0,99,63
24560278.0,102,42
24560346.0,96,45
24560656.0,102,47
24560719.0,100,63
24560721.0,98,49
24560786.0,97,48
24560789.0,106,49
24560807.0,95,48
24560844.0,108,73
24560862.0,104,48
24560887.0,106,44
24560896.0,95,47
24560897.0,97,50
24560932.0,103,42
24560948.0,107,52
24560958.0,102,48
24561088.0,109,52
24561148.0,105,50
24561163.0,101,48
24561245.0,99,47
24561284.0,95,56
24561289.0,108,50
24561404.0,95,53
24561498.0,94,48
24561524.0,94,52
24561701.0,105,55
24561718.0,105,44
24561786.0,101,43
24561915.0,99,46
24561956.0,106,46
24561961.0,103,42
24561975.0,105,46
24561981.0,97,55
24562008.0,107,44
24562061.0,107,46
24562086.0,94,51
24562124.0,107,48
24562151.0,104,47
24562183.0,95,54
24562308.0,106,50
24562358.0,96,46
24562376.0,105,50
24562419.0,95,49
24562432.0,105,56
24562444.0,100,44
24562510.0,101,48
24562521.0,105,54
24562551.0,94,53
24562574.0,101,47
24562639.0,106,55
24562686.0,105,43
24562832.0,94,55
24562874.0,102,44
24562895.0,104,57
24562912.0,105,56
24562941.0,94,54
24562953.0,96,59
24562983.0,103,45
24563051.0,104,48
24563085.0,108,48
24563161.0,104,51
24563235.0,105,45
24563291.0,107,47
24563310.0,95,52
24563315.0,104,46
24563352.0,104,42
24563363.0,97,51
24563425.0,94,50
24563503.0,105,56
24563513.0,107,49
24563517.0,101,46
24563530.0,96,47
24563607.0,106,44
24563622.0,94,51
24563667.0,101,42
24563672.0,104,47
24563773.0,94,49
24563817.0,103,42
24563847.0,107,45
24563912.0,96,49
24563965.0,106,48
24563988.0,104,56
24564090.0,94,52
24564137.0,107,71
24564175.0,107,47
24564184.0,103,48
24564196.0,105,42
24564305.0,105,44
24564336.0,106,53
24564381.0,94,48
24564383.0,94,47
24564446.0,96,50
24564505.0,108,50
24564554.0,108,49
24564605.0,108,48
24564644.0,108,72
24564651.0,103,62
24564922.0,104,45
24564940.0,102,43
24564949.0,98,47
24565010.0,106,47
24565036.0,96,51
24565044.0,106,49
24565108.0,105,53
24565142.0,102,44
24565161.0,108,47
24565181.0,108,71
24565186.0,103,63
24565187.0,105,54
24565295.0,70,56
24565318.0,103,47
24565390.0,94,50
24565396.0,103,64
24565436.0,104,44
24565568.0,103,49
24565603.0,106,52
24565625.0,104,50
24565704.0,94,46
24565744.0,71,57
24565793.0,106,46
24565825.0,105,49
24565846.0,106,48
24565965.0,102,42
24565971.0,105,44
24566069.0,95,46
24566072.0,99,44
24566087.0,106,46
24566121.0,104,46
24566222.0,71,57
24566236.0,100,43
24566266.0,101,42
24566268.0,94,56
24566279.0,97,49
24566325.0,102,49
24566379.0,101,47
24566494.0,106,44
24566601.0,96,48
24566648.0,102,42
24566658.0,106,46
24566667.0,101,48
24566676.0,102,43
24566684.0,101,45
24566729.0,103,42
24566811.0,105,50
24566889.0,71,57
24566900.0,98,46
24566932.0,107,50
24566933.0,104,43
24566942.0,107,52
24566956.0,104,42
24566973.0,97,50
24566974.0,103,65
24566985.0,105,56
24567077.0,93,57
24567106.0,103,51
24567139.0,93,51
24567162.0,105,45
24567173.0,104,45
24567218.0,107,47
24567260.0,104,51
24567285.0,102,61
24567294.0,93,50
24567450.0,105,44
24567468.0,101,74
24567503.0,94,54
24567526.0,102,62
24567534.0,100,42
24567539.0,93,57
24567563.0,98,57
24567594.0,99,57
24567599.0,106,45
24567637.0,106,47
24567711.0,96,49
24567747.0,94,51
24567859.0,100,47
24567861.0,94,53
24567900.0,104,55
24567931.0,103,46
24567949.0,103,45
24567956.0,94,57
24568142.0,106,52
24568187.0,95,47
24568278.0,105,48
24568322.0,93,52
24568343.0,100,48
24568355.0,102,42
24568485.0,93,46
24568532.0,93,49
24568605.0,94,48
24568638.0,93,51
24568762.0,106,44
24568834.0,103,44
24568839.0,102,48
24568850.0,103,66
24568913.0,107,49
24568965.0,105,53
24569029.0,100,47
24569044.0,101,46
24569092.0,104,44
24569103.0,97,49
24569157.0,97,48
24569177.0,105,49
24569210.0,98,48
24569226.0,99,73
24569257.0,98,47
24569280.0,106,47
24569306.0,101,42
24569311.0,107,47
24569315.0,93,46
24569328.0,106,51
24569421.0,100,46
24569478.0,95,49
24569501.0,102,47
24569513.0,101,45
24569624.0,95,58
24569677.0,93,48
24569802.0,93,57
24569807.0,93,47
24569817.0,102,49
24569972.0,94,46
24570053.0,104,54
24570069.0,105,47
24570078.0,95,48
24570103.0,97,47
24570143.0,99,49
24570231.0,93,50
24570296.0,93,54
24570298.0,96,59
24570307.0,100,71
24570312.0,103,46
24570334.0,104,49
24570412.0,99,49
24570486.0,99,43
24570503.0,99,48
24570529.0,102,42
24570556.0,106,46
24570562.0,106,76
24570595.0,95,50
24570747.0,95,47
24570810.0,103,58
24570817.0,93,49
24570827.0,101,49
24570847.0,105,44
24570928.0,103,50
24570956.0,102,63
24570998.0,107,48
24571000.0,96,58
24571001.0,95,50
24571004.0,103,42
24571032.0,96,51
24571036.0,105,45
24571044.0,99,49
24571055.0,107,49
24571072.0,97,46
24571087.0,107,47
24571127.0,108,48
24571183.0,96,49
24571296.0,105,48
24571420.0,103,42
24571523.0,95,52
24571528.0,95,50
24571712.0,104,66
24571739.0,101,42
24571752.0,93,51
24571760.0,105,47
24571766.0,108,48
24571798.0,103,43
24571865.0,95,51
24571953.0,97,57
24571955.0,95,83
24571956.0,93,53
24571986.0,102,48
24572030.0,104,57
24572089.0,98,43
24572120.0,103,47
24572142.0,96,60
24572147.0,95,60
24572157.0,99,47
24572158.0,95,59
24572172.0,95,50
24572215.0,93,56
24572223.0,98,50
24572227.0,103,43
24572232.0,94,57
24572254.0,81,114
24572308.0,102,46
24572315.0,103,57
24572318.0,96,50
24572328.0,95,57
24572414.0,97,57
24572415.0,103,64
24572458.0,96,57
24572476.0,108,48
24572611.0,100,46
24572618.0,96,82
24572624.0,105,51
24572625.0,95,56
24572631.0,96,48
24572643.0,102,44
24572647.0,95,48
24572653.0,98,44
24572683.0,102,46
24572698.0,100,42
24572700.0,95,55
24572723.0,108,48
24572736.0,103,42
24572745.0,93,46
24572754.0,97,45
24572765.0,94,47
24572810.0,99,42
24572811.0,102,45
24572842.0,101,48
24572845.0,99,46
24572904.0,69,46
24572908.0,103,56
24572910.0,106,50
24572951.0,93,55
24572989.0,99,50
24573004.0,103,43
24573008.0,99,48
24573016.0,92,48
24573091.0,95,48
24573203.0,100,43
24573214.0,92,47
24573229.0,105,46
24573343.0,101,47
24573477.0,96,81
24573487.0,106,49
24573493.0,105,49
24573503.0,96,49
24573509.0,92,50
24573537.0,93,52
24573576.0,106,51
24573624.0,107,51
24573633.0,103,43
24573674.0,96,48
24573676.0,100,73
24573688.0,96,56
24573697.0,67,79
24573798.0,94,48
24573822.0,92,48
24573826.0,95,51
24573926.0,62,47
24573999.0,105,47
24574085.0,104,48
24574106.0,100,47
24574117.0,107,51
24574119.0,96,47
24574138.0,102,75
24574185.0,92,49
24574199.0,102,58
24574329.0,102,63
24574339.0,104,53
24574342.0,100,43
24574394.0,101,42
24574394.0,103,75
24574470.0,104,47
24574472.0,92,51
24574475.0,98,42
24574508.0,101,43
24574536.0,99,45
24574604.0,106,47
24574611.0,104,49
24574633.0,92,53
24574705.0,105,46
24574925.0,103,44
24574937.0,96,47
24574969.0,102,45
24575039.0,102,42
24575091.0,105,51
24575111.0,102,43
24575150.0,101,47
24575196.0,103,55
24575307.0,92,52
24575363.0,95,50
24575395.0,95,52
24575468.0,106,48
24575469.0,99,59
24575558.0,99,44
24575579.0,99,46
24575618.0,94,50
24575630.0,104,48
24575633.0,100,42
24575652.0,93,47
24575735.0,92,47
24575802.0,106,47
24575802.0,94,51
24575817.0,104,44
24575858.0,99,45
24575875.0,95,51
24575881.0,97,45
24575940.0,99,44
24575958.0,104,46
24575973.0,99,47
24576004.0,94,49
24576097.0,98,47
24576105.0,101,46
24576423.0,93,57
24576427.0,92,54
24576429.0,97,57
24576431.0,100,49
24576455.0,93,56
24576534.0,97,59
24576597.0,101,46
24576739.0,101,45
24576761.0,97,43
24576787.0,103,54
24576800.0,99,42
24576803.0,104,52
24576806.0,96,45
24576808.0,104,47
24576890.0,93,47
24576891.0,92,55
24576902.0,105,50
24576983.0,101,48
24576989.0,98,46
24577039.0,101,44
24577043.0,99,44
24577050.0,91,47
24577085.0,99,42
24577134.0,54,57
24577135.0,98,48
24577257.0,101,47
24577425.0,101,45
24577490.0,91,48
24577609.0,102,58
24577625.0,102,44
24577732.0,103,48
24577878.0,92,50
24577893.0,100,42
24577910.0,101,62
24577955.0,91,47
24577962.0,102,45
24578127.0,95,48
24578138.0,98,47
24578187.0,91,48
24578215.0,99,42
24578276.0,93,48
24578306.0,103,47
24578343.0,101,42
24578496.0,100,47
